<?xml version="1.0" encoding="UTF-8"?>
<gpx version="1.1" creator="HealthSync iOS"
     xmlns="http://www.topografix.com/GPX/1/1"
     xmlns:gpxtpx="http://www.garmin.com/xmlschemas/TrackPointExtension/v1"
     xmlns:xsi="http://www.w3.org/2001/XMLSchema-instance"
     xsi:schemaLocation="http://www.topografix.com/GPX/1/1 http://www.topografix.com/GPX/1/1/gpx.xsd http://www.garmin.com/xmlschemas/TrackPointExtension/v1 http://www.garmin.com/xmlschemas/TrackPointExtensionv1.xsd">
  <trk>
    <name>Activity 2026/8/1, 22:25</name>
    <type>cycling</type>
    <trkseg>
      <trkpt lat="40.071140660389425" lon="116.34879084266709">
        <ele>43.6</ele>
        <time>2026-08-01T14:25:50.441Z</time>
        <extensions>
          <gpxtpx:TrackPointExtension>
            <gpxtpx:hr>112</gpxtpx:hr>
          </gpxtpx:TrackPointExtension>
        </extensions>
      </trkpt>
      <trkpt lat="40.0711406261908" lon="116.34879087897377">
        <ele>43.4</ele>
        <time>2026-08-01T14:25:51.076Z</time>
        <extensions>
          <gpxtpx:TrackPointExtension>
            <gpxtpx:hr>112</gpxtpx:hr>
          </gpxtpx:TrackPointExtension>
        </extensions>
      </trkpt>
      <trkpt lat="40.0711406367864" lon="116.34879085500614">
        <ele>43.1</ele>
        <time>2026-08-01T14:25:52.076Z</time>
        <extensions>
          <gpxtpx:TrackPointExtension>
            <gpxtpx:hr>112</gpxtpx:hr>
          </gpxtpx:TrackPointExtension>
        </extensions>
      </trkpt>
      <trkpt lat="40.07114084043798" lon="116.34879057990355">
        <ele>42.8</ele>
        <time>2026-08-01T14:25:52.953Z</time>
        <extensions>
          <gpxtpx:TrackPointExtension>
            <gpxtpx:hr>112</gpxtpx:hr>
          </gpxtpx:TrackPointExtension>
        </extensions>
      </trkpt>
      <trkpt lat="40.071141419816755" lon="116.34878981399758">
        <ele>42.4</ele>
        <time>2026-08-01T14:25:53.956Z</time>
        <extensions>
          <gpxtpx:TrackPointExtension>
            <gpxtpx:hr>112</gpxtpx:hr>
          </gpxtpx:TrackPointExtension>
        </extensions>
      </trkpt>
      <trkpt lat="40.07114228433633" lon="116.34878869204422">
        <ele>42.1</ele>
        <time>2026-08-01T14:25:54.959Z</time>
        <extensions>
          <gpxtpx:TrackPointExtension>
            <gpxtpx:hr>112</gpxtpx:hr>
          </gpxtpx:TrackPointExtension>
        </extensions>
      </trkpt>
      <trkpt lat="40.07114328316883" lon="116.34878742509113">
        <ele>41.8</ele>
        <time>2026-08-01T14:25:55.962Z</time>
        <extensions>
          <gpxtpx:TrackPointExtension>
            <gpxtpx:hr>112</gpxtpx:hr>
          </gpxtpx:TrackPointExtension>
        </extensions>
      </trkpt>
      <trkpt lat="40.0711442413656" lon="116.34878624621335">
        <ele>41.6</ele>
        <time>2026-08-01T14:25:56.964Z</time>
        <extensions>
          <gpxtpx:TrackPointExtension>
            <gpxtpx:hr>112</gpxtpx:hr>
          </gpxtpx:TrackPointExtension>
        </extensions>
      </trkpt>
      <trkpt lat="40.07114511863148" lon="116.34878521199919">
        <ele>41.4</ele>
        <time>2026-08-01T14:25:57.967Z</time>
        <extensions>
          <gpxtpx:TrackPointExtension>
            <gpxtpx:hr>112</gpxtpx:hr>
          </gpxtpx:TrackPointExtension>
        </extensions>
      </trkpt>
      <trkpt lat="40.07114600114598" lon="116.34878422221784">
        <ele>41.3</ele>
        <time>2026-08-01T14:25:58.969Z</time>
        <extensions>
          <gpxtpx:TrackPointExtension>
            <gpxtpx:hr>112</gpxtpx:hr>
          </gpxtpx:TrackPointExtension>
        </extensions>
      </trkpt>
      <trkpt lat="40.07114692343923" lon="116.34878324405241">
        <ele>41.3</ele>
        <time>2026-08-01T14:25:59.971Z</time>
        <extensions>
          <gpxtpx:TrackPointExtension>
            <gpxtpx:hr>112</gpxtpx:hr>
          </gpxtpx:TrackPointExtension>
        </extensions>
      </trkpt>
      <trkpt lat="40.07114788296557" lon="116.34878228816608">
        <ele>41.2</ele>
        <time>2026-08-01T14:26:00.973Z</time>
        <extensions>
          <gpxtpx:TrackPointExtension>
            <gpxtpx:hr>112</gpxtpx:hr>
          </gpxtpx:TrackPointExtension>
        </extensions>
      </trkpt>
      <trkpt lat="40.07114886568031" lon="116.34878137436468">
        <ele>41.2</ele>
        <time>2026-08-01T14:26:01.975Z</time>
      </trkpt>
      <trkpt lat="40.07114988600377" lon="116.34878049371335">
        <ele>41.2</ele>
        <time>2026-08-01T14:26:02.977Z</time>
      </trkpt>
      <trkpt lat="40.071150980785774" lon="116.34877961855248">
        <ele>41.2</ele>
        <time>2026-08-01T14:26:03.978Z</time>
      </trkpt>
      <trkpt lat="40.07115213893808" lon="116.3487787586374">
        <ele>41.2</ele>
        <time>2026-08-01T14:26:04.980Z</time>
      </trkpt>
      <trkpt lat="40.071153315072905" lon="116.3487779484387">
        <ele>41.2</ele>
        <time>2026-08-01T14:26:05.981Z</time>
      </trkpt>
      <trkpt lat="40.07115446275682" lon="116.34877721332714">
        <ele>41.2</ele>
        <time>2026-08-01T14:26:06.982Z</time>
      </trkpt>
      <trkpt lat="40.071155545202075" lon="116.3487765639262">
        <ele>41.2</ele>
        <time>2026-08-01T14:26:07.984Z</time>
      </trkpt>
      <trkpt lat="40.07115657472538" lon="116.34877597716073">
        <ele>41.1</ele>
        <time>2026-08-01T14:26:08.985Z</time>
      </trkpt>
      <trkpt lat="40.07115757973842" lon="116.34877541876955">
        <ele>41.1</ele>
        <time>2026-08-01T14:26:09.986Z</time>
      </trkpt>
      <trkpt lat="40.07115858092751" lon="116.3487748498225">
        <ele>41.1</ele>
        <time>2026-08-01T14:26:10.987Z</time>
      </trkpt>
      <trkpt lat="40.07115961492416" lon="116.3487741933319">
        <ele>41.1</ele>
        <time>2026-08-01T14:26:11.988Z</time>
      </trkpt>
      <trkpt lat="40.07116075749387" lon="116.34877328790607">
        <ele>41.1</ele>
        <time>2026-08-01T14:26:12.989Z</time>
      </trkpt>
      <trkpt lat="40.071162049160776" lon="116.34877190119329">
        <ele>41.1</ele>
        <time>2026-08-01T14:26:13.989Z</time>
      </trkpt>
      <trkpt lat="40.0711633827006" lon="116.34876981807058">
        <ele>41.1</ele>
        <time>2026-08-01T14:26:14.990Z</time>
      </trkpt>
      <trkpt lat="40.07116451831093" lon="116.3487669264384">
        <ele>41.1</ele>
        <time>2026-08-01T14:26:15.991Z</time>
      </trkpt>
      <trkpt lat="40.071165163124725" lon="116.34876318216648">
        <ele>41.1</ele>
        <time>2026-08-01T14:26:16.992Z</time>
      </trkpt>
      <trkpt lat="40.07116503243445" lon="116.34875853064534">
        <ele>41.1</ele>
        <time>2026-08-01T14:26:17.992Z</time>
      </trkpt>
      <trkpt lat="40.07116384309329" lon="116.34875291146689">
        <ele>41.1</ele>
        <time>2026-08-01T14:26:18.993Z</time>
      </trkpt>
      <trkpt lat="40.07116131196315" lon="116.34874626591164">
        <ele>41.1</ele>
        <time>2026-08-01T14:26:19.993Z</time>
      </trkpt>
      <trkpt lat="40.07115715571803" lon="116.34873854138839">
        <ele>41.1</ele>
        <time>2026-08-01T14:26:20.994Z</time>
      </trkpt>
      <trkpt lat="40.071151104438506" lon="116.3487297038633">
        <ele>41.1</ele>
        <time>2026-08-01T14:26:21.994Z</time>
      </trkpt>
      <trkpt lat="40.071142502040786" lon="116.34871923363784">
        <ele>41.1</ele>
        <time>2026-08-01T14:26:22.995Z</time>
      </trkpt>
      <trkpt lat="40.071130360042645" lon="116.34870625244275">
        <ele>41.1</ele>
        <time>2026-08-01T14:26:23.995Z</time>
      </trkpt>
      <trkpt lat="40.07111478965817" lon="116.3486903936475">
        <ele>41.1</ele>
        <time>2026-08-01T14:26:24.996Z</time>
      </trkpt>
      <trkpt lat="40.07109661340822" lon="116.3486718913611">
        <ele>41.1</ele>
        <time>2026-08-01T14:26:25.996Z</time>
      </trkpt>
      <trkpt lat="40.071076662997115" lon="116.34865096300042">
        <ele>41.2</ele>
        <time>2026-08-01T14:26:26.996Z</time>
      </trkpt>
      <trkpt lat="40.07105590585566" lon="116.34862760711776">
        <ele>41.2</ele>
        <time>2026-08-01T14:26:27.997Z</time>
      </trkpt>
      <trkpt lat="40.07103529545036" lon="116.34860198400565">
        <ele>41.2</ele>
        <time>2026-08-01T14:26:28.997Z</time>
      </trkpt>
      <trkpt lat="40.0710155294234" lon="116.34857491696494">
        <ele>41.3</ele>
        <time>2026-08-01T14:26:29.997Z</time>
      </trkpt>
      <trkpt lat="40.070996651242666" lon="116.3485474350627">
        <ele>41.3</ele>
        <time>2026-08-01T14:26:30.998Z</time>
      </trkpt>
      <trkpt lat="40.07097838918463" lon="116.34851999930225">
        <ele>41.3</ele>
        <time>2026-08-01T14:26:31.998Z</time>
      </trkpt>
      <trkpt lat="40.07096012665132" lon="116.34849238403656">
        <ele>41.3</ele>
        <time>2026-08-01T14:26:32.998Z</time>
      </trkpt>
      <trkpt lat="40.07094130602389" lon="116.34846431960722">
        <ele>41.3</ele>
        <time>2026-08-01T14:26:33.998Z</time>
      </trkpt>
      <trkpt lat="40.07092144234917" lon="116.34843682807926">
        <ele>41.3</ele>
        <time>2026-08-01T14:26:34.999Z</time>
      </trkpt>
      <trkpt lat="40.070900196422286" lon="116.3484116439353">
        <ele>41.2</ele>
        <time>2026-08-01T14:26:35.999Z</time>
      </trkpt>
      <trkpt lat="40.0708780365481" lon="116.34839024106728">
        <ele>41.2</ele>
        <time>2026-08-01T14:26:36.999Z</time>
      </trkpt>
      <trkpt lat="40.070855823522855" lon="116.34837312408872">
        <ele>41.2</ele>
        <time>2026-08-01T14:26:37.999Z</time>
      </trkpt>
      <trkpt lat="40.07083358336173" lon="116.34835967313109">
        <ele>41.2</ele>
        <time>2026-08-01T14:26:38.999Z</time>
      </trkpt>
      <trkpt lat="40.07081056374489" lon="116.34834923340735">
        <ele>41.2</ele>
        <time>2026-08-01T14:26:39.999Z</time>
      </trkpt>
      <trkpt lat="40.070786305311614" lon="116.34834146913667">
        <ele>41.2</ele>
        <time>2026-08-01T14:26:41.000Z</time>
      </trkpt>
      <trkpt lat="40.070760876553436" lon="116.34833607537001">
        <ele>41.1</ele>
        <time>2026-08-01T14:26:42.000Z</time>
      </trkpt>
      <trkpt lat="40.07073445370211" lon="116.34833248553346">
        <ele>41.1</ele>
        <time>2026-08-01T14:26:43.000Z</time>
      </trkpt>
      <trkpt lat="40.07070687018728" lon="116.34833066077736">
        <ele>41.1</ele>
        <time>2026-08-01T14:26:44.000Z</time>
      </trkpt>
      <trkpt lat="40.07067794302893" lon="116.34833087837885">
        <ele>41.1</ele>
        <time>2026-08-01T14:26:45.000Z</time>
      </trkpt>
      <trkpt lat="40.07064774052786" lon="116.34833288863467">
        <ele>41.1</ele>
        <time>2026-08-01T14:26:46.000Z</time>
      </trkpt>
      <trkpt lat="40.070616324843" lon="116.34833636049272">
        <ele>41.1</ele>
        <time>2026-08-01T14:26:47.000Z</time>
      </trkpt>
      <trkpt lat="40.070583837113524" lon="116.34834108912453">
        <ele>41.1</ele>
        <time>2026-08-01T14:26:48.000Z</time>
      </trkpt>
      <trkpt lat="40.07055053090259" lon="116.34834673051945">
        <ele>41.1</ele>
        <time>2026-08-01T14:26:49.001Z</time>
      </trkpt>
      <trkpt lat="40.0705165296559" lon="116.34835257412273">
        <ele>41.1</ele>
        <time>2026-08-01T14:26:50.001Z</time>
      </trkpt>
      <trkpt lat="40.07048167635625" lon="116.34835796554839">
        <ele>41.1</ele>
        <time>2026-08-01T14:26:51.001Z</time>
      </trkpt>
      <trkpt lat="40.07044580744686" lon="116.34836260265483">
        <ele>41.2</ele>
        <time>2026-08-01T14:26:52.001Z</time>
      </trkpt>
      <trkpt lat="40.0704090046682" lon="116.34836642918664">
        <ele>41.2</ele>
        <time>2026-08-01T14:26:53.001Z</time>
      </trkpt>
      <trkpt lat="40.070371412177884" lon="116.34836965562438">
        <ele>41.2</ele>
        <time>2026-08-01T14:26:54.001Z</time>
      </trkpt>
      <trkpt lat="40.07033361903859" lon="116.34837239773769">
        <ele>41.2</ele>
        <time>2026-08-01T14:26:55.001Z</time>
      </trkpt>
      <trkpt lat="40.07029621983118" lon="116.34837461811411">
        <ele>41.2</ele>
        <time>2026-08-01T14:26:56.001Z</time>
      </trkpt>
      <trkpt lat="40.07025902262607" lon="116.3483763140508">
        <ele>41.2</ele>
        <time>2026-08-01T14:26:57.001Z</time>
      </trkpt>
      <trkpt lat="40.070221584930145" lon="116.34837744491249">
        <ele>41.2</ele>
        <time>2026-08-01T14:26:58.001Z</time>
      </trkpt>
      <trkpt lat="40.070183556850715" lon="116.34837803725279">
        <ele>41.2</ele>
        <time>2026-08-01T14:26:59.001Z</time>
      </trkpt>
      <trkpt lat="40.0701446361943" lon="116.34837801918785">
        <ele>41.2</ele>
        <time>2026-08-01T14:27:00.001Z</time>
      </trkpt>
      <trkpt lat="40.07010499168197" lon="116.34837650713648">
        <ele>41.3</ele>
        <time>2026-08-01T14:27:01.001Z</time>
      </trkpt>
      <trkpt lat="40.07006532616577" lon="116.3483719978723">
        <ele>41.3</ele>
        <time>2026-08-01T14:27:02.001Z</time>
      </trkpt>
      <trkpt lat="40.07002626112803" lon="116.34836277662043">
        <ele>41.3</ele>
        <time>2026-08-01T14:27:03.001Z</time>
      </trkpt>
      <trkpt lat="40.06998841564246" lon="116.34834665620147">
        <ele>41.3</ele>
        <time>2026-08-01T14:27:04.001Z</time>
      </trkpt>
      <trkpt lat="40.06995298883122" lon="116.34832191767538">
        <ele>41.3</ele>
        <time>2026-08-01T14:27:05.001Z</time>
      </trkpt>
      <trkpt lat="40.069921499917285" lon="116.34828773364879">
        <ele>41.3</ele>
        <time>2026-08-01T14:27:06.001Z</time>
      </trkpt>
      <trkpt lat="40.069895296187134" lon="116.3482442746042">
        <ele>41.3</ele>
        <time>2026-08-01T14:27:07.001Z</time>
      </trkpt>
      <trkpt lat="40.069875682840525" lon="116.34819301185057">
        <ele>41.4</ele>
        <time>2026-08-01T14:27:08.001Z</time>
      </trkpt>
      <trkpt lat="40.06986262075239" lon="116.34813579758843">
        <ele>41.4</ele>
        <time>2026-08-01T14:27:09.001Z</time>
      </trkpt>
      <trkpt lat="40.06985456611374" lon="116.34807443586007">
        <ele>41.4</ele>
        <time>2026-08-01T14:27:10.002Z</time>
      </trkpt>
      <trkpt lat="40.06984981027725" lon="116.34801051789702">
        <ele>41.4</ele>
        <time>2026-08-01T14:27:11.002Z</time>
      </trkpt>
      <trkpt lat="40.069846918265014" lon="116.34794488212135">
        <ele>41.5</ele>
        <time>2026-08-01T14:27:12.002Z</time>
      </trkpt>
      <trkpt lat="40.069845175156175" lon="116.34787784555061">
        <ele>41.5</ele>
        <time>2026-08-01T14:27:13.002Z</time>
      </trkpt>
      <trkpt lat="40.06984425754151" lon="116.34780965833367">
        <ele>41.6</ele>
        <time>2026-08-01T14:27:14.002Z</time>
      </trkpt>
      <trkpt lat="40.06984376342514" lon="116.34774062032231">
        <ele>41.6</ele>
        <time>2026-08-01T14:27:15.002Z</time>
      </trkpt>
      <trkpt lat="40.06984341079753" lon="116.34767091410336">
        <ele>41.7</ele>
        <time>2026-08-01T14:27:16.002Z</time>
      </trkpt>
      <trkpt lat="40.06984316812388" lon="116.34760048995886">
        <ele>41.7</ele>
        <time>2026-08-01T14:27:17.002Z</time>
      </trkpt>
      <trkpt lat="40.06984297501025" lon="116.3475293296151">
        <ele>41.8</ele>
        <time>2026-08-01T14:27:18.002Z</time>
      </trkpt>
      <trkpt lat="40.06984263839633" lon="116.34745770700597">
        <ele>41.8</ele>
        <time>2026-08-01T14:27:19.002Z</time>
      </trkpt>
      <trkpt lat="40.06984200165701" lon="116.34738609033204">
        <ele>41.8</ele>
        <time>2026-08-01T14:27:20.002Z</time>
      </trkpt>
      <trkpt lat="40.069841021554865" lon="116.34731472061011">
        <ele>41.9</ele>
        <time>2026-08-01T14:27:21.002Z</time>
      </trkpt>
      <trkpt lat="40.06983981861828" lon="116.34724372336366">
        <ele>41.9</ele>
        <time>2026-08-01T14:27:22.002Z</time>
      </trkpt>
      <trkpt lat="40.069838576727975" lon="116.3471729751054">
        <ele>41.9</ele>
        <time>2026-08-01T14:27:23.002Z</time>
      </trkpt>
      <trkpt lat="40.06983740234399" lon="116.34710182810548">
        <ele>41.9</ele>
        <time>2026-08-01T14:27:24.002Z</time>
      </trkpt>
      <trkpt lat="40.06983643830443" lon="116.34702975874141">
        <ele>42.0</ele>
        <time>2026-08-01T14:27:25.002Z</time>
      </trkpt>
      <trkpt lat="40.069835908296774" lon="116.34695673732081">
        <ele>42.0</ele>
        <time>2026-08-01T14:27:26.002Z</time>
      </trkpt>
      <trkpt lat="40.06983597213343" lon="116.34688316219211">
        <ele>42.0</ele>
        <time>2026-08-01T14:27:27.002Z</time>
      </trkpt>
      <trkpt lat="40.0698365643318" lon="116.34680947173483">
        <ele>42.0</ele>
        <time>2026-08-01T14:27:28.002Z</time>
      </trkpt>
      <trkpt lat="40.06983745515453" lon="116.34673558502436">
        <ele>42.0</ele>
        <time>2026-08-01T14:27:29.002Z</time>
      </trkpt>
      <trkpt lat="40.06983838674603" lon="116.34666152942779">
        <ele>42.0</ele>
        <time>2026-08-01T14:27:30.002Z</time>
      </trkpt>
      <trkpt lat="40.069839294979694" lon="116.34658775041743">
        <ele>42.0</ele>
        <time>2026-08-01T14:27:31.002Z</time>
      </trkpt>
      <trkpt lat="40.06984024714542" lon="116.34651433333622">
        <ele>42.0</ele>
        <time>2026-08-01T14:27:32.002Z</time>
      </trkpt>
      <trkpt lat="40.06984130130823" lon="116.34644107787462">
        <ele>42.1</ele>
        <time>2026-08-01T14:27:33.002Z</time>
      </trkpt>
      <trkpt lat="40.069842513222945" lon="116.34636791818822">
        <ele>42.1</ele>
        <time>2026-08-01T14:27:34.002Z</time>
      </trkpt>
      <trkpt lat="40.06984384707887" lon="116.34629479806456">
        <ele>42.1</ele>
        <time>2026-08-01T14:27:35.002Z</time>
      </trkpt>
      <trkpt lat="40.069845230282795" lon="116.34622162777838">
        <ele>42.1</ele>
        <time>2026-08-01T14:27:36.002Z</time>
      </trkpt>
      <trkpt lat="40.06984663225736" lon="116.34614836382421">
        <ele>42.1</ele>
        <time>2026-08-01T14:27:37.002Z</time>
      </trkpt>
      <trkpt lat="40.06984803998192" lon="116.34607505920968">
        <ele>42.1</ele>
        <time>2026-08-01T14:27:38.002Z</time>
      </trkpt>
      <trkpt lat="40.069849382607636" lon="116.34600183917043">
        <ele>42.1</ele>
        <time>2026-08-01T14:27:39.002Z</time>
      </trkpt>
      <trkpt lat="40.06985069760451" lon="116.34592871651434">
        <ele>42.1</ele>
        <time>2026-08-01T14:27:40.002Z</time>
      </trkpt>
      <trkpt lat="40.06985207065334" lon="116.34585529883653">
        <ele>42.1</ele>
        <time>2026-08-01T14:27:41.002Z</time>
      </trkpt>
      <trkpt lat="40.0698534683901" lon="116.34578126383553">
        <ele>42.1</ele>
        <time>2026-08-01T14:27:42.002Z</time>
      </trkpt>
      <trkpt lat="40.06985499562319" lon="116.34570699740901">
        <ele>42.1</ele>
        <time>2026-08-01T14:27:43.002Z</time>
      </trkpt>
      <trkpt lat="40.06985674615379" lon="116.34563284994616">
        <ele>42.1</ele>
        <time>2026-08-01T14:27:44.002Z</time>
      </trkpt>
      <trkpt lat="40.069858700076225" lon="116.34555866787929">
        <ele>42.2</ele>
        <time>2026-08-01T14:27:45.002Z</time>
      </trkpt>
      <trkpt lat="40.06986078498144" lon="116.34548421132577">
        <ele>42.2</ele>
        <time>2026-08-01T14:27:46.002Z</time>
      </trkpt>
      <trkpt lat="40.069863037721454" lon="116.34540967359044">
        <ele>42.2</ele>
        <time>2026-08-01T14:27:47.002Z</time>
      </trkpt>
      <trkpt lat="40.06986571634276" lon="116.34533528666223">
        <ele>42.3</ele>
        <time>2026-08-01T14:27:48.002Z</time>
      </trkpt>
      <trkpt lat="40.06986909957477" lon="116.34526110873603">
        <ele>42.3</ele>
        <time>2026-08-01T14:27:49.002Z</time>
      </trkpt>
      <trkpt lat="40.06987340224261" lon="116.34518738796967">
        <ele>42.3</ele>
        <time>2026-08-01T14:27:50.002Z</time>
      </trkpt>
      <trkpt lat="40.0698783625397" lon="116.34511393394838">
        <ele>42.4</ele>
        <time>2026-08-01T14:27:51.002Z</time>
      </trkpt>
      <trkpt lat="40.069883293599055" lon="116.34504047865775">
        <ele>42.4</ele>
        <time>2026-08-01T14:27:52.002Z</time>
      </trkpt>
      <trkpt lat="40.06988752037154" lon="116.34496721798075">
        <ele>42.4</ele>
        <time>2026-08-01T14:27:53.002Z</time>
      </trkpt>
      <trkpt lat="40.06989065006106" lon="116.34489438513341">
        <ele>42.4</ele>
        <time>2026-08-01T14:27:54.002Z</time>
      </trkpt>
      <trkpt lat="40.06989274854102" lon="116.34482192946705">
        <ele>42.5</ele>
        <time>2026-08-01T14:27:55.002Z</time>
      </trkpt>
      <trkpt lat="40.069894291547605" lon="116.34475002701194">
        <ele>42.5</ele>
        <time>2026-08-01T14:27:56.002Z</time>
      </trkpt>
      <trkpt lat="40.06989590025353" lon="116.34467912296898">
        <ele>42.5</ele>
        <time>2026-08-01T14:27:57.002Z</time>
      </trkpt>
      <trkpt lat="40.06989803244429" lon="116.34460941370622">
        <ele>42.5</ele>
        <time>2026-08-01T14:27:58.002Z</time>
      </trkpt>
      <trkpt lat="40.06990083120837" lon="116.34454097263195">
        <ele>42.5</ele>
        <time>2026-08-01T14:27:59.002Z</time>
      </trkpt>
      <trkpt lat="40.06990414322343" lon="116.34447373322446">
        <ele>42.5</ele>
        <time>2026-08-01T14:28:00.001Z</time>
      </trkpt>
      <trkpt lat="40.06990782344535" lon="116.34440786086444">
        <ele>42.5</ele>
        <time>2026-08-01T14:28:01.001Z</time>
      </trkpt>
      <trkpt lat="40.06991126202792" lon="116.3443434335283">
        <ele>42.5</ele>
        <time>2026-08-01T14:28:02.001Z</time>
      </trkpt>
      <trkpt lat="40.06991235990207" lon="116.34428052869798">
        <ele>42.5</ele>
        <time>2026-08-01T14:28:03.001Z</time>
      </trkpt>
      <trkpt lat="40.06990946812297" lon="116.34421912272629">
        <ele>42.5</ele>
        <time>2026-08-01T14:28:04.001Z</time>
      </trkpt>
      <trkpt lat="40.06990357772053" lon="116.34415887899046">
        <ele>42.4</ele>
        <time>2026-08-01T14:28:05.001Z</time>
      </trkpt>
      <trkpt lat="40.06989725674172" lon="116.34409976223867">
        <ele>42.4</ele>
        <time>2026-08-01T14:28:06.001Z</time>
      </trkpt>
      <trkpt lat="40.069892232131046" lon="116.34404129954807">
        <ele>42.4</ele>
        <time>2026-08-01T14:28:07.001Z</time>
      </trkpt>
      <trkpt lat="40.069888828041115" lon="116.34398296660846">
        <ele>42.4</ele>
        <time>2026-08-01T14:28:08.001Z</time>
      </trkpt>
      <trkpt lat="40.069886745218945" lon="116.34392451564965">
        <ele>42.4</ele>
        <time>2026-08-01T14:28:09.001Z</time>
      </trkpt>
      <trkpt lat="40.06988489358918" lon="116.34386519144334">
        <ele>42.4</ele>
        <time>2026-08-01T14:28:10.001Z</time>
      </trkpt>
      <trkpt lat="40.0698821243461" lon="116.34380407309267">
        <ele>42.4</ele>
        <time>2026-08-01T14:28:11.000Z</time>
      </trkpt>
      <trkpt lat="40.06987826529459" lon="116.3437408614199">
        <ele>42.4</ele>
        <time>2026-08-01T14:28:12.000Z</time>
      </trkpt>
      <trkpt lat="40.06987413128982" lon="116.34367561000292">
        <ele>42.4</ele>
        <time>2026-08-01T14:28:13.000Z</time>
      </trkpt>
      <trkpt lat="40.06987066179086" lon="116.34360821260321">
        <ele>42.4</ele>
        <time>2026-08-01T14:28:14.000Z</time>
      </trkpt>
      <trkpt lat="40.06986811006331" lon="116.34353927069927">
        <ele>42.4</ele>
        <time>2026-08-01T14:28:15.000Z</time>
      </trkpt>
      <trkpt lat="40.06986623398569" lon="116.34346949391991">
        <ele>42.4</ele>
        <time>2026-08-01T14:28:16.000Z</time>
      </trkpt>
      <trkpt lat="40.06986485691615" lon="116.34339883707588">
        <ele>42.4</ele>
        <time>2026-08-01T14:28:17.000Z</time>
      </trkpt>
      <trkpt lat="40.06986376198258" lon="116.34332723603971">
        <ele>42.4</ele>
        <time>2026-08-01T14:28:18.000Z</time>
      </trkpt>
      <trkpt lat="40.069862618501176" lon="116.34325451058686">
        <ele>42.4</ele>
        <time>2026-08-01T14:28:19.000Z</time>
      </trkpt>
      <trkpt lat="40.06986123473932" lon="116.34318078316639">
        <ele>42.4</ele>
        <time>2026-08-01T14:28:20.000Z</time>
      </trkpt>
      <trkpt lat="40.06985945941673" lon="116.34310635188281">
        <ele>42.4</ele>
        <time>2026-08-01T14:28:21.000Z</time>
      </trkpt>
      <trkpt lat="40.06985709726839" lon="116.34303134357822">
        <ele>42.4</ele>
        <time>2026-08-01T14:28:22.000Z</time>
      </trkpt>
      <trkpt lat="40.069854246639586" lon="116.3429559946643">
        <ele>42.5</ele>
        <time>2026-08-01T14:28:23.000Z</time>
      </trkpt>
      <trkpt lat="40.069851370791326" lon="116.34288037519401">
        <ele>42.5</ele>
        <time>2026-08-01T14:28:24.000Z</time>
      </trkpt>
      <trkpt lat="40.06984913344574" lon="116.3428046285711">
        <ele>42.5</ele>
        <time>2026-08-01T14:28:25.000Z</time>
      </trkpt>
      <trkpt lat="40.06984789996405" lon="116.34272887458273">
        <ele>42.5</ele>
        <time>2026-08-01T14:28:26.000Z</time>
      </trkpt>
      <trkpt lat="40.069847476212495" lon="116.34265279018338">
        <ele>42.5</ele>
        <time>2026-08-01T14:28:27.000Z</time>
      </trkpt>
      <trkpt lat="40.06984754845267" lon="116.3425762316753">
        <ele>42.5</ele>
        <time>2026-08-01T14:28:28.000Z</time>
      </trkpt>
      <trkpt lat="40.06984791741475" lon="116.34249940472968">
        <ele>42.5</ele>
        <time>2026-08-01T14:28:29.000Z</time>
      </trkpt>
      <trkpt lat="40.06984845174774" lon="116.34242235247493">
        <ele>42.5</ele>
        <time>2026-08-01T14:28:30.000Z</time>
      </trkpt>
      <trkpt lat="40.06984902799374" lon="116.34234536368885">
        <ele>42.5</ele>
        <time>2026-08-01T14:28:31.000Z</time>
      </trkpt>
      <trkpt lat="40.069849695812" lon="116.34226844946082">
        <ele>42.5</ele>
        <time>2026-08-01T14:28:32.000Z</time>
      </trkpt>
      <trkpt lat="40.069850401969" lon="116.34219137902805">
        <ele>42.5</ele>
        <time>2026-08-01T14:28:33.000Z</time>
      </trkpt>
      <trkpt lat="40.06985096332549" lon="116.34211446768273">
        <ele>42.5</ele>
        <time>2026-08-01T14:28:34.000Z</time>
      </trkpt>
      <trkpt lat="40.06985135528696" lon="116.34203791903715">
        <ele>42.5</ele>
        <time>2026-08-01T14:28:35.000Z</time>
      </trkpt>
      <trkpt lat="40.06985161117812" lon="116.34196162976599">
        <ele>42.5</ele>
        <time>2026-08-01T14:28:36.000Z</time>
      </trkpt>
      <trkpt lat="40.06985172087812" lon="116.34188559892357">
        <ele>42.5</ele>
        <time>2026-08-01T14:28:37.000Z</time>
      </trkpt>
      <trkpt lat="40.06985169023681" lon="116.34180988822999">
        <ele>42.5</ele>
        <time>2026-08-01T14:28:38.000Z</time>
      </trkpt>
      <trkpt lat="40.06985173934593" lon="116.34173435525831">
        <ele>42.5</ele>
        <time>2026-08-01T14:28:39.000Z</time>
      </trkpt>
      <trkpt lat="40.06985215321364" lon="116.34165901044877">
        <ele>42.5</ele>
        <time>2026-08-01T14:28:40.000Z</time>
      </trkpt>
      <trkpt lat="40.06985293595602" lon="116.3415838033068">
        <ele>42.5</ele>
        <time>2026-08-01T14:28:41.000Z</time>
      </trkpt>
      <trkpt lat="40.06985394495216" lon="116.3415086065274">
        <ele>42.5</ele>
        <time>2026-08-01T14:28:42.000Z</time>
      </trkpt>
      <trkpt lat="40.069855041381025" lon="116.34143368419414">
        <ele>42.5</ele>
        <time>2026-08-01T14:28:43.000Z</time>
      </trkpt>
      <trkpt lat="40.06985617534748" lon="116.34135908732861">
        <ele>42.5</ele>
        <time>2026-08-01T14:28:44.000Z</time>
      </trkpt>
      <trkpt lat="40.06985736991172" lon="116.34128462617903">
        <ele>42.5</ele>
        <time>2026-08-01T14:28:45.000Z</time>
      </trkpt>
      <trkpt lat="40.06985847907493" lon="116.34121067995606">
        <ele>42.5</ele>
        <time>2026-08-01T14:28:46.000Z</time>
      </trkpt>
      <trkpt lat="40.069859518908316" lon="116.34113747938099">
        <ele>42.6</ele>
        <time>2026-08-01T14:28:47.000Z</time>
      </trkpt>
      <trkpt lat="40.06986061989586" lon="116.34106525928722">
        <ele>42.6</ele>
        <time>2026-08-01T14:28:48.000Z</time>
      </trkpt>
      <trkpt lat="40.06986178177568" lon="116.34099430608575">
        <ele>42.6</ele>
        <time>2026-08-01T14:28:49.000Z</time>
      </trkpt>
      <trkpt lat="40.06986305832271" lon="116.3409239312185">
        <ele>42.6</ele>
        <time>2026-08-01T14:28:50.000Z</time>
      </trkpt>
      <trkpt lat="40.069864356978265" lon="116.34085337254517">
        <ele>42.6</ele>
        <time>2026-08-01T14:28:51.000Z</time>
      </trkpt>
      <trkpt lat="40.06986549098341" lon="116.34078254667351">
        <ele>42.6</ele>
        <time>2026-08-01T14:28:52.000Z</time>
      </trkpt>
      <trkpt lat="40.06986642909789" lon="116.34071169350713">
        <ele>42.6</ele>
        <time>2026-08-01T14:28:53.000Z</time>
      </trkpt>
      <trkpt lat="40.06986724072232" lon="116.34064054280405">
        <ele>42.6</ele>
        <time>2026-08-01T14:28:54.000Z</time>
      </trkpt>
      <trkpt lat="40.06986808706586" lon="116.34056884788153">
        <ele>42.6</ele>
        <time>2026-08-01T14:28:55.000Z</time>
      </trkpt>
      <trkpt lat="40.06986904958275" lon="116.34049674372613">
        <ele>42.6</ele>
        <time>2026-08-01T14:28:56.000Z</time>
      </trkpt>
      <trkpt lat="40.069870046933396" lon="116.34042427018267">
        <ele>42.6</ele>
        <time>2026-08-01T14:28:57.000Z</time>
      </trkpt>
      <trkpt lat="40.06987127737368" lon="116.34035160646377">
        <ele>42.7</ele>
        <time>2026-08-01T14:28:58.000Z</time>
      </trkpt>
      <trkpt lat="40.0698727709028" lon="116.34027887596315">
        <ele>42.7</ele>
        <time>2026-08-01T14:28:59.000Z</time>
      </trkpt>
      <trkpt lat="40.06987426965018" lon="116.34020604211193">
        <ele>42.7</ele>
        <time>2026-08-01T14:29:00.000Z</time>
      </trkpt>
      <trkpt lat="40.069875884209516" lon="116.34013291325066">
        <ele>42.7</ele>
        <time>2026-08-01T14:29:01.000Z</time>
      </trkpt>
      <trkpt lat="40.06987776871676" lon="116.340059666999">
        <ele>42.7</ele>
        <time>2026-08-01T14:29:02.000Z</time>
      </trkpt>
      <trkpt lat="40.06988004056267" lon="116.33998653224057">
        <ele>42.8</ele>
        <time>2026-08-01T14:29:03.000Z</time>
      </trkpt>
      <trkpt lat="40.06988292015823" lon="116.3399132795484">
        <ele>42.8</ele>
        <time>2026-08-01T14:29:04.000Z</time>
      </trkpt>
      <trkpt lat="40.06988659399454" lon="116.33983998224252">
        <ele>42.8</ele>
        <time>2026-08-01T14:29:05.000Z</time>
      </trkpt>
      <trkpt lat="40.06989106118383" lon="116.33976710875638">
        <ele>42.9</ele>
        <time>2026-08-01T14:29:06.000Z</time>
      </trkpt>
      <trkpt lat="40.06989591201409" lon="116.33969491302504">
        <ele>42.9</ele>
        <time>2026-08-01T14:29:07.000Z</time>
      </trkpt>
      <trkpt lat="40.069900592674905" lon="116.33962344745677">
        <ele>42.9</ele>
        <time>2026-08-01T14:29:08.000Z</time>
      </trkpt>
      <trkpt lat="40.06990467815802" lon="116.33955299128543">
        <ele>43.0</ele>
        <time>2026-08-01T14:29:09.000Z</time>
      </trkpt>
      <trkpt lat="40.069908050115295" lon="116.33948389656715">
        <ele>43.0</ele>
        <time>2026-08-01T14:29:10.000Z</time>
      </trkpt>
      <trkpt lat="40.069910830884744" lon="116.3394162333957">
        <ele>43.1</ele>
        <time>2026-08-01T14:29:11.000Z</time>
      </trkpt>
      <trkpt lat="40.0699133771982" lon="116.33934994837995">
        <ele>43.1</ele>
        <time>2026-08-01T14:29:12.000Z</time>
      </trkpt>
      <trkpt lat="40.06991606115693" lon="116.33928492426314">
        <ele>43.1</ele>
        <time>2026-08-01T14:29:13.000Z</time>
      </trkpt>
      <trkpt lat="40.06991888331916" lon="116.33922084850745">
        <ele>43.1</ele>
        <time>2026-08-01T14:29:14.000Z</time>
      </trkpt>
      <trkpt lat="40.06992188232981" lon="116.33915746525791">
        <ele>43.1</ele>
        <time>2026-08-01T14:29:15.000Z</time>
      </trkpt>
      <trkpt lat="40.069925317102054" lon="116.33909469200218">
        <ele>43.1</ele>
        <time>2026-08-01T14:29:16.000Z</time>
      </trkpt>
      <trkpt lat="40.06992931770901" lon="116.33903297911148">
        <ele>43.1</ele>
        <time>2026-08-01T14:29:17.000Z</time>
      </trkpt>
      <trkpt lat="40.06993300881374" lon="116.3389735368476">
        <ele>43.0</ele>
        <time>2026-08-01T14:29:18.000Z</time>
      </trkpt>
      <trkpt lat="40.0699343200664" lon="116.33891792641676">
        <ele>43.0</ele>
        <time>2026-08-01T14:29:19.000Z</time>
      </trkpt>
      <trkpt lat="40.069931071476404" lon="116.33886828388971">
        <ele>43.0</ele>
        <time>2026-08-01T14:29:20.000Z</time>
      </trkpt>
      <trkpt lat="40.069921988956665" lon="116.33882653343409">
        <ele>43.0</ele>
        <time>2026-08-01T14:29:21.000Z</time>
      </trkpt>
      <trkpt lat="40.069906820931685" lon="116.33879254806882">
        <ele>43.0</ele>
        <time>2026-08-01T14:29:22.000Z</time>
      </trkpt>
      <trkpt lat="40.0698867536426" lon="116.33876422143166">
        <ele>42.9</ele>
        <time>2026-08-01T14:29:23.000Z</time>
      </trkpt>
      <trkpt lat="40.06986359854538" lon="116.33873835494295">
        <ele>42.9</ele>
        <time>2026-08-01T14:29:24.000Z</time>
      </trkpt>
      <trkpt lat="40.06983873574825" lon="116.33871193136758">
        <ele>42.9</ele>
        <time>2026-08-01T14:29:25.000Z</time>
      </trkpt>
      <trkpt lat="40.06981321206918" lon="116.3386830001279">
        <ele>42.9</ele>
        <time>2026-08-01T14:29:26.000Z</time>
      </trkpt>
      <trkpt lat="40.069787673422255" lon="116.33865055153294">
        <ele>42.8</ele>
        <time>2026-08-01T14:29:27.000Z</time>
      </trkpt>
      <trkpt lat="40.06976226736332" lon="116.3386147088214">
        <ele>42.8</ele>
        <time>2026-08-01T14:29:28.000Z</time>
      </trkpt>
      <trkpt lat="40.069736317399006" lon="116.33857678087152">
        <ele>42.8</ele>
        <time>2026-08-01T14:29:29.000Z</time>
      </trkpt>
      <trkpt lat="40.06970882098413" lon="116.3385385430328">
        <ele>42.8</ele>
        <time>2026-08-01T14:29:30.000Z</time>
      </trkpt>
      <trkpt lat="40.06967949140749" lon="116.33850086698632">
        <ele>42.7</ele>
        <time>2026-08-01T14:29:31.000Z</time>
      </trkpt>
      <trkpt lat="40.06964939610444" lon="116.33846290501573">
        <ele>42.7</ele>
        <time>2026-08-01T14:29:32.000Z</time>
      </trkpt>
      <trkpt lat="40.06962052207007" lon="116.33842254779655">
        <ele>42.7</ele>
        <time>2026-08-01T14:29:33.000Z</time>
      </trkpt>
      <trkpt lat="40.06959474951553" lon="116.33837794747008">
        <ele>42.7</ele>
        <time>2026-08-01T14:29:34.000Z</time>
      </trkpt>
      <trkpt lat="40.06957373665976" lon="116.33832819652947">
        <ele>42.7</ele>
        <time>2026-08-01T14:29:35.000Z</time>
      </trkpt>
      <trkpt lat="40.06955857601847" lon="116.33827324766044">
        <ele>42.7</ele>
        <time>2026-08-01T14:29:36.000Z</time>
      </trkpt>
      <trkpt lat="40.06954910345145" lon="116.33821393861453">
        <ele>42.7</ele>
        <time>2026-08-01T14:29:37.000Z</time>
      </trkpt>
      <trkpt lat="40.06954425861943" lon="116.33815137560934">
        <ele>42.7</ele>
        <time>2026-08-01T14:29:38.000Z</time>
      </trkpt>
      <trkpt lat="40.069542659520444" lon="116.33808648251369">
        <ele>42.8</ele>
        <time>2026-08-01T14:29:39.000Z</time>
      </trkpt>
      <trkpt lat="40.069543045832596" lon="116.33801996239315">
        <ele>42.8</ele>
        <time>2026-08-01T14:29:40.000Z</time>
      </trkpt>
      <trkpt lat="40.06954445973501" lon="116.33795234248868">
        <ele>42.8</ele>
        <time>2026-08-01T14:29:41.000Z</time>
      </trkpt>
      <trkpt lat="40.069546297453" lon="116.33788390996145">
        <ele>42.8</ele>
        <time>2026-08-01T14:29:42.000Z</time>
      </trkpt>
      <trkpt lat="40.0695482355098" lon="116.33781464004701">
        <ele>42.9</ele>
        <time>2026-08-01T14:29:43.000Z</time>
      </trkpt>
      <trkpt lat="40.06955001294673" lon="116.33774449006008">
        <ele>42.9</ele>
        <time>2026-08-01T14:29:44.000Z</time>
      </trkpt>
      <trkpt lat="40.06955153419221" lon="116.33767344059424">
        <ele>42.9</ele>
        <time>2026-08-01T14:29:45.000Z</time>
      </trkpt>
      <trkpt lat="40.0695529179625" lon="116.33760155977718">
        <ele>43.0</ele>
        <time>2026-08-01T14:29:46.000Z</time>
      </trkpt>
      <trkpt lat="40.069554314869386" lon="116.337529055273">
        <ele>43.0</ele>
        <time>2026-08-01T14:29:47.000Z</time>
      </trkpt>
      <trkpt lat="40.06955579347199" lon="116.33745626476795">
        <ele>43.0</ele>
        <time>2026-08-01T14:29:48.000Z</time>
      </trkpt>
      <trkpt lat="40.06955729056489" lon="116.3373836064783">
        <ele>43.1</ele>
        <time>2026-08-01T14:29:49.000Z</time>
      </trkpt>
      <trkpt lat="40.06955876511619" lon="116.33731130823882">
        <ele>43.1</ele>
        <time>2026-08-01T14:29:50.000Z</time>
      </trkpt>
      <trkpt lat="40.069560159406215" lon="116.337239395787">
        <ele>43.1</ele>
        <time>2026-08-01T14:29:51.000Z</time>
      </trkpt>
      <trkpt lat="40.06956137423216" lon="116.33716793788821">
        <ele>43.1</ele>
        <time>2026-08-01T14:29:52.000Z</time>
      </trkpt>
      <trkpt lat="40.069562425172016" lon="116.33709709775762">
        <ele>43.2</ele>
        <time>2026-08-01T14:29:53.000Z</time>
      </trkpt>
      <trkpt lat="40.069563411108085" lon="116.33702696405084">
        <ele>43.2</ele>
        <time>2026-08-01T14:29:54.000Z</time>
      </trkpt>
      <trkpt lat="40.069564401407646" lon="116.33695748077872">
        <ele>43.3</ele>
        <time>2026-08-01T14:29:55.000Z</time>
      </trkpt>
      <trkpt lat="40.069565407080106" lon="116.33688870898676">
        <ele>43.3</ele>
        <time>2026-08-01T14:29:56.000Z</time>
      </trkpt>
      <trkpt lat="40.06956634750909" lon="116.33682082636344">
        <ele>43.3</ele>
        <time>2026-08-01T14:29:57.000Z</time>
      </trkpt>
      <trkpt lat="40.06956713417157" lon="116.33675394120705">
        <ele>43.4</ele>
        <time>2026-08-01T14:29:58.000Z</time>
      </trkpt>
      <trkpt lat="40.06956773126183" lon="116.336688116905">
        <ele>43.4</ele>
        <time>2026-08-01T14:29:59.000Z</time>
      </trkpt>
      <trkpt lat="40.06956815790798" lon="116.33662322133299">
        <ele>43.5</ele>
        <time>2026-08-01T14:30:00.000Z</time>
      </trkpt>
      <trkpt lat="40.069568584222864" lon="116.33655917002835">
        <ele>43.5</ele>
        <time>2026-08-01T14:30:01.000Z</time>
      </trkpt>
      <trkpt lat="40.069569260858586" lon="116.33649603511748">
        <ele>43.6</ele>
        <time>2026-08-01T14:30:02.000Z</time>
      </trkpt>
      <trkpt lat="40.06957025858922" lon="116.33643350714159">
        <ele>43.6</ele>
        <time>2026-08-01T14:30:03.000Z</time>
      </trkpt>
      <trkpt lat="40.069571474838845" lon="116.33637150986016">
        <ele>43.7</ele>
        <time>2026-08-01T14:30:04.000Z</time>
      </trkpt>
      <trkpt lat="40.06957260569108" lon="116.33630966235194">
        <ele>43.8</ele>
        <time>2026-08-01T14:30:05.000Z</time>
      </trkpt>
      <trkpt lat="40.06957345585177" lon="116.3362477916207">
        <ele>43.8</ele>
        <time>2026-08-01T14:30:06.000Z</time>
      </trkpt>
      <trkpt lat="40.0695742054552" lon="116.3361868328033">
        <ele>43.9</ele>
        <time>2026-08-01T14:30:07.000Z</time>
      </trkpt>
      <trkpt lat="40.069575091580816" lon="116.3361269519569">
        <ele>44.0</ele>
        <time>2026-08-01T14:30:08.000Z</time>
      </trkpt>
      <trkpt lat="40.06957615022338" lon="116.33606745150321">
        <ele>44.1</ele>
        <time>2026-08-01T14:30:09.000Z</time>
      </trkpt>
      <trkpt lat="40.06957720969207" lon="116.33600796327687">
        <ele>44.1</ele>
        <time>2026-08-01T14:30:10.000Z</time>
      </trkpt>
      <trkpt lat="40.069578085355225" lon="116.33594843153985">
        <ele>44.2</ele>
        <time>2026-08-01T14:30:11.000Z</time>
      </trkpt>
      <trkpt lat="40.069578791701275" lon="116.3358893280881">
        <ele>44.3</ele>
        <time>2026-08-01T14:30:12.000Z</time>
      </trkpt>
      <trkpt lat="40.06957944553598" lon="116.33583106490578">
        <ele>44.4</ele>
        <time>2026-08-01T14:30:13.000Z</time>
      </trkpt>
      <trkpt lat="40.069580146371685" lon="116.33577355944742">
        <ele>44.5</ele>
        <time>2026-08-01T14:30:14.000Z</time>
      </trkpt>
      <trkpt lat="40.06958087992336" lon="116.33571694557048">
        <ele>44.5</ele>
        <time>2026-08-01T14:30:15.000Z</time>
      </trkpt>
      <trkpt lat="40.06958154530194" lon="116.33566088352515">
        <ele>44.6</ele>
        <time>2026-08-01T14:30:16.000Z</time>
      </trkpt>
      <trkpt lat="40.06958213635726" lon="116.3356049497588">
        <ele>44.7</ele>
        <time>2026-08-01T14:30:17.000Z</time>
      </trkpt>
      <trkpt lat="40.06958258321554" lon="116.3355491041451">
        <ele>44.8</ele>
        <time>2026-08-01T14:30:18.000Z</time>
      </trkpt>
      <trkpt lat="40.069583032459775" lon="116.33549335623462">
        <ele>44.9</ele>
        <time>2026-08-01T14:30:19.000Z</time>
      </trkpt>
      <trkpt lat="40.06958380430942" lon="116.3354378897943">
        <ele>44.9</ele>
        <time>2026-08-01T14:30:20.000Z</time>
      </trkpt>
      <trkpt lat="40.06958489824249" lon="116.33538258840483">
        <ele>45.0</ele>
        <time>2026-08-01T14:30:21.000Z</time>
      </trkpt>
      <trkpt lat="40.0695860518388" lon="116.33532732044387">
        <ele>45.1</ele>
        <time>2026-08-01T14:30:22.000Z</time>
      </trkpt>
      <trkpt lat="40.06958723553319" lon="116.33527248602802">
        <ele>45.2</ele>
        <time>2026-08-01T14:30:23.000Z</time>
      </trkpt>
      <trkpt lat="40.0695886791412" lon="116.33521834771743">
        <ele>45.3</ele>
        <time>2026-08-01T14:30:24.000Z</time>
      </trkpt>
      <trkpt lat="40.06958991835733" lon="116.33516422429442">
        <ele>45.4</ele>
        <time>2026-08-01T14:30:25.000Z</time>
      </trkpt>
      <trkpt lat="40.069590783003726" lon="116.33510988779064">
        <ele>45.5</ele>
        <time>2026-08-01T14:30:26.000Z</time>
      </trkpt>
      <trkpt lat="40.069592048672554" lon="116.3350560045152">
        <ele>45.6</ele>
        <time>2026-08-01T14:30:27.000Z</time>
      </trkpt>
      <trkpt lat="40.069594053856356" lon="116.33500252909911">
        <ele>45.7</ele>
        <time>2026-08-01T14:30:28.000Z</time>
      </trkpt>
      <trkpt lat="40.06959695561051" lon="116.33494922009224">
        <ele>45.8</ele>
        <time>2026-08-01T14:30:29.000Z</time>
      </trkpt>
      <trkpt lat="40.06960096387522" lon="116.33489593192061">
        <ele>46.0</ele>
        <time>2026-08-01T14:30:30.000Z</time>
      </trkpt>
      <trkpt lat="40.06960600313332" lon="116.33484249795258">
        <ele>46.1</ele>
        <time>2026-08-01T14:30:31.000Z</time>
      </trkpt>
      <trkpt lat="40.06961195337983" lon="116.33478902340526">
        <ele>46.2</ele>
        <time>2026-08-01T14:30:32.000Z</time>
        <extensions>
          <gpxtpx:TrackPointExtension>
            <gpxtpx:hr>134</gpxtpx:hr>
          </gpxtpx:TrackPointExtension>
        </extensions>
      </trkpt>
      <trkpt lat="40.069618585097516" lon="116.33473559754952">
        <ele>46.3</ele>
        <time>2026-08-01T14:30:33.000Z</time>
        <extensions>
          <gpxtpx:TrackPointExtension>
            <gpxtpx:hr>134</gpxtpx:hr>
          </gpxtpx:TrackPointExtension>
        </extensions>
      </trkpt>
      <trkpt lat="40.06962560056492" lon="116.3346823210915">
        <ele>46.4</ele>
        <time>2026-08-01T14:30:34.000Z</time>
        <extensions>
          <gpxtpx:TrackPointExtension>
            <gpxtpx:hr>134</gpxtpx:hr>
          </gpxtpx:TrackPointExtension>
        </extensions>
      </trkpt>
      <trkpt lat="40.06963294523361" lon="116.33462924448567">
        <ele>46.5</ele>
        <time>2026-08-01T14:30:35.000Z</time>
        <extensions>
          <gpxtpx:TrackPointExtension>
            <gpxtpx:hr>134</gpxtpx:hr>
          </gpxtpx:TrackPointExtension>
        </extensions>
      </trkpt>
      <trkpt lat="40.06964047485384" lon="116.33457662272352">
        <ele>46.6</ele>
        <time>2026-08-01T14:30:36.000Z</time>
        <extensions>
          <gpxtpx:TrackPointExtension>
            <gpxtpx:hr>134</gpxtpx:hr>
          </gpxtpx:TrackPointExtension>
        </extensions>
      </trkpt>
      <trkpt lat="40.06964799051822" lon="116.33452445744474">
        <ele>46.7</ele>
        <time>2026-08-01T14:30:37.000Z</time>
        <extensions>
          <gpxtpx:TrackPointExtension>
            <gpxtpx:hr>134</gpxtpx:hr>
          </gpxtpx:TrackPointExtension>
        </extensions>
      </trkpt>
      <trkpt lat="40.069655335507306" lon="116.33447229846553">
        <ele>46.8</ele>
        <time>2026-08-01T14:30:38.000Z</time>
        <extensions>
          <gpxtpx:TrackPointExtension>
            <gpxtpx:hr>134</gpxtpx:hr>
          </gpxtpx:TrackPointExtension>
        </extensions>
      </trkpt>
      <trkpt lat="40.069662251972325" lon="116.33441994880359">
        <ele>46.9</ele>
        <time>2026-08-01T14:30:39.000Z</time>
        <extensions>
          <gpxtpx:TrackPointExtension>
            <gpxtpx:hr>134</gpxtpx:hr>
          </gpxtpx:TrackPointExtension>
        </extensions>
      </trkpt>
      <trkpt lat="40.06966847737537" lon="116.33436717544701">
        <ele>47.0</ele>
        <time>2026-08-01T14:30:40.000Z</time>
        <extensions>
          <gpxtpx:TrackPointExtension>
            <gpxtpx:hr>134</gpxtpx:hr>
          </gpxtpx:TrackPointExtension>
        </extensions>
      </trkpt>
      <trkpt lat="40.06967366259464" lon="116.33431354157165">
        <ele>47.1</ele>
        <time>2026-08-01T14:30:41.000Z</time>
        <extensions>
          <gpxtpx:TrackPointExtension>
            <gpxtpx:hr>134</gpxtpx:hr>
          </gpxtpx:TrackPointExtension>
        </extensions>
      </trkpt>
      <trkpt lat="40.06967766291486" lon="116.33425889921777">
        <ele>47.1</ele>
        <time>2026-08-01T14:30:42.000Z</time>
        <extensions>
          <gpxtpx:TrackPointExtension>
            <gpxtpx:hr>134</gpxtpx:hr>
          </gpxtpx:TrackPointExtension>
        </extensions>
      </trkpt>
      <trkpt lat="40.06968097887501" lon="116.33420397361185">
        <ele>47.2</ele>
        <time>2026-08-01T14:30:43.000Z</time>
        <extensions>
          <gpxtpx:TrackPointExtension>
            <gpxtpx:hr>134</gpxtpx:hr>
          </gpxtpx:TrackPointExtension>
        </extensions>
      </trkpt>
      <trkpt lat="40.06968410212477" lon="116.33414950491576">
        <ele>47.3</ele>
        <time>2026-08-01T14:30:44.000Z</time>
        <extensions>
          <gpxtpx:TrackPointExtension>
            <gpxtpx:hr>134</gpxtpx:hr>
          </gpxtpx:TrackPointExtension>
        </extensions>
      </trkpt>
      <trkpt lat="40.06968696439301" lon="116.33409550671371">
        <ele>47.4</ele>
        <time>2026-08-01T14:30:45.000Z</time>
        <extensions>
          <gpxtpx:TrackPointExtension>
            <gpxtpx:hr>134</gpxtpx:hr>
          </gpxtpx:TrackPointExtension>
        </extensions>
      </trkpt>
      <trkpt lat="40.069689430754494" lon="116.33404175015163">
        <ele>47.4</ele>
        <time>2026-08-01T14:30:46.000Z</time>
        <extensions>
          <gpxtpx:TrackPointExtension>
            <gpxtpx:hr>134</gpxtpx:hr>
          </gpxtpx:TrackPointExtension>
        </extensions>
      </trkpt>
      <trkpt lat="40.069691412253874" lon="116.33398747007804">
        <ele>47.5</ele>
        <time>2026-08-01T14:30:47.000Z</time>
        <extensions>
          <gpxtpx:TrackPointExtension>
            <gpxtpx:hr>134</gpxtpx:hr>
          </gpxtpx:TrackPointExtension>
        </extensions>
      </trkpt>
      <trkpt lat="40.0696929784988" lon="116.33393264630737">
        <ele>47.6</ele>
        <time>2026-08-01T14:30:48.000Z</time>
        <extensions>
          <gpxtpx:TrackPointExtension>
            <gpxtpx:hr>134</gpxtpx:hr>
          </gpxtpx:TrackPointExtension>
        </extensions>
      </trkpt>
      <trkpt lat="40.0696942175891" lon="116.3338776598549">
        <ele>47.7</ele>
        <time>2026-08-01T14:30:49.000Z</time>
        <extensions>
          <gpxtpx:TrackPointExtension>
            <gpxtpx:hr>134</gpxtpx:hr>
          </gpxtpx:TrackPointExtension>
        </extensions>
      </trkpt>
      <trkpt lat="40.069695047709445" lon="116.33382290071977">
        <ele>47.8</ele>
        <time>2026-08-01T14:30:50.000Z</time>
        <extensions>
          <gpxtpx:TrackPointExtension>
            <gpxtpx:hr>134</gpxtpx:hr>
          </gpxtpx:TrackPointExtension>
        </extensions>
      </trkpt>
      <trkpt lat="40.06969553137187" lon="116.33376832215068">
        <ele>47.9</ele>
        <time>2026-08-01T14:30:51.000Z</time>
        <extensions>
          <gpxtpx:TrackPointExtension>
            <gpxtpx:hr>134</gpxtpx:hr>
          </gpxtpx:TrackPointExtension>
        </extensions>
      </trkpt>
      <trkpt lat="40.06969586642121" lon="116.33371296367393">
        <ele>48.0</ele>
        <time>2026-08-01T14:30:52.000Z</time>
        <extensions>
          <gpxtpx:TrackPointExtension>
            <gpxtpx:hr>134</gpxtpx:hr>
          </gpxtpx:TrackPointExtension>
        </extensions>
      </trkpt>
      <trkpt lat="40.06969634850896" lon="116.33365648381594">
        <ele>48.1</ele>
        <time>2026-08-01T14:30:53.000Z</time>
        <extensions>
          <gpxtpx:TrackPointExtension>
            <gpxtpx:hr>134</gpxtpx:hr>
          </gpxtpx:TrackPointExtension>
        </extensions>
      </trkpt>
      <trkpt lat="40.069697148733425" lon="116.3335987890854">
        <ele>48.2</ele>
        <time>2026-08-01T14:30:54.000Z</time>
        <extensions>
          <gpxtpx:TrackPointExtension>
            <gpxtpx:hr>134</gpxtpx:hr>
          </gpxtpx:TrackPointExtension>
        </extensions>
      </trkpt>
      <trkpt lat="40.069698172590634" lon="116.33354007153665">
        <ele>48.3</ele>
        <time>2026-08-01T14:30:55.000Z</time>
        <extensions>
          <gpxtpx:TrackPointExtension>
            <gpxtpx:hr>134</gpxtpx:hr>
          </gpxtpx:TrackPointExtension>
        </extensions>
      </trkpt>
      <trkpt lat="40.06969901848769" lon="116.33348038256231">
        <ele>48.4</ele>
        <time>2026-08-01T14:30:56.000Z</time>
        <extensions>
          <gpxtpx:TrackPointExtension>
            <gpxtpx:hr>134</gpxtpx:hr>
          </gpxtpx:TrackPointExtension>
        </extensions>
      </trkpt>
      <trkpt lat="40.06969906802787" lon="116.33341968303002">
        <ele>48.5</ele>
        <time>2026-08-01T14:30:57.000Z</time>
        <extensions>
          <gpxtpx:TrackPointExtension>
            <gpxtpx:hr>134</gpxtpx:hr>
          </gpxtpx:TrackPointExtension>
        </extensions>
      </trkpt>
      <trkpt lat="40.06969843627745" lon="116.333358099945">
        <ele>48.6</ele>
        <time>2026-08-01T14:30:58.000Z</time>
        <extensions>
          <gpxtpx:TrackPointExtension>
            <gpxtpx:hr>134</gpxtpx:hr>
          </gpxtpx:TrackPointExtension>
        </extensions>
      </trkpt>
      <trkpt lat="40.06969766639423" lon="116.33329552339798">
        <ele>48.6</ele>
        <time>2026-08-01T14:30:59.001Z</time>
        <extensions>
          <gpxtpx:TrackPointExtension>
            <gpxtpx:hr>134</gpxtpx:hr>
          </gpxtpx:TrackPointExtension>
        </extensions>
      </trkpt>
      <trkpt lat="40.06969714709095" lon="116.33323234216986">
        <ele>48.7</ele>
        <time>2026-08-01T14:31:00.001Z</time>
        <extensions>
          <gpxtpx:TrackPointExtension>
            <gpxtpx:hr>134</gpxtpx:hr>
          </gpxtpx:TrackPointExtension>
        </extensions>
      </trkpt>
      <trkpt lat="40.069696952180294" lon="116.33316885454695">
        <ele>48.8</ele>
        <time>2026-08-01T14:31:01.001Z</time>
        <extensions>
          <gpxtpx:TrackPointExtension>
            <gpxtpx:hr>134</gpxtpx:hr>
          </gpxtpx:TrackPointExtension>
        </extensions>
      </trkpt>
      <trkpt lat="40.06969699651909" lon="116.33310547387285">
        <ele>48.9</ele>
        <time>2026-08-01T14:31:02.001Z</time>
      </trkpt>
      <trkpt lat="40.06969736569448" lon="116.33304211588009">
        <ele>49.0</ele>
        <time>2026-08-01T14:31:03.001Z</time>
      </trkpt>
      <trkpt lat="40.069697864804645" lon="116.33297845008272">
        <ele>49.0</ele>
        <time>2026-08-01T14:31:04.001Z</time>
      </trkpt>
      <trkpt lat="40.069698290143705" lon="116.33291425097791">
        <ele>49.1</ele>
        <time>2026-08-01T14:31:05.001Z</time>
      </trkpt>
      <trkpt lat="40.06969852577811" lon="116.3328494235043">
        <ele>49.1</ele>
        <time>2026-08-01T14:31:06.001Z</time>
      </trkpt>
      <trkpt lat="40.06969853162439" lon="116.3327841236559">
        <ele>49.2</ele>
        <time>2026-08-01T14:31:07.001Z</time>
      </trkpt>
      <trkpt lat="40.0696984424841" lon="116.33271845259459">
        <ele>49.2</ele>
        <time>2026-08-01T14:31:08.001Z</time>
      </trkpt>
      <trkpt lat="40.069698358209564" lon="116.33265246246722">
        <ele>49.2</ele>
        <time>2026-08-01T14:31:09.001Z</time>
      </trkpt>
      <trkpt lat="40.06969836161572" lon="116.33258597092328">
        <ele>49.3</ele>
        <time>2026-08-01T14:31:10.001Z</time>
      </trkpt>
      <trkpt lat="40.06969837680278" lon="116.33251887399098">
        <ele>49.3</ele>
        <time>2026-08-01T14:31:11.001Z</time>
      </trkpt>
      <trkpt lat="40.06969848927046" lon="116.33245131095147">
        <ele>49.3</ele>
        <time>2026-08-01T14:31:12.001Z</time>
      </trkpt>
      <trkpt lat="40.06969890861063" lon="116.33238355170342">
        <ele>49.3</ele>
        <time>2026-08-01T14:31:13.001Z</time>
      </trkpt>
      <trkpt lat="40.069699460560024" lon="116.33231568049207">
        <ele>49.3</ele>
        <time>2026-08-01T14:31:14.001Z</time>
      </trkpt>
      <trkpt lat="40.06970009312636" lon="116.3322477211506">
        <ele>49.3</ele>
        <time>2026-08-01T14:31:15.001Z</time>
      </trkpt>
      <trkpt lat="40.06970101652527" lon="116.33217974470271">
        <ele>49.3</ele>
        <time>2026-08-01T14:31:16.001Z</time>
      </trkpt>
      <trkpt lat="40.06970200827453" lon="116.33211171355381">
        <ele>49.3</ele>
        <time>2026-08-01T14:31:17.001Z</time>
      </trkpt>
      <trkpt lat="40.069702870160874" lon="116.33204360485026">
        <ele>49.3</ele>
        <time>2026-08-01T14:31:18.001Z</time>
      </trkpt>
      <trkpt lat="40.06970360247479" lon="116.3319754601507">
        <ele>49.3</ele>
        <time>2026-08-01T14:31:19.001Z</time>
      </trkpt>
      <trkpt lat="40.06970407230527" lon="116.33190737170717">
        <ele>49.3</ele>
        <time>2026-08-01T14:31:20.001Z</time>
      </trkpt>
      <trkpt lat="40.06970434889346" lon="116.33183918996983">
        <ele>49.4</ele>
        <time>2026-08-01T14:31:21.001Z</time>
      </trkpt>
      <trkpt lat="40.06970459373896" lon="116.33177062701243">
        <ele>49.4</ele>
        <time>2026-08-01T14:31:22.001Z</time>
      </trkpt>
      <trkpt lat="40.06970487851367" lon="116.33170146136732">
        <ele>49.4</ele>
        <time>2026-08-01T14:31:23.001Z</time>
      </trkpt>
      <trkpt lat="40.0697052217643" lon="116.33163135672008">
        <ele>49.4</ele>
        <time>2026-08-01T14:31:24.001Z</time>
      </trkpt>
      <trkpt lat="40.06970570659357" lon="116.33156028601647">
        <ele>49.4</ele>
        <time>2026-08-01T14:31:25.001Z</time>
      </trkpt>
      <trkpt lat="40.06970641584596" lon="116.33148861024705">
        <ele>49.4</ele>
        <time>2026-08-01T14:31:26.001Z</time>
      </trkpt>
      <trkpt lat="40.06970720053432" lon="116.33141634784332">
        <ele>49.4</ele>
        <time>2026-08-01T14:31:27.001Z</time>
      </trkpt>
      <trkpt lat="40.06970778266909" lon="116.33134325460856">
        <ele>49.4</ele>
        <time>2026-08-01T14:31:28.001Z</time>
      </trkpt>
      <trkpt lat="40.06970813230734" lon="116.3312693250649">
        <ele>49.4</ele>
        <time>2026-08-01T14:31:29.001Z</time>
      </trkpt>
      <trkpt lat="40.06970838139821" lon="116.33119479871483">
        <ele>49.4</ele>
        <time>2026-08-01T14:31:30.001Z</time>
      </trkpt>
      <trkpt lat="40.0697085041561" lon="116.33112000085924">
        <ele>49.4</ele>
        <time>2026-08-01T14:31:31.001Z</time>
      </trkpt>
      <trkpt lat="40.069708561514844" lon="116.33104500769483">
        <ele>49.4</ele>
        <time>2026-08-01T14:31:32.001Z</time>
      </trkpt>
      <trkpt lat="40.0697090060632" lon="116.33096938016463">
        <ele>49.4</ele>
        <time>2026-08-01T14:31:33.001Z</time>
      </trkpt>
      <trkpt lat="40.06970975848023" lon="116.33089271583269">
        <ele>49.5</ele>
        <time>2026-08-01T14:31:34.001Z</time>
      </trkpt>
      <trkpt lat="40.06971051107148" lon="116.33081535315875">
        <ele>49.5</ele>
        <time>2026-08-01T14:31:35.001Z</time>
      </trkpt>
      <trkpt lat="40.06971074934843" lon="116.3307370252802">
        <ele>49.5</ele>
        <time>2026-08-01T14:31:36.001Z</time>
      </trkpt>
      <trkpt lat="40.06971036130292" lon="116.33065828618444">
        <ele>49.5</ele>
        <time>2026-08-01T14:31:37.001Z</time>
      </trkpt>
      <trkpt lat="40.069709838733495" lon="116.33058000260328">
        <ele>49.5</ele>
        <time>2026-08-01T14:31:38.001Z</time>
      </trkpt>
      <trkpt lat="40.069710302173654" lon="116.33050136717162">
        <ele>49.5</ele>
        <time>2026-08-01T14:31:39.001Z</time>
      </trkpt>
      <trkpt lat="40.069711795000124" lon="116.3304224659019">
        <ele>49.5</ele>
        <time>2026-08-01T14:31:40.001Z</time>
      </trkpt>
      <trkpt lat="40.069713316029514" lon="116.33034393419092">
        <ele>49.5</ele>
        <time>2026-08-01T14:31:41.001Z</time>
      </trkpt>
      <trkpt lat="40.06971494544277" lon="116.3302651950109">
        <ele>49.5</ele>
        <time>2026-08-01T14:31:42.001Z</time>
      </trkpt>
      <trkpt lat="40.06971664199217" lon="116.33018600107494">
        <ele>49.5</ele>
        <time>2026-08-01T14:31:43.001Z</time>
      </trkpt>
      <trkpt lat="40.069718537300936" lon="116.33010637469766">
        <ele>49.5</ele>
        <time>2026-08-01T14:31:44.001Z</time>
      </trkpt>
      <trkpt lat="40.06972076884532" lon="116.33002620851023">
        <ele>49.4</ele>
        <time>2026-08-01T14:31:45.001Z</time>
      </trkpt>
      <trkpt lat="40.06972243785558" lon="116.329944891693">
        <ele>49.4</ele>
        <time>2026-08-01T14:31:46.001Z</time>
      </trkpt>
      <trkpt lat="40.069722910918486" lon="116.32986306082127">
        <ele>49.4</ele>
        <time>2026-08-01T14:31:47.001Z</time>
      </trkpt>
      <trkpt lat="40.06972362008665" lon="116.32978112319738">
        <ele>49.4</ele>
        <time>2026-08-01T14:31:48.001Z</time>
      </trkpt>
      <trkpt lat="40.06972485686632" lon="116.3296988239781">
        <ele>49.4</ele>
        <time>2026-08-01T14:31:49.001Z</time>
      </trkpt>
      <trkpt lat="40.06972575113358" lon="116.32961637996878">
        <ele>49.4</ele>
        <time>2026-08-01T14:31:50.001Z</time>
      </trkpt>
      <trkpt lat="40.06972627586275" lon="116.32953419685309">
        <ele>49.4</ele>
        <time>2026-08-01T14:31:51.001Z</time>
      </trkpt>
      <trkpt lat="40.06972696375258" lon="116.32945204557586">
        <ele>49.4</ele>
        <time>2026-08-01T14:31:52.001Z</time>
      </trkpt>
      <trkpt lat="40.069727415775354" lon="116.32936958428037">
        <ele>49.4</ele>
        <time>2026-08-01T14:31:53.001Z</time>
      </trkpt>
      <trkpt lat="40.06972733907622" lon="116.32928730986457">
        <ele>49.4</ele>
        <time>2026-08-01T14:31:54.001Z</time>
      </trkpt>
      <trkpt lat="40.06972774547887" lon="116.32920549115818">
        <ele>49.4</ele>
        <time>2026-08-01T14:31:55.001Z</time>
      </trkpt>
      <trkpt lat="40.06972891798834" lon="116.32912397824792">
        <ele>49.4</ele>
        <time>2026-08-01T14:31:56.001Z</time>
      </trkpt>
      <trkpt lat="40.06973052234798" lon="116.32904231281297">
        <ele>49.4</ele>
        <time>2026-08-01T14:31:57.001Z</time>
      </trkpt>
      <trkpt lat="40.0697318701295" lon="116.32896143821392">
        <ele>49.4</ele>
        <time>2026-08-01T14:31:58.001Z</time>
      </trkpt>
      <trkpt lat="40.069732556629035" lon="116.32888125521791">
        <ele>49.4</ele>
        <time>2026-08-01T14:31:59.001Z</time>
      </trkpt>
      <trkpt lat="40.06973271760918" lon="116.32880128757833">
        <ele>49.4</ele>
        <time>2026-08-01T14:32:00.001Z</time>
      </trkpt>
      <trkpt lat="40.06973283259646" lon="116.32872175064858">
        <ele>49.4</ele>
        <time>2026-08-01T14:32:01.001Z</time>
      </trkpt>
      <trkpt lat="40.06973345227189" lon="116.32864312799607">
        <ele>49.4</ele>
        <time>2026-08-01T14:32:02.001Z</time>
      </trkpt>
      <trkpt lat="40.06973443001633" lon="116.3285653893376">
        <ele>49.4</ele>
        <time>2026-08-01T14:32:03.001Z</time>
      </trkpt>
      <trkpt lat="40.06973534838869" lon="116.32848793556376">
        <ele>49.5</ele>
        <time>2026-08-01T14:32:04.001Z</time>
      </trkpt>
      <trkpt lat="40.06973612152447" lon="116.32841078440258">
        <ele>49.5</ele>
        <time>2026-08-01T14:32:05.001Z</time>
      </trkpt>
      <trkpt lat="40.06973674151664" lon="116.32833398527934">
        <ele>49.5</ele>
        <time>2026-08-01T14:32:06.001Z</time>
      </trkpt>
      <trkpt lat="40.06973718951846" lon="116.32825751143469">
        <ele>49.5</ele>
        <time>2026-08-01T14:32:07.001Z</time>
      </trkpt>
      <trkpt lat="40.06973748916171" lon="116.32818149743089">
        <ele>49.5</ele>
        <time>2026-08-01T14:32:08.001Z</time>
      </trkpt>
      <trkpt lat="40.06973778032162" lon="116.32810607022411">
        <ele>49.5</ele>
        <time>2026-08-01T14:32:09.001Z</time>
      </trkpt>
      <trkpt lat="40.06973814848856" lon="116.32803133006036">
        <ele>49.6</ele>
        <time>2026-08-01T14:32:10.001Z</time>
      </trkpt>
      <trkpt lat="40.06973857962681" lon="116.32795725267874">
        <ele>49.6</ele>
        <time>2026-08-01T14:32:11.001Z</time>
      </trkpt>
      <trkpt lat="40.0697390878161" lon="116.32788388574949">
        <ele>49.6</ele>
        <time>2026-08-01T14:32:12.001Z</time>
      </trkpt>
      <trkpt lat="40.06973965036123" lon="116.32781112802331">
        <ele>49.7</ele>
        <time>2026-08-01T14:32:13.001Z</time>
      </trkpt>
      <trkpt lat="40.0697402629093" lon="116.3277387486354">
        <ele>49.7</ele>
        <time>2026-08-01T14:32:14.001Z</time>
      </trkpt>
      <trkpt lat="40.06974093278813" lon="116.32766710379524">
        <ele>49.7</ele>
        <time>2026-08-01T14:32:15.001Z</time>
      </trkpt>
      <trkpt lat="40.0697416990292" lon="116.32759626312752">
        <ele>49.7</ele>
        <time>2026-08-01T14:32:16.001Z</time>
      </trkpt>
      <trkpt lat="40.06974250388486" lon="116.32752535724478">
        <ele>49.8</ele>
        <time>2026-08-01T14:32:17.001Z</time>
      </trkpt>
      <trkpt lat="40.06974326437957" lon="116.32745403034961">
        <ele>49.8</ele>
        <time>2026-08-01T14:32:18.001Z</time>
      </trkpt>
      <trkpt lat="40.069743941398904" lon="116.32738272253694">
        <ele>49.8</ele>
        <time>2026-08-01T14:32:19.001Z</time>
      </trkpt>
      <trkpt lat="40.069744439892055" lon="116.32731169919522">
        <ele>49.8</ele>
        <time>2026-08-01T14:32:20.001Z</time>
      </trkpt>
      <trkpt lat="40.06974495252343" lon="116.3272406857294">
        <ele>49.7</ele>
        <time>2026-08-01T14:32:21.001Z</time>
      </trkpt>
      <trkpt lat="40.069745500117016" lon="116.3271693662272">
        <ele>49.7</ele>
        <time>2026-08-01T14:32:22.001Z</time>
      </trkpt>
      <trkpt lat="40.069746007806806" lon="116.32709775932513">
        <ele>49.7</ele>
        <time>2026-08-01T14:32:23.001Z</time>
      </trkpt>
      <trkpt lat="40.06974660740241" lon="116.32702576261593">
        <ele>49.7</ele>
        <time>2026-08-01T14:32:24.001Z</time>
      </trkpt>
      <trkpt lat="40.06974724760608" lon="116.32695344654363">
        <ele>49.7</ele>
        <time>2026-08-01T14:32:25.001Z</time>
      </trkpt>
      <trkpt lat="40.0697481116236" lon="116.3268808472245">
        <ele>49.7</ele>
        <time>2026-08-01T14:32:26.001Z</time>
      </trkpt>
      <trkpt lat="40.0697493313906" lon="116.32680780830374">
        <ele>49.7</ele>
        <time>2026-08-01T14:32:27.001Z</time>
      </trkpt>
      <trkpt lat="40.06975067646029" lon="116.32673427382846">
        <ele>49.7</ele>
        <time>2026-08-01T14:32:28.001Z</time>
      </trkpt>
      <trkpt lat="40.06975197269299" lon="116.32666044186611">
        <ele>49.7</ele>
        <time>2026-08-01T14:32:29.001Z</time>
      </trkpt>
      <trkpt lat="40.0697530001074" lon="116.32658658522034">
        <ele>49.8</ele>
        <time>2026-08-01T14:32:30.001Z</time>
      </trkpt>
      <trkpt lat="40.06975393775836" lon="116.32651273210058">
        <ele>49.8</ele>
        <time>2026-08-01T14:32:31.001Z</time>
      </trkpt>
      <trkpt lat="40.06975493819648" lon="116.32643879279046">
        <ele>49.8</ele>
        <time>2026-08-01T14:32:32.001Z</time>
      </trkpt>
      <trkpt lat="40.06975577210909" lon="116.32636480951098">
        <ele>49.8</ele>
        <time>2026-08-01T14:32:33.001Z</time>
      </trkpt>
      <trkpt lat="40.06975635962577" lon="116.32629093099311">
        <ele>49.9</ele>
        <time>2026-08-01T14:32:34.001Z</time>
      </trkpt>
      <trkpt lat="40.0697567478051" lon="116.3262170361938">
        <ele>49.9</ele>
        <time>2026-08-01T14:32:35.001Z</time>
      </trkpt>
      <trkpt lat="40.06975707288704" lon="116.32614312714853">
        <ele>49.9</ele>
        <time>2026-08-01T14:32:36.001Z</time>
      </trkpt>
      <trkpt lat="40.069757344546794" lon="116.32606896469233">
        <ele>49.9</ele>
        <time>2026-08-01T14:32:37.001Z</time>
      </trkpt>
      <trkpt lat="40.06975761091491" lon="116.32599440719062">
        <ele>49.9</ele>
        <time>2026-08-01T14:32:38.001Z</time>
      </trkpt>
      <trkpt lat="40.06975806208648" lon="116.32591975696295">
        <ele>49.9</ele>
        <time>2026-08-01T14:32:39.001Z</time>
      </trkpt>
      <trkpt lat="40.069758676571624" lon="116.32584511991449">
        <ele>49.9</ele>
        <time>2026-08-01T14:32:40.001Z</time>
      </trkpt>
      <trkpt lat="40.06975939217698" lon="116.32577041542126">
        <ele>49.9</ele>
        <time>2026-08-01T14:32:41.001Z</time>
      </trkpt>
      <trkpt lat="40.069760013877875" lon="116.32569546635908">
        <ele>49.8</ele>
        <time>2026-08-01T14:32:42.001Z</time>
      </trkpt>
      <trkpt lat="40.06976052063639" lon="116.3256205503527">
        <ele>49.8</ele>
        <time>2026-08-01T14:32:43.001Z</time>
      </trkpt>
      <trkpt lat="40.069761321513475" lon="116.32554536693449">
        <ele>49.8</ele>
        <time>2026-08-01T14:32:44.001Z</time>
      </trkpt>
      <trkpt lat="40.069762435033205" lon="116.32546969077609">
        <ele>49.8</ele>
        <time>2026-08-01T14:32:45.001Z</time>
      </trkpt>
      <trkpt lat="40.06976361485379" lon="116.32539380763616">
        <ele>49.7</ele>
        <time>2026-08-01T14:32:46.001Z</time>
      </trkpt>
      <trkpt lat="40.06976470211006" lon="116.32531683833007">
        <ele>49.7</ele>
        <time>2026-08-01T14:32:47.001Z</time>
      </trkpt>
      <trkpt lat="40.06976564655858" lon="116.3252392350911">
        <ele>49.7</ele>
        <time>2026-08-01T14:32:48.001Z</time>
      </trkpt>
      <trkpt lat="40.06976638414283" lon="116.32516214860108">
        <ele>49.7</ele>
        <time>2026-08-01T14:32:49.001Z</time>
      </trkpt>
      <trkpt lat="40.069766832343845" lon="116.32508515948504">
        <ele>49.7</ele>
        <time>2026-08-01T14:32:50.001Z</time>
      </trkpt>
      <trkpt lat="40.06976813605025" lon="116.32500755847805">
        <ele>49.7</ele>
        <time>2026-08-01T14:32:51.001Z</time>
      </trkpt>
      <trkpt lat="40.06977038654894" lon="116.32492973689617">
        <ele>49.7</ele>
        <time>2026-08-01T14:32:52.001Z</time>
      </trkpt>
      <trkpt lat="40.069772448007875" lon="116.32485228694279">
        <ele>49.7</ele>
        <time>2026-08-01T14:32:53.001Z</time>
      </trkpt>
      <trkpt lat="40.069774241379726" lon="116.32477497791221">
        <ele>49.7</ele>
        <time>2026-08-01T14:32:54.001Z</time>
      </trkpt>
      <trkpt lat="40.069775816109356" lon="116.32469765533273">
        <ele>49.7</ele>
        <time>2026-08-01T14:32:55.001Z</time>
      </trkpt>
      <trkpt lat="40.069776694180646" lon="116.32462022080196">
        <ele>49.7</ele>
        <time>2026-08-01T14:32:56.001Z</time>
      </trkpt>
      <trkpt lat="40.06977692135395" lon="116.32454298292868">
        <ele>49.7</ele>
        <time>2026-08-01T14:32:57.001Z</time>
      </trkpt>
      <trkpt lat="40.06977692610566" lon="116.32446579047398">
        <ele>49.7</ele>
        <time>2026-08-01T14:32:58.001Z</time>
      </trkpt>
      <trkpt lat="40.069776895446644" lon="116.32438841629605">
        <ele>49.7</ele>
        <time>2026-08-01T14:32:59.001Z</time>
      </trkpt>
      <trkpt lat="40.06977755197313" lon="116.32431120000899">
        <ele>49.7</ele>
        <time>2026-08-01T14:33:00.001Z</time>
      </trkpt>
      <trkpt lat="40.06977882119924" lon="116.32423451771344">
        <ele>49.7</ele>
        <time>2026-08-01T14:33:01.001Z</time>
      </trkpt>
      <trkpt lat="40.06978022987749" lon="116.32415849789021">
        <ele>49.7</ele>
        <time>2026-08-01T14:33:02.001Z</time>
      </trkpt>
      <trkpt lat="40.06978166549551" lon="116.32408295971253">
        <ele>49.6</ele>
        <time>2026-08-01T14:33:03.001Z</time>
      </trkpt>
      <trkpt lat="40.069782911181136" lon="116.32400766641375">
        <ele>49.6</ele>
        <time>2026-08-01T14:33:04.001Z</time>
      </trkpt>
      <trkpt lat="40.06978397219163" lon="116.32393248227007">
        <ele>49.6</ele>
        <time>2026-08-01T14:33:05.001Z</time>
      </trkpt>
      <trkpt lat="40.06978488587174" lon="116.32385756460876">
        <ele>49.6</ele>
        <time>2026-08-01T14:33:06.001Z</time>
      </trkpt>
      <trkpt lat="40.069785694279055" lon="116.32378297007486">
        <ele>49.6</ele>
        <time>2026-08-01T14:33:07.001Z</time>
      </trkpt>
      <trkpt lat="40.069786600908344" lon="116.32370855560198">
        <ele>49.6</ele>
        <time>2026-08-01T14:33:08.001Z</time>
      </trkpt>
      <trkpt lat="40.069787520490166" lon="116.32363414696022">
        <ele>49.6</ele>
        <time>2026-08-01T14:33:09.001Z</time>
      </trkpt>
      <trkpt lat="40.06978818630179" lon="116.32355963917684">
        <ele>49.6</ele>
        <time>2026-08-01T14:33:10.001Z</time>
      </trkpt>
      <trkpt lat="40.06978859179224" lon="116.32348497862502">
        <ele>49.6</ele>
        <time>2026-08-01T14:33:11.001Z</time>
      </trkpt>
      <trkpt lat="40.069788798689714" lon="116.32341028086128">
        <ele>49.6</ele>
        <time>2026-08-01T14:33:12.001Z</time>
      </trkpt>
      <trkpt lat="40.069788950045336" lon="116.32333578509542">
        <ele>49.6</ele>
        <time>2026-08-01T14:33:13.001Z</time>
      </trkpt>
      <trkpt lat="40.06978933504204" lon="116.32326175361051">
        <ele>49.7</ele>
        <time>2026-08-01T14:33:14.001Z</time>
      </trkpt>
      <trkpt lat="40.06978998873362" lon="116.32318837913932">
        <ele>49.7</ele>
        <time>2026-08-01T14:33:15.001Z</time>
      </trkpt>
      <trkpt lat="40.069790677025985" lon="116.32311536421267">
        <ele>49.7</ele>
        <time>2026-08-01T14:33:16.001Z</time>
      </trkpt>
      <trkpt lat="40.06979127397639" lon="116.32304255862063">
        <ele>49.7</ele>
        <time>2026-08-01T14:33:17.001Z</time>
      </trkpt>
      <trkpt lat="40.06979175084533" lon="116.32297031072659">
        <ele>49.7</ele>
        <time>2026-08-01T14:33:18.001Z</time>
      </trkpt>
      <trkpt lat="40.06979217758719" lon="116.3228987020059">
        <ele>49.8</ele>
        <time>2026-08-01T14:33:19.001Z</time>
      </trkpt>
      <trkpt lat="40.069792618243795" lon="116.32282750646746">
        <ele>49.8</ele>
        <time>2026-08-01T14:33:20.001Z</time>
      </trkpt>
      <trkpt lat="40.069793185859766" lon="116.3227557021014">
        <ele>49.8</ele>
        <time>2026-08-01T14:33:21.001Z</time>
      </trkpt>
      <trkpt lat="40.06979437640142" lon="116.32268250419915">
        <ele>49.8</ele>
        <time>2026-08-01T14:33:22.001Z</time>
      </trkpt>
      <trkpt lat="40.06979649624931" lon="116.32260844183456">
        <ele>49.8</ele>
        <time>2026-08-01T14:33:23.001Z</time>
      </trkpt>
      <trkpt lat="40.06979926826409" lon="116.32253416385046">
        <ele>49.8</ele>
        <time>2026-08-01T14:33:24.001Z</time>
      </trkpt>
      <trkpt lat="40.06980227180977" lon="116.32246016075581">
        <ele>49.8</ele>
        <time>2026-08-01T14:33:25.001Z</time>
      </trkpt>
      <trkpt lat="40.069805308638415" lon="116.32238700463076">
        <ele>49.8</ele>
        <time>2026-08-01T14:33:26.001Z</time>
      </trkpt>
      <trkpt lat="40.06980846755326" lon="116.32231488140246">
        <ele>49.9</ele>
        <time>2026-08-01T14:33:27.001Z</time>
      </trkpt>
      <trkpt lat="40.069812288783226" lon="116.32224361716598">
        <ele>49.9</ele>
        <time>2026-08-01T14:33:28.001Z</time>
      </trkpt>
      <trkpt lat="40.06981750714767" lon="116.32217289826485">
        <ele>49.9</ele>
        <time>2026-08-01T14:33:29.001Z</time>
      </trkpt>
      <trkpt lat="40.06982455189298" lon="116.32210260674547">
        <ele>49.9</ele>
        <time>2026-08-01T14:33:30.001Z</time>
      </trkpt>
      <trkpt lat="40.06983375448754" lon="116.32203309695853">
        <ele>49.9</ele>
        <time>2026-08-01T14:33:31.001Z</time>
      </trkpt>
      <trkpt lat="40.06984512579938" lon="116.32196428305639">
        <ele>50.0</ele>
        <time>2026-08-01T14:33:32.001Z</time>
      </trkpt>
      <trkpt lat="40.06985821090606" lon="116.32189594243322">
        <ele>50.0</ele>
        <time>2026-08-01T14:33:33.001Z</time>
      </trkpt>
      <trkpt lat="40.06987221424974" lon="116.32182820224963">
        <ele>50.1</ele>
        <time>2026-08-01T14:33:34.001Z</time>
      </trkpt>
      <trkpt lat="40.06988625618726" lon="116.3217607172597">
        <ele>50.1</ele>
        <time>2026-08-01T14:33:35.000Z</time>
      </trkpt>
      <trkpt lat="40.06989971927431" lon="116.32169293689712">
        <ele>50.1</ele>
        <time>2026-08-01T14:33:36.000Z</time>
      </trkpt>
      <trkpt lat="40.06991201690872" lon="116.32162436104633">
        <ele>50.2</ele>
        <time>2026-08-01T14:33:37.000Z</time>
      </trkpt>
      <trkpt lat="40.06992229073208" lon="116.32155462468384">
        <ele>50.2</ele>
        <time>2026-08-01T14:33:38.000Z</time>
      </trkpt>
      <trkpt lat="40.06993011198335" lon="116.3214841450979">
        <ele>50.2</ele>
        <time>2026-08-01T14:33:39.000Z</time>
      </trkpt>
      <trkpt lat="40.069935845541465" lon="116.32141342022385">
        <ele>50.2</ele>
        <time>2026-08-01T14:33:40.000Z</time>
      </trkpt>
      <trkpt lat="40.06993960502005" lon="116.32134202942454">
        <ele>50.3</ele>
        <time>2026-08-01T14:33:41.000Z</time>
      </trkpt>
      <trkpt lat="40.06994166596781" lon="116.32126958992782">
        <ele>50.3</ele>
        <time>2026-08-01T14:33:42.000Z</time>
      </trkpt>
      <trkpt lat="40.06994291812345" lon="116.32119637569915">
        <ele>50.3</ele>
        <time>2026-08-01T14:33:43.000Z</time>
      </trkpt>
      <trkpt lat="40.069943964193996" lon="116.32112281255071">
        <ele>50.3</ele>
        <time>2026-08-01T14:33:44.000Z</time>
      </trkpt>
      <trkpt lat="40.06994535755283" lon="116.32104935572623">
        <ele>50.3</ele>
        <time>2026-08-01T14:33:45.000Z</time>
      </trkpt>
      <trkpt lat="40.06994719589718" lon="116.320975861842">
        <ele>50.4</ele>
        <time>2026-08-01T14:33:46.000Z</time>
      </trkpt>
      <trkpt lat="40.06994909606604" lon="116.32090206167207">
        <ele>50.4</ele>
        <time>2026-08-01T14:33:47.000Z</time>
      </trkpt>
      <trkpt lat="40.06995077559112" lon="116.32082798964244">
        <ele>50.4</ele>
        <time>2026-08-01T14:33:48.000Z</time>
      </trkpt>
      <trkpt lat="40.06995210201648" lon="116.32075350382296">
        <ele>50.5</ele>
        <time>2026-08-01T14:33:49.000Z</time>
      </trkpt>
      <trkpt lat="40.069953034752224" lon="116.32067895237937">
        <ele>50.5</ele>
        <time>2026-08-01T14:33:50.000Z</time>
      </trkpt>
      <trkpt lat="40.069953629442495" lon="116.32060437839539">
        <ele>50.5</ele>
        <time>2026-08-01T14:33:51.000Z</time>
      </trkpt>
      <trkpt lat="40.069954088998415" lon="116.32052970862293">
        <ele>50.5</ele>
        <time>2026-08-01T14:33:52.000Z</time>
      </trkpt>
      <trkpt lat="40.06995432547894" lon="116.32045536051342">
        <ele>50.5</ele>
        <time>2026-08-01T14:33:53.000Z</time>
      </trkpt>
      <trkpt lat="40.069954487454076" lon="116.32038138404572">
        <ele>50.5</ele>
        <time>2026-08-01T14:33:54.000Z</time>
      </trkpt>
      <trkpt lat="40.06995473756555" lon="116.32030760584799">
        <ele>50.5</ele>
        <time>2026-08-01T14:33:55.000Z</time>
      </trkpt>
      <trkpt lat="40.0699551019384" lon="116.32023376824858">
        <ele>50.5</ele>
        <time>2026-08-01T14:33:56.000Z</time>
      </trkpt>
      <trkpt lat="40.069955737573906" lon="116.32015969791858">
        <ele>50.5</ele>
        <time>2026-08-01T14:33:57.000Z</time>
      </trkpt>
      <trkpt lat="40.0699565936682" lon="116.32008548175543">
        <ele>50.5</ele>
        <time>2026-08-01T14:33:58.000Z</time>
      </trkpt>
      <trkpt lat="40.069957698649674" lon="116.32001101668362">
        <ele>50.5</ele>
        <time>2026-08-01T14:33:59.000Z</time>
      </trkpt>
      <trkpt lat="40.0699590740732" lon="116.31993630836787">
        <ele>50.5</ele>
        <time>2026-08-01T14:34:00.000Z</time>
      </trkpt>
      <trkpt lat="40.06996061337985" lon="116.31986156413701">
        <ele>50.5</ele>
        <time>2026-08-01T14:34:01.000Z</time>
      </trkpt>
      <trkpt lat="40.0699620373773" lon="116.3197868856038">
        <ele>50.5</ele>
        <time>2026-08-01T14:34:02.000Z</time>
      </trkpt>
      <trkpt lat="40.06996303238812" lon="116.31971208959948">
        <ele>50.5</ele>
        <time>2026-08-01T14:34:03.000Z</time>
      </trkpt>
      <trkpt lat="40.06996365120802" lon="116.31963726762926">
        <ele>50.5</ele>
        <time>2026-08-01T14:34:04.000Z</time>
      </trkpt>
      <trkpt lat="40.06996402135241" lon="116.31956257174168">
        <ele>50.5</ele>
        <time>2026-08-01T14:34:05.000Z</time>
      </trkpt>
      <trkpt lat="40.06996420811589" lon="116.31948777701625">
        <ele>50.5</ele>
        <time>2026-08-01T14:34:06.000Z</time>
      </trkpt>
      <trkpt lat="40.069964290897886" lon="116.31941320488544">
        <ele>50.5</ele>
        <time>2026-08-01T14:34:07.000Z</time>
      </trkpt>
      <trkpt lat="40.06996439467859" lon="116.31933892471754">
        <ele>50.5</ele>
        <time>2026-08-01T14:34:08.000Z</time>
      </trkpt>
      <trkpt lat="40.06996463054903" lon="116.31926465226002">
        <ele>50.5</ele>
        <time>2026-08-01T14:34:09.000Z</time>
      </trkpt>
      <trkpt lat="40.06996492726323" lon="116.3191902442525">
        <ele>50.5</ele>
        <time>2026-08-01T14:34:10.000Z</time>
      </trkpt>
      <trkpt lat="40.06996537944597" lon="116.31911571163631">
        <ele>50.5</ele>
        <time>2026-08-01T14:34:11.001Z</time>
      </trkpt>
      <trkpt lat="40.0699662801406" lon="116.31904094335279">
        <ele>50.5</ele>
        <time>2026-08-01T14:34:12.001Z</time>
      </trkpt>
      <trkpt lat="40.06996746401343" lon="116.31896572319108">
        <ele>50.5</ele>
        <time>2026-08-01T14:34:13.001Z</time>
      </trkpt>
      <trkpt lat="40.0699684064252" lon="116.31889057647261">
        <ele>50.4</ele>
        <time>2026-08-01T14:34:14.000Z</time>
      </trkpt>
      <trkpt lat="40.069968973132326" lon="116.3188158476974">
        <ele>50.4</ele>
        <time>2026-08-01T14:34:15.000Z</time>
      </trkpt>
      <trkpt lat="40.069969384392756" lon="116.31874105127545">
        <ele>50.4</ele>
        <time>2026-08-01T14:34:16.000Z</time>
      </trkpt>
      <trkpt lat="40.06996978929842" lon="116.31866603521657">
        <ele>50.4</ele>
        <time>2026-08-01T14:34:17.000Z</time>
      </trkpt>
      <trkpt lat="40.06997033352674" lon="116.31859072773538">
        <ele>50.4</ele>
        <time>2026-08-01T14:34:18.000Z</time>
      </trkpt>
      <trkpt lat="40.06997097953182" lon="116.31851499621432">
        <ele>50.3</ele>
        <time>2026-08-01T14:34:19.000Z</time>
      </trkpt>
      <trkpt lat="40.06997141385082" lon="116.31843921937555">
        <ele>50.3</ele>
        <time>2026-08-01T14:34:20.000Z</time>
      </trkpt>
      <trkpt lat="40.06997179043614" lon="116.31836378159595">
        <ele>50.3</ele>
        <time>2026-08-01T14:34:21.000Z</time>
      </trkpt>
      <trkpt lat="40.069972388405326" lon="116.31828860506805">
        <ele>50.3</ele>
        <time>2026-08-01T14:34:22.000Z</time>
      </trkpt>
      <trkpt lat="40.06997303430269" lon="116.31821351925952">
        <ele>50.3</ele>
        <time>2026-08-01T14:34:23.000Z</time>
      </trkpt>
      <trkpt lat="40.069973528098494" lon="116.31813851970519">
        <ele>50.3</ele>
        <time>2026-08-01T14:34:24.000Z</time>
      </trkpt>
      <trkpt lat="40.06997362818219" lon="116.3180635524143">
        <ele>50.3</ele>
        <time>2026-08-01T14:34:25.000Z</time>
      </trkpt>
      <trkpt lat="40.06997352375426" lon="116.31798865982994">
        <ele>50.3</ele>
        <time>2026-08-01T14:34:26.000Z</time>
      </trkpt>
      <trkpt lat="40.06997381627724" lon="116.3179136761291">
        <ele>50.3</ele>
        <time>2026-08-01T14:34:27.000Z</time>
      </trkpt>
      <trkpt lat="40.069974611853056" lon="116.3178385458061">
        <ele>50.3</ele>
        <time>2026-08-01T14:34:28.000Z</time>
      </trkpt>
      <trkpt lat="40.06997561849429" lon="116.31776339692587">
        <ele>50.3</ele>
        <time>2026-08-01T14:34:29.000Z</time>
      </trkpt>
      <trkpt lat="40.06997665481424" lon="116.31768808329021">
        <ele>50.3</ele>
        <time>2026-08-01T14:34:30.000Z</time>
      </trkpt>
      <trkpt lat="40.06997764380248" lon="116.31761277219735">
        <ele>50.3</ele>
        <time>2026-08-01T14:34:31.000Z</time>
      </trkpt>
      <trkpt lat="40.06997867487935" lon="116.31753761950738">
        <ele>50.3</ele>
        <time>2026-08-01T14:34:32.000Z</time>
      </trkpt>
      <trkpt lat="40.0699798124987" lon="116.31746231014462">
        <ele>50.3</ele>
        <time>2026-08-01T14:34:33.000Z</time>
      </trkpt>
      <trkpt lat="40.06998089894495" lon="116.3173869903424">
        <ele>50.3</ele>
        <time>2026-08-01T14:34:34.000Z</time>
      </trkpt>
      <trkpt lat="40.069981651779344" lon="116.31731163627155">
        <ele>50.3</ele>
        <time>2026-08-01T14:34:35.000Z</time>
      </trkpt>
      <trkpt lat="40.069981914145025" lon="116.3172361009183">
        <ele>50.3</ele>
        <time>2026-08-01T14:34:36.000Z</time>
      </trkpt>
      <trkpt lat="40.06998227039445" lon="116.31716089943629">
        <ele>50.3</ele>
        <time>2026-08-01T14:34:37.000Z</time>
      </trkpt>
      <trkpt lat="40.069983224954974" lon="116.31708635608783">
        <ele>50.3</ele>
        <time>2026-08-01T14:34:38.000Z</time>
      </trkpt>
      <trkpt lat="40.06998447932592" lon="116.31701219112612">
        <ele>50.4</ele>
        <time>2026-08-01T14:34:39.000Z</time>
      </trkpt>
      <trkpt lat="40.069985628980085" lon="116.31693799774798">
        <ele>50.4</ele>
        <time>2026-08-01T14:34:40.000Z</time>
      </trkpt>
      <trkpt lat="40.06998661532654" lon="116.31686382600222">
        <ele>50.4</ele>
        <time>2026-08-01T14:34:41.000Z</time>
      </trkpt>
      <trkpt lat="40.06998758018805" lon="116.31678984498544">
        <ele>50.4</ele>
        <time>2026-08-01T14:34:42.000Z</time>
      </trkpt>
      <trkpt lat="40.06998853795307" lon="116.31671607337937">
        <ele>50.4</ele>
        <time>2026-08-01T14:34:43.000Z</time>
      </trkpt>
      <trkpt lat="40.069989382631846" lon="116.3166424861814">
        <ele>50.4</ele>
        <time>2026-08-01T14:34:44.000Z</time>
      </trkpt>
      <trkpt lat="40.069990054509425" lon="116.31656912120559">
        <ele>50.4</ele>
        <time>2026-08-01T14:34:45.000Z</time>
      </trkpt>
      <trkpt lat="40.069990575712744" lon="116.31649608813004">
        <ele>50.4</ele>
        <time>2026-08-01T14:34:46.000Z</time>
      </trkpt>
      <trkpt lat="40.06999108435632" lon="116.31642339508575">
        <ele>50.4</ele>
        <time>2026-08-01T14:34:47.000Z</time>
      </trkpt>
      <trkpt lat="40.0699917265976" lon="116.31635095710469">
        <ele>50.4</ele>
        <time>2026-08-01T14:34:48.000Z</time>
      </trkpt>
      <trkpt lat="40.06999246706706" lon="116.31627879775652">
        <ele>50.4</ele>
        <time>2026-08-01T14:34:49.000Z</time>
      </trkpt>
      <trkpt lat="40.06999322108392" lon="116.31620707376015">
        <ele>50.4</ele>
        <time>2026-08-01T14:34:50.000Z</time>
      </trkpt>
      <trkpt lat="40.069993947077876" lon="116.31613572071947">
        <ele>50.4</ele>
        <time>2026-08-01T14:34:51.000Z</time>
      </trkpt>
      <trkpt lat="40.06999458355462" lon="116.31606456114285">
        <ele>50.5</ele>
        <time>2026-08-01T14:34:52.000Z</time>
      </trkpt>
      <trkpt lat="40.06999516438517" lon="116.31599368320549">
        <ele>50.5</ele>
        <time>2026-08-01T14:34:53.000Z</time>
      </trkpt>
      <trkpt lat="40.06999579763069" lon="116.31592328751618">
        <ele>50.5</ele>
        <time>2026-08-01T14:34:54.000Z</time>
      </trkpt>
      <trkpt lat="40.069996524192575" lon="116.31585324696441">
        <ele>50.5</ele>
        <time>2026-08-01T14:34:55.000Z</time>
      </trkpt>
      <trkpt lat="40.06999728989259" lon="116.3157831724868">
        <ele>50.5</ele>
        <time>2026-08-01T14:34:56.000Z</time>
      </trkpt>
      <trkpt lat="40.06999805525124" lon="116.31571290620617">
        <ele>50.5</ele>
        <time>2026-08-01T14:34:57.000Z</time>
      </trkpt>
      <trkpt lat="40.069998843585545" lon="116.31564234416267">
        <ele>50.5</ele>
        <time>2026-08-01T14:34:58.000Z</time>
      </trkpt>
      <trkpt lat="40.06999966151033" lon="116.31557142394317">
        <ele>50.5</ele>
        <time>2026-08-01T14:34:59.000Z</time>
      </trkpt>
      <trkpt lat="40.07000054261476" lon="116.31550016740593">
        <ele>50.5</ele>
        <time>2026-08-01T14:35:00.000Z</time>
      </trkpt>
      <trkpt lat="40.070001466940575" lon="116.31542859749814">
        <ele>50.5</ele>
        <time>2026-08-01T14:35:01.000Z</time>
      </trkpt>
      <trkpt lat="40.070002388950165" lon="116.31535689458599">
        <ele>50.6</ele>
        <time>2026-08-01T14:35:02.000Z</time>
      </trkpt>
      <trkpt lat="40.070003279720495" lon="116.31528543299208">
        <ele>50.6</ele>
        <time>2026-08-01T14:35:03.000Z</time>
      </trkpt>
      <trkpt lat="40.07000405845962" lon="116.31521450412767">
        <ele>50.6</ele>
        <time>2026-08-01T14:35:04.000Z</time>
      </trkpt>
      <trkpt lat="40.070004698403984" lon="116.31514399556289">
        <ele>50.6</ele>
        <time>2026-08-01T14:35:05.000Z</time>
      </trkpt>
      <trkpt lat="40.07000525306762" lon="116.31507382502222">
        <ele>50.6</ele>
        <time>2026-08-01T14:35:06.000Z</time>
      </trkpt>
      <trkpt lat="40.070005780969595" lon="116.31500419902586">
        <ele>50.7</ele>
        <time>2026-08-01T14:35:07.000Z</time>
      </trkpt>
      <trkpt lat="40.07000635848391" lon="116.31493510942">
        <ele>50.7</ele>
        <time>2026-08-01T14:35:08.000Z</time>
      </trkpt>
      <trkpt lat="40.070007089571185" lon="116.31486637223563">
        <ele>50.7</ele>
        <time>2026-08-01T14:35:09.000Z</time>
      </trkpt>
      <trkpt lat="40.07000816530807" lon="116.31479790244545">
        <ele>50.8</ele>
        <time>2026-08-01T14:35:10.000Z</time>
      </trkpt>
      <trkpt lat="40.07000973316406" lon="116.31472981947492">
        <ele>50.8</ele>
        <time>2026-08-01T14:35:11.000Z</time>
      </trkpt>
      <trkpt lat="40.07001164736343" lon="116.31466260590715">
        <ele>50.8</ele>
        <time>2026-08-01T14:35:12.000Z</time>
      </trkpt>
      <trkpt lat="40.07001347148209" lon="116.31459625960302">
        <ele>50.8</ele>
        <time>2026-08-01T14:35:13.000Z</time>
      </trkpt>
      <trkpt lat="40.07001490259534" lon="116.31453059680298">
        <ele>50.8</ele>
        <time>2026-08-01T14:35:14.000Z</time>
      </trkpt>
      <trkpt lat="40.07001607078533" lon="116.31446529735986">
        <ele>50.8</ele>
        <time>2026-08-01T14:35:15.000Z</time>
      </trkpt>
      <trkpt lat="40.07001704181661" lon="116.31439986506098">
        <ele>50.8</ele>
        <time>2026-08-01T14:35:16.000Z</time>
      </trkpt>
      <trkpt lat="40.07001768296715" lon="116.31433417147355">
        <ele>50.8</ele>
        <time>2026-08-01T14:35:17.000Z</time>
      </trkpt>
      <trkpt lat="40.070018097482674" lon="116.31426830012305">
        <ele>50.9</ele>
        <time>2026-08-01T14:35:18.000Z</time>
      </trkpt>
      <trkpt lat="40.07001846620599" lon="116.31420230815066">
        <ele>50.9</ele>
        <time>2026-08-01T14:35:19.000Z</time>
      </trkpt>
      <trkpt lat="40.070018838994336" lon="116.31413613469456">
        <ele>50.9</ele>
        <time>2026-08-01T14:35:20.000Z</time>
      </trkpt>
      <trkpt lat="40.070019125718964" lon="116.31406991881963">
        <ele>50.9</ele>
        <time>2026-08-01T14:35:21.000Z</time>
      </trkpt>
      <trkpt lat="40.07001918007337" lon="116.31400394691738">
        <ele>50.9</ele>
        <time>2026-08-01T14:35:22.000Z</time>
      </trkpt>
      <trkpt lat="40.070018988253366" lon="116.31393820593996">
        <ele>50.9</ele>
        <time>2026-08-01T14:35:23.000Z</time>
      </trkpt>
      <trkpt lat="40.070018564845604" lon="116.31387245233621">
        <ele>50.9</ele>
        <time>2026-08-01T14:35:24.000Z</time>
      </trkpt>
      <trkpt lat="40.07001790117625" lon="116.31380682310824">
        <ele>51.0</ele>
        <time>2026-08-01T14:35:25.000Z</time>
      </trkpt>
      <trkpt lat="40.07001688887763" lon="116.31374128376252">
        <ele>51.0</ele>
        <time>2026-08-01T14:35:26.000Z</time>
      </trkpt>
      <trkpt lat="40.07001554785981" lon="116.31367557351558">
        <ele>51.0</ele>
        <time>2026-08-01T14:35:27.000Z</time>
      </trkpt>
      <trkpt lat="40.07001413790373" lon="116.31361007866653">
        <ele>51.0</ele>
        <time>2026-08-01T14:35:28.000Z</time>
      </trkpt>
      <trkpt lat="40.070012464417985" lon="116.31354504926796">
        <ele>51.0</ele>
        <time>2026-08-01T14:35:29.000Z</time>
      </trkpt>
      <trkpt lat="40.070009800410645" lon="116.3134801517427">
        <ele>51.0</ele>
        <time>2026-08-01T14:35:30.000Z</time>
      </trkpt>
      <trkpt lat="40.070005416524765" lon="116.31341531187257">
        <ele>51.0</ele>
        <time>2026-08-01T14:35:31.000Z</time>
      </trkpt>
      <trkpt lat="40.0699986699467" lon="116.31335063451537">
        <ele>51.1</ele>
        <time>2026-08-01T14:35:32.000Z</time>
        <extensions>
          <gpxtpx:TrackPointExtension>
            <gpxtpx:hr>136</gpxtpx:hr>
          </gpxtpx:TrackPointExtension>
        </extensions>
      </trkpt>
      <trkpt lat="40.069989238770965" lon="116.31328616130777">
        <ele>51.1</ele>
        <time>2026-08-01T14:35:33.000Z</time>
        <extensions>
          <gpxtpx:TrackPointExtension>
            <gpxtpx:hr>136</gpxtpx:hr>
          </gpxtpx:TrackPointExtension>
        </extensions>
      </trkpt>
      <trkpt lat="40.06997729802091" lon="116.31322209053106">
        <ele>51.1</ele>
        <time>2026-08-01T14:35:34.000Z</time>
        <extensions>
          <gpxtpx:TrackPointExtension>
            <gpxtpx:hr>136</gpxtpx:hr>
          </gpxtpx:TrackPointExtension>
        </extensions>
      </trkpt>
      <trkpt lat="40.069963194157715" lon="116.31315860234325">
        <ele>51.1</ele>
        <time>2026-08-01T14:35:35.000Z</time>
        <extensions>
          <gpxtpx:TrackPointExtension>
            <gpxtpx:hr>136</gpxtpx:hr>
          </gpxtpx:TrackPointExtension>
        </extensions>
      </trkpt>
      <trkpt lat="40.069947208205285" lon="116.31309572291472">
        <ele>51.1</ele>
        <time>2026-08-01T14:35:36.000Z</time>
        <extensions>
          <gpxtpx:TrackPointExtension>
            <gpxtpx:hr>136</gpxtpx:hr>
          </gpxtpx:TrackPointExtension>
        </extensions>
      </trkpt>
      <trkpt lat="40.06992969768013" lon="116.31303363943668">
        <ele>51.1</ele>
        <time>2026-08-01T14:35:37.000Z</time>
        <extensions>
          <gpxtpx:TrackPointExtension>
            <gpxtpx:hr>136</gpxtpx:hr>
          </gpxtpx:TrackPointExtension>
        </extensions>
      </trkpt>
      <trkpt lat="40.06991105337237" lon="116.31297220867667">
        <ele>51.1</ele>
        <time>2026-08-01T14:35:38.000Z</time>
        <extensions>
          <gpxtpx:TrackPointExtension>
            <gpxtpx:hr>136</gpxtpx:hr>
          </gpxtpx:TrackPointExtension>
        </extensions>
      </trkpt>
      <trkpt lat="40.06989185284267" lon="116.31291121275135">
        <ele>51.1</ele>
        <time>2026-08-01T14:35:39.000Z</time>
        <extensions>
          <gpxtpx:TrackPointExtension>
            <gpxtpx:hr>136</gpxtpx:hr>
          </gpxtpx:TrackPointExtension>
        </extensions>
      </trkpt>
      <trkpt lat="40.06987247100979" lon="116.31285076576461">
        <ele>51.2</ele>
        <time>2026-08-01T14:35:40.000Z</time>
        <extensions>
          <gpxtpx:TrackPointExtension>
            <gpxtpx:hr>136</gpxtpx:hr>
          </gpxtpx:TrackPointExtension>
        </extensions>
      </trkpt>
      <trkpt lat="40.06985306688618" lon="116.31279062803304">
        <ele>51.2</ele>
        <time>2026-08-01T14:35:41.000Z</time>
        <extensions>
          <gpxtpx:TrackPointExtension>
            <gpxtpx:hr>136</gpxtpx:hr>
          </gpxtpx:TrackPointExtension>
        </extensions>
      </trkpt>
      <trkpt lat="40.069834062480005" lon="116.31273063448509">
        <ele>51.2</ele>
        <time>2026-08-01T14:35:42.000Z</time>
        <extensions>
          <gpxtpx:TrackPointExtension>
            <gpxtpx:hr>136</gpxtpx:hr>
          </gpxtpx:TrackPointExtension>
        </extensions>
      </trkpt>
      <trkpt lat="40.06981574919992" lon="116.31267079585162">
        <ele>51.2</ele>
        <time>2026-08-01T14:35:43.000Z</time>
        <extensions>
          <gpxtpx:TrackPointExtension>
            <gpxtpx:hr>136</gpxtpx:hr>
          </gpxtpx:TrackPointExtension>
        </extensions>
      </trkpt>
      <trkpt lat="40.06979836344455" lon="116.31261107816599">
        <ele>51.2</ele>
        <time>2026-08-01T14:35:44.000Z</time>
        <extensions>
          <gpxtpx:TrackPointExtension>
            <gpxtpx:hr>136</gpxtpx:hr>
          </gpxtpx:TrackPointExtension>
        </extensions>
      </trkpt>
      <trkpt lat="40.069782195663166" lon="116.31255160596635">
        <ele>51.3</ele>
        <time>2026-08-01T14:35:45.000Z</time>
        <extensions>
          <gpxtpx:TrackPointExtension>
            <gpxtpx:hr>136</gpxtpx:hr>
          </gpxtpx:TrackPointExtension>
        </extensions>
      </trkpt>
      <trkpt lat="40.069767647982395" lon="116.31249215778044">
        <ele>51.3</ele>
        <time>2026-08-01T14:35:46.000Z</time>
        <extensions>
          <gpxtpx:TrackPointExtension>
            <gpxtpx:hr>136</gpxtpx:hr>
          </gpxtpx:TrackPointExtension>
        </extensions>
      </trkpt>
      <trkpt lat="40.069755128921706" lon="116.31243221433782">
        <ele>51.3</ele>
        <time>2026-08-01T14:35:47.000Z</time>
        <extensions>
          <gpxtpx:TrackPointExtension>
            <gpxtpx:hr>136</gpxtpx:hr>
          </gpxtpx:TrackPointExtension>
        </extensions>
      </trkpt>
      <trkpt lat="40.069744667235305" lon="116.31237141452301">
        <ele>51.3</ele>
        <time>2026-08-01T14:35:48.000Z</time>
        <extensions>
          <gpxtpx:TrackPointExtension>
            <gpxtpx:hr>136</gpxtpx:hr>
          </gpxtpx:TrackPointExtension>
        </extensions>
      </trkpt>
      <trkpt lat="40.069736283062035" lon="116.31230971204646">
        <ele>51.4</ele>
        <time>2026-08-01T14:35:49.000Z</time>
        <extensions>
          <gpxtpx:TrackPointExtension>
            <gpxtpx:hr>136</gpxtpx:hr>
          </gpxtpx:TrackPointExtension>
        </extensions>
      </trkpt>
      <trkpt lat="40.06973021838765" lon="116.31224731188394">
        <ele>51.4</ele>
        <time>2026-08-01T14:35:50.000Z</time>
        <extensions>
          <gpxtpx:TrackPointExtension>
            <gpxtpx:hr>136</gpxtpx:hr>
          </gpxtpx:TrackPointExtension>
        </extensions>
      </trkpt>
      <trkpt lat="40.06972640042152" lon="116.31218427972958">
        <ele>51.4</ele>
        <time>2026-08-01T14:35:51.000Z</time>
        <extensions>
          <gpxtpx:TrackPointExtension>
            <gpxtpx:hr>136</gpxtpx:hr>
          </gpxtpx:TrackPointExtension>
        </extensions>
      </trkpt>
      <trkpt lat="40.069724364181525" lon="116.31212093232496">
        <ele>51.4</ele>
        <time>2026-08-01T14:35:52.000Z</time>
        <extensions>
          <gpxtpx:TrackPointExtension>
            <gpxtpx:hr>136</gpxtpx:hr>
          </gpxtpx:TrackPointExtension>
        </extensions>
      </trkpt>
      <trkpt lat="40.06972348939151" lon="116.31205755266326">
        <ele>51.5</ele>
        <time>2026-08-01T14:35:53.000Z</time>
        <extensions>
          <gpxtpx:TrackPointExtension>
            <gpxtpx:hr>136</gpxtpx:hr>
          </gpxtpx:TrackPointExtension>
        </extensions>
      </trkpt>
      <trkpt lat="40.06972320435969" lon="116.31199418979209">
        <ele>51.5</ele>
        <time>2026-08-01T14:35:54.000Z</time>
        <extensions>
          <gpxtpx:TrackPointExtension>
            <gpxtpx:hr>136</gpxtpx:hr>
          </gpxtpx:TrackPointExtension>
        </extensions>
      </trkpt>
      <trkpt lat="40.069723242659" lon="116.31193092698787">
        <ele>51.5</ele>
        <time>2026-08-01T14:35:55.000Z</time>
        <extensions>
          <gpxtpx:TrackPointExtension>
            <gpxtpx:hr>136</gpxtpx:hr>
          </gpxtpx:TrackPointExtension>
        </extensions>
      </trkpt>
      <trkpt lat="40.06972322258075" lon="116.31186786229621">
        <ele>51.5</ele>
        <time>2026-08-01T14:35:56.000Z</time>
        <extensions>
          <gpxtpx:TrackPointExtension>
            <gpxtpx:hr>136</gpxtpx:hr>
          </gpxtpx:TrackPointExtension>
        </extensions>
      </trkpt>
      <trkpt lat="40.06972286158276" lon="116.31180453908512">
        <ele>51.6</ele>
        <time>2026-08-01T14:35:57.000Z</time>
        <extensions>
          <gpxtpx:TrackPointExtension>
            <gpxtpx:hr>136</gpxtpx:hr>
          </gpxtpx:TrackPointExtension>
        </extensions>
      </trkpt>
      <trkpt lat="40.06972263529183" lon="116.31174061089082">
        <ele>51.6</ele>
        <time>2026-08-01T14:35:58.000Z</time>
        <extensions>
          <gpxtpx:TrackPointExtension>
            <gpxtpx:hr>136</gpxtpx:hr>
          </gpxtpx:TrackPointExtension>
        </extensions>
      </trkpt>
      <trkpt lat="40.06972331487094" lon="116.31167676709008">
        <ele>51.6</ele>
        <time>2026-08-01T14:35:59.000Z</time>
        <extensions>
          <gpxtpx:TrackPointExtension>
            <gpxtpx:hr>136</gpxtpx:hr>
          </gpxtpx:TrackPointExtension>
        </extensions>
      </trkpt>
      <trkpt lat="40.06972532619424" lon="116.31161422413963">
        <ele>51.7</ele>
        <time>2026-08-01T14:36:00.000Z</time>
        <extensions>
          <gpxtpx:TrackPointExtension>
            <gpxtpx:hr>136</gpxtpx:hr>
          </gpxtpx:TrackPointExtension>
        </extensions>
      </trkpt>
      <trkpt lat="40.06972835199444" lon="116.31155178753946">
        <ele>51.7</ele>
        <time>2026-08-01T14:36:01.000Z</time>
        <extensions>
          <gpxtpx:TrackPointExtension>
            <gpxtpx:hr>136</gpxtpx:hr>
          </gpxtpx:TrackPointExtension>
        </extensions>
      </trkpt>
      <trkpt lat="40.06973128858332" lon="116.31148808601482">
        <ele>51.7</ele>
        <time>2026-08-01T14:36:02.000Z</time>
      </trkpt>
      <trkpt lat="40.069733276350796" lon="116.311423437826">
        <ele>51.8</ele>
        <time>2026-08-01T14:36:03.000Z</time>
      </trkpt>
      <trkpt lat="40.069734507833765" lon="116.311357894457">
        <ele>51.8</ele>
        <time>2026-08-01T14:36:04.000Z</time>
      </trkpt>
      <trkpt lat="40.06973570270264" lon="116.31129184746067">
        <ele>51.9</ele>
        <time>2026-08-01T14:36:05.000Z</time>
      </trkpt>
      <trkpt lat="40.06973755256411" lon="116.31122549847592">
        <ele>51.9</ele>
        <time>2026-08-01T14:36:06.000Z</time>
      </trkpt>
      <trkpt lat="40.06974011878235" lon="116.31115889272279">
        <ele>51.9</ele>
        <time>2026-08-01T14:36:07.000Z</time>
      </trkpt>
      <trkpt lat="40.0697428418864" lon="116.31109207180411">
        <ele>52.0</ele>
        <time>2026-08-01T14:36:08.000Z</time>
      </trkpt>
      <trkpt lat="40.06974528497955" lon="116.311025300403">
        <ele>52.0</ele>
        <time>2026-08-01T14:36:09.000Z</time>
      </trkpt>
      <trkpt lat="40.0697472728985" lon="116.31095869347276">
        <ele>52.0</ele>
        <time>2026-08-01T14:36:10.000Z</time>
      </trkpt>
      <trkpt lat="40.069748700640886" lon="116.31089202406658">
        <ele>52.1</ele>
        <time>2026-08-01T14:36:11.000Z</time>
      </trkpt>
      <trkpt lat="40.069749672399325" lon="116.31082494348085">
        <ele>52.1</ele>
        <time>2026-08-01T14:36:12.000Z</time>
      </trkpt>
      <trkpt lat="40.069750484730314" lon="116.31075716754329">
        <ele>52.1</ele>
        <time>2026-08-01T14:36:13.000Z</time>
      </trkpt>
      <trkpt lat="40.06975136282491" lon="116.31068904398971">
        <ele>52.2</ele>
        <time>2026-08-01T14:36:14.000Z</time>
      </trkpt>
      <trkpt lat="40.069752436260515" lon="116.3106208291763">
        <ele>52.2</ele>
        <time>2026-08-01T14:36:15.000Z</time>
      </trkpt>
      <trkpt lat="40.069753753920416" lon="116.31055201153448">
        <ele>52.2</ele>
        <time>2026-08-01T14:36:16.000Z</time>
      </trkpt>
      <trkpt lat="40.069755187992875" lon="116.31048221576798">
        <ele>52.2</ele>
        <time>2026-08-01T14:36:17.000Z</time>
      </trkpt>
      <trkpt lat="40.069756603434456" lon="116.31041139673572">
        <ele>52.3</ele>
        <time>2026-08-01T14:36:18.000Z</time>
      </trkpt>
      <trkpt lat="40.06975791164367" lon="116.31033968830529">
        <ele>52.3</ele>
        <time>2026-08-01T14:36:19.000Z</time>
      </trkpt>
      <trkpt lat="40.06975911812016" lon="116.31026711074992">
        <ele>52.3</ele>
        <time>2026-08-01T14:36:20.000Z</time>
      </trkpt>
      <trkpt lat="40.069759927259106" lon="116.31019433725375">
        <ele>52.3</ele>
        <time>2026-08-01T14:36:21.000Z</time>
      </trkpt>
      <trkpt lat="40.06976020434443" lon="116.31012161778446">
        <ele>52.3</ele>
        <time>2026-08-01T14:36:22.000Z</time>
      </trkpt>
      <trkpt lat="40.06976037823963" lon="116.3100483426435">
        <ele>52.3</ele>
        <time>2026-08-01T14:36:23.000Z</time>
      </trkpt>
      <trkpt lat="40.06976053685373" lon="116.30997434612304">
        <ele>52.3</ele>
        <time>2026-08-01T14:36:24.000Z</time>
      </trkpt>
      <trkpt lat="40.069760500098575" lon="116.30989973447605">
        <ele>52.3</ele>
        <time>2026-08-01T14:36:25.000Z</time>
      </trkpt>
      <trkpt lat="40.069760155560424" lon="116.30982497399427">
        <ele>52.3</ele>
        <time>2026-08-01T14:36:26.000Z</time>
      </trkpt>
      <trkpt lat="40.06975953597412" lon="116.3097500043582">
        <ele>52.3</ele>
        <time>2026-08-01T14:36:27.000Z</time>
      </trkpt>
      <trkpt lat="40.06975883668053" lon="116.30967449471048">
        <ele>52.3</ele>
        <time>2026-08-01T14:36:28.000Z</time>
      </trkpt>
      <trkpt lat="40.06975841136629" lon="116.30959845983658">
        <ele>52.3</ele>
        <time>2026-08-01T14:36:29.000Z</time>
      </trkpt>
      <trkpt lat="40.069758372655336" lon="116.30952191417556">
        <ele>52.3</ele>
        <time>2026-08-01T14:36:30.000Z</time>
      </trkpt>
      <trkpt lat="40.069758664762844" lon="116.30944526649839">
        <ele>52.2</ele>
        <time>2026-08-01T14:36:31.000Z</time>
      </trkpt>
      <trkpt lat="40.069759287053294" lon="116.30936932865744">
        <ele>52.2</ele>
        <time>2026-08-01T14:36:32.000Z</time>
      </trkpt>
      <trkpt lat="40.06975954761692" lon="116.3092915669443">
        <ele>52.2</ele>
        <time>2026-08-01T14:36:33.000Z</time>
      </trkpt>
      <trkpt lat="40.06976058108539" lon="116.30921170472996">
        <ele>52.2</ele>
        <time>2026-08-01T14:36:34.000Z</time>
      </trkpt>
      <trkpt lat="40.069762895673065" lon="116.30913226821022">
        <ele>52.1</ele>
        <time>2026-08-01T14:36:35.000Z</time>
      </trkpt>
      <trkpt lat="40.069765181613704" lon="116.30905301983981">
        <ele>52.1</ele>
        <time>2026-08-01T14:36:36.000Z</time>
      </trkpt>
      <trkpt lat="40.06976670304693" lon="116.30897310024376">
        <ele>52.1</ele>
        <time>2026-08-01T14:36:37.000Z</time>
      </trkpt>
      <trkpt lat="40.06976696077509" lon="116.30889201642239">
        <ele>52.0</ele>
        <time>2026-08-01T14:36:38.000Z</time>
      </trkpt>
      <trkpt lat="40.06976690072699" lon="116.30881012883485">
        <ele>52.0</ele>
        <time>2026-08-01T14:36:39.000Z</time>
      </trkpt>
      <trkpt lat="40.06976795077013" lon="116.30872777593144">
        <ele>51.9</ele>
        <time>2026-08-01T14:36:40.000Z</time>
      </trkpt>
      <trkpt lat="40.06977004472765" lon="116.30864516136877">
        <ele>51.9</ele>
        <time>2026-08-01T14:36:41.000Z</time>
      </trkpt>
      <trkpt lat="40.06977105764807" lon="116.3085620606951">
        <ele>51.8</ele>
        <time>2026-08-01T14:36:42.000Z</time>
      </trkpt>
      <trkpt lat="40.06977031394656" lon="116.30847750245805">
        <ele>51.8</ele>
        <time>2026-08-01T14:36:43.000Z</time>
      </trkpt>
      <trkpt lat="40.06976984978242" lon="116.30839272220534">
        <ele>51.7</ele>
        <time>2026-08-01T14:36:44.000Z</time>
      </trkpt>
      <trkpt lat="40.06977057546424" lon="116.30830820898463">
        <ele>51.7</ele>
        <time>2026-08-01T14:36:45.000Z</time>
      </trkpt>
      <trkpt lat="40.069771868617025" lon="116.30822239839736">
        <ele>51.6</ele>
        <time>2026-08-01T14:36:46.000Z</time>
      </trkpt>
      <trkpt lat="40.069772859613664" lon="116.3081369528434">
        <ele>51.6</ele>
        <time>2026-08-01T14:36:47.000Z</time>
      </trkpt>
      <trkpt lat="40.069771658767806" lon="116.30805194015315">
        <ele>51.6</ele>
        <time>2026-08-01T14:36:48.000Z</time>
      </trkpt>
      <trkpt lat="40.06976913042442" lon="116.3079664153675">
        <ele>51.5</ele>
        <time>2026-08-01T14:36:49.000Z</time>
      </trkpt>
      <trkpt lat="40.06976782409906" lon="116.30788042583201">
        <ele>51.5</ele>
        <time>2026-08-01T14:36:50.000Z</time>
      </trkpt>
      <trkpt lat="40.069767843400406" lon="116.3077928965296">
        <ele>51.5</ele>
        <time>2026-08-01T14:36:51.000Z</time>
      </trkpt>
      <trkpt lat="40.06976826630976" lon="116.30770483829914">
        <ele>51.5</ele>
        <time>2026-08-01T14:36:52.000Z</time>
      </trkpt>
      <trkpt lat="40.069769668350446" lon="116.30761855262404">
        <ele>51.5</ele>
        <time>2026-08-01T14:36:53.000Z</time>
      </trkpt>
      <trkpt lat="40.06977184793788" lon="116.30753105318809">
        <ele>51.5</ele>
        <time>2026-08-01T14:36:54.000Z</time>
      </trkpt>
      <trkpt lat="40.0697739417033" lon="116.30744174169011">
        <ele>51.5</ele>
        <time>2026-08-01T14:36:55.000Z</time>
      </trkpt>
      <trkpt lat="40.06977581091217" lon="116.30735366683815">
        <ele>51.5</ele>
        <time>2026-08-01T14:36:56.000Z</time>
      </trkpt>
      <trkpt lat="40.06977672434675" lon="116.30726557733153">
        <ele>51.4</ele>
        <time>2026-08-01T14:36:57.000Z</time>
      </trkpt>
      <trkpt lat="40.0697779508432" lon="116.30717669947822">
        <ele>51.4</ele>
        <time>2026-08-01T14:36:58.000Z</time>
      </trkpt>
      <trkpt lat="40.06978025704606" lon="116.30708818973368">
        <ele>51.4</ele>
        <time>2026-08-01T14:36:59.000Z</time>
      </trkpt>
      <trkpt lat="40.06978274395536" lon="116.30700007819277">
        <ele>51.4</ele>
        <time>2026-08-01T14:37:00.000Z</time>
      </trkpt>
      <trkpt lat="40.06978426070496" lon="116.30691145660691">
        <ele>51.4</ele>
        <time>2026-08-01T14:37:01.000Z</time>
      </trkpt>
      <trkpt lat="40.06978529478266" lon="116.30682234446358">
        <ele>51.3</ele>
        <time>2026-08-01T14:37:02.000Z</time>
      </trkpt>
      <trkpt lat="40.06978673902958" lon="116.30673347151067">
        <ele>51.3</ele>
        <time>2026-08-01T14:37:03.000Z</time>
      </trkpt>
      <trkpt lat="40.0697874231822" lon="116.30664503659104">
        <ele>51.3</ele>
        <time>2026-08-01T14:37:04.000Z</time>
      </trkpt>
      <trkpt lat="40.0697884009981" lon="116.30655568533656">
        <ele>51.2</ele>
        <time>2026-08-01T14:37:05.000Z</time>
      </trkpt>
      <trkpt lat="40.06979009471361" lon="116.30646564114943">
        <ele>51.2</ele>
        <time>2026-08-01T14:37:06.000Z</time>
      </trkpt>
      <trkpt lat="40.06979154674514" lon="116.30637571178042">
        <ele>51.1</ele>
        <time>2026-08-01T14:37:07.000Z</time>
      </trkpt>
      <trkpt lat="40.06979315811203" lon="116.30628647299869">
        <ele>51.1</ele>
        <time>2026-08-01T14:37:08.000Z</time>
      </trkpt>
      <trkpt lat="40.06979476575809" lon="116.3061974201662">
        <ele>51.1</ele>
        <time>2026-08-01T14:37:09.000Z</time>
      </trkpt>
      <trkpt lat="40.06979713407901" lon="116.30610778935372">
        <ele>51.0</ele>
        <time>2026-08-01T14:37:10.000Z</time>
      </trkpt>
      <trkpt lat="40.06980159618876" lon="116.30601851597358">
        <ele>51.0</ele>
        <time>2026-08-01T14:37:11.000Z</time>
      </trkpt>
      <trkpt lat="40.069807512547044" lon="116.3059302787638">
        <ele>50.9</ele>
        <time>2026-08-01T14:37:12.000Z</time>
      </trkpt>
      <trkpt lat="40.06981470819123" lon="116.30584241656028">
        <ele>50.9</ele>
        <time>2026-08-01T14:37:13.000Z</time>
      </trkpt>
      <trkpt lat="40.06982439423116" lon="116.30575525735756">
        <ele>50.9</ele>
        <time>2026-08-01T14:37:14.000Z</time>
      </trkpt>
      <trkpt lat="40.06983597548063" lon="116.30566956837008">
        <ele>50.8</ele>
        <time>2026-08-01T14:37:15.000Z</time>
      </trkpt>
      <trkpt lat="40.069848975297624" lon="116.30558402302721">
        <ele>50.8</ele>
        <time>2026-08-01T14:37:16.000Z</time>
      </trkpt>
      <trkpt lat="40.069864047446785" lon="116.30549855668032">
        <ele>50.7</ele>
        <time>2026-08-01T14:37:17.000Z</time>
      </trkpt>
      <trkpt lat="40.06988109956794" lon="116.30541318128785">
        <ele>50.7</ele>
        <time>2026-08-01T14:37:18.000Z</time>
      </trkpt>
      <trkpt lat="40.069899139151694" lon="116.30532730213332">
        <ele>50.6</ele>
        <time>2026-08-01T14:37:19.000Z</time>
      </trkpt>
      <trkpt lat="40.06991740127802" lon="116.30524127186924">
        <ele>50.6</ele>
        <time>2026-08-01T14:37:20.000Z</time>
      </trkpt>
      <trkpt lat="40.06993763690414" lon="116.30515658851394">
        <ele>50.5</ele>
        <time>2026-08-01T14:37:21.000Z</time>
      </trkpt>
      <trkpt lat="40.069959750736594" lon="116.30507206260116">
        <ele>50.5</ele>
        <time>2026-08-01T14:37:22.000Z</time>
      </trkpt>
      <trkpt lat="40.06998254371308" lon="116.30498517144144">
        <ele>50.4</ele>
        <time>2026-08-01T14:37:23.000Z</time>
      </trkpt>
      <trkpt lat="40.070005766378785" lon="116.30489746536234">
        <ele>50.3</ele>
        <time>2026-08-01T14:37:24.000Z</time>
      </trkpt>
      <trkpt lat="40.070029283685834" lon="116.30480962176544">
        <ele>50.3</ele>
        <time>2026-08-01T14:37:25.000Z</time>
      </trkpt>
      <trkpt lat="40.0700542458765" lon="116.30472176391075">
        <ele>50.2</ele>
        <time>2026-08-01T14:37:26.000Z</time>
      </trkpt>
      <trkpt lat="40.07008045038272" lon="116.30463460533018">
        <ele>50.1</ele>
        <time>2026-08-01T14:37:27.000Z</time>
      </trkpt>
      <trkpt lat="40.070108454588485" lon="116.30454733343839">
        <ele>50.1</ele>
        <time>2026-08-01T14:37:28.000Z</time>
      </trkpt>
      <trkpt lat="40.070140150030404" lon="116.30446068443621">
        <ele>50.0</ele>
        <time>2026-08-01T14:37:29.000Z</time>
      </trkpt>
      <trkpt lat="40.07017493434904" lon="116.30437580658365">
        <ele>49.9</ele>
        <time>2026-08-01T14:37:30.000Z</time>
      </trkpt>
      <trkpt lat="40.07021144842857" lon="116.30429233337352">
        <ele>49.8</ele>
        <time>2026-08-01T14:37:31.000Z</time>
      </trkpt>
      <trkpt lat="40.07024877420456" lon="116.30420868423391">
        <ele>49.7</ele>
        <time>2026-08-01T14:37:32.000Z</time>
      </trkpt>
      <trkpt lat="40.07028757703663" lon="116.3041252971662">
        <ele>49.6</ele>
        <time>2026-08-01T14:37:33.000Z</time>
      </trkpt>
      <trkpt lat="40.07032864454067" lon="116.30404336196672">
        <ele>49.5</ele>
        <time>2026-08-01T14:37:34.000Z</time>
      </trkpt>
      <trkpt lat="40.07037092242617" lon="116.30396232736385">
        <ele>49.4</ele>
        <time>2026-08-01T14:37:35.000Z</time>
      </trkpt>
      <trkpt lat="40.07041321834222" lon="116.30388280746922">
        <ele>49.3</ele>
        <time>2026-08-01T14:37:36.000Z</time>
      </trkpt>
      <trkpt lat="40.070456239172586" lon="116.3038092852321">
        <ele>49.1</ele>
        <time>2026-08-01T14:37:37.000Z</time>
      </trkpt>
      <trkpt lat="40.07050543905173" lon="116.30374901753909">
        <ele>49.0</ele>
        <time>2026-08-01T14:37:38.000Z</time>
      </trkpt>
      <trkpt lat="40.07056292118301" lon="116.30371753211175">
        <ele>48.8</ele>
        <time>2026-08-01T14:37:39.000Z</time>
      </trkpt>
      <trkpt lat="40.07062351828207" lon="116.30370703112268">
        <ele>48.7</ele>
        <time>2026-08-01T14:37:40.000Z</time>
      </trkpt>
      <trkpt lat="40.07069309332871" lon="116.30372322302556">
        <ele>48.5</ele>
        <time>2026-08-01T14:37:41.000Z</time>
      </trkpt>
      <trkpt lat="40.070766725461496" lon="116.30377447887248">
        <ele>48.4</ele>
        <time>2026-08-01T14:37:42.000Z</time>
      </trkpt>
      <trkpt lat="40.07082817566772" lon="116.30384424666448">
        <ele>48.2</ele>
        <time>2026-08-01T14:37:43.000Z</time>
      </trkpt>
      <trkpt lat="40.07087199324264" lon="116.30392974998966">
        <ele>48.0</ele>
        <time>2026-08-01T14:37:44.000Z</time>
      </trkpt>
      <trkpt lat="40.07089419072795" lon="116.30402539738955">
        <ele>47.9</ele>
        <time>2026-08-01T14:37:45.000Z</time>
      </trkpt>
      <trkpt lat="40.070894526841464" lon="116.30412556832516">
        <ele>47.7</ele>
        <time>2026-08-01T14:37:46.000Z</time>
      </trkpt>
      <trkpt lat="40.070874382853106" lon="116.30422325693739">
        <ele>47.5</ele>
        <time>2026-08-01T14:37:47.000Z</time>
      </trkpt>
      <trkpt lat="40.07083634580937" lon="116.30431362701249">
        <ele>47.3</ele>
        <time>2026-08-01T14:37:48.000Z</time>
      </trkpt>
      <trkpt lat="40.07078465569568" lon="116.30439124142127">
        <ele>47.2</ele>
        <time>2026-08-01T14:37:49.000Z</time>
      </trkpt>
      <trkpt lat="40.07072161026104" lon="116.30445197936962">
        <ele>47.0</ele>
        <time>2026-08-01T14:37:50.000Z</time>
      </trkpt>
      <trkpt lat="40.07064960109873" lon="116.30449784746659">
        <ele>46.8</ele>
        <time>2026-08-01T14:37:51.000Z</time>
      </trkpt>
      <trkpt lat="40.070573208936246" lon="116.30453409188219">
        <ele>46.6</ele>
        <time>2026-08-01T14:37:52.000Z</time>
      </trkpt>
      <trkpt lat="40.07049468182748" lon="116.30456456647106">
        <ele>46.5</ele>
        <time>2026-08-01T14:37:53.000Z</time>
      </trkpt>
      <trkpt lat="40.07041449624425" lon="116.30458860327015">
        <ele>46.3</ele>
        <time>2026-08-01T14:37:54.000Z</time>
      </trkpt>
      <trkpt lat="40.070332832540046" lon="116.30460412571145">
        <ele>46.2</ele>
        <time>2026-08-01T14:37:55.000Z</time>
      </trkpt>
      <trkpt lat="40.07025161467563" lon="116.30461040926788">
        <ele>46.0</ele>
        <time>2026-08-01T14:37:56.000Z</time>
      </trkpt>
      <trkpt lat="40.07017183532445" lon="116.30460887726122">
        <ele>45.9</ele>
        <time>2026-08-01T14:37:57.000Z</time>
      </trkpt>
      <trkpt lat="40.07009898745227" lon="116.30460560732095">
        <ele>45.8</ele>
        <time>2026-08-01T14:37:58.000Z</time>
      </trkpt>
      <trkpt lat="40.070034274790295" lon="116.30460413017151">
        <ele>45.7</ele>
        <time>2026-08-01T14:37:59.000Z</time>
      </trkpt>
      <trkpt lat="40.06997213668772" lon="116.30460309387759">
        <ele>45.6</ele>
        <time>2026-08-01T14:38:00.000Z</time>
      </trkpt>
      <trkpt lat="40.06991140341374" lon="116.30460232469254">
        <ele>45.5</ele>
        <time>2026-08-01T14:38:01.000Z</time>
      </trkpt>
      <trkpt lat="40.06984942709538" lon="116.30459944978122">
        <ele>45.4</ele>
        <time>2026-08-01T14:38:02.000Z</time>
      </trkpt>
      <trkpt lat="40.069785246728756" lon="116.30459108288986">
        <ele>45.3</ele>
        <time>2026-08-01T14:38:03.000Z</time>
      </trkpt>
      <trkpt lat="40.06971999595303" lon="116.30457887925269">
        <ele>45.2</ele>
        <time>2026-08-01T14:38:04.000Z</time>
      </trkpt>
      <trkpt lat="40.069654602533305" lon="116.3045670508737">
        <ele>45.2</ele>
        <time>2026-08-01T14:38:05.000Z</time>
      </trkpt>
      <trkpt lat="40.06959100497523" lon="116.30455672928589">
        <ele>45.1</ele>
        <time>2026-08-01T14:38:06.000Z</time>
      </trkpt>
      <trkpt lat="40.06953054710155" lon="116.30454644819494">
        <ele>45.0</ele>
        <time>2026-08-01T14:38:07.000Z</time>
      </trkpt>
      <trkpt lat="40.069472068589995" lon="116.30453565330264">
        <ele>45.0</ele>
        <time>2026-08-01T14:38:08.000Z</time>
      </trkpt>
      <trkpt lat="40.06941420300842" lon="116.30452487430438">
        <ele>45.0</ele>
        <time>2026-08-01T14:38:09.000Z</time>
      </trkpt>
      <trkpt lat="40.06935691884645" lon="116.30451403176166">
        <ele>44.9</ele>
        <time>2026-08-01T14:38:10.000Z</time>
      </trkpt>
      <trkpt lat="40.069299872412664" lon="116.30450306266785">
        <ele>44.9</ele>
        <time>2026-08-01T14:38:11.000Z</time>
      </trkpt>
      <trkpt lat="40.069246910908475" lon="116.3044736913848">
        <ele>44.9</ele>
        <time>2026-08-01T14:38:12.000Z</time>
      </trkpt>
      <trkpt lat="40.06919897722421" lon="116.30442562961994">
        <ele>44.9</ele>
        <time>2026-08-01T14:38:13.000Z</time>
      </trkpt>
      <trkpt lat="40.069153691092595" lon="116.30437557419835">
        <ele>44.9</ele>
        <time>2026-08-01T14:38:14.000Z</time>
      </trkpt>
      <trkpt lat="40.06911124688634" lon="116.30432220808666">
        <ele>44.9</ele>
        <time>2026-08-01T14:38:15.000Z</time>
      </trkpt>
      <trkpt lat="40.06907039828332" lon="116.30426643096378">
        <ele>45.0</ele>
        <time>2026-08-01T14:38:16.000Z</time>
      </trkpt>
      <trkpt lat="40.06904664540842" lon="116.3041982960726">
        <ele>45.0</ele>
        <time>2026-08-01T14:38:17.000Z</time>
      </trkpt>
      <trkpt lat="40.06903964915118" lon="116.30411863060641">
        <ele>45.0</ele>
        <time>2026-08-01T14:38:18.000Z</time>
      </trkpt>
      <trkpt lat="40.069040383954906" lon="116.30403835606096">
        <ele>45.1</ele>
        <time>2026-08-01T14:38:19.000Z</time>
      </trkpt>
      <trkpt lat="40.06904843091798" lon="116.30395798976413">
        <ele>45.1</ele>
        <time>2026-08-01T14:38:20.000Z</time>
      </trkpt>
      <trkpt lat="40.069053749645086" lon="116.30387772930888">
        <ele>45.2</ele>
        <time>2026-08-01T14:38:21.000Z</time>
      </trkpt>
      <trkpt lat="40.06905554147453" lon="116.30379739077429">
        <ele>45.3</ele>
        <time>2026-08-01T14:38:22.000Z</time>
      </trkpt>
      <trkpt lat="40.06905619756884" lon="116.30371762439925">
        <ele>45.3</ele>
        <time>2026-08-01T14:38:23.000Z</time>
      </trkpt>
      <trkpt lat="40.069056843096455" lon="116.30363847945826">
        <ele>45.4</ele>
        <time>2026-08-01T14:38:24.000Z</time>
      </trkpt>
      <trkpt lat="40.069057495247634" lon="116.30355989968591">
        <ele>45.4</ele>
        <time>2026-08-01T14:38:25.000Z</time>
      </trkpt>
      <trkpt lat="40.06905805705146" lon="116.30348145223566">
        <ele>45.5</ele>
        <time>2026-08-01T14:38:26.000Z</time>
      </trkpt>
      <trkpt lat="40.069058399215166" lon="116.30340307240033">
        <ele>45.5</ele>
        <time>2026-08-01T14:38:27.000Z</time>
      </trkpt>
      <trkpt lat="40.06905849127751" lon="116.30332465647356">
        <ele>45.5</ele>
        <time>2026-08-01T14:38:28.000Z</time>
      </trkpt>
      <trkpt lat="40.069058505070394" lon="116.30324617300884">
        <ele>45.6</ele>
        <time>2026-08-01T14:38:29.000Z</time>
      </trkpt>
      <trkpt lat="40.06905897186371" lon="116.30316792816849">
        <ele>45.6</ele>
        <time>2026-08-01T14:38:30.000Z</time>
      </trkpt>
      <trkpt lat="40.069059861664215" lon="116.30309009721688">
        <ele>45.6</ele>
        <time>2026-08-01T14:38:31.000Z</time>
      </trkpt>
      <trkpt lat="40.06906066823247" lon="116.3030125787026">
        <ele>45.6</ele>
        <time>2026-08-01T14:38:32.000Z</time>
      </trkpt>
      <trkpt lat="40.069061351087434" lon="116.30293534348708">
        <ele>45.6</ele>
        <time>2026-08-01T14:38:33.000Z</time>
      </trkpt>
      <trkpt lat="40.069061855997894" lon="116.30285829316556">
        <ele>45.6</ele>
        <time>2026-08-01T14:38:34.000Z</time>
      </trkpt>
      <trkpt lat="40.06906217856376" lon="116.30278130609925">
        <ele>45.6</ele>
        <time>2026-08-01T14:38:35.000Z</time>
      </trkpt>
      <trkpt lat="40.06906239846405" lon="116.30270438374102">
        <ele>45.5</ele>
        <time>2026-08-01T14:38:36.000Z</time>
      </trkpt>
      <trkpt lat="40.0690625608933" lon="116.30262767953589">
        <ele>45.5</ele>
        <time>2026-08-01T14:38:37.000Z</time>
      </trkpt>
      <trkpt lat="40.069062846348245" lon="116.30255129598804">
        <ele>45.5</ele>
        <time>2026-08-01T14:38:38.000Z</time>
      </trkpt>
      <trkpt lat="40.06906345326131" lon="116.30247525767672">
        <ele>45.5</ele>
        <time>2026-08-01T14:38:39.000Z</time>
      </trkpt>
      <trkpt lat="40.06906434873698" lon="116.3023994175934">
        <ele>45.5</ele>
        <time>2026-08-01T14:38:40.000Z</time>
      </trkpt>
      <trkpt lat="40.06906527540608" lon="116.30232370172152">
        <ele>45.6</ele>
        <time>2026-08-01T14:38:41.000Z</time>
      </trkpt>
      <trkpt lat="40.06906607063699" lon="116.30224816145086">
        <ele>45.6</ele>
        <time>2026-08-01T14:38:42.000Z</time>
      </trkpt>
      <trkpt lat="40.069066744289785" lon="116.30217286875202">
        <ele>45.6</ele>
        <time>2026-08-01T14:38:43.000Z</time>
      </trkpt>
      <trkpt lat="40.06906725843408" lon="116.30209798153388">
        <ele>45.6</ele>
        <time>2026-08-01T14:38:44.000Z</time>
      </trkpt>
      <trkpt lat="40.06906762248791" lon="116.30202345844681">
        <ele>45.7</ele>
        <time>2026-08-01T14:38:45.000Z</time>
      </trkpt>
      <trkpt lat="40.06906781095955" lon="116.30194926593799">
        <ele>45.7</ele>
        <time>2026-08-01T14:38:46.000Z</time>
      </trkpt>
      <trkpt lat="40.06906787595437" lon="116.3018754998161">
        <ele>45.7</ele>
        <time>2026-08-01T14:38:47.000Z</time>
      </trkpt>
      <trkpt lat="40.06906792762812" lon="116.30180205606992">
        <ele>45.8</ele>
        <time>2026-08-01T14:38:48.000Z</time>
      </trkpt>
      <trkpt lat="40.06906795123809" lon="116.30172893245434">
        <ele>45.8</ele>
        <time>2026-08-01T14:38:49.000Z</time>
      </trkpt>
      <trkpt lat="40.06906782107998" lon="116.30165609062391">
        <ele>45.8</ele>
        <time>2026-08-01T14:38:50.000Z</time>
      </trkpt>
      <trkpt lat="40.06906726736161" lon="116.30158353049234">
        <ele>45.8</ele>
        <time>2026-08-01T14:38:51.000Z</time>
      </trkpt>
      <trkpt lat="40.069066061550174" lon="116.30151154889543">
        <ele>45.9</ele>
        <time>2026-08-01T14:38:52.000Z</time>
      </trkpt>
      <trkpt lat="40.06906394344079" lon="116.30144016361443">
        <ele>45.9</ele>
        <time>2026-08-01T14:38:53.000Z</time>
      </trkpt>
      <trkpt lat="40.06906077754334" lon="116.30136910791227">
        <ele>45.9</ele>
        <time>2026-08-01T14:38:54.000Z</time>
      </trkpt>
      <trkpt lat="40.06905678275112" lon="116.30129794110339">
        <ele>45.9</ele>
        <time>2026-08-01T14:38:55.000Z</time>
      </trkpt>
      <trkpt lat="40.069052090206995" lon="116.30122665801886">
        <ele>45.9</ele>
        <time>2026-08-01T14:38:56.000Z</time>
      </trkpt>
      <trkpt lat="40.06904686306214" lon="116.3011554830028">
        <ele>45.9</ele>
        <time>2026-08-01T14:38:57.000Z</time>
      </trkpt>
      <trkpt lat="40.0690414255006" lon="116.30108457080486">
        <ele>45.9</ele>
        <time>2026-08-01T14:38:58.000Z</time>
      </trkpt>
      <trkpt lat="40.06903572349612" lon="116.30101374870586">
        <ele>45.9</ele>
        <time>2026-08-01T14:38:59.000Z</time>
      </trkpt>
      <trkpt lat="40.06902928252551" lon="116.30094277323192">
        <ele>45.9</ele>
        <time>2026-08-01T14:39:00.000Z</time>
      </trkpt>
      <trkpt lat="40.06902161936044" lon="116.3008714462791">
        <ele>45.9</ele>
        <time>2026-08-01T14:39:01.000Z</time>
      </trkpt>
      <trkpt lat="40.06901262051836" lon="116.30079986389154">
        <ele>45.9</ele>
        <time>2026-08-01T14:39:02.000Z</time>
      </trkpt>
      <trkpt lat="40.06900253928936" lon="116.30072821917456">
        <ele>46.0</ele>
        <time>2026-08-01T14:39:03.000Z</time>
      </trkpt>
      <trkpt lat="40.06899192287102" lon="116.30065606641219">
        <ele>46.0</ele>
        <time>2026-08-01T14:39:04.000Z</time>
      </trkpt>
      <trkpt lat="40.06898121583774" lon="116.30058330855786">
        <ele>46.0</ele>
        <time>2026-08-01T14:39:05.000Z</time>
      </trkpt>
      <trkpt lat="40.06897046303592" lon="116.30051060852135">
        <ele>46.0</ele>
        <time>2026-08-01T14:39:06.000Z</time>
      </trkpt>
      <trkpt lat="40.068959763850124" lon="116.30043872089324">
        <ele>46.0</ele>
        <time>2026-08-01T14:39:07.000Z</time>
      </trkpt>
      <trkpt lat="40.06894927655405" lon="116.30036748215188">
        <ele>46.0</ele>
        <time>2026-08-01T14:39:08.000Z</time>
      </trkpt>
      <trkpt lat="40.068938757488795" lon="116.300296779828">
        <ele>46.0</ele>
        <time>2026-08-01T14:39:09.000Z</time>
      </trkpt>
      <trkpt lat="40.06892769844312" lon="116.30022672006254">
        <ele>46.0</ele>
        <time>2026-08-01T14:39:10.000Z</time>
      </trkpt>
      <trkpt lat="40.0689158956915" lon="116.30015697228785">
        <ele>46.0</ele>
        <time>2026-08-01T14:39:11.000Z</time>
      </trkpt>
      <trkpt lat="40.06890331386424" lon="116.30008689926245">
        <ele>46.0</ele>
        <time>2026-08-01T14:39:12.000Z</time>
      </trkpt>
      <trkpt lat="40.06888992676641" lon="116.3000162035612">
        <ele>46.0</ele>
        <time>2026-08-01T14:39:13.000Z</time>
      </trkpt>
      <trkpt lat="40.06887578112987" lon="116.29994546044975">
        <ele>46.0</ele>
        <time>2026-08-01T14:39:14.000Z</time>
      </trkpt>
      <trkpt lat="40.06886100626258" lon="116.29987536566485">
        <ele>46.0</ele>
        <time>2026-08-01T14:39:15.000Z</time>
      </trkpt>
      <trkpt lat="40.06884587925216" lon="116.29980618253718">
        <ele>46.0</ele>
        <time>2026-08-01T14:39:16.000Z</time>
      </trkpt>
      <trkpt lat="40.068830572920724" lon="116.29973777614357">
        <ele>46.1</ele>
        <time>2026-08-01T14:39:17.000Z</time>
      </trkpt>
      <trkpt lat="40.06881489225339" lon="116.2996704300823">
        <ele>46.1</ele>
        <time>2026-08-01T14:39:18.000Z</time>
      </trkpt>
      <trkpt lat="40.06879853350038" lon="116.29960391239672">
        <ele>46.1</ele>
        <time>2026-08-01T14:39:19.000Z</time>
      </trkpt>
      <trkpt lat="40.06878160915416" lon="116.29953762675292">
        <ele>46.1</ele>
        <time>2026-08-01T14:39:20.000Z</time>
      </trkpt>
      <trkpt lat="40.068764214877106" lon="116.29947167969414">
        <ele>46.1</ele>
        <time>2026-08-01T14:39:21.000Z</time>
      </trkpt>
      <trkpt lat="40.06874620162153" lon="116.29940602148338">
        <ele>46.1</ele>
        <time>2026-08-01T14:39:22.000Z</time>
      </trkpt>
      <trkpt lat="40.068727258398056" lon="116.2993408439606">
        <ele>46.1</ele>
        <time>2026-08-01T14:39:23.000Z</time>
      </trkpt>
      <trkpt lat="40.06870703693416" lon="116.29927606577705">
        <ele>46.1</ele>
        <time>2026-08-01T14:39:24.000Z</time>
      </trkpt>
      <trkpt lat="40.068685842547545" lon="116.29921113661976">
        <ele>46.2</ele>
        <time>2026-08-01T14:39:25.000Z</time>
      </trkpt>
      <trkpt lat="40.06866429952417" lon="116.29914590336976">
        <ele>46.2</ele>
        <time>2026-08-01T14:39:26.000Z</time>
      </trkpt>
      <trkpt lat="40.068642500055184" lon="116.29908045476445">
        <ele>46.2</ele>
        <time>2026-08-01T14:39:27.000Z</time>
      </trkpt>
      <trkpt lat="40.06862031340298" lon="116.29901506633509">
        <ele>46.3</ele>
        <time>2026-08-01T14:39:28.000Z</time>
      </trkpt>
      <trkpt lat="40.068597812057604" lon="116.2989499766594">
        <ele>46.3</ele>
        <time>2026-08-01T14:39:29.000Z</time>
      </trkpt>
      <trkpt lat="40.06857512880292" lon="116.29888502206033">
        <ele>46.3</ele>
        <time>2026-08-01T14:39:30.000Z</time>
      </trkpt>
      <trkpt lat="40.06855273625555" lon="116.29882043585602">
        <ele>46.4</ele>
        <time>2026-08-01T14:39:31.000Z</time>
      </trkpt>
      <trkpt lat="40.06853084778547" lon="116.29875692625687">
        <ele>46.4</ele>
        <time>2026-08-01T14:39:32.000Z</time>
      </trkpt>
      <trkpt lat="40.068509411540745" lon="116.29869571628689">
        <ele>46.4</ele>
        <time>2026-08-01T14:39:33.000Z</time>
      </trkpt>
      <trkpt lat="40.06848830835439" lon="116.29863785096295">
        <ele>46.4</ele>
        <time>2026-08-01T14:39:34.000Z</time>
      </trkpt>
      <trkpt lat="40.06846721869677" lon="116.29858340551857">
        <ele>46.5</ele>
        <time>2026-08-01T14:39:35.000Z</time>
      </trkpt>
      <trkpt lat="40.068446018481495" lon="116.2985323276171">
        <ele>46.4</ele>
        <time>2026-08-01T14:39:36.000Z</time>
      </trkpt>
      <trkpt lat="40.06842416341782" lon="116.29848352668266">
        <ele>46.4</ele>
        <time>2026-08-01T14:39:37.000Z</time>
      </trkpt>
      <trkpt lat="40.06840122324839" lon="116.29843482542071">
        <ele>46.4</ele>
        <time>2026-08-01T14:39:38.000Z</time>
      </trkpt>
      <trkpt lat="40.06837733896896" lon="116.29838466868212">
        <ele>46.4</ele>
        <time>2026-08-01T14:39:39.000Z</time>
      </trkpt>
      <trkpt lat="40.068352263997404" lon="116.29833204501209">
        <ele>46.4</ele>
        <time>2026-08-01T14:39:40.000Z</time>
      </trkpt>
      <trkpt lat="40.068326030814724" lon="116.29827686726298">
        <ele>46.3</ele>
        <time>2026-08-01T14:39:41.000Z</time>
      </trkpt>
      <trkpt lat="40.068298825116834" lon="116.29822011498469">
        <ele>46.3</ele>
        <time>2026-08-01T14:39:42.000Z</time>
      </trkpt>
      <trkpt lat="40.068270559461915" lon="116.2981621841934">
        <ele>46.3</ele>
        <time>2026-08-01T14:39:43.000Z</time>
      </trkpt>
      <trkpt lat="40.06824151603992" lon="116.29810228678247">
        <ele>46.3</ele>
        <time>2026-08-01T14:39:44.000Z</time>
      </trkpt>
      <trkpt lat="40.068211625460044" lon="116.29804009924563">
        <ele>46.3</ele>
        <time>2026-08-01T14:39:45.000Z</time>
      </trkpt>
      <trkpt lat="40.068178860378275" lon="116.29797608567782">
        <ele>46.3</ele>
        <time>2026-08-01T14:39:46.000Z</time>
      </trkpt>
      <trkpt lat="40.06814399615093" lon="116.29791194717723">
        <ele>46.3</ele>
        <time>2026-08-01T14:39:47.000Z</time>
      </trkpt>
      <trkpt lat="40.06810895446995" lon="116.2978494986855">
        <ele>46.3</ele>
        <time>2026-08-01T14:39:48.000Z</time>
      </trkpt>
      <trkpt lat="40.06807307187157" lon="116.29778841727804">
        <ele>46.3</ele>
        <time>2026-08-01T14:39:49.000Z</time>
      </trkpt>
      <trkpt lat="40.068036602229135" lon="116.29772766264952">
        <ele>46.3</ele>
        <time>2026-08-01T14:39:50.000Z</time>
      </trkpt>
      <trkpt lat="40.067998123509696" lon="116.29766584767142">
        <ele>46.3</ele>
        <time>2026-08-01T14:39:51.000Z</time>
      </trkpt>
      <trkpt lat="40.06795798723775" lon="116.29760246363468">
        <ele>46.3</ele>
        <time>2026-08-01T14:39:52.000Z</time>
      </trkpt>
      <trkpt lat="40.06791807454387" lon="116.29754046927624">
        <ele>46.3</ele>
        <time>2026-08-01T14:39:53.000Z</time>
      </trkpt>
      <trkpt lat="40.06787816664522" lon="116.29747881447132">
        <ele>46.3</ele>
        <time>2026-08-01T14:39:54.000Z</time>
      </trkpt>
      <trkpt lat="40.067838572130505" lon="116.29741644093717">
        <ele>46.3</ele>
        <time>2026-08-01T14:39:55.000Z</time>
      </trkpt>
      <trkpt lat="40.06779909205722" lon="116.29735566791419">
        <ele>46.3</ele>
        <time>2026-08-01T14:39:56.000Z</time>
      </trkpt>
      <trkpt lat="40.06775963224353" lon="116.29729522522557">
        <ele>46.3</ele>
        <time>2026-08-01T14:39:57.000Z</time>
      </trkpt>
      <trkpt lat="40.0677190518924" lon="116.29723570870551">
        <ele>46.3</ele>
        <time>2026-08-01T14:39:58.000Z</time>
      </trkpt>
      <trkpt lat="40.06767604166789" lon="116.29717861679711">
        <ele>46.3</ele>
        <time>2026-08-01T14:39:59.000Z</time>
      </trkpt>
      <trkpt lat="40.06763190452184" lon="116.29712380459027">
        <ele>46.3</ele>
        <time>2026-08-01T14:40:00.000Z</time>
      </trkpt>
      <trkpt lat="40.06758791056485" lon="116.29707029202318">
        <ele>46.3</ele>
        <time>2026-08-01T14:40:01.000Z</time>
      </trkpt>
      <trkpt lat="40.06754380869158" lon="116.29701697597206">
        <ele>46.4</ele>
        <time>2026-08-01T14:40:02.000Z</time>
      </trkpt>
      <trkpt lat="40.067499571137176" lon="116.29696386600422">
        <ele>46.4</ele>
        <time>2026-08-01T14:40:03.000Z</time>
      </trkpt>
      <trkpt lat="40.06745578910918" lon="116.29691089450473">
        <ele>46.4</ele>
        <time>2026-08-01T14:40:04.000Z</time>
      </trkpt>
      <trkpt lat="40.06741230187544" lon="116.29685801933793">
        <ele>46.4</ele>
        <time>2026-08-01T14:40:05.000Z</time>
      </trkpt>
      <trkpt lat="40.06736891840543" lon="116.29680549246338">
        <ele>46.4</ele>
        <time>2026-08-01T14:40:06.000Z</time>
      </trkpt>
      <trkpt lat="40.06732594305847" lon="116.29675348789047">
        <ele>46.4</ele>
        <time>2026-08-01T14:40:07.000Z</time>
      </trkpt>
      <trkpt lat="40.06728345158629" lon="116.29670199195667">
        <ele>46.5</ele>
        <time>2026-08-01T14:40:08.000Z</time>
      </trkpt>
      <trkpt lat="40.06724115659337" lon="116.29665070525857">
        <ele>46.5</ele>
        <time>2026-08-01T14:40:09.000Z</time>
      </trkpt>
      <trkpt lat="40.06719881605781" lon="116.29659975428127">
        <ele>46.5</ele>
        <time>2026-08-01T14:40:10.000Z</time>
      </trkpt>
      <trkpt lat="40.067156250072706" lon="116.29654950180468">
        <ele>46.5</ele>
        <time>2026-08-01T14:40:11.000Z</time>
      </trkpt>
      <trkpt lat="40.0671130820774" lon="116.29650033504637">
        <ele>46.5</ele>
        <time>2026-08-01T14:40:12.000Z</time>
      </trkpt>
      <trkpt lat="40.067068953584624" lon="116.29645264617028">
        <ele>46.6</ele>
        <time>2026-08-01T14:40:13.000Z</time>
      </trkpt>
      <trkpt lat="40.06702419204785" lon="116.29640595278077">
        <ele>46.6</ele>
        <time>2026-08-01T14:40:14.000Z</time>
      </trkpt>
      <trkpt lat="40.06697892591917" lon="116.29635999230405">
        <ele>46.6</ele>
        <time>2026-08-01T14:40:15.000Z</time>
      </trkpt>
      <trkpt lat="40.06693312043611" lon="116.29631486624496">
        <ele>46.6</ele>
        <time>2026-08-01T14:40:16.000Z</time>
      </trkpt>
      <trkpt lat="40.066886961930805" lon="116.29627011147763">
        <ele>46.6</ele>
        <time>2026-08-01T14:40:17.000Z</time>
      </trkpt>
      <trkpt lat="40.0668405617028" lon="116.29622584458161">
        <ele>46.7</ele>
        <time>2026-08-01T14:40:18.000Z</time>
      </trkpt>
      <trkpt lat="40.06679415918079" lon="116.29618288124904">
        <ele>46.7</ele>
        <time>2026-08-01T14:40:19.000Z</time>
      </trkpt>
      <trkpt lat="40.066747802314026" lon="116.29614192339385">
        <ele>46.8</ele>
        <time>2026-08-01T14:40:20.000Z</time>
      </trkpt>
      <trkpt lat="40.0667009692494" lon="116.2961032243774">
        <ele>46.8</ele>
        <time>2026-08-01T14:40:21.000Z</time>
      </trkpt>
      <trkpt lat="40.06665334865313" lon="116.29606667869868">
        <ele>46.9</ele>
        <time>2026-08-01T14:40:22.000Z</time>
      </trkpt>
      <trkpt lat="40.06660553040635" lon="116.29603197664005">
        <ele>46.9</ele>
        <time>2026-08-01T14:40:23.000Z</time>
      </trkpt>
      <trkpt lat="40.06655766929042" lon="116.29599814307895">
        <ele>46.9</ele>
        <time>2026-08-01T14:40:24.000Z</time>
      </trkpt>
      <trkpt lat="40.06650945556653" lon="116.29596434624678">
        <ele>47.0</ele>
        <time>2026-08-01T14:40:25.000Z</time>
      </trkpt>
      <trkpt lat="40.066461227740355" lon="116.29593041315658">
        <ele>47.0</ele>
        <time>2026-08-01T14:40:26.000Z</time>
      </trkpt>
      <trkpt lat="40.06641330620336" lon="116.29589661157794">
        <ele>47.0</ele>
        <time>2026-08-01T14:40:27.000Z</time>
      </trkpt>
      <trkpt lat="40.066365154508716" lon="116.29586372551955">
        <ele>47.0</ele>
        <time>2026-08-01T14:40:28.000Z</time>
      </trkpt>
      <trkpt lat="40.066316281496604" lon="116.29583254609229">
        <ele>47.0</ele>
        <time>2026-08-01T14:40:29.000Z</time>
      </trkpt>
      <trkpt lat="40.066266841472014" lon="116.29580324365831">
        <ele>47.0</ele>
        <time>2026-08-01T14:40:30.000Z</time>
      </trkpt>
      <trkpt lat="40.06621713639064" lon="116.29577496966171">
        <ele>46.9</ele>
        <time>2026-08-01T14:40:31.000Z</time>
      </trkpt>
      <trkpt lat="40.06616737495052" lon="116.29574675601438">
        <ele>46.9</ele>
        <time>2026-08-01T14:40:32.000Z</time>
      </trkpt>
      <trkpt lat="40.066117216549955" lon="116.29571859963856">
        <ele>46.9</ele>
        <time>2026-08-01T14:40:33.000Z</time>
        <extensions>
          <gpxtpx:TrackPointExtension>
            <gpxtpx:hr>133</gpxtpx:hr>
          </gpxtpx:TrackPointExtension>
        </extensions>
      </trkpt>
      <trkpt lat="40.06606624697068" lon="116.29569096766116">
        <ele>46.9</ele>
        <time>2026-08-01T14:40:34.000Z</time>
        <extensions>
          <gpxtpx:TrackPointExtension>
            <gpxtpx:hr>133</gpxtpx:hr>
          </gpxtpx:TrackPointExtension>
        </extensions>
      </trkpt>
      <trkpt lat="40.06601470450383" lon="116.29566392725046">
        <ele>46.9</ele>
        <time>2026-08-01T14:40:35.000Z</time>
        <extensions>
          <gpxtpx:TrackPointExtension>
            <gpxtpx:hr>133</gpxtpx:hr>
          </gpxtpx:TrackPointExtension>
        </extensions>
      </trkpt>
      <trkpt lat="40.06596305917467" lon="116.29563755885411">
        <ele>46.9</ele>
        <time>2026-08-01T14:40:36.000Z</time>
        <extensions>
          <gpxtpx:TrackPointExtension>
            <gpxtpx:hr>133</gpxtpx:hr>
          </gpxtpx:TrackPointExtension>
        </extensions>
      </trkpt>
      <trkpt lat="40.06591167627219" lon="116.29561219079837">
        <ele>46.9</ele>
        <time>2026-08-01T14:40:37.000Z</time>
        <extensions>
          <gpxtpx:TrackPointExtension>
            <gpxtpx:hr>133</gpxtpx:hr>
          </gpxtpx:TrackPointExtension>
        </extensions>
      </trkpt>
      <trkpt lat="40.0658602473396" lon="116.29558806629615">
        <ele>46.9</ele>
        <time>2026-08-01T14:40:38.000Z</time>
        <extensions>
          <gpxtpx:TrackPointExtension>
            <gpxtpx:hr>133</gpxtpx:hr>
          </gpxtpx:TrackPointExtension>
        </extensions>
      </trkpt>
      <trkpt lat="40.065808302794096" lon="116.29556505098196">
        <ele>46.9</ele>
        <time>2026-08-01T14:40:39.000Z</time>
        <extensions>
          <gpxtpx:TrackPointExtension>
            <gpxtpx:hr>133</gpxtpx:hr>
          </gpxtpx:TrackPointExtension>
        </extensions>
      </trkpt>
      <trkpt lat="40.0657558272992" lon="116.29554280134752">
        <ele>46.9</ele>
        <time>2026-08-01T14:40:40.000Z</time>
        <extensions>
          <gpxtpx:TrackPointExtension>
            <gpxtpx:hr>133</gpxtpx:hr>
          </gpxtpx:TrackPointExtension>
        </extensions>
      </trkpt>
      <trkpt lat="40.06570290181701" lon="116.29552128156809">
        <ele>46.9</ele>
        <time>2026-08-01T14:40:41.000Z</time>
        <extensions>
          <gpxtpx:TrackPointExtension>
            <gpxtpx:hr>133</gpxtpx:hr>
          </gpxtpx:TrackPointExtension>
        </extensions>
      </trkpt>
      <trkpt lat="40.06564970803196" lon="116.2955007671763">
        <ele>46.9</ele>
        <time>2026-08-01T14:40:42.000Z</time>
        <extensions>
          <gpxtpx:TrackPointExtension>
            <gpxtpx:hr>133</gpxtpx:hr>
          </gpxtpx:TrackPointExtension>
        </extensions>
      </trkpt>
      <trkpt lat="40.065596281951976" lon="116.29548144861326">
        <ele>46.9</ele>
        <time>2026-08-01T14:40:43.000Z</time>
        <extensions>
          <gpxtpx:TrackPointExtension>
            <gpxtpx:hr>133</gpxtpx:hr>
          </gpxtpx:TrackPointExtension>
        </extensions>
      </trkpt>
      <trkpt lat="40.06554270969402" lon="116.29546322233527">
        <ele>46.9</ele>
        <time>2026-08-01T14:40:44.000Z</time>
        <extensions>
          <gpxtpx:TrackPointExtension>
            <gpxtpx:hr>133</gpxtpx:hr>
          </gpxtpx:TrackPointExtension>
        </extensions>
      </trkpt>
      <trkpt lat="40.06548890724383" lon="116.29544591004706">
        <ele>46.9</ele>
        <time>2026-08-01T14:40:45.000Z</time>
        <extensions>
          <gpxtpx:TrackPointExtension>
            <gpxtpx:hr>133</gpxtpx:hr>
          </gpxtpx:TrackPointExtension>
        </extensions>
      </trkpt>
      <trkpt lat="40.065434830609334" lon="116.29542943396939">
        <ele>46.9</ele>
        <time>2026-08-01T14:40:46.000Z</time>
        <extensions>
          <gpxtpx:TrackPointExtension>
            <gpxtpx:hr>133</gpxtpx:hr>
          </gpxtpx:TrackPointExtension>
        </extensions>
      </trkpt>
      <trkpt lat="40.06538064584991" lon="116.29541387389088">
        <ele>46.9</ele>
        <time>2026-08-01T14:40:47.000Z</time>
        <extensions>
          <gpxtpx:TrackPointExtension>
            <gpxtpx:hr>133</gpxtpx:hr>
          </gpxtpx:TrackPointExtension>
        </extensions>
      </trkpt>
      <trkpt lat="40.06532616461229" lon="116.29539903324172">
        <ele>46.9</ele>
        <time>2026-08-01T14:40:48.000Z</time>
        <extensions>
          <gpxtpx:TrackPointExtension>
            <gpxtpx:hr>133</gpxtpx:hr>
          </gpxtpx:TrackPointExtension>
        </extensions>
      </trkpt>
      <trkpt lat="40.06527120648261" lon="116.29538447350649">
        <ele>46.9</ele>
        <time>2026-08-01T14:40:49.000Z</time>
        <extensions>
          <gpxtpx:TrackPointExtension>
            <gpxtpx:hr>133</gpxtpx:hr>
          </gpxtpx:TrackPointExtension>
        </extensions>
      </trkpt>
      <trkpt lat="40.065216273443916" lon="116.29537022477278">
        <ele>46.9</ele>
        <time>2026-08-01T14:40:50.000Z</time>
        <extensions>
          <gpxtpx:TrackPointExtension>
            <gpxtpx:hr>133</gpxtpx:hr>
          </gpxtpx:TrackPointExtension>
        </extensions>
      </trkpt>
      <trkpt lat="40.065161478381626" lon="116.29535696522865">
        <ele>46.9</ele>
        <time>2026-08-01T14:40:51.000Z</time>
        <extensions>
          <gpxtpx:TrackPointExtension>
            <gpxtpx:hr>133</gpxtpx:hr>
          </gpxtpx:TrackPointExtension>
        </extensions>
      </trkpt>
      <trkpt lat="40.06510615692903" lon="116.29534495292731">
        <ele>46.9</ele>
        <time>2026-08-01T14:40:52.000Z</time>
        <extensions>
          <gpxtpx:TrackPointExtension>
            <gpxtpx:hr>133</gpxtpx:hr>
          </gpxtpx:TrackPointExtension>
        </extensions>
      </trkpt>
      <trkpt lat="40.065050814187806" lon="116.2953342706445">
        <ele>46.9</ele>
        <time>2026-08-01T14:40:53.000Z</time>
        <extensions>
          <gpxtpx:TrackPointExtension>
            <gpxtpx:hr>133</gpxtpx:hr>
          </gpxtpx:TrackPointExtension>
        </extensions>
      </trkpt>
      <trkpt lat="40.064995800975154" lon="116.29532523661345">
        <ele>46.9</ele>
        <time>2026-08-01T14:40:54.000Z</time>
        <extensions>
          <gpxtpx:TrackPointExtension>
            <gpxtpx:hr>133</gpxtpx:hr>
          </gpxtpx:TrackPointExtension>
        </extensions>
      </trkpt>
      <trkpt lat="40.0649407948271" lon="116.29531724166522">
        <ele>46.9</ele>
        <time>2026-08-01T14:40:55.000Z</time>
        <extensions>
          <gpxtpx:TrackPointExtension>
            <gpxtpx:hr>133</gpxtpx:hr>
          </gpxtpx:TrackPointExtension>
        </extensions>
      </trkpt>
      <trkpt lat="40.06488582772265" lon="116.29530919855672">
        <ele>46.8</ele>
        <time>2026-08-01T14:40:56.000Z</time>
        <extensions>
          <gpxtpx:TrackPointExtension>
            <gpxtpx:hr>133</gpxtpx:hr>
          </gpxtpx:TrackPointExtension>
        </extensions>
      </trkpt>
      <trkpt lat="40.06483056967511" lon="116.29530156230577">
        <ele>46.8</ele>
        <time>2026-08-01T14:40:57.000Z</time>
        <extensions>
          <gpxtpx:TrackPointExtension>
            <gpxtpx:hr>133</gpxtpx:hr>
          </gpxtpx:TrackPointExtension>
        </extensions>
      </trkpt>
      <trkpt lat="40.06477484692369" lon="116.2952956605616">
        <ele>46.8</ele>
        <time>2026-08-01T14:40:58.000Z</time>
        <extensions>
          <gpxtpx:TrackPointExtension>
            <gpxtpx:hr>133</gpxtpx:hr>
          </gpxtpx:TrackPointExtension>
        </extensions>
      </trkpt>
      <trkpt lat="40.06471854347289" lon="116.29529213206243">
        <ele>46.8</ele>
        <time>2026-08-01T14:40:59.000Z</time>
        <extensions>
          <gpxtpx:TrackPointExtension>
            <gpxtpx:hr>133</gpxtpx:hr>
          </gpxtpx:TrackPointExtension>
        </extensions>
      </trkpt>
      <trkpt lat="40.06466189866843" lon="116.2952902037522">
        <ele>46.8</ele>
        <time>2026-08-01T14:41:00.000Z</time>
        <extensions>
          <gpxtpx:TrackPointExtension>
            <gpxtpx:hr>133</gpxtpx:hr>
          </gpxtpx:TrackPointExtension>
        </extensions>
      </trkpt>
      <trkpt lat="40.064604834639596" lon="116.29528874110936">
        <ele>46.8</ele>
        <time>2026-08-01T14:41:01.000Z</time>
        <extensions>
          <gpxtpx:TrackPointExtension>
            <gpxtpx:hr>133</gpxtpx:hr>
          </gpxtpx:TrackPointExtension>
        </extensions>
      </trkpt>
      <trkpt lat="40.064547472964925" lon="116.29528781076034">
        <ele>46.8</ele>
        <time>2026-08-01T14:41:02.000Z</time>
        <extensions>
          <gpxtpx:TrackPointExtension>
            <gpxtpx:hr>133</gpxtpx:hr>
          </gpxtpx:TrackPointExtension>
        </extensions>
      </trkpt>
      <trkpt lat="40.06449060486777" lon="116.29528704586195">
        <ele>46.8</ele>
        <time>2026-08-01T14:41:03.000Z</time>
      </trkpt>
      <trkpt lat="40.064434270659206" lon="116.29528572956853">
        <ele>46.8</ele>
        <time>2026-08-01T14:41:04.000Z</time>
      </trkpt>
      <trkpt lat="40.0643781383243" lon="116.29528399848999">
        <ele>46.8</ele>
        <time>2026-08-01T14:41:05.000Z</time>
      </trkpt>
      <trkpt lat="40.064321840670765" lon="116.29528244043297">
        <ele>46.8</ele>
        <time>2026-08-01T14:41:06.000Z</time>
      </trkpt>
      <trkpt lat="40.064264422182944" lon="116.29528365645996">
        <ele>46.8</ele>
        <time>2026-08-01T14:41:07.000Z</time>
      </trkpt>
      <trkpt lat="40.06420745657256" lon="116.29528788498347">
        <ele>46.8</ele>
        <time>2026-08-01T14:41:08.000Z</time>
      </trkpt>
      <trkpt lat="40.06415249880249" lon="116.29529341068694">
        <ele>46.8</ele>
        <time>2026-08-01T14:41:09.000Z</time>
      </trkpt>
      <trkpt lat="40.06409839223766" lon="116.29529990251955">
        <ele>46.8</ele>
        <time>2026-08-01T14:41:10.000Z</time>
      </trkpt>
      <trkpt lat="40.06404453438784" lon="116.29530621730925">
        <ele>46.7</ele>
        <time>2026-08-01T14:41:11.000Z</time>
      </trkpt>
      <trkpt lat="40.06399064139064" lon="116.29531248873685">
        <ele>46.7</ele>
        <time>2026-08-01T14:41:12.000Z</time>
      </trkpt>
      <trkpt lat="40.06393672016388" lon="116.2953193561794">
        <ele>46.7</ele>
        <time>2026-08-01T14:41:13.000Z</time>
      </trkpt>
      <trkpt lat="40.06388315795455" lon="116.29532727852505">
        <ele>46.7</ele>
        <time>2026-08-01T14:41:14.000Z</time>
      </trkpt>
      <trkpt lat="40.063830102880345" lon="116.29533690585895">
        <ele>46.8</ele>
        <time>2026-08-01T14:41:15.000Z</time>
      </trkpt>
      <trkpt lat="40.06377727390991" lon="116.29534826281281">
        <ele>46.8</ele>
        <time>2026-08-01T14:41:16.000Z</time>
      </trkpt>
      <trkpt lat="40.06372433799801" lon="116.2953606315679">
        <ele>46.8</ele>
        <time>2026-08-01T14:41:17.000Z</time>
      </trkpt>
      <trkpt lat="40.0636714630698" lon="116.29537300589415">
        <ele>46.8</ele>
        <time>2026-08-01T14:41:18.000Z</time>
      </trkpt>
      <trkpt lat="40.063619039987515" lon="116.29538465998726">
        <ele>46.8</ele>
        <time>2026-08-01T14:41:19.000Z</time>
      </trkpt>
      <trkpt lat="40.0635669820304" lon="116.29539608468151">
        <ele>46.8</ele>
        <time>2026-08-01T14:41:20.000Z</time>
      </trkpt>
      <trkpt lat="40.06351478499966" lon="116.29540925952658">
        <ele>46.8</ele>
        <time>2026-08-01T14:41:21.000Z</time>
      </trkpt>
      <trkpt lat="40.06346281167327" lon="116.29542435930212">
        <ele>46.9</ele>
        <time>2026-08-01T14:41:22.000Z</time>
      </trkpt>
      <trkpt lat="40.06341140022964" lon="116.29544061135674">
        <ele>46.9</ele>
        <time>2026-08-01T14:41:23.000Z</time>
      </trkpt>
      <trkpt lat="40.06336011553717" lon="116.29545836349828">
        <ele>46.9</ele>
        <time>2026-08-01T14:41:24.000Z</time>
      </trkpt>
      <trkpt lat="40.063309283044276" lon="116.29547734994688">
        <ele>46.9</ele>
        <time>2026-08-01T14:41:25.000Z</time>
      </trkpt>
      <trkpt lat="40.06325876973997" lon="116.29549695237814">
        <ele>46.9</ele>
        <time>2026-08-01T14:41:26.000Z</time>
      </trkpt>
      <trkpt lat="40.06320806099058" lon="116.29551723174035">
        <ele>46.9</ele>
        <time>2026-08-01T14:41:27.000Z</time>
      </trkpt>
      <trkpt lat="40.06315771413778" lon="116.29553859674601">
        <ele>46.9</ele>
        <time>2026-08-01T14:41:28.000Z</time>
      </trkpt>
      <trkpt lat="40.063107671648865" lon="116.29556136017771">
        <ele>46.9</ele>
        <time>2026-08-01T14:41:29.000Z</time>
      </trkpt>
      <trkpt lat="40.06305766026574" lon="116.2955860205479">
        <ele>46.9</ele>
        <time>2026-08-01T14:41:30.000Z</time>
      </trkpt>
      <trkpt lat="40.063008347618315" lon="116.29561391825598">
        <ele>47.0</ele>
        <time>2026-08-01T14:41:31.000Z</time>
      </trkpt>
      <trkpt lat="40.06295943816001" lon="116.29564543316587">
        <ele>47.0</ele>
        <time>2026-08-01T14:41:32.000Z</time>
      </trkpt>
      <trkpt lat="40.06291071483544" lon="116.29567669578098">
        <ele>47.0</ele>
        <time>2026-08-01T14:41:33.000Z</time>
      </trkpt>
      <trkpt lat="40.06286155737057" lon="116.29570428224433">
        <ele>47.1</ele>
        <time>2026-08-01T14:41:34.000Z</time>
      </trkpt>
      <trkpt lat="40.06281106923541" lon="116.29572869522006">
        <ele>47.1</ele>
        <time>2026-08-01T14:41:35.000Z</time>
      </trkpt>
      <trkpt lat="40.06275951290552" lon="116.29575134168527">
        <ele>47.1</ele>
        <time>2026-08-01T14:41:36.000Z</time>
      </trkpt>
      <trkpt lat="40.06270690803808" lon="116.29577383531164">
        <ele>47.2</ele>
        <time>2026-08-01T14:41:37.000Z</time>
      </trkpt>
      <trkpt lat="40.06265369351935" lon="116.29579702468504">
        <ele>47.2</ele>
        <time>2026-08-01T14:41:38.000Z</time>
      </trkpt>
      <trkpt lat="40.0626010352826" lon="116.2958212587233">
        <ele>47.3</ele>
        <time>2026-08-01T14:41:39.000Z</time>
      </trkpt>
      <trkpt lat="40.0625493728178" lon="116.29584661656409">
        <ele>47.3</ele>
        <time>2026-08-01T14:41:40.000Z</time>
      </trkpt>
      <trkpt lat="40.062498238287326" lon="116.29587256424593">
        <ele>47.3</ele>
        <time>2026-08-01T14:41:41.000Z</time>
      </trkpt>
      <trkpt lat="40.06244712782713" lon="116.29589876345702">
        <ele>47.3</ele>
        <time>2026-08-01T14:41:42.000Z</time>
      </trkpt>
      <trkpt lat="40.062395979414646" lon="116.29592508238753">
        <ele>47.4</ele>
        <time>2026-08-01T14:41:43.000Z</time>
      </trkpt>
      <trkpt lat="40.062345246114965" lon="116.29595178007708">
        <ele>47.4</ele>
        <time>2026-08-01T14:41:44.000Z</time>
      </trkpt>
      <trkpt lat="40.062295202139744" lon="116.29597893292245">
        <ele>47.4</ele>
        <time>2026-08-01T14:41:45.000Z</time>
      </trkpt>
      <trkpt lat="40.0622453256171" lon="116.2960062311278">
        <ele>47.4</ele>
        <time>2026-08-01T14:41:46.000Z</time>
      </trkpt>
      <trkpt lat="40.06219540590032" lon="116.29603340321687">
        <ele>47.4</ele>
        <time>2026-08-01T14:41:47.000Z</time>
      </trkpt>
      <trkpt lat="40.06214528790177" lon="116.29606066765544">
        <ele>47.4</ele>
        <time>2026-08-01T14:41:48.000Z</time>
      </trkpt>
      <trkpt lat="40.06209506765187" lon="116.29608842645477">
        <ele>47.3</ele>
        <time>2026-08-01T14:41:49.000Z</time>
      </trkpt>
      <trkpt lat="40.062045009011996" lon="116.29611671741017">
        <ele>47.3</ele>
        <time>2026-08-01T14:41:50.000Z</time>
      </trkpt>
      <trkpt lat="40.061995051356014" lon="116.29614510524434">
        <ele>47.3</ele>
        <time>2026-08-01T14:41:51.000Z</time>
      </trkpt>
      <trkpt lat="40.06194504023226" lon="116.29617310845337">
        <ele>47.3</ele>
        <time>2026-08-01T14:41:52.000Z</time>
      </trkpt>
      <trkpt lat="40.06189465525931" lon="116.29620051525015">
        <ele>47.3</ele>
        <time>2026-08-01T14:41:53.000Z</time>
      </trkpt>
      <trkpt lat="40.061844046929714" lon="116.29622728666207">
        <ele>47.3</ele>
        <time>2026-08-01T14:41:54.000Z</time>
      </trkpt>
      <trkpt lat="40.061793360961275" lon="116.29625373416141">
        <ele>47.2</ele>
        <time>2026-08-01T14:41:55.000Z</time>
      </trkpt>
      <trkpt lat="40.061742457824124" lon="116.29628037232622">
        <ele>47.2</ele>
        <time>2026-08-01T14:41:56.000Z</time>
      </trkpt>
      <trkpt lat="40.06169128335284" lon="116.29630768295155">
        <ele>47.2</ele>
        <time>2026-08-01T14:41:57.000Z</time>
      </trkpt>
      <trkpt lat="40.06163984887276" lon="116.29633575125705">
        <ele>47.2</ele>
        <time>2026-08-01T14:41:58.000Z</time>
      </trkpt>
      <trkpt lat="40.061588539739645" lon="116.29636411694112">
        <ele>47.2</ele>
        <time>2026-08-01T14:41:59.000Z</time>
      </trkpt>
      <trkpt lat="40.06153778957478" lon="116.296392445363">
        <ele>47.2</ele>
        <time>2026-08-01T14:42:00.000Z</time>
      </trkpt>
      <trkpt lat="40.06148727724262" lon="116.29642083331805">
        <ele>47.1</ele>
        <time>2026-08-01T14:42:01.000Z</time>
      </trkpt>
      <trkpt lat="40.06143629269936" lon="116.29644949457676">
        <ele>47.1</ele>
        <time>2026-08-01T14:42:02.000Z</time>
      </trkpt>
      <trkpt lat="40.06138509664507" lon="116.2964783480719">
        <ele>47.1</ele>
        <time>2026-08-01T14:42:03.000Z</time>
      </trkpt>
      <trkpt lat="40.061334076439906" lon="116.29650709963164">
        <ele>47.1</ele>
        <time>2026-08-01T14:42:04.000Z</time>
      </trkpt>
      <trkpt lat="40.06128284049323" lon="116.2965354887208">
        <ele>47.1</ele>
        <time>2026-08-01T14:42:05.000Z</time>
      </trkpt>
      <trkpt lat="40.06123104660624" lon="116.2965635059791">
        <ele>47.1</ele>
        <time>2026-08-01T14:42:06.000Z</time>
      </trkpt>
      <trkpt lat="40.06117887879945" lon="116.29659137996613">
        <ele>47.0</ele>
        <time>2026-08-01T14:42:07.000Z</time>
      </trkpt>
      <trkpt lat="40.06112693672578" lon="116.2966194769038">
        <ele>47.0</ele>
        <time>2026-08-01T14:42:08.000Z</time>
      </trkpt>
      <trkpt lat="40.06107546426181" lon="116.29664802276547">
        <ele>47.0</ele>
        <time>2026-08-01T14:42:09.000Z</time>
      </trkpt>
      <trkpt lat="40.061023839709684" lon="116.29667692790825">
        <ele>47.0</ele>
        <time>2026-08-01T14:42:10.000Z</time>
      </trkpt>
      <trkpt lat="40.060971911528966" lon="116.29670596588076">
        <ele>47.0</ele>
        <time>2026-08-01T14:42:11.000Z</time>
      </trkpt>
      <trkpt lat="40.060920244290635" lon="116.29673516053724">
        <ele>47.0</ele>
        <time>2026-08-01T14:42:12.000Z</time>
      </trkpt>
      <trkpt lat="40.06086915049717" lon="116.29676449968285">
        <ele>47.0</ele>
        <time>2026-08-01T14:42:13.000Z</time>
      </trkpt>
      <trkpt lat="40.060818616278134" lon="116.29679339608502">
        <ele>47.0</ele>
        <time>2026-08-01T14:42:14.000Z</time>
      </trkpt>
      <trkpt lat="40.0607680172051" lon="116.29682169654174">
        <ele>47.0</ele>
        <time>2026-08-01T14:42:15.000Z</time>
      </trkpt>
      <trkpt lat="40.06071652634968" lon="116.29684916587175">
        <ele>47.0</ele>
        <time>2026-08-01T14:42:16.000Z</time>
      </trkpt>
      <trkpt lat="40.06066454960188" lon="116.29687498067536">
        <ele>47.0</ele>
        <time>2026-08-01T14:42:17.000Z</time>
      </trkpt>
      <trkpt lat="40.060612647236155" lon="116.29689931534845">
        <ele>47.0</ele>
        <time>2026-08-01T14:42:18.000Z</time>
      </trkpt>
      <trkpt lat="40.06056061779646" lon="116.29692332496518">
        <ele>47.0</ele>
        <time>2026-08-01T14:42:19.000Z</time>
      </trkpt>
      <trkpt lat="40.06050891050771" lon="116.2969478072011">
        <ele>47.0</ele>
        <time>2026-08-01T14:42:20.000Z</time>
      </trkpt>
      <trkpt lat="40.06045803242065" lon="116.296972857223">
        <ele>47.0</ele>
        <time>2026-08-01T14:42:21.000Z</time>
      </trkpt>
      <trkpt lat="40.06040770519453" lon="116.29699819238667">
        <ele>47.0</ele>
        <time>2026-08-01T14:42:22.000Z</time>
      </trkpt>
      <trkpt lat="40.060357383498214" lon="116.29702388995035">
        <ele>46.9</ele>
        <time>2026-08-01T14:42:23.000Z</time>
      </trkpt>
      <trkpt lat="40.060307200867946" lon="116.29705028418155">
        <ele>46.9</ele>
        <time>2026-08-01T14:42:24.000Z</time>
      </trkpt>
      <trkpt lat="40.060257437443504" lon="116.29707694707066">
        <ele>46.9</ele>
        <time>2026-08-01T14:42:25.000Z</time>
      </trkpt>
      <trkpt lat="40.0602077907259" lon="116.29710354660413">
        <ele>46.9</ele>
        <time>2026-08-01T14:42:26.000Z</time>
      </trkpt>
      <trkpt lat="40.06015814843169" lon="116.29713055543615">
        <ele>46.9</ele>
        <time>2026-08-01T14:42:27.000Z</time>
      </trkpt>
      <trkpt lat="40.06010862406204" lon="116.29715828646411">
        <ele>46.9</ele>
        <time>2026-08-01T14:42:28.000Z</time>
      </trkpt>
      <trkpt lat="40.06005917576251" lon="116.29718626836382">
        <ele>46.9</ele>
        <time>2026-08-01T14:42:29.000Z</time>
      </trkpt>
      <trkpt lat="40.060009854736194" lon="116.29721366776803">
        <ele>46.9</ele>
        <time>2026-08-01T14:42:30.000Z</time>
      </trkpt>
      <trkpt lat="40.059960640014054" lon="116.29723996873788">
        <ele>46.9</ele>
        <time>2026-08-01T14:42:31.000Z</time>
      </trkpt>
      <trkpt lat="40.05991117432547" lon="116.29726537502582">
        <ele>46.9</ele>
        <time>2026-08-01T14:42:32.000Z</time>
      </trkpt>
      <trkpt lat="40.059861721087415" lon="116.29729104354202">
        <ele>46.8</ele>
        <time>2026-08-01T14:42:33.000Z</time>
      </trkpt>
      <trkpt lat="40.05981258034734" lon="116.29731747544045">
        <ele>46.8</ele>
        <time>2026-08-01T14:42:34.000Z</time>
      </trkpt>
      <trkpt lat="40.0597635191881" lon="116.29734406990251">
        <ele>46.8</ele>
        <time>2026-08-01T14:42:35.000Z</time>
      </trkpt>
      <trkpt lat="40.05971454966478" lon="116.29737049947983">
        <ele>46.8</ele>
        <time>2026-08-01T14:42:36.000Z</time>
      </trkpt>
      <trkpt lat="40.059665577906586" lon="116.29739732082008">
        <ele>46.8</ele>
        <time>2026-08-01T14:42:37.000Z</time>
      </trkpt>
      <trkpt lat="40.05961653632717" lon="116.29742471819976">
        <ele>46.8</ele>
        <time>2026-08-01T14:42:38.000Z</time>
      </trkpt>
      <trkpt lat="40.05956770579719" lon="116.29745198642735">
        <ele>46.8</ele>
        <time>2026-08-01T14:42:39.000Z</time>
      </trkpt>
      <trkpt lat="40.05951917275471" lon="116.29747893352004">
        <ele>46.8</ele>
        <time>2026-08-01T14:42:40.000Z</time>
      </trkpt>
      <trkpt lat="40.05947075686694" lon="116.29750567277286">
        <ele>46.8</ele>
        <time>2026-08-01T14:42:41.000Z</time>
      </trkpt>
      <trkpt lat="40.05942264562551" lon="116.29753197420143">
        <ele>46.8</ele>
        <time>2026-08-01T14:42:42.000Z</time>
      </trkpt>
      <trkpt lat="40.05937485384098" lon="116.29755801840273">
        <ele>46.8</ele>
        <time>2026-08-01T14:42:43.000Z</time>
      </trkpt>
      <trkpt lat="40.0593263048174" lon="116.29758369402228">
        <ele>46.8</ele>
        <time>2026-08-01T14:42:44.000Z</time>
      </trkpt>
      <trkpt lat="40.05927668106304" lon="116.29760929097631">
        <ele>46.8</ele>
        <time>2026-08-01T14:42:45.000Z</time>
      </trkpt>
      <trkpt lat="40.05922657310366" lon="116.29763555592044">
        <ele>46.8</ele>
        <time>2026-08-01T14:42:46.000Z</time>
      </trkpt>
      <trkpt lat="40.05917636512216" lon="116.29766172948315">
        <ele>46.8</ele>
        <time>2026-08-01T14:42:47.000Z</time>
      </trkpt>
      <trkpt lat="40.059126521638646" lon="116.29768766911269">
        <ele>46.8</ele>
        <time>2026-08-01T14:42:48.000Z</time>
      </trkpt>
      <trkpt lat="40.059076891850545" lon="116.2977133416008">
        <ele>46.8</ele>
        <time>2026-08-01T14:42:49.000Z</time>
      </trkpt>
      <trkpt lat="40.05902743234518" lon="116.2977387731615">
        <ele>46.8</ele>
        <time>2026-08-01T14:42:50.000Z</time>
      </trkpt>
      <trkpt lat="40.05897790652264" lon="116.2977645360799">
        <ele>46.8</ele>
        <time>2026-08-01T14:42:51.000Z</time>
      </trkpt>
      <trkpt lat="40.05892782657975" lon="116.29778992909259">
        <ele>46.9</ele>
        <time>2026-08-01T14:42:52.000Z</time>
      </trkpt>
      <trkpt lat="40.05887807443941" lon="116.29781435690302">
        <ele>46.9</ele>
        <time>2026-08-01T14:42:53.000Z</time>
      </trkpt>
      <trkpt lat="40.05882863659402" lon="116.29783906065427">
        <ele>46.9</ele>
        <time>2026-08-01T14:42:54.000Z</time>
      </trkpt>
      <trkpt lat="40.0587788253816" lon="116.29786546025723">
        <ele>46.9</ele>
        <time>2026-08-01T14:42:55.000Z</time>
      </trkpt>
      <trkpt lat="40.058728569582456" lon="116.29789324517711">
        <ele>46.9</ele>
        <time>2026-08-01T14:42:56.000Z</time>
      </trkpt>
      <trkpt lat="40.058677903136065" lon="116.29792152832832">
        <ele>46.9</ele>
        <time>2026-08-01T14:42:57.000Z</time>
      </trkpt>
      <trkpt lat="40.05862748980231" lon="116.29794975145724">
        <ele>47.0</ele>
        <time>2026-08-01T14:42:58.000Z</time>
      </trkpt>
      <trkpt lat="40.058577355312075" lon="116.29797763644618">
        <ele>47.0</ele>
        <time>2026-08-01T14:42:59.000Z</time>
      </trkpt>
      <trkpt lat="40.058527039690546" lon="116.29800525698825">
        <ele>47.0</ele>
        <time>2026-08-01T14:43:00.000Z</time>
      </trkpt>
      <trkpt lat="40.05847653672494" lon="116.29803274402651">
        <ele>47.0</ele>
        <time>2026-08-01T14:43:01.000Z</time>
      </trkpt>
      <trkpt lat="40.058425736980794" lon="116.2980599733868">
        <ele>47.0</ele>
        <time>2026-08-01T14:43:02.000Z</time>
      </trkpt>
      <trkpt lat="40.058374400055776" lon="116.29808682886487">
        <ele>47.1</ele>
        <time>2026-08-01T14:43:03.000Z</time>
      </trkpt>
      <trkpt lat="40.058322753017414" lon="116.29811346244787">
        <ele>47.1</ele>
        <time>2026-08-01T14:43:04.000Z</time>
      </trkpt>
      <trkpt lat="40.05827077981574" lon="116.29814030293788">
        <ele>47.1</ele>
        <time>2026-08-01T14:43:05.000Z</time>
      </trkpt>
      <trkpt lat="40.058218748688425" lon="116.29816723897397">
        <ele>47.2</ele>
        <time>2026-08-01T14:43:06.000Z</time>
      </trkpt>
      <trkpt lat="40.05816684126227" lon="116.29819424326934">
        <ele>47.2</ele>
        <time>2026-08-01T14:43:07.000Z</time>
      </trkpt>
      <trkpt lat="40.05811542434723" lon="116.29822170718387">
        <ele>47.2</ele>
        <time>2026-08-01T14:43:08.000Z</time>
      </trkpt>
      <trkpt lat="40.058064854254944" lon="116.29824926704575">
        <ele>47.3</ele>
        <time>2026-08-01T14:43:09.000Z</time>
      </trkpt>
      <trkpt lat="40.058014146721106" lon="116.29827685774401">
        <ele>47.3</ele>
        <time>2026-08-01T14:43:10.000Z</time>
      </trkpt>
      <trkpt lat="40.0579629672635" lon="116.29830462008795">
        <ele>47.3</ele>
        <time>2026-08-01T14:43:11.000Z</time>
      </trkpt>
      <trkpt lat="40.05791207252406" lon="116.29833238031135">
        <ele>47.3</ele>
        <time>2026-08-01T14:43:12.000Z</time>
      </trkpt>
      <trkpt lat="40.057861388374626" lon="116.29836018835078">
        <ele>47.3</ele>
        <time>2026-08-01T14:43:13.000Z</time>
      </trkpt>
      <trkpt lat="40.05781053605784" lon="116.2983879131085">
        <ele>47.4</ele>
        <time>2026-08-01T14:43:14.000Z</time>
      </trkpt>
      <trkpt lat="40.05775944742184" lon="116.29841551879674">
        <ele>47.4</ele>
        <time>2026-08-01T14:43:15.000Z</time>
      </trkpt>
      <trkpt lat="40.05770807761202" lon="116.29844296010897">
        <ele>47.4</ele>
        <time>2026-08-01T14:43:16.000Z</time>
      </trkpt>
      <trkpt lat="40.05765674643092" lon="116.29847045107415">
        <ele>47.4</ele>
        <time>2026-08-01T14:43:17.000Z</time>
      </trkpt>
      <trkpt lat="40.05760542236429" lon="116.29849875922251">
        <ele>47.4</ele>
        <time>2026-08-01T14:43:18.000Z</time>
      </trkpt>
      <trkpt lat="40.05755386478619" lon="116.29852808097667">
        <ele>47.4</ele>
        <time>2026-08-01T14:43:19.000Z</time>
      </trkpt>
      <trkpt lat="40.05750221809137" lon="116.29855796997592">
        <ele>47.3</ele>
        <time>2026-08-01T14:43:20.000Z</time>
      </trkpt>
      <trkpt lat="40.057450406931125" lon="116.29858783803093">
        <ele>47.3</ele>
        <time>2026-08-01T14:43:21.000Z</time>
      </trkpt>
      <trkpt lat="40.057398276910256" lon="116.2986175268588">
        <ele>47.3</ele>
        <time>2026-08-01T14:43:22.000Z</time>
      </trkpt>
      <trkpt lat="40.05734605138312" lon="116.2986469302093">
        <ele>47.3</ele>
        <time>2026-08-01T14:43:23.000Z</time>
      </trkpt>
      <trkpt lat="40.05729418462176" lon="116.29867629259788">
        <ele>47.3</ele>
        <time>2026-08-01T14:43:24.000Z</time>
      </trkpt>
      <trkpt lat="40.05724295137988" lon="116.29870644419555">
        <ele>47.3</ele>
        <time>2026-08-01T14:43:25.000Z</time>
      </trkpt>
      <trkpt lat="40.05719239320315" lon="116.29873802091751">
        <ele>47.3</ele>
        <time>2026-08-01T14:43:26.000Z</time>
      </trkpt>
      <trkpt lat="40.057142562489474" lon="116.2987710925327">
        <ele>47.3</ele>
        <time>2026-08-01T14:43:27.000Z</time>
      </trkpt>
      <trkpt lat="40.05709371309285" lon="116.29880577395369">
        <ele>47.3</ele>
        <time>2026-08-01T14:43:28.000Z</time>
      </trkpt>
      <trkpt lat="40.05704651614355" lon="116.29884339567978">
        <ele>47.3</ele>
        <time>2026-08-01T14:43:29.000Z</time>
      </trkpt>
      <trkpt lat="40.057001961926275" lon="116.29888597903981">
        <ele>47.3</ele>
        <time>2026-08-01T14:43:30.000Z</time>
      </trkpt>
      <trkpt lat="40.05696120224065" lon="116.2989341657212">
        <ele>47.3</ele>
        <time>2026-08-01T14:43:31.000Z</time>
      </trkpt>
      <trkpt lat="40.0569251699041" lon="116.2989876946891">
        <ele>47.2</ele>
        <time>2026-08-01T14:43:32.000Z</time>
      </trkpt>
      <trkpt lat="40.05689441763179" lon="116.29904641025169">
        <ele>47.2</ele>
        <time>2026-08-01T14:43:33.000Z</time>
      </trkpt>
      <trkpt lat="40.05686907460583" lon="116.29910979923355">
        <ele>47.2</ele>
        <time>2026-08-01T14:43:34.000Z</time>
      </trkpt>
      <trkpt lat="40.05684917095814" lon="116.29917686892264">
        <ele>47.2</ele>
        <time>2026-08-01T14:43:35.000Z</time>
      </trkpt>
      <trkpt lat="40.05683471187482" lon="116.29924606000984">
        <ele>47.2</ele>
        <time>2026-08-01T14:43:36.000Z</time>
      </trkpt>
      <trkpt lat="40.05682564170456" lon="116.29931644876872">
        <ele>47.2</ele>
        <time>2026-08-01T14:43:37.000Z</time>
      </trkpt>
      <trkpt lat="40.05682233015827" lon="116.29938751655054">
        <ele>47.2</ele>
        <time>2026-08-01T14:43:38.000Z</time>
      </trkpt>
      <trkpt lat="40.05682485993576" lon="116.29945841802723">
        <ele>47.2</ele>
        <time>2026-08-01T14:43:39.000Z</time>
      </trkpt>
      <trkpt lat="40.05683252881792" lon="116.29952791166099">
        <ele>47.2</ele>
        <time>2026-08-01T14:43:40.000Z</time>
      </trkpt>
      <trkpt lat="40.05684361645979" lon="116.29959635825146">
        <ele>47.2</ele>
        <time>2026-08-01T14:43:41.000Z</time>
      </trkpt>
      <trkpt lat="40.056855670897455" lon="116.29966539223444">
        <ele>47.3</ele>
        <time>2026-08-01T14:43:42.000Z</time>
      </trkpt>
      <trkpt lat="40.05686751170775" lon="116.2997343219253">
        <ele>47.3</ele>
        <time>2026-08-01T14:43:43.000Z</time>
      </trkpt>
      <trkpt lat="40.056879281976954" lon="116.29980185949121">
        <ele>47.3</ele>
        <time>2026-08-01T14:43:44.000Z</time>
      </trkpt>
      <trkpt lat="40.05689092327089" lon="116.29986833426754">
        <ele>47.3</ele>
        <time>2026-08-01T14:43:45.000Z</time>
      </trkpt>
      <trkpt lat="40.05690243787106" lon="116.29993489578301">
        <ele>47.3</ele>
        <time>2026-08-01T14:43:46.000Z</time>
      </trkpt>
      <trkpt lat="40.05691366560491" lon="116.30000193412211">
        <ele>47.3</ele>
        <time>2026-08-01T14:43:47.000Z</time>
      </trkpt>
      <trkpt lat="40.05692454385431" lon="116.30006931312542">
        <ele>47.3</ele>
        <time>2026-08-01T14:43:48.000Z</time>
      </trkpt>
      <trkpt lat="40.05693532341028" lon="116.30013681487775">
        <ele>47.3</ele>
        <time>2026-08-01T14:43:49.000Z</time>
      </trkpt>
      <trkpt lat="40.056945821123044" lon="116.30020443197111">
        <ele>47.3</ele>
        <time>2026-08-01T14:43:50.000Z</time>
      </trkpt>
      <trkpt lat="40.056956246170884" lon="116.30027252262244">
        <ele>47.3</ele>
        <time>2026-08-01T14:43:51.000Z</time>
      </trkpt>
      <trkpt lat="40.056966850033426" lon="116.30034069619371">
        <ele>47.3</ele>
        <time>2026-08-01T14:43:52.000Z</time>
      </trkpt>
      <trkpt lat="40.05697751966801" lon="116.3004085520961">
        <ele>47.3</ele>
        <time>2026-08-01T14:43:53.000Z</time>
      </trkpt>
      <trkpt lat="40.056988166258144" lon="116.30047608415411">
        <ele>47.3</ele>
        <time>2026-08-01T14:43:54.000Z</time>
      </trkpt>
      <trkpt lat="40.05699836298431" lon="116.30054365314868">
        <ele>47.3</ele>
        <time>2026-08-01T14:43:55.000Z</time>
      </trkpt>
      <trkpt lat="40.05700765639311" lon="116.30061153535205">
        <ele>47.3</ele>
        <time>2026-08-01T14:43:56.000Z</time>
      </trkpt>
      <trkpt lat="40.05701594502152" lon="116.30067979752664">
        <ele>47.3</ele>
        <time>2026-08-01T14:43:57.000Z</time>
      </trkpt>
      <trkpt lat="40.057022964173214" lon="116.30074853148956">
        <ele>47.4</ele>
        <time>2026-08-01T14:43:58.000Z</time>
      </trkpt>
      <trkpt lat="40.05702780408825" lon="116.30081734536839">
        <ele>47.4</ele>
        <time>2026-08-01T14:43:59.000Z</time>
      </trkpt>
      <trkpt lat="40.057029223106156" lon="116.3008858279608">
        <ele>47.4</ele>
        <time>2026-08-01T14:44:00.000Z</time>
      </trkpt>
      <trkpt lat="40.05702623087841" lon="116.30095362895794">
        <ele>47.4</ele>
        <time>2026-08-01T14:44:01.000Z</time>
      </trkpt>
      <trkpt lat="40.05701797803127" lon="116.30102021489523">
        <ele>47.4</ele>
        <time>2026-08-01T14:44:02.000Z</time>
      </trkpt>
      <trkpt lat="40.05700393708518" lon="116.30108522703256">
        <ele>47.5</ele>
        <time>2026-08-01T14:44:03.000Z</time>
      </trkpt>
      <trkpt lat="40.056984118745284" lon="116.30114823079651">
        <ele>47.5</ele>
        <time>2026-08-01T14:44:04.000Z</time>
      </trkpt>
      <trkpt lat="40.05695850169655" lon="116.3012084309458">
        <ele>47.5</ele>
        <time>2026-08-01T14:44:05.000Z</time>
      </trkpt>
      <trkpt lat="40.056927105330494" lon="116.30126461415125">
        <ele>47.5</ele>
        <time>2026-08-01T14:44:06.000Z</time>
      </trkpt>
      <trkpt lat="40.056890511801384" lon="116.3013158954416">
        <ele>47.5</ele>
        <time>2026-08-01T14:44:07.000Z</time>
      </trkpt>
      <trkpt lat="40.05684962642779" lon="116.30136173533145">
        <ele>47.5</ele>
        <time>2026-08-01T14:44:08.000Z</time>
      </trkpt>
      <trkpt lat="40.05680529990783" lon="116.30140190493428">
        <ele>47.5</ele>
        <time>2026-08-01T14:44:09.000Z</time>
      </trkpt>
      <trkpt lat="40.05675847302701" lon="116.30143669767558">
        <ele>47.4</ele>
        <time>2026-08-01T14:44:10.000Z</time>
      </trkpt>
      <trkpt lat="40.05670980230453" lon="116.3014664957619">
        <ele>47.4</ele>
        <time>2026-08-01T14:44:11.000Z</time>
      </trkpt>
      <trkpt lat="40.056660219995365" lon="116.30149188350026">
        <ele>47.4</ele>
        <time>2026-08-01T14:44:12.000Z</time>
      </trkpt>
      <trkpt lat="40.05661090562953" lon="116.30151370539168">
        <ele>47.4</ele>
        <time>2026-08-01T14:44:13.000Z</time>
      </trkpt>
      <trkpt lat="40.05656255357452" lon="116.30153271556281">
        <ele>47.3</ele>
        <time>2026-08-01T14:44:14.000Z</time>
      </trkpt>
      <trkpt lat="40.05651609361719" lon="116.30154971736745">
        <ele>47.3</ele>
        <time>2026-08-01T14:44:15.000Z</time>
      </trkpt>
      <trkpt lat="40.05647310835716" lon="116.30156565000502">
        <ele>47.2</ele>
        <time>2026-08-01T14:44:16.000Z</time>
      </trkpt>
      <trkpt lat="40.05643603055255" lon="116.30158108501865">
        <ele>47.2</ele>
        <time>2026-08-01T14:44:17.000Z</time>
      </trkpt>
      <trkpt lat="40.056407063394545" lon="116.30159638291072">
        <ele>47.1</ele>
        <time>2026-08-01T14:44:18.000Z</time>
      </trkpt>
      <trkpt lat="40.056387902492595" lon="116.30161211238195">
        <ele>47.1</ele>
        <time>2026-08-01T14:44:19.000Z</time>
      </trkpt>
      <trkpt lat="40.056379571043244" lon="116.30162834025393">
        <ele>47.0</ele>
        <time>2026-08-01T14:44:20.000Z</time>
      </trkpt>
      <trkpt lat="40.05638227287366" lon="116.30164261839332">
        <ele>47.0</ele>
        <time>2026-08-01T14:44:21.000Z</time>
      </trkpt>
      <trkpt lat="40.056394732765675" lon="116.3016512181371">
        <ele>46.9</ele>
        <time>2026-08-01T14:44:22.000Z</time>
      </trkpt>
      <trkpt lat="40.05641488438619" lon="116.30165229068731">
        <ele>46.9</ele>
        <time>2026-08-01T14:44:23.000Z</time>
      </trkpt>
      <trkpt lat="40.0564410386861" lon="116.30164575156785">
        <ele>46.9</ele>
        <time>2026-08-01T14:44:24.000Z</time>
      </trkpt>
      <trkpt lat="40.0564714698099" lon="116.30163271292773">
        <ele>46.9</ele>
        <time>2026-08-01T14:44:25.000Z</time>
      </trkpt>
      <trkpt lat="40.05650493098954" lon="116.30161511321909">
        <ele>46.8</ele>
        <time>2026-08-01T14:44:26.000Z</time>
      </trkpt>
      <trkpt lat="40.05654064777927" lon="116.30159464711141">
        <ele>46.9</ele>
        <time>2026-08-01T14:44:27.000Z</time>
      </trkpt>
      <trkpt lat="40.056578208965114" lon="116.30157232497271">
        <ele>46.9</ele>
        <time>2026-08-01T14:44:28.000Z</time>
      </trkpt>
      <trkpt lat="40.0566173215559" lon="116.30154864140405">
        <ele>46.9</ele>
        <time>2026-08-01T14:44:29.000Z</time>
      </trkpt>
      <trkpt lat="40.05665779661504" lon="116.30152376192801">
        <ele>46.9</ele>
        <time>2026-08-01T14:44:30.000Z</time>
      </trkpt>
      <trkpt lat="40.05669936704659" lon="116.30149766435669">
        <ele>47.0</ele>
        <time>2026-08-01T14:44:31.000Z</time>
      </trkpt>
      <trkpt lat="40.05674151552085" lon="116.30146995692094">
        <ele>47.0</ele>
        <time>2026-08-01T14:44:32.000Z</time>
      </trkpt>
      <trkpt lat="40.056783514209066" lon="116.30143981426394">
        <ele>47.0</ele>
        <time>2026-08-01T14:44:33.000Z</time>
      </trkpt>
      <trkpt lat="40.05682455644415" lon="116.30140636013721">
        <ele>47.1</ele>
        <time>2026-08-01T14:44:34.000Z</time>
      </trkpt>
      <trkpt lat="40.056863731651625" lon="116.30136886654938">
        <ele>47.1</ele>
        <time>2026-08-01T14:44:35.000Z</time>
      </trkpt>
      <trkpt lat="40.056900164751895" lon="116.30132680819295">
        <ele>47.1</ele>
        <time>2026-08-01T14:44:36.000Z</time>
      </trkpt>
      <trkpt lat="40.05693325936209" lon="116.30127998101024">
        <ele>47.1</ele>
        <time>2026-08-01T14:44:37.000Z</time>
      </trkpt>
      <trkpt lat="40.05696274781454" lon="116.30122871121216">
        <ele>47.2</ele>
        <time>2026-08-01T14:44:38.000Z</time>
      </trkpt>
      <trkpt lat="40.05698847123451" lon="116.3011736555361">
        <ele>47.2</ele>
        <time>2026-08-01T14:44:39.000Z</time>
      </trkpt>
      <trkpt lat="40.0570101938178" lon="116.30111549538253">
        <ele>47.2</ele>
        <time>2026-08-01T14:44:40.000Z</time>
      </trkpt>
      <trkpt lat="40.05702764611733" lon="116.3010547179924">
        <ele>47.2</ele>
        <time>2026-08-01T14:44:41.000Z</time>
      </trkpt>
      <trkpt lat="40.05704066624129" lon="116.30099177398546">
        <ele>47.2</ele>
        <time>2026-08-01T14:44:42.000Z</time>
      </trkpt>
      <trkpt lat="40.05704937427689" lon="116.30092715975852">
        <ele>47.2</ele>
        <time>2026-08-01T14:44:43.000Z</time>
      </trkpt>
      <trkpt lat="40.057053939728846" lon="116.30086149268465">
        <ele>47.2</ele>
        <time>2026-08-01T14:44:44.000Z</time>
      </trkpt>
      <trkpt lat="40.05705450443879" lon="116.3007953438997">
        <ele>47.2</ele>
        <time>2026-08-01T14:44:45.000Z</time>
      </trkpt>
      <trkpt lat="40.05705143685" lon="116.30072911252972">
        <ele>47.2</ele>
        <time>2026-08-01T14:44:46.000Z</time>
      </trkpt>
      <trkpt lat="40.05704530283922" lon="116.3006630829083">
        <ele>47.2</ele>
        <time>2026-08-01T14:44:47.000Z</time>
      </trkpt>
      <trkpt lat="40.05703677563156" lon="116.30059734845645">
        <ele>47.3</ele>
        <time>2026-08-01T14:44:48.000Z</time>
      </trkpt>
      <trkpt lat="40.057026599575735" lon="116.3005318091882">
        <ele>47.3</ele>
        <time>2026-08-01T14:44:49.000Z</time>
      </trkpt>
      <trkpt lat="40.05701554061029" lon="116.30046622315963">
        <ele>47.3</ele>
        <time>2026-08-01T14:44:50.000Z</time>
      </trkpt>
      <trkpt lat="40.05700426620708" lon="116.30040046915812">
        <ele>47.3</ele>
        <time>2026-08-01T14:44:51.000Z</time>
      </trkpt>
      <trkpt lat="40.05699324354288" lon="116.30033453276214">
        <ele>47.3</ele>
        <time>2026-08-01T14:44:52.000Z</time>
      </trkpt>
      <trkpt lat="40.056982541403876" lon="116.30026830325926">
        <ele>47.4</ele>
        <time>2026-08-01T14:44:53.000Z</time>
      </trkpt>
      <trkpt lat="40.056971888595385" lon="116.30020159734948">
        <ele>47.4</ele>
        <time>2026-08-01T14:44:54.000Z</time>
      </trkpt>
      <trkpt lat="40.056961094074026" lon="116.30013414218587">
        <ele>47.4</ele>
        <time>2026-08-01T14:44:55.000Z</time>
      </trkpt>
      <trkpt lat="40.056950105690355" lon="116.30006576761373">
        <ele>47.4</ele>
        <time>2026-08-01T14:44:56.000Z</time>
      </trkpt>
      <trkpt lat="40.056938888260724" lon="116.29999646742228">
        <ele>47.4</ele>
        <time>2026-08-01T14:44:57.000Z</time>
      </trkpt>
      <trkpt lat="40.05692762722361" lon="116.29992637395662">
        <ele>47.5</ele>
        <time>2026-08-01T14:44:58.000Z</time>
      </trkpt>
      <trkpt lat="40.05691667390271" lon="116.29985582017419">
        <ele>47.5</ele>
        <time>2026-08-01T14:44:59.000Z</time>
      </trkpt>
      <trkpt lat="40.05690612027507" lon="116.29978503625912">
        <ele>47.5</ele>
        <time>2026-08-01T14:45:00.000Z</time>
      </trkpt>
      <trkpt lat="40.056895853249486" lon="116.2997140337404">
        <ele>47.5</ele>
        <time>2026-08-01T14:45:01.000Z</time>
      </trkpt>
      <trkpt lat="40.05688600919498" lon="116.29964236061743">
        <ele>47.5</ele>
        <time>2026-08-01T14:45:02.000Z</time>
      </trkpt>
      <trkpt lat="40.056876730327076" lon="116.29957008680618">
        <ele>47.6</ele>
        <time>2026-08-01T14:45:03.000Z</time>
      </trkpt>
      <trkpt lat="40.056867991678956" lon="116.29949787031165">
        <ele>47.6</ele>
        <time>2026-08-01T14:45:04.000Z</time>
      </trkpt>
      <trkpt lat="40.05686026718533" lon="116.2994255666387">
        <ele>47.6</ele>
        <time>2026-08-01T14:45:05.000Z</time>
      </trkpt>
      <trkpt lat="40.056854918644376" lon="116.29935276413649">
        <ele>47.6</ele>
        <time>2026-08-01T14:45:06.000Z</time>
      </trkpt>
      <trkpt lat="40.056854301297484" lon="116.29927983651419">
        <ele>47.6</ele>
        <time>2026-08-01T14:45:07.000Z</time>
      </trkpt>
      <trkpt lat="40.056860175652986" lon="116.2992076925549">
        <ele>47.6</ele>
        <time>2026-08-01T14:45:08.000Z</time>
      </trkpt>
      <trkpt lat="40.05687317866382" lon="116.2991368928452">
        <ele>47.5</ele>
        <time>2026-08-01T14:45:09.000Z</time>
      </trkpt>
      <trkpt lat="40.05689325667487" lon="116.2990683351224">
        <ele>47.5</ele>
        <time>2026-08-01T14:45:10.000Z</time>
      </trkpt>
      <trkpt lat="40.0569201725926" lon="116.29900403143222">
        <ele>47.5</ele>
        <time>2026-08-01T14:45:11.000Z</time>
      </trkpt>
      <trkpt lat="40.05695379467308" lon="116.29894574154928">
        <ele>47.5</ele>
        <time>2026-08-01T14:45:12.000Z</time>
      </trkpt>
      <trkpt lat="40.05699341388828" lon="116.2988943251409">
        <ele>47.5</ele>
        <time>2026-08-01T14:45:13.000Z</time>
      </trkpt>
      <trkpt lat="40.057037564224046" lon="116.29884994407193">
        <ele>47.4</ele>
        <time>2026-08-01T14:45:14.000Z</time>
      </trkpt>
      <trkpt lat="40.057084089321165" lon="116.29881189940198">
        <ele>47.4</ele>
        <time>2026-08-01T14:45:15.000Z</time>
      </trkpt>
      <trkpt lat="40.05713212608104" lon="116.29877878719196">
        <ele>47.4</ele>
        <time>2026-08-01T14:45:16.000Z</time>
      </trkpt>
      <trkpt lat="40.057182112827086" lon="116.298748901275">
        <ele>47.4</ele>
        <time>2026-08-01T14:45:17.000Z</time>
      </trkpt>
      <trkpt lat="40.05723373241857" lon="116.29872097486387">
        <ele>47.5</ele>
        <time>2026-08-01T14:45:18.000Z</time>
      </trkpt>
      <trkpt lat="40.05728613383327" lon="116.2986942205322">
        <ele>47.5</ele>
        <time>2026-08-01T14:45:19.000Z</time>
      </trkpt>
      <trkpt lat="40.057339202787496" lon="116.29866789510884">
        <ele>47.5</ele>
        <time>2026-08-01T14:45:20.000Z</time>
      </trkpt>
      <trkpt lat="40.05739267008839" lon="116.29864196836414">
        <ele>47.5</ele>
        <time>2026-08-01T14:45:21.000Z</time>
      </trkpt>
      <trkpt lat="40.05744602915492" lon="116.29861652423781">
        <ele>47.5</ele>
        <time>2026-08-01T14:45:22.000Z</time>
      </trkpt>
      <trkpt lat="40.05749925691036" lon="116.29859123891262">
        <ele>47.5</ele>
        <time>2026-08-01T14:45:23.000Z</time>
      </trkpt>
      <trkpt lat="40.05755234720398" lon="116.29856595463946">
        <ele>47.6</ele>
        <time>2026-08-01T14:45:24.000Z</time>
      </trkpt>
      <trkpt lat="40.05760542663569" lon="116.29854011968233">
        <ele>47.6</ele>
        <time>2026-08-01T14:45:25.000Z</time>
      </trkpt>
      <trkpt lat="40.05765816262806" lon="116.29851353408624">
        <ele>47.6</ele>
        <time>2026-08-01T14:45:26.000Z</time>
      </trkpt>
      <trkpt lat="40.057710122744396" lon="116.29848679727402">
        <ele>47.6</ele>
        <time>2026-08-01T14:45:27.000Z</time>
      </trkpt>
      <trkpt lat="40.057761660406626" lon="116.29846034693425">
        <ele>47.7</ele>
        <time>2026-08-01T14:45:28.000Z</time>
      </trkpt>
      <trkpt lat="40.05781299765515" lon="116.29843408633805">
        <ele>47.7</ele>
        <time>2026-08-01T14:45:29.000Z</time>
      </trkpt>
      <trkpt lat="40.0578640772362" lon="116.29840768078165">
        <ele>47.7</ele>
        <time>2026-08-01T14:45:30.000Z</time>
      </trkpt>
      <trkpt lat="40.05791482489738" lon="116.29838099631628">
        <ele>47.7</ele>
        <time>2026-08-01T14:45:31.000Z</time>
      </trkpt>
      <trkpt lat="40.05796515642609" lon="116.29835423676944">
        <ele>47.7</ele>
        <time>2026-08-01T14:45:32.000Z</time>
      </trkpt>
      <trkpt lat="40.058015217930425" lon="116.29832719932759">
        <ele>47.7</ele>
        <time>2026-08-01T14:45:33.000Z</time>
      </trkpt>
      <trkpt lat="40.05806499777339" lon="116.29829964268934">
        <ele>47.7</ele>
        <time>2026-08-01T14:45:34.000Z</time>
      </trkpt>
      <trkpt lat="40.05811466558346" lon="116.29827200713478">
        <ele>47.7</ele>
        <time>2026-08-01T14:45:35.000Z</time>
        <extensions>
          <gpxtpx:TrackPointExtension>
            <gpxtpx:hr>130</gpxtpx:hr>
          </gpxtpx:TrackPointExtension>
        </extensions>
      </trkpt>
      <trkpt lat="40.058164909467585" lon="116.29824466453928">
        <ele>47.7</ele>
        <time>2026-08-01T14:45:36.000Z</time>
        <extensions>
          <gpxtpx:TrackPointExtension>
            <gpxtpx:hr>130</gpxtpx:hr>
          </gpxtpx:TrackPointExtension>
        </extensions>
      </trkpt>
      <trkpt lat="40.058215999590196" lon="116.2982174368504">
        <ele>47.7</ele>
        <time>2026-08-01T14:45:37.000Z</time>
        <extensions>
          <gpxtpx:TrackPointExtension>
            <gpxtpx:hr>130</gpxtpx:hr>
          </gpxtpx:TrackPointExtension>
        </extensions>
      </trkpt>
      <trkpt lat="40.05826792717533" lon="116.29819001067672">
        <ele>47.7</ele>
        <time>2026-08-01T14:45:38.000Z</time>
        <extensions>
          <gpxtpx:TrackPointExtension>
            <gpxtpx:hr>130</gpxtpx:hr>
          </gpxtpx:TrackPointExtension>
        </extensions>
      </trkpt>
      <trkpt lat="40.0583205162774" lon="116.29816202677497">
        <ele>47.7</ele>
        <time>2026-08-01T14:45:39.000Z</time>
        <extensions>
          <gpxtpx:TrackPointExtension>
            <gpxtpx:hr>130</gpxtpx:hr>
          </gpxtpx:TrackPointExtension>
        </extensions>
      </trkpt>
      <trkpt lat="40.05837294143117" lon="116.2981332091371">
        <ele>47.7</ele>
        <time>2026-08-01T14:45:40.000Z</time>
        <extensions>
          <gpxtpx:TrackPointExtension>
            <gpxtpx:hr>130</gpxtpx:hr>
          </gpxtpx:TrackPointExtension>
        </extensions>
      </trkpt>
      <trkpt lat="40.0584249439515" lon="116.29810465243698">
        <ele>47.7</ele>
        <time>2026-08-01T14:45:41.000Z</time>
        <extensions>
          <gpxtpx:TrackPointExtension>
            <gpxtpx:hr>130</gpxtpx:hr>
          </gpxtpx:TrackPointExtension>
        </extensions>
      </trkpt>
      <trkpt lat="40.05847748086356" lon="116.29807690358285">
        <ele>47.7</ele>
        <time>2026-08-01T14:45:42.000Z</time>
        <extensions>
          <gpxtpx:TrackPointExtension>
            <gpxtpx:hr>130</gpxtpx:hr>
          </gpxtpx:TrackPointExtension>
        </extensions>
      </trkpt>
      <trkpt lat="40.05853118181926" lon="116.29804897366675">
        <ele>47.7</ele>
        <time>2026-08-01T14:45:43.000Z</time>
        <extensions>
          <gpxtpx:TrackPointExtension>
            <gpxtpx:hr>130</gpxtpx:hr>
          </gpxtpx:TrackPointExtension>
        </extensions>
      </trkpt>
      <trkpt lat="40.05858541051394" lon="116.29802089140925">
        <ele>47.7</ele>
        <time>2026-08-01T14:45:44.000Z</time>
        <extensions>
          <gpxtpx:TrackPointExtension>
            <gpxtpx:hr>130</gpxtpx:hr>
          </gpxtpx:TrackPointExtension>
        </extensions>
      </trkpt>
      <trkpt lat="40.05863982507086" lon="116.29799288377396">
        <ele>47.6</ele>
        <time>2026-08-01T14:45:45.000Z</time>
        <extensions>
          <gpxtpx:TrackPointExtension>
            <gpxtpx:hr>130</gpxtpx:hr>
          </gpxtpx:TrackPointExtension>
        </extensions>
      </trkpt>
      <trkpt lat="40.05869450761381" lon="116.29796427688765">
        <ele>47.6</ele>
        <time>2026-08-01T14:45:46.000Z</time>
        <extensions>
          <gpxtpx:TrackPointExtension>
            <gpxtpx:hr>130</gpxtpx:hr>
          </gpxtpx:TrackPointExtension>
        </extensions>
      </trkpt>
      <trkpt lat="40.05874948759641" lon="116.29793445566867">
        <ele>47.6</ele>
        <time>2026-08-01T14:45:47.000Z</time>
        <extensions>
          <gpxtpx:TrackPointExtension>
            <gpxtpx:hr>130</gpxtpx:hr>
          </gpxtpx:TrackPointExtension>
        </extensions>
      </trkpt>
      <trkpt lat="40.058804341436186" lon="116.29790354836545">
        <ele>47.6</ele>
        <time>2026-08-01T14:45:48.000Z</time>
        <extensions>
          <gpxtpx:TrackPointExtension>
            <gpxtpx:hr>130</gpxtpx:hr>
          </gpxtpx:TrackPointExtension>
        </extensions>
      </trkpt>
      <trkpt lat="40.0588585480519" lon="116.29787251270295">
        <ele>47.6</ele>
        <time>2026-08-01T14:45:49.000Z</time>
        <extensions>
          <gpxtpx:TrackPointExtension>
            <gpxtpx:hr>130</gpxtpx:hr>
          </gpxtpx:TrackPointExtension>
        </extensions>
      </trkpt>
      <trkpt lat="40.058912163413105" lon="116.29784239675497">
        <ele>47.6</ele>
        <time>2026-08-01T14:45:50.000Z</time>
        <extensions>
          <gpxtpx:TrackPointExtension>
            <gpxtpx:hr>130</gpxtpx:hr>
          </gpxtpx:TrackPointExtension>
        </extensions>
      </trkpt>
      <trkpt lat="40.05896587905593" lon="116.2978129908889">
        <ele>47.6</ele>
        <time>2026-08-01T14:45:51.000Z</time>
        <extensions>
          <gpxtpx:TrackPointExtension>
            <gpxtpx:hr>130</gpxtpx:hr>
          </gpxtpx:TrackPointExtension>
        </extensions>
      </trkpt>
      <trkpt lat="40.05902038215993" lon="116.29778347551698">
        <ele>47.6</ele>
        <time>2026-08-01T14:45:52.000Z</time>
        <extensions>
          <gpxtpx:TrackPointExtension>
            <gpxtpx:hr>130</gpxtpx:hr>
          </gpxtpx:TrackPointExtension>
        </extensions>
      </trkpt>
      <trkpt lat="40.059075389837346" lon="116.29775349378673">
        <ele>47.6</ele>
        <time>2026-08-01T14:45:53.000Z</time>
        <extensions>
          <gpxtpx:TrackPointExtension>
            <gpxtpx:hr>130</gpxtpx:hr>
          </gpxtpx:TrackPointExtension>
        </extensions>
      </trkpt>
      <trkpt lat="40.05913010813906" lon="116.29772277813272">
        <ele>47.6</ele>
        <time>2026-08-01T14:45:54.000Z</time>
        <extensions>
          <gpxtpx:TrackPointExtension>
            <gpxtpx:hr>130</gpxtpx:hr>
          </gpxtpx:TrackPointExtension>
        </extensions>
      </trkpt>
      <trkpt lat="40.059184649405175" lon="116.29769173020993">
        <ele>47.6</ele>
        <time>2026-08-01T14:45:55.000Z</time>
        <extensions>
          <gpxtpx:TrackPointExtension>
            <gpxtpx:hr>130</gpxtpx:hr>
          </gpxtpx:TrackPointExtension>
        </extensions>
      </trkpt>
      <trkpt lat="40.05924013314804" lon="116.2976608300503">
        <ele>47.6</ele>
        <time>2026-08-01T14:45:56.000Z</time>
        <extensions>
          <gpxtpx:TrackPointExtension>
            <gpxtpx:hr>130</gpxtpx:hr>
          </gpxtpx:TrackPointExtension>
        </extensions>
      </trkpt>
      <trkpt lat="40.059297252277844" lon="116.29762865082228">
        <ele>47.6</ele>
        <time>2026-08-01T14:45:57.000Z</time>
        <extensions>
          <gpxtpx:TrackPointExtension>
            <gpxtpx:hr>130</gpxtpx:hr>
          </gpxtpx:TrackPointExtension>
        </extensions>
      </trkpt>
      <trkpt lat="40.059354224835936" lon="116.29759743504098">
        <ele>47.6</ele>
        <time>2026-08-01T14:45:58.000Z</time>
        <extensions>
          <gpxtpx:TrackPointExtension>
            <gpxtpx:hr>130</gpxtpx:hr>
          </gpxtpx:TrackPointExtension>
        </extensions>
      </trkpt>
      <trkpt lat="40.059409319487976" lon="116.29756878656131">
        <ele>47.6</ele>
        <time>2026-08-01T14:45:59.000Z</time>
        <extensions>
          <gpxtpx:TrackPointExtension>
            <gpxtpx:hr>130</gpxtpx:hr>
          </gpxtpx:TrackPointExtension>
        </extensions>
      </trkpt>
      <trkpt lat="40.05946342732792" lon="116.29754039437024">
        <ele>47.6</ele>
        <time>2026-08-01T14:46:00.000Z</time>
        <extensions>
          <gpxtpx:TrackPointExtension>
            <gpxtpx:hr>130</gpxtpx:hr>
          </gpxtpx:TrackPointExtension>
        </extensions>
      </trkpt>
      <trkpt lat="40.059517177289486" lon="116.29751250849121">
        <ele>47.6</ele>
        <time>2026-08-01T14:46:01.000Z</time>
        <extensions>
          <gpxtpx:TrackPointExtension>
            <gpxtpx:hr>130</gpxtpx:hr>
          </gpxtpx:TrackPointExtension>
        </extensions>
      </trkpt>
      <trkpt lat="40.05957049972817" lon="116.29748540968019">
        <ele>47.6</ele>
        <time>2026-08-01T14:46:02.000Z</time>
        <extensions>
          <gpxtpx:TrackPointExtension>
            <gpxtpx:hr>130</gpxtpx:hr>
          </gpxtpx:TrackPointExtension>
        </extensions>
      </trkpt>
      <trkpt lat="40.059623830055585" lon="116.29745864916711">
        <ele>47.6</ele>
        <time>2026-08-01T14:46:03.000Z</time>
        <extensions>
          <gpxtpx:TrackPointExtension>
            <gpxtpx:hr>130</gpxtpx:hr>
          </gpxtpx:TrackPointExtension>
        </extensions>
      </trkpt>
      <trkpt lat="40.05967737436192" lon="116.29743154764049">
        <ele>47.6</ele>
        <time>2026-08-01T14:46:04.000Z</time>
        <extensions>
          <gpxtpx:TrackPointExtension>
            <gpxtpx:hr>130</gpxtpx:hr>
          </gpxtpx:TrackPointExtension>
        </extensions>
      </trkpt>
      <trkpt lat="40.05973049614151" lon="116.29740390742437">
        <ele>47.5</ele>
        <time>2026-08-01T14:46:05.000Z</time>
      </trkpt>
      <trkpt lat="40.05978326908642" lon="116.29737639128665">
        <ele>47.5</ele>
        <time>2026-08-01T14:46:06.000Z</time>
      </trkpt>
      <trkpt lat="40.059835968548576" lon="116.29734931860479">
        <ele>47.5</ele>
        <time>2026-08-01T14:46:07.000Z</time>
      </trkpt>
      <trkpt lat="40.05988844589412" lon="116.29732188896425">
        <ele>47.5</ele>
        <time>2026-08-01T14:46:08.000Z</time>
      </trkpt>
      <trkpt lat="40.05994071659842" lon="116.29729299295505">
        <ele>47.5</ele>
        <time>2026-08-01T14:46:09.000Z</time>
      </trkpt>
      <trkpt lat="40.0599927282697" lon="116.29726340124955">
        <ele>47.5</ele>
        <time>2026-08-01T14:46:10.000Z</time>
      </trkpt>
      <trkpt lat="40.06004435787971" lon="116.29723470098115">
        <ele>47.5</ele>
        <time>2026-08-01T14:46:11.000Z</time>
      </trkpt>
      <trkpt lat="40.06009626394287" lon="116.29720721485951">
        <ele>47.5</ele>
        <time>2026-08-01T14:46:12.000Z</time>
      </trkpt>
      <trkpt lat="40.060148826257794" lon="116.2971802441312">
        <ele>47.5</ele>
        <time>2026-08-01T14:46:13.000Z</time>
      </trkpt>
      <trkpt lat="40.06020156119247" lon="116.29715244008493">
        <ele>47.5</ele>
        <time>2026-08-01T14:46:14.000Z</time>
      </trkpt>
      <trkpt lat="40.06025417391521" lon="116.29712354861525">
        <ele>47.6</ele>
        <time>2026-08-01T14:46:15.000Z</time>
      </trkpt>
      <trkpt lat="40.06030672775119" lon="116.29709429447377">
        <ele>47.6</ele>
        <time>2026-08-01T14:46:16.000Z</time>
      </trkpt>
      <trkpt lat="40.06035921970979" lon="116.29706503385745">
        <ele>47.6</ele>
        <time>2026-08-01T14:46:17.000Z</time>
      </trkpt>
      <trkpt lat="40.060411463096266" lon="116.29703609066782">
        <ele>47.6</ele>
        <time>2026-08-01T14:46:18.000Z</time>
      </trkpt>
      <trkpt lat="40.06046364068668" lon="116.29700791055652">
        <ele>47.6</ele>
        <time>2026-08-01T14:46:19.000Z</time>
      </trkpt>
      <trkpt lat="40.060515809027905" lon="116.29698063427651">
        <ele>47.6</ele>
        <time>2026-08-01T14:46:20.000Z</time>
      </trkpt>
      <trkpt lat="40.06056779165106" lon="116.29695383019916">
        <ele>47.6</ele>
        <time>2026-08-01T14:46:21.000Z</time>
      </trkpt>
      <trkpt lat="40.06061954905837" lon="116.29692690462379">
        <ele>47.6</ele>
        <time>2026-08-01T14:46:22.000Z</time>
      </trkpt>
      <trkpt lat="40.06067103599724" lon="116.29689956788481">
        <ele>47.6</ele>
        <time>2026-08-01T14:46:23.000Z</time>
      </trkpt>
      <trkpt lat="40.06072224470757" lon="116.29687180962323">
        <ele>47.7</ele>
        <time>2026-08-01T14:46:24.000Z</time>
      </trkpt>
      <trkpt lat="40.06077333612704" lon="116.2968438896315">
        <ele>47.7</ele>
        <time>2026-08-01T14:46:25.000Z</time>
      </trkpt>
      <trkpt lat="40.06082438872437" lon="116.29681599056387">
        <ele>47.7</ele>
        <time>2026-08-01T14:46:26.000Z</time>
      </trkpt>
      <trkpt lat="40.06087526540318" lon="116.29678824242413">
        <ele>47.7</ele>
        <time>2026-08-01T14:46:27.000Z</time>
      </trkpt>
      <trkpt lat="40.060925973061245" lon="116.29676107956305">
        <ele>47.7</ele>
        <time>2026-08-01T14:46:28.000Z</time>
      </trkpt>
      <trkpt lat="40.06097666419133" lon="116.29673486656104">
        <ele>47.7</ele>
        <time>2026-08-01T14:46:29.000Z</time>
      </trkpt>
      <trkpt lat="40.06102734802454" lon="116.29670937903946">
        <ele>47.7</ele>
        <time>2026-08-01T14:46:30.000Z</time>
      </trkpt>
      <trkpt lat="40.06107785953105" lon="116.29668375478339">
        <ele>47.8</ele>
        <time>2026-08-01T14:46:31.000Z</time>
      </trkpt>
      <trkpt lat="40.06112787495462" lon="116.29665714056488">
        <ele>47.8</ele>
        <time>2026-08-01T14:46:32.000Z</time>
      </trkpt>
      <trkpt lat="40.061177136502764" lon="116.29662925334453">
        <ele>47.8</ele>
        <time>2026-08-01T14:46:33.000Z</time>
      </trkpt>
      <trkpt lat="40.061225892351736" lon="116.29660045174656">
        <ele>47.8</ele>
        <time>2026-08-01T14:46:34.000Z</time>
      </trkpt>
      <trkpt lat="40.06127454910991" lon="116.29657160744124">
        <ele>47.8</ele>
        <time>2026-08-01T14:46:35.000Z</time>
      </trkpt>
      <trkpt lat="40.06132336469532" lon="116.29654342643963">
        <ele>47.8</ele>
        <time>2026-08-01T14:46:36.000Z</time>
      </trkpt>
      <trkpt lat="40.06137280808649" lon="116.29651598169772">
        <ele>47.8</ele>
        <time>2026-08-01T14:46:37.000Z</time>
      </trkpt>
      <trkpt lat="40.061423026538165" lon="116.29648905957812">
        <ele>47.8</ele>
        <time>2026-08-01T14:46:38.000Z</time>
      </trkpt>
      <trkpt lat="40.061473849899635" lon="116.29646214695462">
        <ele>47.9</ele>
        <time>2026-08-01T14:46:39.000Z</time>
      </trkpt>
      <trkpt lat="40.06152522296603" lon="116.29643471125807">
        <ele>47.9</ele>
        <time>2026-08-01T14:46:40.000Z</time>
      </trkpt>
      <trkpt lat="40.06157696434561" lon="116.2964067702513">
        <ele>47.9</ele>
        <time>2026-08-01T14:46:41.000Z</time>
      </trkpt>
      <trkpt lat="40.06162873573424" lon="116.2963788210736">
        <ele>47.9</ele>
        <time>2026-08-01T14:46:42.000Z</time>
      </trkpt>
      <trkpt lat="40.06168028046805" lon="116.29635143192428">
        <ele>47.9</ele>
        <time>2026-08-01T14:46:43.000Z</time>
      </trkpt>
      <trkpt lat="40.06173177571115" lon="116.29632430487261">
        <ele>47.9</ele>
        <time>2026-08-01T14:46:44.000Z</time>
      </trkpt>
      <trkpt lat="40.061783118184344" lon="116.29629680989268">
        <ele>47.9</ele>
        <time>2026-08-01T14:46:45.000Z</time>
      </trkpt>
      <trkpt lat="40.06183405449824" lon="116.2962686571443">
        <ele>48.0</ele>
        <time>2026-08-01T14:46:46.000Z</time>
      </trkpt>
      <trkpt lat="40.06188444982428" lon="116.29624045854827">
        <ele>48.0</ele>
        <time>2026-08-01T14:46:47.000Z</time>
      </trkpt>
      <trkpt lat="40.0619345443537" lon="116.29621262761532">
        <ele>48.0</ele>
        <time>2026-08-01T14:46:48.000Z</time>
      </trkpt>
      <trkpt lat="40.06198479716677" lon="116.29618469344454">
        <ele>48.0</ele>
        <time>2026-08-01T14:46:49.000Z</time>
      </trkpt>
      <trkpt lat="40.0620352464018" lon="116.29615639362174">
        <ele>48.0</ele>
        <time>2026-08-01T14:46:50.000Z</time>
      </trkpt>
      <trkpt lat="40.06208583030899" lon="116.29612814776529">
        <ele>48.0</ele>
        <time>2026-08-01T14:46:51.000Z</time>
      </trkpt>
      <trkpt lat="40.06213643010401" lon="116.29610048976292">
        <ele>48.0</ele>
        <time>2026-08-01T14:46:52.000Z</time>
      </trkpt>
      <trkpt lat="40.06218707860445" lon="116.29607337245368">
        <ele>48.1</ele>
        <time>2026-08-01T14:46:53.000Z</time>
      </trkpt>
      <trkpt lat="40.06223773844452" lon="116.29604669766236">
        <ele>48.1</ele>
        <time>2026-08-01T14:46:54.000Z</time>
      </trkpt>
      <trkpt lat="40.062288250711056" lon="116.29602036392566">
        <ele>48.1</ele>
        <time>2026-08-01T14:46:55.000Z</time>
      </trkpt>
      <trkpt lat="40.06233866398941" lon="116.29599412665677">
        <ele>48.1</ele>
        <time>2026-08-01T14:46:56.000Z</time>
      </trkpt>
      <trkpt lat="40.062388942600045" lon="116.29596758438815">
        <ele>48.1</ele>
        <time>2026-08-01T14:46:57.000Z</time>
      </trkpt>
      <trkpt lat="40.06243907402788" lon="116.29594072139646">
        <ele>48.2</ele>
        <time>2026-08-01T14:46:58.000Z</time>
      </trkpt>
      <trkpt lat="40.06248898738374" lon="116.29591397109658">
        <ele>48.2</ele>
        <time>2026-08-01T14:46:59.000Z</time>
      </trkpt>
      <trkpt lat="40.06253854120051" lon="116.2958873342404">
        <ele>48.2</ele>
        <time>2026-08-01T14:47:00.000Z</time>
      </trkpt>
      <trkpt lat="40.062587770744564" lon="116.29586021993397">
        <ele>48.2</ele>
        <time>2026-08-01T14:47:01.000Z</time>
      </trkpt>
      <trkpt lat="40.06263684985646" lon="116.29583247873053">
        <ele>48.2</ele>
        <time>2026-08-01T14:47:02.000Z</time>
      </trkpt>
      <trkpt lat="40.06268594393636" lon="116.29580463678457">
        <ele>48.2</ele>
        <time>2026-08-01T14:47:03.000Z</time>
      </trkpt>
      <trkpt lat="40.062735071216956" lon="116.29577688616244">
        <ele>48.2</ele>
        <time>2026-08-01T14:47:04.000Z</time>
      </trkpt>
      <trkpt lat="40.062784482949674" lon="116.29574915142356">
        <ele>48.2</ele>
        <time>2026-08-01T14:47:05.000Z</time>
      </trkpt>
      <trkpt lat="40.0628344269137" lon="116.29572199325193">
        <ele>48.2</ele>
        <time>2026-08-01T14:47:06.000Z</time>
      </trkpt>
      <trkpt lat="40.0628850835128" lon="116.29569575563212">
        <ele>48.2</ele>
        <time>2026-08-01T14:47:07.000Z</time>
      </trkpt>
      <trkpt lat="40.06293636024335" lon="116.29567028849473">
        <ele>48.2</ele>
        <time>2026-08-01T14:47:08.000Z</time>
      </trkpt>
      <trkpt lat="40.062987900394404" lon="116.29564553613747">
        <ele>48.2</ele>
        <time>2026-08-01T14:47:09.000Z</time>
      </trkpt>
      <trkpt lat="40.06303959025475" lon="116.29562144825985">
        <ele>48.2</ele>
        <time>2026-08-01T14:47:10.000Z</time>
      </trkpt>
      <trkpt lat="40.063091570652375" lon="116.2955978166819">
        <ele>48.3</ele>
        <time>2026-08-01T14:47:11.000Z</time>
      </trkpt>
      <trkpt lat="40.06314392126316" lon="116.29557465310734">
        <ele>48.3</ele>
        <time>2026-08-01T14:47:12.000Z</time>
      </trkpt>
      <trkpt lat="40.06319659487689" lon="116.29555222848572">
        <ele>48.3</ele>
        <time>2026-08-01T14:47:13.000Z</time>
      </trkpt>
      <trkpt lat="40.063249628527046" lon="116.29553067369262">
        <ele>48.3</ele>
        <time>2026-08-01T14:47:14.000Z</time>
      </trkpt>
      <trkpt lat="40.06330310585295" lon="116.29550985166333">
        <ele>48.3</ele>
        <time>2026-08-01T14:47:15.000Z</time>
      </trkpt>
      <trkpt lat="40.063356604014075" lon="116.2954900472792">
        <ele>48.3</ele>
        <time>2026-08-01T14:47:16.000Z</time>
      </trkpt>
      <trkpt lat="40.06340996935083" lon="116.29547156569791">
        <ele>48.3</ele>
        <time>2026-08-01T14:47:17.000Z</time>
      </trkpt>
      <trkpt lat="40.06346306911788" lon="116.29545443296125">
        <ele>48.3</ele>
        <time>2026-08-01T14:47:18.000Z</time>
      </trkpt>
      <trkpt lat="40.063515410285596" lon="116.29543898336094">
        <ele>48.3</ele>
        <time>2026-08-01T14:47:19.000Z</time>
      </trkpt>
      <trkpt lat="40.06356752777396" lon="116.29542533381023">
        <ele>48.2</ele>
        <time>2026-08-01T14:47:20.000Z</time>
      </trkpt>
      <trkpt lat="40.06362033379532" lon="116.29541276869742">
        <ele>48.2</ele>
        <time>2026-08-01T14:47:21.000Z</time>
      </trkpt>
      <trkpt lat="40.06367401024354" lon="116.29540031304467">
        <ele>48.2</ele>
        <time>2026-08-01T14:47:22.000Z</time>
      </trkpt>
      <trkpt lat="40.06372832679997" lon="116.29538780108938">
        <ele>48.2</ele>
        <time>2026-08-01T14:47:23.000Z</time>
      </trkpt>
      <trkpt lat="40.06378310776719" lon="116.2953757441241">
        <ele>48.2</ele>
        <time>2026-08-01T14:47:24.000Z</time>
      </trkpt>
      <trkpt lat="40.063838358984164" lon="116.295364821099">
        <ele>48.2</ele>
        <time>2026-08-01T14:47:25.000Z</time>
      </trkpt>
      <trkpt lat="40.063893964981055" lon="116.29535520238134">
        <ele>48.2</ele>
        <time>2026-08-01T14:47:26.000Z</time>
      </trkpt>
      <trkpt lat="40.06394977737208" lon="116.29534653329618">
        <ele>48.1</ele>
        <time>2026-08-01T14:47:27.000Z</time>
      </trkpt>
      <trkpt lat="40.064005701214604" lon="116.29533879115843">
        <ele>48.1</ele>
        <time>2026-08-01T14:47:28.000Z</time>
      </trkpt>
      <trkpt lat="40.06406161478359" lon="116.29533234234644">
        <ele>48.1</ele>
        <time>2026-08-01T14:47:29.000Z</time>
      </trkpt>
      <trkpt lat="40.064117617976386" lon="116.29532764173952">
        <ele>48.1</ele>
        <time>2026-08-01T14:47:30.000Z</time>
      </trkpt>
      <trkpt lat="40.06417376437461" lon="116.29532477233957">
        <ele>48.1</ele>
        <time>2026-08-01T14:47:31.000Z</time>
      </trkpt>
      <trkpt lat="40.06423014559917" lon="116.29532319218107">
        <ele>48.1</ele>
        <time>2026-08-01T14:47:32.000Z</time>
      </trkpt>
      <trkpt lat="40.06428671783956" lon="116.29532212245873">
        <ele>48.1</ele>
        <time>2026-08-01T14:47:33.000Z</time>
      </trkpt>
      <trkpt lat="40.06434336432708" lon="116.29532111399489">
        <ele>48.0</ele>
        <time>2026-08-01T14:47:34.000Z</time>
      </trkpt>
      <trkpt lat="40.0644002553366" lon="116.29532037553044">
        <ele>48.0</ele>
        <time>2026-08-01T14:47:35.000Z</time>
      </trkpt>
      <trkpt lat="40.06445747009529" lon="116.29532029031088">
        <ele>48.0</ele>
        <time>2026-08-01T14:47:36.000Z</time>
      </trkpt>
      <trkpt lat="40.06451491740996" lon="116.29532084263174">
        <ele>48.0</ele>
        <time>2026-08-01T14:47:37.000Z</time>
      </trkpt>
      <trkpt lat="40.06457253308565" lon="116.29532207155619">
        <ele>47.9</ele>
        <time>2026-08-01T14:47:38.000Z</time>
      </trkpt>
      <trkpt lat="40.064630136829805" lon="116.29532439678137">
        <ele>47.9</ele>
        <time>2026-08-01T14:47:39.000Z</time>
      </trkpt>
      <trkpt lat="40.06468757790553" lon="116.2953282306386">
        <ele>47.9</ele>
        <time>2026-08-01T14:47:40.000Z</time>
      </trkpt>
      <trkpt lat="40.06474503940538" lon="116.29533342857945">
        <ele>47.9</ele>
        <time>2026-08-01T14:47:41.000Z</time>
      </trkpt>
      <trkpt lat="40.06480252948862" lon="116.29533932684546">
        <ele>47.9</ele>
        <time>2026-08-01T14:47:42.000Z</time>
      </trkpt>
      <trkpt lat="40.06485984321124" lon="116.29534546970636">
        <ele>47.8</ele>
        <time>2026-08-01T14:47:43.000Z</time>
      </trkpt>
      <trkpt lat="40.06491713390411" lon="116.29535200811449">
        <ele>47.8</ele>
        <time>2026-08-01T14:47:44.000Z</time>
      </trkpt>
      <trkpt lat="40.064974565545604" lon="116.29535939700936">
        <ele>47.8</ele>
        <time>2026-08-01T14:47:45.000Z</time>
      </trkpt>
      <trkpt lat="40.065031859261474" lon="116.29536778379925">
        <ele>47.8</ele>
        <time>2026-08-01T14:47:46.000Z</time>
      </trkpt>
      <trkpt lat="40.06508883956399" lon="116.29537728726402">
        <ele>47.8</ele>
        <time>2026-08-01T14:47:47.000Z</time>
      </trkpt>
      <trkpt lat="40.06514549301441" lon="116.29538792079836">
        <ele>47.8</ele>
        <time>2026-08-01T14:47:48.000Z</time>
      </trkpt>
      <trkpt lat="40.06520157180376" lon="116.2953998752804">
        <ele>47.8</ele>
        <time>2026-08-01T14:47:49.000Z</time>
      </trkpt>
      <trkpt lat="40.06525706722556" lon="116.29541353989262">
        <ele>47.9</ele>
        <time>2026-08-01T14:47:50.000Z</time>
      </trkpt>
      <trkpt lat="40.06531241445045" lon="116.29542834760896">
        <ele>47.9</ele>
        <time>2026-08-01T14:47:51.000Z</time>
      </trkpt>
      <trkpt lat="40.0653678356813" lon="116.2954437212261">
        <ele>47.9</ele>
        <time>2026-08-01T14:47:52.000Z</time>
      </trkpt>
      <trkpt lat="40.06542299851134" lon="116.29545973836508">
        <ele>47.9</ele>
        <time>2026-08-01T14:47:53.000Z</time>
      </trkpt>
      <trkpt lat="40.0654776164176" lon="116.29547636025106">
        <ele>47.9</ele>
        <time>2026-08-01T14:47:54.000Z</time>
      </trkpt>
      <trkpt lat="40.065531775450694" lon="116.29549357397077">
        <ele>47.9</ele>
        <time>2026-08-01T14:47:55.000Z</time>
      </trkpt>
      <trkpt lat="40.06558540038499" lon="116.29551170863641">
        <ele>48.0</ele>
        <time>2026-08-01T14:47:56.000Z</time>
      </trkpt>
      <trkpt lat="40.0656383408243" lon="116.29553094437094">
        <ele>48.0</ele>
        <time>2026-08-01T14:47:57.000Z</time>
      </trkpt>
      <trkpt lat="40.06569073480455" lon="116.29555140843918">
        <ele>48.0</ele>
        <time>2026-08-01T14:47:58.000Z</time>
      </trkpt>
      <trkpt lat="40.06574268466112" lon="116.29557337009115">
        <ele>48.0</ele>
        <time>2026-08-01T14:47:59.000Z</time>
      </trkpt>
      <trkpt lat="40.06579425196612" lon="116.29559684842505">
        <ele>48.0</ele>
        <time>2026-08-01T14:48:00.000Z</time>
      </trkpt>
      <trkpt lat="40.06584536633174" lon="116.29562169646434">
        <ele>48.1</ele>
        <time>2026-08-01T14:48:01.000Z</time>
      </trkpt>
      <trkpt lat="40.065896112789126" lon="116.29564782982304">
        <ele>48.1</ele>
        <time>2026-08-01T14:48:02.000Z</time>
      </trkpt>
      <trkpt lat="40.06594666047164" lon="116.29567506379051">
        <ele>48.1</ele>
        <time>2026-08-01T14:48:03.000Z</time>
      </trkpt>
      <trkpt lat="40.06599705238389" lon="116.29570294346703">
        <ele>48.1</ele>
        <time>2026-08-01T14:48:04.000Z</time>
      </trkpt>
      <trkpt lat="40.06604745922798" lon="116.29573112611251">
        <ele>48.1</ele>
        <time>2026-08-01T14:48:05.000Z</time>
      </trkpt>
      <trkpt lat="40.066098104350836" lon="116.29575952003906">
        <ele>48.1</ele>
        <time>2026-08-01T14:48:06.000Z</time>
      </trkpt>
      <trkpt lat="40.06614882916089" lon="116.2957881595825">
        <ele>48.1</ele>
        <time>2026-08-01T14:48:07.000Z</time>
      </trkpt>
      <trkpt lat="40.06619920088227" lon="116.29581713081569">
        <ele>48.1</ele>
        <time>2026-08-01T14:48:08.000Z</time>
      </trkpt>
      <trkpt lat="40.06624914141555" lon="116.2958467492028">
        <ele>48.1</ele>
        <time>2026-08-01T14:48:09.000Z</time>
      </trkpt>
      <trkpt lat="40.06629876209455" lon="116.29587714614271">
        <ele>48.0</ele>
        <time>2026-08-01T14:48:10.000Z</time>
      </trkpt>
      <trkpt lat="40.066348242279595" lon="116.29590841808108">
        <ele>48.0</ele>
        <time>2026-08-01T14:48:11.000Z</time>
      </trkpt>
      <trkpt lat="40.06639758196997" lon="116.29594085290981">
        <ele>48.0</ele>
        <time>2026-08-01T14:48:12.000Z</time>
      </trkpt>
      <trkpt lat="40.06644660106587" lon="116.29597454811">
        <ele>48.0</ele>
        <time>2026-08-01T14:48:13.000Z</time>
      </trkpt>
      <trkpt lat="40.06649520249418" lon="116.2960092932421">
        <ele>48.0</ele>
        <time>2026-08-01T14:48:14.000Z</time>
      </trkpt>
      <trkpt lat="40.0665432412848" lon="116.29604471518843">
        <ele>48.0</ele>
        <time>2026-08-01T14:48:15.000Z</time>
      </trkpt>
      <trkpt lat="40.06659070892358" lon="116.296080856301">
        <ele>48.0</ele>
        <time>2026-08-01T14:48:16.000Z</time>
      </trkpt>
      <trkpt lat="40.06663763655419" lon="116.29611791963305">
        <ele>48.0</ele>
        <time>2026-08-01T14:48:17.000Z</time>
      </trkpt>
      <trkpt lat="40.066683790737855" lon="116.29615587870721">
        <ele>48.0</ele>
        <time>2026-08-01T14:48:18.000Z</time>
      </trkpt>
      <trkpt lat="40.0667291780237" lon="116.29619457307017">
        <ele>48.0</ele>
        <time>2026-08-01T14:48:19.000Z</time>
      </trkpt>
      <trkpt lat="40.06677400453013" lon="116.29623386213625">
        <ele>48.0</ele>
        <time>2026-08-01T14:48:20.000Z</time>
      </trkpt>
      <trkpt lat="40.06681833948266" lon="116.2962736533073">
        <ele>48.0</ele>
        <time>2026-08-01T14:48:21.000Z</time>
      </trkpt>
      <trkpt lat="40.06686228922459" lon="116.29631377485428">
        <ele>48.0</ele>
        <time>2026-08-01T14:48:22.000Z</time>
      </trkpt>
      <trkpt lat="40.06690611567629" lon="116.2963537201967">
        <ele>48.0</ele>
        <time>2026-08-01T14:48:23.000Z</time>
      </trkpt>
      <trkpt lat="40.06694970465324" lon="116.29639326680908">
        <ele>47.9</ele>
        <time>2026-08-01T14:48:24.000Z</time>
      </trkpt>
      <trkpt lat="40.066992911849695" lon="116.29643318940866">
        <ele>47.9</ele>
        <time>2026-08-01T14:48:25.000Z</time>
      </trkpt>
      <trkpt lat="40.0670355819076" lon="116.29647407459751">
        <ele>47.9</ele>
        <time>2026-08-01T14:48:26.000Z</time>
      </trkpt>
      <trkpt lat="40.06707773316648" lon="116.29651577936923">
        <ele>47.9</ele>
        <time>2026-08-01T14:48:27.000Z</time>
      </trkpt>
      <trkpt lat="40.067119509013516" lon="116.29655806565165">
        <ele>47.9</ele>
        <time>2026-08-01T14:48:28.000Z</time>
      </trkpt>
      <trkpt lat="40.067160732913656" lon="116.29660121099964">
        <ele>47.8</ele>
        <time>2026-08-01T14:48:29.000Z</time>
      </trkpt>
      <trkpt lat="40.06720156632423" lon="116.29664538015105">
        <ele>47.8</ele>
        <time>2026-08-01T14:48:30.000Z</time>
      </trkpt>
      <trkpt lat="40.067241922375196" lon="116.2966902428798">
        <ele>47.8</ele>
        <time>2026-08-01T14:48:31.000Z</time>
      </trkpt>
      <trkpt lat="40.067281754625874" lon="116.29673592451859">
        <ele>47.8</ele>
        <time>2026-08-01T14:48:32.000Z</time>
      </trkpt>
      <trkpt lat="40.06732145328077" lon="116.29678166768528">
        <ele>47.7</ele>
        <time>2026-08-01T14:48:33.000Z</time>
      </trkpt>
      <trkpt lat="40.06736143289044" lon="116.2968272848392">
        <ele>47.7</ele>
        <time>2026-08-01T14:48:34.000Z</time>
      </trkpt>
      <trkpt lat="40.067401418567925" lon="116.29687369990644">
        <ele>47.7</ele>
        <time>2026-08-01T14:48:35.000Z</time>
      </trkpt>
      <trkpt lat="40.06744082495393" lon="116.29692144995641">
        <ele>47.7</ele>
        <time>2026-08-01T14:48:36.000Z</time>
      </trkpt>
      <trkpt lat="40.0674795296618" lon="116.2969705956073">
        <ele>47.7</ele>
        <time>2026-08-01T14:48:37.000Z</time>
      </trkpt>
      <trkpt lat="40.06751779158647" lon="116.29702065787887">
        <ele>47.7</ele>
        <time>2026-08-01T14:48:38.000Z</time>
      </trkpt>
      <trkpt lat="40.06755601619698" lon="116.29707139641633">
        <ele>47.7</ele>
        <time>2026-08-01T14:48:39.000Z</time>
      </trkpt>
      <trkpt lat="40.067594318072445" lon="116.29712240054401">
        <ele>47.6</ele>
        <time>2026-08-01T14:48:40.000Z</time>
      </trkpt>
      <trkpt lat="40.067632601398294" lon="116.29717370683936">
        <ele>47.6</ele>
        <time>2026-08-01T14:48:41.000Z</time>
      </trkpt>
      <trkpt lat="40.067670560548116" lon="116.29722515157728">
        <ele>47.6</ele>
        <time>2026-08-01T14:48:42.000Z</time>
      </trkpt>
      <trkpt lat="40.067708077067515" lon="116.29727623704822">
        <ele>47.6</ele>
        <time>2026-08-01T14:48:43.000Z</time>
      </trkpt>
      <trkpt lat="40.067745141791214" lon="116.29732746329402">
        <ele>47.6</ele>
        <time>2026-08-01T14:48:44.000Z</time>
      </trkpt>
      <trkpt lat="40.06778158003892" lon="116.29737956660895">
        <ele>47.6</ele>
        <time>2026-08-01T14:48:45.000Z</time>
      </trkpt>
      <trkpt lat="40.06781727805116" lon="116.29743265824405">
        <ele>47.6</ele>
        <time>2026-08-01T14:48:46.000Z</time>
      </trkpt>
      <trkpt lat="40.06785255578477" lon="116.29748679304045">
        <ele>47.6</ele>
        <time>2026-08-01T14:48:47.000Z</time>
      </trkpt>
      <trkpt lat="40.06788740811236" lon="116.29754186197236">
        <ele>47.6</ele>
        <time>2026-08-01T14:48:48.000Z</time>
      </trkpt>
      <trkpt lat="40.06792169996433" lon="116.29759765920174">
        <ele>47.6</ele>
        <time>2026-08-01T14:48:49.000Z</time>
      </trkpt>
      <trkpt lat="40.067955248048804" lon="116.2976541098067">
        <ele>47.6</ele>
        <time>2026-08-01T14:48:50.000Z</time>
      </trkpt>
      <trkpt lat="40.06798771031964" lon="116.29771056189063">
        <ele>47.6</ele>
        <time>2026-08-01T14:48:51.000Z</time>
      </trkpt>
      <trkpt lat="40.06801937246385" lon="116.2977665662272">
        <ele>47.6</ele>
        <time>2026-08-01T14:48:52.000Z</time>
      </trkpt>
      <trkpt lat="40.06805035624879" lon="116.29782254401675">
        <ele>47.6</ele>
        <time>2026-08-01T14:48:53.000Z</time>
      </trkpt>
      <trkpt lat="40.06808078552154" lon="116.29787858979242">
        <ele>47.6</ele>
        <time>2026-08-01T14:48:54.000Z</time>
      </trkpt>
      <trkpt lat="40.0681108036258" lon="116.29793439795004">
        <ele>47.6</ele>
        <time>2026-08-01T14:48:55.000Z</time>
      </trkpt>
      <trkpt lat="40.068140586990204" lon="116.29798990481873">
        <ele>47.6</ele>
        <time>2026-08-01T14:48:56.000Z</time>
      </trkpt>
      <trkpt lat="40.068169879336665" lon="116.29804570548829">
        <ele>47.6</ele>
        <time>2026-08-01T14:48:57.000Z</time>
      </trkpt>
      <trkpt lat="40.06819834351723" lon="116.29810233220351">
        <ele>47.6</ele>
        <time>2026-08-01T14:48:58.000Z</time>
      </trkpt>
      <trkpt lat="40.06822645190412" lon="116.29815920961661">
        <ele>47.6</ele>
        <time>2026-08-01T14:48:59.000Z</time>
      </trkpt>
      <trkpt lat="40.06825391552278" lon="116.29821576184588">
        <ele>47.6</ele>
        <time>2026-08-01T14:49:00.000Z</time>
      </trkpt>
      <trkpt lat="40.068280293714366" lon="116.29827231230477">
        <ele>47.6</ele>
        <time>2026-08-01T14:49:01.000Z</time>
      </trkpt>
      <trkpt lat="40.06830627310742" lon="116.29832874526177">
        <ele>47.6</ele>
        <time>2026-08-01T14:49:02.000Z</time>
      </trkpt>
      <trkpt lat="40.06833216855006" lon="116.29838462938466">
        <ele>47.6</ele>
        <time>2026-08-01T14:49:03.000Z</time>
      </trkpt>
      <trkpt lat="40.06835731971278" lon="116.29844044749433">
        <ele>47.6</ele>
        <time>2026-08-01T14:49:04.000Z</time>
      </trkpt>
      <trkpt lat="40.068381422735136" lon="116.29849593944954">
        <ele>47.6</ele>
        <time>2026-08-01T14:49:05.000Z</time>
      </trkpt>
      <trkpt lat="40.068404378112675" lon="116.29855055924885">
        <ele>47.6</ele>
        <time>2026-08-01T14:49:06.000Z</time>
      </trkpt>
      <trkpt lat="40.06842619946368" lon="116.29860461459657">
        <ele>47.6</ele>
        <time>2026-08-01T14:49:07.000Z</time>
      </trkpt>
      <trkpt lat="40.06844775180737" lon="116.29865913500898">
        <ele>47.6</ele>
        <time>2026-08-01T14:49:08.000Z</time>
      </trkpt>
      <trkpt lat="40.06846968869236" lon="116.29871521863738">
        <ele>47.6</ele>
        <time>2026-08-01T14:49:09.000Z</time>
      </trkpt>
      <trkpt lat="40.068492512245776" lon="116.29877290489887">
        <ele>47.6</ele>
        <time>2026-08-01T14:49:10.000Z</time>
      </trkpt>
      <trkpt lat="40.06851675828073" lon="116.29883211400258">
        <ele>47.6</ele>
        <time>2026-08-01T14:49:11.000Z</time>
      </trkpt>
      <trkpt lat="40.06854156196843" lon="116.2988931208125">
        <ele>47.6</ele>
        <time>2026-08-01T14:49:12.000Z</time>
      </trkpt>
      <trkpt lat="40.06856552523211" lon="116.29895631638153">
        <ele>47.6</ele>
        <time>2026-08-01T14:49:13.000Z</time>
      </trkpt>
      <trkpt lat="40.06858839320105" lon="116.29902113604476">
        <ele>47.6</ele>
        <time>2026-08-01T14:49:14.000Z</time>
      </trkpt>
      <trkpt lat="40.06861076097743" lon="116.29908725072536">
        <ele>47.6</ele>
        <time>2026-08-01T14:49:15.000Z</time>
      </trkpt>
      <trkpt lat="40.06863300367312" lon="116.29915453581376">
        <ele>47.7</ele>
        <time>2026-08-01T14:49:16.000Z</time>
      </trkpt>
      <trkpt lat="40.06865502971927" lon="116.29922217539234">
        <ele>47.7</ele>
        <time>2026-08-01T14:49:17.000Z</time>
      </trkpt>
      <trkpt lat="40.06867670952639" lon="116.29929007795003">
        <ele>47.7</ele>
        <time>2026-08-01T14:49:18.000Z</time>
      </trkpt>
      <trkpt lat="40.068697839166866" lon="116.29935918051238">
        <ele>47.7</ele>
        <time>2026-08-01T14:49:19.000Z</time>
      </trkpt>
      <trkpt lat="40.068718431228824" lon="116.2994300390465">
        <ele>47.7</ele>
        <time>2026-08-01T14:49:20.000Z</time>
      </trkpt>
      <trkpt lat="40.06873850010257" lon="116.2995014315041">
        <ele>47.7</ele>
        <time>2026-08-01T14:49:21.000Z</time>
      </trkpt>
      <trkpt lat="40.068757901746224" lon="116.29957285489415">
        <ele>47.8</ele>
        <time>2026-08-01T14:49:22.000Z</time>
      </trkpt>
      <trkpt lat="40.0687765725761" lon="116.29964455395778">
        <ele>47.8</ele>
        <time>2026-08-01T14:49:23.000Z</time>
      </trkpt>
      <trkpt lat="40.068794671611485" lon="116.29971643647303">
        <ele>47.8</ele>
        <time>2026-08-01T14:49:24.000Z</time>
      </trkpt>
      <trkpt lat="40.06881251969675" lon="116.29978878837838">
        <ele>47.8</ele>
        <time>2026-08-01T14:49:25.000Z</time>
      </trkpt>
      <trkpt lat="40.06882954040466" lon="116.29986172516385">
        <ele>47.8</ele>
        <time>2026-08-01T14:49:26.000Z</time>
      </trkpt>
      <trkpt lat="40.068845172445684" lon="116.2999352043963">
        <ele>47.7</ele>
        <time>2026-08-01T14:49:27.000Z</time>
      </trkpt>
      <trkpt lat="40.06886008635762" lon="116.30000882597093">
        <ele>47.7</ele>
        <time>2026-08-01T14:49:28.000Z</time>
      </trkpt>
      <trkpt lat="40.068874921226225" lon="116.30008208921566">
        <ele>47.7</ele>
        <time>2026-08-01T14:49:29.000Z</time>
      </trkpt>
      <trkpt lat="40.06888950195809" lon="116.30015538347311">
        <ele>47.7</ele>
        <time>2026-08-01T14:49:30.000Z</time>
      </trkpt>
      <trkpt lat="40.068903387841914" lon="116.30022968490243">
        <ele>47.7</ele>
        <time>2026-08-01T14:49:31.000Z</time>
      </trkpt>
      <trkpt lat="40.06891642818846" lon="116.30030418268986">
        <ele>47.7</ele>
        <time>2026-08-01T14:49:32.000Z</time>
      </trkpt>
      <trkpt lat="40.068928770237406" lon="116.30037822018383">
        <ele>47.7</ele>
        <time>2026-08-01T14:49:33.000Z</time>
      </trkpt>
      <trkpt lat="40.0689404300121" lon="116.30045281519375">
        <ele>47.7</ele>
        <time>2026-08-01T14:49:34.000Z</time>
      </trkpt>
      <trkpt lat="40.068951468801984" lon="116.30052824155969">
        <ele>47.7</ele>
        <time>2026-08-01T14:49:35.000Z</time>
      </trkpt>
      <trkpt lat="40.06896196866293" lon="116.30060433949149">
        <ele>47.7</ele>
        <time>2026-08-01T14:49:36.000Z</time>
      </trkpt>
      <trkpt lat="40.06897190231537" lon="116.30068084428018">
        <ele>47.7</ele>
        <time>2026-08-01T14:49:37.000Z</time>
      </trkpt>
      <trkpt lat="40.06898138837941" lon="116.30075744159488">
        <ele>47.7</ele>
        <time>2026-08-01T14:49:38.000Z</time>
      </trkpt>
      <trkpt lat="40.06899041552837" lon="116.30083399269178">
        <ele>47.6</ele>
        <time>2026-08-01T14:49:39.000Z</time>
      </trkpt>
      <trkpt lat="40.068998838511675" lon="116.30091050835475">
        <ele>47.6</ele>
        <time>2026-08-01T14:49:40.000Z</time>
      </trkpt>
      <trkpt lat="40.069006630909186" lon="116.3009870113107">
        <ele>47.6</ele>
        <time>2026-08-01T14:49:41.000Z</time>
      </trkpt>
      <trkpt lat="40.06901380673944" lon="116.30106352239791">
        <ele>47.6</ele>
        <time>2026-08-01T14:49:42.000Z</time>
      </trkpt>
      <trkpt lat="40.069020295938365" lon="116.30114017447289">
        <ele>47.6</ele>
        <time>2026-08-01T14:49:43.000Z</time>
      </trkpt>
      <trkpt lat="40.06902603059651" lon="116.30121707507317">
        <ele>47.6</ele>
        <time>2026-08-01T14:49:44.000Z</time>
      </trkpt>
      <trkpt lat="40.06903094940986" lon="116.30129424769946">
        <ele>47.6</ele>
        <time>2026-08-01T14:49:45.000Z</time>
      </trkpt>
      <trkpt lat="40.069035003442224" lon="116.30137168112431">
        <ele>47.5</ele>
        <time>2026-08-01T14:49:46.000Z</time>
      </trkpt>
      <trkpt lat="40.06903830184503" lon="116.30144924176844">
        <ele>47.5</ele>
        <time>2026-08-01T14:49:47.000Z</time>
      </trkpt>
      <trkpt lat="40.06904099885433" lon="116.30152668643446">
        <ele>47.5</ele>
        <time>2026-08-01T14:49:48.000Z</time>
      </trkpt>
      <trkpt lat="40.06904319099235" lon="116.30160376262243">
        <ele>47.5</ele>
        <time>2026-08-01T14:49:49.000Z</time>
      </trkpt>
      <trkpt lat="40.069044962270695" lon="116.3016804731849">
        <ele>47.4</ele>
        <time>2026-08-01T14:49:50.000Z</time>
      </trkpt>
      <trkpt lat="40.06904643285338" lon="116.30175689082789">
        <ele>47.4</ele>
        <time>2026-08-01T14:49:51.000Z</time>
      </trkpt>
      <trkpt lat="40.06904771939615" lon="116.30183296254026">
        <ele>47.4</ele>
        <time>2026-08-01T14:49:52.000Z</time>
      </trkpt>
      <trkpt lat="40.069048853001924" lon="116.30190887986224">
        <ele>47.4</ele>
        <time>2026-08-01T14:49:53.000Z</time>
      </trkpt>
      <trkpt lat="40.06904985820484" lon="116.30198486149128">
        <ele>47.3</ele>
        <time>2026-08-01T14:49:54.000Z</time>
      </trkpt>
      <trkpt lat="40.06904930211286" lon="116.30206102892221">
        <ele>47.3</ele>
        <time>2026-08-01T14:49:55.000Z</time>
      </trkpt>
      <trkpt lat="40.06904723306626" lon="116.30213698685138">
        <ele>47.3</ele>
        <time>2026-08-01T14:49:56.000Z</time>
      </trkpt>
      <trkpt lat="40.069045221407244" lon="116.302212366282">
        <ele>47.3</ele>
        <time>2026-08-01T14:49:57.000Z</time>
      </trkpt>
      <trkpt lat="40.06904346591314" lon="116.30228743562616">
        <ele>47.3</ele>
        <time>2026-08-01T14:49:58.000Z</time>
      </trkpt>
      <trkpt lat="40.069042184500766" lon="116.30236239520711">
        <ele>47.2</ele>
        <time>2026-08-01T14:49:59.000Z</time>
      </trkpt>
      <trkpt lat="40.069041434739994" lon="116.30243739658015">
        <ele>47.2</ele>
        <time>2026-08-01T14:50:00.000Z</time>
      </trkpt>
      <trkpt lat="40.06904106472047" lon="116.30251251363592">
        <ele>47.2</ele>
        <time>2026-08-01T14:50:01.000Z</time>
      </trkpt>
      <trkpt lat="40.069040855378795" lon="116.3025878163094">
        <ele>47.2</ele>
        <time>2026-08-01T14:50:02.000Z</time>
      </trkpt>
      <trkpt lat="40.06904069420023" lon="116.30266327395424">
        <ele>47.1</ele>
        <time>2026-08-01T14:50:03.000Z</time>
      </trkpt>
      <trkpt lat="40.06904060285385" lon="116.30273871478705">
        <ele>47.1</ele>
        <time>2026-08-01T14:50:04.000Z</time>
      </trkpt>
      <trkpt lat="40.0690406538034" lon="116.30281424141072">
        <ele>47.1</ele>
        <time>2026-08-01T14:50:05.000Z</time>
      </trkpt>
      <trkpt lat="40.069040901917376" lon="116.30289007671485">
        <ele>47.1</ele>
        <time>2026-08-01T14:50:06.000Z</time>
      </trkpt>
      <trkpt lat="40.069041474473984" lon="116.30296623452743">
        <ele>47.0</ele>
        <time>2026-08-01T14:50:07.000Z</time>
      </trkpt>
      <trkpt lat="40.069042175091404" lon="116.30304283116055">
        <ele>47.0</ele>
        <time>2026-08-01T14:50:08.000Z</time>
      </trkpt>
      <trkpt lat="40.06904282370584" lon="116.30311974447262">
        <ele>47.0</ele>
        <time>2026-08-01T14:50:09.000Z</time>
      </trkpt>
      <trkpt lat="40.06904428373972" lon="116.30319782717012">
        <ele>47.0</ele>
        <time>2026-08-01T14:50:10.000Z</time>
      </trkpt>
      <trkpt lat="40.0690471902853" lon="116.30327711345768">
        <ele>46.9</ele>
        <time>2026-08-01T14:50:11.000Z</time>
      </trkpt>
      <trkpt lat="40.069048778079555" lon="116.30335649103291">
        <ele>46.9</ele>
        <time>2026-08-01T14:50:12.000Z</time>
      </trkpt>
      <trkpt lat="40.069048304519164" lon="116.30343628157017">
        <ele>46.9</ele>
        <time>2026-08-01T14:50:13.000Z</time>
      </trkpt>
      <trkpt lat="40.069046812964565" lon="116.30351752591332">
        <ele>46.8</ele>
        <time>2026-08-01T14:50:14.000Z</time>
      </trkpt>
      <trkpt lat="40.06904321757477" lon="116.30360039330365">
        <ele>46.8</ele>
        <time>2026-08-01T14:50:15.000Z</time>
      </trkpt>
      <trkpt lat="40.06903985424119" lon="116.30368450044698">
        <ele>46.8</ele>
        <time>2026-08-01T14:50:16.000Z</time>
      </trkpt>
      <trkpt lat="40.069039220933234" lon="116.30376960471294">
        <ele>46.8</ele>
        <time>2026-08-01T14:50:17.000Z</time>
      </trkpt>
      <trkpt lat="40.069040639471694" lon="116.30385273692858">
        <ele>46.7</ele>
        <time>2026-08-01T14:50:18.000Z</time>
      </trkpt>
      <trkpt lat="40.069043188550545" lon="116.3039336401521">
        <ele>46.7</ele>
        <time>2026-08-01T14:50:19.000Z</time>
      </trkpt>
      <trkpt lat="40.069046774161286" lon="116.30401425859657">
        <ele>46.7</ele>
        <time>2026-08-01T14:50:20.000Z</time>
      </trkpt>
      <trkpt lat="40.069050994239014" lon="116.30409489727104">
        <ele>46.6</ele>
        <time>2026-08-01T14:50:21.000Z</time>
      </trkpt>
      <trkpt lat="40.069056896659845" lon="116.30417488819843">
        <ele>46.6</ele>
        <time>2026-08-01T14:50:22.000Z</time>
      </trkpt>
      <trkpt lat="40.069066165096096" lon="116.30425306840804">
        <ele>46.6</ele>
        <time>2026-08-01T14:50:23.000Z</time>
      </trkpt>
      <trkpt lat="40.06908185670387" lon="116.30432992464519">
        <ele>46.6</ele>
        <time>2026-08-01T14:50:24.000Z</time>
      </trkpt>
      <trkpt lat="40.06910849747718" lon="116.30440258507468">
        <ele>46.5</ele>
        <time>2026-08-01T14:50:25.000Z</time>
      </trkpt>
      <trkpt lat="40.06914772249694" lon="116.30446506629694">
        <ele>46.5</ele>
        <time>2026-08-01T14:50:26.000Z</time>
      </trkpt>
      <trkpt lat="40.06919866013236" lon="116.30451354174434">
        <ele>46.5</ele>
        <time>2026-08-01T14:50:27.000Z</time>
      </trkpt>
      <trkpt lat="40.06925752924382" lon="116.30454767585736">
        <ele>46.5</ele>
        <time>2026-08-01T14:50:28.000Z</time>
      </trkpt>
      <trkpt lat="40.069320879987565" lon="116.30456957690969">
        <ele>46.4</ele>
        <time>2026-08-01T14:50:29.000Z</time>
      </trkpt>
      <trkpt lat="40.06938555563672" lon="116.30458130374876">
        <ele>46.4</ele>
        <time>2026-08-01T14:50:30.000Z</time>
      </trkpt>
      <trkpt lat="40.069448355253776" lon="116.30458797338386">
        <ele>46.4</ele>
        <time>2026-08-01T14:50:31.000Z</time>
      </trkpt>
      <trkpt lat="40.069509832365064" lon="116.30459449505074">
        <ele>46.4</ele>
        <time>2026-08-01T14:50:32.000Z</time>
      </trkpt>
      <trkpt lat="40.069571291259685" lon="116.30460139730936">
        <ele>46.4</ele>
        <time>2026-08-01T14:50:33.000Z</time>
      </trkpt>
      <trkpt lat="40.06963278789556" lon="116.30460878332191">
        <ele>46.3</ele>
        <time>2026-08-01T14:50:34.000Z</time>
      </trkpt>
      <trkpt lat="40.069696862290044" lon="116.30461683578974">
        <ele>46.3</ele>
        <time>2026-08-01T14:50:35.000Z</time>
      </trkpt>
      <trkpt lat="40.06976165134164" lon="116.30462346732827">
        <ele>46.3</ele>
        <time>2026-08-01T14:50:36.000Z</time>
      </trkpt>
      <trkpt lat="40.06982111283629" lon="116.30463435463314">
        <ele>46.3</ele>
        <time>2026-08-01T14:50:37.000Z</time>
      </trkpt>
      <trkpt lat="40.069876299335725" lon="116.30465151067641">
        <ele>46.2</ele>
        <time>2026-08-01T14:50:38.000Z</time>
      </trkpt>
      <trkpt lat="40.06993020418066" lon="116.30466877004595">
        <ele>46.2</ele>
        <time>2026-08-01T14:50:39.000Z</time>
      </trkpt>
      <trkpt lat="40.06998370511957" lon="116.30468570687509">
        <ele>46.1</ele>
        <time>2026-08-01T14:50:40.000Z</time>
        <extensions>
          <gpxtpx:TrackPointExtension>
            <gpxtpx:hr>136</gpxtpx:hr>
          </gpxtpx:TrackPointExtension>
        </extensions>
      </trkpt>
      <trkpt lat="40.070042991520545" lon="116.30469206768628">
        <ele>46.1</ele>
        <time>2026-08-01T14:50:41.000Z</time>
        <extensions>
          <gpxtpx:TrackPointExtension>
            <gpxtpx:hr>136</gpxtpx:hr>
          </gpxtpx:TrackPointExtension>
        </extensions>
      </trkpt>
      <trkpt lat="40.07011227635702" lon="116.30468440796363">
        <ele>46.1</ele>
        <time>2026-08-01T14:50:42.000Z</time>
        <extensions>
          <gpxtpx:TrackPointExtension>
            <gpxtpx:hr>136</gpxtpx:hr>
          </gpxtpx:TrackPointExtension>
        </extensions>
      </trkpt>
      <trkpt lat="40.07018489045772" lon="116.30467587265152">
        <ele>46.0</ele>
        <time>2026-08-01T14:50:43.000Z</time>
        <extensions>
          <gpxtpx:TrackPointExtension>
            <gpxtpx:hr>136</gpxtpx:hr>
          </gpxtpx:TrackPointExtension>
        </extensions>
      </trkpt>
      <trkpt lat="40.07025242337028" lon="116.30467277861584">
        <ele>46.0</ele>
        <time>2026-08-01T14:50:44.000Z</time>
        <extensions>
          <gpxtpx:TrackPointExtension>
            <gpxtpx:hr>136</gpxtpx:hr>
          </gpxtpx:TrackPointExtension>
        </extensions>
      </trkpt>
      <trkpt lat="40.070315617957604" lon="116.30467004774688">
        <ele>45.9</ele>
        <time>2026-08-01T14:50:45.000Z</time>
        <extensions>
          <gpxtpx:TrackPointExtension>
            <gpxtpx:hr>136</gpxtpx:hr>
          </gpxtpx:TrackPointExtension>
        </extensions>
      </trkpt>
      <trkpt lat="40.070377841598614" lon="116.30466198315696">
        <ele>45.9</ele>
        <time>2026-08-01T14:50:46.000Z</time>
        <extensions>
          <gpxtpx:TrackPointExtension>
            <gpxtpx:hr>136</gpxtpx:hr>
          </gpxtpx:TrackPointExtension>
        </extensions>
      </trkpt>
      <trkpt lat="40.07043888719388" lon="116.30464884143495">
        <ele>45.8</ele>
        <time>2026-08-01T14:50:47.000Z</time>
        <extensions>
          <gpxtpx:TrackPointExtension>
            <gpxtpx:hr>136</gpxtpx:hr>
          </gpxtpx:TrackPointExtension>
        </extensions>
      </trkpt>
      <trkpt lat="40.07049624024884" lon="116.30462662730153">
        <ele>45.8</ele>
        <time>2026-08-01T14:50:48.000Z</time>
        <extensions>
          <gpxtpx:TrackPointExtension>
            <gpxtpx:hr>136</gpxtpx:hr>
          </gpxtpx:TrackPointExtension>
        </extensions>
      </trkpt>
      <trkpt lat="40.07054988489429" lon="116.30459718766227">
        <ele>45.8</ele>
        <time>2026-08-01T14:50:49.000Z</time>
        <extensions>
          <gpxtpx:TrackPointExtension>
            <gpxtpx:hr>136</gpxtpx:hr>
          </gpxtpx:TrackPointExtension>
        </extensions>
      </trkpt>
      <trkpt lat="40.070602180441846" lon="116.30456694162953">
        <ele>45.8</ele>
        <time>2026-08-01T14:50:50.000Z</time>
        <extensions>
          <gpxtpx:TrackPointExtension>
            <gpxtpx:hr>136</gpxtpx:hr>
          </gpxtpx:TrackPointExtension>
        </extensions>
      </trkpt>
      <trkpt lat="40.070652251130944" lon="116.30453503686059">
        <ele>45.8</ele>
        <time>2026-08-01T14:50:51.000Z</time>
        <extensions>
          <gpxtpx:TrackPointExtension>
            <gpxtpx:hr>136</gpxtpx:hr>
          </gpxtpx:TrackPointExtension>
        </extensions>
      </trkpt>
      <trkpt lat="40.070699401074336" lon="116.30450085102402">
        <ele>45.9</ele>
        <time>2026-08-01T14:50:52.000Z</time>
        <extensions>
          <gpxtpx:TrackPointExtension>
            <gpxtpx:hr>136</gpxtpx:hr>
          </gpxtpx:TrackPointExtension>
        </extensions>
      </trkpt>
      <trkpt lat="40.070743158819326" lon="116.30446397732767">
        <ele>45.9</ele>
        <time>2026-08-01T14:50:53.000Z</time>
        <extensions>
          <gpxtpx:TrackPointExtension>
            <gpxtpx:hr>136</gpxtpx:hr>
          </gpxtpx:TrackPointExtension>
        </extensions>
      </trkpt>
      <trkpt lat="40.070783065213064" lon="116.30442413695592">
        <ele>46.0</ele>
        <time>2026-08-01T14:50:54.000Z</time>
        <extensions>
          <gpxtpx:TrackPointExtension>
            <gpxtpx:hr>136</gpxtpx:hr>
          </gpxtpx:TrackPointExtension>
        </extensions>
      </trkpt>
      <trkpt lat="40.07081867254721" lon="116.30438102315142">
        <ele>46.0</ele>
        <time>2026-08-01T14:50:55.000Z</time>
        <extensions>
          <gpxtpx:TrackPointExtension>
            <gpxtpx:hr>136</gpxtpx:hr>
          </gpxtpx:TrackPointExtension>
        </extensions>
      </trkpt>
      <trkpt lat="40.07084942017455" lon="116.30433447619721">
        <ele>46.1</ele>
        <time>2026-08-01T14:50:56.000Z</time>
        <extensions>
          <gpxtpx:TrackPointExtension>
            <gpxtpx:hr>136</gpxtpx:hr>
          </gpxtpx:TrackPointExtension>
        </extensions>
      </trkpt>
      <trkpt lat="40.0708746799495" lon="116.30428453461718">
        <ele>46.2</ele>
        <time>2026-08-01T14:50:57.000Z</time>
        <extensions>
          <gpxtpx:TrackPointExtension>
            <gpxtpx:hr>136</gpxtpx:hr>
          </gpxtpx:TrackPointExtension>
        </extensions>
      </trkpt>
      <trkpt lat="40.07089382571296" lon="116.3042315170313">
        <ele>46.3</ele>
        <time>2026-08-01T14:50:58.000Z</time>
        <extensions>
          <gpxtpx:TrackPointExtension>
            <gpxtpx:hr>136</gpxtpx:hr>
          </gpxtpx:TrackPointExtension>
        </extensions>
      </trkpt>
      <trkpt lat="40.07090623608536" lon="116.30417616709751">
        <ele>46.3</ele>
        <time>2026-08-01T14:50:59.000Z</time>
        <extensions>
          <gpxtpx:TrackPointExtension>
            <gpxtpx:hr>136</gpxtpx:hr>
          </gpxtpx:TrackPointExtension>
        </extensions>
      </trkpt>
      <trkpt lat="40.070911521065966" lon="116.30411947445313">
        <ele>46.4</ele>
        <time>2026-08-01T14:51:00.000Z</time>
        <extensions>
          <gpxtpx:TrackPointExtension>
            <gpxtpx:hr>136</gpxtpx:hr>
          </gpxtpx:TrackPointExtension>
        </extensions>
      </trkpt>
      <trkpt lat="40.070909558219995" lon="116.30406249470312">
        <ele>46.5</ele>
        <time>2026-08-01T14:51:01.000Z</time>
        <extensions>
          <gpxtpx:TrackPointExtension>
            <gpxtpx:hr>136</gpxtpx:hr>
          </gpxtpx:TrackPointExtension>
        </extensions>
      </trkpt>
      <trkpt lat="40.07090039859809" lon="116.3040063739161">
        <ele>46.6</ele>
        <time>2026-08-01T14:51:02.000Z</time>
        <extensions>
          <gpxtpx:TrackPointExtension>
            <gpxtpx:hr>136</gpxtpx:hr>
          </gpxtpx:TrackPointExtension>
        </extensions>
      </trkpt>
      <trkpt lat="40.070884384194976" lon="116.30395238141875">
        <ele>46.6</ele>
        <time>2026-08-01T14:51:03.000Z</time>
        <extensions>
          <gpxtpx:TrackPointExtension>
            <gpxtpx:hr>136</gpxtpx:hr>
          </gpxtpx:TrackPointExtension>
        </extensions>
      </trkpt>
      <trkpt lat="40.07086220572814" lon="116.30390179132564">
        <ele>46.7</ele>
        <time>2026-08-01T14:51:04.000Z</time>
        <extensions>
          <gpxtpx:TrackPointExtension>
            <gpxtpx:hr>136</gpxtpx:hr>
          </gpxtpx:TrackPointExtension>
        </extensions>
      </trkpt>
      <trkpt lat="40.07083459491572" lon="116.30385586845748">
        <ele>46.8</ele>
        <time>2026-08-01T14:51:05.000Z</time>
        <extensions>
          <gpxtpx:TrackPointExtension>
            <gpxtpx:hr>136</gpxtpx:hr>
          </gpxtpx:TrackPointExtension>
        </extensions>
      </trkpt>
      <trkpt lat="40.07080216272111" lon="116.30381578196302">
        <ele>46.9</ele>
        <time>2026-08-01T14:51:06.000Z</time>
        <extensions>
          <gpxtpx:TrackPointExtension>
            <gpxtpx:hr>136</gpxtpx:hr>
          </gpxtpx:TrackPointExtension>
        </extensions>
      </trkpt>
      <trkpt lat="40.07076558743332" lon="116.30378236695651">
        <ele>46.9</ele>
        <time>2026-08-01T14:51:07.000Z</time>
        <extensions>
          <gpxtpx:TrackPointExtension>
            <gpxtpx:hr>136</gpxtpx:hr>
          </gpxtpx:TrackPointExtension>
        </extensions>
      </trkpt>
      <trkpt lat="40.07072553435213" lon="116.30375613402408">
        <ele>47.0</ele>
        <time>2026-08-01T14:51:08.000Z</time>
        <extensions>
          <gpxtpx:TrackPointExtension>
            <gpxtpx:hr>136</gpxtpx:hr>
          </gpxtpx:TrackPointExtension>
        </extensions>
      </trkpt>
      <trkpt lat="40.07068356326071" lon="116.3037372490889">
        <ele>47.1</ele>
        <time>2026-08-01T14:51:09.000Z</time>
        <extensions>
          <gpxtpx:TrackPointExtension>
            <gpxtpx:hr>136</gpxtpx:hr>
          </gpxtpx:TrackPointExtension>
        </extensions>
      </trkpt>
      <trkpt lat="40.070641196132655" lon="116.30372586750443">
        <ele>47.2</ele>
        <time>2026-08-01T14:51:10.000Z</time>
      </trkpt>
      <trkpt lat="40.0705991655117" lon="116.30372224033626">
        <ele>47.2</ele>
        <time>2026-08-01T14:51:11.000Z</time>
      </trkpt>
      <trkpt lat="40.07055805579409" lon="116.30372644913858">
        <ele>47.3</ele>
        <time>2026-08-01T14:51:12.000Z</time>
      </trkpt>
      <trkpt lat="40.07051833880095" lon="116.30373834442445">
        <ele>47.4</ele>
        <time>2026-08-01T14:51:13.000Z</time>
      </trkpt>
      <trkpt lat="40.07048062610339" lon="116.30375738897753">
        <ele>47.5</ele>
        <time>2026-08-01T14:51:14.000Z</time>
      </trkpt>
      <trkpt lat="40.0704453032306" lon="116.30378290524345">
        <ele>47.6</ele>
        <time>2026-08-01T14:51:15.000Z</time>
      </trkpt>
      <trkpt lat="40.07041269360259" lon="116.30381416687415">
        <ele>47.6</ele>
        <time>2026-08-01T14:51:16.000Z</time>
      </trkpt>
      <trkpt lat="40.070383168951864" lon="116.30385026401487">
        <ele>47.7</ele>
        <time>2026-08-01T14:51:17.000Z</time>
      </trkpt>
      <trkpt lat="40.070356793969054" lon="116.30389030119358">
        <ele>47.8</ele>
        <time>2026-08-01T14:51:18.000Z</time>
      </trkpt>
      <trkpt lat="40.070333153124885" lon="116.30393344187456">
        <ele>47.9</ele>
        <time>2026-08-01T14:51:19.000Z</time>
      </trkpt>
      <trkpt lat="40.07031156281531" lon="116.30397869358391">
        <ele>48.0</ele>
        <time>2026-08-01T14:51:20.000Z</time>
      </trkpt>
      <trkpt lat="40.07029126315802" lon="116.30402511079424">
        <ele>48.1</ele>
        <time>2026-08-01T14:51:21.000Z</time>
      </trkpt>
      <trkpt lat="40.07027161607436" lon="116.30407212681672">
        <ele>48.1</ele>
        <time>2026-08-01T14:51:22.000Z</time>
      </trkpt>
      <trkpt lat="40.07025235074134" lon="116.30411936602708">
        <ele>48.2</ele>
        <time>2026-08-01T14:51:23.000Z</time>
      </trkpt>
      <trkpt lat="40.07023346742038" lon="116.3041663837921">
        <ele>48.3</ele>
        <time>2026-08-01T14:51:24.000Z</time>
      </trkpt>
      <trkpt lat="40.070214945451596" lon="116.30421279622333">
        <ele>48.4</ele>
        <time>2026-08-01T14:51:25.000Z</time>
      </trkpt>
      <trkpt lat="40.07019677105694" lon="116.30425852330146">
        <ele>48.5</ele>
        <time>2026-08-01T14:51:26.000Z</time>
      </trkpt>
      <trkpt lat="40.07017902475671" lon="116.30430350448545">
        <ele>48.5</ele>
        <time>2026-08-01T14:51:27.000Z</time>
      </trkpt>
      <trkpt lat="40.070161820320905" lon="116.30434802123952">
        <ele>48.6</ele>
        <time>2026-08-01T14:51:28.000Z</time>
      </trkpt>
      <trkpt lat="40.07014519254307" lon="116.3043924884987">
        <ele>48.7</ele>
        <time>2026-08-01T14:51:29.000Z</time>
      </trkpt>
      <trkpt lat="40.07012880657988" lon="116.30443732667393">
        <ele>48.8</ele>
        <time>2026-08-01T14:51:30.000Z</time>
      </trkpt>
      <trkpt lat="40.07011193028386" lon="116.30448311372726">
        <ele>48.9</ele>
        <time>2026-08-01T14:51:31.000Z</time>
      </trkpt>
      <trkpt lat="40.070094293859064" lon="116.30453028923262">
        <ele>49.0</ele>
        <time>2026-08-01T14:51:32.000Z</time>
      </trkpt>
      <trkpt lat="40.070076247440895" lon="116.30457876615685">
        <ele>49.0</ele>
        <time>2026-08-01T14:51:33.000Z</time>
      </trkpt>
      <trkpt lat="40.07005817848444" lon="116.30462801838819">
        <ele>49.1</ele>
        <time>2026-08-01T14:51:34.000Z</time>
      </trkpt>
      <trkpt lat="40.070040227803524" lon="116.30467777043339">
        <ele>49.2</ele>
        <time>2026-08-01T14:51:35.000Z</time>
      </trkpt>
      <trkpt lat="40.0700224595486" lon="116.30472773001328">
        <ele>49.3</ele>
        <time>2026-08-01T14:51:36.000Z</time>
      </trkpt>
      <trkpt lat="40.07000498659711" lon="116.30477758134538">
        <ele>49.4</ele>
        <time>2026-08-01T14:51:37.000Z</time>
      </trkpt>
      <trkpt lat="40.06998775548012" lon="116.30482696039326">
        <ele>49.5</ele>
        <time>2026-08-01T14:51:38.000Z</time>
      </trkpt>
      <trkpt lat="40.06997091841548" lon="116.30487613765808">
        <ele>49.6</ele>
        <time>2026-08-01T14:51:39.000Z</time>
      </trkpt>
      <trkpt lat="40.069955031347995" lon="116.3049252980468">
        <ele>49.6</ele>
        <time>2026-08-01T14:51:40.000Z</time>
      </trkpt>
      <trkpt lat="40.06994045140708" lon="116.30497437031157">
        <ele>49.7</ele>
        <time>2026-08-01T14:51:41.000Z</time>
      </trkpt>
      <trkpt lat="40.069927076270154" lon="116.30502350058623">
        <ele>49.8</ele>
        <time>2026-08-01T14:51:42.000Z</time>
      </trkpt>
      <trkpt lat="40.06991464565023" lon="116.30507258664598">
        <ele>49.9</ele>
        <time>2026-08-01T14:51:43.000Z</time>
      </trkpt>
      <trkpt lat="40.06990298595649" lon="116.30512197127655">
        <ele>50.0</ele>
        <time>2026-08-01T14:51:44.000Z</time>
      </trkpt>
      <trkpt lat="40.069891900506754" lon="116.30517194721843">
        <ele>50.1</ele>
        <time>2026-08-01T14:51:45.000Z</time>
      </trkpt>
      <trkpt lat="40.06988120277576" lon="116.3052223293779">
        <ele>50.2</ele>
        <time>2026-08-01T14:51:46.000Z</time>
      </trkpt>
      <trkpt lat="40.06987083839974" lon="116.30527275264639">
        <ele>50.2</ele>
        <time>2026-08-01T14:51:47.000Z</time>
      </trkpt>
      <trkpt lat="40.069860656223526" lon="116.30532302942794">
        <ele>50.3</ele>
        <time>2026-08-01T14:51:48.000Z</time>
      </trkpt>
      <trkpt lat="40.06985064039264" lon="116.30537350660296">
        <ele>50.4</ele>
        <time>2026-08-01T14:51:49.000Z</time>
      </trkpt>
      <trkpt lat="40.069841011976486" lon="116.30542433334669">
        <ele>50.5</ele>
        <time>2026-08-01T14:51:50.000Z</time>
      </trkpt>
      <trkpt lat="40.069831653527544" lon="116.30547555594187">
        <ele>50.5</ele>
        <time>2026-08-01T14:51:51.000Z</time>
      </trkpt>
      <trkpt lat="40.06982254561419" lon="116.30552757743827">
        <ele>50.6</ele>
        <time>2026-08-01T14:51:52.000Z</time>
      </trkpt>
      <trkpt lat="40.06981404728966" lon="116.30558026780291">
        <ele>50.7</ele>
        <time>2026-08-01T14:51:53.000Z</time>
      </trkpt>
      <trkpt lat="40.06980615899972" lon="116.30563369649217">
        <ele>50.7</ele>
        <time>2026-08-01T14:51:54.000Z</time>
      </trkpt>
      <trkpt lat="40.06979881378965" lon="116.30568804344762">
        <ele>50.8</ele>
        <time>2026-08-01T14:51:55.000Z</time>
      </trkpt>
      <trkpt lat="40.069792222061764" lon="116.30574292587951">
        <ele>50.8</ele>
        <time>2026-08-01T14:51:56.000Z</time>
      </trkpt>
      <trkpt lat="40.06978644480505" lon="116.30579768405855">
        <ele>50.9</ele>
        <time>2026-08-01T14:51:57.000Z</time>
      </trkpt>
      <trkpt lat="40.06978123969215" lon="116.30585178661944">
        <ele>50.9</ele>
        <time>2026-08-01T14:51:58.000Z</time>
      </trkpt>
      <trkpt lat="40.069776360059464" lon="116.30590588406946">
        <ele>51.0</ele>
        <time>2026-08-01T14:51:59.000Z</time>
      </trkpt>
      <trkpt lat="40.069771821333426" lon="116.30596082823612">
        <ele>51.0</ele>
        <time>2026-08-01T14:52:00.000Z</time>
      </trkpt>
      <trkpt lat="40.069767722385045" lon="116.30601656491774">
        <ele>51.1</ele>
        <time>2026-08-01T14:52:01.000Z</time>
      </trkpt>
      <trkpt lat="40.0697640637308" lon="116.30607271275353">
        <ele>51.1</ele>
        <time>2026-08-01T14:52:02.000Z</time>
      </trkpt>
      <trkpt lat="40.069760907567684" lon="116.30612909218922">
        <ele>51.1</ele>
        <time>2026-08-01T14:52:03.000Z</time>
      </trkpt>
      <trkpt lat="40.06975837904057" lon="116.30618567723116">
        <ele>51.2</ele>
        <time>2026-08-01T14:52:04.000Z</time>
      </trkpt>
      <trkpt lat="40.0697564851112" lon="116.30624273303475">
        <ele>51.2</ele>
        <time>2026-08-01T14:52:05.000Z</time>
      </trkpt>
      <trkpt lat="40.06975506663473" lon="116.30630047854083">
        <ele>51.2</ele>
        <time>2026-08-01T14:52:06.000Z</time>
      </trkpt>
      <trkpt lat="40.06975387646874" lon="116.30635867920856">
        <ele>51.2</ele>
        <time>2026-08-01T14:52:07.000Z</time>
      </trkpt>
      <trkpt lat="40.06975292793223" lon="116.30641749389302">
        <ele>51.3</ele>
        <time>2026-08-01T14:52:08.000Z</time>
      </trkpt>
      <trkpt lat="40.06975235856179" lon="116.30647720768086">
        <ele>51.3</ele>
        <time>2026-08-01T14:52:09.000Z</time>
      </trkpt>
      <trkpt lat="40.069752167483024" lon="116.3065378387645">
        <ele>51.3</ele>
        <time>2026-08-01T14:52:10.000Z</time>
      </trkpt>
      <trkpt lat="40.06975205184675" lon="116.30660002670687">
        <ele>51.4</ele>
        <time>2026-08-01T14:52:11.000Z</time>
      </trkpt>
      <trkpt lat="40.069751652586135" lon="116.30666422100158">
        <ele>51.4</ele>
        <time>2026-08-01T14:52:12.000Z</time>
      </trkpt>
      <trkpt lat="40.06975085113892" lon="116.30673046797996">
        <ele>51.4</ele>
        <time>2026-08-01T14:52:13.000Z</time>
      </trkpt>
      <trkpt lat="40.06974965059518" lon="116.30679897272373">
        <ele>51.5</ele>
        <time>2026-08-01T14:52:14.000Z</time>
      </trkpt>
      <trkpt lat="40.069748034038746" lon="116.30686970784886">
        <ele>51.5</ele>
        <time>2026-08-01T14:52:15.000Z</time>
      </trkpt>
      <trkpt lat="40.069745946638335" lon="116.30694245811057">
        <ele>51.6</ele>
        <time>2026-08-01T14:52:16.000Z</time>
      </trkpt>
      <trkpt lat="40.069743597819716" lon="116.30701673775708">
        <ele>51.6</ele>
        <time>2026-08-01T14:52:17.000Z</time>
      </trkpt>
      <trkpt lat="40.06974191542909" lon="116.30709390158702">
        <ele>51.7</ele>
        <time>2026-08-01T14:52:18.000Z</time>
      </trkpt>
      <trkpt lat="40.069740954943306" lon="116.30717314608425">
        <ele>51.7</ele>
        <time>2026-08-01T14:52:19.000Z</time>
      </trkpt>
      <trkpt lat="40.06974002044915" lon="116.30725210253553">
        <ele>51.8</ele>
        <time>2026-08-01T14:52:20.000Z</time>
      </trkpt>
      <trkpt lat="40.06973946264127" lon="116.30733036290897">
        <ele>51.8</ele>
        <time>2026-08-01T14:52:21.000Z</time>
      </trkpt>
      <trkpt lat="40.06973922404356" lon="116.30740769098753">
        <ele>51.8</ele>
        <time>2026-08-01T14:52:22.000Z</time>
      </trkpt>
      <trkpt lat="40.06973885239355" lon="116.30748437720207">
        <ele>51.9</ele>
        <time>2026-08-01T14:52:23.000Z</time>
      </trkpt>
      <trkpt lat="40.06973834634885" lon="116.30756029403372">
        <ele>51.9</ele>
        <time>2026-08-01T14:52:24.000Z</time>
      </trkpt>
      <trkpt lat="40.06973772537272" lon="116.30763537523907">
        <ele>51.9</ele>
        <time>2026-08-01T14:52:25.000Z</time>
      </trkpt>
      <trkpt lat="40.06973699757977" lon="116.30770968310497">
        <ele>51.9</ele>
        <time>2026-08-01T14:52:26.000Z</time>
      </trkpt>
      <trkpt lat="40.06973618088845" lon="116.30778320817294">
        <ele>51.9</ele>
        <time>2026-08-01T14:52:27.000Z</time>
      </trkpt>
      <trkpt lat="40.06973525142172" lon="116.30785589053355">
        <ele>51.9</ele>
        <time>2026-08-01T14:52:28.000Z</time>
      </trkpt>
      <trkpt lat="40.069734188769125" lon="116.3079276603826">
        <ele>52.0</ele>
        <time>2026-08-01T14:52:29.000Z</time>
      </trkpt>
      <trkpt lat="40.069732939473575" lon="116.30799854428312">
        <ele>52.0</ele>
        <time>2026-08-01T14:52:30.000Z</time>
      </trkpt>
      <trkpt lat="40.069731421877705" lon="116.30806863768758">
        <ele>52.0</ele>
        <time>2026-08-01T14:52:31.000Z</time>
      </trkpt>
      <trkpt lat="40.06972969714853" lon="116.3081379935188">
        <ele>52.1</ele>
        <time>2026-08-01T14:52:32.000Z</time>
      </trkpt>
      <trkpt lat="40.069728029376634" lon="116.30820685105658">
        <ele>52.1</ele>
        <time>2026-08-01T14:52:33.000Z</time>
      </trkpt>
      <trkpt lat="40.06972659319568" lon="116.3082753301811">
        <ele>52.1</ele>
        <time>2026-08-01T14:52:34.000Z</time>
      </trkpt>
      <trkpt lat="40.06972534624867" lon="116.30834331438417">
        <ele>52.2</ele>
        <time>2026-08-01T14:52:35.000Z</time>
      </trkpt>
      <trkpt lat="40.06972417870322" lon="116.3084110330258">
        <ele>52.2</ele>
        <time>2026-08-01T14:52:36.000Z</time>
      </trkpt>
      <trkpt lat="40.069722989377816" lon="116.30847876693433">
        <ele>52.3</ele>
        <time>2026-08-01T14:52:37.000Z</time>
      </trkpt>
      <trkpt lat="40.06972179226133" lon="116.30854667281231">
        <ele>52.3</ele>
        <time>2026-08-01T14:52:38.000Z</time>
      </trkpt>
      <trkpt lat="40.06972078490071" lon="116.30861476708624">
        <ele>52.4</ele>
        <time>2026-08-01T14:52:39.000Z</time>
      </trkpt>
      <trkpt lat="40.06972018017461" lon="116.30868299500654">
        <ele>52.4</ele>
        <time>2026-08-01T14:52:40.000Z</time>
      </trkpt>
      <trkpt lat="40.069719978816536" lon="116.30875139303419">
        <ele>52.5</ele>
        <time>2026-08-01T14:52:41.000Z</time>
      </trkpt>
      <trkpt lat="40.069719988130124" lon="116.3088199660971">
        <ele>52.5</ele>
        <time>2026-08-01T14:52:42.000Z</time>
      </trkpt>
      <trkpt lat="40.06972005727367" lon="116.30888868965654">
        <ele>52.5</ele>
        <time>2026-08-01T14:52:43.000Z</time>
      </trkpt>
      <trkpt lat="40.06972005883997" lon="116.30895744969436">
        <ele>52.6</ele>
        <time>2026-08-01T14:52:44.000Z</time>
      </trkpt>
      <trkpt lat="40.069719889965086" lon="116.30902594100303">
        <ele>52.6</ele>
        <time>2026-08-01T14:52:45.000Z</time>
      </trkpt>
      <trkpt lat="40.069719502495296" lon="116.30909383529082">
        <ele>52.7</ele>
        <time>2026-08-01T14:52:46.000Z</time>
      </trkpt>
      <trkpt lat="40.06971889916385" lon="116.30916087236228">
        <ele>52.7</ele>
        <time>2026-08-01T14:52:47.000Z</time>
      </trkpt>
      <trkpt lat="40.069718300545006" lon="116.30922718284947">
        <ele>52.7</ele>
        <time>2026-08-01T14:52:48.000Z</time>
      </trkpt>
      <trkpt lat="40.06971791022007" lon="116.30929328803477">
        <ele>52.8</ele>
        <time>2026-08-01T14:52:49.000Z</time>
      </trkpt>
      <trkpt lat="40.06971755947056" lon="116.30935938829087">
        <ele>52.8</ele>
        <time>2026-08-01T14:52:50.000Z</time>
      </trkpt>
      <trkpt lat="40.06971695880157" lon="116.30942529977968">
        <ele>52.8</ele>
        <time>2026-08-01T14:52:51.000Z</time>
      </trkpt>
      <trkpt lat="40.06971596713249" lon="116.3094909137866">
        <ele>52.8</ele>
        <time>2026-08-01T14:52:52.000Z</time>
      </trkpt>
      <trkpt lat="40.06971461043605" lon="116.30955620840867">
        <ele>52.9</ele>
        <time>2026-08-01T14:52:53.000Z</time>
      </trkpt>
      <trkpt lat="40.06971302558168" lon="116.30962121818702">
        <ele>52.9</ele>
        <time>2026-08-01T14:52:54.000Z</time>
      </trkpt>
      <trkpt lat="40.069711383732994" lon="116.30968579861427">
        <ele>52.9</ele>
        <time>2026-08-01T14:52:55.000Z</time>
      </trkpt>
      <trkpt lat="40.06970985261494" lon="116.30974973787143">
        <ele>53.0</ele>
        <time>2026-08-01T14:52:56.000Z</time>
      </trkpt>
      <trkpt lat="40.06970857980529" lon="116.30981296019192">
        <ele>53.0</ele>
        <time>2026-08-01T14:52:57.000Z</time>
      </trkpt>
      <trkpt lat="40.06970762803419" lon="116.30987554242539">
        <ele>53.0</ele>
        <time>2026-08-01T14:52:58.000Z</time>
      </trkpt>
      <trkpt lat="40.06970700085819" lon="116.30993787642224">
        <ele>53.1</ele>
        <time>2026-08-01T14:52:59.000Z</time>
      </trkpt>
      <trkpt lat="40.06970664761806" lon="116.31000033287242">
        <ele>53.1</ele>
        <time>2026-08-01T14:53:00.000Z</time>
      </trkpt>
      <trkpt lat="40.069706249748705" lon="116.3100630226324">
        <ele>53.2</ele>
        <time>2026-08-01T14:53:01.000Z</time>
      </trkpt>
      <trkpt lat="40.069705410700664" lon="116.31012592014592">
        <ele>53.2</ele>
        <time>2026-08-01T14:53:02.000Z</time>
      </trkpt>
      <trkpt lat="40.06970402899498" lon="116.3101889934879">
        <ele>53.2</ele>
        <time>2026-08-01T14:53:03.000Z</time>
      </trkpt>
      <trkpt lat="40.06970228817683" lon="116.310252320631">
        <ele>53.3</ele>
        <time>2026-08-01T14:53:04.000Z</time>
      </trkpt>
      <trkpt lat="40.06970047898757" lon="116.31031597316148">
        <ele>53.3</ele>
        <time>2026-08-01T14:53:05.000Z</time>
      </trkpt>
      <trkpt lat="40.06969879062814" lon="116.3103798606857">
        <ele>53.4</ele>
        <time>2026-08-01T14:53:06.000Z</time>
      </trkpt>
      <trkpt lat="40.06969740643283" lon="116.31044404484446">
        <ele>53.4</ele>
        <time>2026-08-01T14:53:07.000Z</time>
      </trkpt>
      <trkpt lat="40.0696965294131" lon="116.31050879607791">
        <ele>53.4</ele>
        <time>2026-08-01T14:53:08.000Z</time>
      </trkpt>
      <trkpt lat="40.069696135608595" lon="116.3105741584807">
        <ele>53.4</ele>
        <time>2026-08-01T14:53:09.000Z</time>
      </trkpt>
      <trkpt lat="40.06969599589644" lon="116.31064015770401">
        <ele>53.5</ele>
        <time>2026-08-01T14:53:10.000Z</time>
      </trkpt>
      <trkpt lat="40.06969585027651" lon="116.31070683943358">
        <ele>53.5</ele>
        <time>2026-08-01T14:53:11.000Z</time>
      </trkpt>
      <trkpt lat="40.06969551399073" lon="116.31077408761405">
        <ele>53.5</ele>
        <time>2026-08-01T14:53:12.000Z</time>
      </trkpt>
      <trkpt lat="40.06969489885626" lon="116.3108417145691">
        <ele>53.5</ele>
        <time>2026-08-01T14:53:13.000Z</time>
      </trkpt>
      <trkpt lat="40.06969403617908" lon="116.31090966661861">
        <ele>53.5</ele>
        <time>2026-08-01T14:53:14.000Z</time>
      </trkpt>
      <trkpt lat="40.06969298049778" lon="116.3109779875529">
        <ele>53.5</ele>
        <time>2026-08-01T14:53:15.000Z</time>
      </trkpt>
      <trkpt lat="40.06969181504213" lon="116.31104662296299">
        <ele>53.5</ele>
        <time>2026-08-01T14:53:16.000Z</time>
      </trkpt>
      <trkpt lat="40.06969073367941" lon="116.31111559943571">
        <ele>53.5</ele>
        <time>2026-08-01T14:53:17.000Z</time>
      </trkpt>
      <trkpt lat="40.06968997590582" lon="116.31118487621859">
        <ele>53.5</ele>
        <time>2026-08-01T14:53:18.000Z</time>
      </trkpt>
      <trkpt lat="40.06968968143566" lon="116.31125434826029">
        <ele>53.5</ele>
        <time>2026-08-01T14:53:19.000Z</time>
      </trkpt>
      <trkpt lat="40.06968979067863" lon="116.31132403730552">
        <ele>53.4</ele>
        <time>2026-08-01T14:53:20.000Z</time>
      </trkpt>
      <trkpt lat="40.06969003993327" lon="116.31139400512643">
        <ele>53.4</ele>
        <time>2026-08-01T14:53:21.000Z</time>
      </trkpt>
      <trkpt lat="40.0696903709231" lon="116.31146420910471">
        <ele>53.4</ele>
        <time>2026-08-01T14:53:22.000Z</time>
      </trkpt>
      <trkpt lat="40.06969094925603" lon="116.31153499453599">
        <ele>53.3</ele>
        <time>2026-08-01T14:53:23.000Z</time>
      </trkpt>
      <trkpt lat="40.06969194813642" lon="116.31160673989518">
        <ele>53.3</ele>
        <time>2026-08-01T14:53:24.000Z</time>
      </trkpt>
      <trkpt lat="40.06969320787705" lon="116.31167931971794">
        <ele>53.2</ele>
        <time>2026-08-01T14:53:25.000Z</time>
      </trkpt>
      <trkpt lat="40.06969433905266" lon="116.31175257436853">
        <ele>53.2</ele>
        <time>2026-08-01T14:53:26.000Z</time>
      </trkpt>
      <trkpt lat="40.069695205152584" lon="116.31182640597792">
        <ele>53.2</ele>
        <time>2026-08-01T14:53:27.000Z</time>
      </trkpt>
      <trkpt lat="40.06969498213971" lon="116.31190334264437">
        <ele>53.2</ele>
        <time>2026-08-01T14:53:28.000Z</time>
      </trkpt>
      <trkpt lat="40.069693854827236" lon="116.31198214097083">
        <ele>53.1</ele>
        <time>2026-08-01T14:53:29.000Z</time>
      </trkpt>
      <trkpt lat="40.069692843756414" lon="116.31205917363177">
        <ele>53.1</ele>
        <time>2026-08-01T14:53:30.000Z</time>
      </trkpt>
      <trkpt lat="40.06969224635366" lon="116.31213514983091">
        <ele>53.1</ele>
        <time>2026-08-01T14:53:31.000Z</time>
      </trkpt>
      <trkpt lat="40.06969277174972" lon="116.3122108438279">
        <ele>53.1</ele>
        <time>2026-08-01T14:53:32.000Z</time>
      </trkpt>
      <trkpt lat="40.069695210580115" lon="116.3122865987926">
        <ele>53.1</ele>
        <time>2026-08-01T14:53:33.000Z</time>
      </trkpt>
      <trkpt lat="40.06970005686942" lon="116.31236251734113">
        <ele>53.1</ele>
        <time>2026-08-01T14:53:34.000Z</time>
      </trkpt>
      <trkpt lat="40.06970761042765" lon="116.31243834535192">
        <ele>53.0</ele>
        <time>2026-08-01T14:53:35.000Z</time>
      </trkpt>
      <trkpt lat="40.06971800368002" lon="116.31251367500843">
        <ele>53.0</ele>
        <time>2026-08-01T14:53:36.000Z</time>
      </trkpt>
      <trkpt lat="40.06973114566832" lon="116.31258832166438">
        <ele>53.0</ele>
        <time>2026-08-01T14:53:37.000Z</time>
      </trkpt>
      <trkpt lat="40.06974673343331" lon="116.31266230619121">
        <ele>53.0</ele>
        <time>2026-08-01T14:53:38.000Z</time>
      </trkpt>
      <trkpt lat="40.069764389506624" lon="116.31273556256502">
        <ele>53.0</ele>
        <time>2026-08-01T14:53:39.000Z</time>
      </trkpt>
      <trkpt lat="40.06978377356418" lon="116.31280823481643">
        <ele>52.9</ele>
        <time>2026-08-01T14:53:40.000Z</time>
      </trkpt>
      <trkpt lat="40.06980441052831" lon="116.31288051066694">
        <ele>52.9</ele>
        <time>2026-08-01T14:53:41.000Z</time>
      </trkpt>
      <trkpt lat="40.069825765547684" lon="116.31295257062081">
        <ele>52.9</ele>
        <time>2026-08-01T14:53:42.000Z</time>
      </trkpt>
      <trkpt lat="40.06984728020989" lon="116.31302468704835">
        <ele>52.8</ele>
        <time>2026-08-01T14:53:43.000Z</time>
      </trkpt>
      <trkpt lat="40.06986840306355" lon="116.31309703812602">
        <ele>52.8</ele>
        <time>2026-08-01T14:53:44.000Z</time>
      </trkpt>
      <trkpt lat="40.0698886056426" lon="116.31316983579654">
        <ele>52.7</ele>
        <time>2026-08-01T14:53:45.000Z</time>
      </trkpt>
      <trkpt lat="40.06990724487333" lon="116.31324319293554">
        <ele>52.7</ele>
        <time>2026-08-01T14:53:46.000Z</time>
      </trkpt>
      <trkpt lat="40.06992373449992" lon="116.31331731418102">
        <ele>52.6</ele>
        <time>2026-08-01T14:53:47.000Z</time>
      </trkpt>
      <trkpt lat="40.06993763856619" lon="116.31339226695711">
        <ele>52.6</ele>
        <time>2026-08-01T14:53:48.000Z</time>
      </trkpt>
      <trkpt lat="40.06994862121535" lon="116.31346781380053">
        <ele>52.5</ele>
        <time>2026-08-01T14:53:49.000Z</time>
      </trkpt>
      <trkpt lat="40.06995665314247" lon="116.31354375718672">
        <ele>52.4</ele>
        <time>2026-08-01T14:53:50.000Z</time>
      </trkpt>
      <trkpt lat="40.06996210606065" lon="116.31361990821955">
        <ele>52.4</ele>
        <time>2026-08-01T14:53:51.000Z</time>
      </trkpt>
      <trkpt lat="40.0699655762857" lon="116.31369616632736">
        <ele>52.4</ele>
        <time>2026-08-01T14:53:52.000Z</time>
      </trkpt>
      <trkpt lat="40.06996758538467" lon="116.31377231127246">
        <ele>52.3</ele>
        <time>2026-08-01T14:53:53.000Z</time>
      </trkpt>
      <trkpt lat="40.06996848803505" lon="116.31384817802297">
        <ele>52.3</ele>
        <time>2026-08-01T14:53:54.000Z</time>
      </trkpt>
      <trkpt lat="40.069968575325525" lon="116.31392391767257">
        <ele>52.3</ele>
        <time>2026-08-01T14:53:55.000Z</time>
      </trkpt>
      <trkpt lat="40.06996809011819" lon="116.31399963434622">
        <ele>52.2</ele>
        <time>2026-08-01T14:53:56.000Z</time>
      </trkpt>
      <trkpt lat="40.069967203773146" lon="116.31407528671433">
        <ele>52.2</ele>
        <time>2026-08-01T14:53:57.000Z</time>
      </trkpt>
      <trkpt lat="40.06996597672474" lon="116.31415086548985">
        <ele>52.2</ele>
        <time>2026-08-01T14:53:58.000Z</time>
      </trkpt>
      <trkpt lat="40.06996454260203" lon="116.31422648269712">
        <ele>52.1</ele>
        <time>2026-08-01T14:53:59.000Z</time>
      </trkpt>
      <trkpt lat="40.06996319795063" lon="116.31430220420341">
        <ele>52.1</ele>
        <time>2026-08-01T14:54:00.000Z</time>
      </trkpt>
      <trkpt lat="40.06996217772638" lon="116.31437796231239">
        <ele>52.0</ele>
        <time>2026-08-01T14:54:01.000Z</time>
      </trkpt>
      <trkpt lat="40.069961467450625" lon="116.31445380159188">
        <ele>52.0</ele>
        <time>2026-08-01T14:54:02.000Z</time>
      </trkpt>
      <trkpt lat="40.06996081506968" lon="116.31452981876366">
        <ele>52.0</ele>
        <time>2026-08-01T14:54:03.000Z</time>
      </trkpt>
      <trkpt lat="40.069959997075465" lon="116.31460592423728">
        <ele>52.0</ele>
        <time>2026-08-01T14:54:04.000Z</time>
      </trkpt>
      <trkpt lat="40.06995906771548" lon="116.3146820232967">
        <ele>52.0</ele>
        <time>2026-08-01T14:54:05.000Z</time>
      </trkpt>
      <trkpt lat="40.06995809683383" lon="116.31475789086672">
        <ele>52.0</ele>
        <time>2026-08-01T14:54:06.000Z</time>
      </trkpt>
      <trkpt lat="40.069957062337686" lon="116.31483335106486">
        <ele>52.0</ele>
        <time>2026-08-01T14:54:07.000Z</time>
      </trkpt>
      <trkpt lat="40.069956027493774" lon="116.3149087194115">
        <ele>52.0</ele>
        <time>2026-08-01T14:54:08.000Z</time>
      </trkpt>
      <trkpt lat="40.06995493709182" lon="116.31498387561741">
        <ele>52.0</ele>
        <time>2026-08-01T14:54:09.000Z</time>
      </trkpt>
      <trkpt lat="40.06995354085327" lon="116.31505877611119">
        <ele>52.0</ele>
        <time>2026-08-01T14:54:10.000Z</time>
      </trkpt>
      <trkpt lat="40.06995181561046" lon="116.31513381048845">
        <ele>52.0</ele>
        <time>2026-08-01T14:54:11.000Z</time>
      </trkpt>
      <trkpt lat="40.06995117846815" lon="116.31521021968344">
        <ele>52.0</ele>
        <time>2026-08-01T14:54:12.000Z</time>
      </trkpt>
      <trkpt lat="40.06995168128409" lon="116.31528779015248">
        <ele>51.9</ele>
        <time>2026-08-01T14:54:13.000Z</time>
      </trkpt>
      <trkpt lat="40.06995188198778" lon="116.31536511126612">
        <ele>51.9</ele>
        <time>2026-08-01T14:54:14.000Z</time>
      </trkpt>
      <trkpt lat="40.069951537480364" lon="116.31544216579594">
        <ele>51.9</ele>
        <time>2026-08-01T14:54:15.000Z</time>
      </trkpt>
      <trkpt lat="40.069950821550115" lon="116.31551893795624">
        <ele>51.9</ele>
        <time>2026-08-01T14:54:16.000Z</time>
      </trkpt>
      <trkpt lat="40.069950020796504" lon="116.31559542856883">
        <ele>51.9</ele>
        <time>2026-08-01T14:54:17.000Z</time>
      </trkpt>
      <trkpt lat="40.069949246401556" lon="116.31567165625468">
        <ele>51.8</ele>
        <time>2026-08-01T14:54:18.000Z</time>
      </trkpt>
      <trkpt lat="40.06994853820442" lon="116.31574766814944">
        <ele>51.8</ele>
        <time>2026-08-01T14:54:19.000Z</time>
      </trkpt>
      <trkpt lat="40.06994785293025" lon="116.31582356189227">
        <ele>51.8</ele>
        <time>2026-08-01T14:54:20.000Z</time>
      </trkpt>
      <trkpt lat="40.06994707535167" lon="116.31589948888073">
        <ele>51.7</ele>
        <time>2026-08-01T14:54:21.000Z</time>
      </trkpt>
      <trkpt lat="40.06994612345186" lon="116.31597556960779">
        <ele>51.7</ele>
        <time>2026-08-01T14:54:22.000Z</time>
      </trkpt>
      <trkpt lat="40.06994504873665" lon="116.31605194286327">
        <ele>51.7</ele>
        <time>2026-08-01T14:54:23.000Z</time>
      </trkpt>
      <trkpt lat="40.069943938808066" lon="116.31612856478267">
        <ele>51.7</ele>
        <time>2026-08-01T14:54:24.000Z</time>
      </trkpt>
      <trkpt lat="40.069942856958335" lon="116.31620530595485">
        <ele>51.7</ele>
        <time>2026-08-01T14:54:25.000Z</time>
      </trkpt>
      <trkpt lat="40.0699418633472" lon="116.31628208594401">
        <ele>51.7</ele>
        <time>2026-08-01T14:54:26.000Z</time>
      </trkpt>
      <trkpt lat="40.06994104280112" lon="116.31635887265763">
        <ele>51.7</ele>
        <time>2026-08-01T14:54:27.000Z</time>
      </trkpt>
      <trkpt lat="40.06994044838667" lon="116.31643567667727">
        <ele>51.7</ele>
        <time>2026-08-01T14:54:28.000Z</time>
      </trkpt>
      <trkpt lat="40.069939988041526" lon="116.31651236892701">
        <ele>51.7</ele>
        <time>2026-08-01T14:54:29.000Z</time>
      </trkpt>
      <trkpt lat="40.069939525755345" lon="116.31658891414347">
        <ele>51.8</ele>
        <time>2026-08-01T14:54:30.000Z</time>
      </trkpt>
      <trkpt lat="40.06993894001902" lon="116.31666525796261">
        <ele>51.8</ele>
        <time>2026-08-01T14:54:31.000Z</time>
      </trkpt>
      <trkpt lat="40.069938180060255" lon="116.31674129896436">
        <ele>51.7</ele>
        <time>2026-08-01T14:54:32.000Z</time>
      </trkpt>
      <trkpt lat="40.069937183418666" lon="116.31681706686287">
        <ele>51.7</ele>
        <time>2026-08-01T14:54:33.000Z</time>
      </trkpt>
      <trkpt lat="40.06993574164608" lon="116.3168926000208">
        <ele>51.7</ele>
        <time>2026-08-01T14:54:34.000Z</time>
      </trkpt>
      <trkpt lat="40.06993377567718" lon="116.31696799657615">
        <ele>51.7</ele>
        <time>2026-08-01T14:54:35.000Z</time>
      </trkpt>
      <trkpt lat="40.069931565996455" lon="116.31704336677241">
        <ele>51.7</ele>
        <time>2026-08-01T14:54:36.000Z</time>
      </trkpt>
      <trkpt lat="40.069929529354745" lon="116.31711877218356">
        <ele>51.6</ele>
        <time>2026-08-01T14:54:37.000Z</time>
      </trkpt>
      <trkpt lat="40.06992785493402" lon="116.3171941245984">
        <ele>51.6</ele>
        <time>2026-08-01T14:54:38.000Z</time>
      </trkpt>
      <trkpt lat="40.06992651916574" lon="116.31726924746425">
        <ele>51.6</ele>
        <time>2026-08-01T14:54:39.000Z</time>
      </trkpt>
      <trkpt lat="40.06992552835678" lon="116.31734395565974">
        <ele>51.6</ele>
        <time>2026-08-01T14:54:40.000Z</time>
      </trkpt>
      <trkpt lat="40.06992491935266" lon="116.31741824264351">
        <ele>51.6</ele>
        <time>2026-08-01T14:54:41.000Z</time>
      </trkpt>
      <trkpt lat="40.06992459226251" lon="116.31749196592733">
        <ele>51.6</ele>
        <time>2026-08-01T14:54:42.000Z</time>
      </trkpt>
      <trkpt lat="40.06992444847836" lon="116.31756493886432">
        <ele>51.6</ele>
        <time>2026-08-01T14:54:43.000Z</time>
      </trkpt>
      <trkpt lat="40.069924553368516" lon="116.31763708362544">
        <ele>51.6</ele>
        <time>2026-08-01T14:54:44.000Z</time>
      </trkpt>
      <trkpt lat="40.069924745729416" lon="116.3177082969684">
        <ele>51.5</ele>
        <time>2026-08-01T14:54:45.000Z</time>
      </trkpt>
      <trkpt lat="40.06992486830931" lon="116.31777862485684">
        <ele>51.5</ele>
        <time>2026-08-01T14:54:46.000Z</time>
      </trkpt>
      <trkpt lat="40.06992503576243" lon="116.31784827401937">
        <ele>51.5</ele>
        <time>2026-08-01T14:54:47.000Z</time>
      </trkpt>
      <trkpt lat="40.06992500976049" lon="116.3179174638437">
        <ele>51.5</ele>
        <time>2026-08-01T14:54:48.000Z</time>
      </trkpt>
      <trkpt lat="40.06992455593234" lon="116.3179860808879">
        <ele>51.5</ele>
        <time>2026-08-01T14:54:49.000Z</time>
      </trkpt>
      <trkpt lat="40.06992391959844" lon="116.31805404479866">
        <ele>51.4</ele>
        <time>2026-08-01T14:54:50.000Z</time>
      </trkpt>
      <trkpt lat="40.06992331987651" lon="116.3181214424299">
        <ele>51.4</ele>
        <time>2026-08-01T14:54:51.000Z</time>
      </trkpt>
      <trkpt lat="40.06992281388016" lon="116.31818834940862">
        <ele>51.4</ele>
        <time>2026-08-01T14:54:52.000Z</time>
      </trkpt>
      <trkpt lat="40.069922386649" lon="116.31825471429946">
        <ele>51.4</ele>
        <time>2026-08-01T14:54:53.000Z</time>
      </trkpt>
      <trkpt lat="40.06992187514252" lon="116.31832080758849">
        <ele>51.4</ele>
        <time>2026-08-01T14:54:54.000Z</time>
      </trkpt>
      <trkpt lat="40.06992124105154" lon="116.3183870544144">
        <ele>51.4</ele>
        <time>2026-08-01T14:54:55.000Z</time>
      </trkpt>
      <trkpt lat="40.06992050177307" lon="116.31845340595066">
        <ele>51.4</ele>
        <time>2026-08-01T14:54:56.000Z</time>
      </trkpt>
      <trkpt lat="40.06991966987907" lon="116.31851960475358">
        <ele>51.4</ele>
        <time>2026-08-01T14:54:57.000Z</time>
      </trkpt>
      <trkpt lat="40.06991884597149" lon="116.31858545992156">
        <ele>51.4</ele>
        <time>2026-08-01T14:54:58.000Z</time>
      </trkpt>
      <trkpt lat="40.06991809126948" lon="116.31865101794014">
        <ele>51.4</ele>
        <time>2026-08-01T14:54:59.000Z</time>
      </trkpt>
      <trkpt lat="40.06991738531589" lon="116.31871640459526">
        <ele>51.4</ele>
        <time>2026-08-01T14:55:00.000Z</time>
      </trkpt>
      <trkpt lat="40.06991656695575" lon="116.3187816758034">
        <ele>51.4</ele>
        <time>2026-08-01T14:55:01.000Z</time>
      </trkpt>
      <trkpt lat="40.06991546417426" lon="116.31884704080721">
        <ele>51.4</ele>
        <time>2026-08-01T14:55:02.000Z</time>
      </trkpt>
      <trkpt lat="40.06991439357972" lon="116.31891307781179">
        <ele>51.5</ele>
        <time>2026-08-01T14:55:03.000Z</time>
      </trkpt>
      <trkpt lat="40.06991361510656" lon="116.31897954031828">
        <ele>51.5</ele>
        <time>2026-08-01T14:55:04.000Z</time>
      </trkpt>
      <trkpt lat="40.06991295771021" lon="116.31904619526391">
        <ele>51.5</ele>
        <time>2026-08-01T14:55:05.000Z</time>
      </trkpt>
      <trkpt lat="40.06991227255181" lon="116.3191131568849">
        <ele>51.5</ele>
        <time>2026-08-01T14:55:06.000Z</time>
      </trkpt>
      <trkpt lat="40.06991141416155" lon="116.31918021807773">
        <ele>51.5</ele>
        <time>2026-08-01T14:55:07.000Z</time>
      </trkpt>
      <trkpt lat="40.06991041923086" lon="116.3192472139402">
        <ele>51.5</ele>
        <time>2026-08-01T14:55:08.000Z</time>
      </trkpt>
      <trkpt lat="40.06990957130752" lon="116.31931396665003">
        <ele>51.5</ele>
        <time>2026-08-01T14:55:09.000Z</time>
      </trkpt>
      <trkpt lat="40.069909247621915" lon="116.31938055650593">
        <ele>51.5</ele>
        <time>2026-08-01T14:55:10.000Z</time>
      </trkpt>
      <trkpt lat="40.069909385632016" lon="116.31944687735752">
        <ele>51.5</ele>
        <time>2026-08-01T14:55:11.000Z</time>
      </trkpt>
      <trkpt lat="40.0699095447959" lon="116.31951246023381">
        <ele>51.5</ele>
        <time>2026-08-01T14:55:12.000Z</time>
      </trkpt>
      <trkpt lat="40.06990953212192" lon="116.31957704382448">
        <ele>51.5</ele>
        <time>2026-08-01T14:55:13.000Z</time>
      </trkpt>
      <trkpt lat="40.06990927068444" lon="116.31964082371574">
        <ele>51.5</ele>
        <time>2026-08-01T14:55:14.000Z</time>
      </trkpt>
      <trkpt lat="40.06990854045871" lon="116.31970400343661">
        <ele>51.5</ele>
        <time>2026-08-01T14:55:15.000Z</time>
      </trkpt>
      <trkpt lat="40.069907512502965" lon="116.3197672104294">
        <ele>51.5</ele>
        <time>2026-08-01T14:55:16.000Z</time>
      </trkpt>
      <trkpt lat="40.06990666529425" lon="116.31983085043424">
        <ele>51.5</ele>
        <time>2026-08-01T14:55:17.000Z</time>
      </trkpt>
      <trkpt lat="40.06990604890429" lon="116.31989469498468">
        <ele>51.5</ele>
        <time>2026-08-01T14:55:18.000Z</time>
      </trkpt>
      <trkpt lat="40.069905597553515" lon="116.3199587114497">
        <ele>51.5</ele>
        <time>2026-08-01T14:55:19.000Z</time>
      </trkpt>
      <trkpt lat="40.06990530178698" lon="116.32002306188973">
        <ele>51.5</ele>
        <time>2026-08-01T14:55:20.000Z</time>
      </trkpt>
      <trkpt lat="40.069905034351144" lon="116.32008774064047">
        <ele>51.6</ele>
        <time>2026-08-01T14:55:21.000Z</time>
      </trkpt>
      <trkpt lat="40.06990476496489" lon="116.32015268964115">
        <ele>51.6</ele>
        <time>2026-08-01T14:55:22.000Z</time>
      </trkpt>
      <trkpt lat="40.069904505296485" lon="116.32021816685095">
        <ele>51.6</ele>
        <time>2026-08-01T14:55:23.000Z</time>
      </trkpt>
      <trkpt lat="40.069904237820104" lon="116.3202841946015">
        <ele>51.6</ele>
        <time>2026-08-01T14:55:24.000Z</time>
      </trkpt>
      <trkpt lat="40.06990380918518" lon="116.32035064950288">
        <ele>51.6</ele>
        <time>2026-08-01T14:55:25.000Z</time>
      </trkpt>
      <trkpt lat="40.06990316958164" lon="116.32041737576382">
        <ele>51.6</ele>
        <time>2026-08-01T14:55:26.000Z</time>
      </trkpt>
      <trkpt lat="40.069902470872215" lon="116.32048402790826">
        <ele>51.7</ele>
        <time>2026-08-01T14:55:27.000Z</time>
      </trkpt>
      <trkpt lat="40.06990180126531" lon="116.32055025742822">
        <ele>51.7</ele>
        <time>2026-08-01T14:55:28.000Z</time>
      </trkpt>
      <trkpt lat="40.069901246223196" lon="116.32061613958044">
        <ele>51.7</ele>
        <time>2026-08-01T14:55:29.000Z</time>
      </trkpt>
      <trkpt lat="40.06990087921983" lon="116.32068200787818">
        <ele>51.7</ele>
        <time>2026-08-01T14:55:30.000Z</time>
      </trkpt>
      <trkpt lat="40.0699006449396" lon="116.32074776658146">
        <ele>51.7</ele>
        <time>2026-08-01T14:55:31.000Z</time>
      </trkpt>
      <trkpt lat="40.06990045036091" lon="116.32081331455">
        <ele>51.7</ele>
        <time>2026-08-01T14:55:32.000Z</time>
      </trkpt>
      <trkpt lat="40.06990011804041" lon="116.32087873318284">
        <ele>51.7</ele>
        <time>2026-08-01T14:55:33.000Z</time>
      </trkpt>
      <trkpt lat="40.06989947230512" lon="116.32094404684342">
        <ele>51.7</ele>
        <time>2026-08-01T14:55:34.000Z</time>
      </trkpt>
      <trkpt lat="40.069898490420826" lon="116.32100910478049">
        <ele>51.7</ele>
        <time>2026-08-01T14:55:35.000Z</time>
      </trkpt>
      <trkpt lat="40.06989722197644" lon="116.321073696356">
        <ele>51.7</ele>
        <time>2026-08-01T14:55:36.000Z</time>
      </trkpt>
      <trkpt lat="40.06989571850186" lon="116.32113764003532">
        <ele>51.7</ele>
        <time>2026-08-01T14:55:37.000Z</time>
      </trkpt>
      <trkpt lat="40.06989396680097" lon="116.3212009354229">
        <ele>51.7</ele>
        <time>2026-08-01T14:55:38.000Z</time>
      </trkpt>
      <trkpt lat="40.06989197278666" lon="116.32126356651139">
        <ele>51.7</ele>
        <time>2026-08-01T14:55:39.000Z</time>
      </trkpt>
      <trkpt lat="40.069889728595" lon="116.32132567877031">
        <ele>51.7</ele>
        <time>2026-08-01T14:55:40.000Z</time>
      </trkpt>
      <trkpt lat="40.069887043933306" lon="116.32138760954923">
        <ele>51.7</ele>
        <time>2026-08-01T14:55:41.000Z</time>
      </trkpt>
      <trkpt lat="40.06988355041369" lon="116.32144951194012">
        <ele>51.7</ele>
        <time>2026-08-01T14:55:42.000Z</time>
      </trkpt>
      <trkpt lat="40.06987876616526" lon="116.32151143259395">
        <ele>51.7</ele>
        <time>2026-08-01T14:55:43.000Z</time>
      </trkpt>
      <trkpt lat="40.06987221572584" lon="116.3215734036111">
        <ele>51.7</ele>
        <time>2026-08-01T14:55:44.000Z</time>
      </trkpt>
      <trkpt lat="40.06986375323444" lon="116.32163581499067">
        <ele>51.7</ele>
        <time>2026-08-01T14:55:45.000Z</time>
      </trkpt>
      <trkpt lat="40.069853569143795" lon="116.3216991317721">
        <ele>51.7</ele>
        <time>2026-08-01T14:55:46.000Z</time>
      </trkpt>
      <trkpt lat="40.06984194228655" lon="116.32176326804803">
        <ele>51.6</ele>
        <time>2026-08-01T14:55:47.000Z</time>
        <extensions>
          <gpxtpx:TrackPointExtension>
            <gpxtpx:hr>127</gpxtpx:hr>
          </gpxtpx:TrackPointExtension>
        </extensions>
      </trkpt>
      <trkpt lat="40.06982917277562" lon="116.32182782788647">
        <ele>51.6</ele>
        <time>2026-08-01T14:55:48.000Z</time>
        <extensions>
          <gpxtpx:TrackPointExtension>
            <gpxtpx:hr>127</gpxtpx:hr>
          </gpxtpx:TrackPointExtension>
        </extensions>
      </trkpt>
      <trkpt lat="40.06981564050688" lon="116.32189249642178">
        <ele>51.6</ele>
        <time>2026-08-01T14:55:49.000Z</time>
        <extensions>
          <gpxtpx:TrackPointExtension>
            <gpxtpx:hr>127</gpxtpx:hr>
          </gpxtpx:TrackPointExtension>
        </extensions>
      </trkpt>
      <trkpt lat="40.0698018887037" lon="116.3219570841156">
        <ele>51.5</ele>
        <time>2026-08-01T14:55:50.000Z</time>
        <extensions>
          <gpxtpx:TrackPointExtension>
            <gpxtpx:hr>127</gpxtpx:hr>
          </gpxtpx:TrackPointExtension>
        </extensions>
      </trkpt>
      <trkpt lat="40.06978858358326" lon="116.32202170538888">
        <ele>51.5</ele>
        <time>2026-08-01T14:55:51.000Z</time>
        <extensions>
          <gpxtpx:TrackPointExtension>
            <gpxtpx:hr>127</gpxtpx:hr>
          </gpxtpx:TrackPointExtension>
        </extensions>
      </trkpt>
      <trkpt lat="40.069776327860296" lon="116.32208663190319">
        <ele>51.5</ele>
        <time>2026-08-01T14:55:52.000Z</time>
        <extensions>
          <gpxtpx:TrackPointExtension>
            <gpxtpx:hr>127</gpxtpx:hr>
          </gpxtpx:TrackPointExtension>
        </extensions>
      </trkpt>
      <trkpt lat="40.06976553691133" lon="116.32215205801096">
        <ele>51.5</ele>
        <time>2026-08-01T14:55:53.000Z</time>
        <extensions>
          <gpxtpx:TrackPointExtension>
            <gpxtpx:hr>127</gpxtpx:hr>
          </gpxtpx:TrackPointExtension>
        </extensions>
      </trkpt>
      <trkpt lat="40.069756380552505" lon="116.32221813534689">
        <ele>51.5</ele>
        <time>2026-08-01T14:55:54.000Z</time>
        <extensions>
          <gpxtpx:TrackPointExtension>
            <gpxtpx:hr>127</gpxtpx:hr>
          </gpxtpx:TrackPointExtension>
        </extensions>
      </trkpt>
      <trkpt lat="40.069748875507706" lon="116.32228502753563">
        <ele>51.4</ele>
        <time>2026-08-01T14:55:55.000Z</time>
        <extensions>
          <gpxtpx:TrackPointExtension>
            <gpxtpx:hr>127</gpxtpx:hr>
          </gpxtpx:TrackPointExtension>
        </extensions>
      </trkpt>
      <trkpt lat="40.0697430583481" lon="116.32235288768136">
        <ele>51.4</ele>
        <time>2026-08-01T14:55:56.000Z</time>
        <extensions>
          <gpxtpx:TrackPointExtension>
            <gpxtpx:hr>127</gpxtpx:hr>
          </gpxtpx:TrackPointExtension>
        </extensions>
      </trkpt>
      <trkpt lat="40.06973885692576" lon="116.32242155519269">
        <ele>51.4</ele>
        <time>2026-08-01T14:55:57.000Z</time>
        <extensions>
          <gpxtpx:TrackPointExtension>
            <gpxtpx:hr>127</gpxtpx:hr>
          </gpxtpx:TrackPointExtension>
        </extensions>
      </trkpt>
      <trkpt lat="40.06973590792269" lon="116.32249089122709">
        <ele>51.4</ele>
        <time>2026-08-01T14:55:58.000Z</time>
        <extensions>
          <gpxtpx:TrackPointExtension>
            <gpxtpx:hr>127</gpxtpx:hr>
          </gpxtpx:TrackPointExtension>
        </extensions>
      </trkpt>
      <trkpt lat="40.06973369646536" lon="116.32256082493409">
        <ele>51.3</ele>
        <time>2026-08-01T14:55:59.000Z</time>
        <extensions>
          <gpxtpx:TrackPointExtension>
            <gpxtpx:hr>127</gpxtpx:hr>
          </gpxtpx:TrackPointExtension>
        </extensions>
      </trkpt>
      <trkpt lat="40.06973175578715" lon="116.32263098416225">
        <ele>51.3</ele>
        <time>2026-08-01T14:56:00.000Z</time>
        <extensions>
          <gpxtpx:TrackPointExtension>
            <gpxtpx:hr>127</gpxtpx:hr>
          </gpxtpx:TrackPointExtension>
        </extensions>
      </trkpt>
      <trkpt lat="40.06972986976159" lon="116.32270102135138">
        <ele>51.3</ele>
        <time>2026-08-01T14:56:01.000Z</time>
        <extensions>
          <gpxtpx:TrackPointExtension>
            <gpxtpx:hr>127</gpxtpx:hr>
          </gpxtpx:TrackPointExtension>
        </extensions>
      </trkpt>
      <trkpt lat="40.0697281338228" lon="116.32277095148298">
        <ele>51.3</ele>
        <time>2026-08-01T14:56:02.000Z</time>
        <extensions>
          <gpxtpx:TrackPointExtension>
            <gpxtpx:hr>127</gpxtpx:hr>
          </gpxtpx:TrackPointExtension>
        </extensions>
      </trkpt>
      <trkpt lat="40.06972668418986" lon="116.32284105433199">
        <ele>51.3</ele>
        <time>2026-08-01T14:56:03.000Z</time>
        <extensions>
          <gpxtpx:TrackPointExtension>
            <gpxtpx:hr>127</gpxtpx:hr>
          </gpxtpx:TrackPointExtension>
        </extensions>
      </trkpt>
      <trkpt lat="40.069725450936964" lon="116.32291137818471">
        <ele>51.3</ele>
        <time>2026-08-01T14:56:04.000Z</time>
        <extensions>
          <gpxtpx:TrackPointExtension>
            <gpxtpx:hr>127</gpxtpx:hr>
          </gpxtpx:TrackPointExtension>
        </extensions>
      </trkpt>
      <trkpt lat="40.06972440146541" lon="116.32298174804099">
        <ele>51.3</ele>
        <time>2026-08-01T14:56:05.000Z</time>
        <extensions>
          <gpxtpx:TrackPointExtension>
            <gpxtpx:hr>127</gpxtpx:hr>
          </gpxtpx:TrackPointExtension>
        </extensions>
      </trkpt>
      <trkpt lat="40.06972357008706" lon="116.32305207364702">
        <ele>51.3</ele>
        <time>2026-08-01T14:56:06.000Z</time>
        <extensions>
          <gpxtpx:TrackPointExtension>
            <gpxtpx:hr>127</gpxtpx:hr>
          </gpxtpx:TrackPointExtension>
        </extensions>
      </trkpt>
      <trkpt lat="40.069722896897346" lon="116.3231224188631">
        <ele>51.3</ele>
        <time>2026-08-01T14:56:07.000Z</time>
        <extensions>
          <gpxtpx:TrackPointExtension>
            <gpxtpx:hr>127</gpxtpx:hr>
          </gpxtpx:TrackPointExtension>
        </extensions>
      </trkpt>
      <trkpt lat="40.069722329414006" lon="116.32319288014972">
        <ele>51.3</ele>
        <time>2026-08-01T14:56:08.000Z</time>
        <extensions>
          <gpxtpx:TrackPointExtension>
            <gpxtpx:hr>127</gpxtpx:hr>
          </gpxtpx:TrackPointExtension>
        </extensions>
      </trkpt>
      <trkpt lat="40.06972186205895" lon="116.32326358361506">
        <ele>51.3</ele>
        <time>2026-08-01T14:56:09.000Z</time>
        <extensions>
          <gpxtpx:TrackPointExtension>
            <gpxtpx:hr>127</gpxtpx:hr>
          </gpxtpx:TrackPointExtension>
        </extensions>
      </trkpt>
      <trkpt lat="40.06972147148726" lon="116.32333461428034">
        <ele>51.3</ele>
        <time>2026-08-01T14:56:10.000Z</time>
        <extensions>
          <gpxtpx:TrackPointExtension>
            <gpxtpx:hr>127</gpxtpx:hr>
          </gpxtpx:TrackPointExtension>
        </extensions>
      </trkpt>
      <trkpt lat="40.069721129541975" lon="116.32340583851636">
        <ele>51.3</ele>
        <time>2026-08-01T14:56:11.000Z</time>
        <extensions>
          <gpxtpx:TrackPointExtension>
            <gpxtpx:hr>127</gpxtpx:hr>
          </gpxtpx:TrackPointExtension>
        </extensions>
      </trkpt>
      <trkpt lat="40.069720886476304" lon="116.3234771956852">
        <ele>51.2</ele>
        <time>2026-08-01T14:56:12.000Z</time>
        <extensions>
          <gpxtpx:TrackPointExtension>
            <gpxtpx:hr>127</gpxtpx:hr>
          </gpxtpx:TrackPointExtension>
        </extensions>
      </trkpt>
      <trkpt lat="40.069720810632084" lon="116.3235486645082">
        <ele>51.2</ele>
        <time>2026-08-01T14:56:13.000Z</time>
        <extensions>
          <gpxtpx:TrackPointExtension>
            <gpxtpx:hr>127</gpxtpx:hr>
          </gpxtpx:TrackPointExtension>
        </extensions>
      </trkpt>
      <trkpt lat="40.06972085146386" lon="116.32362020641088">
        <ele>51.2</ele>
        <time>2026-08-01T14:56:14.000Z</time>
        <extensions>
          <gpxtpx:TrackPointExtension>
            <gpxtpx:hr>127</gpxtpx:hr>
          </gpxtpx:TrackPointExtension>
        </extensions>
      </trkpt>
      <trkpt lat="40.06972083687664" lon="116.32369188627915">
        <ele>51.2</ele>
        <time>2026-08-01T14:56:15.000Z</time>
        <extensions>
          <gpxtpx:TrackPointExtension>
            <gpxtpx:hr>127</gpxtpx:hr>
          </gpxtpx:TrackPointExtension>
        </extensions>
      </trkpt>
      <trkpt lat="40.06972068901389" lon="116.32376367509067">
        <ele>51.2</ele>
        <time>2026-08-01T14:56:16.000Z</time>
        <extensions>
          <gpxtpx:TrackPointExtension>
            <gpxtpx:hr>127</gpxtpx:hr>
          </gpxtpx:TrackPointExtension>
        </extensions>
      </trkpt>
      <trkpt lat="40.069720378857525" lon="116.32383546664275">
        <ele>51.1</ele>
        <time>2026-08-01T14:56:17.000Z</time>
      </trkpt>
      <trkpt lat="40.0697198961229" lon="116.32390722397797">
        <ele>51.1</ele>
        <time>2026-08-01T14:56:18.000Z</time>
      </trkpt>
      <trkpt lat="40.06971935374134" lon="116.32397895268764">
        <ele>51.1</ele>
        <time>2026-08-01T14:56:19.000Z</time>
      </trkpt>
      <trkpt lat="40.069718860434605" lon="116.32405062199375">
        <ele>51.1</ele>
        <time>2026-08-01T14:56:20.000Z</time>
      </trkpt>
      <trkpt lat="40.06971842114883" lon="116.32412208846733">
        <ele>51.0</ele>
        <time>2026-08-01T14:56:21.000Z</time>
      </trkpt>
      <trkpt lat="40.06971789454021" lon="116.32419337198084">
        <ele>51.0</ele>
        <time>2026-08-01T14:56:22.000Z</time>
      </trkpt>
      <trkpt lat="40.069717149215805" lon="116.32426455924302">
        <ele>51.0</ele>
        <time>2026-08-01T14:56:23.000Z</time>
      </trkpt>
      <trkpt lat="40.06971618181962" lon="116.32433559460448">
        <ele>50.9</ele>
        <time>2026-08-01T14:56:24.000Z</time>
      </trkpt>
      <trkpt lat="40.069715076539715" lon="116.32440637637916">
        <ele>50.9</ele>
        <time>2026-08-01T14:56:25.000Z</time>
      </trkpt>
      <trkpt lat="40.0697139852413" lon="116.32447667627241">
        <ele>50.9</ele>
        <time>2026-08-01T14:56:26.000Z</time>
      </trkpt>
      <trkpt lat="40.0697130373203" lon="116.32454628035559">
        <ele>50.9</ele>
        <time>2026-08-01T14:56:27.000Z</time>
      </trkpt>
      <trkpt lat="40.069712222200415" lon="116.32461495693707">
        <ele>50.8</ele>
        <time>2026-08-01T14:56:28.000Z</time>
      </trkpt>
      <trkpt lat="40.06971147181024" lon="116.32468263924541">
        <ele>50.8</ele>
        <time>2026-08-01T14:56:29.000Z</time>
      </trkpt>
      <trkpt lat="40.069710890819046" lon="116.32474963153378">
        <ele>50.8</ele>
        <time>2026-08-01T14:56:30.000Z</time>
      </trkpt>
      <trkpt lat="40.069710631644526" lon="116.32481644492573">
        <ele>50.7</ele>
        <time>2026-08-01T14:56:31.000Z</time>
      </trkpt>
      <trkpt lat="40.069710795738445" lon="116.32488347602623">
        <ele>50.7</ele>
        <time>2026-08-01T14:56:32.000Z</time>
      </trkpt>
      <trkpt lat="40.06971138712959" lon="116.3249507738732">
        <ele>50.7</ele>
        <time>2026-08-01T14:56:33.000Z</time>
      </trkpt>
      <trkpt lat="40.069712182685244" lon="116.3250182121826">
        <ele>50.7</ele>
        <time>2026-08-01T14:56:34.000Z</time>
      </trkpt>
      <trkpt lat="40.06971285842243" lon="116.32508577844574">
        <ele>50.7</ele>
        <time>2026-08-01T14:56:35.000Z</time>
      </trkpt>
      <trkpt lat="40.06971323304807" lon="116.32515355906018">
        <ele>50.7</ele>
        <time>2026-08-01T14:56:36.000Z</time>
      </trkpt>
      <trkpt lat="40.06971339742246" lon="116.32522156900512">
        <ele>50.7</ele>
        <time>2026-08-01T14:56:37.000Z</time>
      </trkpt>
      <trkpt lat="40.06971324489352" lon="116.32528957090047">
        <ele>50.7</ele>
        <time>2026-08-01T14:56:38.000Z</time>
      </trkpt>
      <trkpt lat="40.06971263760072" lon="116.32535731968743">
        <ele>50.7</ele>
        <time>2026-08-01T14:56:39.000Z</time>
      </trkpt>
      <trkpt lat="40.06971180432962" lon="116.32542485446615">
        <ele>50.7</ele>
        <time>2026-08-01T14:56:40.000Z</time>
      </trkpt>
      <trkpt lat="40.069710996424455" lon="116.32549230130873">
        <ele>50.7</ele>
        <time>2026-08-01T14:56:41.000Z</time>
      </trkpt>
      <trkpt lat="40.069710313200424" lon="116.32555980832115">
        <ele>50.7</ele>
        <time>2026-08-01T14:56:42.000Z</time>
      </trkpt>
      <trkpt lat="40.06970969100024" lon="116.32562749721075">
        <ele>50.7</ele>
        <time>2026-08-01T14:56:43.000Z</time>
      </trkpt>
      <trkpt lat="40.06970895757561" lon="116.32569532762341">
        <ele>50.7</ele>
        <time>2026-08-01T14:56:44.000Z</time>
      </trkpt>
      <trkpt lat="40.06970808469834" lon="116.32576315802123">
        <ele>50.7</ele>
        <time>2026-08-01T14:56:45.000Z</time>
      </trkpt>
      <trkpt lat="40.069707158952575" lon="116.32583090183576">
        <ele>50.7</ele>
        <time>2026-08-01T14:56:46.000Z</time>
      </trkpt>
      <trkpt lat="40.0697061910253" lon="116.3258984713439">
        <ele>50.7</ele>
        <time>2026-08-01T14:56:47.000Z</time>
      </trkpt>
      <trkpt lat="40.06970516115099" lon="116.32596576905432">
        <ele>50.8</ele>
        <time>2026-08-01T14:56:48.000Z</time>
      </trkpt>
      <trkpt lat="40.06970405629349" lon="116.32603275739243">
        <ele>50.8</ele>
        <time>2026-08-01T14:56:49.000Z</time>
      </trkpt>
      <trkpt lat="40.069702917842534" lon="116.32609934453396">
        <ele>50.8</ele>
        <time>2026-08-01T14:56:50.000Z</time>
      </trkpt>
      <trkpt lat="40.069701898351866" lon="116.32616548865349">
        <ele>50.8</ele>
        <time>2026-08-01T14:56:51.000Z</time>
      </trkpt>
      <trkpt lat="40.06970110150459" lon="116.32623133519293">
        <ele>50.8</ele>
        <time>2026-08-01T14:56:52.000Z</time>
      </trkpt>
      <trkpt lat="40.0697003746774" lon="116.32629693849029">
        <ele>50.9</ele>
        <time>2026-08-01T14:56:53.000Z</time>
      </trkpt>
      <trkpt lat="40.06969952910646" lon="116.32636231398419">
        <ele>50.9</ele>
        <time>2026-08-01T14:56:54.000Z</time>
      </trkpt>
      <trkpt lat="40.06969857064332" lon="116.32642753792302">
        <ele>50.9</ele>
        <time>2026-08-01T14:56:55.000Z</time>
      </trkpt>
      <trkpt lat="40.06969766318562" lon="116.3264927491929">
        <ele>50.9</ele>
        <time>2026-08-01T14:56:56.000Z</time>
      </trkpt>
      <trkpt lat="40.069696996457544" lon="116.32655797742716">
        <ele>51.0</ele>
        <time>2026-08-01T14:56:57.000Z</time>
      </trkpt>
      <trkpt lat="40.06969653893142" lon="116.32662319140219">
        <ele>51.0</ele>
        <time>2026-08-01T14:56:58.000Z</time>
      </trkpt>
      <trkpt lat="40.06969602814549" lon="116.32668851432732">
        <ele>51.0</ele>
        <time>2026-08-01T14:56:59.000Z</time>
      </trkpt>
      <trkpt lat="40.06969540719326" lon="116.32675400689708">
        <ele>51.0</ele>
        <time>2026-08-01T14:57:00.000Z</time>
      </trkpt>
      <trkpt lat="40.069694872532374" lon="116.32681953832626">
        <ele>51.0</ele>
        <time>2026-08-01T14:57:01.000Z</time>
      </trkpt>
      <trkpt lat="40.06969448520485" lon="116.32688520818645">
        <ele>51.0</ele>
        <time>2026-08-01T14:57:02.000Z</time>
      </trkpt>
      <trkpt lat="40.06969421311034" lon="116.32695146074802">
        <ele>51.0</ele>
        <time>2026-08-01T14:57:03.000Z</time>
      </trkpt>
      <trkpt lat="40.06969390658192" lon="116.32701830618443">
        <ele>51.0</ele>
        <time>2026-08-01T14:57:04.000Z</time>
      </trkpt>
      <trkpt lat="40.069693484466235" lon="116.32708536220883">
        <ele>51.0</ele>
        <time>2026-08-01T14:57:05.000Z</time>
      </trkpt>
      <trkpt lat="40.06969311139413" lon="116.3271525147412">
        <ele>51.0</ele>
        <time>2026-08-01T14:57:06.000Z</time>
      </trkpt>
      <trkpt lat="40.06969291602405" lon="116.32721979252172">
        <ele>51.0</ele>
        <time>2026-08-01T14:57:07.000Z</time>
      </trkpt>
      <trkpt lat="40.069692916786416" lon="116.327287184405">
        <ele>51.0</ele>
        <time>2026-08-01T14:57:08.000Z</time>
      </trkpt>
      <trkpt lat="40.06969291097209" lon="116.32735457697092">
        <ele>51.0</ele>
        <time>2026-08-01T14:57:09.000Z</time>
      </trkpt>
      <trkpt lat="40.06969268952416" lon="116.32742192836145">
        <ele>51.0</ele>
        <time>2026-08-01T14:57:10.000Z</time>
      </trkpt>
      <trkpt lat="40.06969216245368" lon="116.32748922614279">
        <ele>51.0</ele>
        <time>2026-08-01T14:57:11.000Z</time>
      </trkpt>
      <trkpt lat="40.06969137627102" lon="116.32755637314519">
        <ele>51.0</ele>
        <time>2026-08-01T14:57:12.000Z</time>
      </trkpt>
      <trkpt lat="40.069690502850214" lon="116.32762329295176">
        <ele>51.0</ele>
        <time>2026-08-01T14:57:13.000Z</time>
      </trkpt>
      <trkpt lat="40.069689621823755" lon="116.32768996721445">
        <ele>51.0</ele>
        <time>2026-08-01T14:57:14.000Z</time>
      </trkpt>
      <trkpt lat="40.06968870992849" lon="116.32775635128348">
        <ele>51.0</ele>
        <time>2026-08-01T14:57:15.000Z</time>
      </trkpt>
      <trkpt lat="40.06968776603415" lon="116.32782236718747">
        <ele>51.0</ele>
        <time>2026-08-01T14:57:16.000Z</time>
      </trkpt>
      <trkpt lat="40.069686892055884" lon="116.32788819046293">
        <ele>51.0</ele>
        <time>2026-08-01T14:57:17.000Z</time>
      </trkpt>
      <trkpt lat="40.069686189489964" lon="116.32795409834883">
        <ele>51.0</ele>
        <time>2026-08-01T14:57:18.000Z</time>
      </trkpt>
      <trkpt lat="40.06968567082817" lon="116.32802020702795">
        <ele>51.0</ele>
        <time>2026-08-01T14:57:19.000Z</time>
      </trkpt>
      <trkpt lat="40.06968526588057" lon="116.32808654587797">
        <ele>51.0</ele>
        <time>2026-08-01T14:57:20.000Z</time>
      </trkpt>
      <trkpt lat="40.0696847730424" lon="116.32815302525403">
        <ele>51.0</ele>
        <time>2026-08-01T14:57:21.000Z</time>
      </trkpt>
      <trkpt lat="40.069684070044225" lon="116.32821961352383">
        <ele>51.0</ele>
        <time>2026-08-01T14:57:22.000Z</time>
      </trkpt>
      <trkpt lat="40.069683270990126" lon="116.3282863283435">
        <ele>50.9</ele>
        <time>2026-08-01T14:57:23.000Z</time>
      </trkpt>
      <trkpt lat="40.06968257921243" lon="116.32835312817751">
        <ele>50.9</ele>
        <time>2026-08-01T14:57:24.000Z</time>
      </trkpt>
      <trkpt lat="40.06968210180339" lon="116.32842007571882">
        <ele>50.9</ele>
        <time>2026-08-01T14:57:25.000Z</time>
      </trkpt>
      <trkpt lat="40.069681892193785" lon="116.32848740085629">
        <ele>50.9</ele>
        <time>2026-08-01T14:57:26.000Z</time>
      </trkpt>
      <trkpt lat="40.06968197586676" lon="116.32855527567395">
        <ele>50.9</ele>
        <time>2026-08-01T14:57:27.000Z</time>
      </trkpt>
      <trkpt lat="40.06968221260603" lon="116.32862362203997">
        <ele>50.8</ele>
        <time>2026-08-01T14:57:28.000Z</time>
      </trkpt>
      <trkpt lat="40.069682397487725" lon="116.32869238542716">
        <ele>50.8</ele>
        <time>2026-08-01T14:57:29.000Z</time>
      </trkpt>
      <trkpt lat="40.069682376845165" lon="116.3287616193211">
        <ele>50.8</ele>
        <time>2026-08-01T14:57:30.000Z</time>
      </trkpt>
      <trkpt lat="40.06968204983482" lon="116.32883130872109">
        <ele>50.8</ele>
        <time>2026-08-01T14:57:31.000Z</time>
      </trkpt>
      <trkpt lat="40.0696815387591" lon="116.32890135904286">
        <ele>50.8</ele>
        <time>2026-08-01T14:57:32.000Z</time>
      </trkpt>
      <trkpt lat="40.06968099132886" lon="116.32897168017185">
        <ele>50.8</ele>
        <time>2026-08-01T14:57:33.000Z</time>
      </trkpt>
      <trkpt lat="40.06968033817911" lon="116.32904207143098">
        <ele>50.8</ele>
        <time>2026-08-01T14:57:34.000Z</time>
      </trkpt>
      <trkpt lat="40.0696795581226" lon="116.32911238539086">
        <ele>50.8</ele>
        <time>2026-08-01T14:57:35.000Z</time>
      </trkpt>
      <trkpt lat="40.06967867515076" lon="116.32918229317909">
        <ele>50.8</ele>
        <time>2026-08-01T14:57:36.000Z</time>
      </trkpt>
      <trkpt lat="40.069677716446755" lon="116.32925147720245">
        <ele>50.8</ele>
        <time>2026-08-01T14:57:37.000Z</time>
      </trkpt>
      <trkpt lat="40.06967668589026" lon="116.32931992955517">
        <ele>50.8</ele>
        <time>2026-08-01T14:57:38.000Z</time>
      </trkpt>
      <trkpt lat="40.06967565617387" lon="116.3293878013214">
        <ele>50.8</ele>
        <time>2026-08-01T14:57:39.000Z</time>
      </trkpt>
      <trkpt lat="40.069674725851456" lon="116.32945539914137">
        <ele>50.8</ele>
        <time>2026-08-01T14:57:40.000Z</time>
      </trkpt>
      <trkpt lat="40.06967387103815" lon="116.32952299802533">
        <ele>50.8</ele>
        <time>2026-08-01T14:57:41.000Z</time>
      </trkpt>
      <trkpt lat="40.069673030845394" lon="116.32959054678058">
        <ele>50.7</ele>
        <time>2026-08-01T14:57:42.000Z</time>
      </trkpt>
      <trkpt lat="40.06967216690305" lon="116.3296579912089">
        <ele>50.7</ele>
        <time>2026-08-01T14:57:43.000Z</time>
      </trkpt>
      <trkpt lat="40.069671388021256" lon="116.32972557268936">
        <ele>50.7</ele>
        <time>2026-08-01T14:57:44.000Z</time>
      </trkpt>
      <trkpt lat="40.069670842714366" lon="116.32979311095865">
        <ele>50.7</ele>
        <time>2026-08-01T14:57:45.000Z</time>
      </trkpt>
      <trkpt lat="40.069670438193995" lon="116.329860657602">
        <ele>50.7</ele>
        <time>2026-08-01T14:57:46.000Z</time>
      </trkpt>
      <trkpt lat="40.069669959260324" lon="116.32992842531745">
        <ele>50.7</ele>
        <time>2026-08-01T14:57:47.000Z</time>
      </trkpt>
      <trkpt lat="40.06966930966669" lon="116.32999637020758">
        <ele>50.7</ele>
        <time>2026-08-01T14:57:48.000Z</time>
      </trkpt>
      <trkpt lat="40.069668558000366" lon="116.33006446533534">
        <ele>50.7</ele>
        <time>2026-08-01T14:57:49.000Z</time>
      </trkpt>
      <trkpt lat="40.069667731113825" lon="116.33013233888884">
        <ele>50.6</ele>
        <time>2026-08-01T14:57:50.000Z</time>
      </trkpt>
      <trkpt lat="40.069666739741244" lon="116.33019974752253">
        <ele>50.6</ele>
        <time>2026-08-01T14:57:51.000Z</time>
      </trkpt>
      <trkpt lat="40.06966559706045" lon="116.3302666886076">
        <ele>50.6</ele>
        <time>2026-08-01T14:57:52.000Z</time>
      </trkpt>
      <trkpt lat="40.06966430625955" lon="116.3303332473426">
        <ele>50.6</ele>
        <time>2026-08-01T14:57:53.000Z</time>
      </trkpt>
      <trkpt lat="40.069662994674225" lon="116.33039967876178">
        <ele>50.6</ele>
        <time>2026-08-01T14:57:54.000Z</time>
      </trkpt>
      <trkpt lat="40.06966197361847" lon="116.33046599872925">
        <ele>50.6</ele>
        <time>2026-08-01T14:57:55.000Z</time>
      </trkpt>
      <trkpt lat="40.069661317954655" lon="116.3305321442532">
        <ele>50.6</ele>
        <time>2026-08-01T14:57:56.000Z</time>
      </trkpt>
      <trkpt lat="40.06966075122223" lon="116.3305981340959">
        <ele>50.6</ele>
        <time>2026-08-01T14:57:57.000Z</time>
      </trkpt>
      <trkpt lat="40.0696600856753" lon="116.33066391308984">
        <ele>50.6</ele>
        <time>2026-08-01T14:57:58.000Z</time>
      </trkpt>
      <trkpt lat="40.069659425751794" lon="116.3307295522283">
        <ele>50.5</ele>
        <time>2026-08-01T14:57:59.000Z</time>
      </trkpt>
      <trkpt lat="40.069658907789076" lon="116.3307949743854">
        <ele>50.5</ele>
        <time>2026-08-01T14:58:00.000Z</time>
      </trkpt>
      <trkpt lat="40.069658548956305" lon="116.33086018004498">
        <ele>50.5</ele>
        <time>2026-08-01T14:58:01.000Z</time>
      </trkpt>
      <trkpt lat="40.06965823750687" lon="116.33092528505249">
        <ele>50.5</ele>
        <time>2026-08-01T14:58:02.000Z</time>
      </trkpt>
      <trkpt lat="40.06965794105074" lon="116.33099040731429">
        <ele>50.5</ele>
        <time>2026-08-01T14:58:03.000Z</time>
      </trkpt>
      <trkpt lat="40.06965773332948" lon="116.3310557434421">
        <ele>50.5</ele>
        <time>2026-08-01T14:58:04.000Z</time>
      </trkpt>
      <trkpt lat="40.06965751441295" lon="116.33112107062668">
        <ele>50.5</ele>
        <time>2026-08-01T14:58:05.000Z</time>
      </trkpt>
      <trkpt lat="40.06965720832798" lon="116.33118623357866">
        <ele>50.5</ele>
        <time>2026-08-01T14:58:06.000Z</time>
      </trkpt>
      <trkpt lat="40.069656775914176" lon="116.33125122317446">
        <ele>50.5</ele>
        <time>2026-08-01T14:58:07.000Z</time>
      </trkpt>
      <trkpt lat="40.06965627283024" lon="116.33131614066014">
        <ele>50.5</ele>
        <time>2026-08-01T14:58:08.000Z</time>
      </trkpt>
      <trkpt lat="40.06965583431682" lon="116.33138111793737">
        <ele>50.5</ele>
        <time>2026-08-01T14:58:09.000Z</time>
      </trkpt>
      <trkpt lat="40.06965550491721" lon="116.33144605412134">
        <ele>50.6</ele>
        <time>2026-08-01T14:58:10.000Z</time>
      </trkpt>
      <trkpt lat="40.069655434426494" lon="116.33151109379162">
        <ele>50.6</ele>
        <time>2026-08-01T14:58:11.000Z</time>
      </trkpt>
      <trkpt lat="40.069655798994276" lon="116.33157643427957">
        <ele>50.6</ele>
        <time>2026-08-01T14:58:12.000Z</time>
      </trkpt>
      <trkpt lat="40.06965664446446" lon="116.33164237004628">
        <ele>50.6</ele>
        <time>2026-08-01T14:58:13.000Z</time>
      </trkpt>
      <trkpt lat="40.069657806098554" lon="116.33170913349237">
        <ele>50.6</ele>
        <time>2026-08-01T14:58:14.000Z</time>
      </trkpt>
      <trkpt lat="40.06965897805133" lon="116.33177655936224">
        <ele>50.6</ele>
        <time>2026-08-01T14:58:15.000Z</time>
      </trkpt>
      <trkpt lat="40.06965993277404" lon="116.33184435903615">
        <ele>50.6</ele>
        <time>2026-08-01T14:58:16.000Z</time>
      </trkpt>
      <trkpt lat="40.069660549267084" lon="116.3319123645036">
        <ele>50.6</ele>
        <time>2026-08-01T14:58:17.000Z</time>
      </trkpt>
      <trkpt lat="40.06966075548826" lon="116.33198050990205">
        <ele>50.6</ele>
        <time>2026-08-01T14:58:18.000Z</time>
      </trkpt>
      <trkpt lat="40.0696605313502" lon="116.3320485562547">
        <ele>50.6</ele>
        <time>2026-08-01T14:58:19.000Z</time>
      </trkpt>
      <trkpt lat="40.069659811611345" lon="116.33211635450589">
        <ele>50.6</ele>
        <time>2026-08-01T14:58:20.000Z</time>
      </trkpt>
      <trkpt lat="40.069658550182695" lon="116.33218423144736">
        <ele>50.6</ele>
        <time>2026-08-01T14:58:21.000Z</time>
      </trkpt>
      <trkpt lat="40.06965697389512" lon="116.33225230463057">
        <ele>50.6</ele>
        <time>2026-08-01T14:58:22.000Z</time>
      </trkpt>
      <trkpt lat="40.06965541767169" lon="116.3323203456517">
        <ele>50.6</ele>
        <time>2026-08-01T14:58:23.000Z</time>
      </trkpt>
      <trkpt lat="40.06965414868199" lon="116.33238862722835">
        <ele>50.6</ele>
        <time>2026-08-01T14:58:24.000Z</time>
      </trkpt>
      <trkpt lat="40.069653295960556" lon="116.33245740628618">
        <ele>50.6</ele>
        <time>2026-08-01T14:58:25.000Z</time>
      </trkpt>
      <trkpt lat="40.06965255506635" lon="116.33252659100732">
        <ele>50.6</ele>
        <time>2026-08-01T14:58:26.000Z</time>
      </trkpt>
      <trkpt lat="40.06965161380076" lon="116.33259630008838">
        <ele>50.6</ele>
        <time>2026-08-01T14:58:27.000Z</time>
      </trkpt>
      <trkpt lat="40.06965056214112" lon="116.3326665998683">
        <ele>50.7</ele>
        <time>2026-08-01T14:58:28.000Z</time>
      </trkpt>
      <trkpt lat="40.069649643039945" lon="116.33273732779827">
        <ele>50.7</ele>
        <time>2026-08-01T14:58:29.000Z</time>
      </trkpt>
      <trkpt lat="40.069648781234996" lon="116.33280844791494">
        <ele>50.7</ele>
        <time>2026-08-01T14:58:30.000Z</time>
      </trkpt>
      <trkpt lat="40.069647706920435" lon="116.33287988423423">
        <ele>50.7</ele>
        <time>2026-08-01T14:58:31.000Z</time>
      </trkpt>
      <trkpt lat="40.06964642658258" lon="116.33295154364185">
        <ele>50.7</ele>
        <time>2026-08-01T14:58:32.000Z</time>
      </trkpt>
      <trkpt lat="40.069645050951245" lon="116.33302337072602">
        <ele>50.7</ele>
        <time>2026-08-01T14:58:33.000Z</time>
      </trkpt>
      <trkpt lat="40.06964363891982" lon="116.33309529798845">
        <ele>50.6</ele>
        <time>2026-08-01T14:58:34.000Z</time>
      </trkpt>
      <trkpt lat="40.069642282790674" lon="116.33316729267108">
        <ele>50.6</ele>
        <time>2026-08-01T14:58:35.000Z</time>
      </trkpt>
      <trkpt lat="40.06964114029429" lon="116.33323944560594">
        <ele>50.6</ele>
        <time>2026-08-01T14:58:36.000Z</time>
      </trkpt>
      <trkpt lat="40.069640275014066" lon="116.33331183960023">
        <ele>50.6</ele>
        <time>2026-08-01T14:58:37.000Z</time>
      </trkpt>
      <trkpt lat="40.06963958714696" lon="116.33338454132266">
        <ele>50.6</ele>
        <time>2026-08-01T14:58:38.000Z</time>
      </trkpt>
      <trkpt lat="40.06963887876913" lon="116.33345769126376">
        <ele>50.6</ele>
        <time>2026-08-01T14:58:39.000Z</time>
      </trkpt>
      <trkpt lat="40.06963801338694" lon="116.33353134299975">
        <ele>50.6</ele>
        <time>2026-08-01T14:58:40.000Z</time>
      </trkpt>
      <trkpt lat="40.069636979004" lon="116.33360549781578">
        <ele>50.6</ele>
        <time>2026-08-01T14:58:41.000Z</time>
      </trkpt>
      <trkpt lat="40.06963588901183" lon="116.33368011274452">
        <ele>50.5</ele>
        <time>2026-08-01T14:58:42.000Z</time>
      </trkpt>
      <trkpt lat="40.0696349149461" lon="116.33375510653643">
        <ele>50.5</ele>
        <time>2026-08-01T14:58:43.000Z</time>
      </trkpt>
      <trkpt lat="40.06963630724721" lon="116.33383248605337">
        <ele>50.5</ele>
        <time>2026-08-01T14:58:44.000Z</time>
      </trkpt>
      <trkpt lat="40.06963668520002" lon="116.33391267978226">
        <ele>50.5</ele>
        <time>2026-08-01T14:58:45.000Z</time>
      </trkpt>
      <trkpt lat="40.069633303557445" lon="116.3339943617797">
        <ele>50.4</ele>
        <time>2026-08-01T14:58:46.000Z</time>
      </trkpt>
      <trkpt lat="40.069629211791245" lon="116.33407791955725">
        <ele>50.4</ele>
        <time>2026-08-01T14:58:47.000Z</time>
      </trkpt>
      <trkpt lat="40.06962552258784" lon="116.33416351550103">
        <ele>50.3</ele>
        <time>2026-08-01T14:58:48.000Z</time>
      </trkpt>
      <trkpt lat="40.06962138499231" lon="116.33425027173517">
        <ele>50.3</ele>
        <time>2026-08-01T14:58:49.000Z</time>
      </trkpt>
      <trkpt lat="40.06961485360182" lon="116.33433744591078">
        <ele>50.2</ele>
        <time>2026-08-01T14:58:50.000Z</time>
      </trkpt>
      <trkpt lat="40.0696062355559" lon="116.33442560152498">
        <ele>50.1</ele>
        <time>2026-08-01T14:58:51.000Z</time>
      </trkpt>
      <trkpt lat="40.06959629267989" lon="116.33451535898257">
        <ele>50.1</ele>
        <time>2026-08-01T14:58:52.000Z</time>
      </trkpt>
      <trkpt lat="40.06958612641489" lon="116.33460643391642">
        <ele>50.0</ele>
        <time>2026-08-01T14:58:53.000Z</time>
      </trkpt>
      <trkpt lat="40.06957594562149" lon="116.33469792522747">
        <ele>49.9</ele>
        <time>2026-08-01T14:58:54.000Z</time>
      </trkpt>
      <trkpt lat="40.06956566907859" lon="116.33479020943527">
        <ele>49.8</ele>
        <time>2026-08-01T14:58:55.000Z</time>
      </trkpt>
      <trkpt lat="40.06955615105725" lon="116.33488367557288">
        <ele>49.7</ele>
        <time>2026-08-01T14:58:56.000Z</time>
      </trkpt>
      <trkpt lat="40.069546943578985" lon="116.33497829585255">
        <ele>49.6</ele>
        <time>2026-08-01T14:58:57.000Z</time>
      </trkpt>
      <trkpt lat="40.069539167247925" lon="116.33507355304981">
        <ele>49.5</ele>
        <time>2026-08-01T14:58:58.000Z</time>
      </trkpt>
      <trkpt lat="40.06953524398814" lon="116.33516979501783">
        <ele>49.3</ele>
        <time>2026-08-01T14:58:59.000Z</time>
      </trkpt>
      <trkpt lat="40.069535224529496" lon="116.33526819282154">
        <ele>49.2</ele>
        <time>2026-08-01T14:59:00.000Z</time>
      </trkpt>
      <trkpt lat="40.069536093447475" lon="116.33536759801585">
        <ele>49.1</ele>
        <time>2026-08-01T14:59:01.000Z</time>
      </trkpt>
      <trkpt lat="40.06953626471312" lon="116.3354676926982">
        <ele>49.0</ele>
        <time>2026-08-01T14:59:02.000Z</time>
      </trkpt>
      <trkpt lat="40.069536128553395" lon="116.33556859828396">
        <ele>48.8</ele>
        <time>2026-08-01T14:59:03.000Z</time>
      </trkpt>
      <trkpt lat="40.06953492113804" lon="116.3356697295842">
        <ele>48.7</ele>
        <time>2026-08-01T14:59:04.000Z</time>
      </trkpt>
      <trkpt lat="40.06953178187276" lon="116.3357717182391">
        <ele>48.6</ele>
        <time>2026-08-01T14:59:05.000Z</time>
      </trkpt>
      <trkpt lat="40.06952798112899" lon="116.335876057577">
        <ele>48.4</ele>
        <time>2026-08-01T14:59:06.000Z</time>
      </trkpt>
      <trkpt lat="40.0695258990771" lon="116.33598227217455">
        <ele>48.3</ele>
        <time>2026-08-01T14:59:07.000Z</time>
      </trkpt>
      <trkpt lat="40.06952478220671" lon="116.3360884742809">
        <ele>48.2</ele>
        <time>2026-08-01T14:59:08.000Z</time>
      </trkpt>
      <trkpt lat="40.06952323137287" lon="116.33619575743121">
        <ele>48.0</ele>
        <time>2026-08-01T14:59:09.000Z</time>
      </trkpt>
      <trkpt lat="40.06952219471562" lon="116.33630449550496">
        <ele>47.9</ele>
        <time>2026-08-01T14:59:10.000Z</time>
      </trkpt>
      <trkpt lat="40.06952179016954" lon="116.33641400184183">
        <ele>47.8</ele>
        <time>2026-08-01T14:59:11.000Z</time>
      </trkpt>
      <trkpt lat="40.06952051192974" lon="116.33652424997398">
        <ele>47.7</ele>
        <time>2026-08-01T14:59:12.000Z</time>
      </trkpt>
      <trkpt lat="40.06951958479659" lon="116.33663500790607">
        <ele>47.5</ele>
        <time>2026-08-01T14:59:13.000Z</time>
      </trkpt>
      <trkpt lat="40.06952046414773" lon="116.33674551341969">
        <ele>47.4</ele>
        <time>2026-08-01T14:59:14.000Z</time>
      </trkpt>
      <trkpt lat="40.069522589655165" lon="116.33685375260691">
        <ele>47.3</ele>
        <time>2026-08-01T14:59:15.000Z</time>
      </trkpt>
      <trkpt lat="40.069524294448385" lon="116.3369602769152">
        <ele>47.2</ele>
        <time>2026-08-01T14:59:16.000Z</time>
      </trkpt>
      <trkpt lat="40.069524604766436" lon="116.33706472676158">
        <ele>47.0</ele>
        <time>2026-08-01T14:59:17.000Z</time>
      </trkpt>
      <trkpt lat="40.06952416745694" lon="116.33716626697266">
        <ele>46.9</ele>
        <time>2026-08-01T14:59:18.000Z</time>
      </trkpt>
      <trkpt lat="40.06952296301579" lon="116.33726543423079">
        <ele>46.7</ele>
        <time>2026-08-01T14:59:19.000Z</time>
      </trkpt>
      <trkpt lat="40.069521711577984" lon="116.3373622496631">
        <ele>46.6</ele>
        <time>2026-08-01T14:59:20.000Z</time>
      </trkpt>
      <trkpt lat="40.06952045616517" lon="116.33745662116155">
        <ele>46.4</ele>
        <time>2026-08-01T14:59:21.000Z</time>
      </trkpt>
      <trkpt lat="40.069519022262334" lon="116.33754820513563">
        <ele>46.3</ele>
        <time>2026-08-01T14:59:22.000Z</time>
      </trkpt>
      <trkpt lat="40.06951768791424" lon="116.3376372052642">
        <ele>46.1</ele>
        <time>2026-08-01T14:59:23.000Z</time>
      </trkpt>
      <trkpt lat="40.06951608865412" lon="116.33772387894585">
        <ele>46.0</ele>
        <time>2026-08-01T14:59:24.000Z</time>
      </trkpt>
      <trkpt lat="40.06951446937532" lon="116.33780829490453">
        <ele>45.8</ele>
        <time>2026-08-01T14:59:25.000Z</time>
      </trkpt>
      <trkpt lat="40.06951163634945" lon="116.33788989975604">
        <ele>45.7</ele>
        <time>2026-08-01T14:59:26.000Z</time>
      </trkpt>
      <trkpt lat="40.06950785180244" lon="116.33796689310903">
        <ele>45.6</ele>
        <time>2026-08-01T14:59:27.000Z</time>
      </trkpt>
      <trkpt lat="40.069504492447365" lon="116.3380404548267">
        <ele>45.4</ele>
        <time>2026-08-01T14:59:28.000Z</time>
      </trkpt>
      <trkpt lat="40.06950144315479" lon="116.33811299742435">
        <ele>45.3</ele>
        <time>2026-08-01T14:59:29.000Z</time>
      </trkpt>
      <trkpt lat="40.069498985242" lon="116.33818412204226">
        <ele>45.2</ele>
        <time>2026-08-01T14:59:30.000Z</time>
      </trkpt>
      <trkpt lat="40.069497346792105" lon="116.33825369796118">
        <ele>45.1</ele>
        <time>2026-08-01T14:59:31.000Z</time>
      </trkpt>
      <trkpt lat="40.06949651091108" lon="116.33832162887295">
        <ele>45.0</ele>
        <time>2026-08-01T14:59:32.000Z</time>
      </trkpt>
      <trkpt lat="40.06949627445696" lon="116.33838773558027">
        <ele>44.9</ele>
        <time>2026-08-01T14:59:33.000Z</time>
      </trkpt>
      <trkpt lat="40.06949652142015" lon="116.33845186798256">
        <ele>44.8</ele>
        <time>2026-08-01T14:59:34.000Z</time>
      </trkpt>
      <trkpt lat="40.06949743181329" lon="116.3385139260049">
        <ele>44.8</ele>
        <time>2026-08-01T14:59:35.000Z</time>
      </trkpt>
      <trkpt lat="40.069499542553814" lon="116.33857361260361">
        <ele>44.7</ele>
        <time>2026-08-01T14:59:36.000Z</time>
      </trkpt>
      <trkpt lat="40.06950379083491" lon="116.33863026716332">
        <ele>44.6</ele>
        <time>2026-08-01T14:59:37.000Z</time>
      </trkpt>
      <trkpt lat="40.0695113052866" lon="116.33868292671592">
        <ele>44.6</ele>
        <time>2026-08-01T14:59:38.000Z</time>
      </trkpt>
      <trkpt lat="40.06952315349181" lon="116.33873028881246">
        <ele>44.5</ele>
        <time>2026-08-01T14:59:39.000Z</time>
      </trkpt>
      <trkpt lat="40.06953993420844" lon="116.3387701963385">
        <ele>44.5</ele>
        <time>2026-08-01T14:59:40.000Z</time>
      </trkpt>
      <trkpt lat="40.06956059770979" lon="116.33880057715434">
        <ele>44.4</ele>
        <time>2026-08-01T14:59:41.000Z</time>
      </trkpt>
      <trkpt lat="40.069582270017584" lon="116.33882145269526">
        <ele>44.4</ele>
        <time>2026-08-01T14:59:42.000Z</time>
      </trkpt>
      <trkpt lat="40.06960226844052" lon="116.33883499738766">
        <ele>44.3</ele>
        <time>2026-08-01T14:59:43.000Z</time>
      </trkpt>
      <trkpt lat="40.06961955922876" lon="116.33884420450237">
        <ele>44.2</ele>
        <time>2026-08-01T14:59:44.000Z</time>
      </trkpt>
      <trkpt lat="40.06963371593496" lon="116.33885183337514">
        <ele>44.2</ele>
        <time>2026-08-01T14:59:45.000Z</time>
      </trkpt>
      <trkpt lat="40.06964435109736" lon="116.33885959078317">
        <ele>44.1</ele>
        <time>2026-08-01T14:59:46.000Z</time>
      </trkpt>
      <trkpt lat="40.069651887852075" lon="116.3388675966497">
        <ele>44.1</ele>
        <time>2026-08-01T14:59:47.000Z</time>
      </trkpt>
      <trkpt lat="40.06965708892153" lon="116.33887460960085">
        <ele>44.0</ele>
        <time>2026-08-01T14:59:48.000Z</time>
      </trkpt>
      <trkpt lat="40.06966045528241" lon="116.33887916085231">
        <ele>44.0</ele>
        <time>2026-08-01T14:59:49.000Z</time>
      </trkpt>
      <trkpt lat="40.06966243687601" lon="116.33888104276522">
        <ele>44.0</ele>
        <time>2026-08-01T14:59:50.000Z</time>
      </trkpt>
      <trkpt lat="40.06966346384611" lon="116.33888106125819">
        <ele>44.0</ele>
        <time>2026-08-01T14:59:51.000Z</time>
      </trkpt>
      <trkpt lat="40.06966385852964" lon="116.33887991126467">
        <ele>43.9</ele>
        <time>2026-08-01T14:59:52.000Z</time>
      </trkpt>
      <trkpt lat="40.06966384019681" lon="116.33887805407343">
        <ele>43.9</ele>
        <time>2026-08-01T14:59:53.000Z</time>
      </trkpt>
      <trkpt lat="40.06966357622533" lon="116.33887583535899">
        <ele>43.9</ele>
        <time>2026-08-01T14:59:54.000Z</time>
      </trkpt>
      <trkpt lat="40.069663183445876" lon="116.33887348918228">
        <ele>43.9</ele>
        <time>2026-08-01T14:59:55.000Z</time>
      </trkpt>
      <trkpt lat="40.06966274055192" lon="116.33887116374045">
        <ele>43.9</ele>
        <time>2026-08-01T14:59:56.000Z</time>
      </trkpt>
      <trkpt lat="40.06966230263964" lon="116.33886895847142">
        <ele>43.9</ele>
        <time>2026-08-01T14:59:57.000Z</time>
      </trkpt>
      <trkpt lat="40.0696619071553" lon="116.33886693285056">
        <ele>43.9</ele>
        <time>2026-08-01T14:59:58.000Z</time>
      </trkpt>
      <trkpt lat="40.06966158172031" lon="116.33886512427542">
        <ele>43.9</ele>
        <time>2026-08-01T14:59:59.000Z</time>
      </trkpt>
      <trkpt lat="40.06966135528069" lon="116.33886359232805">
        <ele>43.9</ele>
        <time>2026-08-01T15:00:00.000Z</time>
      </trkpt>
      <trkpt lat="40.069661258597755" lon="116.3388623973427">
        <ele>43.9</ele>
        <time>2026-08-01T15:00:01.000Z</time>
      </trkpt>
      <trkpt lat="40.06966127822684" lon="116.33886149310149">
        <ele>43.8</ele>
        <time>2026-08-01T15:00:02.000Z</time>
      </trkpt>
      <trkpt lat="40.06966136582262" lon="116.33886077244316">
        <ele>43.8</ele>
        <time>2026-08-01T15:00:03.000Z</time>
      </trkpt>
      <trkpt lat="40.06966153095405" lon="116.33886028624448">
        <ele>43.8</ele>
        <time>2026-08-01T15:00:04.000Z</time>
      </trkpt>
      <trkpt lat="40.069661767638905" lon="116.33886003598414">
        <ele>43.8</ele>
        <time>2026-08-01T15:00:05.000Z</time>
      </trkpt>
      <trkpt lat="40.06966205215966" lon="116.33885995925586">
        <ele>43.8</ele>
        <time>2026-08-01T15:00:06.000Z</time>
      </trkpt>
      <trkpt lat="40.06966244132916" lon="116.33886016156092">
        <ele>43.8</ele>
        <time>2026-08-01T15:00:07.000Z</time>
      </trkpt>
      <trkpt lat="40.06966297568331" lon="116.33886070543656">
        <ele>43.8</ele>
        <time>2026-08-01T15:00:08.000Z</time>
      </trkpt>
      <trkpt lat="40.069663642566745" lon="116.33886152460762">
        <ele>43.8</ele>
        <time>2026-08-01T15:00:09.000Z</time>
      </trkpt>
      <trkpt lat="40.069664320375644" lon="116.33886237387262">
        <ele>43.8</ele>
        <time>2026-08-01T15:00:10.000Z</time>
      </trkpt>
      <trkpt lat="40.06966489674389" lon="116.33886304445166">
        <ele>43.8</ele>
        <time>2026-08-01T15:00:11.000Z</time>
      </trkpt>
      <trkpt lat="40.06966533111241" lon="116.3388634635074">
        <ele>43.8</ele>
        <time>2026-08-01T15:00:12.000Z</time>
      </trkpt>
      <trkpt lat="40.069665585282515" lon="116.33886358385037">
        <ele>43.8</ele>
        <time>2026-08-01T15:00:13.000Z</time>
      </trkpt>
      <trkpt lat="40.06966564844848" lon="116.33886342286836">
        <ele>43.8</ele>
        <time>2026-08-01T15:00:14.000Z</time>
      </trkpt>
      <trkpt lat="40.06966553817968" lon="116.33886305510815">
        <ele>43.8</ele>
        <time>2026-08-01T15:00:15.000Z</time>
      </trkpt>
      <trkpt lat="40.06966527757933" lon="116.33886255606335">
        <ele>43.8</ele>
        <time>2026-08-01T15:00:16.000Z</time>
      </trkpt>
      <trkpt lat="40.06966487424554" lon="116.3388619615349">
        <ele>43.8</ele>
        <time>2026-08-01T15:00:17.000Z</time>
      </trkpt>
      <trkpt lat="40.069664355985765" lon="116.33886134451879">
        <ele>43.8</ele>
        <time>2026-08-01T15:00:18.000Z</time>
      </trkpt>
      <trkpt lat="40.069663742907316" lon="116.33886076639588">
        <ele>43.8</ele>
        <time>2026-08-01T15:00:19.000Z</time>
      </trkpt>
      <trkpt lat="40.069663059471566" lon="116.33886027388185">
        <ele>43.8</ele>
        <time>2026-08-01T15:00:20.000Z</time>
      </trkpt>
      <trkpt lat="40.06966232314191" lon="116.33885992417754">
        <ele>43.8</ele>
        <time>2026-08-01T15:00:21.000Z</time>
      </trkpt>
      <trkpt lat="40.06966155311226" lon="116.33885977378083">
        <ele>43.8</ele>
        <time>2026-08-01T15:00:22.000Z</time>
      </trkpt>
      <trkpt lat="40.06966078893475" lon="116.33885989975379">
        <ele>43.8</ele>
        <time>2026-08-01T15:00:23.000Z</time>
      </trkpt>
      <trkpt lat="40.06966005606323" lon="116.33886033936629">
        <ele>43.8</ele>
        <time>2026-08-01T15:00:24.000Z</time>
      </trkpt>
      <trkpt lat="40.069659363820094" lon="116.33886102069998">
        <ele>43.8</ele>
        <time>2026-08-01T15:00:25.000Z</time>
      </trkpt>
      <trkpt lat="40.06965870458939" lon="116.33886183880037">
        <ele>43.8</ele>
        <time>2026-08-01T15:00:26.000Z</time>
      </trkpt>
      <trkpt lat="40.06965808360562" lon="116.33886275087376">
        <ele>43.9</ele>
        <time>2026-08-01T15:00:27.000Z</time>
      </trkpt>
      <trkpt lat="40.06965747174103" lon="116.33886361899756">
        <ele>43.9</ele>
        <time>2026-08-01T15:00:28.000Z</time>
      </trkpt>
      <trkpt lat="40.069656812052266" lon="116.33886422054361">
        <ele>43.9</ele>
        <time>2026-08-01T15:00:29.000Z</time>
      </trkpt>
      <trkpt lat="40.069656120894294" lon="116.33886456194892">
        <ele>43.9</ele>
        <time>2026-08-01T15:00:30.000Z</time>
      </trkpt>
      <trkpt lat="40.069655405895666" lon="116.33886468150331">
        <ele>43.9</ele>
        <time>2026-08-01T15:00:31.000Z</time>
      </trkpt>
      <trkpt lat="40.06965465569963" lon="116.33886458720296">
        <ele>43.9</ele>
        <time>2026-08-01T15:00:32.000Z</time>
      </trkpt>
      <trkpt lat="40.06965392243591" lon="116.33886437676479">
        <ele>43.9</ele>
        <time>2026-08-01T15:00:33.000Z</time>
      </trkpt>
      <trkpt lat="40.06965323275789" lon="116.33886411663497">
        <ele>43.9</ele>
        <time>2026-08-01T15:00:34.000Z</time>
      </trkpt>
      <trkpt lat="40.06965261510486" lon="116.33886388109448">
        <ele>43.9</ele>
        <time>2026-08-01T15:00:35.000Z</time>
      </trkpt>
      <trkpt lat="40.069652101892636" lon="116.33886374757755">
        <ele>43.9</ele>
        <time>2026-08-01T15:00:36.000Z</time>
      </trkpt>
      <trkpt lat="40.069651703379236" lon="116.33886373755966">
        <ele>43.9</ele>
        <time>2026-08-01T15:00:37.000Z</time>
      </trkpt>
      <trkpt lat="40.069651402255055" lon="116.33886380265905">
        <ele>43.9</ele>
        <time>2026-08-01T15:00:38.000Z</time>
      </trkpt>
      <trkpt lat="40.06965116385266" lon="116.33886392208906">
        <ele>43.9</ele>
        <time>2026-08-01T15:00:39.000Z</time>
      </trkpt>
      <trkpt lat="40.069650934352346" lon="116.33886402017207">
        <ele>43.9</ele>
        <time>2026-08-01T15:00:40.000Z</time>
      </trkpt>
      <trkpt lat="40.06965070647191" lon="116.33886408631913">
        <ele>43.9</ele>
        <time>2026-08-01T15:00:41.000Z</time>
      </trkpt>
      <trkpt lat="40.0696505288262" lon="116.33886428217252">
        <ele>43.9</ele>
        <time>2026-08-01T15:00:42.000Z</time>
      </trkpt>
      <trkpt lat="40.06965043912275" lon="116.33886478739961">
        <ele>43.9</ele>
        <time>2026-08-01T15:00:43.000Z</time>
      </trkpt>
      <trkpt lat="40.06965048949526" lon="116.33886588799622">
        <ele>43.9</ele>
        <time>2026-08-01T15:00:44.000Z</time>
      </trkpt>
      <trkpt lat="40.0696505812771" lon="116.33886743113084">
        <ele>43.9</ele>
        <time>2026-08-01T15:00:45.000Z</time>
      </trkpt>
      <trkpt lat="40.069650590889594" lon="116.33886883594073">
        <ele>43.9</ele>
        <time>2026-08-01T15:00:46.000Z</time>
      </trkpt>
      <trkpt lat="40.06965052678524" lon="116.3388697797529">
        <ele>43.9</ele>
        <time>2026-08-01T15:00:47.000Z</time>
      </trkpt>
      <trkpt lat="40.06965041309601" lon="116.33887024896369">
        <ele>43.9</ele>
        <time>2026-08-01T15:00:48.000Z</time>
        <extensions>
          <gpxtpx:TrackPointExtension>
            <gpxtpx:hr>125</gpxtpx:hr>
          </gpxtpx:TrackPointExtension>
        </extensions>
      </trkpt>
      <trkpt lat="40.06965028526265" lon="116.33887042412967">
        <ele>43.9</ele>
        <time>2026-08-01T15:00:49.000Z</time>
        <extensions>
          <gpxtpx:TrackPointExtension>
            <gpxtpx:hr>125</gpxtpx:hr>
          </gpxtpx:TrackPointExtension>
        </extensions>
      </trkpt>
      <trkpt lat="40.069650161643885" lon="116.33887052244796">
        <ele>43.9</ele>
        <time>2026-08-01T15:00:50.000Z</time>
        <extensions>
          <gpxtpx:TrackPointExtension>
            <gpxtpx:hr>125</gpxtpx:hr>
          </gpxtpx:TrackPointExtension>
        </extensions>
      </trkpt>
      <trkpt lat="40.06965006175329" lon="116.33887069962265">
        <ele>43.9</ele>
        <time>2026-08-01T15:00:51.000Z</time>
        <extensions>
          <gpxtpx:TrackPointExtension>
            <gpxtpx:hr>125</gpxtpx:hr>
          </gpxtpx:TrackPointExtension>
        </extensions>
      </trkpt>
      <trkpt lat="40.06964997791155" lon="116.33887090587436">
        <ele>43.9</ele>
        <time>2026-08-01T15:00:52.000Z</time>
        <extensions>
          <gpxtpx:TrackPointExtension>
            <gpxtpx:hr>125</gpxtpx:hr>
          </gpxtpx:TrackPointExtension>
        </extensions>
      </trkpt>
      <trkpt lat="40.06964990437993" lon="116.33887109248361">
        <ele>43.9</ele>
        <time>2026-08-01T15:00:53.000Z</time>
        <extensions>
          <gpxtpx:TrackPointExtension>
            <gpxtpx:hr>125</gpxtpx:hr>
          </gpxtpx:TrackPointExtension>
        </extensions>
      </trkpt>
      <trkpt lat="40.069649854858596" lon="116.33887142175453">
        <ele>43.9</ele>
        <time>2026-08-01T15:00:54.000Z</time>
        <extensions>
          <gpxtpx:TrackPointExtension>
            <gpxtpx:hr>125</gpxtpx:hr>
          </gpxtpx:TrackPointExtension>
        </extensions>
      </trkpt>
      <trkpt lat="40.069649829794535" lon="116.33887183329996">
        <ele>43.9</ele>
        <time>2026-08-01T15:00:55.000Z</time>
        <extensions>
          <gpxtpx:TrackPointExtension>
            <gpxtpx:hr>125</gpxtpx:hr>
          </gpxtpx:TrackPointExtension>
        </extensions>
      </trkpt>
      <trkpt lat="40.06964981239549" lon="116.3388721596149">
        <ele>43.9</ele>
        <time>2026-08-01T15:00:56.000Z</time>
        <extensions>
          <gpxtpx:TrackPointExtension>
            <gpxtpx:hr>125</gpxtpx:hr>
          </gpxtpx:TrackPointExtension>
        </extensions>
      </trkpt>
      <trkpt lat="40.0696498052328" lon="116.33887252821302">
        <ele>43.9</ele>
        <time>2026-08-01T15:00:57.000Z</time>
        <extensions>
          <gpxtpx:TrackPointExtension>
            <gpxtpx:hr>125</gpxtpx:hr>
          </gpxtpx:TrackPointExtension>
        </extensions>
      </trkpt>
      <trkpt lat="40.06964981655162" lon="116.33887320768558">
        <ele>43.9</ele>
        <time>2026-08-01T15:00:58.000Z</time>
        <extensions>
          <gpxtpx:TrackPointExtension>
            <gpxtpx:hr>125</gpxtpx:hr>
          </gpxtpx:TrackPointExtension>
        </extensions>
      </trkpt>
      <trkpt lat="40.069649841922484" lon="116.33887418492601">
        <ele>43.9</ele>
        <time>2026-08-01T15:00:59.000Z</time>
        <extensions>
          <gpxtpx:TrackPointExtension>
            <gpxtpx:hr>125</gpxtpx:hr>
          </gpxtpx:TrackPointExtension>
        </extensions>
      </trkpt>
      <trkpt lat="40.06964988423462" lon="116.33887551921462">
        <ele>43.8</ele>
        <time>2026-08-01T15:01:00.000Z</time>
        <extensions>
          <gpxtpx:TrackPointExtension>
            <gpxtpx:hr>125</gpxtpx:hr>
          </gpxtpx:TrackPointExtension>
        </extensions>
      </trkpt>
      <trkpt lat="40.06964993419504" lon="116.33887706625003">
        <ele>43.8</ele>
        <time>2026-08-01T15:01:01.000Z</time>
        <extensions>
          <gpxtpx:TrackPointExtension>
            <gpxtpx:hr>125</gpxtpx:hr>
          </gpxtpx:TrackPointExtension>
        </extensions>
      </trkpt>
      <trkpt lat="40.06964997544168" lon="116.33887849050294">
        <ele>43.8</ele>
        <time>2026-08-01T15:01:02.000Z</time>
        <extensions>
          <gpxtpx:TrackPointExtension>
            <gpxtpx:hr>125</gpxtpx:hr>
          </gpxtpx:TrackPointExtension>
        </extensions>
      </trkpt>
      <trkpt lat="40.0696499917379" lon="116.3388795450349">
        <ele>43.8</ele>
        <time>2026-08-01T15:01:03.000Z</time>
        <extensions>
          <gpxtpx:TrackPointExtension>
            <gpxtpx:hr>125</gpxtpx:hr>
          </gpxtpx:TrackPointExtension>
        </extensions>
      </trkpt>
      <trkpt lat="40.06964998545615" lon="116.338880129768">
        <ele>43.8</ele>
        <time>2026-08-01T15:01:04.000Z</time>
        <extensions>
          <gpxtpx:TrackPointExtension>
            <gpxtpx:hr>125</gpxtpx:hr>
          </gpxtpx:TrackPointExtension>
        </extensions>
      </trkpt>
      <trkpt lat="40.069649988522556" lon="116.33888067966674">
        <ele>43.8</ele>
        <time>2026-08-01T15:01:05.000Z</time>
        <extensions>
          <gpxtpx:TrackPointExtension>
            <gpxtpx:hr>125</gpxtpx:hr>
          </gpxtpx:TrackPointExtension>
        </extensions>
      </trkpt>
      <trkpt lat="40.06965003042313" lon="116.33888137648314">
        <ele>43.8</ele>
        <time>2026-08-01T15:01:06.000Z</time>
        <extensions>
          <gpxtpx:TrackPointExtension>
            <gpxtpx:hr>125</gpxtpx:hr>
          </gpxtpx:TrackPointExtension>
        </extensions>
      </trkpt>
      <trkpt lat="40.0696501607065" lon="116.33888211357544">
        <ele>43.8</ele>
        <time>2026-08-01T15:01:07.000Z</time>
        <extensions>
          <gpxtpx:TrackPointExtension>
            <gpxtpx:hr>125</gpxtpx:hr>
          </gpxtpx:TrackPointExtension>
        </extensions>
      </trkpt>
      <trkpt lat="40.069650498393464" lon="116.33888268558754">
        <ele>43.8</ele>
        <time>2026-08-01T15:01:08.000Z</time>
        <extensions>
          <gpxtpx:TrackPointExtension>
            <gpxtpx:hr>125</gpxtpx:hr>
          </gpxtpx:TrackPointExtension>
        </extensions>
      </trkpt>
      <trkpt lat="40.06965127686423" lon="116.33888293344269">
        <ele>43.8</ele>
        <time>2026-08-01T15:01:09.000Z</time>
        <extensions>
          <gpxtpx:TrackPointExtension>
            <gpxtpx:hr>125</gpxtpx:hr>
          </gpxtpx:TrackPointExtension>
        </extensions>
      </trkpt>
      <trkpt lat="40.06965323749155" lon="116.33888305884597">
        <ele>43.8</ele>
        <time>2026-08-01T15:01:10.000Z</time>
        <extensions>
          <gpxtpx:TrackPointExtension>
            <gpxtpx:hr>125</gpxtpx:hr>
          </gpxtpx:TrackPointExtension>
        </extensions>
      </trkpt>
      <trkpt lat="40.06965594508485" lon="116.33888291506138">
        <ele>43.8</ele>
        <time>2026-08-01T15:01:11.000Z</time>
        <extensions>
          <gpxtpx:TrackPointExtension>
            <gpxtpx:hr>125</gpxtpx:hr>
          </gpxtpx:TrackPointExtension>
        </extensions>
      </trkpt>
      <trkpt lat="40.06965813147749" lon="116.33888233702747">
        <ele>43.8</ele>
        <time>2026-08-01T15:01:12.000Z</time>
        <extensions>
          <gpxtpx:TrackPointExtension>
            <gpxtpx:hr>125</gpxtpx:hr>
          </gpxtpx:TrackPointExtension>
        </extensions>
      </trkpt>
      <trkpt lat="40.069659586247475" lon="116.33888141742301">
        <ele>43.8</ele>
        <time>2026-08-01T15:01:13.000Z</time>
        <extensions>
          <gpxtpx:TrackPointExtension>
            <gpxtpx:hr>125</gpxtpx:hr>
          </gpxtpx:TrackPointExtension>
        </extensions>
      </trkpt>
      <trkpt lat="40.06966036753273" lon="116.33888005625329">
        <ele>43.8</ele>
        <time>2026-08-01T15:01:14.000Z</time>
        <extensions>
          <gpxtpx:TrackPointExtension>
            <gpxtpx:hr>125</gpxtpx:hr>
          </gpxtpx:TrackPointExtension>
        </extensions>
      </trkpt>
      <trkpt lat="40.06966045716948" lon="116.3388779322896">
        <ele>43.8</ele>
        <time>2026-08-01T15:01:15.000Z</time>
        <extensions>
          <gpxtpx:TrackPointExtension>
            <gpxtpx:hr>125</gpxtpx:hr>
          </gpxtpx:TrackPointExtension>
        </extensions>
      </trkpt>
      <trkpt lat="40.06965947512129" lon="116.33887449466278">
        <ele>43.8</ele>
        <time>2026-08-01T15:01:16.000Z</time>
        <extensions>
          <gpxtpx:TrackPointExtension>
            <gpxtpx:hr>125</gpxtpx:hr>
          </gpxtpx:TrackPointExtension>
        </extensions>
      </trkpt>
      <trkpt lat="40.06965761196331" lon="116.3388705815432">
        <ele>43.8</ele>
        <time>2026-08-01T15:01:17.000Z</time>
        <extensions>
          <gpxtpx:TrackPointExtension>
            <gpxtpx:hr>125</gpxtpx:hr>
          </gpxtpx:TrackPointExtension>
        </extensions>
      </trkpt>
      <trkpt lat="40.069655729045365" lon="116.3388674931286">
        <ele>43.8</ele>
        <time>2026-08-01T15:01:18.000Z</time>
      </trkpt>
      <trkpt lat="40.06965419723967" lon="116.3388652844839">
        <ele>43.8</ele>
        <time>2026-08-01T15:01:19.000Z</time>
      </trkpt>
      <trkpt lat="40.06965295999723" lon="116.33886371016759">
        <ele>43.8</ele>
        <time>2026-08-01T15:01:20.000Z</time>
      </trkpt>
      <trkpt lat="40.06965192247146" lon="116.33886254646595">
        <ele>43.8</ele>
        <time>2026-08-01T15:01:21.000Z</time>
      </trkpt>
      <trkpt lat="40.06965113282318" lon="116.33886178066786">
        <ele>43.8</ele>
        <time>2026-08-01T15:01:22.000Z</time>
      </trkpt>
      <trkpt lat="40.06965057187521" lon="116.33886133872835">
        <ele>43.8</ele>
        <time>2026-08-01T15:01:23.000Z</time>
      </trkpt>
      <trkpt lat="40.06965006686831" lon="116.33886101783273">
        <ele>43.8</ele>
        <time>2026-08-01T15:01:24.000Z</time>
      </trkpt>
      <trkpt lat="40.069649610176896" lon="116.33886080679511">
        <ele>43.9</ele>
        <time>2026-08-01T15:01:25.000Z</time>
      </trkpt>
      <trkpt lat="40.069649352154684" lon="116.33886085657211">
        <ele>43.9</ele>
        <time>2026-08-01T15:01:26.000Z</time>
      </trkpt>
      <trkpt lat="40.06964933069589" lon="116.33886119681416">
        <ele>43.9</ele>
        <time>2026-08-01T15:01:27.000Z</time>
      </trkpt>
      <trkpt lat="40.06964945949987" lon="116.3388617480449">
        <ele>43.9</ele>
        <time>2026-08-01T15:01:28.000Z</time>
      </trkpt>
      <trkpt lat="40.06964963936141" lon="116.33886240813268">
        <ele>44.0</ele>
        <time>2026-08-01T15:01:29.000Z</time>
      </trkpt>
      <trkpt lat="40.06964978111758" lon="116.33886306931818">
        <ele>44.0</ele>
        <time>2026-08-01T15:01:30.000Z</time>
      </trkpt>
      <trkpt lat="40.06964981699241" lon="116.33886364133505">
        <ele>44.0</ele>
        <time>2026-08-01T15:01:31.000Z</time>
      </trkpt>
      <trkpt lat="40.06964981074356" lon="116.33886415406369">
        <ele>44.0</ele>
        <time>2026-08-01T15:01:32.000Z</time>
      </trkpt>
      <trkpt lat="40.0696498439186" lon="116.338864655441">
        <ele>44.0</ele>
        <time>2026-08-01T15:01:33.000Z</time>
      </trkpt>
      <trkpt lat="40.06964990646469" lon="116.33886508469372">
        <ele>44.0</ele>
        <time>2026-08-01T15:01:34.000Z</time>
      </trkpt>
      <trkpt lat="40.069650061518175" lon="116.33886540891173">
        <ele>44.0</ele>
        <time>2026-08-01T15:01:35.000Z</time>
      </trkpt>
      <trkpt lat="40.069650352096325" lon="116.33886555897936">
        <ele>44.0</ele>
        <time>2026-08-01T15:01:36.000Z</time>
      </trkpt>
      <trkpt lat="40.06965076634749" lon="116.3388654264644">
        <ele>44.0</ele>
        <time>2026-08-01T15:01:37.000Z</time>
      </trkpt>
      <trkpt lat="40.069651318597884" lon="116.33886487621155">
        <ele>44.0</ele>
        <time>2026-08-01T15:01:38.000Z</time>
      </trkpt>
      <trkpt lat="40.06965184226109" lon="116.33886438219683">
        <ele>44.0</ele>
        <time>2026-08-01T15:01:39.000Z</time>
      </trkpt>
      <trkpt lat="40.06965220661899" lon="116.33886440330528">
        <ele>44.0</ele>
        <time>2026-08-01T15:01:40.000Z</time>
      </trkpt>
      <trkpt lat="40.06965247340365" lon="116.33886473942866">
        <ele>44.0</ele>
        <time>2026-08-01T15:01:41.000Z</time>
      </trkpt>
      <trkpt lat="40.06965268224125" lon="116.3388652537714">
        <ele>44.0</ele>
        <time>2026-08-01T15:01:42.000Z</time>
      </trkpt>
      <trkpt lat="40.069652861931814" lon="116.33886585776192">
        <ele>44.0</ele>
        <time>2026-08-01T15:01:43.000Z</time>
      </trkpt>
      <trkpt lat="40.0696530242462" lon="116.33886650151325">
        <ele>44.0</ele>
        <time>2026-08-01T15:01:44.000Z</time>
      </trkpt>
      <trkpt lat="40.06965317771601" lon="116.33886716025935">
        <ele>44.0</ele>
        <time>2026-08-01T15:01:45.000Z</time>
      </trkpt>
      <trkpt lat="40.069653330571114" lon="116.33886782002456">
        <ele>44.0</ele>
        <time>2026-08-01T15:01:46.000Z</time>
      </trkpt>
      <trkpt lat="40.06965349500371" lon="116.33886846881401">
        <ele>44.0</ele>
        <time>2026-08-01T15:01:47.000Z</time>
      </trkpt>
      <trkpt lat="40.069653691093315" lon="116.3388690629017">
        <ele>44.0</ele>
        <time>2026-08-01T15:01:48.000Z</time>
      </trkpt>
      <trkpt lat="40.06965396689507" lon="116.33886953020796">
        <ele>44.0</ele>
        <time>2026-08-01T15:01:49.000Z</time>
      </trkpt>
      <trkpt lat="40.06965442884688" lon="116.33886975965004">
        <ele>44.0</ele>
        <time>2026-08-01T15:01:50.000Z</time>
      </trkpt>
      <trkpt lat="40.069655318776654" lon="116.3388695725493">
        <ele>44.0</ele>
        <time>2026-08-01T15:01:51.000Z</time>
      </trkpt>
      <trkpt lat="40.06965719764063" lon="116.33886882041155">
        <ele>43.9</ele>
        <time>2026-08-01T15:01:52.000Z</time>
      </trkpt>
      <trkpt lat="40.069660026654226" lon="116.33886798775498">
        <ele>43.9</ele>
        <time>2026-08-01T15:01:53.000Z</time>
      </trkpt>
      <trkpt lat="40.069663265704776" lon="116.33886762827477">
        <ele>43.9</ele>
        <time>2026-08-01T15:01:54.000Z</time>
      </trkpt>
      <trkpt lat="40.069666127175985" lon="116.33886775623118">
        <ele>43.9</ele>
        <time>2026-08-01T15:01:55.000Z</time>
      </trkpt>
      <trkpt lat="40.06966810557463" lon="116.33886824311288">
        <ele>43.9</ele>
        <time>2026-08-01T15:01:56.000Z</time>
      </trkpt>
      <trkpt lat="40.069669451144996" lon="116.33886889204597">
        <ele>43.9</ele>
        <time>2026-08-01T15:01:57.000Z</time>
      </trkpt>
      <trkpt lat="40.069670307309806" lon="116.33886952949815">
        <ele>43.8</ele>
        <time>2026-08-01T15:01:58.000Z</time>
      </trkpt>
      <trkpt lat="40.069670858496536" lon="116.33886996053802">
        <ele>43.8</ele>
        <time>2026-08-01T15:01:59.000Z</time>
      </trkpt>
      <trkpt lat="40.069671335303596" lon="116.33886995696005">
        <ele>43.8</ele>
        <time>2026-08-01T15:02:00.000Z</time>
      </trkpt>
      <trkpt lat="40.06967194637209" lon="116.33886922229952">
        <ele>43.7</ele>
        <time>2026-08-01T15:02:01.000Z</time>
      </trkpt>
      <trkpt lat="40.06967258857546" lon="116.33886789222008">
        <ele>43.7</ele>
        <time>2026-08-01T15:02:02.000Z</time>
      </trkpt>
      <trkpt lat="40.06967295812714" lon="116.33886672787894">
        <ele>43.7</ele>
        <time>2026-08-01T15:02:03.000Z</time>
      </trkpt>
      <trkpt lat="40.06967301085214" lon="116.33886608420733">
        <ele>43.7</ele>
        <time>2026-08-01T15:02:04.000Z</time>
      </trkpt>
      <trkpt lat="40.069672836563925" lon="116.33886579730873">
        <ele>43.7</ele>
        <time>2026-08-01T15:02:05.000Z</time>
      </trkpt>
      <trkpt lat="40.069672493094856" lon="116.33886567880768">
        <ele>43.7</ele>
        <time>2026-08-01T15:02:06.000Z</time>
      </trkpt>
      <trkpt lat="40.06967198492218" lon="116.3388657186027">
        <ele>43.6</ele>
        <time>2026-08-01T15:02:07.000Z</time>
      </trkpt>
      <trkpt lat="40.06967131117922" lon="116.33886588715525">
        <ele>43.6</ele>
        <time>2026-08-01T15:02:08.000Z</time>
      </trkpt>
      <trkpt lat="40.06967051093326" lon="116.33886588438008">
        <ele>43.6</ele>
        <time>2026-08-01T15:02:09.000Z</time>
      </trkpt>
      <trkpt lat="40.06966960869348" lon="116.33886538106043">
        <ele>43.6</ele>
        <time>2026-08-01T15:02:10.000Z</time>
      </trkpt>
      <trkpt lat="40.0696685751482" lon="116.33886427884383">
        <ele>43.6</ele>
        <time>2026-08-01T15:02:11.000Z</time>
      </trkpt>
      <trkpt lat="40.069667398921425" lon="116.33886281463826">
        <ele>43.6</ele>
        <time>2026-08-01T15:02:12.000Z</time>
      </trkpt>
      <trkpt lat="40.06966616216174" lon="116.33886123479195">
        <ele>43.6</ele>
        <time>2026-08-01T15:02:13.000Z</time>
      </trkpt>
      <trkpt lat="40.06966491428312" lon="116.33885994332044">
        <ele>43.6</ele>
        <time>2026-08-01T15:02:14.000Z</time>
      </trkpt>
      <trkpt lat="40.069663613223554" lon="116.33885904582948">
        <ele>43.6</ele>
        <time>2026-08-01T15:02:15.000Z</time>
      </trkpt>
      <trkpt lat="40.06966217929219" lon="116.33885815227313">
        <ele>43.5</ele>
        <time>2026-08-01T15:02:16.000Z</time>
      </trkpt>
      <trkpt lat="40.06966052082662" lon="116.33885693506322">
        <ele>43.5</ele>
        <time>2026-08-01T15:02:17.000Z</time>
      </trkpt>
      <trkpt lat="40.06965846666835" lon="116.33885500573398">
        <ele>43.5</ele>
        <time>2026-08-01T15:02:18.000Z</time>
      </trkpt>
      <trkpt lat="40.06965598279616" lon="116.33885232681482">
        <ele>43.5</ele>
        <time>2026-08-01T15:02:19.000Z</time>
      </trkpt>
      <trkpt lat="40.069653483200916" lon="116.33884965543356">
        <ele>43.5</ele>
        <time>2026-08-01T15:02:20.000Z</time>
      </trkpt>
      <trkpt lat="40.06965142632497" lon="116.33884764763822">
        <ele>43.5</ele>
        <time>2026-08-01T15:02:21.000Z</time>
      </trkpt>
      <trkpt lat="40.069649867701564" lon="116.33884626657981">
        <ele>43.5</ele>
        <time>2026-08-01T15:02:22.000Z</time>
      </trkpt>
      <trkpt lat="40.06964871183934" lon="116.33884533927163">
        <ele>43.4</ele>
        <time>2026-08-01T15:02:23.000Z</time>
      </trkpt>
      <trkpt lat="40.06964787096949" lon="116.3388447472433">
        <ele>43.4</ele>
        <time>2026-08-01T15:02:24.000Z</time>
      </trkpt>
      <trkpt lat="40.069647227783975" lon="116.33884433248878">
        <ele>43.4</ele>
        <time>2026-08-01T15:02:25.000Z</time>
      </trkpt>
      <trkpt lat="40.06964673096083" lon="116.338844041153">
        <ele>43.4</ele>
        <time>2026-08-01T15:02:26.000Z</time>
      </trkpt>
      <trkpt lat="40.06964634899314" lon="116.33884384536299">
        <ele>43.4</ele>
        <time>2026-08-01T15:02:27.000Z</time>
      </trkpt>
      <trkpt lat="40.06964607420052" lon="116.33884373895106">
        <ele>43.4</ele>
        <time>2026-08-01T15:02:28.000Z</time>
      </trkpt>
      <trkpt lat="40.06964597438832" lon="116.33884381925773">
        <ele>43.4</ele>
        <time>2026-08-01T15:02:29.000Z</time>
      </trkpt>
      <trkpt lat="40.069646058689656" lon="116.33884407431252">
        <ele>43.4</ele>
        <time>2026-08-01T15:02:30.000Z</time>
      </trkpt>
      <trkpt lat="40.06964625405033" lon="116.33884436015441">
        <ele>43.4</ele>
        <time>2026-08-01T15:02:31.000Z</time>
      </trkpt>
      <trkpt lat="40.069646501228895" lon="116.33884454405472">
        <ele>43.4</ele>
        <time>2026-08-01T15:02:32.000Z</time>
      </trkpt>
      <trkpt lat="40.06964678007706" lon="116.33884455225513">
        <ele>43.4</ele>
        <time>2026-08-01T15:02:33.000Z</time>
      </trkpt>
      <trkpt lat="40.06964708119737" lon="116.33884433877539">
        <ele>43.4</ele>
        <time>2026-08-01T15:02:34.000Z</time>
      </trkpt>
      <trkpt lat="40.06964739103431" lon="116.33884386834681">
        <ele>43.4</ele>
        <time>2026-08-01T15:02:35.000Z</time>
      </trkpt>
      <trkpt lat="40.06964767775184" lon="116.33884309053545">
        <ele>43.4</ele>
        <time>2026-08-01T15:02:36.000Z</time>
      </trkpt>
      <trkpt lat="40.069647905320416" lon="116.33884195826627">
        <ele>43.4</ele>
        <time>2026-08-01T15:02:37.000Z</time>
      </trkpt>
      <trkpt lat="40.069648118628045" lon="116.33884057623695">
        <ele>43.4</ele>
        <time>2026-08-01T15:02:38.000Z</time>
      </trkpt>
      <trkpt lat="40.06964835157505" lon="116.3388390396334">
        <ele>43.4</ele>
        <time>2026-08-01T15:02:39.000Z</time>
      </trkpt>
      <trkpt lat="40.06964865172398" lon="116.33883747563577">
        <ele>43.4</ele>
        <time>2026-08-01T15:02:40.000Z</time>
      </trkpt>
      <trkpt lat="40.069649112539985" lon="116.33883608874139">
        <ele>43.4</ele>
        <time>2026-08-01T15:02:41.000Z</time>
      </trkpt>
      <trkpt lat="40.069649730520446" lon="116.3388349061549">
        <ele>43.4</ele>
        <time>2026-08-01T15:02:42.000Z</time>
      </trkpt>
      <trkpt lat="40.06965041523365" lon="116.33883379198194">
        <ele>43.4</ele>
        <time>2026-08-01T15:02:43.000Z</time>
      </trkpt>
      <trkpt lat="40.06965106949267" lon="116.3388325910223">
        <ele>43.4</ele>
        <time>2026-08-01T15:02:44.000Z</time>
      </trkpt>
      <trkpt lat="40.06965162165409" lon="116.33883108948537">
        <ele>43.4</ele>
        <time>2026-08-01T15:02:45.000Z</time>
      </trkpt>
      <trkpt lat="40.06965204670531" lon="116.33882911898037">
        <ele>43.4</ele>
        <time>2026-08-01T15:02:46.000Z</time>
      </trkpt>
      <trkpt lat="40.06965236095208" lon="116.33882662882604">
        <ele>43.4</ele>
        <time>2026-08-01T15:02:47.000Z</time>
      </trkpt>
      <trkpt lat="40.069652589150415" lon="116.33882353348072">
        <ele>43.3</ele>
        <time>2026-08-01T15:02:48.000Z</time>
      </trkpt>
      <trkpt lat="40.06965274071778" lon="116.33881967372906">
        <ele>43.3</ele>
        <time>2026-08-01T15:02:49.000Z</time>
      </trkpt>
      <trkpt lat="40.069652789365456" lon="116.33881474073367">
        <ele>43.3</ele>
        <time>2026-08-01T15:02:50.000Z</time>
      </trkpt>
      <trkpt lat="40.06965270738697" lon="116.33880833159978">
        <ele>43.3</ele>
        <time>2026-08-01T15:02:51.000Z</time>
      </trkpt>
      <trkpt lat="40.06965244474802" lon="116.33879990861126">
        <ele>43.3</ele>
        <time>2026-08-01T15:02:52.000Z</time>
      </trkpt>
      <trkpt lat="40.0696518909976" lon="116.338788683775">
        <ele>43.3</ele>
        <time>2026-08-01T15:02:53.000Z</time>
      </trkpt>
      <trkpt lat="40.069651024386104" lon="116.33877386475353">
        <ele>43.3</ele>
        <time>2026-08-01T15:02:54.000Z</time>
      </trkpt>
      <trkpt lat="40.06964988762509" lon="116.33875485558241">
        <ele>43.3</ele>
        <time>2026-08-01T15:02:55.000Z</time>
      </trkpt>
      <trkpt lat="40.069648671541074" lon="116.33873173264928">
        <ele>43.3</ele>
        <time>2026-08-01T15:02:56.000Z</time>
      </trkpt>
      <trkpt lat="40.06964756901332" lon="116.33870523703527">
        <ele>43.4</ele>
        <time>2026-08-01T15:02:57.000Z</time>
      </trkpt>
      <trkpt lat="40.069646282554196" lon="116.3386758057637">
        <ele>43.4</ele>
        <time>2026-08-01T15:02:58.000Z</time>
      </trkpt>
      <trkpt lat="40.06964410814383" lon="116.33864341096204">
        <ele>43.4</ele>
        <time>2026-08-01T15:02:59.000Z</time>
      </trkpt>
      <trkpt lat="40.06964013168314" lon="116.33860843917863">
        <ele>43.4</ele>
        <time>2026-08-01T15:03:00.000Z</time>
      </trkpt>
      <trkpt lat="40.06963321181928" lon="116.33857200560993">
        <ele>43.4</ele>
        <time>2026-08-01T15:03:01.000Z</time>
      </trkpt>
      <trkpt lat="40.06962242628605" lon="116.33853454994751">
        <ele>43.5</ele>
        <time>2026-08-01T15:03:02.000Z</time>
      </trkpt>
      <trkpt lat="40.06960806694785" lon="116.33849583550011">
        <ele>43.5</ele>
        <time>2026-08-01T15:03:03.000Z</time>
      </trkpt>
      <trkpt lat="40.069591551653176" lon="116.33845529624594">
        <ele>43.5</ele>
        <time>2026-08-01T15:03:04.000Z</time>
      </trkpt>
      <trkpt lat="40.06957422429538" lon="116.33841199340526">
        <ele>43.5</ele>
        <time>2026-08-01T15:03:05.000Z</time>
      </trkpt>
      <trkpt lat="40.06955790712081" lon="116.33836522878232">
        <ele>43.5</ele>
        <time>2026-08-01T15:03:06.000Z</time>
      </trkpt>
      <trkpt lat="40.06954448422454" lon="116.33831451959823">
        <ele>43.5</ele>
        <time>2026-08-01T15:03:07.000Z</time>
      </trkpt>
      <trkpt lat="40.069534719829974" lon="116.33825987915124">
        <ele>43.5</ele>
        <time>2026-08-01T15:03:08.000Z</time>
      </trkpt>
      <trkpt lat="40.06952852075474" lon="116.33820180700152">
        <ele>43.5</ele>
        <time>2026-08-01T15:03:09.000Z</time>
      </trkpt>
      <trkpt lat="40.06952512913323" lon="116.3381408696982">
        <ele>43.6</ele>
        <time>2026-08-01T15:03:10.000Z</time>
      </trkpt>
      <trkpt lat="40.06952366197193" lon="116.33807739427695">
        <ele>43.6</ele>
        <time>2026-08-01T15:03:11.000Z</time>
      </trkpt>
      <trkpt lat="40.06952344148476" lon="116.3380116977943">
        <ele>43.6</ele>
        <time>2026-08-01T15:03:12.000Z</time>
      </trkpt>
      <trkpt lat="40.06952402543921" lon="116.33794438094468">
        <ele>43.6</ele>
        <time>2026-08-01T15:03:13.000Z</time>
      </trkpt>
      <trkpt lat="40.06952514565715" lon="116.33787573224927">
        <ele>43.6</ele>
        <time>2026-08-01T15:03:14.000Z</time>
      </trkpt>
      <trkpt lat="40.069526575105776" lon="116.33780573815895">
        <ele>43.6</ele>
        <time>2026-08-01T15:03:15.000Z</time>
      </trkpt>
      <trkpt lat="40.06952800445344" lon="116.3377344614188">
        <ele>43.6</ele>
        <time>2026-08-01T15:03:16.000Z</time>
      </trkpt>
      <trkpt lat="40.06952903904956" lon="116.33766213697149">
        <ele>43.7</ele>
        <time>2026-08-01T15:03:17.000Z</time>
      </trkpt>
      <trkpt lat="40.069529328757945" lon="116.33758903140394">
        <ele>43.7</ele>
        <time>2026-08-01T15:03:18.000Z</time>
      </trkpt>
      <trkpt lat="40.06952924524453" lon="116.33751520533919">
        <ele>43.7</ele>
        <time>2026-08-01T15:03:19.000Z</time>
      </trkpt>
      <trkpt lat="40.06952922252569" lon="116.3374409201223">
        <ele>43.7</ele>
        <time>2026-08-01T15:03:20.000Z</time>
      </trkpt>
      <trkpt lat="40.06952923509983" lon="116.3373667365025">
        <ele>43.8</ele>
        <time>2026-08-01T15:03:21.000Z</time>
      </trkpt>
      <trkpt lat="40.069529319717574" lon="116.33729310787639">
        <ele>43.8</ele>
        <time>2026-08-01T15:03:22.000Z</time>
      </trkpt>
      <trkpt lat="40.069529516997704" lon="116.33722027857809">
        <ele>43.8</ele>
        <time>2026-08-01T15:03:23.000Z</time>
      </trkpt>
      <trkpt lat="40.06952995128477" lon="116.3371483167157">
        <ele>43.9</ele>
        <time>2026-08-01T15:03:24.000Z</time>
      </trkpt>
      <trkpt lat="40.069530796131374" lon="116.33707723086498">
        <ele>43.9</ele>
        <time>2026-08-01T15:03:25.000Z</time>
      </trkpt>
      <trkpt lat="40.06953220643531" lon="116.33700711953429">
        <ele>43.9</ele>
        <time>2026-08-01T15:03:26.000Z</time>
      </trkpt>
      <trkpt lat="40.069534152923914" lon="116.33693801563196">
        <ele>44.0</ele>
        <time>2026-08-01T15:03:27.000Z</time>
      </trkpt>
      <trkpt lat="40.06953640134904" lon="116.33686981347658">
        <ele>44.0</ele>
        <time>2026-08-01T15:03:28.000Z</time>
      </trkpt>
      <trkpt lat="40.069538654560944" lon="116.33680256073455">
        <ele>44.1</ele>
        <time>2026-08-01T15:03:29.000Z</time>
      </trkpt>
      <trkpt lat="40.06954073049733" lon="116.33673618262875">
        <ele>44.1</ele>
        <time>2026-08-01T15:03:30.000Z</time>
      </trkpt>
      <trkpt lat="40.06954255686197" lon="116.3366704042811">
        <ele>44.2</ele>
        <time>2026-08-01T15:03:31.000Z</time>
      </trkpt>
      <trkpt lat="40.06954409295744" lon="116.33660509110322">
        <ele>44.2</ele>
        <time>2026-08-01T15:03:32.000Z</time>
      </trkpt>
      <trkpt lat="40.06954543801193" lon="116.33654032441709">
        <ele>44.3</ele>
        <time>2026-08-01T15:03:33.000Z</time>
      </trkpt>
      <trkpt lat="40.0695466686226" lon="116.33647637308496">
        <ele>44.4</ele>
        <time>2026-08-01T15:03:34.000Z</time>
      </trkpt>
      <trkpt lat="40.069547807543856" lon="116.33641342958775">
        <ele>44.4</ele>
        <time>2026-08-01T15:03:34.999Z</time>
      </trkpt>
      <trkpt lat="40.06954892989431" lon="116.33635146424922">
        <ele>44.5</ele>
        <time>2026-08-01T15:03:35.999Z</time>
      </trkpt>
      <trkpt lat="40.0695500990814" lon="116.33629054203351">
        <ele>44.5</ele>
        <time>2026-08-01T15:03:36.999Z</time>
      </trkpt>
      <trkpt lat="40.06955132457393" lon="116.33623047397842">
        <ele>44.6</ele>
        <time>2026-08-01T15:03:37.999Z</time>
      </trkpt>
      <trkpt lat="40.069552524480436" lon="116.33617090817667">
        <ele>44.7</ele>
        <time>2026-08-01T15:03:38.999Z</time>
      </trkpt>
      <trkpt lat="40.069553593655826" lon="116.3361115616928">
        <ele>44.8</ele>
        <time>2026-08-01T15:03:39.999Z</time>
      </trkpt>
      <trkpt lat="40.069554517010815" lon="116.33605240988793">
        <ele>44.9</ele>
        <time>2026-08-01T15:03:40.999Z</time>
      </trkpt>
      <trkpt lat="40.0695552614731" lon="116.33599364350977">
        <ele>44.9</ele>
        <time>2026-08-01T15:03:41.999Z</time>
      </trkpt>
      <trkpt lat="40.069555794170434" lon="116.33593539222498">
        <ele>45.0</ele>
        <time>2026-08-01T15:03:42.999Z</time>
      </trkpt>
      <trkpt lat="40.069556237783665" lon="116.33587791471732">
        <ele>45.1</ele>
        <time>2026-08-01T15:03:43.999Z</time>
      </trkpt>
      <trkpt lat="40.06955674151409" lon="116.3358212922569">
        <ele>45.2</ele>
        <time>2026-08-01T15:03:44.999Z</time>
      </trkpt>
      <trkpt lat="40.0695573802158" lon="116.33576544454375">
        <ele>45.3</ele>
        <time>2026-08-01T15:03:45.999Z</time>
      </trkpt>
      <trkpt lat="40.069558154013116" lon="116.33571040052537">
        <ele>45.4</ele>
        <time>2026-08-01T15:03:46.999Z</time>
      </trkpt>
      <trkpt lat="40.06955905086694" lon="116.33565616307273">
        <ele>45.5</ele>
        <time>2026-08-01T15:03:47.999Z</time>
      </trkpt>
      <trkpt lat="40.069559998342775" lon="116.33560185824662">
        <ele>45.5</ele>
        <time>2026-08-01T15:03:48.999Z</time>
      </trkpt>
      <trkpt lat="40.06956087947835" lon="116.33554745137296">
        <ele>45.6</ele>
        <time>2026-08-01T15:03:49.999Z</time>
      </trkpt>
      <trkpt lat="40.06956176618496" lon="116.33549359291021">
        <ele>45.7</ele>
        <time>2026-08-01T15:03:50.999Z</time>
      </trkpt>
      <trkpt lat="40.06956276484008" lon="116.33543980765371">
        <ele>45.8</ele>
        <time>2026-08-01T15:03:51.999Z</time>
      </trkpt>
      <trkpt lat="40.06956393031837" lon="116.33538600956508">
        <ele>45.9</ele>
        <time>2026-08-01T15:03:52.999Z</time>
      </trkpt>
      <trkpt lat="40.06956536674867" lon="116.33533234907038">
        <ele>46.0</ele>
        <time>2026-08-01T15:03:53.999Z</time>
      </trkpt>
      <trkpt lat="40.06956698799389" lon="116.3352790634086">
        <ele>46.1</ele>
        <time>2026-08-01T15:03:54.999Z</time>
      </trkpt>
      <trkpt lat="40.069568609762655" lon="116.33522645348386">
        <ele>46.2</ele>
        <time>2026-08-01T15:03:55.999Z</time>
      </trkpt>
      <trkpt lat="40.06957031252698" lon="116.33517388254455">
        <ele>46.2</ele>
        <time>2026-08-01T15:03:57.000Z</time>
      </trkpt>
      <trkpt lat="40.06957245550749" lon="116.33512112705688">
        <ele>46.3</ele>
        <time>2026-08-01T15:03:58.000Z</time>
      </trkpt>
      <trkpt lat="40.06957523043086" lon="116.33506860561336">
        <ele>46.4</ele>
        <time>2026-08-01T15:03:59.000Z</time>
      </trkpt>
      <trkpt lat="40.06957858508444" lon="116.33501622703336">
        <ele>46.5</ele>
        <time>2026-08-01T15:04:00.000Z</time>
      </trkpt>
      <trkpt lat="40.06958227549805" lon="116.33496388963661">
        <ele>46.6</ele>
        <time>2026-08-01T15:04:01.000Z</time>
      </trkpt>
      <trkpt lat="40.06958620110784" lon="116.33491207570667">
        <ele>46.7</ele>
        <time>2026-08-01T15:04:02.000Z</time>
      </trkpt>
      <trkpt lat="40.06959052818578" lon="116.3348612217812">
        <ele>46.8</ele>
        <time>2026-08-01T15:04:03.000Z</time>
      </trkpt>
      <trkpt lat="40.06959537152137" lon="116.33481134880887">
        <ele>46.9</ele>
        <time>2026-08-01T15:04:04.000Z</time>
      </trkpt>
      <trkpt lat="40.06960074062391" lon="116.33476246579725">
        <ele>47.0</ele>
        <time>2026-08-01T15:04:05.000Z</time>
      </trkpt>
      <trkpt lat="40.06960632328971" lon="116.33471352723149">
        <ele>47.1</ele>
        <time>2026-08-01T15:04:06.000Z</time>
      </trkpt>
      <trkpt lat="40.06961164020049" lon="116.33466361805468">
        <ele>47.1</ele>
        <time>2026-08-01T15:04:07.000Z</time>
      </trkpt>
      <trkpt lat="40.069616704165874" lon="116.33461317864281">
        <ele>47.2</ele>
        <time>2026-08-01T15:04:08.000Z</time>
      </trkpt>
      <trkpt lat="40.06962193525858" lon="116.3345626189866">
        <ele>47.3</ele>
        <time>2026-08-01T15:04:09.000Z</time>
      </trkpt>
      <trkpt lat="40.06962736809825" lon="116.33451236378998">
        <ele>47.4</ele>
        <time>2026-08-01T15:04:10.000Z</time>
      </trkpt>
      <trkpt lat="40.069632660736254" lon="116.33446274023655">
        <ele>47.5</ele>
        <time>2026-08-01T15:04:11.000Z</time>
      </trkpt>
      <trkpt lat="40.069637744178934" lon="116.33441383290484">
        <ele>47.6</ele>
        <time>2026-08-01T15:04:12.000Z</time>
      </trkpt>
      <trkpt lat="40.06964270443726" lon="116.33436555728481">
        <ele>47.7</ele>
        <time>2026-08-01T15:04:13.000Z</time>
      </trkpt>
      <trkpt lat="40.069647435866386" lon="116.33431746300452">
        <ele>47.7</ele>
        <time>2026-08-01T15:04:14.000Z</time>
      </trkpt>
      <trkpt lat="40.06965174268746" lon="116.33426925898596">
        <ele>47.8</ele>
        <time>2026-08-01T15:04:15.000Z</time>
      </trkpt>
      <trkpt lat="40.06965543961334" lon="116.33422090416664">
        <ele>47.9</ele>
        <time>2026-08-01T15:04:16.000Z</time>
      </trkpt>
      <trkpt lat="40.06965866748469" lon="116.33417230981397">
        <ele>48.0</ele>
        <time>2026-08-01T15:04:17.000Z</time>
      </trkpt>
      <trkpt lat="40.069661472484555" lon="116.33412359524364">
        <ele>48.0</ele>
        <time>2026-08-01T15:04:18.000Z</time>
      </trkpt>
      <trkpt lat="40.06966368314397" lon="116.33407492900004">
        <ele>48.1</ele>
        <time>2026-08-01T15:04:19.000Z</time>
      </trkpt>
      <trkpt lat="40.06966533953502" lon="116.33402644335982">
        <ele>48.2</ele>
        <time>2026-08-01T15:04:20.000Z</time>
      </trkpt>
      <trkpt lat="40.06966659805066" lon="116.33397798995563">
        <ele>48.3</ele>
        <time>2026-08-01T15:04:21.000Z</time>
      </trkpt>
      <trkpt lat="40.06966759249494" lon="116.33392942249688">
        <ele>48.4</ele>
        <time>2026-08-01T15:04:22.000Z</time>
      </trkpt>
      <trkpt lat="40.06966854949822" lon="116.33388077692281">
        <ele>48.4</ele>
        <time>2026-08-01T15:04:23.000Z</time>
      </trkpt>
      <trkpt lat="40.069669537833065" lon="116.33383176516202">
        <ele>48.5</ele>
        <time>2026-08-01T15:04:24.000Z</time>
      </trkpt>
      <trkpt lat="40.06967047472612" lon="116.33378198148822">
        <ele>48.6</ele>
        <time>2026-08-01T15:04:25.000Z</time>
      </trkpt>
      <trkpt lat="40.06967148018452" lon="116.33373129995161">
        <ele>48.7</ele>
        <time>2026-08-01T15:04:26.000Z</time>
      </trkpt>
      <trkpt lat="40.069672649971515" lon="116.33367977674739">
        <ele>48.7</ele>
        <time>2026-08-01T15:04:27.000Z</time>
      </trkpt>
      <trkpt lat="40.06967385994358" lon="116.33362708107906">
        <ele>48.8</ele>
        <time>2026-08-01T15:04:28.000Z</time>
      </trkpt>
      <trkpt lat="40.06967498885362" lon="116.33357241363517">
        <ele>48.9</ele>
        <time>2026-08-01T15:04:29.000Z</time>
      </trkpt>
      <trkpt lat="40.069676058759455" lon="116.33351479931697">
        <ele>49.0</ele>
        <time>2026-08-01T15:04:30.000Z</time>
      </trkpt>
      <trkpt lat="40.069676709255454" lon="116.33345498044815">
        <ele>49.1</ele>
        <time>2026-08-01T15:04:31.000Z</time>
      </trkpt>
      <trkpt lat="40.06967677795394" lon="116.3333939962288">
        <ele>49.1</ele>
        <time>2026-08-01T15:04:32.000Z</time>
      </trkpt>
      <trkpt lat="40.06967679204618" lon="116.33333174969812">
        <ele>49.2</ele>
        <time>2026-08-01T15:04:33.000Z</time>
      </trkpt>
      <trkpt lat="40.06967701941158" lon="116.33326827808546">
        <ele>49.3</ele>
        <time>2026-08-01T15:04:34.000Z</time>
      </trkpt>
      <trkpt lat="40.06967739591248" lon="116.33320355875144">
        <ele>49.4</ele>
        <time>2026-08-01T15:04:35.000Z</time>
      </trkpt>
      <trkpt lat="40.06967797193669" lon="116.3331378280756">
        <ele>49.5</ele>
        <time>2026-08-01T15:04:36.000Z</time>
      </trkpt>
      <trkpt lat="40.06967894468442" lon="116.33307101536263">
        <ele>49.5</ele>
        <time>2026-08-01T15:04:37.000Z</time>
      </trkpt>
      <trkpt lat="40.06968061087562" lon="116.33300201209242">
        <ele>49.6</ele>
        <time>2026-08-01T15:04:38.000Z</time>
      </trkpt>
      <trkpt lat="40.06968194502621" lon="116.33293090008628">
        <ele>49.7</ele>
        <time>2026-08-01T15:04:39.000Z</time>
      </trkpt>
      <trkpt lat="40.06968234593166" lon="116.33286037099903">
        <ele>49.7</ele>
        <time>2026-08-01T15:04:40.000Z</time>
      </trkpt>
      <trkpt lat="40.06968239452385" lon="116.33279182340388">
        <ele>49.8</ele>
        <time>2026-08-01T15:04:41.000Z</time>
      </trkpt>
      <trkpt lat="40.069682187102586" lon="116.33272439892059">
        <ele>49.8</ele>
        <time>2026-08-01T15:04:42.000Z</time>
      </trkpt>
      <trkpt lat="40.0696819332901" lon="116.33265728901992">
        <ele>49.9</ele>
        <time>2026-08-01T15:04:43.000Z</time>
      </trkpt>
      <trkpt lat="40.06968163406392" lon="116.33259032147464">
        <ele>49.9</ele>
        <time>2026-08-01T15:04:44.000Z</time>
      </trkpt>
      <trkpt lat="40.06968128251579" lon="116.33252308706754">
        <ele>49.9</ele>
        <time>2026-08-01T15:04:45.000Z</time>
      </trkpt>
      <trkpt lat="40.06968097085672" lon="116.3324549305801">
        <ele>49.9</ele>
        <time>2026-08-01T15:04:46.000Z</time>
      </trkpt>
      <trkpt lat="40.069680743389995" lon="116.33238599745472">
        <ele>49.9</ele>
        <time>2026-08-01T15:04:47.000Z</time>
      </trkpt>
      <trkpt lat="40.069680559059314" lon="116.33231672318222">
        <ele>49.9</ele>
        <time>2026-08-01T15:04:48.000Z</time>
      </trkpt>
      <trkpt lat="40.069680304197554" lon="116.3322473648532">
        <ele>50.0</ele>
        <time>2026-08-01T15:04:49.000Z</time>
      </trkpt>
      <trkpt lat="40.069679957579645" lon="116.33217745385207">
        <ele>50.0</ele>
        <time>2026-08-01T15:04:50.000Z</time>
      </trkpt>
      <trkpt lat="40.06967949384061" lon="116.33210632687313">
        <ele>50.0</ele>
        <time>2026-08-01T15:04:51.000Z</time>
      </trkpt>
      <trkpt lat="40.06967902013688" lon="116.33203426900874">
        <ele>50.0</ele>
        <time>2026-08-01T15:04:52.000Z</time>
      </trkpt>
      <trkpt lat="40.06967870159132" lon="116.33196167691342">
        <ele>50.1</ele>
        <time>2026-08-01T15:04:53.000Z</time>
      </trkpt>
      <trkpt lat="40.069678519259575" lon="116.33188845490514">
        <ele>50.1</ele>
        <time>2026-08-01T15:04:54.000Z</time>
      </trkpt>
      <trkpt lat="40.06967853903555" lon="116.3318145782677">
        <ele>50.1</ele>
        <time>2026-08-01T15:04:55.000Z</time>
      </trkpt>
      <trkpt lat="40.06967906665291" lon="116.33174018572826">
        <ele>50.1</ele>
        <time>2026-08-01T15:04:56.000Z</time>
      </trkpt>
      <trkpt lat="40.06968026782213" lon="116.33166540036062">
        <ele>50.1</ele>
        <time>2026-08-01T15:04:57.000Z</time>
      </trkpt>
      <trkpt lat="40.069681867338616" lon="116.33159046619228">
        <ele>50.2</ele>
        <time>2026-08-01T15:04:58.000Z</time>
      </trkpt>
      <trkpt lat="40.06968349683162" lon="116.33151521992292">
        <ele>50.2</ele>
        <time>2026-08-01T15:04:59.000Z</time>
      </trkpt>
      <trkpt lat="40.06968491947548" lon="116.3314393288228">
        <ele>50.2</ele>
        <time>2026-08-01T15:05:00.000Z</time>
      </trkpt>
      <trkpt lat="40.06968611515375" lon="116.33136298441939">
        <ele>50.2</ele>
        <time>2026-08-01T15:05:01.000Z</time>
      </trkpt>
      <trkpt lat="40.06968730357276" lon="116.33128637958517">
        <ele>50.2</ele>
        <time>2026-08-01T15:05:02.000Z</time>
      </trkpt>
      <trkpt lat="40.06968861179146" lon="116.3312094599352">
        <ele>50.1</ele>
        <time>2026-08-01T15:05:03.000Z</time>
      </trkpt>
      <trkpt lat="40.06969003594511" lon="116.33113225212246">
        <ele>50.1</ele>
        <time>2026-08-01T15:05:04.000Z</time>
      </trkpt>
      <trkpt lat="40.06969126599204" lon="116.33105303990101">
        <ele>50.1</ele>
        <time>2026-08-01T15:05:05.000Z</time>
      </trkpt>
      <trkpt lat="40.06969204312804" lon="116.33097284889398">
        <ele>50.1</ele>
        <time>2026-08-01T15:05:06.000Z</time>
      </trkpt>
      <trkpt lat="40.069692633552705" lon="116.33089365349079">
        <ele>50.1</ele>
        <time>2026-08-01T15:05:07.000Z</time>
      </trkpt>
      <trkpt lat="40.06969339497898" lon="116.33081460961928">
        <ele>50.1</ele>
        <time>2026-08-01T15:05:08.000Z</time>
      </trkpt>
      <trkpt lat="40.06969431664481" lon="116.33073570948002">
        <ele>50.1</ele>
        <time>2026-08-01T15:05:09.000Z</time>
      </trkpt>
      <trkpt lat="40.06969525594509" lon="116.33065687167102">
        <ele>50.1</ele>
        <time>2026-08-01T15:05:10.000Z</time>
      </trkpt>
      <trkpt lat="40.06969660891595" lon="116.33057769889855">
        <ele>50.1</ele>
        <time>2026-08-01T15:05:11.000Z</time>
      </trkpt>
      <trkpt lat="40.06969826387005" lon="116.3304981393886">
        <ele>50.1</ele>
        <time>2026-08-01T15:05:12.000Z</time>
      </trkpt>
      <trkpt lat="40.069699921415186" lon="116.33041968606895">
        <ele>50.1</ele>
        <time>2026-08-01T15:05:13.000Z</time>
      </trkpt>
      <trkpt lat="40.06970171236782" lon="116.33034273759961">
        <ele>50.1</ele>
        <time>2026-08-01T15:05:14.000Z</time>
      </trkpt>
      <trkpt lat="40.06970352776473" lon="116.33026632173993">
        <ele>50.1</ele>
        <time>2026-08-01T15:05:15.000Z</time>
      </trkpt>
      <trkpt lat="40.06970535445603" lon="116.33019016237877">
        <ele>50.1</ele>
        <time>2026-08-01T15:05:16.000Z</time>
      </trkpt>
      <trkpt lat="40.069707168768126" lon="116.3301139310146">
        <ele>50.0</ele>
        <time>2026-08-01T15:05:17.000Z</time>
      </trkpt>
      <trkpt lat="40.06970860390252" lon="116.33003499703412">
        <ele>50.0</ele>
        <time>2026-08-01T15:05:18.000Z</time>
      </trkpt>
      <trkpt lat="40.06970972979666" lon="116.32995246334494">
        <ele>50.0</ele>
        <time>2026-08-01T15:05:19.000Z</time>
      </trkpt>
      <trkpt lat="40.06971058529086" lon="116.32986895230337">
        <ele>50.0</ele>
        <time>2026-08-01T15:05:20.000Z</time>
      </trkpt>
      <trkpt lat="40.06971112159734" lon="116.32978440738725">
        <ele>50.0</ele>
        <time>2026-08-01T15:05:21.000Z</time>
      </trkpt>
      <trkpt lat="40.06971172716682" lon="116.32969837472055">
        <ele>49.9</ele>
        <time>2026-08-01T15:05:22.000Z</time>
      </trkpt>
      <trkpt lat="40.0697146069834" lon="116.32960887635578">
        <ele>49.9</ele>
        <time>2026-08-01T15:05:23.000Z</time>
      </trkpt>
      <trkpt lat="40.069720044463246" lon="116.32951696505384">
        <ele>49.9</ele>
        <time>2026-08-01T15:05:24.000Z</time>
      </trkpt>
      <trkpt lat="40.06972463153458" lon="116.32942526891895">
        <ele>49.9</ele>
        <time>2026-08-01T15:05:25.000Z</time>
      </trkpt>
      <trkpt lat="40.069726172191146" lon="116.32933604123527">
        <ele>49.9</ele>
        <time>2026-08-01T15:05:26.000Z</time>
      </trkpt>
      <trkpt lat="40.069725822537556" lon="116.3292492038118">
        <ele>49.9</ele>
        <time>2026-08-01T15:05:27.000Z</time>
      </trkpt>
      <trkpt lat="40.06972650101399" lon="116.32916060936496">
        <ele>49.9</ele>
        <time>2026-08-01T15:05:28.000Z</time>
      </trkpt>
      <trkpt lat="40.06972883289463" lon="116.32907207919959">
        <ele>49.9</ele>
        <time>2026-08-01T15:05:29.000Z</time>
      </trkpt>
      <trkpt lat="40.069730031992044" lon="116.32898596564311">
        <ele>49.9</ele>
        <time>2026-08-01T15:05:30.000Z</time>
      </trkpt>
      <trkpt lat="40.069728673040984" lon="116.32890314260892">
        <ele>49.9</ele>
        <time>2026-08-01T15:05:31.000Z</time>
      </trkpt>
      <trkpt lat="40.0697269185503" lon="116.32882076212826">
        <ele>49.9</ele>
        <time>2026-08-01T15:05:32.000Z</time>
      </trkpt>
      <trkpt lat="40.069726189530506" lon="116.32873701253962">
        <ele>49.9</ele>
        <time>2026-08-01T15:05:33.000Z</time>
      </trkpt>
      <trkpt lat="40.069726369759046" lon="116.32865294685259">
        <ele>49.9</ele>
        <time>2026-08-01T15:05:34.000Z</time>
      </trkpt>
      <trkpt lat="40.069727646064884" lon="116.32856940525659">
        <ele>49.9</ele>
        <time>2026-08-01T15:05:35.000Z</time>
      </trkpt>
      <trkpt lat="40.069729506711006" lon="116.32848705640117">
        <ele>49.9</ele>
        <time>2026-08-01T15:05:36.000Z</time>
      </trkpt>
      <trkpt lat="40.069729907899685" lon="116.32840522497432">
        <ele>49.9</ele>
        <time>2026-08-01T15:05:37.000Z</time>
      </trkpt>
      <trkpt lat="40.069729195803255" lon="116.3283240527379">
        <ele>49.8</ele>
        <time>2026-08-01T15:05:38.000Z</time>
      </trkpt>
      <trkpt lat="40.06972842630089" lon="116.3282427938375">
        <ele>49.8</ele>
        <time>2026-08-01T15:05:39.000Z</time>
      </trkpt>
      <trkpt lat="40.069728482927545" lon="116.32816171025195">
        <ele>49.8</ele>
        <time>2026-08-01T15:05:40.000Z</time>
      </trkpt>
      <trkpt lat="40.06972873784975" lon="116.32808094055389">
        <ele>49.9</ele>
        <time>2026-08-01T15:05:41.000Z</time>
      </trkpt>
      <trkpt lat="40.0697288951961" lon="116.3279998864186">
        <ele>49.9</ele>
        <time>2026-08-01T15:05:42.000Z</time>
      </trkpt>
      <trkpt lat="40.06973020649406" lon="116.32791809037575">
        <ele>49.9</ele>
        <time>2026-08-01T15:05:43.000Z</time>
      </trkpt>
      <trkpt lat="40.0697322167793" lon="116.32783599937318">
        <ele>49.9</ele>
        <time>2026-08-01T15:05:44.000Z</time>
      </trkpt>
      <trkpt lat="40.06973525364669" lon="116.3277558104166">
        <ele>49.9</ele>
        <time>2026-08-01T15:05:45.000Z</time>
      </trkpt>
      <trkpt lat="40.06973907090555" lon="116.32767751381705">
        <ele>49.9</ele>
        <time>2026-08-01T15:05:46.000Z</time>
      </trkpt>
      <trkpt lat="40.069741714273114" lon="116.3275990020263">
        <ele>49.9</ele>
        <time>2026-08-01T15:05:47.000Z</time>
      </trkpt>
      <trkpt lat="40.06974262571016" lon="116.3275203702025">
        <ele>49.9</ele>
        <time>2026-08-01T15:05:48.000Z</time>
        <extensions>
          <gpxtpx:TrackPointExtension>
            <gpxtpx:hr>138</gpxtpx:hr>
          </gpxtpx:TrackPointExtension>
        </extensions>
      </trkpt>
      <trkpt lat="40.06974307288303" lon="116.32744231346051">
        <ele>49.9</ele>
        <time>2026-08-01T15:05:49.000Z</time>
        <extensions>
          <gpxtpx:TrackPointExtension>
            <gpxtpx:hr>138</gpxtpx:hr>
          </gpxtpx:TrackPointExtension>
        </extensions>
      </trkpt>
      <trkpt lat="40.069743665341115" lon="116.32736477502105">
        <ele>49.9</ele>
        <time>2026-08-01T15:05:50.000Z</time>
        <extensions>
          <gpxtpx:TrackPointExtension>
            <gpxtpx:hr>138</gpxtpx:hr>
          </gpxtpx:TrackPointExtension>
        </extensions>
      </trkpt>
      <trkpt lat="40.06974451712767" lon="116.32728763698091">
        <ele>49.9</ele>
        <time>2026-08-01T15:05:51.000Z</time>
        <extensions>
          <gpxtpx:TrackPointExtension>
            <gpxtpx:hr>138</gpxtpx:hr>
          </gpxtpx:TrackPointExtension>
        </extensions>
      </trkpt>
      <trkpt lat="40.06974559738118" lon="116.32721077329414">
        <ele>49.9</ele>
        <time>2026-08-01T15:05:52.000Z</time>
        <extensions>
          <gpxtpx:TrackPointExtension>
            <gpxtpx:hr>138</gpxtpx:hr>
          </gpxtpx:TrackPointExtension>
        </extensions>
      </trkpt>
      <trkpt lat="40.06974672219101" lon="116.32713430828304">
        <ele>49.9</ele>
        <time>2026-08-01T15:05:53.000Z</time>
        <extensions>
          <gpxtpx:TrackPointExtension>
            <gpxtpx:hr>138</gpxtpx:hr>
          </gpxtpx:TrackPointExtension>
        </extensions>
      </trkpt>
      <trkpt lat="40.06974477194122" lon="116.32705621431577">
        <ele>49.9</ele>
        <time>2026-08-01T15:05:54.000Z</time>
        <extensions>
          <gpxtpx:TrackPointExtension>
            <gpxtpx:hr>138</gpxtpx:hr>
          </gpxtpx:TrackPointExtension>
        </extensions>
      </trkpt>
      <trkpt lat="40.06974092095538" lon="116.3269772033611">
        <ele>49.9</ele>
        <time>2026-08-01T15:05:55.000Z</time>
        <extensions>
          <gpxtpx:TrackPointExtension>
            <gpxtpx:hr>138</gpxtpx:hr>
          </gpxtpx:TrackPointExtension>
        </extensions>
      </trkpt>
      <trkpt lat="40.069738263325455" lon="116.32689928526084">
        <ele>49.9</ele>
        <time>2026-08-01T15:05:56.000Z</time>
        <extensions>
          <gpxtpx:TrackPointExtension>
            <gpxtpx:hr>138</gpxtpx:hr>
          </gpxtpx:TrackPointExtension>
        </extensions>
      </trkpt>
      <trkpt lat="40.069735744260186" lon="116.326821639331">
        <ele>49.9</ele>
        <time>2026-08-01T15:05:57.000Z</time>
        <extensions>
          <gpxtpx:TrackPointExtension>
            <gpxtpx:hr>138</gpxtpx:hr>
          </gpxtpx:TrackPointExtension>
        </extensions>
      </trkpt>
      <trkpt lat="40.06973341176278" lon="116.32674411264122">
        <ele>50.0</ele>
        <time>2026-08-01T15:05:58.000Z</time>
        <extensions>
          <gpxtpx:TrackPointExtension>
            <gpxtpx:hr>138</gpxtpx:hr>
          </gpxtpx:TrackPointExtension>
        </extensions>
      </trkpt>
      <trkpt lat="40.06973141264816" lon="116.32666660401974">
        <ele>50.0</ele>
        <time>2026-08-01T15:05:59.000Z</time>
        <extensions>
          <gpxtpx:TrackPointExtension>
            <gpxtpx:hr>138</gpxtpx:hr>
          </gpxtpx:TrackPointExtension>
        </extensions>
      </trkpt>
      <trkpt lat="40.06973001644932" lon="116.32658922376807">
        <ele>50.0</ele>
        <time>2026-08-01T15:06:00.000Z</time>
        <extensions>
          <gpxtpx:TrackPointExtension>
            <gpxtpx:hr>138</gpxtpx:hr>
          </gpxtpx:TrackPointExtension>
        </extensions>
      </trkpt>
      <trkpt lat="40.069729483405446" lon="116.32651191427415">
        <ele>50.0</ele>
        <time>2026-08-01T15:06:01.000Z</time>
        <extensions>
          <gpxtpx:TrackPointExtension>
            <gpxtpx:hr>138</gpxtpx:hr>
          </gpxtpx:TrackPointExtension>
        </extensions>
      </trkpt>
      <trkpt lat="40.0697299932138" lon="116.32643439619822">
        <ele>50.0</ele>
        <time>2026-08-01T15:06:02.000Z</time>
        <extensions>
          <gpxtpx:TrackPointExtension>
            <gpxtpx:hr>138</gpxtpx:hr>
          </gpxtpx:TrackPointExtension>
        </extensions>
      </trkpt>
      <trkpt lat="40.06973162652789" lon="116.32635651736">
        <ele>50.0</ele>
        <time>2026-08-01T15:06:03.000Z</time>
        <extensions>
          <gpxtpx:TrackPointExtension>
            <gpxtpx:hr>138</gpxtpx:hr>
          </gpxtpx:TrackPointExtension>
        </extensions>
      </trkpt>
      <trkpt lat="40.069734347684715" lon="116.32627837951267">
        <ele>50.0</ele>
        <time>2026-08-01T15:06:04.000Z</time>
        <extensions>
          <gpxtpx:TrackPointExtension>
            <gpxtpx:hr>138</gpxtpx:hr>
          </gpxtpx:TrackPointExtension>
        </extensions>
      </trkpt>
      <trkpt lat="40.06973781132701" lon="116.3262001096866">
        <ele>50.0</ele>
        <time>2026-08-01T15:06:05.000Z</time>
        <extensions>
          <gpxtpx:TrackPointExtension>
            <gpxtpx:hr>138</gpxtpx:hr>
          </gpxtpx:TrackPointExtension>
        </extensions>
      </trkpt>
      <trkpt lat="40.06974120768297" lon="116.32612136678311">
        <ele>50.0</ele>
        <time>2026-08-01T15:06:06.000Z</time>
        <extensions>
          <gpxtpx:TrackPointExtension>
            <gpxtpx:hr>138</gpxtpx:hr>
          </gpxtpx:TrackPointExtension>
        </extensions>
      </trkpt>
      <trkpt lat="40.06974421194253" lon="116.32604237275243">
        <ele>50.0</ele>
        <time>2026-08-01T15:06:07.000Z</time>
        <extensions>
          <gpxtpx:TrackPointExtension>
            <gpxtpx:hr>138</gpxtpx:hr>
          </gpxtpx:TrackPointExtension>
        </extensions>
      </trkpt>
      <trkpt lat="40.06974694324262" lon="116.32596369971692">
        <ele>50.0</ele>
        <time>2026-08-01T15:06:08.000Z</time>
        <extensions>
          <gpxtpx:TrackPointExtension>
            <gpxtpx:hr>138</gpxtpx:hr>
          </gpxtpx:TrackPointExtension>
        </extensions>
      </trkpt>
      <trkpt lat="40.06974830904668" lon="116.32588322714417">
        <ele>50.0</ele>
        <time>2026-08-01T15:06:09.000Z</time>
        <extensions>
          <gpxtpx:TrackPointExtension>
            <gpxtpx:hr>138</gpxtpx:hr>
          </gpxtpx:TrackPointExtension>
        </extensions>
      </trkpt>
      <trkpt lat="40.06974810888206" lon="116.32580304388378">
        <ele>50.0</ele>
        <time>2026-08-01T15:06:10.000Z</time>
        <extensions>
          <gpxtpx:TrackPointExtension>
            <gpxtpx:hr>138</gpxtpx:hr>
          </gpxtpx:TrackPointExtension>
        </extensions>
      </trkpt>
      <trkpt lat="40.06974747354387" lon="116.32572543701694">
        <ele>50.0</ele>
        <time>2026-08-01T15:06:11.000Z</time>
        <extensions>
          <gpxtpx:TrackPointExtension>
            <gpxtpx:hr>138</gpxtpx:hr>
          </gpxtpx:TrackPointExtension>
        </extensions>
      </trkpt>
      <trkpt lat="40.069746625236824" lon="116.32564812520216">
        <ele>50.0</ele>
        <time>2026-08-01T15:06:12.000Z</time>
        <extensions>
          <gpxtpx:TrackPointExtension>
            <gpxtpx:hr>138</gpxtpx:hr>
          </gpxtpx:TrackPointExtension>
        </extensions>
      </trkpt>
      <trkpt lat="40.069746899435586" lon="116.32556930293427">
        <ele>50.0</ele>
        <time>2026-08-01T15:06:13.000Z</time>
        <extensions>
          <gpxtpx:TrackPointExtension>
            <gpxtpx:hr>138</gpxtpx:hr>
          </gpxtpx:TrackPointExtension>
        </extensions>
      </trkpt>
      <trkpt lat="40.06974824629439" lon="116.32549020361326">
        <ele>50.0</ele>
        <time>2026-08-01T15:06:14.000Z</time>
        <extensions>
          <gpxtpx:TrackPointExtension>
            <gpxtpx:hr>138</gpxtpx:hr>
          </gpxtpx:TrackPointExtension>
        </extensions>
      </trkpt>
      <trkpt lat="40.069749340505176" lon="116.32541257053101">
        <ele>50.0</ele>
        <time>2026-08-01T15:06:15.000Z</time>
        <extensions>
          <gpxtpx:TrackPointExtension>
            <gpxtpx:hr>138</gpxtpx:hr>
          </gpxtpx:TrackPointExtension>
        </extensions>
      </trkpt>
      <trkpt lat="40.06975035158352" lon="116.32533529768774">
        <ele>50.0</ele>
        <time>2026-08-01T15:06:16.000Z</time>
        <extensions>
          <gpxtpx:TrackPointExtension>
            <gpxtpx:hr>138</gpxtpx:hr>
          </gpxtpx:TrackPointExtension>
        </extensions>
      </trkpt>
      <trkpt lat="40.06975123030165" lon="116.32525715070689">
        <ele>50.0</ele>
        <time>2026-08-01T15:06:17.000Z</time>
        <extensions>
          <gpxtpx:TrackPointExtension>
            <gpxtpx:hr>138</gpxtpx:hr>
          </gpxtpx:TrackPointExtension>
        </extensions>
      </trkpt>
      <trkpt lat="40.069751989906386" lon="116.32517853567546">
        <ele>50.0</ele>
        <time>2026-08-01T15:06:18.000Z</time>
      </trkpt>
      <trkpt lat="40.06975263540782" lon="116.32510073923926">
        <ele>50.0</ele>
        <time>2026-08-01T15:06:19.000Z</time>
      </trkpt>
      <trkpt lat="40.069753309665714" lon="116.3250236681358">
        <ele>50.0</ele>
        <time>2026-08-01T15:06:20.000Z</time>
      </trkpt>
      <trkpt lat="40.069754588655854" lon="116.3249477617007">
        <ele>50.0</ele>
        <time>2026-08-01T15:06:21.000Z</time>
      </trkpt>
      <trkpt lat="40.069755930423156" lon="116.32487155768843">
        <ele>50.0</ele>
        <time>2026-08-01T15:06:22.000Z</time>
      </trkpt>
      <trkpt lat="40.06975667862773" lon="116.32479473085901">
        <ele>50.0</ele>
        <time>2026-08-01T15:06:23.000Z</time>
      </trkpt>
      <trkpt lat="40.06975722859733" lon="116.32471872047057">
        <ele>50.0</ele>
        <time>2026-08-01T15:06:24.000Z</time>
      </trkpt>
      <trkpt lat="40.06975772491918" lon="116.32464363340893">
        <ele>50.0</ele>
        <time>2026-08-01T15:06:25.000Z</time>
      </trkpt>
      <trkpt lat="40.06975827940616" lon="116.3245692402767">
        <ele>50.0</ele>
        <time>2026-08-01T15:06:26.000Z</time>
      </trkpt>
      <trkpt lat="40.069758870632114" lon="116.32449510943707">
        <ele>50.0</ele>
        <time>2026-08-01T15:06:27.000Z</time>
      </trkpt>
      <trkpt lat="40.06975936679965" lon="116.32442141542359">
        <ele>50.0</ele>
        <time>2026-08-01T15:06:28.000Z</time>
      </trkpt>
      <trkpt lat="40.06975979826503" lon="116.32434820293543">
        <ele>49.9</ele>
        <time>2026-08-01T15:06:29.000Z</time>
      </trkpt>
      <trkpt lat="40.06976017022188" lon="116.32427515584547">
        <ele>49.9</ele>
        <time>2026-08-01T15:06:30.000Z</time>
      </trkpt>
      <trkpt lat="40.06976052899342" lon="116.32420240938733">
        <ele>49.9</ele>
        <time>2026-08-01T15:06:31.000Z</time>
      </trkpt>
      <trkpt lat="40.069760764742554" lon="116.32413049783442">
        <ele>49.9</ele>
        <time>2026-08-01T15:06:32.000Z</time>
      </trkpt>
      <trkpt lat="40.06976082351087" lon="116.32405954944485">
        <ele>49.9</ele>
        <time>2026-08-01T15:06:33.000Z</time>
      </trkpt>
      <trkpt lat="40.06976090935334" lon="116.32398923259886">
        <ele>49.9</ele>
        <time>2026-08-01T15:06:34.000Z</time>
      </trkpt>
      <trkpt lat="40.06976139201048" lon="116.32391923154641">
        <ele>49.9</ele>
        <time>2026-08-01T15:06:35.000Z</time>
      </trkpt>
      <trkpt lat="40.0697624089471" lon="116.32384931400956">
        <ele>49.9</ele>
        <time>2026-08-01T15:06:36.000Z</time>
      </trkpt>
      <trkpt lat="40.06976367189364" lon="116.3237796420202">
        <ele>49.9</ele>
        <time>2026-08-01T15:06:37.000Z</time>
      </trkpt>
      <trkpt lat="40.069764976542615" lon="116.32371048946763">
        <ele>49.9</ele>
        <time>2026-08-01T15:06:38.000Z</time>
      </trkpt>
      <trkpt lat="40.06976635021353" lon="116.32364209146091">
        <ele>50.0</ele>
        <time>2026-08-01T15:06:39.000Z</time>
      </trkpt>
      <trkpt lat="40.06976784859198" lon="116.32357428206436">
        <ele>50.0</ele>
        <time>2026-08-01T15:06:40.000Z</time>
      </trkpt>
      <trkpt lat="40.06976942288341" lon="116.32350661398357">
        <ele>50.0</ele>
        <time>2026-08-01T15:06:41.000Z</time>
      </trkpt>
      <trkpt lat="40.06977103640271" lon="116.32343920775091">
        <ele>50.0</ele>
        <time>2026-08-01T15:06:42.000Z</time>
      </trkpt>
      <trkpt lat="40.06977252959941" lon="116.32337213474403">
        <ele>50.0</ele>
        <time>2026-08-01T15:06:43.000Z</time>
      </trkpt>
      <trkpt lat="40.069773657291165" lon="116.32330534560865">
        <ele>50.0</ele>
        <time>2026-08-01T15:06:44.000Z</time>
      </trkpt>
      <trkpt lat="40.06977436705827" lon="116.32323875284742">
        <ele>50.0</ele>
        <time>2026-08-01T15:06:45.000Z</time>
      </trkpt>
      <trkpt lat="40.06977470076416" lon="116.32317219980251">
        <ele>50.0</ele>
        <time>2026-08-01T15:06:46.000Z</time>
      </trkpt>
      <trkpt lat="40.069774651166874" lon="116.32310549494709">
        <ele>50.0</ele>
        <time>2026-08-01T15:06:47.000Z</time>
      </trkpt>
      <trkpt lat="40.06977433657171" lon="116.3230382259292">
        <ele>50.0</ele>
        <time>2026-08-01T15:06:48.000Z</time>
      </trkpt>
      <trkpt lat="40.069774049709416" lon="116.32297006877792">
        <ele>50.0</ele>
        <time>2026-08-01T15:06:49.000Z</time>
      </trkpt>
      <trkpt lat="40.06977415795384" lon="116.32290134561585">
        <ele>50.0</ele>
        <time>2026-08-01T15:06:50.000Z</time>
      </trkpt>
      <trkpt lat="40.0697746395139" lon="116.3228327134738">
        <ele>50.0</ele>
        <time>2026-08-01T15:06:51.000Z</time>
      </trkpt>
      <trkpt lat="40.069775278125114" lon="116.32276430378546">
        <ele>50.0</ele>
        <time>2026-08-01T15:06:52.000Z</time>
      </trkpt>
      <trkpt lat="40.06977616364018" lon="116.3226961800217">
        <ele>50.0</ele>
        <time>2026-08-01T15:06:53.000Z</time>
      </trkpt>
      <trkpt lat="40.06977737496524" lon="116.32262866129908">
        <ele>50.0</ele>
        <time>2026-08-01T15:06:54.000Z</time>
      </trkpt>
      <trkpt lat="40.069778868907456" lon="116.32256146598978">
        <ele>50.0</ele>
        <time>2026-08-01T15:06:55.000Z</time>
      </trkpt>
      <trkpt lat="40.06978045718659" lon="116.32249424871458">
        <ele>50.0</ele>
        <time>2026-08-01T15:06:56.000Z</time>
      </trkpt>
      <trkpt lat="40.06978206799548" lon="116.3224271517764">
        <ele>50.0</ele>
        <time>2026-08-01T15:06:57.000Z</time>
      </trkpt>
      <trkpt lat="40.06978409387869" lon="116.32235993045043">
        <ele>50.0</ele>
        <time>2026-08-01T15:06:58.000Z</time>
      </trkpt>
      <trkpt lat="40.06978691061482" lon="116.32229246314267">
        <ele>50.0</ele>
        <time>2026-08-01T15:06:59.000Z</time>
      </trkpt>
      <trkpt lat="40.06979078739324" lon="116.32222504160873">
        <ele>50.0</ele>
        <time>2026-08-01T15:07:00.000Z</time>
      </trkpt>
      <trkpt lat="40.06979619240682" lon="116.32215766326748">
        <ele>50.0</ele>
        <time>2026-08-01T15:07:01.000Z</time>
      </trkpt>
      <trkpt lat="40.069803662253165" lon="116.32209011088965">
        <ele>50.0</ele>
        <time>2026-08-01T15:07:02.000Z</time>
      </trkpt>
      <trkpt lat="40.06981377527165" lon="116.32202216983296">
        <ele>50.0</ele>
        <time>2026-08-01T15:07:03.000Z</time>
      </trkpt>
      <trkpt lat="40.06982644757307" lon="116.32195434045035">
        <ele>50.1</ele>
        <time>2026-08-01T15:07:04.000Z</time>
      </trkpt>
      <trkpt lat="40.06984080673513" lon="116.3218870025718">
        <ele>50.1</ele>
        <time>2026-08-01T15:07:05.000Z</time>
      </trkpt>
      <trkpt lat="40.06985594369612" lon="116.32181976741649">
        <ele>50.1</ele>
        <time>2026-08-01T15:07:06.000Z</time>
      </trkpt>
      <trkpt lat="40.069871041296224" lon="116.32175260602278">
        <ele>50.1</ele>
        <time>2026-08-01T15:07:07.000Z</time>
      </trkpt>
      <trkpt lat="40.06988553644439" lon="116.32168549685794">
        <ele>50.1</ele>
        <time>2026-08-01T15:07:08.000Z</time>
      </trkpt>
      <trkpt lat="40.069898962463874" lon="116.32161831201185">
        <ele>50.1</ele>
        <time>2026-08-01T15:07:09.000Z</time>
      </trkpt>
      <trkpt lat="40.06991077395096" lon="116.3215510318207">
        <ele>50.1</ele>
        <time>2026-08-01T15:07:10.000Z</time>
      </trkpt>
      <trkpt lat="40.069920570128026" lon="116.32148356128305">
        <ele>50.2</ele>
        <time>2026-08-01T15:07:11.000Z</time>
      </trkpt>
      <trkpt lat="40.06992822856655" lon="116.32141589986061">
        <ele>50.2</ele>
        <time>2026-08-01T15:07:12.000Z</time>
      </trkpt>
      <trkpt lat="40.06993388813522" lon="116.32134807308668">
        <ele>50.2</ele>
        <time>2026-08-01T15:07:13.000Z</time>
      </trkpt>
      <trkpt lat="40.06993783367641" lon="116.32128016922306">
        <ele>50.2</ele>
        <time>2026-08-01T15:07:14.000Z</time>
      </trkpt>
      <trkpt lat="40.06994044759075" lon="116.32121226129773">
        <ele>50.3</ele>
        <time>2026-08-01T15:07:15.000Z</time>
      </trkpt>
      <trkpt lat="40.06994217051597" lon="116.32114438318762">
        <ele>50.3</ele>
        <time>2026-08-01T15:07:16.000Z</time>
      </trkpt>
      <trkpt lat="40.06994337008216" lon="116.3210765932269">
        <ele>50.3</ele>
        <time>2026-08-01T15:07:17.000Z</time>
      </trkpt>
      <trkpt lat="40.06994434135714" lon="116.32100896038683">
        <ele>50.3</ele>
        <time>2026-08-01T15:07:18.000Z</time>
      </trkpt>
      <trkpt lat="40.06994530246363" lon="116.32094147266035">
        <ele>50.4</ele>
        <time>2026-08-01T15:07:19.000Z</time>
      </trkpt>
      <trkpt lat="40.06994645593291" lon="116.32087398878146">
        <ele>50.4</ele>
        <time>2026-08-01T15:07:20.000Z</time>
      </trkpt>
      <trkpt lat="40.06994777274498" lon="116.32080645148989">
        <ele>50.4</ele>
        <time>2026-08-01T15:07:21.000Z</time>
      </trkpt>
      <trkpt lat="40.06994906621203" lon="116.32073879609953">
        <ele>50.4</ele>
        <time>2026-08-01T15:07:22.000Z</time>
      </trkpt>
      <trkpt lat="40.06995022411975" lon="116.32067095538747">
        <ele>50.4</ele>
        <time>2026-08-01T15:07:23.000Z</time>
      </trkpt>
      <trkpt lat="40.069950923412286" lon="116.32060309586244">
        <ele>50.4</ele>
        <time>2026-08-01T15:07:24.000Z</time>
      </trkpt>
      <trkpt lat="40.06995111926523" lon="116.32053527231318">
        <ele>50.5</ele>
        <time>2026-08-01T15:07:25.000Z</time>
      </trkpt>
      <trkpt lat="40.06995114002051" lon="116.3204674382395">
        <ele>50.5</ele>
        <time>2026-08-01T15:07:26.000Z</time>
      </trkpt>
      <trkpt lat="40.06995124504647" lon="116.32039967089304">
        <ele>50.5</ele>
        <time>2026-08-01T15:07:27.000Z</time>
      </trkpt>
      <trkpt lat="40.069951506360184" lon="116.32033194446744">
        <ele>50.5</ele>
        <time>2026-08-01T15:07:28.000Z</time>
      </trkpt>
      <trkpt lat="40.06995188840616" lon="116.32026411334371">
        <ele>50.5</ele>
        <time>2026-08-01T15:07:29.000Z</time>
      </trkpt>
      <trkpt lat="40.0699523021128" lon="116.32019609058558">
        <ele>50.5</ele>
        <time>2026-08-01T15:07:30.000Z</time>
      </trkpt>
      <trkpt lat="40.06995260113742" lon="116.3201278450757">
        <ele>50.5</ele>
        <time>2026-08-01T15:07:31.000Z</time>
      </trkpt>
      <trkpt lat="40.06995270641929" lon="116.32005940931822">
        <ele>50.5</ele>
        <time>2026-08-01T15:07:32.000Z</time>
      </trkpt>
      <trkpt lat="40.06995277084217" lon="116.31999074092096">
        <ele>50.4</ele>
        <time>2026-08-01T15:07:33.000Z</time>
      </trkpt>
      <trkpt lat="40.06995303592623" lon="116.31992181400926">
        <ele>50.4</ele>
        <time>2026-08-01T15:07:34.000Z</time>
      </trkpt>
      <trkpt lat="40.06995348686118" lon="116.31985269892843">
        <ele>50.4</ele>
        <time>2026-08-01T15:07:35.000Z</time>
      </trkpt>
      <trkpt lat="40.06995409527717" lon="116.31978343851513">
        <ele>50.4</ele>
        <time>2026-08-01T15:07:36.000Z</time>
      </trkpt>
      <trkpt lat="40.06995487490893" lon="116.31971408319419">
        <ele>50.4</ele>
        <time>2026-08-01T15:07:37.000Z</time>
      </trkpt>
      <trkpt lat="40.06995569284797" lon="116.3196445385504">
        <ele>50.4</ele>
        <time>2026-08-01T15:07:38.000Z</time>
      </trkpt>
      <trkpt lat="40.069956434330486" lon="116.31957477733513">
        <ele>50.4</ele>
        <time>2026-08-01T15:07:39.000Z</time>
      </trkpt>
      <trkpt lat="40.0699571740098" lon="116.319504878389">
        <ele>50.4</ele>
        <time>2026-08-01T15:07:40.000Z</time>
      </trkpt>
      <trkpt lat="40.069957958401204" lon="116.31943490099871">
        <ele>50.4</ele>
        <time>2026-08-01T15:07:41.000Z</time>
      </trkpt>
      <trkpt lat="40.06995858881708" lon="116.31936485672497">
        <ele>50.4</ele>
        <time>2026-08-01T15:07:42.000Z</time>
      </trkpt>
      <trkpt lat="40.069958966620646" lon="116.31929466562167">
        <ele>50.4</ele>
        <time>2026-08-01T15:07:43.000Z</time>
      </trkpt>
      <trkpt lat="40.06995916143833" lon="116.31922434547076">
        <ele>50.4</ele>
        <time>2026-08-01T15:07:44.000Z</time>
      </trkpt>
      <trkpt lat="40.069959195771226" lon="116.31915384807013">
        <ele>50.4</ele>
        <time>2026-08-01T15:07:45.000Z</time>
      </trkpt>
      <trkpt lat="40.06995918891121" lon="116.31908304833291">
        <ele>50.4</ele>
        <time>2026-08-01T15:07:46.000Z</time>
      </trkpt>
      <trkpt lat="40.069959371983664" lon="116.31901203806997">
        <ele>50.4</ele>
        <time>2026-08-01T15:07:47.000Z</time>
      </trkpt>
      <trkpt lat="40.06995979844247" lon="116.31894105863368">
        <ele>50.4</ele>
        <time>2026-08-01T15:07:48.000Z</time>
      </trkpt>
      <trkpt lat="40.069960359511455" lon="116.3188704191584">
        <ele>50.4</ele>
        <time>2026-08-01T15:07:49.000Z</time>
      </trkpt>
      <trkpt lat="40.0699609991994" lon="116.3188002573293">
        <ele>50.4</ele>
        <time>2026-08-01T15:07:50.000Z</time>
      </trkpt>
      <trkpt lat="40.0699617279451" lon="116.31873053644198">
        <ele>50.4</ele>
        <time>2026-08-01T15:07:51.000Z</time>
      </trkpt>
      <trkpt lat="40.069962521812755" lon="116.31866129044005">
        <ele>50.4</ele>
        <time>2026-08-01T15:07:52.000Z</time>
      </trkpt>
      <trkpt lat="40.069963243890385" lon="116.31859236244028">
        <ele>50.4</ele>
        <time>2026-08-01T15:07:53.000Z</time>
      </trkpt>
      <trkpt lat="40.06996381395388" lon="116.31852359693795">
        <ele>50.4</ele>
        <time>2026-08-01T15:07:54.000Z</time>
      </trkpt>
      <trkpt lat="40.06996412727325" lon="116.3184550810949">
        <ele>50.4</ele>
        <time>2026-08-01T15:07:55.000Z</time>
      </trkpt>
      <trkpt lat="40.069964214366266" lon="116.31838663259441">
        <ele>50.4</ele>
        <time>2026-08-01T15:07:56.000Z</time>
      </trkpt>
      <trkpt lat="40.069964456914306" lon="116.31831803224615">
        <ele>50.4</ele>
        <time>2026-08-01T15:07:57.000Z</time>
      </trkpt>
      <trkpt lat="40.069964917453426" lon="116.31824929854645">
        <ele>50.4</ele>
        <time>2026-08-01T15:07:58.000Z</time>
      </trkpt>
      <trkpt lat="40.069965368687086" lon="116.31818037374647">
        <ele>50.3</ele>
        <time>2026-08-01T15:07:59.000Z</time>
      </trkpt>
      <trkpt lat="40.06996585446828" lon="116.31811094916057">
        <ele>50.3</ele>
        <time>2026-08-01T15:08:00.000Z</time>
      </trkpt>
      <trkpt lat="40.06996654212452" lon="116.3180408806729">
        <ele>50.3</ele>
        <time>2026-08-01T15:08:01.000Z</time>
      </trkpt>
      <trkpt lat="40.069967239668024" lon="116.31797073825186">
        <ele>50.3</ele>
        <time>2026-08-01T15:08:02.000Z</time>
      </trkpt>
      <trkpt lat="40.06996775896248" lon="116.31790062116774">
        <ele>50.3</ele>
        <time>2026-08-01T15:08:03.000Z</time>
      </trkpt>
      <trkpt lat="40.069968319029925" lon="116.31783030147993">
        <ele>50.2</ele>
        <time>2026-08-01T15:08:04.000Z</time>
      </trkpt>
      <trkpt lat="40.0699690184824" lon="116.31775976702652">
        <ele>50.2</ele>
        <time>2026-08-01T15:08:05.000Z</time>
      </trkpt>
      <trkpt lat="40.06996992031319" lon="116.31768911700084">
        <ele>50.2</ele>
        <time>2026-08-01T15:08:06.000Z</time>
      </trkpt>
      <trkpt lat="40.06997097346834" lon="116.31761875685231">
        <ele>50.2</ele>
        <time>2026-08-01T15:08:07.000Z</time>
      </trkpt>
      <trkpt lat="40.06997200428286" lon="116.31754861166078">
        <ele>50.2</ele>
        <time>2026-08-01T15:08:08.000Z</time>
      </trkpt>
      <trkpt lat="40.06997288232009" lon="116.31747850206177">
        <ele>50.2</ele>
        <time>2026-08-01T15:08:09.000Z</time>
      </trkpt>
      <trkpt lat="40.06997350680789" lon="116.31740825103184">
        <ele>50.2</ele>
        <time>2026-08-01T15:08:10.000Z</time>
      </trkpt>
      <trkpt lat="40.0699740227987" lon="116.3173372027467">
        <ele>50.2</ele>
        <time>2026-08-01T15:08:11.000Z</time>
      </trkpt>
      <trkpt lat="40.06997455521727" lon="116.31726498649861">
        <ele>50.2</ele>
        <time>2026-08-01T15:08:12.000Z</time>
      </trkpt>
      <trkpt lat="40.069974749712024" lon="116.31719166691728">
        <ele>50.2</ele>
        <time>2026-08-01T15:08:13.000Z</time>
      </trkpt>
      <trkpt lat="40.069974690317814" lon="116.31711787178193">
        <ele>50.2</ele>
        <time>2026-08-01T15:08:14.000Z</time>
      </trkpt>
      <trkpt lat="40.06997482498083" lon="116.31704394542301">
        <ele>50.2</ele>
        <time>2026-08-01T15:08:15.000Z</time>
      </trkpt>
      <trkpt lat="40.06997516152481" lon="116.31696971360527">
        <ele>50.2</ele>
        <time>2026-08-01T15:08:16.000Z</time>
      </trkpt>
      <trkpt lat="40.06997545691996" lon="116.3168953248115">
        <ele>50.2</ele>
        <time>2026-08-01T15:08:17.000Z</time>
      </trkpt>
      <trkpt lat="40.06997571802492" lon="116.31682082352208">
        <ele>50.3</ele>
        <time>2026-08-01T15:08:18.000Z</time>
      </trkpt>
      <trkpt lat="40.06997598491384" lon="116.31674647349385">
        <ele>50.3</ele>
        <time>2026-08-01T15:08:19.000Z</time>
      </trkpt>
      <trkpt lat="40.06997621886174" lon="116.316672511281">
        <ele>50.3</ele>
        <time>2026-08-01T15:08:20.000Z</time>
      </trkpt>
      <trkpt lat="40.069976544393874" lon="116.31659894902538">
        <ele>50.3</ele>
        <time>2026-08-01T15:08:21.000Z</time>
      </trkpt>
      <trkpt lat="40.069977077633354" lon="116.31652596904931">
        <ele>50.4</ele>
        <time>2026-08-01T15:08:22.000Z</time>
      </trkpt>
      <trkpt lat="40.069977735959014" lon="116.31645378741143">
        <ele>50.4</ele>
        <time>2026-08-01T15:08:23.000Z</time>
      </trkpt>
      <trkpt lat="40.06997821725625" lon="116.3163823369487">
        <ele>50.4</ele>
        <time>2026-08-01T15:08:24.000Z</time>
      </trkpt>
      <trkpt lat="40.069978565299635" lon="116.31631152914956">
        <ele>50.4</ele>
        <time>2026-08-01T15:08:25.000Z</time>
      </trkpt>
      <trkpt lat="40.06997896063856" lon="116.31624150574793">
        <ele>50.4</ele>
        <time>2026-08-01T15:08:26.000Z</time>
      </trkpt>
      <trkpt lat="40.0699794351649" lon="116.31617211820289">
        <ele>50.4</ele>
        <time>2026-08-01T15:08:27.000Z</time>
      </trkpt>
      <trkpt lat="40.06997997868481" lon="116.31610352818434">
        <ele>50.4</ele>
        <time>2026-08-01T15:08:28.000Z</time>
      </trkpt>
      <trkpt lat="40.06998052821908" lon="116.31603585790876">
        <ele>50.5</ele>
        <time>2026-08-01T15:08:29.000Z</time>
      </trkpt>
      <trkpt lat="40.06998087064306" lon="116.31596883180497">
        <ele>50.5</ele>
        <time>2026-08-01T15:08:30.000Z</time>
      </trkpt>
      <trkpt lat="40.06998080045924" lon="116.31590261543529">
        <ele>50.5</ele>
        <time>2026-08-01T15:08:31.000Z</time>
      </trkpt>
      <trkpt lat="40.06998039456315" lon="116.31583662535157">
        <ele>50.5</ele>
        <time>2026-08-01T15:08:32.000Z</time>
      </trkpt>
      <trkpt lat="40.06998015152528" lon="116.31577024911161">
        <ele>50.5</ele>
        <time>2026-08-01T15:08:33.000Z</time>
      </trkpt>
      <trkpt lat="40.06998064863709" lon="116.31570370624802">
        <ele>50.5</ele>
        <time>2026-08-01T15:08:34.000Z</time>
      </trkpt>
      <trkpt lat="40.06998237135256" lon="116.31563720329186">
        <ele>50.5</ele>
        <time>2026-08-01T15:08:35.000Z</time>
      </trkpt>
      <trkpt lat="40.069985359724065" lon="116.31557077099015">
        <ele>50.5</ele>
        <time>2026-08-01T15:08:36.000Z</time>
      </trkpt>
      <trkpt lat="40.06998885340532" lon="116.31550406514081">
        <ele>50.5</ele>
        <time>2026-08-01T15:08:37.000Z</time>
      </trkpt>
      <trkpt lat="40.06999193184985" lon="116.31543720334517">
        <ele>50.5</ele>
        <time>2026-08-01T15:08:38.000Z</time>
      </trkpt>
      <trkpt lat="40.06999431597882" lon="116.31537026776859">
        <ele>50.5</ele>
        <time>2026-08-01T15:08:39.000Z</time>
      </trkpt>
      <trkpt lat="40.06999617538441" lon="116.31530319443056">
        <ele>50.5</ele>
        <time>2026-08-01T15:08:40.000Z</time>
      </trkpt>
      <trkpt lat="40.06999764217113" lon="116.31523635171386">
        <ele>50.6</ele>
        <time>2026-08-01T15:08:41.000Z</time>
      </trkpt>
      <trkpt lat="40.06999880815076" lon="116.31517000940386">
        <ele>50.6</ele>
        <time>2026-08-01T15:08:42.000Z</time>
      </trkpt>
      <trkpt lat="40.06999984383042" lon="116.31510435728707">
        <ele>50.6</ele>
        <time>2026-08-01T15:08:43.000Z</time>
      </trkpt>
      <trkpt lat="40.070000887777184" lon="116.31503932620785">
        <ele>50.7</ele>
        <time>2026-08-01T15:08:44.000Z</time>
      </trkpt>
      <trkpt lat="40.07000178244337" lon="116.31497457153696">
        <ele>50.7</ele>
        <time>2026-08-01T15:08:45.000Z</time>
      </trkpt>
      <trkpt lat="40.07000229563784" lon="116.31490967743106">
        <ele>50.7</ele>
        <time>2026-08-01T15:08:46.000Z</time>
      </trkpt>
      <trkpt lat="40.07000240220884" lon="116.31484473488003">
        <ele>50.7</ele>
        <time>2026-08-01T15:08:47.000Z</time>
      </trkpt>
      <trkpt lat="40.070002257783536" lon="116.31477976077325">
        <ele>50.7</ele>
        <time>2026-08-01T15:08:48.000Z</time>
      </trkpt>
      <trkpt lat="40.07000242814452" lon="116.31471485408018">
        <ele>50.7</ele>
        <time>2026-08-01T15:08:49.000Z</time>
      </trkpt>
      <trkpt lat="40.070003000745665" lon="116.3146503087079">
        <ele>50.7</ele>
        <time>2026-08-01T15:08:50.000Z</time>
      </trkpt>
      <trkpt lat="40.07000340678857" lon="116.31458584698483">
        <ele>50.7</ele>
        <time>2026-08-01T15:08:51.000Z</time>
      </trkpt>
      <trkpt lat="40.070003635390904" lon="116.31452135357776">
        <ele>50.7</ele>
        <time>2026-08-01T15:08:52.000Z</time>
      </trkpt>
      <trkpt lat="40.07000386555139" lon="116.31445688279508">
        <ele>50.7</ele>
        <time>2026-08-01T15:08:53.000Z</time>
      </trkpt>
      <trkpt lat="40.070004126537775" lon="116.31439266261641">
        <ele>50.7</ele>
        <time>2026-08-01T15:08:54.000Z</time>
      </trkpt>
      <trkpt lat="40.07000445166007" lon="116.31432865027266">
        <ele>50.7</ele>
        <time>2026-08-01T15:08:55.000Z</time>
      </trkpt>
      <trkpt lat="40.07000478078392" lon="116.31426470402084">
        <ele>50.7</ele>
        <time>2026-08-01T15:08:56.000Z</time>
      </trkpt>
      <trkpt lat="40.07000500637989" lon="116.31420115496371">
        <ele>50.7</ele>
        <time>2026-08-01T15:08:57.000Z</time>
      </trkpt>
      <trkpt lat="40.070005208222504" lon="116.31413814863116">
        <ele>50.7</ele>
        <time>2026-08-01T15:08:58.000Z</time>
      </trkpt>
      <trkpt lat="40.07000556772765" lon="116.31407470812212">
        <ele>50.8</ele>
        <time>2026-08-01T15:08:59.000Z</time>
      </trkpt>
      <trkpt lat="40.07000600099113" lon="116.31401014304903">
        <ele>50.8</ele>
        <time>2026-08-01T15:09:00.000Z</time>
      </trkpt>
      <trkpt lat="40.07000634229492" lon="116.31394433043342">
        <ele>50.8</ele>
        <time>2026-08-01T15:09:01.000Z</time>
      </trkpt>
      <trkpt lat="40.07000667675196" lon="116.31387737513987">
        <ele>50.8</ele>
        <time>2026-08-01T15:09:02.000Z</time>
      </trkpt>
      <trkpt lat="40.07000699929737" lon="116.31380973800485">
        <ele>50.8</ele>
        <time>2026-08-01T15:09:03.000Z</time>
      </trkpt>
      <trkpt lat="40.07000698533393" lon="116.3137414011619">
        <ele>50.8</ele>
        <time>2026-08-01T15:09:04.000Z</time>
      </trkpt>
      <trkpt lat="40.070006506292806" lon="116.31367275819592">
        <ele>50.8</ele>
        <time>2026-08-01T15:09:05.000Z</time>
      </trkpt>
      <trkpt lat="40.07000543139741" lon="116.31360443600788">
        <ele>50.9</ele>
        <time>2026-08-01T15:09:06.000Z</time>
      </trkpt>
      <trkpt lat="40.07000335406055" lon="116.31353653451377">
        <ele>50.9</ele>
        <time>2026-08-01T15:09:07.000Z</time>
      </trkpt>
      <trkpt lat="40.06999975567367" lon="116.313468916653">
        <ele>50.9</ele>
        <time>2026-08-01T15:09:08.000Z</time>
      </trkpt>
      <trkpt lat="40.069994328471964" lon="116.31340198434242">
        <ele>50.9</ele>
        <time>2026-08-01T15:09:09.000Z</time>
      </trkpt>
      <trkpt lat="40.06998681805669" lon="116.31333600804581">
        <ele>50.9</ele>
        <time>2026-08-01T15:09:10.000Z</time>
      </trkpt>
      <trkpt lat="40.06997701612529" lon="116.31327065786603">
        <ele>50.9</ele>
        <time>2026-08-01T15:09:11.000Z</time>
      </trkpt>
      <trkpt lat="40.069965128900854" lon="116.31320616102497">
        <ele>50.9</ele>
        <time>2026-08-01T15:09:12.000Z</time>
      </trkpt>
      <trkpt lat="40.069951392928914" lon="116.31314282280418">
        <ele>50.9</ele>
        <time>2026-08-01T15:09:13.000Z</time>
      </trkpt>
      <trkpt lat="40.069935865297964" lon="116.31308050900596">
        <ele>50.9</ele>
        <time>2026-08-01T15:09:14.000Z</time>
      </trkpt>
      <trkpt lat="40.06991878686526" lon="116.31301924841384">
        <ele>50.9</ele>
        <time>2026-08-01T15:09:15.000Z</time>
      </trkpt>
      <trkpt lat="40.069900971908254" lon="116.31295921502652">
        <ele>50.9</ele>
        <time>2026-08-01T15:09:16.000Z</time>
      </trkpt>
      <trkpt lat="40.069883010861695" lon="116.31290039581991">
        <ele>50.9</ele>
        <time>2026-08-01T15:09:17.000Z</time>
      </trkpt>
      <trkpt lat="40.06986500281785" lon="116.3128423407184">
        <ele>51.0</ele>
        <time>2026-08-01T15:09:18.000Z</time>
      </trkpt>
      <trkpt lat="40.06984702452693" lon="116.31278473504823">
        <ele>51.0</ele>
        <time>2026-08-01T15:09:19.000Z</time>
      </trkpt>
      <trkpt lat="40.06982895950589" lon="116.31272750281373">
        <ele>51.0</ele>
        <time>2026-08-01T15:09:20.000Z</time>
      </trkpt>
      <trkpt lat="40.069811026384734" lon="116.31267066532158">
        <ele>51.0</ele>
        <time>2026-08-01T15:09:21.000Z</time>
      </trkpt>
      <trkpt lat="40.06979357779565" lon="116.31261407975208">
        <ele>51.0</ele>
        <time>2026-08-01T15:09:22.000Z</time>
      </trkpt>
      <trkpt lat="40.06977690485379" lon="116.31255743807402">
        <ele>51.0</ele>
        <time>2026-08-01T15:09:23.000Z</time>
      </trkpt>
      <trkpt lat="40.06976162521363" lon="116.31250070144556">
        <ele>51.0</ele>
        <time>2026-08-01T15:09:24.000Z</time>
      </trkpt>
      <trkpt lat="40.069748315747965" lon="116.31244379203463">
        <ele>51.0</ele>
        <time>2026-08-01T15:09:25.000Z</time>
      </trkpt>
      <trkpt lat="40.069737247995945" lon="116.31238646272537">
        <ele>51.1</ele>
        <time>2026-08-01T15:09:26.000Z</time>
      </trkpt>
      <trkpt lat="40.06972846406822" lon="116.3123285577319">
        <ele>51.1</ele>
        <time>2026-08-01T15:09:27.000Z</time>
      </trkpt>
      <trkpt lat="40.06972179801182" lon="116.31226984946748">
        <ele>51.1</ele>
        <time>2026-08-01T15:09:28.000Z</time>
      </trkpt>
      <trkpt lat="40.06971713012069" lon="116.3122102511195">
        <ele>51.1</ele>
        <time>2026-08-01T15:09:29.000Z</time>
      </trkpt>
      <trkpt lat="40.0697143577283" lon="116.3121500233185">
        <ele>51.2</ele>
        <time>2026-08-01T15:09:30.000Z</time>
      </trkpt>
      <trkpt lat="40.06971312993884" lon="116.31208948365172">
        <ele>51.2</ele>
        <time>2026-08-01T15:09:31.000Z</time>
      </trkpt>
      <trkpt lat="40.06971289865497" lon="116.31202863903297">
        <ele>51.2</ele>
        <time>2026-08-01T15:09:32.000Z</time>
      </trkpt>
      <trkpt lat="40.069712996576875" lon="116.31196763813858">
        <ele>51.3</ele>
        <time>2026-08-01T15:09:33.000Z</time>
      </trkpt>
      <trkpt lat="40.06971317673089" lon="116.31190655255222">
        <ele>51.3</ele>
        <time>2026-08-01T15:09:34.000Z</time>
      </trkpt>
      <trkpt lat="40.06971350696866" lon="116.31184537637314">
        <ele>51.3</ele>
        <time>2026-08-01T15:09:35.000Z</time>
      </trkpt>
      <trkpt lat="40.06971404870639" lon="116.31178410089818">
        <ele>51.4</ele>
        <time>2026-08-01T15:09:36.000Z</time>
      </trkpt>
      <trkpt lat="40.06971491418123" lon="116.3117227233219">
        <ele>51.4</ele>
        <time>2026-08-01T15:09:37.000Z</time>
      </trkpt>
      <trkpt lat="40.069716205731865" lon="116.31166145495007">
        <ele>51.4</ele>
        <time>2026-08-01T15:09:38.000Z</time>
      </trkpt>
      <trkpt lat="40.06971791497621" lon="116.3116001091204">
        <ele>51.5</ele>
        <time>2026-08-01T15:09:39.000Z</time>
      </trkpt>
      <trkpt lat="40.06971981037097" lon="116.31153848578074">
        <ele>51.5</ele>
        <time>2026-08-01T15:09:40.000Z</time>
      </trkpt>
      <trkpt lat="40.06972169433569" lon="116.31147701432837">
        <ele>51.5</ele>
        <time>2026-08-01T15:09:41.000Z</time>
      </trkpt>
      <trkpt lat="40.06972337723826" lon="116.31141626349907">
        <ele>51.5</ele>
        <time>2026-08-01T15:09:42.000Z</time>
      </trkpt>
      <trkpt lat="40.06972499728118" lon="116.31135651903892">
        <ele>51.6</ele>
        <time>2026-08-01T15:09:43.000Z</time>
      </trkpt>
      <trkpt lat="40.06972695284483" lon="116.31129763255689">
        <ele>51.6</ele>
        <time>2026-08-01T15:09:44.000Z</time>
      </trkpt>
      <trkpt lat="40.06972855088514" lon="116.31123831515517">
        <ele>51.6</ele>
        <time>2026-08-01T15:09:45.000Z</time>
      </trkpt>
      <trkpt lat="40.06972932126652" lon="116.31117842876019">
        <ele>51.6</ele>
        <time>2026-08-01T15:09:46.000Z</time>
      </trkpt>
      <trkpt lat="40.06972983269965" lon="116.31111915272791">
        <ele>51.6</ele>
        <time>2026-08-01T15:09:47.000Z</time>
      </trkpt>
      <trkpt lat="40.06973048990982" lon="116.31106059501884">
        <ele>51.6</ele>
        <time>2026-08-01T15:09:48.000Z</time>
      </trkpt>
      <trkpt lat="40.06973156809582" lon="116.31100208580946">
        <ele>51.7</ele>
        <time>2026-08-01T15:09:49.000Z</time>
      </trkpt>
      <trkpt lat="40.06973303333895" lon="116.31094313191188">
        <ele>51.7</ele>
        <time>2026-08-01T15:09:50.000Z</time>
      </trkpt>
      <trkpt lat="40.069734387457984" lon="116.31088338700584">
        <ele>51.7</ele>
        <time>2026-08-01T15:09:51.000Z</time>
      </trkpt>
      <trkpt lat="40.06973550445097" lon="116.31082290759795">
        <ele>51.7</ele>
        <time>2026-08-01T15:09:52.000Z</time>
      </trkpt>
      <trkpt lat="40.06973669714633" lon="116.31076193916164">
        <ele>51.7</ele>
        <time>2026-08-01T15:09:53.000Z</time>
      </trkpt>
      <trkpt lat="40.06973808134993" lon="116.31070052549421">
        <ele>51.8</ele>
        <time>2026-08-01T15:09:54.000Z</time>
      </trkpt>
      <trkpt lat="40.06973942366219" lon="116.31063857714635">
        <ele>51.8</ele>
        <time>2026-08-01T15:09:55.000Z</time>
      </trkpt>
      <trkpt lat="40.069740272889334" lon="116.31057599307212">
        <ele>51.8</ele>
        <time>2026-08-01T15:09:56.000Z</time>
      </trkpt>
      <trkpt lat="40.06974082740454" lon="116.3105133179408">
        <ele>51.8</ele>
        <time>2026-08-01T15:09:57.000Z</time>
      </trkpt>
      <trkpt lat="40.06974175622059" lon="116.31045096251367">
        <ele>51.8</ele>
        <time>2026-08-01T15:09:58.000Z</time>
      </trkpt>
      <trkpt lat="40.06974315373738" lon="116.3103884533539">
        <ele>51.9</ele>
        <time>2026-08-01T15:09:59.000Z</time>
      </trkpt>
      <trkpt lat="40.0697447343714" lon="116.31032501417859">
        <ele>51.9</ele>
        <time>2026-08-01T15:10:00.000Z</time>
      </trkpt>
      <trkpt lat="40.06974622505905" lon="116.31026009871536">
        <ele>51.9</ele>
        <time>2026-08-01T15:10:01.000Z</time>
      </trkpt>
      <trkpt lat="40.06974763048046" lon="116.31019401932754">
        <ele>51.9</ele>
        <time>2026-08-01T15:10:02.000Z</time>
      </trkpt>
      <trkpt lat="40.06974903216062" lon="116.31012723246135">
        <ele>51.9</ele>
        <time>2026-08-01T15:10:03.000Z</time>
      </trkpt>
      <trkpt lat="40.069750199295925" lon="116.31005973034522">
        <ele>51.9</ele>
        <time>2026-08-01T15:10:04.000Z</time>
      </trkpt>
      <trkpt lat="40.069751098292635" lon="116.30999150088358">
        <ele>51.9</ele>
        <time>2026-08-01T15:10:05.000Z</time>
      </trkpt>
      <trkpt lat="40.06975189900964" lon="116.30992286405166">
        <ele>51.9</ele>
        <time>2026-08-01T15:10:06.000Z</time>
      </trkpt>
      <trkpt lat="40.06975253161571" lon="116.30985379719239">
        <ele>51.9</ele>
        <time>2026-08-01T15:10:07.000Z</time>
      </trkpt>
      <trkpt lat="40.06975277995512" lon="116.30978405248052">
        <ele>51.9</ele>
        <time>2026-08-01T15:10:08.000Z</time>
      </trkpt>
      <trkpt lat="40.0697527966302" lon="116.3097137548628">
        <ele>51.9</ele>
        <time>2026-08-01T15:10:09.000Z</time>
      </trkpt>
      <trkpt lat="40.06975291477073" lon="116.30964291513838">
        <ele>51.8</ele>
        <time>2026-08-01T15:10:10.000Z</time>
      </trkpt>
      <trkpt lat="40.069753267305686" lon="116.30957145176077">
        <ele>51.8</ele>
        <time>2026-08-01T15:10:11.000Z</time>
      </trkpt>
      <trkpt lat="40.06975374802761" lon="116.30949952911168">
        <ele>51.8</ele>
        <time>2026-08-01T15:10:12.000Z</time>
      </trkpt>
      <trkpt lat="40.0697542331749" lon="116.30942713109414">
        <ele>51.8</ele>
        <time>2026-08-01T15:10:13.000Z</time>
      </trkpt>
      <trkpt lat="40.06975459947411" lon="116.3093539738474">
        <ele>51.7</ele>
        <time>2026-08-01T15:10:14.000Z</time>
      </trkpt>
      <trkpt lat="40.069754631602684" lon="116.30928035265526">
        <ele>51.7</ele>
        <time>2026-08-01T15:10:15.000Z</time>
      </trkpt>
      <trkpt lat="40.069754258691965" lon="116.30920660564266">
        <ele>51.7</ele>
        <time>2026-08-01T15:10:16.000Z</time>
      </trkpt>
      <trkpt lat="40.06975358260736" lon="116.30913251885192">
        <ele>51.6</ele>
        <time>2026-08-01T15:10:17.000Z</time>
      </trkpt>
      <trkpt lat="40.069752897637" lon="116.3090581561584">
        <ele>51.6</ele>
        <time>2026-08-01T15:10:18.000Z</time>
      </trkpt>
      <trkpt lat="40.069752557920715" lon="116.30898372081589">
        <ele>51.6</ele>
        <time>2026-08-01T15:10:19.000Z</time>
      </trkpt>
      <trkpt lat="40.06975282062117" lon="116.30890921748814">
        <ele>51.5</ele>
        <time>2026-08-01T15:10:20.000Z</time>
      </trkpt>
      <trkpt lat="40.069753778637" lon="116.30883469985794">
        <ele>51.5</ele>
        <time>2026-08-01T15:10:21.000Z</time>
      </trkpt>
      <trkpt lat="40.069755285312105" lon="116.30876009639445">
        <ele>51.5</ele>
        <time>2026-08-01T15:10:22.000Z</time>
      </trkpt>
      <trkpt lat="40.06975722219288" lon="116.30868523834334">
        <ele>51.4</ele>
        <time>2026-08-01T15:10:23.000Z</time>
      </trkpt>
      <trkpt lat="40.06975964310948" lon="116.30861010080541">
        <ele>51.4</ele>
        <time>2026-08-01T15:10:24.000Z</time>
      </trkpt>
      <trkpt lat="40.06976238708911" lon="116.3085348736391">
        <ele>51.4</ele>
        <time>2026-08-01T15:10:25.000Z</time>
      </trkpt>
      <trkpt lat="40.06976495964744" lon="116.30845984675477">
        <ele>51.4</ele>
        <time>2026-08-01T15:10:26.000Z</time>
      </trkpt>
      <trkpt lat="40.06976723925785" lon="116.30838488774127">
        <ele>51.4</ele>
        <time>2026-08-01T15:10:27.000Z</time>
      </trkpt>
      <trkpt lat="40.06976936897905" lon="116.30830953256482">
        <ele>51.3</ele>
        <time>2026-08-01T15:10:28.000Z</time>
      </trkpt>
      <trkpt lat="40.06977128429344" lon="116.30823378252151">
        <ele>51.3</ele>
        <time>2026-08-01T15:10:29.000Z</time>
      </trkpt>
      <trkpt lat="40.069772967846646" lon="116.30815785711577">
        <ele>51.3</ele>
        <time>2026-08-01T15:10:30.000Z</time>
      </trkpt>
      <trkpt lat="40.06977443457237" lon="116.30808185183825">
        <ele>51.3</ele>
        <time>2026-08-01T15:10:31.000Z</time>
      </trkpt>
      <trkpt lat="40.0697756499254" lon="116.30800582381283">
        <ele>51.3</ele>
        <time>2026-08-01T15:10:32.000Z</time>
      </trkpt>
      <trkpt lat="40.069776561727885" lon="116.30792985596342">
        <ele>51.2</ele>
        <time>2026-08-01T15:10:33.000Z</time>
      </trkpt>
      <trkpt lat="40.0697771402285" lon="116.30785405458937">
        <ele>51.2</ele>
        <time>2026-08-01T15:10:34.000Z</time>
      </trkpt>
      <trkpt lat="40.06977737391715" lon="116.30777833847942">
        <ele>51.2</ele>
        <time>2026-08-01T15:10:35.000Z</time>
      </trkpt>
      <trkpt lat="40.06977714126454" lon="116.30770264367423">
        <ele>51.1</ele>
        <time>2026-08-01T15:10:36.000Z</time>
      </trkpt>
      <trkpt lat="40.06977611702707" lon="116.30762715239243">
        <ele>51.1</ele>
        <time>2026-08-01T15:10:37.000Z</time>
      </trkpt>
      <trkpt lat="40.06977444649483" lon="116.30755201296138">
        <ele>51.1</ele>
        <time>2026-08-01T15:10:38.000Z</time>
      </trkpt>
      <trkpt lat="40.069772932704566" lon="116.30747681352796">
        <ele>51.0</ele>
        <time>2026-08-01T15:10:39.000Z</time>
      </trkpt>
      <trkpt lat="40.069771952874824" lon="116.30740117547384">
        <ele>51.0</ele>
        <time>2026-08-01T15:10:40.000Z</time>
      </trkpt>
      <trkpt lat="40.06977265163979" lon="116.30732276623426">
        <ele>51.0</ele>
        <time>2026-08-01T15:10:41.000Z</time>
      </trkpt>
      <trkpt lat="40.069774772729744" lon="116.30724229919636">
        <ele>50.9</ele>
        <time>2026-08-01T15:10:42.000Z</time>
      </trkpt>
      <trkpt lat="40.069776167578965" lon="116.30716195405131">
        <ele>50.9</ele>
        <time>2026-08-01T15:10:43.000Z</time>
      </trkpt>
      <trkpt lat="40.06977722185329" lon="116.30708072731555">
        <ele>50.9</ele>
        <time>2026-08-01T15:10:44.000Z</time>
      </trkpt>
      <trkpt lat="40.069778193260774" lon="116.30699830891095">
        <ele>50.8</ele>
        <time>2026-08-01T15:10:45.000Z</time>
      </trkpt>
      <trkpt lat="40.06977899496507" lon="116.30691538786061">
        <ele>50.8</ele>
        <time>2026-08-01T15:10:46.000Z</time>
      </trkpt>
      <trkpt lat="40.069779560163425" lon="116.30683321554028">
        <ele>50.7</ele>
        <time>2026-08-01T15:10:47.000Z</time>
      </trkpt>
      <trkpt lat="40.069779080573745" lon="116.30675125720578">
        <ele>50.7</ele>
        <time>2026-08-01T15:10:48.000Z</time>
        <extensions>
          <gpxtpx:TrackPointExtension>
            <gpxtpx:hr>138</gpxtpx:hr>
          </gpxtpx:TrackPointExtension>
        </extensions>
      </trkpt>
      <trkpt lat="40.06977949759315" lon="116.30666931593564">
        <ele>50.6</ele>
        <time>2026-08-01T15:10:49.000Z</time>
        <extensions>
          <gpxtpx:TrackPointExtension>
            <gpxtpx:hr>138</gpxtpx:hr>
          </gpxtpx:TrackPointExtension>
        </extensions>
      </trkpt>
      <trkpt lat="40.06978115490954" lon="116.3065878238522">
        <ele>50.6</ele>
        <time>2026-08-01T15:10:50.000Z</time>
        <extensions>
          <gpxtpx:TrackPointExtension>
            <gpxtpx:hr>138</gpxtpx:hr>
          </gpxtpx:TrackPointExtension>
        </extensions>
      </trkpt>
      <trkpt lat="40.06978290978678" lon="116.30650693090494">
        <ele>50.5</ele>
        <time>2026-08-01T15:10:51.000Z</time>
        <extensions>
          <gpxtpx:TrackPointExtension>
            <gpxtpx:hr>138</gpxtpx:hr>
          </gpxtpx:TrackPointExtension>
        </extensions>
      </trkpt>
      <trkpt lat="40.06978463601992" lon="116.30642699675325">
        <ele>50.5</ele>
        <time>2026-08-01T15:10:52.000Z</time>
        <extensions>
          <gpxtpx:TrackPointExtension>
            <gpxtpx:hr>138</gpxtpx:hr>
          </gpxtpx:TrackPointExtension>
        </extensions>
      </trkpt>
      <trkpt lat="40.069785920403945" lon="116.30634709740106">
        <ele>50.4</ele>
        <time>2026-08-01T15:10:53.000Z</time>
        <extensions>
          <gpxtpx:TrackPointExtension>
            <gpxtpx:hr>138</gpxtpx:hr>
          </gpxtpx:TrackPointExtension>
        </extensions>
      </trkpt>
      <trkpt lat="40.06978725653579" lon="116.30626704427698">
        <ele>50.4</ele>
        <time>2026-08-01T15:10:54.000Z</time>
        <extensions>
          <gpxtpx:TrackPointExtension>
            <gpxtpx:hr>138</gpxtpx:hr>
          </gpxtpx:TrackPointExtension>
        </extensions>
      </trkpt>
      <trkpt lat="40.06978886918846" lon="116.30618648549262">
        <ele>50.3</ele>
        <time>2026-08-01T15:10:55.000Z</time>
        <extensions>
          <gpxtpx:TrackPointExtension>
            <gpxtpx:hr>138</gpxtpx:hr>
          </gpxtpx:TrackPointExtension>
        </extensions>
      </trkpt>
      <trkpt lat="40.06979166909839" lon="116.30610625391044">
        <ele>50.3</ele>
        <time>2026-08-01T15:10:56.000Z</time>
        <extensions>
          <gpxtpx:TrackPointExtension>
            <gpxtpx:hr>138</gpxtpx:hr>
          </gpxtpx:TrackPointExtension>
        </extensions>
      </trkpt>
      <trkpt lat="40.06979609710968" lon="116.30602734682496">
        <ele>50.3</ele>
        <time>2026-08-01T15:10:57.000Z</time>
        <extensions>
          <gpxtpx:TrackPointExtension>
            <gpxtpx:hr>138</gpxtpx:hr>
          </gpxtpx:TrackPointExtension>
        </extensions>
      </trkpt>
      <trkpt lat="40.06980198216649" lon="116.30594842775214">
        <ele>50.2</ele>
        <time>2026-08-01T15:10:58.000Z</time>
        <extensions>
          <gpxtpx:TrackPointExtension>
            <gpxtpx:hr>138</gpxtpx:hr>
          </gpxtpx:TrackPointExtension>
        </extensions>
      </trkpt>
      <trkpt lat="40.06980925770449" lon="116.30586936853469">
        <ele>50.2</ele>
        <time>2026-08-01T15:10:59.000Z</time>
        <extensions>
          <gpxtpx:TrackPointExtension>
            <gpxtpx:hr>138</gpxtpx:hr>
          </gpxtpx:TrackPointExtension>
        </extensions>
      </trkpt>
      <trkpt lat="40.06981786338668" lon="116.30578984694304">
        <ele>50.2</ele>
        <time>2026-08-01T15:11:00.000Z</time>
        <extensions>
          <gpxtpx:TrackPointExtension>
            <gpxtpx:hr>138</gpxtpx:hr>
          </gpxtpx:TrackPointExtension>
        </extensions>
      </trkpt>
      <trkpt lat="40.06982791298481" lon="116.3057105441801">
        <ele>50.1</ele>
        <time>2026-08-01T15:11:01.000Z</time>
        <extensions>
          <gpxtpx:TrackPointExtension>
            <gpxtpx:hr>138</gpxtpx:hr>
          </gpxtpx:TrackPointExtension>
        </extensions>
      </trkpt>
      <trkpt lat="40.06983897579894" lon="116.30563218450558">
        <ele>50.1</ele>
        <time>2026-08-01T15:11:02.000Z</time>
        <extensions>
          <gpxtpx:TrackPointExtension>
            <gpxtpx:hr>138</gpxtpx:hr>
          </gpxtpx:TrackPointExtension>
        </extensions>
      </trkpt>
      <trkpt lat="40.06985107203258" lon="116.30555442960464">
        <ele>50.1</ele>
        <time>2026-08-01T15:11:03.000Z</time>
        <extensions>
          <gpxtpx:TrackPointExtension>
            <gpxtpx:hr>138</gpxtpx:hr>
          </gpxtpx:TrackPointExtension>
        </extensions>
      </trkpt>
      <trkpt lat="40.06986377401274" lon="116.3054772207651">
        <ele>50.1</ele>
        <time>2026-08-01T15:11:04.000Z</time>
        <extensions>
          <gpxtpx:TrackPointExtension>
            <gpxtpx:hr>138</gpxtpx:hr>
          </gpxtpx:TrackPointExtension>
        </extensions>
      </trkpt>
      <trkpt lat="40.06987647646788" lon="116.3054001784761">
        <ele>50.0</ele>
        <time>2026-08-01T15:11:05.000Z</time>
        <extensions>
          <gpxtpx:TrackPointExtension>
            <gpxtpx:hr>138</gpxtpx:hr>
          </gpxtpx:TrackPointExtension>
        </extensions>
      </trkpt>
      <trkpt lat="40.06989040258127" lon="116.3053230652261">
        <ele>50.0</ele>
        <time>2026-08-01T15:11:06.000Z</time>
        <extensions>
          <gpxtpx:TrackPointExtension>
            <gpxtpx:hr>138</gpxtpx:hr>
          </gpxtpx:TrackPointExtension>
        </extensions>
      </trkpt>
      <trkpt lat="40.06990613620351" lon="116.30524626726358">
        <ele>50.0</ele>
        <time>2026-08-01T15:11:07.000Z</time>
        <extensions>
          <gpxtpx:TrackPointExtension>
            <gpxtpx:hr>138</gpxtpx:hr>
          </gpxtpx:TrackPointExtension>
        </extensions>
      </trkpt>
      <trkpt lat="40.06992357890959" lon="116.30517031795422">
        <ele>50.0</ele>
        <time>2026-08-01T15:11:08.000Z</time>
        <extensions>
          <gpxtpx:TrackPointExtension>
            <gpxtpx:hr>138</gpxtpx:hr>
          </gpxtpx:TrackPointExtension>
        </extensions>
      </trkpt>
      <trkpt lat="40.06994186337829" lon="116.30509409726979">
        <ele>49.9</ele>
        <time>2026-08-01T15:11:09.000Z</time>
        <extensions>
          <gpxtpx:TrackPointExtension>
            <gpxtpx:hr>138</gpxtpx:hr>
          </gpxtpx:TrackPointExtension>
        </extensions>
      </trkpt>
      <trkpt lat="40.06996119617493" lon="116.30501847791794">
        <ele>49.9</ele>
        <time>2026-08-01T15:11:10.000Z</time>
        <extensions>
          <gpxtpx:TrackPointExtension>
            <gpxtpx:hr>138</gpxtpx:hr>
          </gpxtpx:TrackPointExtension>
        </extensions>
      </trkpt>
      <trkpt lat="40.069982821426365" lon="116.30494339069699">
        <ele>49.8</ele>
        <time>2026-08-01T15:11:11.000Z</time>
        <extensions>
          <gpxtpx:TrackPointExtension>
            <gpxtpx:hr>138</gpxtpx:hr>
          </gpxtpx:TrackPointExtension>
        </extensions>
      </trkpt>
      <trkpt lat="40.070006149891924" lon="116.30486681456323">
        <ele>49.8</ele>
        <time>2026-08-01T15:11:12.000Z</time>
        <extensions>
          <gpxtpx:TrackPointExtension>
            <gpxtpx:hr>138</gpxtpx:hr>
          </gpxtpx:TrackPointExtension>
        </extensions>
      </trkpt>
      <trkpt lat="40.07003096941123" lon="116.30478563805887">
        <ele>49.7</ele>
        <time>2026-08-01T15:11:13.000Z</time>
        <extensions>
          <gpxtpx:TrackPointExtension>
            <gpxtpx:hr>138</gpxtpx:hr>
          </gpxtpx:TrackPointExtension>
        </extensions>
      </trkpt>
      <trkpt lat="40.07005768644716" lon="116.30470134602047">
        <ele>49.7</ele>
        <time>2026-08-01T15:11:14.000Z</time>
        <extensions>
          <gpxtpx:TrackPointExtension>
            <gpxtpx:hr>138</gpxtpx:hr>
          </gpxtpx:TrackPointExtension>
        </extensions>
      </trkpt>
      <trkpt lat="40.07008525864118" lon="116.30462119244073">
        <ele>49.6</ele>
        <time>2026-08-01T15:11:15.000Z</time>
        <extensions>
          <gpxtpx:TrackPointExtension>
            <gpxtpx:hr>138</gpxtpx:hr>
          </gpxtpx:TrackPointExtension>
        </extensions>
      </trkpt>
      <trkpt lat="40.07011563630197" lon="116.30453866707346">
        <ele>49.5</ele>
        <time>2026-08-01T15:11:16.000Z</time>
        <extensions>
          <gpxtpx:TrackPointExtension>
            <gpxtpx:hr>138</gpxtpx:hr>
          </gpxtpx:TrackPointExtension>
        </extensions>
      </trkpt>
      <trkpt lat="40.070150670701885" lon="116.30444912044483">
        <ele>49.5</ele>
        <time>2026-08-01T15:11:17.000Z</time>
        <extensions>
          <gpxtpx:TrackPointExtension>
            <gpxtpx:hr>138</gpxtpx:hr>
          </gpxtpx:TrackPointExtension>
        </extensions>
      </trkpt>
      <trkpt lat="40.070188392612025" lon="116.30435660567647">
        <ele>49.4</ele>
        <time>2026-08-01T15:11:18.000Z</time>
      </trkpt>
      <trkpt lat="40.070227644210455" lon="116.3042647285131">
        <ele>49.3</ele>
        <time>2026-08-01T15:11:19.000Z</time>
      </trkpt>
      <trkpt lat="40.07026809322459" lon="116.30417572597132">
        <ele>49.2</ele>
        <time>2026-08-01T15:11:20.000Z</time>
      </trkpt>
      <trkpt lat="40.07031046324198" lon="116.30408679453052">
        <ele>49.1</ele>
        <time>2026-08-01T15:11:21.000Z</time>
      </trkpt>
      <trkpt lat="40.070354094046834" lon="116.30399739985137">
        <ele>49.0</ele>
        <time>2026-08-01T15:11:22.000Z</time>
      </trkpt>
      <trkpt lat="40.070397957154256" lon="116.30390567913271">
        <ele>48.9</ele>
        <time>2026-08-01T15:11:23.000Z</time>
      </trkpt>
      <trkpt lat="40.07044523389776" lon="116.30381723852219">
        <ele>48.8</ele>
        <time>2026-08-01T15:11:24.000Z</time>
      </trkpt>
      <trkpt lat="40.070503731894384" lon="116.30374587093306">
        <ele>48.7</ele>
        <time>2026-08-01T15:11:25.000Z</time>
      </trkpt>
      <trkpt lat="40.070576402302855" lon="116.30370284894212">
        <ele>48.5</ele>
        <time>2026-08-01T15:11:26.000Z</time>
      </trkpt>
      <trkpt lat="40.070657494360994" lon="116.3036947036979">
        <ele>48.4</ele>
        <time>2026-08-01T15:11:27.000Z</time>
      </trkpt>
      <trkpt lat="40.07074177516854" lon="116.303718366769">
        <ele>48.2</ele>
        <time>2026-08-01T15:11:28.000Z</time>
      </trkpt>
      <trkpt lat="40.07082359598472" lon="116.30376718913672">
        <ele>48.1</ele>
        <time>2026-08-01T15:11:29.000Z</time>
      </trkpt>
      <trkpt lat="40.07089487938406" lon="116.3038389378995">
        <ele>47.9</ele>
        <time>2026-08-01T15:11:30.000Z</time>
      </trkpt>
      <trkpt lat="40.07095379294901" lon="116.30392872524669">
        <ele>47.7</ele>
        <time>2026-08-01T15:11:31.000Z</time>
      </trkpt>
      <trkpt lat="40.070993000124794" lon="116.30403555436826">
        <ele>47.5</ele>
        <time>2026-08-01T15:11:32.000Z</time>
      </trkpt>
      <trkpt lat="40.07100202662157" lon="116.30415271840413">
        <ele>47.3</ele>
        <time>2026-08-01T15:11:33.000Z</time>
      </trkpt>
      <trkpt lat="40.07097691772983" lon="116.30426061921669">
        <ele>47.1</ele>
        <time>2026-08-01T15:11:34.000Z</time>
      </trkpt>
      <trkpt lat="40.070912620634545" lon="116.30435103669286">
        <ele>46.9</ele>
        <time>2026-08-01T15:11:35.000Z</time>
      </trkpt>
      <trkpt lat="40.070820077870614" lon="116.30441967689026">
        <ele>46.7</ele>
        <time>2026-08-01T15:11:36.000Z</time>
      </trkpt>
      <trkpt lat="40.07071759999182" lon="116.30447007000215">
        <ele>46.5</ele>
        <time>2026-08-01T15:11:37.000Z</time>
      </trkpt>
      <trkpt lat="40.070622566535135" lon="116.30451098839909">
        <ele>46.3</ele>
        <time>2026-08-01T15:11:38.000Z</time>
      </trkpt>
      <trkpt lat="40.07054128577895" lon="116.30454371357894">
        <ele>46.1</ele>
        <time>2026-08-01T15:11:39.000Z</time>
      </trkpt>
      <trkpt lat="40.07046232870975" lon="116.3045707558062">
        <ele>45.9</ele>
        <time>2026-08-01T15:11:40.000Z</time>
      </trkpt>
      <trkpt lat="40.07037895119177" lon="116.30459115817256">
        <ele>45.7</ele>
        <time>2026-08-01T15:11:41.000Z</time>
      </trkpt>
      <trkpt lat="40.07029343581388" lon="116.30460263087292">
        <ele>45.5</ele>
        <time>2026-08-01T15:11:42.000Z</time>
      </trkpt>
      <trkpt lat="40.07020863391283" lon="116.30460687898761">
        <ele>45.4</ele>
        <time>2026-08-01T15:11:43.000Z</time>
      </trkpt>
      <trkpt lat="40.070124899750674" lon="116.3046059707915">
        <ele>45.2</ele>
        <time>2026-08-01T15:11:44.000Z</time>
      </trkpt>
      <trkpt lat="40.07004554186489" lon="116.30460368202641">
        <ele>45.1</ele>
        <time>2026-08-01T15:11:45.000Z</time>
      </trkpt>
      <trkpt lat="40.06996962683597" lon="116.30460271816472">
        <ele>45.0</ele>
        <time>2026-08-01T15:11:46.000Z</time>
      </trkpt>
      <trkpt lat="40.069892911170314" lon="116.30460220773114">
        <ele>44.9</ele>
        <time>2026-08-01T15:11:47.000Z</time>
      </trkpt>
      <trkpt lat="40.0698150963385" lon="116.30459975113948">
        <ele>44.8</ele>
        <time>2026-08-01T15:11:48.000Z</time>
      </trkpt>
      <trkpt lat="40.06973555326015" lon="116.3045952423704">
        <ele>44.8</ele>
        <time>2026-08-01T15:11:49.000Z</time>
      </trkpt>
      <trkpt lat="40.0696587976305" lon="116.30459013210431">
        <ele>44.7</ele>
        <time>2026-08-01T15:11:50.000Z</time>
      </trkpt>
      <trkpt lat="40.06959225936327" lon="116.30458536211091">
        <ele>44.7</ele>
        <time>2026-08-01T15:11:51.000Z</time>
      </trkpt>
      <trkpt lat="40.06953206368192" lon="116.30458157432992">
        <ele>44.6</ele>
        <time>2026-08-01T15:11:52.000Z</time>
      </trkpt>
      <trkpt lat="40.06947308203049" lon="116.3045783372733">
        <ele>44.6</ele>
        <time>2026-08-01T15:11:53.000Z</time>
      </trkpt>
      <trkpt lat="40.06941518781183" lon="116.30457597353598">
        <ele>44.6</ele>
        <time>2026-08-01T15:11:54.000Z</time>
      </trkpt>
      <trkpt lat="40.06935796809327" lon="116.30457429007976">
        <ele>44.5</ele>
        <time>2026-08-01T15:11:55.000Z</time>
      </trkpt>
      <trkpt lat="40.06930100255103" lon="116.30457285075971">
        <ele>44.5</ele>
        <time>2026-08-01T15:11:56.000Z</time>
      </trkpt>
      <trkpt lat="40.069244088394385" lon="116.3045713130519">
        <ele>44.5</ele>
        <time>2026-08-01T15:11:57.000Z</time>
      </trkpt>
      <trkpt lat="40.06917959656521" lon="116.3045561256231">
        <ele>44.5</ele>
        <time>2026-08-01T15:11:58.000Z</time>
      </trkpt>
      <trkpt lat="40.06912503340969" lon="116.30450810770937">
        <ele>44.5</ele>
        <time>2026-08-01T15:11:59.000Z</time>
      </trkpt>
      <trkpt lat="40.0690903131302" lon="116.30444129819989">
        <ele>44.5</ele>
        <time>2026-08-01T15:12:00.000Z</time>
      </trkpt>
      <trkpt lat="40.0690608324024" lon="116.30437422746631">
        <ele>44.5</ele>
        <time>2026-08-01T15:12:01.000Z</time>
      </trkpt>
      <trkpt lat="40.06903748213975" lon="116.30430527096976">
        <ele>44.6</ele>
        <time>2026-08-01T15:12:02.000Z</time>
      </trkpt>
      <trkpt lat="40.069020621561215" lon="116.30423407706905">
        <ele>44.6</ele>
        <time>2026-08-01T15:12:03.000Z</time>
      </trkpt>
      <trkpt lat="40.06900995552538" lon="116.30416105460952">
        <ele>44.6</ele>
        <time>2026-08-01T15:12:04.000Z</time>
      </trkpt>
      <trkpt lat="40.06900453928174" lon="116.30408701814127">
        <ele>44.6</ele>
        <time>2026-08-01T15:12:05.000Z</time>
      </trkpt>
      <trkpt lat="40.069002896412734" lon="116.30401265290618">
        <ele>44.6</ele>
        <time>2026-08-01T15:12:06.000Z</time>
      </trkpt>
      <trkpt lat="40.069003471785436" lon="116.30393828172193">
        <ele>44.6</ele>
        <time>2026-08-01T15:12:07.000Z</time>
      </trkpt>
      <trkpt lat="40.06900513063522" lon="116.30386398726603">
        <ele>44.7</ele>
        <time>2026-08-01T15:12:08.000Z</time>
      </trkpt>
      <trkpt lat="40.069007427871455" lon="116.30378978436467">
        <ele>44.7</ele>
        <time>2026-08-01T15:12:09.000Z</time>
      </trkpt>
      <trkpt lat="40.06901024430996" lon="116.30371578247966">
        <ele>44.7</ele>
        <time>2026-08-01T15:12:10.000Z</time>
      </trkpt>
      <trkpt lat="40.06901337667132" lon="116.30364206797921">
        <ele>44.7</ele>
        <time>2026-08-01T15:12:11.000Z</time>
      </trkpt>
      <trkpt lat="40.06901666736837" lon="116.30356866140338">
        <ele>44.7</ele>
        <time>2026-08-01T15:12:12.000Z</time>
      </trkpt>
      <trkpt lat="40.06901999373776" lon="116.303495729525">
        <ele>44.8</ele>
        <time>2026-08-01T15:12:13.000Z</time>
      </trkpt>
      <trkpt lat="40.069023194272255" lon="116.30342316723183">
        <ele>44.8</ele>
        <time>2026-08-01T15:12:14.000Z</time>
      </trkpt>
      <trkpt lat="40.069026171447824" lon="116.30335066408018">
        <ele>44.8</ele>
        <time>2026-08-01T15:12:15.000Z</time>
      </trkpt>
      <trkpt lat="40.069028898611776" lon="116.30327811649225">
        <ele>44.8</ele>
        <time>2026-08-01T15:12:16.000Z</time>
      </trkpt>
      <trkpt lat="40.06903132143333" lon="116.30320550057617">
        <ele>44.8</ele>
        <time>2026-08-01T15:12:17.000Z</time>
      </trkpt>
      <trkpt lat="40.069033380149264" lon="116.30313281426795">
        <ele>44.9</ele>
        <time>2026-08-01T15:12:18.000Z</time>
      </trkpt>
      <trkpt lat="40.06903515647655" lon="116.30306015949671">
        <ele>44.9</ele>
        <time>2026-08-01T15:12:19.000Z</time>
      </trkpt>
      <trkpt lat="40.06903677692982" lon="116.30298767692094">
        <ele>44.9</ele>
        <time>2026-08-01T15:12:20.000Z</time>
      </trkpt>
      <trkpt lat="40.06903829105213" lon="116.3029154077595">
        <ele>44.9</ele>
        <time>2026-08-01T15:12:21.000Z</time>
      </trkpt>
      <trkpt lat="40.06903968885662" lon="116.30284326470768">
        <ele>44.9</ele>
        <time>2026-08-01T15:12:22.000Z</time>
      </trkpt>
      <trkpt lat="40.06904083855512" lon="116.30277108389994">
        <ele>44.9</ele>
        <time>2026-08-01T15:12:23.000Z</time>
      </trkpt>
      <trkpt lat="40.069041703177064" lon="116.30269921196145">
        <ele>45.0</ele>
        <time>2026-08-01T15:12:24.000Z</time>
      </trkpt>
      <trkpt lat="40.0690424912479" lon="116.30262824213138">
        <ele>45.0</ele>
        <time>2026-08-01T15:12:25.000Z</time>
      </trkpt>
      <trkpt lat="40.0690434436541" lon="116.30255815227677">
        <ele>45.0</ele>
        <time>2026-08-01T15:12:26.000Z</time>
      </trkpt>
      <trkpt lat="40.069044605638474" lon="116.30248853798032">
        <ele>45.0</ele>
        <time>2026-08-01T15:12:27.000Z</time>
      </trkpt>
      <trkpt lat="40.06904577756659" lon="116.30241943198929">
        <ele>45.0</ele>
        <time>2026-08-01T15:12:28.000Z</time>
      </trkpt>
      <trkpt lat="40.06904666915854" lon="116.3023509942878">
        <ele>45.0</ele>
        <time>2026-08-01T15:12:29.000Z</time>
      </trkpt>
      <trkpt lat="40.0690472316627" lon="116.30228292604588">
        <ele>45.1</ele>
        <time>2026-08-01T15:12:30.000Z</time>
      </trkpt>
      <trkpt lat="40.06904764526146" lon="116.30221512630573">
        <ele>45.1</ele>
        <time>2026-08-01T15:12:31.000Z</time>
      </trkpt>
      <trkpt lat="40.069047992045455" lon="116.30214762443065">
        <ele>45.1</ele>
        <time>2026-08-01T15:12:32.000Z</time>
      </trkpt>
      <trkpt lat="40.06904819445418" lon="116.30208021820442">
        <ele>45.1</ele>
        <time>2026-08-01T15:12:33.000Z</time>
      </trkpt>
      <trkpt lat="40.069048081688464" lon="116.30201272040465">
        <ele>45.1</ele>
        <time>2026-08-01T15:12:34.000Z</time>
      </trkpt>
      <trkpt lat="40.06904763112333" lon="116.30194510677877">
        <ele>45.2</ele>
        <time>2026-08-01T15:12:35.000Z</time>
      </trkpt>
      <trkpt lat="40.0690469946264" lon="116.30187754078588">
        <ele>45.2</ele>
        <time>2026-08-01T15:12:36.000Z</time>
      </trkpt>
      <trkpt lat="40.069046261554405" lon="116.30180997236695">
        <ele>45.2</ele>
        <time>2026-08-01T15:12:37.000Z</time>
      </trkpt>
      <trkpt lat="40.06904540162513" lon="116.30174221899782">
        <ele>45.2</ele>
        <time>2026-08-01T15:12:38.000Z</time>
      </trkpt>
      <trkpt lat="40.06904431171675" lon="116.30167444506574">
        <ele>45.2</ele>
        <time>2026-08-01T15:12:39.000Z</time>
      </trkpt>
      <trkpt lat="40.06904293494309" lon="116.30160668079236">
        <ele>45.3</ele>
        <time>2026-08-01T15:12:40.000Z</time>
      </trkpt>
      <trkpt lat="40.06904113068916" lon="116.30153875592757">
        <ele>45.3</ele>
        <time>2026-08-01T15:12:41.000Z</time>
      </trkpt>
      <trkpt lat="40.06903864484048" lon="116.30147041560797">
        <ele>45.3</ele>
        <time>2026-08-01T15:12:42.000Z</time>
      </trkpt>
      <trkpt lat="40.069035436698144" lon="116.30140138390485">
        <ele>45.3</ele>
        <time>2026-08-01T15:12:43.000Z</time>
      </trkpt>
      <trkpt lat="40.069031630003245" lon="116.30133186094346">
        <ele>45.3</ele>
        <time>2026-08-01T15:12:44.000Z</time>
      </trkpt>
      <trkpt lat="40.06902733612709" lon="116.3012622436144">
        <ele>45.4</ele>
        <time>2026-08-01T15:12:45.000Z</time>
      </trkpt>
      <trkpt lat="40.069022500741895" lon="116.30119297030507">
        <ele>45.4</ele>
        <time>2026-08-01T15:12:46.000Z</time>
      </trkpt>
      <trkpt lat="40.0690170357683" lon="116.30112412344322">
        <ele>45.4</ele>
        <time>2026-08-01T15:12:47.000Z</time>
      </trkpt>
      <trkpt lat="40.06901106634746" lon="116.3010554752388">
        <ele>45.4</ele>
        <time>2026-08-01T15:12:48.000Z</time>
      </trkpt>
      <trkpt lat="40.06900456557317" lon="116.30098699762395">
        <ele>45.4</ele>
        <time>2026-08-01T15:12:49.000Z</time>
      </trkpt>
      <trkpt lat="40.06899744733459" lon="116.30091863602067">
        <ele>45.4</ele>
        <time>2026-08-01T15:12:50.000Z</time>
      </trkpt>
      <trkpt lat="40.06898982223143" lon="116.30085036564397">
        <ele>45.4</ele>
        <time>2026-08-01T15:12:51.000Z</time>
      </trkpt>
      <trkpt lat="40.06898173864992" lon="116.300782290409">
        <ele>45.4</ele>
        <time>2026-08-01T15:12:52.000Z</time>
      </trkpt>
      <trkpt lat="40.068973174728626" lon="116.30071455303941">
        <ele>45.4</ele>
        <time>2026-08-01T15:12:53.000Z</time>
      </trkpt>
      <trkpt lat="40.06896421199582" lon="116.30064735457356">
        <ele>45.4</ele>
        <time>2026-08-01T15:12:54.000Z</time>
      </trkpt>
      <trkpt lat="40.06895503697581" lon="116.30058070354826">
        <ele>45.4</ele>
        <time>2026-08-01T15:12:55.000Z</time>
      </trkpt>
      <trkpt lat="40.06894571935941" lon="116.30051441417062">
        <ele>45.4</ele>
        <time>2026-08-01T15:12:56.000Z</time>
      </trkpt>
      <trkpt lat="40.06893615720284" lon="116.30044839723864">
        <ele>45.4</ele>
        <time>2026-08-01T15:12:57.000Z</time>
      </trkpt>
      <trkpt lat="40.068926198414665" lon="116.3003829009677">
        <ele>45.4</ele>
        <time>2026-08-01T15:12:58.000Z</time>
      </trkpt>
      <trkpt lat="40.06891566760065" lon="116.30031822012097">
        <ele>45.4</ele>
        <time>2026-08-01T15:12:59.000Z</time>
      </trkpt>
      <trkpt lat="40.06890430566983" lon="116.30025397167353">
        <ele>45.4</ele>
        <time>2026-08-01T15:13:00.000Z</time>
      </trkpt>
      <trkpt lat="40.06889204318163" lon="116.30018982424203">
        <ele>45.5</ele>
        <time>2026-08-01T15:13:01.000Z</time>
      </trkpt>
      <trkpt lat="40.06887913502213" lon="116.30012604975897">
        <ele>45.5</ele>
        <time>2026-08-01T15:13:02.000Z</time>
      </trkpt>
      <trkpt lat="40.068865776079406" lon="116.3000628768719">
        <ele>45.5</ele>
        <time>2026-08-01T15:13:03.000Z</time>
      </trkpt>
      <trkpt lat="40.068852006218364" lon="116.30000048115573">
        <ele>45.5</ele>
        <time>2026-08-01T15:13:04.000Z</time>
      </trkpt>
      <trkpt lat="40.06883806567611" lon="116.2999380911547">
        <ele>45.5</ele>
        <time>2026-08-01T15:13:05.000Z</time>
      </trkpt>
      <trkpt lat="40.06882446116798" lon="116.29987487277222">
        <ele>45.6</ele>
        <time>2026-08-01T15:13:06.000Z</time>
      </trkpt>
      <trkpt lat="40.06881114408366" lon="116.29981094178405">
        <ele>45.6</ele>
        <time>2026-08-01T15:13:07.000Z</time>
      </trkpt>
      <trkpt lat="40.06879756083565" lon="116.29974651943428">
        <ele>45.6</ele>
        <time>2026-08-01T15:13:08.000Z</time>
      </trkpt>
      <trkpt lat="40.06878275495816" lon="116.29968251683829">
        <ele>45.6</ele>
        <time>2026-08-01T15:13:09.000Z</time>
      </trkpt>
      <trkpt lat="40.06876592543099" lon="116.29961991409705">
        <ele>45.6</ele>
        <time>2026-08-01T15:13:10.000Z</time>
      </trkpt>
      <trkpt lat="40.068746331052864" lon="116.29955845291249">
        <ele>45.6</ele>
        <time>2026-08-01T15:13:11.000Z</time>
      </trkpt>
      <trkpt lat="40.06872455608116" lon="116.29949741357787">
        <ele>45.7</ele>
        <time>2026-08-01T15:13:12.000Z</time>
      </trkpt>
      <trkpt lat="40.068703539622625" lon="116.29943664122952">
        <ele>45.7</ele>
        <time>2026-08-01T15:13:13.000Z</time>
      </trkpt>
      <trkpt lat="40.06868501771307" lon="116.29937573024944">
        <ele>45.7</ele>
        <time>2026-08-01T15:13:14.000Z</time>
      </trkpt>
      <trkpt lat="40.06866757660213" lon="116.29931317978793">
        <ele>45.7</ele>
        <time>2026-08-01T15:13:15.000Z</time>
      </trkpt>
      <trkpt lat="40.06864897640942" lon="116.29924757041029">
        <ele>45.8</ele>
        <time>2026-08-01T15:13:16.000Z</time>
      </trkpt>
      <trkpt lat="40.06862856025883" lon="116.29917867035533">
        <ele>45.8</ele>
        <time>2026-08-01T15:13:17.000Z</time>
      </trkpt>
      <trkpt lat="40.068606848114676" lon="116.29910745753251">
        <ele>45.8</ele>
        <time>2026-08-01T15:13:18.000Z</time>
      </trkpt>
      <trkpt lat="40.06858454709076" lon="116.29903162132783">
        <ele>45.9</ele>
        <time>2026-08-01T15:13:19.000Z</time>
      </trkpt>
      <trkpt lat="40.06856084902819" lon="116.29895352061614">
        <ele>45.9</ele>
        <time>2026-08-01T15:13:20.000Z</time>
      </trkpt>
      <trkpt lat="40.06853398910569" lon="116.29888001102023">
        <ele>45.9</ele>
        <time>2026-08-01T15:13:21.000Z</time>
      </trkpt>
      <trkpt lat="40.06850553683782" lon="116.298811044597">
        <ele>45.9</ele>
        <time>2026-08-01T15:13:22.000Z</time>
      </trkpt>
      <trkpt lat="40.06847764215401" lon="116.29874427208222">
        <ele>45.9</ele>
        <time>2026-08-01T15:13:23.000Z</time>
      </trkpt>
      <trkpt lat="40.06845046808062" lon="116.2986788769504">
        <ele>45.9</ele>
        <time>2026-08-01T15:13:24.000Z</time>
      </trkpt>
      <trkpt lat="40.06842425769605" lon="116.29861504074711">
        <ele>45.9</ele>
        <time>2026-08-01T15:13:25.000Z</time>
      </trkpt>
      <trkpt lat="40.0683988677724" lon="116.2985528991298">
        <ele>45.9</ele>
        <time>2026-08-01T15:13:26.000Z</time>
      </trkpt>
      <trkpt lat="40.068374224883186" lon="116.29849237167548">
        <ele>45.9</ele>
        <time>2026-08-01T15:13:27.000Z</time>
      </trkpt>
      <trkpt lat="40.06834968004065" lon="116.29843245646651">
        <ele>45.9</ele>
        <time>2026-08-01T15:13:28.000Z</time>
      </trkpt>
      <trkpt lat="40.06832451493382" lon="116.29837225426412">
        <ele>45.8</ele>
        <time>2026-08-01T15:13:29.000Z</time>
      </trkpt>
      <trkpt lat="40.0682987819565" lon="116.29831164144382">
        <ele>45.8</ele>
        <time>2026-08-01T15:13:30.000Z</time>
      </trkpt>
      <trkpt lat="40.068272166141" lon="116.29825045371821">
        <ele>45.8</ele>
        <time>2026-08-01T15:13:31.000Z</time>
      </trkpt>
      <trkpt lat="40.068244497991685" lon="116.29818858606819">
        <ele>45.8</ele>
        <time>2026-08-01T15:13:32.000Z</time>
      </trkpt>
      <trkpt lat="40.06821572392777" lon="116.29812636543964">
        <ele>45.8</ele>
        <time>2026-08-01T15:13:33.000Z</time>
      </trkpt>
      <trkpt lat="40.068185942853916" lon="116.29806381709523">
        <ele>45.8</ele>
        <time>2026-08-01T15:13:34.000Z</time>
      </trkpt>
      <trkpt lat="40.06815570604455" lon="116.29800079617047">
        <ele>45.8</ele>
        <time>2026-08-01T15:13:35.000Z</time>
      </trkpt>
      <trkpt lat="40.06812503721053" lon="116.29793782779183">
        <ele>45.8</ele>
        <time>2026-08-01T15:13:36.000Z</time>
      </trkpt>
      <trkpt lat="40.0680937080325" lon="116.29787537688362">
        <ele>45.8</ele>
        <time>2026-08-01T15:13:37.000Z</time>
      </trkpt>
      <trkpt lat="40.06806203995035" lon="116.29781346213629">
        <ele>45.8</ele>
        <time>2026-08-01T15:13:38.000Z</time>
      </trkpt>
      <trkpt lat="40.06803035378735" lon="116.29775193338833">
        <ele>45.8</ele>
        <time>2026-08-01T15:13:39.000Z</time>
      </trkpt>
      <trkpt lat="40.06799808878602" lon="116.29769098437959">
        <ele>45.8</ele>
        <time>2026-08-01T15:13:40.000Z</time>
      </trkpt>
      <trkpt lat="40.06796456943282" lon="116.29763092095644">
        <ele>45.8</ele>
        <time>2026-08-01T15:13:41.000Z</time>
      </trkpt>
      <trkpt lat="40.06793005368887" lon="116.29757184991281">
        <ele>45.8</ele>
        <time>2026-08-01T15:13:42.000Z</time>
      </trkpt>
      <trkpt lat="40.067894987039374" lon="116.2975136296392">
        <ele>45.8</ele>
        <time>2026-08-01T15:13:43.000Z</time>
      </trkpt>
      <trkpt lat="40.0678595277747" lon="116.29745577631094">
        <ele>45.7</ele>
        <time>2026-08-01T15:13:44.000Z</time>
      </trkpt>
      <trkpt lat="40.06782359506485" lon="116.29739784503731">
        <ele>45.7</ele>
        <time>2026-08-01T15:13:45.000Z</time>
      </trkpt>
      <trkpt lat="40.06778696993607" lon="116.2973396946846">
        <ele>45.7</ele>
        <time>2026-08-01T15:13:46.000Z</time>
      </trkpt>
      <trkpt lat="40.067749422724134" lon="116.29728193236927">
        <ele>45.7</ele>
        <time>2026-08-01T15:13:47.000Z</time>
      </trkpt>
      <trkpt lat="40.0677107371587" lon="116.29722555478075">
        <ele>45.7</ele>
        <time>2026-08-01T15:13:48.000Z</time>
      </trkpt>
      <trkpt lat="40.067670975456664" lon="116.29717076811077">
        <ele>45.7</ele>
        <time>2026-08-01T15:13:49.000Z</time>
      </trkpt>
      <trkpt lat="40.06763060267169" lon="116.29711710508728">
        <ele>45.7</ele>
        <time>2026-08-01T15:13:50.000Z</time>
      </trkpt>
      <trkpt lat="40.06759024195742" lon="116.29706424818363">
        <ele>45.7</ele>
        <time>2026-08-01T15:13:51.000Z</time>
      </trkpt>
      <trkpt lat="40.06755000408666" lon="116.29701218941086">
        <ele>45.7</ele>
        <time>2026-08-01T15:13:52.000Z</time>
      </trkpt>
      <trkpt lat="40.06750992269503" lon="116.296960891254">
        <ele>45.7</ele>
        <time>2026-08-01T15:13:53.000Z</time>
      </trkpt>
      <trkpt lat="40.06747003241277" lon="116.29691031211385">
        <ele>45.7</ele>
        <time>2026-08-01T15:13:54.000Z</time>
      </trkpt>
      <trkpt lat="40.06743046558133" lon="116.29686053981882">
        <ele>45.7</ele>
        <time>2026-08-01T15:13:55.000Z</time>
      </trkpt>
      <trkpt lat="40.067391210461786" lon="116.29681174800471">
        <ele>45.8</ele>
        <time>2026-08-01T15:13:56.000Z</time>
      </trkpt>
      <trkpt lat="40.06735196987716" lon="116.29676428423474">
        <ele>45.8</ele>
        <time>2026-08-01T15:13:57.000Z</time>
      </trkpt>
      <trkpt lat="40.06731250130941" lon="116.29671842690387">
        <ele>45.8</ele>
        <time>2026-08-01T15:13:58.000Z</time>
      </trkpt>
      <trkpt lat="40.06727260554057" lon="116.29667403881335">
        <ele>45.8</ele>
        <time>2026-08-01T15:13:59.000Z</time>
      </trkpt>
      <trkpt lat="40.06723254908988" lon="116.29663088312404">
        <ele>45.8</ele>
        <time>2026-08-01T15:14:00.000Z</time>
      </trkpt>
      <trkpt lat="40.0671925854206" lon="116.29658849822329">
        <ele>45.8</ele>
        <time>2026-08-01T15:14:01.000Z</time>
      </trkpt>
      <trkpt lat="40.067152476774815" lon="116.29654617354676">
        <ele>45.8</ele>
        <time>2026-08-01T15:14:02.000Z</time>
      </trkpt>
      <trkpt lat="40.06711191816596" lon="116.29650388193673">
        <ele>45.8</ele>
        <time>2026-08-01T15:14:03.000Z</time>
      </trkpt>
      <trkpt lat="40.067070895425545" lon="116.2964619471207">
        <ele>45.9</ele>
        <time>2026-08-01T15:14:04.000Z</time>
      </trkpt>
      <trkpt lat="40.067029400610444" lon="116.29642054483473">
        <ele>45.9</ele>
        <time>2026-08-01T15:14:05.000Z</time>
      </trkpt>
      <trkpt lat="40.066987141585045" lon="116.29638001855228">
        <ele>45.9</ele>
        <time>2026-08-01T15:14:06.000Z</time>
      </trkpt>
      <trkpt lat="40.066944132780215" lon="116.29634039878957">
        <ele>45.9</ele>
        <time>2026-08-01T15:14:07.000Z</time>
      </trkpt>
      <trkpt lat="40.06690081298042" lon="116.29630104463442">
        <ele>45.9</ele>
        <time>2026-08-01T15:14:08.000Z</time>
      </trkpt>
      <trkpt lat="40.066857404133096" lon="116.29626128192359">
        <ele>45.9</ele>
        <time>2026-08-01T15:14:09.000Z</time>
      </trkpt>
      <trkpt lat="40.06681398942657" lon="116.29622127817952">
        <ele>45.9</ele>
        <time>2026-08-01T15:14:10.000Z</time>
      </trkpt>
      <trkpt lat="40.06677040809727" lon="116.29618175426738">
        <ele>45.9</ele>
        <time>2026-08-01T15:14:11.000Z</time>
      </trkpt>
      <trkpt lat="40.06672625959267" lon="116.29614330625925">
        <ele>45.9</ele>
        <time>2026-08-01T15:14:12.000Z</time>
      </trkpt>
      <trkpt lat="40.06668155321681" lon="116.29610646735051">
        <ele>46.0</ele>
        <time>2026-08-01T15:14:13.000Z</time>
      </trkpt>
      <trkpt lat="40.06663656753344" lon="116.29607122446122">
        <ele>46.0</ele>
        <time>2026-08-01T15:14:14.000Z</time>
      </trkpt>
      <trkpt lat="40.066591339020306" lon="116.29603737058036">
        <ele>46.0</ele>
        <time>2026-08-01T15:14:15.000Z</time>
      </trkpt>
      <trkpt lat="40.066545998872776" lon="116.2960046454374">
        <ele>46.0</ele>
        <time>2026-08-01T15:14:16.000Z</time>
      </trkpt>
      <trkpt lat="40.06650088686097" lon="116.29597245164494">
        <ele>46.0</ele>
        <time>2026-08-01T15:14:17.000Z</time>
      </trkpt>
      <trkpt lat="40.06645611793814" lon="116.29594036415509">
        <ele>46.1</ele>
        <time>2026-08-01T15:14:18.000Z</time>
      </trkpt>
      <trkpt lat="40.06641146789497" lon="116.29590844005752">
        <ele>46.1</ele>
        <time>2026-08-01T15:14:19.000Z</time>
      </trkpt>
      <trkpt lat="40.066366724455364" lon="116.29587722792297">
        <ele>46.1</ele>
        <time>2026-08-01T15:14:20.000Z</time>
      </trkpt>
      <trkpt lat="40.06632158948039" lon="116.2958470551337">
        <ele>46.1</ele>
        <time>2026-08-01T15:14:21.000Z</time>
      </trkpt>
      <trkpt lat="40.06627600354776" lon="116.29581780831374">
        <ele>46.1</ele>
        <time>2026-08-01T15:14:22.000Z</time>
      </trkpt>
      <trkpt lat="40.06623010637907" lon="116.29578952877786">
        <ele>46.1</ele>
        <time>2026-08-01T15:14:23.000Z</time>
      </trkpt>
      <trkpt lat="40.066183719155035" lon="116.29576258318384">
        <ele>46.1</ele>
        <time>2026-08-01T15:14:24.000Z</time>
      </trkpt>
      <trkpt lat="40.06613676963132" lon="116.29573715264166">
        <ele>46.1</ele>
        <time>2026-08-01T15:14:25.000Z</time>
      </trkpt>
      <trkpt lat="40.06608940465878" lon="116.2957126144725">
        <ele>46.1</ele>
        <time>2026-08-01T15:14:26.000Z</time>
      </trkpt>
      <trkpt lat="40.06604172784223" lon="116.2956882785405">
        <ele>46.1</ele>
        <time>2026-08-01T15:14:27.000Z</time>
      </trkpt>
      <trkpt lat="40.06599375269181" lon="116.2956643467691">
        <ele>46.1</ele>
        <time>2026-08-01T15:14:28.000Z</time>
      </trkpt>
      <trkpt lat="40.06594561025627" lon="116.29564129086795">
        <ele>46.1</ele>
        <time>2026-08-01T15:14:29.000Z</time>
      </trkpt>
      <trkpt lat="40.06589757547668" lon="116.29561930076297">
        <ele>46.1</ele>
        <time>2026-08-01T15:14:30.000Z</time>
      </trkpt>
      <trkpt lat="40.065849199222676" lon="116.29559829011225">
        <ele>46.1</ele>
        <time>2026-08-01T15:14:31.000Z</time>
      </trkpt>
      <trkpt lat="40.06579977444924" lon="116.29557767236281">
        <ele>46.1</ele>
        <time>2026-08-01T15:14:32.000Z</time>
      </trkpt>
      <trkpt lat="40.06574923716198" lon="116.29555739385297">
        <ele>46.1</ele>
        <time>2026-08-01T15:14:33.000Z</time>
      </trkpt>
      <trkpt lat="40.065698373913946" lon="116.29553752327959">
        <ele>46.0</ele>
        <time>2026-08-01T15:14:34.000Z</time>
      </trkpt>
      <trkpt lat="40.06564742343626" lon="116.29551749449888">
        <ele>46.0</ele>
        <time>2026-08-01T15:14:35.000Z</time>
      </trkpt>
      <trkpt lat="40.06559571561224" lon="116.29549789469685">
        <ele>46.0</ele>
        <time>2026-08-01T15:14:36.000Z</time>
      </trkpt>
      <trkpt lat="40.065543605273014" lon="116.2954793984837">
        <ele>46.0</ele>
        <time>2026-08-01T15:14:37.000Z</time>
      </trkpt>
      <trkpt lat="40.06549192369991" lon="116.2954614806221">
        <ele>46.0</ele>
        <time>2026-08-01T15:14:38.000Z</time>
      </trkpt>
      <trkpt lat="40.06544044478072" lon="116.2954440856978">
        <ele>46.0</ele>
        <time>2026-08-01T15:14:39.000Z</time>
      </trkpt>
      <trkpt lat="40.065388597739435" lon="116.29542766712675">
        <ele>46.0</ele>
        <time>2026-08-01T15:14:40.000Z</time>
      </trkpt>
      <trkpt lat="40.065336080461385" lon="116.2954121179694">
        <ele>46.0</ele>
        <time>2026-08-01T15:14:41.000Z</time>
      </trkpt>
      <trkpt lat="40.065283156890374" lon="116.295397616791">
        <ele>46.0</ele>
        <time>2026-08-01T15:14:42.000Z</time>
      </trkpt>
      <trkpt lat="40.06523042890405" lon="116.29538413969658">
        <ele>46.0</ele>
        <time>2026-08-01T15:14:43.000Z</time>
      </trkpt>
      <trkpt lat="40.065177635285735" lon="116.29537100526329">
        <ele>46.0</ele>
        <time>2026-08-01T15:14:44.000Z</time>
      </trkpt>
      <trkpt lat="40.065124827363064" lon="116.29535767207103">
        <ele>46.0</ele>
        <time>2026-08-01T15:14:45.000Z</time>
      </trkpt>
      <trkpt lat="40.065072229901986" lon="116.29534449538211">
        <ele>46.0</ele>
        <time>2026-08-01T15:14:46.000Z</time>
      </trkpt>
      <trkpt lat="40.065019392037954" lon="116.2953325071717">
        <ele>46.0</ele>
        <time>2026-08-01T15:14:47.000Z</time>
      </trkpt>
      <trkpt lat="40.064966057996244" lon="116.29532243293144">
        <ele>46.0</ele>
        <time>2026-08-01T15:14:48.000Z</time>
      </trkpt>
      <trkpt lat="40.06491208314922" lon="116.29531444107002">
        <ele>46.0</ele>
        <time>2026-08-01T15:14:49.000Z</time>
      </trkpt>
      <trkpt lat="40.064857680271714" lon="116.29530829490557">
        <ele>46.0</ele>
        <time>2026-08-01T15:14:50.000Z</time>
      </trkpt>
      <trkpt lat="40.06480321255698" lon="116.29530352964039">
        <ele>46.0</ele>
        <time>2026-08-01T15:14:51.000Z</time>
      </trkpt>
      <trkpt lat="40.06474881277723" lon="116.29529914822385">
        <ele>46.0</ele>
        <time>2026-08-01T15:14:52.000Z</time>
      </trkpt>
      <trkpt lat="40.06469427336299" lon="116.29529426692247">
        <ele>46.0</ele>
        <time>2026-08-01T15:14:53.000Z</time>
      </trkpt>
      <trkpt lat="40.06463980463136" lon="116.29528833783509">
        <ele>46.0</ele>
        <time>2026-08-01T15:14:54.000Z</time>
      </trkpt>
      <trkpt lat="40.06458576043307" lon="116.29528185749086">
        <ele>46.0</ele>
        <time>2026-08-01T15:14:55.000Z</time>
      </trkpt>
      <trkpt lat="40.064531936905446" lon="116.29527675471812">
        <ele>46.0</ele>
        <time>2026-08-01T15:14:56.000Z</time>
      </trkpt>
      <trkpt lat="40.06447821132047" lon="116.29527482086506">
        <ele>46.0</ele>
        <time>2026-08-01T15:14:57.000Z</time>
      </trkpt>
      <trkpt lat="40.06442472137604" lon="116.29527633592208">
        <ele>46.0</ele>
        <time>2026-08-01T15:14:58.000Z</time>
      </trkpt>
      <trkpt lat="40.064371279674816" lon="116.29527987232797">
        <ele>46.0</ele>
        <time>2026-08-01T15:14:59.000Z</time>
      </trkpt>
      <trkpt lat="40.06431713662078" lon="116.29528385732016">
        <ele>46.0</ele>
        <time>2026-08-01T15:15:00.000Z</time>
      </trkpt>
      <trkpt lat="40.064262439813675" lon="116.2952880559783">
        <ele>46.0</ele>
        <time>2026-08-01T15:15:01.000Z</time>
      </trkpt>
      <trkpt lat="40.06420754163344" lon="116.29529257649223">
        <ele>46.0</ele>
        <time>2026-08-01T15:15:02.000Z</time>
      </trkpt>
      <trkpt lat="40.064152361028206" lon="116.29529740766431">
        <ele>46.0</ele>
        <time>2026-08-01T15:15:03.000Z</time>
      </trkpt>
      <trkpt lat="40.0640973274057" lon="116.2953028513716">
        <ele>46.0</ele>
        <time>2026-08-01T15:15:04.000Z</time>
      </trkpt>
      <trkpt lat="40.064043099616505" lon="116.2953091036726">
        <ele>46.0</ele>
        <time>2026-08-01T15:15:05.000Z</time>
      </trkpt>
      <trkpt lat="40.0639897066443" lon="116.29531593313047">
        <ele>46.0</ele>
        <time>2026-08-01T15:15:06.000Z</time>
      </trkpt>
      <trkpt lat="40.06393687213342" lon="116.29532354406342">
        <ele>46.0</ele>
        <time>2026-08-01T15:15:07.000Z</time>
      </trkpt>
      <trkpt lat="40.06388435193603" lon="116.29533311252692">
        <ele>46.0</ele>
        <time>2026-08-01T15:15:08.000Z</time>
      </trkpt>
      <trkpt lat="40.06383210032868" lon="116.2953452626579">
        <ele>46.0</ele>
        <time>2026-08-01T15:15:09.000Z</time>
      </trkpt>
      <trkpt lat="40.063780350607594" lon="116.29535935530187">
        <ele>46.1</ele>
        <time>2026-08-01T15:15:10.000Z</time>
      </trkpt>
      <trkpt lat="40.063728886075126" lon="116.29537403646701">
        <ele>46.1</ele>
        <time>2026-08-01T15:15:11.000Z</time>
      </trkpt>
      <trkpt lat="40.06367738920077" lon="116.29538815679699">
        <ele>46.1</ele>
        <time>2026-08-01T15:15:12.000Z</time>
      </trkpt>
      <trkpt lat="40.06362586867933" lon="116.29540111947234">
        <ele>46.1</ele>
        <time>2026-08-01T15:15:13.000Z</time>
      </trkpt>
      <trkpt lat="40.06357441088932" lon="116.2954128193307">
        <ele>46.1</ele>
        <time>2026-08-01T15:15:14.000Z</time>
      </trkpt>
      <trkpt lat="40.06352337499593" lon="116.29542448933599">
        <ele>46.2</ele>
        <time>2026-08-01T15:15:15.000Z</time>
      </trkpt>
      <trkpt lat="40.06347312000205" lon="116.29543761301579">
        <ele>46.2</ele>
        <time>2026-08-01T15:15:16.000Z</time>
      </trkpt>
      <trkpt lat="40.06342340810907" lon="116.29545223098285">
        <ele>46.2</ele>
        <time>2026-08-01T15:15:17.000Z</time>
      </trkpt>
      <trkpt lat="40.06337390917111" lon="116.29546768039057">
        <ele>46.2</ele>
        <time>2026-08-01T15:15:18.000Z</time>
      </trkpt>
      <trkpt lat="40.063324563574284" lon="116.29548363743083">
        <ele>46.2</ele>
        <time>2026-08-01T15:15:19.000Z</time>
      </trkpt>
      <trkpt lat="40.06327553878663" lon="116.29550015365001">
        <ele>46.3</ele>
        <time>2026-08-01T15:15:20.000Z</time>
      </trkpt>
      <trkpt lat="40.0632270465449" lon="116.29551738306888">
        <ele>46.3</ele>
        <time>2026-08-01T15:15:21.000Z</time>
      </trkpt>
      <trkpt lat="40.063179040974205" lon="116.29553570394258">
        <ele>46.3</ele>
        <time>2026-08-01T15:15:22.000Z</time>
      </trkpt>
      <trkpt lat="40.06313143428135" lon="116.29555511096261">
        <ele>46.3</ele>
        <time>2026-08-01T15:15:23.000Z</time>
      </trkpt>
      <trkpt lat="40.06308406004461" lon="116.29557496647263">
        <ele>46.3</ele>
        <time>2026-08-01T15:15:24.000Z</time>
      </trkpt>
      <trkpt lat="40.06303685362205" lon="116.29559500550813">
        <ele>46.3</ele>
        <time>2026-08-01T15:15:25.000Z</time>
      </trkpt>
      <trkpt lat="40.06298968791275" lon="116.29561547832154">
        <ele>46.3</ele>
        <time>2026-08-01T15:15:26.000Z</time>
      </trkpt>
      <trkpt lat="40.062942260503426" lon="116.29563692055727">
        <ele>46.3</ele>
        <time>2026-08-01T15:15:27.000Z</time>
      </trkpt>
      <trkpt lat="40.06289460008576" lon="116.29566010351716">
        <ele>46.3</ele>
        <time>2026-08-01T15:15:28.000Z</time>
      </trkpt>
      <trkpt lat="40.06284715912536" lon="116.2956851457363">
        <ele>46.3</ele>
        <time>2026-08-01T15:15:29.000Z</time>
      </trkpt>
      <trkpt lat="40.06279996735654" lon="116.29571112968506">
        <ele>46.3</ele>
        <time>2026-08-01T15:15:30.000Z</time>
      </trkpt>
      <trkpt lat="40.06275243221386" lon="116.29573715568712">
        <ele>46.3</ele>
        <time>2026-08-01T15:15:31.000Z</time>
      </trkpt>
      <trkpt lat="40.06270456306164" lon="116.29576311707638">
        <ele>46.3</ele>
        <time>2026-08-01T15:15:32.000Z</time>
      </trkpt>
      <trkpt lat="40.062656715256125" lon="116.29578950878461">
        <ele>46.3</ele>
        <time>2026-08-01T15:15:33.000Z</time>
      </trkpt>
      <trkpt lat="40.062609121167434" lon="116.29581625829454">
        <ele>46.3</ele>
        <time>2026-08-01T15:15:34.000Z</time>
      </trkpt>
      <trkpt lat="40.06256167165044" lon="116.29584250773863">
        <ele>46.3</ele>
        <time>2026-08-01T15:15:35.000Z</time>
      </trkpt>
      <trkpt lat="40.062513758136376" lon="116.2958682533909">
        <ele>46.3</ele>
        <time>2026-08-01T15:15:36.000Z</time>
      </trkpt>
      <trkpt lat="40.062465213985604" lon="116.29589412524366">
        <ele>46.3</ele>
        <time>2026-08-01T15:15:37.000Z</time>
      </trkpt>
      <trkpt lat="40.06241705244697" lon="116.29592029767859">
        <ele>46.4</ele>
        <time>2026-08-01T15:15:38.000Z</time>
      </trkpt>
      <trkpt lat="40.06236925790683" lon="116.2959469984973">
        <ele>46.4</ele>
        <time>2026-08-01T15:15:39.000Z</time>
      </trkpt>
      <trkpt lat="40.06232099118083" lon="116.29597440409596">
        <ele>46.4</ele>
        <time>2026-08-01T15:15:40.000Z</time>
      </trkpt>
      <trkpt lat="40.062272446376944" lon="116.2960016837343">
        <ele>46.4</ele>
        <time>2026-08-01T15:15:41.000Z</time>
      </trkpt>
      <trkpt lat="40.062223524606935" lon="116.2960278548499">
        <ele>46.4</ele>
        <time>2026-08-01T15:15:42.000Z</time>
      </trkpt>
      <trkpt lat="40.06217383560771" lon="116.29605287522337">
        <ele>46.4</ele>
        <time>2026-08-01T15:15:43.000Z</time>
      </trkpt>
      <trkpt lat="40.06212404057615" lon="116.29607742771081">
        <ele>46.4</ele>
        <time>2026-08-01T15:15:44.000Z</time>
      </trkpt>
      <trkpt lat="40.06207426059053" lon="116.29610256203469">
        <ele>46.4</ele>
        <time>2026-08-01T15:15:45.000Z</time>
      </trkpt>
      <trkpt lat="40.06202389356017" lon="116.2961285101309">
        <ele>46.4</ele>
        <time>2026-08-01T15:15:46.000Z</time>
      </trkpt>
      <trkpt lat="40.06197348803681" lon="116.29615482890448">
        <ele>46.4</ele>
        <time>2026-08-01T15:15:47.000Z</time>
      </trkpt>
      <trkpt lat="40.06192350595211" lon="116.296181342884">
        <ele>46.4</ele>
        <time>2026-08-01T15:15:48.000Z</time>
      </trkpt>
      <trkpt lat="40.061873999134754" lon="116.29620822565998">
        <ele>46.4</ele>
        <time>2026-08-01T15:15:49.000Z</time>
      </trkpt>
      <trkpt lat="40.06182471496828" lon="116.2962351748979">
        <ele>46.4</ele>
        <time>2026-08-01T15:15:50.000Z</time>
      </trkpt>
      <trkpt lat="40.0617750304665" lon="116.2962624512251">
        <ele>46.4</ele>
        <time>2026-08-01T15:15:51.000Z</time>
      </trkpt>
      <trkpt lat="40.061724619636244" lon="116.29629089889295">
        <ele>46.4</ele>
        <time>2026-08-01T15:15:52.000Z</time>
      </trkpt>
      <trkpt lat="40.06167382352869" lon="116.29632015636784">
        <ele>46.4</ele>
        <time>2026-08-01T15:15:53.000Z</time>
      </trkpt>
      <trkpt lat="40.06162314698153" lon="116.29634914002993">
        <ele>46.4</ele>
        <time>2026-08-01T15:15:54.000Z</time>
      </trkpt>
      <trkpt lat="40.061571967745486" lon="116.29637714469816">
        <ele>46.4</ele>
        <time>2026-08-01T15:15:55.000Z</time>
      </trkpt>
      <trkpt lat="40.061519546157854" lon="116.2964039635113">
        <ele>46.4</ele>
        <time>2026-08-01T15:15:56.000Z</time>
      </trkpt>
      <trkpt lat="40.06146686668907" lon="116.29642986115466">
        <ele>46.4</ele>
        <time>2026-08-01T15:15:57.000Z</time>
        <extensions>
          <gpxtpx:TrackPointExtension>
            <gpxtpx:hr>133</gpxtpx:hr>
          </gpxtpx:TrackPointExtension>
        </extensions>
      </trkpt>
      <trkpt lat="40.0614147817081" lon="116.2964560424516">
        <ele>46.4</ele>
        <time>2026-08-01T15:15:58.000Z</time>
        <extensions>
          <gpxtpx:TrackPointExtension>
            <gpxtpx:hr>133</gpxtpx:hr>
          </gpxtpx:TrackPointExtension>
        </extensions>
      </trkpt>
      <trkpt lat="40.06136302288957" lon="116.29648285498857">
        <ele>46.4</ele>
        <time>2026-08-01T15:15:59.000Z</time>
        <extensions>
          <gpxtpx:TrackPointExtension>
            <gpxtpx:hr>133</gpxtpx:hr>
          </gpxtpx:TrackPointExtension>
        </extensions>
      </trkpt>
      <trkpt lat="40.06131123312437" lon="116.29651014068274">
        <ele>46.4</ele>
        <time>2026-08-01T15:16:00.000Z</time>
        <extensions>
          <gpxtpx:TrackPointExtension>
            <gpxtpx:hr>133</gpxtpx:hr>
          </gpxtpx:TrackPointExtension>
        </extensions>
      </trkpt>
      <trkpt lat="40.06125958951446" lon="116.296538022012">
        <ele>46.3</ele>
        <time>2026-08-01T15:16:01.000Z</time>
        <extensions>
          <gpxtpx:TrackPointExtension>
            <gpxtpx:hr>133</gpxtpx:hr>
          </gpxtpx:TrackPointExtension>
        </extensions>
      </trkpt>
      <trkpt lat="40.06120832881174" lon="116.2965657780288">
        <ele>46.3</ele>
        <time>2026-08-01T15:16:02.000Z</time>
        <extensions>
          <gpxtpx:TrackPointExtension>
            <gpxtpx:hr>133</gpxtpx:hr>
          </gpxtpx:TrackPointExtension>
        </extensions>
      </trkpt>
      <trkpt lat="40.06115706754237" lon="116.29659321687737">
        <ele>46.3</ele>
        <time>2026-08-01T15:16:03.000Z</time>
        <extensions>
          <gpxtpx:TrackPointExtension>
            <gpxtpx:hr>133</gpxtpx:hr>
          </gpxtpx:TrackPointExtension>
        </extensions>
      </trkpt>
      <trkpt lat="40.061105603362314" lon="116.29662063521093">
        <ele>46.3</ele>
        <time>2026-08-01T15:16:04.000Z</time>
        <extensions>
          <gpxtpx:TrackPointExtension>
            <gpxtpx:hr>133</gpxtpx:hr>
          </gpxtpx:TrackPointExtension>
        </extensions>
      </trkpt>
      <trkpt lat="40.06105331755649" lon="116.29664856045083">
        <ele>46.3</ele>
        <time>2026-08-01T15:16:05.000Z</time>
        <extensions>
          <gpxtpx:TrackPointExtension>
            <gpxtpx:hr>133</gpxtpx:hr>
          </gpxtpx:TrackPointExtension>
        </extensions>
      </trkpt>
      <trkpt lat="40.06100063550747" lon="116.29667719881638">
        <ele>46.3</ele>
        <time>2026-08-01T15:16:06.000Z</time>
        <extensions>
          <gpxtpx:TrackPointExtension>
            <gpxtpx:hr>133</gpxtpx:hr>
          </gpxtpx:TrackPointExtension>
        </extensions>
      </trkpt>
      <trkpt lat="40.060948659413114" lon="116.29670521453703">
        <ele>46.3</ele>
        <time>2026-08-01T15:16:07.000Z</time>
        <extensions>
          <gpxtpx:TrackPointExtension>
            <gpxtpx:hr>133</gpxtpx:hr>
          </gpxtpx:TrackPointExtension>
        </extensions>
      </trkpt>
      <trkpt lat="40.060897002811636" lon="116.29673252394753">
        <ele>46.3</ele>
        <time>2026-08-01T15:16:08.000Z</time>
        <extensions>
          <gpxtpx:TrackPointExtension>
            <gpxtpx:hr>133</gpxtpx:hr>
          </gpxtpx:TrackPointExtension>
        </extensions>
      </trkpt>
      <trkpt lat="40.06084517363684" lon="116.29676053632068">
        <ele>46.3</ele>
        <time>2026-08-01T15:16:09.000Z</time>
        <extensions>
          <gpxtpx:TrackPointExtension>
            <gpxtpx:hr>133</gpxtpx:hr>
          </gpxtpx:TrackPointExtension>
        </extensions>
      </trkpt>
      <trkpt lat="40.06079319146992" lon="116.29678920054909">
        <ele>46.3</ele>
        <time>2026-08-01T15:16:10.000Z</time>
        <extensions>
          <gpxtpx:TrackPointExtension>
            <gpxtpx:hr>133</gpxtpx:hr>
          </gpxtpx:TrackPointExtension>
        </extensions>
      </trkpt>
      <trkpt lat="40.06074148514342" lon="116.29681715804591">
        <ele>46.3</ele>
        <time>2026-08-01T15:16:11.000Z</time>
        <extensions>
          <gpxtpx:TrackPointExtension>
            <gpxtpx:hr>133</gpxtpx:hr>
          </gpxtpx:TrackPointExtension>
        </extensions>
      </trkpt>
      <trkpt lat="40.060689843247594" lon="116.29684452073245">
        <ele>46.3</ele>
        <time>2026-08-01T15:16:12.000Z</time>
        <extensions>
          <gpxtpx:TrackPointExtension>
            <gpxtpx:hr>133</gpxtpx:hr>
          </gpxtpx:TrackPointExtension>
        </extensions>
      </trkpt>
      <trkpt lat="40.06063866470263" lon="116.29687133746347">
        <ele>46.2</ele>
        <time>2026-08-01T15:16:13.000Z</time>
        <extensions>
          <gpxtpx:TrackPointExtension>
            <gpxtpx:hr>133</gpxtpx:hr>
          </gpxtpx:TrackPointExtension>
        </extensions>
      </trkpt>
      <trkpt lat="40.06058741375719" lon="116.29689873964944">
        <ele>46.2</ele>
        <time>2026-08-01T15:16:14.000Z</time>
        <extensions>
          <gpxtpx:TrackPointExtension>
            <gpxtpx:hr>133</gpxtpx:hr>
          </gpxtpx:TrackPointExtension>
        </extensions>
      </trkpt>
      <trkpt lat="40.06053543523475" lon="116.29692735475129">
        <ele>46.2</ele>
        <time>2026-08-01T15:16:15.000Z</time>
        <extensions>
          <gpxtpx:TrackPointExtension>
            <gpxtpx:hr>133</gpxtpx:hr>
          </gpxtpx:TrackPointExtension>
        </extensions>
      </trkpt>
      <trkpt lat="40.06048400145063" lon="116.2969552306462">
        <ele>46.2</ele>
        <time>2026-08-01T15:16:16.000Z</time>
        <extensions>
          <gpxtpx:TrackPointExtension>
            <gpxtpx:hr>133</gpxtpx:hr>
          </gpxtpx:TrackPointExtension>
        </extensions>
      </trkpt>
      <trkpt lat="40.06043250929542" lon="116.29698306958063">
        <ele>46.2</ele>
        <time>2026-08-01T15:16:17.000Z</time>
        <extensions>
          <gpxtpx:TrackPointExtension>
            <gpxtpx:hr>133</gpxtpx:hr>
          </gpxtpx:TrackPointExtension>
        </extensions>
      </trkpt>
      <trkpt lat="40.060380466433806" lon="116.29701216780153">
        <ele>46.2</ele>
        <time>2026-08-01T15:16:18.000Z</time>
        <extensions>
          <gpxtpx:TrackPointExtension>
            <gpxtpx:hr>133</gpxtpx:hr>
          </gpxtpx:TrackPointExtension>
        </extensions>
      </trkpt>
      <trkpt lat="40.060328785506165" lon="116.29704154904562">
        <ele>46.1</ele>
        <time>2026-08-01T15:16:19.000Z</time>
        <extensions>
          <gpxtpx:TrackPointExtension>
            <gpxtpx:hr>133</gpxtpx:hr>
          </gpxtpx:TrackPointExtension>
        </extensions>
      </trkpt>
      <trkpt lat="40.06027753755101" lon="116.29707012062619">
        <ele>46.1</ele>
        <time>2026-08-01T15:16:20.000Z</time>
        <extensions>
          <gpxtpx:TrackPointExtension>
            <gpxtpx:hr>133</gpxtpx:hr>
          </gpxtpx:TrackPointExtension>
        </extensions>
      </trkpt>
      <trkpt lat="40.060226413304484" lon="116.29709792703436">
        <ele>46.1</ele>
        <time>2026-08-01T15:16:21.000Z</time>
        <extensions>
          <gpxtpx:TrackPointExtension>
            <gpxtpx:hr>133</gpxtpx:hr>
          </gpxtpx:TrackPointExtension>
        </extensions>
      </trkpt>
      <trkpt lat="40.06017504937541" lon="116.29712542122286">
        <ele>46.1</ele>
        <time>2026-08-01T15:16:22.000Z</time>
        <extensions>
          <gpxtpx:TrackPointExtension>
            <gpxtpx:hr>133</gpxtpx:hr>
          </gpxtpx:TrackPointExtension>
        </extensions>
      </trkpt>
      <trkpt lat="40.0601232745974" lon="116.29715277870704">
        <ele>46.1</ele>
        <time>2026-08-01T15:16:23.000Z</time>
        <extensions>
          <gpxtpx:TrackPointExtension>
            <gpxtpx:hr>133</gpxtpx:hr>
          </gpxtpx:TrackPointExtension>
        </extensions>
      </trkpt>
      <trkpt lat="40.06007160614027" lon="116.29718010498351">
        <ele>46.0</ele>
        <time>2026-08-01T15:16:24.000Z</time>
        <extensions>
          <gpxtpx:TrackPointExtension>
            <gpxtpx:hr>133</gpxtpx:hr>
          </gpxtpx:TrackPointExtension>
        </extensions>
      </trkpt>
      <trkpt lat="40.060019815164125" lon="116.29720762747367">
        <ele>46.0</ele>
        <time>2026-08-01T15:16:25.000Z</time>
        <extensions>
          <gpxtpx:TrackPointExtension>
            <gpxtpx:hr>133</gpxtpx:hr>
          </gpxtpx:TrackPointExtension>
        </extensions>
      </trkpt>
      <trkpt lat="40.05996726657723" lon="116.29723532936568">
        <ele>46.0</ele>
        <time>2026-08-01T15:16:26.000Z</time>
        <extensions>
          <gpxtpx:TrackPointExtension>
            <gpxtpx:hr>133</gpxtpx:hr>
          </gpxtpx:TrackPointExtension>
        </extensions>
      </trkpt>
      <trkpt lat="40.05991439185058" lon="116.29726388504551">
        <ele>46.0</ele>
        <time>2026-08-01T15:16:27.000Z</time>
      </trkpt>
      <trkpt lat="40.05986191853789" lon="116.29729267758387">
        <ele>46.0</ele>
        <time>2026-08-01T15:16:28.000Z</time>
      </trkpt>
      <trkpt lat="40.05980931210561" lon="116.29732056753399">
        <ele>46.0</ele>
        <time>2026-08-01T15:16:29.000Z</time>
      </trkpt>
      <trkpt lat="40.05975597994236" lon="116.29734822977143">
        <ele>46.0</ele>
        <time>2026-08-01T15:16:30.000Z</time>
      </trkpt>
      <trkpt lat="40.059702361242714" lon="116.2973760853194">
        <ele>46.0</ele>
        <time>2026-08-01T15:16:31.000Z</time>
      </trkpt>
      <trkpt lat="40.05964880642393" lon="116.2974040419818">
        <ele>46.0</ele>
        <time>2026-08-01T15:16:32.000Z</time>
      </trkpt>
      <trkpt lat="40.05959555854481" lon="116.29743208268766">
        <ele>46.0</ele>
        <time>2026-08-01T15:16:33.000Z</time>
      </trkpt>
      <trkpt lat="40.05954304834618" lon="116.29745946987403">
        <ele>46.0</ele>
        <time>2026-08-01T15:16:34.000Z</time>
      </trkpt>
      <trkpt lat="40.05949132786164" lon="116.2974862031408">
        <ele>46.0</ele>
        <time>2026-08-01T15:16:35.000Z</time>
      </trkpt>
      <trkpt lat="40.059439999634286" lon="116.29751336417321">
        <ele>46.0</ele>
        <time>2026-08-01T15:16:36.000Z</time>
      </trkpt>
      <trkpt lat="40.059388989244376" lon="116.29754102559714">
        <ele>46.0</ele>
        <time>2026-08-01T15:16:37.000Z</time>
      </trkpt>
      <trkpt lat="40.059338432996675" lon="116.29756904689458">
        <ele>46.0</ele>
        <time>2026-08-01T15:16:38.000Z</time>
      </trkpt>
      <trkpt lat="40.05928837983145" lon="116.29759708041202">
        <ele>46.0</ele>
        <time>2026-08-01T15:16:39.000Z</time>
      </trkpt>
      <trkpt lat="40.05923893629244" lon="116.29762446233578">
        <ele>46.0</ele>
        <time>2026-08-01T15:16:40.000Z</time>
      </trkpt>
      <trkpt lat="40.05918970338073" lon="116.29765139791547">
        <ele>46.0</ele>
        <time>2026-08-01T15:16:41.000Z</time>
      </trkpt>
      <trkpt lat="40.059139778805424" lon="116.29767829470462">
        <ele>46.0</ele>
        <time>2026-08-01T15:16:42.000Z</time>
      </trkpt>
      <trkpt lat="40.05908987922266" lon="116.29770524855536">
        <ele>46.0</ele>
        <time>2026-08-01T15:16:43.000Z</time>
      </trkpt>
      <trkpt lat="40.059040967118854" lon="116.29773214701781">
        <ele>46.1</ele>
        <time>2026-08-01T15:16:44.000Z</time>
      </trkpt>
      <trkpt lat="40.058992588918116" lon="116.29775875651603">
        <ele>46.1</ele>
        <time>2026-08-01T15:16:45.000Z</time>
      </trkpt>
      <trkpt lat="40.058944387858816" lon="116.29778531342619">
        <ele>46.1</ele>
        <time>2026-08-01T15:16:46.000Z</time>
      </trkpt>
      <trkpt lat="40.05889599896999" lon="116.29781175707912">
        <ele>46.1</ele>
        <time>2026-08-01T15:16:47.000Z</time>
      </trkpt>
      <trkpt lat="40.058847241609605" lon="116.29783770587751">
        <ele>46.1</ele>
        <time>2026-08-01T15:16:48.000Z</time>
      </trkpt>
      <trkpt lat="40.058798531967255" lon="116.29786299052553">
        <ele>46.1</ele>
        <time>2026-08-01T15:16:49.000Z</time>
      </trkpt>
      <trkpt lat="40.05875022211581" lon="116.29788768762654">
        <ele>46.1</ele>
        <time>2026-08-01T15:16:50.000Z</time>
      </trkpt>
      <trkpt lat="40.05870205714236" lon="116.29791249962894">
        <ele>46.1</ele>
        <time>2026-08-01T15:16:51.000Z</time>
      </trkpt>
      <trkpt lat="40.05865369937832" lon="116.2979379614276">
        <ele>46.1</ele>
        <time>2026-08-01T15:16:52.000Z</time>
      </trkpt>
      <trkpt lat="40.05860554004658" lon="116.29796395514177">
        <ele>46.1</ele>
        <time>2026-08-01T15:16:53.000Z</time>
      </trkpt>
      <trkpt lat="40.05855739626443" lon="116.29799003856853">
        <ele>46.1</ele>
        <time>2026-08-01T15:16:54.000Z</time>
      </trkpt>
      <trkpt lat="40.058508780693046" lon="116.29801523777385">
        <ele>46.1</ele>
        <time>2026-08-01T15:16:55.000Z</time>
      </trkpt>
      <trkpt lat="40.058459861104446" lon="116.29803953176538">
        <ele>46.1</ele>
        <time>2026-08-01T15:16:56.000Z</time>
      </trkpt>
      <trkpt lat="40.05841111891619" lon="116.2980639716832">
        <ele>46.1</ele>
        <time>2026-08-01T15:16:57.000Z</time>
      </trkpt>
      <trkpt lat="40.05836272821202" lon="116.29808927421706">
        <ele>46.1</ele>
        <time>2026-08-01T15:16:58.000Z</time>
      </trkpt>
      <trkpt lat="40.058314339506325" lon="116.29811596282732">
        <ele>46.1</ele>
        <time>2026-08-01T15:16:59.000Z</time>
      </trkpt>
      <trkpt lat="40.05826645058394" lon="116.29814369494426">
        <ele>46.1</ele>
        <time>2026-08-01T15:17:00.000Z</time>
      </trkpt>
      <trkpt lat="40.05821911883251" lon="116.29817165882736">
        <ele>46.1</ele>
        <time>2026-08-01T15:17:01.000Z</time>
      </trkpt>
      <trkpt lat="40.058171878587885" lon="116.29819880638037">
        <ele>46.2</ele>
        <time>2026-08-01T15:17:02.000Z</time>
      </trkpt>
      <trkpt lat="40.05812461338729" lon="116.298225169258">
        <ele>46.2</ele>
        <time>2026-08-01T15:17:03.000Z</time>
      </trkpt>
      <trkpt lat="40.058077369397594" lon="116.29825128088466">
        <ele>46.2</ele>
        <time>2026-08-01T15:17:04.000Z</time>
      </trkpt>
      <trkpt lat="40.05803032613055" lon="116.29827733005808">
        <ele>46.2</ele>
        <time>2026-08-01T15:17:05.000Z</time>
      </trkpt>
      <trkpt lat="40.05798333655577" lon="116.29830335439524">
        <ele>46.2</ele>
        <time>2026-08-01T15:17:06.000Z</time>
      </trkpt>
      <trkpt lat="40.05793624750284" lon="116.2983291093932">
        <ele>46.2</ele>
        <time>2026-08-01T15:17:07.000Z</time>
      </trkpt>
      <trkpt lat="40.05788903067509" lon="116.29835535676483">
        <ele>46.2</ele>
        <time>2026-08-01T15:17:08.000Z</time>
      </trkpt>
      <trkpt lat="40.05784184956956" lon="116.29838199806666">
        <ele>46.2</ele>
        <time>2026-08-01T15:17:09.000Z</time>
      </trkpt>
      <trkpt lat="40.0577947553321" lon="116.29840826137058">
        <ele>46.2</ele>
        <time>2026-08-01T15:17:10.000Z</time>
      </trkpt>
      <trkpt lat="40.05774741492161" lon="116.29843414796215">
        <ele>46.2</ele>
        <time>2026-08-01T15:17:11.000Z</time>
      </trkpt>
      <trkpt lat="40.05770017929624" lon="116.29846023407306">
        <ele>46.2</ele>
        <time>2026-08-01T15:17:12.000Z</time>
      </trkpt>
      <trkpt lat="40.057653150930726" lon="116.2984869325665">
        <ele>46.2</ele>
        <time>2026-08-01T15:17:13.000Z</time>
      </trkpt>
      <trkpt lat="40.0576059326712" lon="116.29851389502149">
        <ele>46.3</ele>
        <time>2026-08-01T15:17:14.000Z</time>
      </trkpt>
      <trkpt lat="40.057557931118524" lon="116.29854061897092">
        <ele>46.3</ele>
        <time>2026-08-01T15:17:15.000Z</time>
      </trkpt>
      <trkpt lat="40.057509163152346" lon="116.29856680835567">
        <ele>46.3</ele>
        <time>2026-08-01T15:17:16.000Z</time>
      </trkpt>
      <trkpt lat="40.057460751410986" lon="116.29859328845504">
        <ele>46.3</ele>
        <time>2026-08-01T15:17:17.000Z</time>
      </trkpt>
      <trkpt lat="40.057413021309834" lon="116.29862091967446">
        <ele>46.3</ele>
        <time>2026-08-01T15:17:18.000Z</time>
      </trkpt>
      <trkpt lat="40.057365694908725" lon="116.29864935633236">
        <ele>46.3</ele>
        <time>2026-08-01T15:17:19.000Z</time>
      </trkpt>
      <trkpt lat="40.05731774330682" lon="116.29867810519706">
        <ele>46.3</ele>
        <time>2026-08-01T15:17:20.000Z</time>
      </trkpt>
      <trkpt lat="40.057268741741886" lon="116.29870663927703">
        <ele>46.3</ele>
        <time>2026-08-01T15:17:21.000Z</time>
      </trkpt>
      <trkpt lat="40.05721943099736" lon="116.29873480559343">
        <ele>46.3</ele>
        <time>2026-08-01T15:17:22.000Z</time>
      </trkpt>
      <trkpt lat="40.05717051341064" lon="116.29876296666123">
        <ele>46.3</ele>
        <time>2026-08-01T15:17:23.000Z</time>
      </trkpt>
      <trkpt lat="40.05712220483524" lon="116.29879157908087">
        <ele>46.3</ele>
        <time>2026-08-01T15:17:24.000Z</time>
      </trkpt>
      <trkpt lat="40.057074742424696" lon="116.29882178073626">
        <ele>46.3</ele>
        <time>2026-08-01T15:17:25.000Z</time>
      </trkpt>
      <trkpt lat="40.057029356304625" lon="116.29885559081627">
        <ele>46.3</ele>
        <time>2026-08-01T15:17:26.000Z</time>
      </trkpt>
      <trkpt lat="40.05698755359931" lon="116.29889469424954">
        <ele>46.3</ele>
        <time>2026-08-01T15:17:27.000Z</time>
      </trkpt>
      <trkpt lat="40.05695019533196" lon="116.29893975197213">
        <ele>46.2</ele>
        <time>2026-08-01T15:17:28.000Z</time>
      </trkpt>
      <trkpt lat="40.05691741000681" lon="116.29899096240742">
        <ele>46.2</ele>
        <time>2026-08-01T15:17:29.000Z</time>
      </trkpt>
      <trkpt lat="40.05688923794572" lon="116.29904779909162">
        <ele>46.2</ele>
        <time>2026-08-01T15:17:30.000Z</time>
      </trkpt>
      <trkpt lat="40.05686606194714" lon="116.29910883678765">
        <ele>46.2</ele>
        <time>2026-08-01T15:17:31.000Z</time>
      </trkpt>
      <trkpt lat="40.05684797966074" lon="116.29917315635998">
        <ele>46.2</ele>
        <time>2026-08-01T15:17:32.000Z</time>
      </trkpt>
      <trkpt lat="40.056835066508825" lon="116.29923997826837">
        <ele>46.2</ele>
        <time>2026-08-01T15:17:33.000Z</time>
      </trkpt>
      <trkpt lat="40.05682743056664" lon="116.2993079878695">
        <ele>46.2</ele>
        <time>2026-08-01T15:17:34.000Z</time>
      </trkpt>
      <trkpt lat="40.05682465179836" lon="116.29937577185122">
        <ele>46.1</ele>
        <time>2026-08-01T15:17:35.000Z</time>
      </trkpt>
      <trkpt lat="40.05682602114092" lon="116.2994428557418">
        <ele>46.1</ele>
        <time>2026-08-01T15:17:36.000Z</time>
      </trkpt>
      <trkpt lat="40.056830943682186" lon="116.2995095828249">
        <ele>46.1</ele>
        <time>2026-08-01T15:17:37.000Z</time>
      </trkpt>
      <trkpt lat="40.05683884092006" lon="116.29957603485514">
        <ele>46.1</ele>
        <time>2026-08-01T15:17:38.000Z</time>
      </trkpt>
      <trkpt lat="40.0568484762935" lon="116.29964246194425">
        <ele>46.1</ele>
        <time>2026-08-01T15:17:39.000Z</time>
      </trkpt>
      <trkpt lat="40.056858527270165" lon="116.29970904782691">
        <ele>46.1</ele>
        <time>2026-08-01T15:17:40.000Z</time>
      </trkpt>
      <trkpt lat="40.056868816196626" lon="116.2997756613154">
        <ele>46.1</ele>
        <time>2026-08-01T15:17:41.000Z</time>
      </trkpt>
      <trkpt lat="40.05687982040978" lon="116.29984212681514">
        <ele>46.1</ele>
        <time>2026-08-01T15:17:42.000Z</time>
      </trkpt>
      <trkpt lat="40.05689131158626" lon="116.29990853469451">
        <ele>46.1</ele>
        <time>2026-08-01T15:17:43.000Z</time>
      </trkpt>
      <trkpt lat="40.05690263002992" lon="116.29997509347731">
        <ele>46.1</ele>
        <time>2026-08-01T15:17:44.000Z</time>
      </trkpt>
      <trkpt lat="40.05691378203058" lon="116.30004182665392">
        <ele>46.1</ele>
        <time>2026-08-01T15:17:45.000Z</time>
      </trkpt>
      <trkpt lat="40.056925009059995" lon="116.3001088838032">
        <ele>46.1</ele>
        <time>2026-08-01T15:17:46.000Z</time>
      </trkpt>
      <trkpt lat="40.05693636242977" lon="116.30017683992475">
        <ele>46.1</ele>
        <time>2026-08-01T15:17:47.000Z</time>
      </trkpt>
      <trkpt lat="40.05694778695996" lon="116.30024547787444">
        <ele>46.1</ele>
        <time>2026-08-01T15:17:48.000Z</time>
      </trkpt>
      <trkpt lat="40.05695914522878" lon="116.30031413248909">
        <ele>46.1</ele>
        <time>2026-08-01T15:17:49.000Z</time>
      </trkpt>
      <trkpt lat="40.05697045443893" lon="116.30038281366909">
        <ele>46.1</ele>
        <time>2026-08-01T15:17:50.000Z</time>
      </trkpt>
      <trkpt lat="40.056981742888084" lon="116.30045147204471">
        <ele>46.1</ele>
        <time>2026-08-01T15:17:51.000Z</time>
      </trkpt>
      <trkpt lat="40.056992909863254" lon="116.30052009738378">
        <ele>46.1</ele>
        <time>2026-08-01T15:17:52.000Z</time>
      </trkpt>
      <trkpt lat="40.057003533150706" lon="116.30058891249412">
        <ele>46.1</ele>
        <time>2026-08-01T15:17:53.000Z</time>
      </trkpt>
      <trkpt lat="40.05701284746543" lon="116.30065794224619">
        <ele>46.1</ele>
        <time>2026-08-01T15:17:54.000Z</time>
      </trkpt>
      <trkpt lat="40.05702019111341" lon="116.30072709544777">
        <ele>46.1</ele>
        <time>2026-08-01T15:17:55.000Z</time>
      </trkpt>
      <trkpt lat="40.05702508832803" lon="116.30079627546536">
        <ele>46.1</ele>
        <time>2026-08-01T15:17:56.000Z</time>
      </trkpt>
      <trkpt lat="40.0570268972074" lon="116.30086539605097">
        <ele>46.1</ele>
        <time>2026-08-01T15:17:57.000Z</time>
      </trkpt>
      <trkpt lat="40.057024737509984" lon="116.3009342104528">
        <ele>46.1</ele>
        <time>2026-08-01T15:17:58.000Z</time>
      </trkpt>
      <trkpt lat="40.057017944560876" lon="116.30100222586499">
        <ele>46.1</ele>
        <time>2026-08-01T15:17:59.000Z</time>
      </trkpt>
      <trkpt lat="40.057006163539114" lon="116.30106879245895">
        <ele>46.1</ele>
        <time>2026-08-01T15:18:00.000Z</time>
      </trkpt>
      <trkpt lat="40.0569891966444" lon="116.301132997642">
        <ele>46.1</ele>
        <time>2026-08-01T15:18:01.000Z</time>
      </trkpt>
      <trkpt lat="40.05696724608073" lon="116.3011941900966">
        <ele>46.1</ele>
        <time>2026-08-01T15:18:02.000Z</time>
      </trkpt>
      <trkpt lat="40.05694058775346" lon="116.30125178461867">
        <ele>46.1</ele>
        <time>2026-08-01T15:18:03.000Z</time>
      </trkpt>
      <trkpt lat="40.05690967905857" lon="116.3013048492926">
        <ele>46.1</ele>
        <time>2026-08-01T15:18:04.000Z</time>
      </trkpt>
      <trkpt lat="40.05687525279016" lon="116.301352334167">
        <ele>46.1</ele>
        <time>2026-08-01T15:18:05.000Z</time>
      </trkpt>
      <trkpt lat="40.056837939643216" lon="116.30139396310202">
        <ele>46.1</ele>
        <time>2026-08-01T15:18:06.000Z</time>
      </trkpt>
      <trkpt lat="40.056798379936254" lon="116.30143026117781">
        <ele>46.1</ele>
        <time>2026-08-01T15:18:07.000Z</time>
      </trkpt>
      <trkpt lat="40.05675728706433" lon="116.30146162314162">
        <ele>46.1</ele>
        <time>2026-08-01T15:18:08.000Z</time>
      </trkpt>
      <trkpt lat="40.05671539728744" lon="116.3014883567518">
        <ele>46.1</ele>
        <time>2026-08-01T15:18:09.000Z</time>
      </trkpt>
      <trkpt lat="40.0566731840607" lon="116.30151091660406">
        <ele>46.0</ele>
        <time>2026-08-01T15:18:10.000Z</time>
      </trkpt>
      <trkpt lat="40.0566309773777" lon="116.30152988067033">
        <ele>46.0</ele>
        <time>2026-08-01T15:18:11.000Z</time>
      </trkpt>
      <trkpt lat="40.05658925964945" lon="116.30154611667376">
        <ele>46.0</ele>
        <time>2026-08-01T15:18:12.000Z</time>
      </trkpt>
      <trkpt lat="40.056548325195095" lon="116.30156059584601">
        <ele>46.0</ele>
        <time>2026-08-01T15:18:13.000Z</time>
      </trkpt>
      <trkpt lat="40.05650858758883" lon="116.30157367593222">
        <ele>46.0</ele>
        <time>2026-08-01T15:18:14.000Z</time>
      </trkpt>
      <trkpt lat="40.05647074873375" lon="116.30158553225526">
        <ele>46.0</ele>
        <time>2026-08-01T15:18:15.000Z</time>
      </trkpt>
      <trkpt lat="40.056435558371525" lon="116.30159691789197">
        <ele>46.0</ele>
        <time>2026-08-01T15:18:16.000Z</time>
      </trkpt>
      <trkpt lat="40.0564043372659" lon="116.30160928207255">
        <ele>46.0</ele>
        <time>2026-08-01T15:18:17.000Z</time>
      </trkpt>
      <trkpt lat="40.0563792533534" lon="116.30162388305854">
        <ele>45.9</ele>
        <time>2026-08-01T15:18:18.000Z</time>
      </trkpt>
      <trkpt lat="40.05636342842813" lon="116.30164122302463">
        <ele>45.9</ele>
        <time>2026-08-01T15:18:19.000Z</time>
      </trkpt>
      <trkpt lat="40.05635920406457" lon="116.30165953278144">
        <ele>45.8</ele>
        <time>2026-08-01T15:18:20.000Z</time>
      </trkpt>
      <trkpt lat="40.056366156469345" lon="116.30167382343247">
        <ele>45.8</ele>
        <time>2026-08-01T15:18:21.000Z</time>
      </trkpt>
      <trkpt lat="40.05638111627505" lon="116.30168084373308">
        <ele>45.7</ele>
        <time>2026-08-01T15:18:22.000Z</time>
      </trkpt>
      <trkpt lat="40.056399936585116" lon="116.30168112636056">
        <ele>45.7</ele>
        <time>2026-08-01T15:18:23.000Z</time>
      </trkpt>
      <trkpt lat="40.05641967009339" lon="116.301676371392">
        <ele>45.6</ele>
        <time>2026-08-01T15:18:24.000Z</time>
      </trkpt>
      <trkpt lat="40.05643873367578" lon="116.30166862914868">
        <ele>45.6</ele>
        <time>2026-08-01T15:18:25.000Z</time>
      </trkpt>
      <trkpt lat="40.056456507410694" lon="116.3016597188231">
        <ele>45.5</ele>
        <time>2026-08-01T15:18:26.000Z</time>
      </trkpt>
      <trkpt lat="40.0564724971007" lon="116.30165084797532">
        <ele>45.5</ele>
        <time>2026-08-01T15:18:27.000Z</time>
      </trkpt>
      <trkpt lat="40.05648554905797" lon="116.30164279415486">
        <ele>45.4</ele>
        <time>2026-08-01T15:18:28.000Z</time>
      </trkpt>
      <trkpt lat="40.05649456304656" lon="116.30163628661596">
        <ele>45.4</ele>
        <time>2026-08-01T15:18:29.000Z</time>
      </trkpt>
      <trkpt lat="40.05649991519775" lon="116.30163156406329">
        <ele>45.4</ele>
        <time>2026-08-01T15:18:30.000Z</time>
      </trkpt>
      <trkpt lat="40.05650291119856" lon="116.30162818691163">
        <ele>45.3</ele>
        <time>2026-08-01T15:18:31.000Z</time>
      </trkpt>
      <trkpt lat="40.05650453868197" lon="116.30162560722094">
        <ele>45.3</ele>
        <time>2026-08-01T15:18:32.000Z</time>
      </trkpt>
      <trkpt lat="40.0565054438048" lon="116.30162341253728">
        <ele>45.3</ele>
        <time>2026-08-01T15:18:33.000Z</time>
      </trkpt>
      <trkpt lat="40.056505815384384" lon="116.30162156960724">
        <ele>45.3</ele>
        <time>2026-08-01T15:18:34.000Z</time>
      </trkpt>
      <trkpt lat="40.05650576610917" lon="116.30161999003406">
        <ele>45.2</ele>
        <time>2026-08-01T15:18:35.000Z</time>
      </trkpt>
      <trkpt lat="40.0565055480159" lon="116.30161826223515">
        <ele>45.2</ele>
        <time>2026-08-01T15:18:36.000Z</time>
      </trkpt>
      <trkpt lat="40.05650529826486" lon="116.30161614373667">
        <ele>45.2</ele>
        <time>2026-08-01T15:18:37.000Z</time>
      </trkpt>
      <trkpt lat="40.056504977546126" lon="116.3016139910049">
        <ele>45.2</ele>
        <time>2026-08-01T15:18:38.000Z</time>
      </trkpt>
      <trkpt lat="40.05650448420516" lon="116.30161235780261">
        <ele>45.2</ele>
        <time>2026-08-01T15:18:39.000Z</time>
      </trkpt>
      <trkpt lat="40.05650384075712" lon="116.30161130158717">
        <ele>45.1</ele>
        <time>2026-08-01T15:18:40.000Z</time>
      </trkpt>
      <trkpt lat="40.056503132692974" lon="116.30161066622262">
        <ele>45.1</ele>
        <time>2026-08-01T15:18:41.000Z</time>
      </trkpt>
      <trkpt lat="40.056502418020386" lon="116.30161034571204">
        <ele>45.1</ele>
        <time>2026-08-01T15:18:42.000Z</time>
      </trkpt>
      <trkpt lat="40.05650173326687" lon="116.30161027946122">
        <ele>45.1</ele>
        <time>2026-08-01T15:18:43.000Z</time>
      </trkpt>
      <trkpt lat="40.056501101866296" lon="116.30161041426773">
        <ele>45.1</ele>
        <time>2026-08-01T15:18:44.000Z</time>
      </trkpt>
      <trkpt lat="40.0565005472128" lon="116.30161064239009">
        <ele>45.1</ele>
        <time>2026-08-01T15:18:45.000Z</time>
      </trkpt>
      <trkpt lat="40.05650008530984" lon="116.30161088587987">
        <ele>45.1</ele>
        <time>2026-08-01T15:18:46.000Z</time>
      </trkpt>
      <trkpt lat="40.05649971910638" lon="116.301611133127">
        <ele>45.1</ele>
        <time>2026-08-01T15:18:47.000Z</time>
      </trkpt>
      <trkpt lat="40.056499446399066" lon="116.30161141666976">
        <ele>45.1</ele>
        <time>2026-08-01T15:18:48.000Z</time>
      </trkpt>
      <trkpt lat="40.05649927615192" lon="116.30161171596431">
        <ele>45.1</ele>
        <time>2026-08-01T15:18:49.000Z</time>
      </trkpt>
      <trkpt lat="40.056499232945406" lon="116.30161195793237">
        <ele>45.1</ele>
        <time>2026-08-01T15:18:50.000Z</time>
      </trkpt>
      <trkpt lat="40.05649934932454" lon="116.30161206235317">
        <ele>45.1</ele>
        <time>2026-08-01T15:18:51.000Z</time>
      </trkpt>
      <trkpt lat="40.05649966629192" lon="116.30161194929578">
        <ele>45.1</ele>
        <time>2026-08-01T15:18:52.000Z</time>
      </trkpt>
      <trkpt lat="40.05650023806447" lon="116.30161152666179">
        <ele>45.1</ele>
        <time>2026-08-01T15:18:53.000Z</time>
      </trkpt>
      <trkpt lat="40.05650114103836" lon="116.3016106672148">
        <ele>45.1</ele>
        <time>2026-08-01T15:18:54.000Z</time>
      </trkpt>
      <trkpt lat="40.05650243326805" lon="116.30160939335606">
        <ele>45.1</ele>
        <time>2026-08-01T15:18:55.000Z</time>
      </trkpt>
      <trkpt lat="40.05650417669639" lon="116.30160781764273">
        <ele>45.1</ele>
        <time>2026-08-01T15:18:56.000Z</time>
      </trkpt>
      <trkpt lat="40.056506496577654" lon="116.30160592971438">
        <ele>45.1</ele>
        <time>2026-08-01T15:18:57.000Z</time>
      </trkpt>
      <trkpt lat="40.056509630704106" lon="116.30160350417603">
        <ele>45.1</ele>
        <time>2026-08-01T15:18:58.000Z</time>
      </trkpt>
      <trkpt lat="40.05651390785559" lon="116.30160023249441">
        <ele>45.1</ele>
        <time>2026-08-01T15:18:59.000Z</time>
      </trkpt>
      <trkpt lat="40.056519726419964" lon="116.30159587364439">
        <ele>45.1</ele>
        <time>2026-08-01T15:19:00.000Z</time>
      </trkpt>
      <trkpt lat="40.05652770178506" lon="116.30158994175841">
        <ele>45.2</ele>
        <time>2026-08-01T15:19:01.000Z</time>
      </trkpt>
      <trkpt lat="40.056538524985484" lon="116.30158208314381">
        <ele>45.2</ele>
        <time>2026-08-01T15:19:02.000Z</time>
      </trkpt>
      <trkpt lat="40.05655290036972" lon="116.3015723078092">
        <ele>45.2</ele>
        <time>2026-08-01T15:19:03.000Z</time>
      </trkpt>
      <trkpt lat="40.05657134936285" lon="116.30156063406486">
        <ele>45.2</ele>
        <time>2026-08-01T15:19:04.000Z</time>
      </trkpt>
      <trkpt lat="40.05659390292265" lon="116.30154704279312">
        <ele>45.2</ele>
        <time>2026-08-01T15:19:05.000Z</time>
      </trkpt>
      <trkpt lat="40.05662025816859" lon="116.30153158494272">
        <ele>45.3</ele>
        <time>2026-08-01T15:19:06.000Z</time>
      </trkpt>
      <trkpt lat="40.05664987426508" lon="116.30151432410798">
        <ele>45.3</ele>
        <time>2026-08-01T15:19:07.000Z</time>
      </trkpt>
      <trkpt lat="40.05668204125743" lon="116.3014951051131">
        <ele>45.4</ele>
        <time>2026-08-01T15:19:08.000Z</time>
      </trkpt>
      <trkpt lat="40.056716035894574" lon="116.30147361096492">
        <ele>45.4</ele>
        <time>2026-08-01T15:19:09.000Z</time>
      </trkpt>
      <trkpt lat="40.05675123140279" lon="116.30144941074944">
        <ele>45.5</ele>
        <time>2026-08-01T15:19:10.000Z</time>
      </trkpt>
      <trkpt lat="40.056787034786524" lon="116.30142201260222">
        <ele>45.5</ele>
        <time>2026-08-01T15:19:11.000Z</time>
      </trkpt>
      <trkpt lat="40.056822892940964" lon="116.3013908185908">
        <ele>45.6</ele>
        <time>2026-08-01T15:19:12.000Z</time>
      </trkpt>
      <trkpt lat="40.056858126760645" lon="116.30135527796921">
        <ele>45.6</ele>
        <time>2026-08-01T15:19:13.000Z</time>
      </trkpt>
      <trkpt lat="40.05689190341023" lon="116.30131520740252">
        <ele>45.7</ele>
        <time>2026-08-01T15:19:14.000Z</time>
      </trkpt>
      <trkpt lat="40.05692350857694" lon="116.30127057156581">
        <ele>45.7</ele>
        <time>2026-08-01T15:19:15.000Z</time>
      </trkpt>
      <trkpt lat="40.05695241880686" lon="116.30122143711496">
        <ele>45.8</ele>
        <time>2026-08-01T15:19:16.000Z</time>
      </trkpt>
      <trkpt lat="40.05697807621436" lon="116.30116812602317">
        <ele>45.8</ele>
        <time>2026-08-01T15:19:17.000Z</time>
      </trkpt>
      <trkpt lat="40.05699975928484" lon="116.30111108148088">
        <ele>45.8</ele>
        <time>2026-08-01T15:19:18.000Z</time>
      </trkpt>
      <trkpt lat="40.057016806733294" lon="116.30105073434916">
        <ele>45.9</ele>
        <time>2026-08-01T15:19:19.000Z</time>
      </trkpt>
      <trkpt lat="40.05702889077756" lon="116.30098789782397">
        <ele>45.9</ele>
        <time>2026-08-01T15:19:20.000Z</time>
      </trkpt>
      <trkpt lat="40.057036353351485" lon="116.30092330520631">
        <ele>45.9</ele>
        <time>2026-08-01T15:19:21.000Z</time>
      </trkpt>
      <trkpt lat="40.05703964319017" lon="116.30085726043762">
        <ele>46.0</ele>
        <time>2026-08-01T15:19:22.000Z</time>
      </trkpt>
      <trkpt lat="40.057038964503" lon="116.30079010449077">
        <ele>46.0</ele>
        <time>2026-08-01T15:19:23.000Z</time>
      </trkpt>
      <trkpt lat="40.05703477261616" lon="116.30072220712631">
        <ele>46.0</ele>
        <time>2026-08-01T15:19:24.000Z</time>
      </trkpt>
      <trkpt lat="40.05702781449789" lon="116.3006539014349">
        <ele>46.0</ele>
        <time>2026-08-01T15:19:25.000Z</time>
      </trkpt>
      <trkpt lat="40.05701896657609" lon="116.30058549626811">
        <ele>46.1</ele>
        <time>2026-08-01T15:19:26.000Z</time>
      </trkpt>
      <trkpt lat="40.05700899018979" lon="116.300516951782">
        <ele>46.1</ele>
        <time>2026-08-01T15:19:27.000Z</time>
      </trkpt>
      <trkpt lat="40.05699832144783" lon="116.3004481510747">
        <ele>46.1</ele>
        <time>2026-08-01T15:19:28.000Z</time>
      </trkpt>
      <trkpt lat="40.05698733917293" lon="116.3003793506248">
        <ele>46.1</ele>
        <time>2026-08-01T15:19:29.000Z</time>
      </trkpt>
      <trkpt lat="40.05697631190184" lon="116.30031060818729">
        <ele>46.1</ele>
        <time>2026-08-01T15:19:30.000Z</time>
      </trkpt>
      <trkpt lat="40.0569652381596" lon="116.30024185949094">
        <ele>46.1</ele>
        <time>2026-08-01T15:19:31.000Z</time>
      </trkpt>
      <trkpt lat="40.056954013983784" lon="116.30017310160721">
        <ele>46.1</ele>
        <time>2026-08-01T15:19:32.000Z</time>
      </trkpt>
      <trkpt lat="40.05694255518115" lon="116.30010436591897">
        <ele>46.1</ele>
        <time>2026-08-01T15:19:33.000Z</time>
      </trkpt>
      <trkpt lat="40.05693088903909" lon="116.30003559292733">
        <ele>46.1</ele>
        <time>2026-08-01T15:19:34.000Z</time>
      </trkpt>
      <trkpt lat="40.056919112699276" lon="116.29996664932933">
        <ele>46.1</ele>
        <time>2026-08-01T15:19:35.000Z</time>
      </trkpt>
      <trkpt lat="40.05690731571911" lon="116.2998972726954">
        <ele>46.2</ele>
        <time>2026-08-01T15:19:36.000Z</time>
      </trkpt>
      <trkpt lat="40.05689564633286" lon="116.29982735250634">
        <ele>46.2</ele>
        <time>2026-08-01T15:19:37.000Z</time>
      </trkpt>
      <trkpt lat="40.056884108158414" lon="116.29975688652753">
        <ele>46.2</ele>
        <time>2026-08-01T15:19:38.000Z</time>
      </trkpt>
      <trkpt lat="40.056872982398076" lon="116.2996851759545">
        <ele>46.1</ele>
        <time>2026-08-01T15:19:39.000Z</time>
      </trkpt>
      <trkpt lat="40.05686282280622" lon="116.29961270585063">
        <ele>46.1</ele>
        <time>2026-08-01T15:19:40.000Z</time>
      </trkpt>
      <trkpt lat="40.05685343938466" lon="116.29953994009858">
        <ele>46.1</ele>
        <time>2026-08-01T15:19:41.000Z</time>
      </trkpt>
      <trkpt lat="40.05684486001919" lon="116.29946664845184">
        <ele>46.1</ele>
        <time>2026-08-01T15:19:42.000Z</time>
      </trkpt>
      <trkpt lat="40.056838076872786" lon="116.29939373533794">
        <ele>46.1</ele>
        <time>2026-08-01T15:19:43.000Z</time>
      </trkpt>
      <trkpt lat="40.05683451297936" lon="116.2993220118341">
        <ele>46.1</ele>
        <time>2026-08-01T15:19:44.000Z</time>
      </trkpt>
      <trkpt lat="40.0568359970335" lon="116.2992511459106">
        <ele>46.1</ele>
        <time>2026-08-01T15:19:45.000Z</time>
      </trkpt>
      <trkpt lat="40.05684415523373" lon="116.2991811739091">
        <ele>46.1</ele>
        <time>2026-08-01T15:19:46.000Z</time>
      </trkpt>
      <trkpt lat="40.05685927864112" lon="116.29911263883434">
        <ele>46.1</ele>
        <time>2026-08-01T15:19:47.000Z</time>
      </trkpt>
      <trkpt lat="40.05688036990924" lon="116.29904636091254">
        <ele>46.1</ele>
        <time>2026-08-01T15:19:48.000Z</time>
      </trkpt>
      <trkpt lat="40.056905923966085" lon="116.29898396843973">
        <ele>46.1</ele>
        <time>2026-08-01T15:19:49.000Z</time>
      </trkpt>
      <trkpt lat="40.05693492572426" lon="116.29892571157572">
        <ele>46.1</ele>
        <time>2026-08-01T15:19:50.000Z</time>
      </trkpt>
      <trkpt lat="40.05696814360262" lon="116.29887267483107">
        <ele>46.1</ele>
        <time>2026-08-01T15:19:51.000Z</time>
      </trkpt>
      <trkpt lat="40.057007204363764" lon="116.2988270427056">
        <ele>46.2</ele>
        <time>2026-08-01T15:19:52.000Z</time>
      </trkpt>
      <trkpt lat="40.057052545233084" lon="116.29878878521252">
        <ele>46.2</ele>
        <time>2026-08-01T15:19:53.000Z</time>
      </trkpt>
      <trkpt lat="40.05710247085551" lon="116.29875633738267">
        <ele>46.2</ele>
        <time>2026-08-01T15:19:54.000Z</time>
      </trkpt>
      <trkpt lat="40.057154502635164" lon="116.29872779809406">
        <ele>46.3</ele>
        <time>2026-08-01T15:19:55.000Z</time>
      </trkpt>
      <trkpt lat="40.05720695713812" lon="116.29870156201508">
        <ele>46.3</ele>
        <time>2026-08-01T15:19:56.000Z</time>
      </trkpt>
      <trkpt lat="40.05725967011915" lon="116.29867591134214">
        <ele>46.4</ele>
        <time>2026-08-01T15:19:57.000Z</time>
      </trkpt>
      <trkpt lat="40.057312598870105" lon="116.29865030140435">
        <ele>46.4</ele>
        <time>2026-08-01T15:19:58.000Z</time>
      </trkpt>
      <trkpt lat="40.057365594394895" lon="116.29862491148208">
        <ele>46.4</ele>
        <time>2026-08-01T15:19:59.000Z</time>
      </trkpt>
      <trkpt lat="40.057418971065296" lon="116.29859874282346">
        <ele>46.5</ele>
        <time>2026-08-01T15:20:00.000Z</time>
      </trkpt>
      <trkpt lat="40.05747248334802" lon="116.29857216556637">
        <ele>46.5</ele>
        <time>2026-08-01T15:20:01.000Z</time>
      </trkpt>
      <trkpt lat="40.05752644433718" lon="116.29854658631545">
        <ele>46.5</ele>
        <time>2026-08-01T15:20:02.000Z</time>
      </trkpt>
      <trkpt lat="40.057581077445924" lon="116.29852217341117">
        <ele>46.5</ele>
        <time>2026-08-01T15:20:03.000Z</time>
      </trkpt>
      <trkpt lat="40.05763606522829" lon="116.29849834686443">
        <ele>46.5</ele>
        <time>2026-08-01T15:20:04.000Z</time>
      </trkpt>
      <trkpt lat="40.05769142909984" lon="116.29847448803211">
        <ele>46.5</ele>
        <time>2026-08-01T15:20:05.000Z</time>
      </trkpt>
      <trkpt lat="40.05774765145154" lon="116.29845002912927">
        <ele>46.5</ele>
        <time>2026-08-01T15:20:06.000Z</time>
      </trkpt>
      <trkpt lat="40.05780487348296" lon="116.29842437563396">
        <ele>46.4</ele>
        <time>2026-08-01T15:20:07.000Z</time>
      </trkpt>
      <trkpt lat="40.057862999021225" lon="116.2983963081983">
        <ele>46.4</ele>
        <time>2026-08-01T15:20:08.000Z</time>
      </trkpt>
      <trkpt lat="40.05792139812479" lon="116.29836599515754">
        <ele>46.4</ele>
        <time>2026-08-01T15:20:09.000Z</time>
      </trkpt>
      <trkpt lat="40.05798024050158" lon="116.2983333996849">
        <ele>46.3</ele>
        <time>2026-08-01T15:20:10.000Z</time>
      </trkpt>
      <trkpt lat="40.05804145821994" lon="116.29829852917852">
        <ele>46.3</ele>
        <time>2026-08-01T15:20:11.000Z</time>
      </trkpt>
      <trkpt lat="40.058102748189434" lon="116.29826383608543">
        <ele>46.3</ele>
        <time>2026-08-01T15:20:12.000Z</time>
      </trkpt>
      <trkpt lat="40.058161142549544" lon="116.29822974500607">
        <ele>46.3</ele>
        <time>2026-08-01T15:20:13.000Z</time>
      </trkpt>
      <trkpt lat="40.05821783918821" lon="116.29819590212416">
        <ele>46.3</ele>
        <time>2026-08-01T15:20:14.000Z</time>
      </trkpt>
      <trkpt lat="40.05827481428332" lon="116.29816275435572">
        <ele>46.3</ele>
        <time>2026-08-01T15:20:15.000Z</time>
      </trkpt>
      <trkpt lat="40.05833348744591" lon="116.29813056075861">
        <ele>46.3</ele>
        <time>2026-08-01T15:20:16.000Z</time>
      </trkpt>
      <trkpt lat="40.058393732315594" lon="116.29809827090578">
        <ele>46.3</ele>
        <time>2026-08-01T15:20:17.000Z</time>
      </trkpt>
      <trkpt lat="40.05845360539889" lon="116.29806602103123">
        <ele>46.3</ele>
        <time>2026-08-01T15:20:18.000Z</time>
      </trkpt>
      <trkpt lat="40.05851239309279" lon="116.29803431945562">
        <ele>46.3</ele>
        <time>2026-08-01T15:20:19.000Z</time>
      </trkpt>
      <trkpt lat="40.0585717533685" lon="116.29800368154723">
        <ele>46.3</ele>
        <time>2026-08-01T15:20:20.000Z</time>
      </trkpt>
      <trkpt lat="40.05863319790564" lon="116.29797288204391">
        <ele>46.3</ele>
        <time>2026-08-01T15:20:21.000Z</time>
      </trkpt>
      <trkpt lat="40.05869393740858" lon="116.29794010046795">
        <ele>46.3</ele>
        <time>2026-08-01T15:20:22.000Z</time>
      </trkpt>
      <trkpt lat="40.05875266326462" lon="116.29790537569775">
        <ele>46.3</ele>
        <time>2026-08-01T15:20:23.000Z</time>
      </trkpt>
      <trkpt lat="40.05881220698193" lon="116.29786888459647">
        <ele>46.3</ele>
        <time>2026-08-01T15:20:24.000Z</time>
      </trkpt>
      <trkpt lat="40.058871640569464" lon="116.29783355424425">
        <ele>46.4</ele>
        <time>2026-08-01T15:20:25.000Z</time>
      </trkpt>
      <trkpt lat="40.058930060453065" lon="116.29779999361949">
        <ele>46.4</ele>
        <time>2026-08-01T15:20:26.000Z</time>
      </trkpt>
      <trkpt lat="40.05898926890324" lon="116.29776724904163">
        <ele>46.4</ele>
        <time>2026-08-01T15:20:27.000Z</time>
      </trkpt>
      <trkpt lat="40.05904861065235" lon="116.29773618184853">
        <ele>46.4</ele>
        <time>2026-08-01T15:20:28.000Z</time>
      </trkpt>
      <trkpt lat="40.059107422107694" lon="116.29770568613574">
        <ele>46.4</ele>
        <time>2026-08-01T15:20:29.000Z</time>
      </trkpt>
      <trkpt lat="40.05916674137918" lon="116.29767447797498">
        <ele>46.5</ele>
        <time>2026-08-01T15:20:30.000Z</time>
      </trkpt>
      <trkpt lat="40.05922669306708" lon="116.29764217346909">
        <ele>46.5</ele>
        <time>2026-08-01T15:20:31.000Z</time>
      </trkpt>
      <trkpt lat="40.059286229447395" lon="116.2976106750659">
        <ele>46.5</ele>
        <time>2026-08-01T15:20:32.000Z</time>
      </trkpt>
      <trkpt lat="40.059344600833946" lon="116.29758020457979">
        <ele>46.6</ele>
        <time>2026-08-01T15:20:33.000Z</time>
      </trkpt>
      <trkpt lat="40.05940261864674" lon="116.29754911202211">
        <ele>46.6</ele>
        <time>2026-08-01T15:20:34.000Z</time>
      </trkpt>
      <trkpt lat="40.05946046752627" lon="116.29751852538901">
        <ele>46.6</ele>
        <time>2026-08-01T15:20:35.000Z</time>
      </trkpt>
      <trkpt lat="40.059518778312125" lon="116.2974890351624">
        <ele>46.6</ele>
        <time>2026-08-01T15:20:36.000Z</time>
      </trkpt>
      <trkpt lat="40.05957721192772" lon="116.29746084768354">
        <ele>46.6</ele>
        <time>2026-08-01T15:20:37.000Z</time>
      </trkpt>
      <trkpt lat="40.05963466260804" lon="116.29743283245242">
        <ele>46.6</ele>
        <time>2026-08-01T15:20:38.000Z</time>
      </trkpt>
      <trkpt lat="40.05969215683476" lon="116.29740300660863">
        <ele>46.5</ele>
        <time>2026-08-01T15:20:39.000Z</time>
      </trkpt>
      <trkpt lat="40.05975026834471" lon="116.29737129069987">
        <ele>46.5</ele>
        <time>2026-08-01T15:20:40.000Z</time>
      </trkpt>
      <trkpt lat="40.05980781778347" lon="116.2973389092887">
        <ele>46.4</ele>
        <time>2026-08-01T15:20:41.000Z</time>
      </trkpt>
      <trkpt lat="40.05986498274855" lon="116.29730675823515">
        <ele>46.4</ele>
        <time>2026-08-01T15:20:42.000Z</time>
      </trkpt>
      <trkpt lat="40.05992220619429" lon="116.29727531025611">
        <ele>46.3</ele>
        <time>2026-08-01T15:20:43.000Z</time>
      </trkpt>
      <trkpt lat="40.05997928455287" lon="116.29724424572211">
        <ele>46.3</ele>
        <time>2026-08-01T15:20:44.000Z</time>
      </trkpt>
      <trkpt lat="40.06003656186803" lon="116.29721354213721">
        <ele>46.3</ele>
        <time>2026-08-01T15:20:45.000Z</time>
      </trkpt>
      <trkpt lat="40.060094123142726" lon="116.29718318787582">
        <ele>46.2</ele>
        <time>2026-08-01T15:20:46.000Z</time>
      </trkpt>
      <trkpt lat="40.06015140040257" lon="116.29715255070607">
        <ele>46.2</ele>
        <time>2026-08-01T15:20:47.000Z</time>
      </trkpt>
      <trkpt lat="40.06020908071112" lon="116.2971227566997">
        <ele>46.2</ele>
        <time>2026-08-01T15:20:48.000Z</time>
      </trkpt>
      <trkpt lat="40.060267748137264" lon="116.29709580386734">
        <ele>46.2</ele>
        <time>2026-08-01T15:20:49.000Z</time>
      </trkpt>
      <trkpt lat="40.060326707683174" lon="116.29706893577962">
        <ele>46.2</ele>
        <time>2026-08-01T15:20:50.000Z</time>
      </trkpt>
      <trkpt lat="40.06038529289845" lon="116.29703794539755">
        <ele>46.2</ele>
        <time>2026-08-01T15:20:51.000Z</time>
      </trkpt>
      <trkpt lat="40.06044238213978" lon="116.29700369084276">
        <ele>46.2</ele>
        <time>2026-08-01T15:20:52.000Z</time>
      </trkpt>
      <trkpt lat="40.06049866546989" lon="116.29696956852625">
        <ele>46.2</ele>
        <time>2026-08-01T15:20:53.000Z</time>
      </trkpt>
      <trkpt lat="40.06055563662054" lon="116.29693708160117">
        <ele>46.2</ele>
        <time>2026-08-01T15:20:54.000Z</time>
      </trkpt>
      <trkpt lat="40.060613035153544" lon="116.29690626654262">
        <ele>46.2</ele>
        <time>2026-08-01T15:20:55.000Z</time>
      </trkpt>
      <trkpt lat="40.06067030193804" lon="116.29687638466939">
        <ele>46.2</ele>
        <time>2026-08-01T15:20:56.000Z</time>
      </trkpt>
      <trkpt lat="40.060727201622385" lon="116.2968467378954">
        <ele>46.3</ele>
        <time>2026-08-01T15:20:57.000Z</time>
        <extensions>
          <gpxtpx:TrackPointExtension>
            <gpxtpx:hr>142</gpxtpx:hr>
          </gpxtpx:TrackPointExtension>
        </extensions>
      </trkpt>
      <trkpt lat="40.06078392661873" lon="116.29681762081142">
        <ele>46.3</ele>
        <time>2026-08-01T15:20:58.000Z</time>
        <extensions>
          <gpxtpx:TrackPointExtension>
            <gpxtpx:hr>142</gpxtpx:hr>
          </gpxtpx:TrackPointExtension>
        </extensions>
      </trkpt>
      <trkpt lat="40.060840041214675" lon="116.29678818576932">
        <ele>46.3</ele>
        <time>2026-08-01T15:20:59.000Z</time>
        <extensions>
          <gpxtpx:TrackPointExtension>
            <gpxtpx:hr>142</gpxtpx:hr>
          </gpxtpx:TrackPointExtension>
        </extensions>
      </trkpt>
      <trkpt lat="40.06089506822217" lon="116.29675805794481">
        <ele>46.3</ele>
        <time>2026-08-01T15:21:00.000Z</time>
        <extensions>
          <gpxtpx:TrackPointExtension>
            <gpxtpx:hr>142</gpxtpx:hr>
          </gpxtpx:TrackPointExtension>
        </extensions>
      </trkpt>
      <trkpt lat="40.060949866071375" lon="116.29672746327601">
        <ele>46.3</ele>
        <time>2026-08-01T15:21:01.000Z</time>
        <extensions>
          <gpxtpx:TrackPointExtension>
            <gpxtpx:hr>142</gpxtpx:hr>
          </gpxtpx:TrackPointExtension>
        </extensions>
      </trkpt>
      <trkpt lat="40.06100493437111" lon="116.29669542485007">
        <ele>46.3</ele>
        <time>2026-08-01T15:21:02.000Z</time>
        <extensions>
          <gpxtpx:TrackPointExtension>
            <gpxtpx:hr>142</gpxtpx:hr>
          </gpxtpx:TrackPointExtension>
        </extensions>
      </trkpt>
      <trkpt lat="40.06106113206978" lon="116.29666217683877">
        <ele>46.4</ele>
        <time>2026-08-01T15:21:03.000Z</time>
        <extensions>
          <gpxtpx:TrackPointExtension>
            <gpxtpx:hr>142</gpxtpx:hr>
          </gpxtpx:TrackPointExtension>
        </extensions>
      </trkpt>
      <trkpt lat="40.061118009445416" lon="116.29663013749902">
        <ele>46.4</ele>
        <time>2026-08-01T15:21:04.000Z</time>
        <extensions>
          <gpxtpx:TrackPointExtension>
            <gpxtpx:hr>142</gpxtpx:hr>
          </gpxtpx:TrackPointExtension>
        </extensions>
      </trkpt>
      <trkpt lat="40.06117456141589" lon="116.29660019191188">
        <ele>46.4</ele>
        <time>2026-08-01T15:21:05.000Z</time>
        <extensions>
          <gpxtpx:TrackPointExtension>
            <gpxtpx:hr>142</gpxtpx:hr>
          </gpxtpx:TrackPointExtension>
        </extensions>
      </trkpt>
      <trkpt lat="40.06123091628354" lon="116.29657098612">
        <ele>46.4</ele>
        <time>2026-08-01T15:21:06.000Z</time>
        <extensions>
          <gpxtpx:TrackPointExtension>
            <gpxtpx:hr>142</gpxtpx:hr>
          </gpxtpx:TrackPointExtension>
        </extensions>
      </trkpt>
      <trkpt lat="40.06128779976689" lon="116.29654254541954">
        <ele>46.4</ele>
        <time>2026-08-01T15:21:07.000Z</time>
        <extensions>
          <gpxtpx:TrackPointExtension>
            <gpxtpx:hr>142</gpxtpx:hr>
          </gpxtpx:TrackPointExtension>
        </extensions>
      </trkpt>
      <trkpt lat="40.06134512816053" lon="116.2965152504974">
        <ele>46.5</ele>
        <time>2026-08-01T15:21:08.000Z</time>
        <extensions>
          <gpxtpx:TrackPointExtension>
            <gpxtpx:hr>142</gpxtpx:hr>
          </gpxtpx:TrackPointExtension>
        </extensions>
      </trkpt>
      <trkpt lat="40.0614026553368" lon="116.2964877459002">
        <ele>46.5</ele>
        <time>2026-08-01T15:21:09.000Z</time>
        <extensions>
          <gpxtpx:TrackPointExtension>
            <gpxtpx:hr>142</gpxtpx:hr>
          </gpxtpx:TrackPointExtension>
        </extensions>
      </trkpt>
      <trkpt lat="40.06146010718554" lon="116.29645977350233">
        <ele>46.5</ele>
        <time>2026-08-01T15:21:10.000Z</time>
        <extensions>
          <gpxtpx:TrackPointExtension>
            <gpxtpx:hr>142</gpxtpx:hr>
          </gpxtpx:TrackPointExtension>
        </extensions>
      </trkpt>
      <trkpt lat="40.06151640374789" lon="116.296430586223">
        <ele>46.5</ele>
        <time>2026-08-01T15:21:11.000Z</time>
        <extensions>
          <gpxtpx:TrackPointExtension>
            <gpxtpx:hr>142</gpxtpx:hr>
          </gpxtpx:TrackPointExtension>
        </extensions>
      </trkpt>
      <trkpt lat="40.06157192019497" lon="116.29639996163193">
        <ele>46.5</ele>
        <time>2026-08-01T15:21:12.000Z</time>
        <extensions>
          <gpxtpx:TrackPointExtension>
            <gpxtpx:hr>142</gpxtpx:hr>
          </gpxtpx:TrackPointExtension>
        </extensions>
      </trkpt>
      <trkpt lat="40.06162724678177" lon="116.29636925922978">
        <ele>46.5</ele>
        <time>2026-08-01T15:21:13.000Z</time>
        <extensions>
          <gpxtpx:TrackPointExtension>
            <gpxtpx:hr>142</gpxtpx:hr>
          </gpxtpx:TrackPointExtension>
        </extensions>
      </trkpt>
      <trkpt lat="40.061682484615645" lon="116.29633880723391">
        <ele>46.5</ele>
        <time>2026-08-01T15:21:14.000Z</time>
        <extensions>
          <gpxtpx:TrackPointExtension>
            <gpxtpx:hr>142</gpxtpx:hr>
          </gpxtpx:TrackPointExtension>
        </extensions>
      </trkpt>
      <trkpt lat="40.06173771648964" lon="116.29630910690577">
        <ele>46.5</ele>
        <time>2026-08-01T15:21:15.000Z</time>
        <extensions>
          <gpxtpx:TrackPointExtension>
            <gpxtpx:hr>142</gpxtpx:hr>
          </gpxtpx:TrackPointExtension>
        </extensions>
      </trkpt>
      <trkpt lat="40.06179293140507" lon="116.29627990609296">
        <ele>46.5</ele>
        <time>2026-08-01T15:21:16.000Z</time>
        <extensions>
          <gpxtpx:TrackPointExtension>
            <gpxtpx:hr>142</gpxtpx:hr>
          </gpxtpx:TrackPointExtension>
        </extensions>
      </trkpt>
      <trkpt lat="40.06184789432779" lon="116.29625045304887">
        <ele>46.5</ele>
        <time>2026-08-01T15:21:17.000Z</time>
        <extensions>
          <gpxtpx:TrackPointExtension>
            <gpxtpx:hr>142</gpxtpx:hr>
          </gpxtpx:TrackPointExtension>
        </extensions>
      </trkpt>
      <trkpt lat="40.06190224867113" lon="116.29622041593679">
        <ele>46.5</ele>
        <time>2026-08-01T15:21:18.000Z</time>
        <extensions>
          <gpxtpx:TrackPointExtension>
            <gpxtpx:hr>142</gpxtpx:hr>
          </gpxtpx:TrackPointExtension>
        </extensions>
      </trkpt>
      <trkpt lat="40.06195588535943" lon="116.29619017738021">
        <ele>46.5</ele>
        <time>2026-08-01T15:21:19.000Z</time>
        <extensions>
          <gpxtpx:TrackPointExtension>
            <gpxtpx:hr>142</gpxtpx:hr>
          </gpxtpx:TrackPointExtension>
        </extensions>
      </trkpt>
      <trkpt lat="40.062008875430315" lon="116.2961604855087">
        <ele>46.5</ele>
        <time>2026-08-01T15:21:20.000Z</time>
        <extensions>
          <gpxtpx:TrackPointExtension>
            <gpxtpx:hr>142</gpxtpx:hr>
          </gpxtpx:TrackPointExtension>
        </extensions>
      </trkpt>
      <trkpt lat="40.062061242809214" lon="116.29613174767191">
        <ele>46.5</ele>
        <time>2026-08-01T15:21:21.000Z</time>
        <extensions>
          <gpxtpx:TrackPointExtension>
            <gpxtpx:hr>142</gpxtpx:hr>
          </gpxtpx:TrackPointExtension>
        </extensions>
      </trkpt>
      <trkpt lat="40.06211321013132" lon="116.2961038585854">
        <ele>46.5</ele>
        <time>2026-08-01T15:21:22.000Z</time>
        <extensions>
          <gpxtpx:TrackPointExtension>
            <gpxtpx:hr>142</gpxtpx:hr>
          </gpxtpx:TrackPointExtension>
        </extensions>
      </trkpt>
      <trkpt lat="40.06216496967983" lon="116.2960763310905">
        <ele>46.5</ele>
        <time>2026-08-01T15:21:23.000Z</time>
        <extensions>
          <gpxtpx:TrackPointExtension>
            <gpxtpx:hr>142</gpxtpx:hr>
          </gpxtpx:TrackPointExtension>
        </extensions>
      </trkpt>
      <trkpt lat="40.06221643465821" lon="116.29604849686146">
        <ele>46.5</ele>
        <time>2026-08-01T15:21:24.000Z</time>
        <extensions>
          <gpxtpx:TrackPointExtension>
            <gpxtpx:hr>142</gpxtpx:hr>
          </gpxtpx:TrackPointExtension>
        </extensions>
      </trkpt>
      <trkpt lat="40.06226746037485" lon="116.2960199039695">
        <ele>46.5</ele>
        <time>2026-08-01T15:21:25.000Z</time>
        <extensions>
          <gpxtpx:TrackPointExtension>
            <gpxtpx:hr>142</gpxtpx:hr>
          </gpxtpx:TrackPointExtension>
        </extensions>
      </trkpt>
      <trkpt lat="40.06231814855457" lon="116.29599079508205">
        <ele>46.6</ele>
        <time>2026-08-01T15:21:26.000Z</time>
        <extensions>
          <gpxtpx:TrackPointExtension>
            <gpxtpx:hr>142</gpxtpx:hr>
          </gpxtpx:TrackPointExtension>
        </extensions>
      </trkpt>
      <trkpt lat="40.062368632044475" lon="116.29596205949245">
        <ele>46.6</ele>
        <time>2026-08-01T15:21:27.000Z</time>
      </trkpt>
      <trkpt lat="40.06241881363538" lon="116.29593441298746">
        <ele>46.6</ele>
        <time>2026-08-01T15:21:28.000Z</time>
      </trkpt>
      <trkpt lat="40.06246880309928" lon="116.29590757950706">
        <ele>46.6</ele>
        <time>2026-08-01T15:21:29.000Z</time>
      </trkpt>
      <trkpt lat="40.062518501372296" lon="116.2958808219048">
        <ele>46.6</ele>
        <time>2026-08-01T15:21:30.000Z</time>
      </trkpt>
      <trkpt lat="40.062568018264564" lon="116.29585369796344">
        <ele>46.6</ele>
        <time>2026-08-01T15:21:31.000Z</time>
      </trkpt>
      <trkpt lat="40.0626178644364" lon="116.29582637388204">
        <ele>46.6</ele>
        <time>2026-08-01T15:21:32.000Z</time>
      </trkpt>
      <trkpt lat="40.06266854902586" lon="116.29579955415919">
        <ele>46.6</ele>
        <time>2026-08-01T15:21:33.000Z</time>
      </trkpt>
      <trkpt lat="40.062720401594675" lon="116.29577384676108">
        <ele>46.6</ele>
        <time>2026-08-01T15:21:34.000Z</time>
      </trkpt>
      <trkpt lat="40.06277316183753" lon="116.29574895345591">
        <ele>46.6</ele>
        <time>2026-08-01T15:21:35.000Z</time>
      </trkpt>
      <trkpt lat="40.06282629672389" lon="116.29572387236651">
        <ele>46.6</ele>
        <time>2026-08-01T15:21:36.000Z</time>
      </trkpt>
      <trkpt lat="40.0628795172712" lon="116.29569836619225">
        <ele>46.6</ele>
        <time>2026-08-01T15:21:37.000Z</time>
      </trkpt>
      <trkpt lat="40.06293299065388" lon="116.29567300629084">
        <ele>46.6</ele>
        <time>2026-08-01T15:21:38.000Z</time>
      </trkpt>
      <trkpt lat="40.062987001237545" lon="116.29564836777963">
        <ele>46.6</ele>
        <time>2026-08-01T15:21:39.000Z</time>
      </trkpt>
      <trkpt lat="40.06304143974626" lon="116.29562481988732">
        <ele>46.6</ele>
        <time>2026-08-01T15:21:40.000Z</time>
      </trkpt>
      <trkpt lat="40.06309611437488" lon="116.29560166918515">
        <ele>46.6</ele>
        <time>2026-08-01T15:21:41.000Z</time>
      </trkpt>
      <trkpt lat="40.06315083749361" lon="116.29557762716638">
        <ele>46.6</ele>
        <time>2026-08-01T15:21:42.000Z</time>
      </trkpt>
      <trkpt lat="40.06320527504478" lon="116.2955521066573">
        <ele>46.6</ele>
        <time>2026-08-01T15:21:43.000Z</time>
      </trkpt>
      <trkpt lat="40.06325975137882" lon="116.29552674060675">
        <ele>46.6</ele>
        <time>2026-08-01T15:21:44.000Z</time>
      </trkpt>
      <trkpt lat="40.0633152208737" lon="116.29550335424862">
        <ele>46.6</ele>
        <time>2026-08-01T15:21:45.000Z</time>
      </trkpt>
      <trkpt lat="40.06337184746516" lon="116.2954822697157">
        <ele>46.6</ele>
        <time>2026-08-01T15:21:46.000Z</time>
      </trkpt>
      <trkpt lat="40.063429297850035" lon="116.29546334526938">
        <ele>46.5</ele>
        <time>2026-08-01T15:21:47.000Z</time>
      </trkpt>
      <trkpt lat="40.06348811699949" lon="116.29544734546656">
        <ele>46.5</ele>
        <time>2026-08-01T15:21:48.000Z</time>
      </trkpt>
      <trkpt lat="40.06354746515023" lon="116.2954333134579">
        <ele>46.5</ele>
        <time>2026-08-01T15:21:49.000Z</time>
      </trkpt>
      <trkpt lat="40.063606184395965" lon="116.29541944412728">
        <ele>46.5</ele>
        <time>2026-08-01T15:21:50.000Z</time>
      </trkpt>
      <trkpt lat="40.06366472484456" lon="116.29540592811799">
        <ele>46.5</ele>
        <time>2026-08-01T15:21:51.000Z</time>
      </trkpt>
      <trkpt lat="40.06372314863359" lon="116.29539301201041">
        <ele>46.5</ele>
        <time>2026-08-01T15:21:52.000Z</time>
      </trkpt>
      <trkpt lat="40.063781222878745" lon="116.29538111761512">
        <ele>46.5</ele>
        <time>2026-08-01T15:21:53.000Z</time>
      </trkpt>
      <trkpt lat="40.0638391430654" lon="116.29537023922947">
        <ele>46.5</ele>
        <time>2026-08-01T15:21:54.000Z</time>
      </trkpt>
      <trkpt lat="40.063897054645885" lon="116.2953601694375">
        <ele>46.5</ele>
        <time>2026-08-01T15:21:55.000Z</time>
      </trkpt>
      <trkpt lat="40.063954702008566" lon="116.29535113216684">
        <ele>46.5</ele>
        <time>2026-08-01T15:21:56.000Z</time>
      </trkpt>
      <trkpt lat="40.0640121931771" lon="116.2953433846791">
        <ele>46.4</ele>
        <time>2026-08-01T15:21:57.000Z</time>
      </trkpt>
      <trkpt lat="40.06406962404339" lon="116.29533670578353">
        <ele>46.4</ele>
        <time>2026-08-01T15:21:58.000Z</time>
      </trkpt>
      <trkpt lat="40.06412700094771" lon="116.29533087574262">
        <ele>46.4</ele>
        <time>2026-08-01T15:21:59.000Z</time>
      </trkpt>
      <trkpt lat="40.06418461662686" lon="116.29532582665975">
        <ele>46.4</ele>
        <time>2026-08-01T15:22:00.000Z</time>
      </trkpt>
      <trkpt lat="40.064242422677154" lon="116.29532171847505">
        <ele>46.4</ele>
        <time>2026-08-01T15:22:01.000Z</time>
      </trkpt>
      <trkpt lat="40.064300164956435" lon="116.29531878256444">
        <ele>46.4</ele>
        <time>2026-08-01T15:22:02.000Z</time>
      </trkpt>
      <trkpt lat="40.06435794461685" lon="116.29531711367508">
        <ele>46.4</ele>
        <time>2026-08-01T15:22:03.000Z</time>
      </trkpt>
      <trkpt lat="40.064415958590544" lon="116.295316755768">
        <ele>46.3</ele>
        <time>2026-08-01T15:22:04.000Z</time>
      </trkpt>
      <trkpt lat="40.0644742286499" lon="116.29531773787492">
        <ele>46.3</ele>
        <time>2026-08-01T15:22:05.000Z</time>
      </trkpt>
      <trkpt lat="40.064532473787345" lon="116.29531988259012">
        <ele>46.3</ele>
        <time>2026-08-01T15:22:06.000Z</time>
      </trkpt>
      <trkpt lat="40.06459065142886" lon="116.29532278526747">
        <ele>46.3</ele>
        <time>2026-08-01T15:22:07.000Z</time>
      </trkpt>
      <trkpt lat="40.06464888377079" lon="116.29532649482223">
        <ele>46.3</ele>
        <time>2026-08-01T15:22:08.000Z</time>
      </trkpt>
      <trkpt lat="40.06470693235432" lon="116.29533115933371">
        <ele>46.3</ele>
        <time>2026-08-01T15:22:09.000Z</time>
      </trkpt>
      <trkpt lat="40.06476460546483" lon="116.2953363729325">
        <ele>46.3</ele>
        <time>2026-08-01T15:22:10.000Z</time>
      </trkpt>
      <trkpt lat="40.064821966027765" lon="116.2953420615807">
        <ele>46.3</ele>
        <time>2026-08-01T15:22:11.000Z</time>
      </trkpt>
      <trkpt lat="40.064879031275616" lon="116.29534871992387">
        <ele>46.3</ele>
        <time>2026-08-01T15:22:12.000Z</time>
      </trkpt>
      <trkpt lat="40.064935724479575" lon="116.29535664238622">
        <ele>46.3</ele>
        <time>2026-08-01T15:22:13.000Z</time>
      </trkpt>
      <trkpt lat="40.06499211117874" lon="116.29536587574165">
        <ele>46.3</ele>
        <time>2026-08-01T15:22:14.000Z</time>
      </trkpt>
      <trkpt lat="40.0650483037742" lon="116.29537652282508">
        <ele>46.2</ele>
        <time>2026-08-01T15:22:15.000Z</time>
      </trkpt>
      <trkpt lat="40.0651042105004" lon="116.29538844497779">
        <ele>46.2</ele>
        <time>2026-08-01T15:22:16.000Z</time>
      </trkpt>
      <trkpt lat="40.0651597231006" lon="116.29540077695745">
        <ele>46.2</ele>
        <time>2026-08-01T15:22:17.000Z</time>
      </trkpt>
      <trkpt lat="40.06521511181819" lon="116.29541314502274">
        <ele>46.2</ele>
        <time>2026-08-01T15:22:18.000Z</time>
      </trkpt>
      <trkpt lat="40.06527030932623" lon="116.29542644941627">
        <ele>46.2</ele>
        <time>2026-08-01T15:22:19.000Z</time>
      </trkpt>
      <trkpt lat="40.06532476409627" lon="116.29544120094732">
        <ele>46.2</ele>
        <time>2026-08-01T15:22:20.000Z</time>
      </trkpt>
      <trkpt lat="40.06537850930979" lon="116.2954571742488">
        <ele>46.2</ele>
        <time>2026-08-01T15:22:21.000Z</time>
      </trkpt>
      <trkpt lat="40.065431940129386" lon="116.29547418749728">
        <ele>46.2</ele>
        <time>2026-08-01T15:22:22.000Z</time>
      </trkpt>
      <trkpt lat="40.06548536862487" lon="116.2954919838508">
        <ele>46.3</ele>
        <time>2026-08-01T15:22:23.000Z</time>
      </trkpt>
      <trkpt lat="40.0655387120753" lon="116.29551031216894">
        <ele>46.3</ele>
        <time>2026-08-01T15:22:24.000Z</time>
      </trkpt>
      <trkpt lat="40.06559170665641" lon="116.29552899663163">
        <ele>46.3</ele>
        <time>2026-08-01T15:22:25.000Z</time>
      </trkpt>
      <trkpt lat="40.065644386141095" lon="116.29554829667791">
        <ele>46.3</ele>
        <time>2026-08-01T15:22:26.000Z</time>
      </trkpt>
      <trkpt lat="40.06569666987657" lon="116.29556867910344">
        <ele>46.3</ele>
        <time>2026-08-01T15:22:27.000Z</time>
      </trkpt>
      <trkpt lat="40.06574853645724" lon="116.29559030447791">
        <ele>46.3</ele>
        <time>2026-08-01T15:22:28.000Z</time>
      </trkpt>
      <trkpt lat="40.06580001281632" lon="116.2956131371521">
        <ele>46.3</ele>
        <time>2026-08-01T15:22:29.000Z</time>
      </trkpt>
      <trkpt lat="40.06585101590258" lon="116.29563669124879">
        <ele>46.4</ele>
        <time>2026-08-01T15:22:30.000Z</time>
      </trkpt>
      <trkpt lat="40.0659016839608" lon="116.29566034640452">
        <ele>46.4</ele>
        <time>2026-08-01T15:22:31.000Z</time>
      </trkpt>
      <trkpt lat="40.06595246505581" lon="116.29568429095676">
        <ele>46.4</ele>
        <time>2026-08-01T15:22:32.000Z</time>
      </trkpt>
      <trkpt lat="40.06600344898288" lon="116.29570934530705">
        <ele>46.4</ele>
        <time>2026-08-01T15:22:33.000Z</time>
      </trkpt>
      <trkpt lat="40.066054458731" lon="116.29573607129082">
        <ele>46.4</ele>
        <time>2026-08-01T15:22:34.000Z</time>
      </trkpt>
      <trkpt lat="40.06610529993193" lon="116.29576439904822">
        <ele>46.4</ele>
        <time>2026-08-01T15:22:35.000Z</time>
      </trkpt>
      <trkpt lat="40.066155627210634" lon="116.29579388389108">
        <ele>46.4</ele>
        <time>2026-08-01T15:22:36.000Z</time>
      </trkpt>
      <trkpt lat="40.06620556275058" lon="116.29582394544684">
        <ele>46.4</ele>
        <time>2026-08-01T15:22:37.000Z</time>
      </trkpt>
      <trkpt lat="40.06625571695816" lon="116.29585433400797">
        <ele>46.4</ele>
        <time>2026-08-01T15:22:38.000Z</time>
      </trkpt>
      <trkpt lat="40.0663063457949" lon="116.29588554678949">
        <ele>46.4</ele>
        <time>2026-08-01T15:22:39.000Z</time>
      </trkpt>
      <trkpt lat="40.06635742125089" lon="116.29591814083584">
        <ele>46.4</ele>
        <time>2026-08-01T15:22:40.000Z</time>
      </trkpt>
      <trkpt lat="40.06640884442471" lon="116.29595200173095">
        <ele>46.3</ele>
        <time>2026-08-01T15:22:41.000Z</time>
      </trkpt>
      <trkpt lat="40.066460439699085" lon="116.29598672974085">
        <ele>46.3</ele>
        <time>2026-08-01T15:22:42.000Z</time>
      </trkpt>
      <trkpt lat="40.066512127912304" lon="116.29602257941909">
        <ele>46.3</ele>
        <time>2026-08-01T15:22:43.000Z</time>
      </trkpt>
      <trkpt lat="40.06656338635924" lon="116.29606035398608">
        <ele>46.3</ele>
        <time>2026-08-01T15:22:44.000Z</time>
      </trkpt>
      <trkpt lat="40.06661396320007" lon="116.29610003033122">
        <ele>46.3</ele>
        <time>2026-08-01T15:22:45.000Z</time>
      </trkpt>
      <trkpt lat="40.066664298484916" lon="116.29614036937677">
        <ele>46.3</ele>
        <time>2026-08-01T15:22:46.000Z</time>
      </trkpt>
      <trkpt lat="40.06671428118401" lon="116.29618079367562">
        <ele>46.3</ele>
        <time>2026-08-01T15:22:47.000Z</time>
      </trkpt>
      <trkpt lat="40.066763321315484" lon="116.29622168361627">
        <ele>46.3</ele>
        <time>2026-08-01T15:22:48.000Z</time>
      </trkpt>
      <trkpt lat="40.06681124709728" lon="116.29626331458904">
        <ele>46.3</ele>
        <time>2026-08-01T15:22:49.000Z</time>
      </trkpt>
      <trkpt lat="40.06685830496806" lon="116.29630584965392">
        <ele>46.3</ele>
        <time>2026-08-01T15:22:50.000Z</time>
      </trkpt>
      <trkpt lat="40.06690476988898" lon="116.2963493124162">
        <ele>46.2</ele>
        <time>2026-08-01T15:22:51.000Z</time>
      </trkpt>
      <trkpt lat="40.06695064128098" lon="116.2963936383986">
        <ele>46.2</ele>
        <time>2026-08-01T15:22:52.000Z</time>
      </trkpt>
      <trkpt lat="40.066995906658384" lon="116.2964384198668">
        <ele>46.2</ele>
        <time>2026-08-01T15:22:53.000Z</time>
      </trkpt>
      <trkpt lat="40.06704052711243" lon="116.2964827421797">
        <ele>46.2</ele>
        <time>2026-08-01T15:22:54.000Z</time>
      </trkpt>
      <trkpt lat="40.067084431168205" lon="116.2965264362068">
        <ele>46.2</ele>
        <time>2026-08-01T15:22:55.000Z</time>
      </trkpt>
      <trkpt lat="40.06712801722303" lon="116.296570487601">
        <ele>46.2</ele>
        <time>2026-08-01T15:22:56.000Z</time>
      </trkpt>
      <trkpt lat="40.06717141329497" lon="116.29661557589112">
        <ele>46.2</ele>
        <time>2026-08-01T15:22:57.000Z</time>
      </trkpt>
      <trkpt lat="40.06721437505155" lon="116.29666181358836">
        <ele>46.2</ele>
        <time>2026-08-01T15:22:58.000Z</time>
      </trkpt>
      <trkpt lat="40.06725694798843" lon="116.29670914745482">
        <ele>46.1</ele>
        <time>2026-08-01T15:22:59.000Z</time>
      </trkpt>
      <trkpt lat="40.067299146536286" lon="116.29675721579541">
        <ele>46.1</ele>
        <time>2026-08-01T15:23:00.000Z</time>
      </trkpt>
      <trkpt lat="40.06734094138238" lon="116.29680567799348">
        <ele>46.1</ele>
        <time>2026-08-01T15:23:01.000Z</time>
      </trkpt>
      <trkpt lat="40.0673823787738" lon="116.29685459414081">
        <ele>46.1</ele>
        <time>2026-08-01T15:23:02.000Z</time>
      </trkpt>
      <trkpt lat="40.067423309481434" lon="116.29690405485805">
        <ele>46.1</ele>
        <time>2026-08-01T15:23:03.000Z</time>
      </trkpt>
      <trkpt lat="40.067463549263465" lon="116.29695431984348">
        <ele>46.1</ele>
        <time>2026-08-01T15:23:04.000Z</time>
      </trkpt>
      <trkpt lat="40.067503325790334" lon="116.2970054577234">
        <ele>46.1</ele>
        <time>2026-08-01T15:23:05.000Z</time>
      </trkpt>
      <trkpt lat="40.06754301495164" lon="116.29705706476004">
        <ele>46.1</ele>
        <time>2026-08-01T15:23:06.000Z</time>
      </trkpt>
      <trkpt lat="40.06758267325797" lon="116.2971093797124">
        <ele>46.1</ele>
        <time>2026-08-01T15:23:07.000Z</time>
      </trkpt>
      <trkpt lat="40.067622173739814" lon="116.29716283921871">
        <ele>46.0</ele>
        <time>2026-08-01T15:23:08.000Z</time>
      </trkpt>
      <trkpt lat="40.067661585192894" lon="116.29721748324059">
        <ele>46.0</ele>
        <time>2026-08-01T15:23:09.000Z</time>
      </trkpt>
      <trkpt lat="40.06770095091309" lon="116.29727278378101">
        <ele>46.0</ele>
        <time>2026-08-01T15:23:10.000Z</time>
      </trkpt>
      <trkpt lat="40.06774006493973" lon="116.29732818084864">
        <ele>46.0</ele>
        <time>2026-08-01T15:23:11.000Z</time>
      </trkpt>
      <trkpt lat="40.067778540643396" lon="116.29738383583003">
        <ele>46.0</ele>
        <time>2026-08-01T15:23:12.000Z</time>
      </trkpt>
      <trkpt lat="40.06781610850931" lon="116.29743997229767">
        <ele>46.0</ele>
        <time>2026-08-01T15:23:13.000Z</time>
      </trkpt>
      <trkpt lat="40.067853057694606" lon="116.29749638555306">
        <ele>46.0</ele>
        <time>2026-08-01T15:23:14.000Z</time>
      </trkpt>
      <trkpt lat="40.06788982136212" lon="116.29755305797327">
        <ele>46.0</ele>
        <time>2026-08-01T15:23:15.000Z</time>
      </trkpt>
      <trkpt lat="40.067926043276614" lon="116.29761017709362">
        <ele>46.0</ele>
        <time>2026-08-01T15:23:16.000Z</time>
      </trkpt>
      <trkpt lat="40.067961207981455" lon="116.29766769602793">
        <ele>46.0</ele>
        <time>2026-08-01T15:23:17.000Z</time>
      </trkpt>
      <trkpt lat="40.067995401114885" lon="116.29772555907725">
        <ele>46.0</ele>
        <time>2026-08-01T15:23:18.000Z</time>
      </trkpt>
      <trkpt lat="40.068028666391115" lon="116.29778370616805">
        <ele>46.0</ele>
        <time>2026-08-01T15:23:19.000Z</time>
      </trkpt>
      <trkpt lat="40.06806075590707" lon="116.29784211029175">
        <ele>46.0</ele>
        <time>2026-08-01T15:23:20.000Z</time>
      </trkpt>
      <trkpt lat="40.068091855587" lon="116.29790077237163">
        <ele>46.0</ele>
        <time>2026-08-01T15:23:21.000Z</time>
      </trkpt>
      <trkpt lat="40.068122340342356" lon="116.29795956028534">
        <ele>46.0</ele>
        <time>2026-08-01T15:23:22.000Z</time>
      </trkpt>
      <trkpt lat="40.06815226307864" lon="116.2980179853756">
        <ele>46.0</ele>
        <time>2026-08-01T15:23:23.000Z</time>
      </trkpt>
      <trkpt lat="40.068181761603824" lon="116.2980752141372">
        <ele>46.0</ele>
        <time>2026-08-01T15:23:24.000Z</time>
      </trkpt>
      <trkpt lat="40.06821027115737" lon="116.29813107645744">
        <ele>46.0</ele>
        <time>2026-08-01T15:23:25.000Z</time>
      </trkpt>
      <trkpt lat="40.06823715522669" lon="116.29818735505603">
        <ele>46.0</ele>
        <time>2026-08-01T15:23:26.000Z</time>
      </trkpt>
      <trkpt lat="40.06826347257014" lon="116.29824543259154">
        <ele>46.0</ele>
        <time>2026-08-01T15:23:27.000Z</time>
      </trkpt>
      <trkpt lat="40.06829045613739" lon="116.2983045305815">
        <ele>46.0</ele>
        <time>2026-08-01T15:23:28.000Z</time>
      </trkpt>
      <trkpt lat="40.06831790107386" lon="116.29836422313437">
        <ele>46.0</ele>
        <time>2026-08-01T15:23:29.000Z</time>
      </trkpt>
      <trkpt lat="40.06834457737037" lon="116.29842351273577">
        <ele>46.0</ele>
        <time>2026-08-01T15:23:30.000Z</time>
      </trkpt>
      <trkpt lat="40.068369021332714" lon="116.2984787370149">
        <ele>46.0</ele>
        <time>2026-08-01T15:23:31.000Z</time>
      </trkpt>
      <trkpt lat="40.068390326144" lon="116.29852727371747">
        <ele>46.0</ele>
        <time>2026-08-01T15:23:32.000Z</time>
      </trkpt>
      <trkpt lat="40.068409333633284" lon="116.29857093203637">
        <ele>46.0</ele>
        <time>2026-08-01T15:23:33.000Z</time>
      </trkpt>
      <trkpt lat="40.068427592487275" lon="116.29861385605986">
        <ele>46.0</ele>
        <time>2026-08-01T15:23:34.000Z</time>
      </trkpt>
      <trkpt lat="40.068445814675506" lon="116.29865822057214">
        <ele>46.0</ele>
        <time>2026-08-01T15:23:35.000Z</time>
      </trkpt>
      <trkpt lat="40.06846528734363" lon="116.29870534853033">
        <ele>45.9</ele>
        <time>2026-08-01T15:23:36.000Z</time>
      </trkpt>
      <trkpt lat="40.06848569331019" lon="116.29875628371221">
        <ele>45.9</ele>
        <time>2026-08-01T15:23:37.000Z</time>
      </trkpt>
      <trkpt lat="40.06850600192084" lon="116.2988110001001">
        <ele>45.9</ele>
        <time>2026-08-01T15:23:38.000Z</time>
      </trkpt>
      <trkpt lat="40.06852698145455" lon="116.29886871784905">
        <ele>45.9</ele>
        <time>2026-08-01T15:23:39.000Z</time>
      </trkpt>
      <trkpt lat="40.06854872438664" lon="116.29892814485224">
        <ele>45.9</ele>
        <time>2026-08-01T15:23:40.000Z</time>
      </trkpt>
      <trkpt lat="40.06857094224153" lon="116.29899024366638">
        <ele>45.9</ele>
        <time>2026-08-01T15:23:41.000Z</time>
      </trkpt>
      <trkpt lat="40.06859314449882" lon="116.29905486319625">
        <ele>45.9</ele>
        <time>2026-08-01T15:23:42.000Z</time>
      </trkpt>
      <trkpt lat="40.06861492237316" lon="116.29912002483296">
        <ele>45.9</ele>
        <time>2026-08-01T15:23:43.000Z</time>
      </trkpt>
      <trkpt lat="40.06863670053025" lon="116.2991853396111">
        <ele>45.9</ele>
        <time>2026-08-01T15:23:44.000Z</time>
      </trkpt>
      <trkpt lat="40.068658647224645" lon="116.29925084980397">
        <ele>45.9</ele>
        <time>2026-08-01T15:23:45.000Z</time>
      </trkpt>
      <trkpt lat="40.068680645035265" lon="116.29931676313062">
        <ele>45.9</ele>
        <time>2026-08-01T15:23:46.000Z</time>
      </trkpt>
      <trkpt lat="40.068702609520955" lon="116.29938327773506">
        <ele>46.0</ele>
        <time>2026-08-01T15:23:47.000Z</time>
      </trkpt>
      <trkpt lat="40.068724174468976" lon="116.29945051934428">
        <ele>46.0</ele>
        <time>2026-08-01T15:23:48.000Z</time>
      </trkpt>
      <trkpt lat="40.06874488936838" lon="116.29951896458913">
        <ele>46.0</ele>
        <time>2026-08-01T15:23:49.000Z</time>
      </trkpt>
      <trkpt lat="40.068764687413235" lon="116.29958894377954">
        <ele>46.0</ele>
        <time>2026-08-01T15:23:50.000Z</time>
      </trkpt>
      <trkpt lat="40.0687834806659" lon="116.29966019664731">
        <ele>46.0</ele>
        <time>2026-08-01T15:23:51.000Z</time>
      </trkpt>
      <trkpt lat="40.068801356783254" lon="116.29973261256256">
        <ele>46.0</ele>
        <time>2026-08-01T15:23:52.000Z</time>
      </trkpt>
      <trkpt lat="40.06881883191259" lon="116.29980614106255">
        <ele>46.0</ele>
        <time>2026-08-01T15:23:53.000Z</time>
      </trkpt>
      <trkpt lat="40.06883624861548" lon="116.29987997355013">
        <ele>46.1</ele>
        <time>2026-08-01T15:23:54.000Z</time>
      </trkpt>
      <trkpt lat="40.068853361295666" lon="116.29995344797831">
        <ele>46.1</ele>
        <time>2026-08-01T15:23:55.000Z</time>
      </trkpt>
      <trkpt lat="40.06886971252996" lon="116.30002714336204">
        <ele>46.1</ele>
        <time>2026-08-01T15:23:56.000Z</time>
      </trkpt>
      <trkpt lat="40.06888514149681" lon="116.3001014890445">
        <ele>46.0</ele>
        <time>2026-08-01T15:23:57.000Z</time>
      </trkpt>
      <trkpt lat="40.06889969167438" lon="116.30017593292197">
        <ele>46.0</ele>
        <time>2026-08-01T15:23:58.000Z</time>
      </trkpt>
      <trkpt lat="40.06891338977275" lon="116.30025020194084">
        <ele>46.0</ele>
        <time>2026-08-01T15:23:59.000Z</time>
      </trkpt>
      <trkpt lat="40.068925995687906" lon="116.30032450443666">
        <ele>46.0</ele>
        <time>2026-08-01T15:24:00.000Z</time>
      </trkpt>
      <trkpt lat="40.06893776446321" lon="116.30039902407911">
        <ele>46.0</ele>
        <time>2026-08-01T15:24:01.000Z</time>
      </trkpt>
      <trkpt lat="40.06894908163409" lon="116.30047364521377">
        <ele>46.0</ele>
        <time>2026-08-01T15:24:02.000Z</time>
      </trkpt>
      <trkpt lat="40.06895988765439" lon="116.30054836153593">
        <ele>46.0</ele>
        <time>2026-08-01T15:24:03.000Z</time>
      </trkpt>
      <trkpt lat="40.068970248791466" lon="116.30062315012445">
        <ele>46.0</ele>
        <time>2026-08-01T15:24:04.000Z</time>
      </trkpt>
      <trkpt lat="40.06898014609963" lon="116.30069811037627">
        <ele>46.0</ele>
        <time>2026-08-01T15:24:05.000Z</time>
      </trkpt>
      <trkpt lat="40.06898940481631" lon="116.30077337551182">
        <ele>46.0</ele>
        <time>2026-08-01T15:24:06.000Z</time>
      </trkpt>
      <trkpt lat="40.06899789641459" lon="116.3008490516469">
        <ele>46.0</ele>
        <time>2026-08-01T15:24:07.000Z</time>
      </trkpt>
      <trkpt lat="40.069005576887456" lon="116.30092521006844">
        <ele>46.0</ele>
        <time>2026-08-01T15:24:08.000Z</time>
      </trkpt>
      <trkpt lat="40.06901249634221" lon="116.3010017156663">
        <ele>46.0</ele>
        <time>2026-08-01T15:24:09.000Z</time>
      </trkpt>
      <trkpt lat="40.06901883857402" lon="116.30107836779477">
        <ele>46.0</ele>
        <time>2026-08-01T15:24:10.000Z</time>
      </trkpt>
      <trkpt lat="40.069024688550904" lon="116.30115493951801">
        <ele>46.0</ele>
        <time>2026-08-01T15:24:11.000Z</time>
      </trkpt>
      <trkpt lat="40.06902995130676" lon="116.30123131287526">
        <ele>46.0</ele>
        <time>2026-08-01T15:24:12.000Z</time>
      </trkpt>
      <trkpt lat="40.06903460608987" lon="116.3013074424297">
        <ele>46.0</ele>
        <time>2026-08-01T15:24:13.000Z</time>
      </trkpt>
      <trkpt lat="40.06903867370766" lon="116.30138343015626">
        <ele>45.9</ele>
        <time>2026-08-01T15:24:14.000Z</time>
      </trkpt>
      <trkpt lat="40.06904211065275" lon="116.30145952082694">
        <ele>45.9</ele>
        <time>2026-08-01T15:24:15.000Z</time>
      </trkpt>
      <trkpt lat="40.069044799209244" lon="116.30153576862975">
        <ele>45.9</ele>
        <time>2026-08-01T15:24:16.000Z</time>
      </trkpt>
      <trkpt lat="40.06904662614057" lon="116.30161202938604">
        <ele>45.9</ele>
        <time>2026-08-01T15:24:17.000Z</time>
      </trkpt>
      <trkpt lat="40.069047635124946" lon="116.30168824261821">
        <ele>45.8</ele>
        <time>2026-08-01T15:24:18.000Z</time>
      </trkpt>
      <trkpt lat="40.06904796144938" lon="116.30176442504576">
        <ele>45.8</ele>
        <time>2026-08-01T15:24:19.000Z</time>
      </trkpt>
      <trkpt lat="40.06904765802428" lon="116.30184061111856">
        <ele>45.8</ele>
        <time>2026-08-01T15:24:20.000Z</time>
      </trkpt>
      <trkpt lat="40.06904667018041" lon="116.30191676240037">
        <ele>45.8</ele>
        <time>2026-08-01T15:24:21.000Z</time>
      </trkpt>
      <trkpt lat="40.06904513730817" lon="116.30199288093542">
        <ele>45.7</ele>
        <time>2026-08-01T15:24:22.000Z</time>
      </trkpt>
      <trkpt lat="40.069043548663565" lon="116.30206925990636">
        <ele>45.7</ele>
        <time>2026-08-01T15:24:23.000Z</time>
      </trkpt>
      <trkpt lat="40.069042282519675" lon="116.30214591324834">
        <ele>45.7</ele>
        <time>2026-08-01T15:24:24.000Z</time>
      </trkpt>
      <trkpt lat="40.06904133072367" lon="116.30222265389475">
        <ele>45.7</ele>
        <time>2026-08-01T15:24:25.000Z</time>
      </trkpt>
      <trkpt lat="40.06904057185341" lon="116.30229959444374">
        <ele>45.6</ele>
        <time>2026-08-01T15:24:26.000Z</time>
      </trkpt>
      <trkpt lat="40.06903998529389" lon="116.30237678474049">
        <ele>45.6</ele>
        <time>2026-08-01T15:24:27.000Z</time>
      </trkpt>
      <trkpt lat="40.06903951759655" lon="116.3024540544615">
        <ele>45.6</ele>
        <time>2026-08-01T15:24:28.000Z</time>
      </trkpt>
      <trkpt lat="40.06903896986234" lon="116.30253132408896">
        <ele>45.6</ele>
        <time>2026-08-01T15:24:29.000Z</time>
      </trkpt>
      <trkpt lat="40.069038143981196" lon="116.30260863082933">
        <ele>45.6</ele>
        <time>2026-08-01T15:24:30.000Z</time>
      </trkpt>
      <trkpt lat="40.069037015430716" lon="116.3026860786139">
        <ele>45.6</ele>
        <time>2026-08-01T15:24:31.000Z</time>
      </trkpt>
      <trkpt lat="40.06903572306729" lon="116.30276376670062">
        <ele>45.6</ele>
        <time>2026-08-01T15:24:32.000Z</time>
      </trkpt>
      <trkpt lat="40.06903516213705" lon="116.3028416706206">
        <ele>45.5</ele>
        <time>2026-08-01T15:24:33.000Z</time>
      </trkpt>
      <trkpt lat="40.0690353820826" lon="116.30291954105918">
        <ele>45.5</ele>
        <time>2026-08-01T15:24:34.000Z</time>
      </trkpt>
      <trkpt lat="40.06903554645014" lon="116.30299723741167">
        <ele>45.5</ele>
        <time>2026-08-01T15:24:35.000Z</time>
      </trkpt>
      <trkpt lat="40.069035516170864" lon="116.30307486355225">
        <ele>45.5</ele>
        <time>2026-08-01T15:24:36.000Z</time>
      </trkpt>
      <trkpt lat="40.06903526339866" lon="116.30315240809762">
        <ele>45.5</ele>
        <time>2026-08-01T15:24:37.000Z</time>
      </trkpt>
      <trkpt lat="40.06903490031628" lon="116.30322975820354">
        <ele>45.5</ele>
        <time>2026-08-01T15:24:38.000Z</time>
      </trkpt>
      <trkpt lat="40.06903368903611" lon="116.30330776529307">
        <ele>45.5</ele>
        <time>2026-08-01T15:24:39.000Z</time>
      </trkpt>
      <trkpt lat="40.06903290598067" lon="116.30338664734066">
        <ele>45.5</ele>
        <time>2026-08-01T15:24:40.000Z</time>
      </trkpt>
      <trkpt lat="40.06903343175881" lon="116.3034655659057">
        <ele>45.5</ele>
        <time>2026-08-01T15:24:41.000Z</time>
      </trkpt>
      <trkpt lat="40.06903454504798" lon="116.30354556824">
        <ele>45.4</ele>
        <time>2026-08-01T15:24:42.000Z</time>
      </trkpt>
      <trkpt lat="40.06903610676166" lon="116.30362706291913">
        <ele>45.4</ele>
        <time>2026-08-01T15:24:43.000Z</time>
      </trkpt>
      <trkpt lat="40.06903684339957" lon="116.30371052250871">
        <ele>45.4</ele>
        <time>2026-08-01T15:24:44.000Z</time>
      </trkpt>
      <trkpt lat="40.06903747009154" lon="116.30379577931568">
        <ele>45.3</ele>
        <time>2026-08-01T15:24:45.000Z</time>
      </trkpt>
      <trkpt lat="40.06903840392307" lon="116.30388217424002">
        <ele>45.3</ele>
        <time>2026-08-01T15:24:46.000Z</time>
      </trkpt>
      <trkpt lat="40.069039428452484" lon="116.30396929454174">
        <ele>45.3</ele>
        <time>2026-08-01T15:24:47.000Z</time>
      </trkpt>
      <trkpt lat="40.069041724076406" lon="116.30405736484416">
        <ele>45.2</ele>
        <time>2026-08-01T15:24:48.000Z</time>
      </trkpt>
      <trkpt lat="40.06904582893301" lon="116.30414729686247">
        <ele>45.2</ele>
        <time>2026-08-01T15:24:49.000Z</time>
      </trkpt>
      <trkpt lat="40.06905304565733" lon="116.30423736113262">
        <ele>45.2</ele>
        <time>2026-08-01T15:24:50.000Z</time>
      </trkpt>
      <trkpt lat="40.069068327285535" lon="116.30432582992746">
        <ele>45.2</ele>
        <time>2026-08-01T15:24:51.000Z</time>
      </trkpt>
      <trkpt lat="40.06909599452463" lon="116.30440853236668">
        <ele>45.1</ele>
        <time>2026-08-01T15:24:52.000Z</time>
      </trkpt>
      <trkpt lat="40.06913890216895" lon="116.30447960631074">
        <ele>45.1</ele>
        <time>2026-08-01T15:24:53.000Z</time>
      </trkpt>
      <trkpt lat="40.06919595734702" lon="116.30453363242526">
        <ele>45.1</ele>
        <time>2026-08-01T15:24:54.000Z</time>
      </trkpt>
      <trkpt lat="40.06926094327243" lon="116.30456819897432">
        <ele>45.1</ele>
        <time>2026-08-01T15:24:55.000Z</time>
      </trkpt>
      <trkpt lat="40.06932895076555" lon="116.30458649461062">
        <ele>45.1</ele>
        <time>2026-08-01T15:24:56.000Z</time>
      </trkpt>
      <trkpt lat="40.06939587833654" lon="116.30459228219027">
        <ele>45.0</ele>
        <time>2026-08-01T15:24:57.000Z</time>
      </trkpt>
      <trkpt lat="40.06945906888516" lon="116.30459352603674">
        <ele>45.0</ele>
        <time>2026-08-01T15:24:58.000Z</time>
      </trkpt>
      <trkpt lat="40.06952001591085" lon="116.30459580927783">
        <ele>45.0</ele>
        <time>2026-08-01T15:24:59.000Z</time>
      </trkpt>
      <trkpt lat="40.06958081671613" lon="116.30459818704665">
        <ele>44.9</ele>
        <time>2026-08-01T15:25:00.000Z</time>
      </trkpt>
      <trkpt lat="40.069644213091664" lon="116.3046060452134">
        <ele>44.9</ele>
        <time>2026-08-01T15:25:01.000Z</time>
      </trkpt>
      <trkpt lat="40.069710941476686" lon="116.30462037361767">
        <ele>44.8</ele>
        <time>2026-08-01T15:25:02.000Z</time>
      </trkpt>
      <trkpt lat="40.069777955488455" lon="116.30463091276572">
        <ele>44.8</ele>
        <time>2026-08-01T15:25:03.000Z</time>
      </trkpt>
      <trkpt lat="40.06984443088854" lon="116.30463640090956">
        <ele>44.7</ele>
        <time>2026-08-01T15:25:04.000Z</time>
      </trkpt>
      <trkpt lat="40.06991223236204" lon="116.30464128080071">
        <ele>44.7</ele>
        <time>2026-08-01T15:25:05.000Z</time>
      </trkpt>
      <trkpt lat="40.06998196905693" lon="116.30464524967812">
        <ele>44.6</ele>
        <time>2026-08-01T15:25:06.000Z</time>
      </trkpt>
      <trkpt lat="40.07005301723379" lon="116.30465048251199">
        <ele>44.6</ele>
        <time>2026-08-01T15:25:07.000Z</time>
      </trkpt>
      <trkpt lat="40.07012310060893" lon="116.30466104069001">
        <ele>44.5</ele>
        <time>2026-08-01T15:25:08.000Z</time>
      </trkpt>
      <trkpt lat="40.070190930591735" lon="116.30467326097252">
        <ele>44.5</ele>
        <time>2026-08-01T15:25:09.000Z</time>
      </trkpt>
      <trkpt lat="40.070255209046515" lon="116.30468052919687">
        <ele>44.4</ele>
        <time>2026-08-01T15:25:10.000Z</time>
      </trkpt>
      <trkpt lat="40.07031605896341" lon="116.30468198021846">
        <ele>44.4</ele>
        <time>2026-08-01T15:25:11.000Z</time>
      </trkpt>
      <trkpt lat="40.070376392621945" lon="116.30467707446194">
        <ele>44.4</ele>
        <time>2026-08-01T15:25:12.000Z</time>
      </trkpt>
      <trkpt lat="40.07043483971483" lon="116.3046611848702">
        <ele>44.3</ele>
        <time>2026-08-01T15:25:13.000Z</time>
      </trkpt>
      <trkpt lat="40.07049117372777" lon="116.30463775123626">
        <ele>44.3</ele>
        <time>2026-08-01T15:25:14.000Z</time>
      </trkpt>
      <trkpt lat="40.07054643578087" lon="116.30461336879927">
        <ele>44.3</ele>
        <time>2026-08-01T15:25:15.000Z</time>
      </trkpt>
      <trkpt lat="40.070600175790965" lon="116.30458704314405">
        <ele>44.3</ele>
        <time>2026-08-01T15:25:16.000Z</time>
      </trkpt>
      <trkpt lat="40.07065181658718" lon="116.30455816623774">
        <ele>44.3</ele>
        <time>2026-08-01T15:25:17.000Z</time>
      </trkpt>
      <trkpt lat="40.07070083658427" lon="116.30452639746926">
        <ele>44.3</ele>
        <time>2026-08-01T15:25:18.000Z</time>
      </trkpt>
      <trkpt lat="40.07074673491314" lon="116.30449154854115">
        <ele>44.3</ele>
        <time>2026-08-01T15:25:19.000Z</time>
      </trkpt>
      <trkpt lat="40.07078899234354" lon="116.30445343817547">
        <ele>44.3</ele>
        <time>2026-08-01T15:25:20.000Z</time>
      </trkpt>
      <trkpt lat="40.07082706746721" lon="116.30441174007905">
        <ele>44.4</ele>
        <time>2026-08-01T15:25:21.000Z</time>
      </trkpt>
      <trkpt lat="40.07086024011917" lon="116.30436596016071">
        <ele>44.5</ele>
        <time>2026-08-01T15:25:22.000Z</time>
      </trkpt>
      <trkpt lat="40.07088762594568" lon="116.30431565648163">
        <ele>44.5</ele>
        <time>2026-08-01T15:25:23.000Z</time>
      </trkpt>
      <trkpt lat="40.07090840015296" lon="116.30426095757761">
        <ele>44.6</ele>
        <time>2026-08-01T15:25:24.000Z</time>
      </trkpt>
      <trkpt lat="40.070922017085834" lon="116.30420278062907">
        <ele>44.7</ele>
        <time>2026-08-01T15:25:25.000Z</time>
      </trkpt>
      <trkpt lat="40.070928164353475" lon="116.30414241458374">
        <ele>44.8</ele>
        <time>2026-08-01T15:25:26.000Z</time>
      </trkpt>
      <trkpt lat="40.07092668532096" lon="116.30408101883803">
        <ele>44.9</ele>
        <time>2026-08-01T15:25:27.000Z</time>
      </trkpt>
      <trkpt lat="40.07091752498169" lon="116.30401983985682">
        <ele>45.0</ele>
        <time>2026-08-01T15:25:28.000Z</time>
      </trkpt>
      <trkpt lat="40.070900913841555" lon="116.30396062164064">
        <ele>45.1</ele>
        <time>2026-08-01T15:25:29.000Z</time>
      </trkpt>
      <trkpt lat="40.07087752226959" lon="116.30390541445196">
        <ele>45.3</ele>
        <time>2026-08-01T15:25:30.000Z</time>
      </trkpt>
      <trkpt lat="40.07084820511132" lon="116.3038560038568">
        <ele>45.4</ele>
        <time>2026-08-01T15:25:31.000Z</time>
      </trkpt>
      <trkpt lat="40.07081389730129" lon="116.30381367836833">
        <ele>45.5</ele>
        <time>2026-08-01T15:25:32.000Z</time>
      </trkpt>
      <trkpt lat="40.07077556269388" lon="116.30377926520785">
        <ele>45.6</ele>
        <time>2026-08-01T15:25:33.000Z</time>
      </trkpt>
      <trkpt lat="40.070734207261204" lon="116.30375323376497">
        <ele>45.7</ele>
        <time>2026-08-01T15:25:34.000Z</time>
      </trkpt>
      <trkpt lat="40.07069099157657" lon="116.30373609712555">
        <ele>45.8</ele>
        <time>2026-08-01T15:25:35.000Z</time>
      </trkpt>
      <trkpt lat="40.07064697464633" lon="116.30372842509226">
        <ele>45.9</ele>
        <time>2026-08-01T15:25:36.000Z</time>
      </trkpt>
      <trkpt lat="40.07060294527323" lon="116.30373017271444">
        <ele>46.0</ele>
        <time>2026-08-01T15:25:37.000Z</time>
      </trkpt>
      <trkpt lat="40.070559461290465" lon="116.30374068549736">
        <ele>46.1</ele>
        <time>2026-08-01T15:25:38.000Z</time>
      </trkpt>
      <trkpt lat="40.070516878472176" lon="116.30375948222427">
        <ele>46.2</ele>
        <time>2026-08-01T15:25:39.000Z</time>
      </trkpt>
      <trkpt lat="40.07047546456935" lon="116.30378648409861">
        <ele>46.3</ele>
        <time>2026-08-01T15:25:40.000Z</time>
      </trkpt>
      <trkpt lat="40.07043546818904" lon="116.30382164997013">
        <ele>46.4</ele>
        <time>2026-08-01T15:25:41.000Z</time>
      </trkpt>
      <trkpt lat="40.070397470051894" lon="116.30386416792855">
        <ele>46.4</ele>
        <time>2026-08-01T15:25:42.000Z</time>
      </trkpt>
      <trkpt lat="40.07036220966662" lon="116.3039125382905">
        <ele>46.5</ele>
        <time>2026-08-01T15:25:43.000Z</time>
      </trkpt>
      <trkpt lat="40.07033000606911" lon="116.30396509896873">
        <ele>46.6</ele>
        <time>2026-08-01T15:25:44.000Z</time>
      </trkpt>
      <trkpt lat="40.070300637749845" lon="116.30402019032526">
        <ele>46.7</ele>
        <time>2026-08-01T15:25:45.000Z</time>
      </trkpt>
      <trkpt lat="40.070273533760805" lon="116.30407642553868">
        <ele>46.8</ele>
        <time>2026-08-01T15:25:46.000Z</time>
      </trkpt>
      <trkpt lat="40.07024807540679" lon="116.30413272119921">
        <ele>47.0</ele>
        <time>2026-08-01T15:25:47.000Z</time>
      </trkpt>
      <trkpt lat="40.07022369239622" lon="116.3041885926367">
        <ele>47.1</ele>
        <time>2026-08-01T15:25:48.000Z</time>
      </trkpt>
      <trkpt lat="40.07020010681124" lon="116.30424393189752">
        <ele>47.2</ele>
        <time>2026-08-01T15:25:49.000Z</time>
      </trkpt>
      <trkpt lat="40.07017732119767" lon="116.3042986060159">
        <ele>47.3</ele>
        <time>2026-08-01T15:25:50.000Z</time>
      </trkpt>
      <trkpt lat="40.07015534512052" lon="116.30435279647386">
        <ele>47.4</ele>
        <time>2026-08-01T15:25:51.000Z</time>
      </trkpt>
      <trkpt lat="40.070134269418496" lon="116.3044067648632">
        <ele>47.5</ele>
        <time>2026-08-01T15:25:52.000Z</time>
      </trkpt>
      <trkpt lat="40.07011402539152" lon="116.30446085417971">
        <ele>47.6</ele>
        <time>2026-08-01T15:25:53.000Z</time>
      </trkpt>
      <trkpt lat="40.07009430932235" lon="116.3045155625139">
        <ele>47.7</ele>
        <time>2026-08-01T15:25:54.000Z</time>
      </trkpt>
      <trkpt lat="40.07007500857904" lon="116.30457089919122">
        <ele>47.7</ele>
        <time>2026-08-01T15:25:55.000Z</time>
      </trkpt>
      <trkpt lat="40.070056182139744" lon="116.30462631214743">
        <ele>47.8</ele>
        <time>2026-08-01T15:25:56.000Z</time>
      </trkpt>
      <trkpt lat="40.0700378801099" lon="116.30468138363345">
        <ele>47.9</ele>
        <time>2026-08-01T15:25:57.000Z</time>
      </trkpt>
      <trkpt lat="40.07002020215357" lon="116.30473597694848">
        <ele>48.0</ele>
        <time>2026-08-01T15:25:58.000Z</time>
      </trkpt>
      <trkpt lat="40.07000323118607" lon="116.30479006622512">
        <ele>48.1</ele>
        <time>2026-08-01T15:25:59.000Z</time>
      </trkpt>
      <trkpt lat="40.06998681232365" lon="116.3048437406949">
        <ele>48.2</ele>
        <time>2026-08-01T15:26:00.000Z</time>
      </trkpt>
      <trkpt lat="40.06997078365995" lon="116.30489711787955">
        <ele>48.3</ele>
        <time>2026-08-01T15:26:01.000Z</time>
      </trkpt>
      <trkpt lat="40.06995519882747" lon="116.30495013087341">
        <ele>48.4</ele>
        <time>2026-08-01T15:26:02.000Z</time>
        <extensions>
          <gpxtpx:TrackPointExtension>
            <gpxtpx:hr>147</gpxtpx:hr>
          </gpxtpx:TrackPointExtension>
        </extensions>
      </trkpt>
      <trkpt lat="40.069940238546195" lon="116.30500268558019">
        <ele>48.5</ele>
        <time>2026-08-01T15:26:03.000Z</time>
        <extensions>
          <gpxtpx:TrackPointExtension>
            <gpxtpx:hr>147</gpxtpx:hr>
          </gpxtpx:TrackPointExtension>
        </extensions>
      </trkpt>
      <trkpt lat="40.06992611494676" lon="116.30505499612627">
        <ele>48.5</ele>
        <time>2026-08-01T15:26:04.000Z</time>
        <extensions>
          <gpxtpx:TrackPointExtension>
            <gpxtpx:hr>147</gpxtpx:hr>
          </gpxtpx:TrackPointExtension>
        </extensions>
      </trkpt>
      <trkpt lat="40.06991288917228" lon="116.30510731587479">
        <ele>48.6</ele>
        <time>2026-08-01T15:26:05.000Z</time>
        <extensions>
          <gpxtpx:TrackPointExtension>
            <gpxtpx:hr>147</gpxtpx:hr>
          </gpxtpx:TrackPointExtension>
        </extensions>
      </trkpt>
      <trkpt lat="40.06990047137844" lon="116.30515991585854">
        <ele>48.7</ele>
        <time>2026-08-01T15:26:06.000Z</time>
        <extensions>
          <gpxtpx:TrackPointExtension>
            <gpxtpx:hr>147</gpxtpx:hr>
          </gpxtpx:TrackPointExtension>
        </extensions>
      </trkpt>
      <trkpt lat="40.06988879963898" lon="116.3052130832152">
        <ele>48.8</ele>
        <time>2026-08-01T15:26:07.000Z</time>
        <extensions>
          <gpxtpx:TrackPointExtension>
            <gpxtpx:hr>147</gpxtpx:hr>
          </gpxtpx:TrackPointExtension>
        </extensions>
      </trkpt>
      <trkpt lat="40.06987784426431" lon="116.30526697602394">
        <ele>48.9</ele>
        <time>2026-08-01T15:26:08.000Z</time>
        <extensions>
          <gpxtpx:TrackPointExtension>
            <gpxtpx:hr>147</gpxtpx:hr>
          </gpxtpx:TrackPointExtension>
        </extensions>
      </trkpt>
      <trkpt lat="40.06986738986434" lon="116.30532169547756">
        <ele>48.9</ele>
        <time>2026-08-01T15:26:09.000Z</time>
        <extensions>
          <gpxtpx:TrackPointExtension>
            <gpxtpx:hr>147</gpxtpx:hr>
          </gpxtpx:TrackPointExtension>
        </extensions>
      </trkpt>
      <trkpt lat="40.069857208944796" lon="116.30537734519127">
        <ele>49.0</ele>
        <time>2026-08-01T15:26:10.000Z</time>
        <extensions>
          <gpxtpx:TrackPointExtension>
            <gpxtpx:hr>147</gpxtpx:hr>
          </gpxtpx:TrackPointExtension>
        </extensions>
      </trkpt>
      <trkpt lat="40.06984730099258" lon="116.30543396230173">
        <ele>49.1</ele>
        <time>2026-08-01T15:26:11.000Z</time>
        <extensions>
          <gpxtpx:TrackPointExtension>
            <gpxtpx:hr>147</gpxtpx:hr>
          </gpxtpx:TrackPointExtension>
        </extensions>
      </trkpt>
      <trkpt lat="40.06983773547612" lon="116.30549150471212">
        <ele>49.2</ele>
        <time>2026-08-01T15:26:12.000Z</time>
        <extensions>
          <gpxtpx:TrackPointExtension>
            <gpxtpx:hr>147</gpxtpx:hr>
          </gpxtpx:TrackPointExtension>
        </extensions>
      </trkpt>
      <trkpt lat="40.06982841217345" lon="116.3055499516488">
        <ele>49.2</ele>
        <time>2026-08-01T15:26:13.000Z</time>
        <extensions>
          <gpxtpx:TrackPointExtension>
            <gpxtpx:hr>147</gpxtpx:hr>
          </gpxtpx:TrackPointExtension>
        </extensions>
      </trkpt>
      <trkpt lat="40.06981912662386" lon="116.30560932333296">
        <ele>49.3</ele>
        <time>2026-08-01T15:26:14.000Z</time>
        <extensions>
          <gpxtpx:TrackPointExtension>
            <gpxtpx:hr>147</gpxtpx:hr>
          </gpxtpx:TrackPointExtension>
        </extensions>
      </trkpt>
      <trkpt lat="40.069810034908855" lon="116.30566949837996">
        <ele>49.4</ele>
        <time>2026-08-01T15:26:15.000Z</time>
        <extensions>
          <gpxtpx:TrackPointExtension>
            <gpxtpx:hr>147</gpxtpx:hr>
          </gpxtpx:TrackPointExtension>
        </extensions>
      </trkpt>
      <trkpt lat="40.06980156334692" lon="116.30572986454881">
        <ele>49.4</ele>
        <time>2026-08-01T15:26:16.000Z</time>
        <extensions>
          <gpxtpx:TrackPointExtension>
            <gpxtpx:hr>147</gpxtpx:hr>
          </gpxtpx:TrackPointExtension>
        </extensions>
      </trkpt>
      <trkpt lat="40.06979394373873" lon="116.30579003928948">
        <ele>49.5</ele>
        <time>2026-08-01T15:26:17.000Z</time>
        <extensions>
          <gpxtpx:TrackPointExtension>
            <gpxtpx:hr>147</gpxtpx:hr>
          </gpxtpx:TrackPointExtension>
        </extensions>
      </trkpt>
      <trkpt lat="40.069787159391595" lon="116.30585022389525">
        <ele>49.5</ele>
        <time>2026-08-01T15:26:18.000Z</time>
        <extensions>
          <gpxtpx:TrackPointExtension>
            <gpxtpx:hr>147</gpxtpx:hr>
          </gpxtpx:TrackPointExtension>
        </extensions>
      </trkpt>
      <trkpt lat="40.069781035980874" lon="116.30591074891106">
        <ele>49.6</ele>
        <time>2026-08-01T15:26:19.000Z</time>
        <extensions>
          <gpxtpx:TrackPointExtension>
            <gpxtpx:hr>147</gpxtpx:hr>
          </gpxtpx:TrackPointExtension>
        </extensions>
      </trkpt>
      <trkpt lat="40.069775437640466" lon="116.3059719386">
        <ele>49.7</ele>
        <time>2026-08-01T15:26:20.000Z</time>
        <extensions>
          <gpxtpx:TrackPointExtension>
            <gpxtpx:hr>147</gpxtpx:hr>
          </gpxtpx:TrackPointExtension>
        </extensions>
      </trkpt>
      <trkpt lat="40.069770413748365" lon="116.30603397945589">
        <ele>49.7</ele>
        <time>2026-08-01T15:26:21.000Z</time>
        <extensions>
          <gpxtpx:TrackPointExtension>
            <gpxtpx:hr>147</gpxtpx:hr>
          </gpxtpx:TrackPointExtension>
        </extensions>
      </trkpt>
      <trkpt lat="40.06976604878367" lon="116.3060969696722">
        <ele>49.8</ele>
        <time>2026-08-01T15:26:22.000Z</time>
        <extensions>
          <gpxtpx:TrackPointExtension>
            <gpxtpx:hr>147</gpxtpx:hr>
          </gpxtpx:TrackPointExtension>
        </extensions>
      </trkpt>
      <trkpt lat="40.069762343231865" lon="116.30616076152126">
        <ele>49.8</ele>
        <time>2026-08-01T15:26:23.000Z</time>
        <extensions>
          <gpxtpx:TrackPointExtension>
            <gpxtpx:hr>147</gpxtpx:hr>
          </gpxtpx:TrackPointExtension>
        </extensions>
      </trkpt>
      <trkpt lat="40.06975931010938" lon="116.30622498606454">
        <ele>49.8</ele>
        <time>2026-08-01T15:26:24.000Z</time>
        <extensions>
          <gpxtpx:TrackPointExtension>
            <gpxtpx:hr>147</gpxtpx:hr>
          </gpxtpx:TrackPointExtension>
        </extensions>
      </trkpt>
      <trkpt lat="40.06975691069153" lon="116.30628940677737">
        <ele>49.9</ele>
        <time>2026-08-01T15:26:25.000Z</time>
        <extensions>
          <gpxtpx:TrackPointExtension>
            <gpxtpx:hr>147</gpxtpx:hr>
          </gpxtpx:TrackPointExtension>
        </extensions>
      </trkpt>
      <trkpt lat="40.06975502666947" lon="116.30635423768179">
        <ele>49.9</ele>
        <time>2026-08-01T15:26:26.000Z</time>
        <extensions>
          <gpxtpx:TrackPointExtension>
            <gpxtpx:hr>147</gpxtpx:hr>
          </gpxtpx:TrackPointExtension>
        </extensions>
      </trkpt>
      <trkpt lat="40.06975341750866" lon="116.30641921036072">
        <ele>50.0</ele>
        <time>2026-08-01T15:26:27.000Z</time>
        <extensions>
          <gpxtpx:TrackPointExtension>
            <gpxtpx:hr>147</gpxtpx:hr>
          </gpxtpx:TrackPointExtension>
        </extensions>
      </trkpt>
      <trkpt lat="40.069751888359185" lon="116.30648407140983">
        <ele>50.0</ele>
        <time>2026-08-01T15:26:28.000Z</time>
        <extensions>
          <gpxtpx:TrackPointExtension>
            <gpxtpx:hr>147</gpxtpx:hr>
          </gpxtpx:TrackPointExtension>
        </extensions>
      </trkpt>
      <trkpt lat="40.06975059933864" lon="116.30654872781811">
        <ele>50.0</ele>
        <time>2026-08-01T15:26:29.000Z</time>
        <extensions>
          <gpxtpx:TrackPointExtension>
            <gpxtpx:hr>147</gpxtpx:hr>
          </gpxtpx:TrackPointExtension>
        </extensions>
      </trkpt>
      <trkpt lat="40.06974962773821" lon="116.30661369066712">
        <ele>50.1</ele>
        <time>2026-08-01T15:26:30.000Z</time>
        <extensions>
          <gpxtpx:TrackPointExtension>
            <gpxtpx:hr>147</gpxtpx:hr>
          </gpxtpx:TrackPointExtension>
        </extensions>
      </trkpt>
      <trkpt lat="40.06974869188871" lon="116.30667927976224">
        <ele>50.1</ele>
        <time>2026-08-01T15:26:31.000Z</time>
        <extensions>
          <gpxtpx:TrackPointExtension>
            <gpxtpx:hr>147</gpxtpx:hr>
          </gpxtpx:TrackPointExtension>
        </extensions>
      </trkpt>
      <trkpt lat="40.06974751542201" lon="116.3067452639111">
        <ele>50.1</ele>
        <time>2026-08-01T15:26:32.000Z</time>
      </trkpt>
      <trkpt lat="40.0697461991382" lon="116.30681173645453">
        <ele>50.2</ele>
        <time>2026-08-01T15:26:33.000Z</time>
      </trkpt>
      <trkpt lat="40.06974462086643" lon="116.30687908410096">
        <ele>50.2</ele>
        <time>2026-08-01T15:26:34.000Z</time>
      </trkpt>
      <trkpt lat="40.06974282741837" lon="116.30694799400128">
        <ele>50.2</ele>
        <time>2026-08-01T15:26:35.000Z</time>
      </trkpt>
      <trkpt lat="40.06974117335952" lon="116.30701822111985">
        <ele>50.3</ele>
        <time>2026-08-01T15:26:36.000Z</time>
      </trkpt>
      <trkpt lat="40.06973971948678" lon="116.30708911542305">
        <ele>50.3</ele>
        <time>2026-08-01T15:26:37.000Z</time>
      </trkpt>
      <trkpt lat="40.069738566983744" lon="116.3071602788888">
        <ele>50.3</ele>
        <time>2026-08-01T15:26:38.000Z</time>
      </trkpt>
      <trkpt lat="40.06973763320488" lon="116.30723140071008">
        <ele>50.3</ele>
        <time>2026-08-01T15:26:39.000Z</time>
      </trkpt>
      <trkpt lat="40.06973676135049" lon="116.3073021541462">
        <ele>50.4</ele>
        <time>2026-08-01T15:26:40.000Z</time>
      </trkpt>
      <trkpt lat="40.069735949045516" lon="116.30737257397125">
        <ele>50.4</ele>
        <time>2026-08-01T15:26:41.000Z</time>
      </trkpt>
      <trkpt lat="40.06973523222645" lon="116.30744306691308">
        <ele>50.4</ele>
        <time>2026-08-01T15:26:42.000Z</time>
      </trkpt>
      <trkpt lat="40.069734572685896" lon="116.3075138953259">
        <ele>50.5</ele>
        <time>2026-08-01T15:26:43.000Z</time>
      </trkpt>
      <trkpt lat="40.069733911321826" lon="116.30758502062771">
        <ele>50.5</ele>
        <time>2026-08-01T15:26:44.000Z</time>
      </trkpt>
      <trkpt lat="40.06973324018454" lon="116.30765637971206">
        <ele>50.5</ele>
        <time>2026-08-01T15:26:45.000Z</time>
      </trkpt>
      <trkpt lat="40.069732634763895" lon="116.30772783211181">
        <ele>50.6</ele>
        <time>2026-08-01T15:26:46.000Z</time>
      </trkpt>
      <trkpt lat="40.069732191629534" lon="116.30779927476053">
        <ele>50.6</ele>
        <time>2026-08-01T15:26:47.000Z</time>
      </trkpt>
      <trkpt lat="40.0697318536043" lon="116.30787073071001">
        <ele>50.6</ele>
        <time>2026-08-01T15:26:48.000Z</time>
      </trkpt>
      <trkpt lat="40.06973145597645" lon="116.30794207272498">
        <ele>50.7</ele>
        <time>2026-08-01T15:26:49.000Z</time>
      </trkpt>
      <trkpt lat="40.0697310480536" lon="116.30801293500079">
        <ele>50.7</ele>
        <time>2026-08-01T15:26:50.000Z</time>
      </trkpt>
      <trkpt lat="40.06973072388595" lon="116.30808315839508">
        <ele>50.7</ele>
        <time>2026-08-01T15:26:51.000Z</time>
      </trkpt>
      <trkpt lat="40.06973048649699" lon="116.30815285006622">
        <ele>50.8</ele>
        <time>2026-08-01T15:26:52.000Z</time>
      </trkpt>
      <trkpt lat="40.069730338752386" lon="116.30822231133726">
        <ele>50.8</ele>
        <time>2026-08-01T15:26:53.000Z</time>
      </trkpt>
      <trkpt lat="40.069730055155965" lon="116.30829178076036">
        <ele>50.8</ele>
        <time>2026-08-01T15:26:54.000Z</time>
      </trkpt>
      <trkpt lat="40.069729406235666" lon="116.3083612510527">
        <ele>50.9</ele>
        <time>2026-08-01T15:26:55.000Z</time>
      </trkpt>
      <trkpt lat="40.06972840077388" lon="116.3084306040183">
        <ele>50.9</ele>
        <time>2026-08-01T15:26:56.000Z</time>
      </trkpt>
      <trkpt lat="40.06972727534992" lon="116.30849954170316">
        <ele>50.9</ele>
        <time>2026-08-01T15:26:57.000Z</time>
      </trkpt>
      <trkpt lat="40.069726266854644" lon="116.3085679195205">
        <ele>51.0</ele>
        <time>2026-08-01T15:26:58.000Z</time>
      </trkpt>
      <trkpt lat="40.06972540047187" lon="116.30863577511977">
        <ele>51.0</ele>
        <time>2026-08-01T15:26:59.000Z</time>
      </trkpt>
      <trkpt lat="40.069724500781675" lon="116.30870326310034">
        <ele>51.0</ele>
        <time>2026-08-01T15:27:00.000Z</time>
      </trkpt>
      <trkpt lat="40.069723443718665" lon="116.30877073901546">
        <ele>51.1</ele>
        <time>2026-08-01T15:27:01.000Z</time>
      </trkpt>
      <trkpt lat="40.06972239073543" lon="116.30883825100027">
        <ele>51.1</ele>
        <time>2026-08-01T15:27:02.000Z</time>
      </trkpt>
      <trkpt lat="40.06972147154925" lon="116.30890543506618">
        <ele>51.1</ele>
        <time>2026-08-01T15:27:03.000Z</time>
      </trkpt>
      <trkpt lat="40.069720703807256" lon="116.30897211635869">
        <ele>51.2</ele>
        <time>2026-08-01T15:27:04.000Z</time>
      </trkpt>
      <trkpt lat="40.06972009770178" lon="116.30903828930771">
        <ele>51.2</ele>
        <time>2026-08-01T15:27:05.000Z</time>
      </trkpt>
      <trkpt lat="40.069719611113214" lon="116.30910394700162">
        <ele>51.2</ele>
        <time>2026-08-01T15:27:06.000Z</time>
      </trkpt>
      <trkpt lat="40.069719338087516" lon="116.3091689802219">
        <ele>51.3</ele>
        <time>2026-08-01T15:27:07.000Z</time>
      </trkpt>
      <trkpt lat="40.069719338013115" lon="116.30923331511461">
        <ele>51.3</ele>
        <time>2026-08-01T15:27:08.000Z</time>
      </trkpt>
      <trkpt lat="40.069719463839" lon="116.3092969117313">
        <ele>51.4</ele>
        <time>2026-08-01T15:27:09.000Z</time>
      </trkpt>
      <trkpt lat="40.069719593505916" lon="116.30935940809174">
        <ele>51.4</ele>
        <time>2026-08-01T15:27:10.000Z</time>
      </trkpt>
      <trkpt lat="40.06971968656158" lon="116.30942032664257">
        <ele>51.4</ele>
        <time>2026-08-01T15:27:11.000Z</time>
      </trkpt>
      <trkpt lat="40.06971976263849" lon="116.30947940774061">
        <ele>51.4</ele>
        <time>2026-08-01T15:27:12.000Z</time>
      </trkpt>
      <trkpt lat="40.069719725890685" lon="116.30953679324669">
        <ele>51.5</ele>
        <time>2026-08-01T15:27:13.000Z</time>
      </trkpt>
      <trkpt lat="40.069719446318025" lon="116.30959286608696">
        <ele>51.5</ele>
        <time>2026-08-01T15:27:14.000Z</time>
      </trkpt>
      <trkpt lat="40.06971890436746" lon="116.3096483720097">
        <ele>51.5</ele>
        <time>2026-08-01T15:27:15.000Z</time>
      </trkpt>
      <trkpt lat="40.06971811629569" lon="116.30970432720159">
        <ele>51.6</ele>
        <time>2026-08-01T15:27:16.000Z</time>
      </trkpt>
      <trkpt lat="40.0697171271487" lon="116.30976124963809">
        <ele>51.6</ele>
        <time>2026-08-01T15:27:17.000Z</time>
      </trkpt>
      <trkpt lat="40.06971608543343" lon="116.30981917182956">
        <ele>51.6</ele>
        <time>2026-08-01T15:27:18.000Z</time>
      </trkpt>
      <trkpt lat="40.06971515917433" lon="116.30987801879326">
        <ele>51.6</ele>
        <time>2026-08-01T15:27:19.000Z</time>
      </trkpt>
      <trkpt lat="40.06971439022798" lon="116.30993755908558">
        <ele>51.6</ele>
        <time>2026-08-01T15:27:20.000Z</time>
      </trkpt>
      <trkpt lat="40.06971377286266" lon="116.30999731996721">
        <ele>51.7</ele>
        <time>2026-08-01T15:27:21.000Z</time>
      </trkpt>
      <trkpt lat="40.06971330957521" lon="116.31005697409569">
        <ele>51.7</ele>
        <time>2026-08-01T15:27:22.000Z</time>
      </trkpt>
      <trkpt lat="40.06971295767731" lon="116.31011669236779">
        <ele>51.7</ele>
        <time>2026-08-01T15:27:23.000Z</time>
      </trkpt>
      <trkpt lat="40.06971250879035" lon="116.31017680098371">
        <ele>51.7</ele>
        <time>2026-08-01T15:27:24.000Z</time>
      </trkpt>
      <trkpt lat="40.06971173015114" lon="116.31023755969522">
        <ele>51.8</ele>
        <time>2026-08-01T15:27:25.000Z</time>
      </trkpt>
      <trkpt lat="40.06971064674832" lon="116.3102988838042">
        <ele>51.8</ele>
        <time>2026-08-01T15:27:26.000Z</time>
      </trkpt>
      <trkpt lat="40.06970949834387" lon="116.31036050232186">
        <ele>51.8</ele>
        <time>2026-08-01T15:27:27.000Z</time>
      </trkpt>
      <trkpt lat="40.06970855041195" lon="116.31042218465711">
        <ele>51.8</ele>
        <time>2026-08-01T15:27:28.000Z</time>
      </trkpt>
      <trkpt lat="40.06970796277998" lon="116.31048363158185">
        <ele>51.9</ele>
        <time>2026-08-01T15:27:29.000Z</time>
      </trkpt>
      <trkpt lat="40.06970762085634" lon="116.31054502242928">
        <ele>51.9</ele>
        <time>2026-08-01T15:27:30.000Z</time>
      </trkpt>
      <trkpt lat="40.0697072126833" lon="116.31060694167783">
        <ele>51.9</ele>
        <time>2026-08-01T15:27:31.000Z</time>
      </trkpt>
      <trkpt lat="40.06970622556085" lon="116.31067004956515">
        <ele>51.9</ele>
        <time>2026-08-01T15:27:32.000Z</time>
      </trkpt>
      <trkpt lat="40.069704556811004" lon="116.31073420876636">
        <ele>51.9</ele>
        <time>2026-08-01T15:27:33.000Z</time>
      </trkpt>
      <trkpt lat="40.06970271172135" lon="116.310799172973">
        <ele>52.0</ele>
        <time>2026-08-01T15:27:34.000Z</time>
      </trkpt>
      <trkpt lat="40.069700963135645" lon="116.31086493645309">
        <ele>52.0</ele>
        <time>2026-08-01T15:27:35.000Z</time>
      </trkpt>
      <trkpt lat="40.0696992662372" lon="116.3109313334827">
        <ele>52.0</ele>
        <time>2026-08-01T15:27:36.000Z</time>
      </trkpt>
      <trkpt lat="40.06969758141526" lon="116.31099843932624">
        <ele>52.0</ele>
        <time>2026-08-01T15:27:37.000Z</time>
      </trkpt>
      <trkpt lat="40.069695895408444" lon="116.31106632809391">
        <ele>52.0</ele>
        <time>2026-08-01T15:27:38.000Z</time>
      </trkpt>
      <trkpt lat="40.06969438128936" lon="116.31113496259682">
        <ele>52.0</ele>
        <time>2026-08-01T15:27:39.000Z</time>
      </trkpt>
      <trkpt lat="40.06969323158621" lon="116.31120413587563">
        <ele>52.0</ele>
        <time>2026-08-01T15:27:40.000Z</time>
      </trkpt>
      <trkpt lat="40.06969240690756" lon="116.31127265788543">
        <ele>52.0</ele>
        <time>2026-08-01T15:27:41.000Z</time>
      </trkpt>
      <trkpt lat="40.06969187284651" lon="116.31133949614235">
        <ele>52.0</ele>
        <time>2026-08-01T15:27:42.000Z</time>
      </trkpt>
      <trkpt lat="40.06969165385172" lon="116.31140478834143">
        <ele>52.0</ele>
        <time>2026-08-01T15:27:43.000Z</time>
      </trkpt>
      <trkpt lat="40.069691766472594" lon="116.31146881255964">
        <ele>52.0</ele>
        <time>2026-08-01T15:27:44.000Z</time>
      </trkpt>
      <trkpt lat="40.069692175396995" lon="116.3115319534898">
        <ele>52.0</ele>
        <time>2026-08-01T15:27:45.000Z</time>
      </trkpt>
      <trkpt lat="40.0696927720252" lon="116.31159451328006">
        <ele>52.0</ele>
        <time>2026-08-01T15:27:46.000Z</time>
      </trkpt>
      <trkpt lat="40.06969349889781" lon="116.31165677682307">
        <ele>52.0</ele>
        <time>2026-08-01T15:27:47.000Z</time>
      </trkpt>
      <trkpt lat="40.0696943277788" lon="116.31171901022286">
        <ele>52.0</ele>
        <time>2026-08-01T15:27:48.000Z</time>
      </trkpt>
      <trkpt lat="40.06969501173738" lon="116.3117808241078">
        <ele>51.9</ele>
        <time>2026-08-01T15:27:49.000Z</time>
      </trkpt>
      <trkpt lat="40.06969541962828" lon="116.3118417001989">
        <ele>51.9</ele>
        <time>2026-08-01T15:27:50.000Z</time>
      </trkpt>
      <trkpt lat="40.06969568414368" lon="116.31190169861694">
        <ele>51.9</ele>
        <time>2026-08-01T15:27:51.000Z</time>
      </trkpt>
      <trkpt lat="40.069695933491325" lon="116.3119610340458">
        <ele>51.9</ele>
        <time>2026-08-01T15:27:52.000Z</time>
      </trkpt>
      <trkpt lat="40.0696962395683" lon="116.31201974867508">
        <ele>51.8</ele>
        <time>2026-08-01T15:27:53.000Z</time>
      </trkpt>
      <trkpt lat="40.06969671784326" lon="116.31207783358637">
        <ele>51.8</ele>
        <time>2026-08-01T15:27:54.000Z</time>
      </trkpt>
      <trkpt lat="40.069697487939045" lon="116.31213542578122">
        <ele>51.7</ele>
        <time>2026-08-01T15:27:55.000Z</time>
      </trkpt>
      <trkpt lat="40.06969858274329" lon="116.31219282070766">
        <ele>51.7</ele>
        <time>2026-08-01T15:27:56.000Z</time>
      </trkpt>
      <trkpt lat="40.06970025205713" lon="116.31225041414046">
        <ele>51.7</ele>
        <time>2026-08-01T15:27:57.000Z</time>
      </trkpt>
      <trkpt lat="40.069703128720995" lon="116.31230865925444">
        <ele>51.6</ele>
        <time>2026-08-01T15:27:58.000Z</time>
      </trkpt>
      <trkpt lat="40.069707781098366" lon="116.3123683078853">
        <ele>51.6</ele>
        <time>2026-08-01T15:27:59.000Z</time>
      </trkpt>
      <trkpt lat="40.06971445918072" lon="116.3124300902355">
        <ele>51.5</ele>
        <time>2026-08-01T15:28:00.000Z</time>
      </trkpt>
      <trkpt lat="40.06972347793211" lon="116.31249416860699">
        <ele>51.5</ele>
        <time>2026-08-01T15:28:01.000Z</time>
      </trkpt>
      <trkpt lat="40.06973505968308" lon="116.31256023528768">
        <ele>51.5</ele>
        <time>2026-08-01T15:28:02.000Z</time>
      </trkpt>
      <trkpt lat="40.069749017354965" lon="116.31262777881962">
        <ele>51.5</ele>
        <time>2026-08-01T15:28:03.000Z</time>
      </trkpt>
      <trkpt lat="40.069765196802315" lon="116.31269633115858">
        <ele>51.5</ele>
        <time>2026-08-01T15:28:04.000Z</time>
      </trkpt>
      <trkpt lat="40.06978360804658" lon="116.31276562903629">
        <ele>51.5</ele>
        <time>2026-08-01T15:28:05.000Z</time>
      </trkpt>
      <trkpt lat="40.06980395286363" lon="116.31283547485226">
        <ele>51.5</ele>
        <time>2026-08-01T15:28:06.000Z</time>
      </trkpt>
      <trkpt lat="40.06982558087973" lon="116.31290577680481">
        <ele>51.5</ele>
        <time>2026-08-01T15:28:07.000Z</time>
      </trkpt>
      <trkpt lat="40.06984792938186" lon="116.31297649866559">
        <ele>51.5</ele>
        <time>2026-08-01T15:28:08.000Z</time>
      </trkpt>
      <trkpt lat="40.0698707134894" lon="116.31304756990001">
        <ele>51.5</ele>
        <time>2026-08-01T15:28:09.000Z</time>
      </trkpt>
      <trkpt lat="40.06989377067826" lon="116.31311894166711">
        <ele>51.5</ele>
        <time>2026-08-01T15:28:10.000Z</time>
      </trkpt>
      <trkpt lat="40.06991662061124" lon="116.31319156267075">
        <ele>51.4</ele>
        <time>2026-08-01T15:28:11.000Z</time>
      </trkpt>
      <trkpt lat="40.069938765475676" lon="116.31326669268145">
        <ele>51.4</ele>
        <time>2026-08-01T15:28:12.000Z</time>
      </trkpt>
      <trkpt lat="40.069958087530615" lon="116.31334434766683">
        <ele>51.4</ele>
        <time>2026-08-01T15:28:13.000Z</time>
      </trkpt>
      <trkpt lat="40.06997198407165" lon="116.31342437847422">
        <ele>51.3</ele>
        <time>2026-08-01T15:28:14.000Z</time>
      </trkpt>
      <trkpt lat="40.069980461910696" lon="116.31350691801903">
        <ele>51.2</ele>
        <time>2026-08-01T15:28:15.000Z</time>
      </trkpt>
      <trkpt lat="40.06998509005898" lon="116.31359139065687">
        <ele>51.2</ele>
        <time>2026-08-01T15:28:16.000Z</time>
      </trkpt>
      <trkpt lat="40.06998647145686" lon="116.31367640274814">
        <ele>51.1</ele>
        <time>2026-08-01T15:28:17.000Z</time>
      </trkpt>
      <trkpt lat="40.06998574202908" lon="116.31376269484907">
        <ele>51.1</ele>
        <time>2026-08-01T15:28:18.000Z</time>
      </trkpt>
      <trkpt lat="40.06998379702411" lon="116.31384938403686">
        <ele>51.0</ele>
        <time>2026-08-01T15:28:19.000Z</time>
      </trkpt>
      <trkpt lat="40.06998277452107" lon="116.31393491076788">
        <ele>51.0</ele>
        <time>2026-08-01T15:28:20.000Z</time>
      </trkpt>
      <trkpt lat="40.06998406757683" lon="116.31402014022191">
        <ele>50.9</ele>
        <time>2026-08-01T15:28:21.000Z</time>
      </trkpt>
      <trkpt lat="40.06998475389272" lon="116.31410362214737">
        <ele>50.9</ele>
        <time>2026-08-01T15:28:22.000Z</time>
      </trkpt>
      <trkpt lat="40.06998422249319" lon="116.31418540394347">
        <ele>50.9</ele>
        <time>2026-08-01T15:28:23.000Z</time>
      </trkpt>
      <trkpt lat="40.06998264110405" lon="116.3142667253744">
        <ele>50.9</ele>
        <time>2026-08-01T15:28:24.000Z</time>
      </trkpt>
      <trkpt lat="40.069981069416755" lon="116.31434795271994">
        <ele>50.9</ele>
        <time>2026-08-01T15:28:25.000Z</time>
      </trkpt>
      <trkpt lat="40.06997933477883" lon="116.3144302725152">
        <ele>50.9</ele>
        <time>2026-08-01T15:28:26.000Z</time>
      </trkpt>
      <trkpt lat="40.06997715693578" lon="116.3145143701005">
        <ele>50.8</ele>
        <time>2026-08-01T15:28:27.000Z</time>
      </trkpt>
      <trkpt lat="40.06997562772206" lon="116.3146000763235">
        <ele>50.8</ele>
        <time>2026-08-01T15:28:28.000Z</time>
      </trkpt>
      <trkpt lat="40.06997409982766" lon="116.31468632604962">
        <ele>50.8</ele>
        <time>2026-08-01T15:28:29.000Z</time>
      </trkpt>
      <trkpt lat="40.06997239475706" lon="116.31477248792218">
        <ele>50.8</ele>
        <time>2026-08-01T15:28:30.000Z</time>
      </trkpt>
      <trkpt lat="40.069970595654596" lon="116.31485910254072">
        <ele>50.8</ele>
        <time>2026-08-01T15:28:31.000Z</time>
      </trkpt>
      <trkpt lat="40.06996837638363" lon="116.31494628937595">
        <ele>50.8</ele>
        <time>2026-08-01T15:28:32.000Z</time>
      </trkpt>
      <trkpt lat="40.0699670725332" lon="116.31503380861116">
        <ele>50.7</ele>
        <time>2026-08-01T15:28:33.000Z</time>
      </trkpt>
      <trkpt lat="40.06996608505338" lon="116.31512241819752">
        <ele>50.7</ele>
        <time>2026-08-01T15:28:34.000Z</time>
      </trkpt>
      <trkpt lat="40.069963993914165" lon="116.31521156567439">
        <ele>50.7</ele>
        <time>2026-08-01T15:28:35.000Z</time>
      </trkpt>
      <trkpt lat="40.06996351836246" lon="116.31530106819345">
        <ele>50.7</ele>
        <time>2026-08-01T15:28:36.000Z</time>
      </trkpt>
      <trkpt lat="40.06996409282066" lon="116.31538968246785">
        <ele>50.7</ele>
        <time>2026-08-01T15:28:37.000Z</time>
      </trkpt>
      <trkpt lat="40.069962826504266" lon="116.31547596644452">
        <ele>50.7</ele>
        <time>2026-08-01T15:28:38.000Z</time>
      </trkpt>
      <trkpt lat="40.069960361627444" lon="116.31556223466539">
        <ele>50.7</ele>
        <time>2026-08-01T15:28:39.000Z</time>
      </trkpt>
      <trkpt lat="40.06995786454287" lon="116.31565006578195">
        <ele>50.6</ele>
        <time>2026-08-01T15:28:40.000Z</time>
      </trkpt>
      <trkpt lat="40.0699553627111" lon="116.31573899064757">
        <ele>50.6</ele>
        <time>2026-08-01T15:28:41.000Z</time>
      </trkpt>
      <trkpt lat="40.0699541008087" lon="116.31582838024165">
        <ele>50.6</ele>
        <time>2026-08-01T15:28:42.000Z</time>
      </trkpt>
      <trkpt lat="40.06995389705378" lon="116.31591819019484">
        <ele>50.6</ele>
        <time>2026-08-01T15:28:43.000Z</time>
      </trkpt>
      <trkpt lat="40.06995377400962" lon="116.31600758221296">
        <ele>50.6</ele>
        <time>2026-08-01T15:28:44.000Z</time>
      </trkpt>
      <trkpt lat="40.0699535979605" lon="116.31609697054589">
        <ele>50.6</ele>
        <time>2026-08-01T15:28:45.000Z</time>
      </trkpt>
      <trkpt lat="40.0699534388741" lon="116.3161875696775">
        <ele>50.6</ele>
        <time>2026-08-01T15:28:45.999Z</time>
      </trkpt>
      <trkpt lat="40.06995310694314" lon="116.31627858062693">
        <ele>50.6</ele>
        <time>2026-08-01T15:28:46.999Z</time>
      </trkpt>
      <trkpt lat="40.06995169635644" lon="116.31637051558108">
        <ele>50.6</ele>
        <time>2026-08-01T15:28:47.999Z</time>
      </trkpt>
      <trkpt lat="40.069949659712776" lon="116.31646392610622">
        <ele>50.6</ele>
        <time>2026-08-01T15:28:48.999Z</time>
      </trkpt>
      <trkpt lat="40.069948121717744" lon="116.31655876446267">
        <ele>50.6</ele>
        <time>2026-08-01T15:28:49.999Z</time>
      </trkpt>
      <trkpt lat="40.069946819206955" lon="116.31665512054417">
        <ele>50.6</ele>
        <time>2026-08-01T15:28:50.999Z</time>
      </trkpt>
      <trkpt lat="40.06994520642029" lon="116.31675117699488">
        <ele>50.6</ele>
        <time>2026-08-01T15:28:51.999Z</time>
      </trkpt>
      <trkpt lat="40.069943747058" lon="116.31684688885602">
        <ele>50.7</ele>
        <time>2026-08-01T15:28:52.999Z</time>
      </trkpt>
      <trkpt lat="40.06994227418759" lon="116.31694267841408">
        <ele>50.7</ele>
        <time>2026-08-01T15:28:53.999Z</time>
      </trkpt>
      <trkpt lat="40.06994112773577" lon="116.31703784601656">
        <ele>50.7</ele>
        <time>2026-08-01T15:28:54.999Z</time>
      </trkpt>
      <trkpt lat="40.06994084260151" lon="116.31713236916052">
        <ele>50.7</ele>
        <time>2026-08-01T15:28:55.999Z</time>
      </trkpt>
      <trkpt lat="40.06994054951647" lon="116.3172267129103">
        <ele>50.7</ele>
        <time>2026-08-01T15:28:56.999Z</time>
      </trkpt>
      <trkpt lat="40.06993986230757" lon="116.317321610975">
        <ele>50.7</ele>
        <time>2026-08-01T15:28:57.999Z</time>
      </trkpt>
      <trkpt lat="40.06993893678817" lon="116.31741678264449">
        <ele>50.7</ele>
        <time>2026-08-01T15:28:58.999Z</time>
      </trkpt>
      <trkpt lat="40.06993764191717" lon="116.31751167107872">
        <ele>50.7</ele>
        <time>2026-08-01T15:28:59.999Z</time>
      </trkpt>
      <trkpt lat="40.06993687871645" lon="116.31760576504728">
        <ele>50.8</ele>
        <time>2026-08-01T15:29:00.999Z</time>
      </trkpt>
      <trkpt lat="40.06993739363245" lon="116.31769857749927">
        <ele>50.8</ele>
        <time>2026-08-01T15:29:01.999Z</time>
      </trkpt>
      <trkpt lat="40.069938790941706" lon="116.31779089140544">
        <ele>50.8</ele>
        <time>2026-08-01T15:29:02.999Z</time>
      </trkpt>
      <trkpt lat="40.0699402407662" lon="116.31788374050888">
        <ele>50.8</ele>
        <time>2026-08-01T15:29:03.999Z</time>
      </trkpt>
      <trkpt lat="40.06993994311855" lon="116.31797570340615">
        <ele>50.8</ele>
        <time>2026-08-01T15:29:04.999Z</time>
      </trkpt>
      <trkpt lat="40.069938112224165" lon="116.31806645763854">
        <ele>50.8</ele>
        <time>2026-08-01T15:29:05.999Z</time>
      </trkpt>
      <trkpt lat="40.06993696166878" lon="116.31815679092917">
        <ele>50.8</ele>
        <time>2026-08-01T15:29:06.999Z</time>
      </trkpt>
      <trkpt lat="40.06993625283644" lon="116.31824607860555">
        <ele>50.8</ele>
        <time>2026-08-01T15:29:07.999Z</time>
      </trkpt>
      <trkpt lat="40.06993501409977" lon="116.31833473975436">
        <ele>50.8</ele>
        <time>2026-08-01T15:29:08.999Z</time>
      </trkpt>
      <trkpt lat="40.0699333762921" lon="116.31842250071725">
        <ele>50.8</ele>
        <time>2026-08-01T15:29:09.999Z</time>
      </trkpt>
      <trkpt lat="40.06993176956851" lon="116.31851000619554">
        <ele>50.8</ele>
        <time>2026-08-01T15:29:10.999Z</time>
      </trkpt>
      <trkpt lat="40.06993030027715" lon="116.31859719488433">
        <ele>50.8</ele>
        <time>2026-08-01T15:29:11.999Z</time>
      </trkpt>
      <trkpt lat="40.06992818398195" lon="116.31868319178477">
        <ele>50.8</ele>
        <time>2026-08-01T15:29:12.999Z</time>
      </trkpt>
      <trkpt lat="40.06992582243432" lon="116.31876921321633">
        <ele>50.8</ele>
        <time>2026-08-01T15:29:13.999Z</time>
      </trkpt>
      <trkpt lat="40.069923925480005" lon="116.31885462555583">
        <ele>50.8</ele>
        <time>2026-08-01T15:29:14.999Z</time>
      </trkpt>
      <trkpt lat="40.06992255760208" lon="116.31893921943012">
        <ele>50.8</ele>
        <time>2026-08-01T15:29:15.999Z</time>
      </trkpt>
      <trkpt lat="40.06992255762554" lon="116.31902339783242">
        <ele>50.9</ele>
        <time>2026-08-01T15:29:16.999Z</time>
      </trkpt>
      <trkpt lat="40.06992394040541" lon="116.31910689576333">
        <ele>50.9</ele>
        <time>2026-08-01T15:29:17.999Z</time>
      </trkpt>
      <trkpt lat="40.06992397764168" lon="116.31918955148443">
        <ele>50.9</ele>
        <time>2026-08-01T15:29:18.999Z</time>
      </trkpt>
      <trkpt lat="40.06992338660787" lon="116.31927190863362">
        <ele>50.9</ele>
        <time>2026-08-01T15:29:19.999Z</time>
      </trkpt>
      <trkpt lat="40.06992484737261" lon="116.31935390508762">
        <ele>51.0</ele>
        <time>2026-08-01T15:29:20.999Z</time>
      </trkpt>
      <trkpt lat="40.06992622148229" lon="116.31943509809001">
        <ele>51.0</ele>
        <time>2026-08-01T15:29:21.999Z</time>
      </trkpt>
      <trkpt lat="40.069925327580975" lon="116.31951529818036">
        <ele>51.0</ele>
        <time>2026-08-01T15:29:22.999Z</time>
      </trkpt>
      <trkpt lat="40.06992321009814" lon="116.31959428576654">
        <ele>51.0</ele>
        <time>2026-08-01T15:29:23.999Z</time>
      </trkpt>
      <trkpt lat="40.06992108922946" lon="116.31967287056801">
        <ele>51.0</ele>
        <time>2026-08-01T15:29:24.999Z</time>
      </trkpt>
      <trkpt lat="40.06992113218049" lon="116.3197514789288">
        <ele>50.9</ele>
        <time>2026-08-01T15:29:25.999Z</time>
      </trkpt>
      <trkpt lat="40.069921724766154" lon="116.31982971793447">
        <ele>50.9</ele>
        <time>2026-08-01T15:29:26.999Z</time>
      </trkpt>
      <trkpt lat="40.06992066271837" lon="116.31990723773674">
        <ele>50.9</ele>
        <time>2026-08-01T15:29:27.999Z</time>
      </trkpt>
      <trkpt lat="40.06991940633596" lon="116.3199844655554">
        <ele>50.9</ele>
        <time>2026-08-01T15:29:28.999Z</time>
      </trkpt>
      <trkpt lat="40.06991798282028" lon="116.32006158574688">
        <ele>50.9</ele>
        <time>2026-08-01T15:29:29.999Z</time>
      </trkpt>
      <trkpt lat="40.069916634423265" lon="116.32013874207892">
        <ele>50.9</ele>
        <time>2026-08-01T15:29:30.999Z</time>
      </trkpt>
      <trkpt lat="40.069915580965386" lon="116.32021605047393">
        <ele>50.9</ele>
        <time>2026-08-01T15:29:31.999Z</time>
      </trkpt>
      <trkpt lat="40.06991481154953" lon="116.32029355821737">
        <ele>50.9</ele>
        <time>2026-08-01T15:29:32.999Z</time>
      </trkpt>
      <trkpt lat="40.069913769319975" lon="116.32037119653954">
        <ele>50.9</ele>
        <time>2026-08-01T15:29:33.999Z</time>
      </trkpt>
      <trkpt lat="40.06991232946901" lon="116.32044874388195">
        <ele>50.9</ele>
        <time>2026-08-01T15:29:34.999Z</time>
      </trkpt>
      <trkpt lat="40.06991112063798" lon="116.32052688674425">
        <ele>50.9</ele>
        <time>2026-08-01T15:29:35.999Z</time>
      </trkpt>
      <trkpt lat="40.069910579250596" lon="116.32060642387536">
        <ele>50.9</ele>
        <time>2026-08-01T15:29:36.999Z</time>
      </trkpt>
      <trkpt lat="40.06990977069517" lon="116.32068673110963">
        <ele>50.9</ele>
        <time>2026-08-01T15:29:37.999Z</time>
      </trkpt>
      <trkpt lat="40.069908254256916" lon="116.32076779396563">
        <ele>50.9</ele>
        <time>2026-08-01T15:29:38.999Z</time>
      </trkpt>
      <trkpt lat="40.06990664935516" lon="116.32084876653204">
        <ele>50.9</ele>
        <time>2026-08-01T15:29:39.999Z</time>
      </trkpt>
      <trkpt lat="40.069905332765025" lon="116.32092886386307">
        <ele>50.9</ele>
        <time>2026-08-01T15:29:40.999Z</time>
      </trkpt>
      <trkpt lat="40.069905088253684" lon="116.32100891204612">
        <ele>50.9</ele>
        <time>2026-08-01T15:29:41.999Z</time>
      </trkpt>
      <trkpt lat="40.06990567157861" lon="116.3210889856508">
        <ele>50.9</ele>
        <time>2026-08-01T15:29:42.999Z</time>
      </trkpt>
      <trkpt lat="40.069906080099386" lon="116.321169110727">
        <ele>50.9</ele>
        <time>2026-08-01T15:29:43.999Z</time>
      </trkpt>
      <trkpt lat="40.069905222943795" lon="116.32124910633479">
        <ele>50.9</ele>
        <time>2026-08-01T15:29:44.999Z</time>
      </trkpt>
      <trkpt lat="40.06990235625164" lon="116.32132861294184">
        <ele>50.9</ele>
        <time>2026-08-01T15:29:45.999Z</time>
      </trkpt>
      <trkpt lat="40.0698990341502" lon="116.32140839415226">
        <ele>50.9</ele>
        <time>2026-08-01T15:29:46.999Z</time>
      </trkpt>
      <trkpt lat="40.069896952509474" lon="116.32148922282516">
        <ele>50.9</ele>
        <time>2026-08-01T15:29:47.999Z</time>
      </trkpt>
      <trkpt lat="40.06989437642848" lon="116.32156980030835">
        <ele>50.9</ele>
        <time>2026-08-01T15:29:48.999Z</time>
      </trkpt>
      <trkpt lat="40.06988743308943" lon="116.32164860387081">
        <ele>50.9</ele>
        <time>2026-08-01T15:29:49.999Z</time>
      </trkpt>
      <trkpt lat="40.069874594386285" lon="116.32172610687996">
        <ele>50.9</ele>
        <time>2026-08-01T15:29:50.999Z</time>
      </trkpt>
      <trkpt lat="40.069856751735074" lon="116.3218024705671">
        <ele>50.9</ele>
        <time>2026-08-01T15:29:51.999Z</time>
      </trkpt>
      <trkpt lat="40.06983770871216" lon="116.32187729814375">
        <ele>50.9</ele>
        <time>2026-08-01T15:29:52.999Z</time>
      </trkpt>
      <trkpt lat="40.06981996774575" lon="116.3219511927322">
        <ele>50.9</ele>
        <time>2026-08-01T15:29:53.999Z</time>
      </trkpt>
      <trkpt lat="40.06980320590639" lon="116.32202480616994">
        <ele>50.9</ele>
        <time>2026-08-01T15:29:54.999Z</time>
      </trkpt>
      <trkpt lat="40.06978846701738" lon="116.32209850736143">
        <ele>50.9</ele>
        <time>2026-08-01T15:29:55.999Z</time>
      </trkpt>
      <trkpt lat="40.06977648755577" lon="116.32217251452192">
        <ele>50.9</ele>
        <time>2026-08-01T15:29:56.999Z</time>
      </trkpt>
      <trkpt lat="40.069767404556906" lon="116.32224685627251">
        <ele>50.9</ele>
        <time>2026-08-01T15:29:57.999Z</time>
      </trkpt>
      <trkpt lat="40.06976075276588" lon="116.32232155156991">
        <ele>50.9</ele>
        <time>2026-08-01T15:29:58.999Z</time>
      </trkpt>
      <trkpt lat="40.069755866814546" lon="116.32239655010201">
        <ele>50.9</ele>
        <time>2026-08-01T15:29:59.999Z</time>
      </trkpt>
      <trkpt lat="40.06975205550837" lon="116.32247166726154">
        <ele>50.9</ele>
        <time>2026-08-01T15:30:00.999Z</time>
      </trkpt>
      <trkpt lat="40.06974877142854" lon="116.32254689749522">
        <ele>50.9</ele>
        <time>2026-08-01T15:30:01.999Z</time>
      </trkpt>
      <trkpt lat="40.06974578462166" lon="116.32262229582024">
        <ele>50.8</ele>
        <time>2026-08-01T15:30:02.999Z</time>
      </trkpt>
      <trkpt lat="40.06974309458299" lon="116.32269757177022">
        <ele>50.8</ele>
        <time>2026-08-01T15:30:03.999Z</time>
      </trkpt>
      <trkpt lat="40.06974076915392" lon="116.32277263845236">
        <ele>50.8</ele>
        <time>2026-08-01T15:30:04.999Z</time>
      </trkpt>
      <trkpt lat="40.06973891467585" lon="116.32284766167756">
        <ele>50.8</ele>
        <time>2026-08-01T15:30:05.999Z</time>
      </trkpt>
      <trkpt lat="40.06973768600784" lon="116.32292279497132">
        <ele>50.7</ele>
        <time>2026-08-01T15:30:06.999Z</time>
      </trkpt>
      <trkpt lat="40.06973710281781" lon="116.32299817108971">
        <ele>50.7</ele>
        <time>2026-08-01T15:30:07.999Z</time>
      </trkpt>
      <trkpt lat="40.069736937870296" lon="116.3230738399377">
        <ele>50.7</ele>
        <time>2026-08-01T15:30:08.999Z</time>
      </trkpt>
      <trkpt lat="40.06973693225186" lon="116.32314984395306">
        <ele>50.7</ele>
        <time>2026-08-01T15:30:09.999Z</time>
      </trkpt>
      <trkpt lat="40.06973690857446" lon="116.32322612671516">
        <ele>50.7</ele>
        <time>2026-08-01T15:30:10.999Z</time>
      </trkpt>
      <trkpt lat="40.06973681104815" lon="116.32330268142009">
        <ele>50.6</ele>
        <time>2026-08-01T15:30:11.999Z</time>
      </trkpt>
      <trkpt lat="40.069736720059794" lon="116.32337961647869">
        <ele>50.6</ele>
        <time>2026-08-01T15:30:12.999Z</time>
      </trkpt>
      <trkpt lat="40.06973668192353" lon="116.32345702963646">
        <ele>50.6</ele>
        <time>2026-08-01T15:30:13.999Z</time>
      </trkpt>
      <trkpt lat="40.06973662742774" lon="116.3235348085272">
        <ele>50.6</ele>
        <time>2026-08-01T15:30:14.999Z</time>
      </trkpt>
      <trkpt lat="40.069736399046796" lon="116.32361273397714">
        <ele>50.5</ele>
        <time>2026-08-01T15:30:15.999Z</time>
      </trkpt>
      <trkpt lat="40.06973594513204" lon="116.32369073892217">
        <ele>50.5</ele>
        <time>2026-08-01T15:30:16.999Z</time>
      </trkpt>
      <trkpt lat="40.06973528136669" lon="116.32376875734252">
        <ele>50.5</ele>
        <time>2026-08-01T15:30:17.999Z</time>
      </trkpt>
      <trkpt lat="40.06973468500425" lon="116.32384709164045">
        <ele>50.5</ele>
        <time>2026-08-01T15:30:18.999Z</time>
      </trkpt>
      <trkpt lat="40.06973425827734" lon="116.32392573006327">
        <ele>50.5</ele>
        <time>2026-08-01T15:30:19.999Z</time>
      </trkpt>
      <trkpt lat="40.06973434970977" lon="116.32400526830168">
        <ele>50.4</ele>
        <time>2026-08-01T15:30:20.999Z</time>
      </trkpt>
      <trkpt lat="40.06973452030814" lon="116.32408509924255">
        <ele>50.4</ele>
        <time>2026-08-01T15:30:21.999Z</time>
      </trkpt>
      <trkpt lat="40.06973389211736" lon="116.32416428224506">
        <ele>50.4</ele>
        <time>2026-08-01T15:30:22.999Z</time>
      </trkpt>
      <trkpt lat="40.069732305497176" lon="116.32424496044783">
        <ele>50.4</ele>
        <time>2026-08-01T15:30:23.999Z</time>
      </trkpt>
      <trkpt lat="40.06973048686855" lon="116.32432786789269">
        <ele>50.4</ele>
        <time>2026-08-01T15:30:24.999Z</time>
      </trkpt>
      <trkpt lat="40.069729557992005" lon="116.32441243081784">
        <ele>50.3</ele>
        <time>2026-08-01T15:30:25.999Z</time>
      </trkpt>
      <trkpt lat="40.06972923025764" lon="116.32449708172895">
        <ele>50.3</ele>
        <time>2026-08-01T15:30:26.999Z</time>
      </trkpt>
      <trkpt lat="40.069728371891465" lon="116.32457996811492">
        <ele>50.3</ele>
        <time>2026-08-01T15:30:27.999Z</time>
      </trkpt>
      <trkpt lat="40.069727221782436" lon="116.32466233104826">
        <ele>50.2</ele>
        <time>2026-08-01T15:30:28.999Z</time>
      </trkpt>
      <trkpt lat="40.06972601980654" lon="116.32474409854325">
        <ele>50.2</ele>
        <time>2026-08-01T15:30:29.999Z</time>
      </trkpt>
      <trkpt lat="40.06972502070991" lon="116.32482454374562">
        <ele>50.1</ele>
        <time>2026-08-01T15:30:30.999Z</time>
      </trkpt>
      <trkpt lat="40.069725831498786" lon="116.32490386017871">
        <ele>50.1</ele>
        <time>2026-08-01T15:30:31.999Z</time>
      </trkpt>
      <trkpt lat="40.06972791912782" lon="116.32498224082012">
        <ele>50.1</ele>
        <time>2026-08-01T15:30:32.999Z</time>
      </trkpt>
      <trkpt lat="40.069728659209915" lon="116.32506039427227">
        <ele>50.0</ele>
        <time>2026-08-01T15:30:33.999Z</time>
      </trkpt>
      <trkpt lat="40.06972794671666" lon="116.32513818664569">
        <ele>50.0</ele>
        <time>2026-08-01T15:30:34.999Z</time>
      </trkpt>
      <trkpt lat="40.069727135004555" lon="116.32521540403576">
        <ele>50.0</ele>
        <time>2026-08-01T15:30:35.999Z</time>
      </trkpt>
      <trkpt lat="40.06972622681623" lon="116.32529192510259">
        <ele>50.0</ele>
        <time>2026-08-01T15:30:36.999Z</time>
      </trkpt>
      <trkpt lat="40.06972524305881" lon="116.32536765266418">
        <ele>50.0</ele>
        <time>2026-08-01T15:30:37.999Z</time>
      </trkpt>
      <trkpt lat="40.06972418757068" lon="116.32544256443967">
        <ele>50.0</ele>
        <time>2026-08-01T15:30:38.999Z</time>
      </trkpt>
      <trkpt lat="40.06972305783906" lon="116.32551686324297">
        <ele>50.0</ele>
        <time>2026-08-01T15:30:39.999Z</time>
      </trkpt>
      <trkpt lat="40.06972189372239" lon="116.32559077869159">
        <ele>50.0</ele>
        <time>2026-08-01T15:30:40.999Z</time>
      </trkpt>
      <trkpt lat="40.06972074039301" lon="116.32566422607071">
        <ele>50.1</ele>
        <time>2026-08-01T15:30:41.999Z</time>
      </trkpt>
      <trkpt lat="40.06971975036244" lon="116.32573698245304">
        <ele>50.1</ele>
        <time>2026-08-01T15:30:42.999Z</time>
      </trkpt>
      <trkpt lat="40.06971917837756" lon="116.32580897101589">
        <ele>50.1</ele>
        <time>2026-08-01T15:30:43.999Z</time>
      </trkpt>
      <trkpt lat="40.069719120197774" lon="116.32588030886438">
        <ele>50.1</ele>
        <time>2026-08-01T15:30:44.999Z</time>
      </trkpt>
      <trkpt lat="40.06971962491013" lon="116.32595105540896">
        <ele>50.2</ele>
        <time>2026-08-01T15:30:45.999Z</time>
      </trkpt>
      <trkpt lat="40.06972062238865" lon="116.32602111040946">
        <ele>50.2</ele>
        <time>2026-08-01T15:30:46.999Z</time>
      </trkpt>
      <trkpt lat="40.06972155828364" lon="116.32609052450344">
        <ele>50.3</ele>
        <time>2026-08-01T15:30:47.999Z</time>
      </trkpt>
      <trkpt lat="40.06972188061713" lon="116.32615957439481">
        <ele>50.3</ele>
        <time>2026-08-01T15:30:48.999Z</time>
      </trkpt>
      <trkpt lat="40.06972149977896" lon="116.32622843890532">
        <ele>50.4</ele>
        <time>2026-08-01T15:30:49.999Z</time>
      </trkpt>
      <trkpt lat="40.06972066299176" lon="116.3262971240036">
        <ele>50.4</ele>
        <time>2026-08-01T15:30:50.999Z</time>
      </trkpt>
      <trkpt lat="40.06971978018528" lon="116.32636577109706">
        <ele>50.4</ele>
        <time>2026-08-01T15:30:51.999Z</time>
      </trkpt>
      <trkpt lat="40.069719095060506" lon="116.32643459063901">
        <ele>50.4</ele>
        <time>2026-08-01T15:30:52.999Z</time>
      </trkpt>
      <trkpt lat="40.06971858025857" lon="116.3265036877683">
        <ele>50.4</ele>
        <time>2026-08-01T15:30:53.999Z</time>
      </trkpt>
      <trkpt lat="40.069718165776514" lon="116.32657326835913">
        <ele>50.4</ele>
        <time>2026-08-01T15:30:54.999Z</time>
      </trkpt>
      <trkpt lat="40.06971782566072" lon="116.32664331737281">
        <ele>50.4</ele>
        <time>2026-08-01T15:30:55.999Z</time>
      </trkpt>
      <trkpt lat="40.06971753426673" lon="116.32671359554907">
        <ele>50.4</ele>
        <time>2026-08-01T15:30:56.999Z</time>
      </trkpt>
      <trkpt lat="40.06971725172303" lon="116.3267839687747">
        <ele>50.4</ele>
        <time>2026-08-01T15:30:57.999Z</time>
      </trkpt>
      <trkpt lat="40.06971678791215" lon="116.3268541294776">
        <ele>50.4</ele>
        <time>2026-08-01T15:30:58.999Z</time>
      </trkpt>
      <trkpt lat="40.069716069334355" lon="116.32692366513257">
        <ele>50.4</ele>
        <time>2026-08-01T15:30:59.999Z</time>
      </trkpt>
      <trkpt lat="40.06971523048106" lon="116.32699254495144">
        <ele>50.4</ele>
        <time>2026-08-01T15:31:00.999Z</time>
      </trkpt>
      <trkpt lat="40.06971428120811" lon="116.32706079586815">
        <ele>50.4</ele>
        <time>2026-08-01T15:31:01.999Z</time>
      </trkpt>
      <trkpt lat="40.06971317512714" lon="116.32712850611539">
        <ele>50.4</ele>
        <time>2026-08-01T15:31:02.999Z</time>
        <extensions>
          <gpxtpx:TrackPointExtension>
            <gpxtpx:hr>131</gpxtpx:hr>
          </gpxtpx:TrackPointExtension>
        </extensions>
      </trkpt>
      <trkpt lat="40.0697119516434" lon="116.3271957839995">
        <ele>50.4</ele>
        <time>2026-08-01T15:31:03.999Z</time>
        <extensions>
          <gpxtpx:TrackPointExtension>
            <gpxtpx:hr>131</gpxtpx:hr>
          </gpxtpx:TrackPointExtension>
        </extensions>
      </trkpt>
      <trkpt lat="40.06971081132992" lon="116.32726266955692">
        <ele>50.4</ele>
        <time>2026-08-01T15:31:04.999Z</time>
        <extensions>
          <gpxtpx:TrackPointExtension>
            <gpxtpx:hr>131</gpxtpx:hr>
          </gpxtpx:TrackPointExtension>
        </extensions>
      </trkpt>
      <trkpt lat="40.069709955247596" lon="116.3273293108888">
        <ele>50.4</ele>
        <time>2026-08-01T15:31:05.999Z</time>
        <extensions>
          <gpxtpx:TrackPointExtension>
            <gpxtpx:hr>131</gpxtpx:hr>
          </gpxtpx:TrackPointExtension>
        </extensions>
      </trkpt>
      <trkpt lat="40.06970935219477" lon="116.32739586070305">
        <ele>50.4</ele>
        <time>2026-08-01T15:31:06.999Z</time>
        <extensions>
          <gpxtpx:TrackPointExtension>
            <gpxtpx:hr>131</gpxtpx:hr>
          </gpxtpx:TrackPointExtension>
        </extensions>
      </trkpt>
      <trkpt lat="40.06970870461531" lon="116.32746244416035">
        <ele>50.4</ele>
        <time>2026-08-01T15:31:07.999Z</time>
        <extensions>
          <gpxtpx:TrackPointExtension>
            <gpxtpx:hr>131</gpxtpx:hr>
          </gpxtpx:TrackPointExtension>
        </extensions>
      </trkpt>
      <trkpt lat="40.06970772254151" lon="116.32752921688044">
        <ele>50.4</ele>
        <time>2026-08-01T15:31:08.999Z</time>
        <extensions>
          <gpxtpx:TrackPointExtension>
            <gpxtpx:hr>131</gpxtpx:hr>
          </gpxtpx:TrackPointExtension>
        </extensions>
      </trkpt>
      <trkpt lat="40.069706378776466" lon="116.3275964570586">
        <ele>50.5</ele>
        <time>2026-08-01T15:31:09.999Z</time>
        <extensions>
          <gpxtpx:TrackPointExtension>
            <gpxtpx:hr>131</gpxtpx:hr>
          </gpxtpx:TrackPointExtension>
        </extensions>
      </trkpt>
      <trkpt lat="40.06970481347656" lon="116.32766467818246">
        <ele>50.5</ele>
        <time>2026-08-01T15:31:10.999Z</time>
        <extensions>
          <gpxtpx:TrackPointExtension>
            <gpxtpx:hr>131</gpxtpx:hr>
          </gpxtpx:TrackPointExtension>
        </extensions>
      </trkpt>
      <trkpt lat="40.06970312549801" lon="116.32773435824117">
        <ele>50.5</ele>
        <time>2026-08-01T15:31:11.999Z</time>
        <extensions>
          <gpxtpx:TrackPointExtension>
            <gpxtpx:hr>131</gpxtpx:hr>
          </gpxtpx:TrackPointExtension>
        </extensions>
      </trkpt>
      <trkpt lat="40.06970145167817" lon="116.32780570812095">
        <ele>50.5</ele>
        <time>2026-08-01T15:31:12.999Z</time>
        <extensions>
          <gpxtpx:TrackPointExtension>
            <gpxtpx:hr>131</gpxtpx:hr>
          </gpxtpx:TrackPointExtension>
        </extensions>
      </trkpt>
      <trkpt lat="40.069700015766436" lon="116.32787855539296">
        <ele>50.5</ele>
        <time>2026-08-01T15:31:13.999Z</time>
        <extensions>
          <gpxtpx:TrackPointExtension>
            <gpxtpx:hr>131</gpxtpx:hr>
          </gpxtpx:TrackPointExtension>
        </extensions>
      </trkpt>
      <trkpt lat="40.06969890697775" lon="116.32795236420682">
        <ele>50.5</ele>
        <time>2026-08-01T15:31:14.999Z</time>
        <extensions>
          <gpxtpx:TrackPointExtension>
            <gpxtpx:hr>131</gpxtpx:hr>
          </gpxtpx:TrackPointExtension>
        </extensions>
      </trkpt>
      <trkpt lat="40.06969807564416" lon="116.3280265107342">
        <ele>50.5</ele>
        <time>2026-08-01T15:31:15.999Z</time>
        <extensions>
          <gpxtpx:TrackPointExtension>
            <gpxtpx:hr>131</gpxtpx:hr>
          </gpxtpx:TrackPointExtension>
        </extensions>
      </trkpt>
      <trkpt lat="40.069697423514356" lon="116.3281005583459">
        <ele>50.5</ele>
        <time>2026-08-01T15:31:16.999Z</time>
        <extensions>
          <gpxtpx:TrackPointExtension>
            <gpxtpx:hr>131</gpxtpx:hr>
          </gpxtpx:TrackPointExtension>
        </extensions>
      </trkpt>
      <trkpt lat="40.06969685180865" lon="116.32817432771142">
        <ele>50.5</ele>
        <time>2026-08-01T15:31:17.999Z</time>
        <extensions>
          <gpxtpx:TrackPointExtension>
            <gpxtpx:hr>131</gpxtpx:hr>
          </gpxtpx:TrackPointExtension>
        </extensions>
      </trkpt>
      <trkpt lat="40.069696322702235" lon="116.3282478310123">
        <ele>50.5</ele>
        <time>2026-08-01T15:31:18.999Z</time>
        <extensions>
          <gpxtpx:TrackPointExtension>
            <gpxtpx:hr>131</gpxtpx:hr>
          </gpxtpx:TrackPointExtension>
        </extensions>
      </trkpt>
      <trkpt lat="40.06969581644382" lon="116.32832105031736">
        <ele>50.4</ele>
        <time>2026-08-01T15:31:19.999Z</time>
        <extensions>
          <gpxtpx:TrackPointExtension>
            <gpxtpx:hr>131</gpxtpx:hr>
          </gpxtpx:TrackPointExtension>
        </extensions>
      </trkpt>
      <trkpt lat="40.069695405085504" lon="116.32839381988185">
        <ele>50.4</ele>
        <time>2026-08-01T15:31:20.999Z</time>
        <extensions>
          <gpxtpx:TrackPointExtension>
            <gpxtpx:hr>131</gpxtpx:hr>
          </gpxtpx:TrackPointExtension>
        </extensions>
      </trkpt>
      <trkpt lat="40.06969518163125" lon="116.32846594704891">
        <ele>50.4</ele>
        <time>2026-08-01T15:31:21.999Z</time>
        <extensions>
          <gpxtpx:TrackPointExtension>
            <gpxtpx:hr>131</gpxtpx:hr>
          </gpxtpx:TrackPointExtension>
        </extensions>
      </trkpt>
      <trkpt lat="40.06969506289888" lon="116.32853728407315">
        <ele>50.4</ele>
        <time>2026-08-01T15:31:22.999Z</time>
        <extensions>
          <gpxtpx:TrackPointExtension>
            <gpxtpx:hr>131</gpxtpx:hr>
          </gpxtpx:TrackPointExtension>
        </extensions>
      </trkpt>
      <trkpt lat="40.06969489888421" lon="116.32860781061397">
        <ele>50.3</ele>
        <time>2026-08-01T15:31:23.999Z</time>
        <extensions>
          <gpxtpx:TrackPointExtension>
            <gpxtpx:hr>131</gpxtpx:hr>
          </gpxtpx:TrackPointExtension>
        </extensions>
      </trkpt>
      <trkpt lat="40.06969461790889" lon="116.32867761984879">
        <ele>50.3</ele>
        <time>2026-08-01T15:31:24.999Z</time>
        <extensions>
          <gpxtpx:TrackPointExtension>
            <gpxtpx:hr>131</gpxtpx:hr>
          </gpxtpx:TrackPointExtension>
        </extensions>
      </trkpt>
      <trkpt lat="40.069694300994" lon="116.32874699686802">
        <ele>50.3</ele>
        <time>2026-08-01T15:31:25.999Z</time>
        <extensions>
          <gpxtpx:TrackPointExtension>
            <gpxtpx:hr>131</gpxtpx:hr>
          </gpxtpx:TrackPointExtension>
        </extensions>
      </trkpt>
      <trkpt lat="40.06969403643335" lon="116.32881628767096">
        <ele>50.2</ele>
        <time>2026-08-01T15:31:26.999Z</time>
        <extensions>
          <gpxtpx:TrackPointExtension>
            <gpxtpx:hr>131</gpxtpx:hr>
          </gpxtpx:TrackPointExtension>
        </extensions>
      </trkpt>
      <trkpt lat="40.069693782739805" lon="116.32888574782972">
        <ele>50.2</ele>
        <time>2026-08-01T15:31:27.999Z</time>
        <extensions>
          <gpxtpx:TrackPointExtension>
            <gpxtpx:hr>131</gpxtpx:hr>
          </gpxtpx:TrackPointExtension>
        </extensions>
      </trkpt>
      <trkpt lat="40.06969338149927" lon="116.3289555018106">
        <ele>50.1</ele>
        <time>2026-08-01T15:31:28.999Z</time>
        <extensions>
          <gpxtpx:TrackPointExtension>
            <gpxtpx:hr>131</gpxtpx:hr>
          </gpxtpx:TrackPointExtension>
        </extensions>
      </trkpt>
      <trkpt lat="40.069692588951206" lon="116.32902567585985">
        <ele>50.0</ele>
        <time>2026-08-01T15:31:29.999Z</time>
        <extensions>
          <gpxtpx:TrackPointExtension>
            <gpxtpx:hr>131</gpxtpx:hr>
          </gpxtpx:TrackPointExtension>
        </extensions>
      </trkpt>
      <trkpt lat="40.06969144424055" lon="116.32909627629995">
        <ele>50.0</ele>
        <time>2026-08-01T15:31:30.999Z</time>
        <extensions>
          <gpxtpx:TrackPointExtension>
            <gpxtpx:hr>131</gpxtpx:hr>
          </gpxtpx:TrackPointExtension>
        </extensions>
      </trkpt>
      <trkpt lat="40.069690256823954" lon="116.3291670795193">
        <ele>49.9</ele>
        <time>2026-08-01T15:31:31.999Z</time>
        <extensions>
          <gpxtpx:TrackPointExtension>
            <gpxtpx:hr>131</gpxtpx:hr>
          </gpxtpx:TrackPointExtension>
        </extensions>
      </trkpt>
      <trkpt lat="40.06968918636354" lon="116.329237746597">
        <ele>49.9</ele>
        <time>2026-08-01T15:31:32.999Z</time>
      </trkpt>
      <trkpt lat="40.06968823169944" lon="116.32930808309627">
        <ele>49.8</ele>
        <time>2026-08-01T15:31:33.999Z</time>
      </trkpt>
      <trkpt lat="40.06968728322511" lon="116.3293781707679">
        <ele>49.8</ele>
        <time>2026-08-01T15:31:34.999Z</time>
      </trkpt>
      <trkpt lat="40.06968624754797" lon="116.32944796661295">
        <ele>49.7</ele>
        <time>2026-08-01T15:31:35.999Z</time>
      </trkpt>
      <trkpt lat="40.06968509307555" lon="116.32951739791275">
        <ele>49.7</ele>
        <time>2026-08-01T15:31:36.999Z</time>
      </trkpt>
      <trkpt lat="40.069683870576114" lon="116.32958688688514">
        <ele>49.7</ele>
        <time>2026-08-01T15:31:37.999Z</time>
      </trkpt>
      <trkpt lat="40.06968271270762" lon="116.32965690467492">
        <ele>49.7</ele>
        <time>2026-08-01T15:31:38.999Z</time>
      </trkpt>
      <trkpt lat="40.06968170524023" lon="116.32972771287554">
        <ele>49.7</ele>
        <time>2026-08-01T15:31:39.999Z</time>
      </trkpt>
      <trkpt lat="40.069680848519404" lon="116.32979955285005">
        <ele>49.7</ele>
        <time>2026-08-01T15:31:40.999Z</time>
      </trkpt>
      <trkpt lat="40.069680064983274" lon="116.32987237911895">
        <ele>49.7</ele>
        <time>2026-08-01T15:31:41.999Z</time>
      </trkpt>
      <trkpt lat="40.06967956128111" lon="116.32994887888069">
        <ele>49.7</ele>
        <time>2026-08-01T15:31:42.999Z</time>
      </trkpt>
      <trkpt lat="40.06967984213596" lon="116.33002948596427">
        <ele>49.7</ele>
        <time>2026-08-01T15:31:43.999Z</time>
      </trkpt>
      <trkpt lat="40.06967983858961" lon="116.33011169110772">
        <ele>49.8</ele>
        <time>2026-08-01T15:31:44.999Z</time>
      </trkpt>
      <trkpt lat="40.06967798705495" lon="116.33019476915582">
        <ele>49.8</ele>
        <time>2026-08-01T15:31:45.999Z</time>
      </trkpt>
      <trkpt lat="40.06967569915158" lon="116.33027839452141">
        <ele>49.8</ele>
        <time>2026-08-01T15:31:46.999Z</time>
      </trkpt>
      <trkpt lat="40.06967465844532" lon="116.33036147511751">
        <ele>49.8</ele>
        <time>2026-08-01T15:31:47.999Z</time>
      </trkpt>
      <trkpt lat="40.06967472031372" lon="116.3304429633462">
        <ele>49.9</ele>
        <time>2026-08-01T15:31:48.999Z</time>
      </trkpt>
      <trkpt lat="40.06967572212062" lon="116.3305235811978">
        <ele>49.9</ele>
        <time>2026-08-01T15:31:49.999Z</time>
      </trkpt>
      <trkpt lat="40.06967674131838" lon="116.33060326362636">
        <ele>49.9</ele>
        <time>2026-08-01T15:31:50.999Z</time>
      </trkpt>
      <trkpt lat="40.069676966322056" lon="116.3306811510988">
        <ele>49.9</ele>
        <time>2026-08-01T15:31:51.999Z</time>
      </trkpt>
      <trkpt lat="40.06967680107859" lon="116.33075759883933">
        <ele>49.9</ele>
        <time>2026-08-01T15:31:52.999Z</time>
      </trkpt>
      <trkpt lat="40.069676506064795" lon="116.33083327157652">
        <ele>49.9</ele>
        <time>2026-08-01T15:31:53.999Z</time>
      </trkpt>
      <trkpt lat="40.0696760928626" lon="116.33090817849445">
        <ele>49.9</ele>
        <time>2026-08-01T15:31:54.999Z</time>
      </trkpt>
      <trkpt lat="40.06967561797161" lon="116.33098240776991">
        <ele>49.9</ele>
        <time>2026-08-01T15:31:55.999Z</time>
      </trkpt>
      <trkpt lat="40.06967520663445" lon="116.331056082088">
        <ele>50.0</ele>
        <time>2026-08-01T15:31:56.999Z</time>
      </trkpt>
      <trkpt lat="40.06967505728384" lon="116.3311293990978">
        <ele>50.0</ele>
        <time>2026-08-01T15:31:57.999Z</time>
      </trkpt>
      <trkpt lat="40.06967518781944" lon="116.33120231752581">
        <ele>50.0</ele>
        <time>2026-08-01T15:31:58.999Z</time>
      </trkpt>
      <trkpt lat="40.069675314808514" lon="116.33127472476528">
        <ele>50.0</ele>
        <time>2026-08-01T15:31:59.999Z</time>
      </trkpt>
      <trkpt lat="40.06967516525238" lon="116.33134664956471">
        <ele>50.0</ele>
        <time>2026-08-01T15:32:00.999Z</time>
      </trkpt>
      <trkpt lat="40.069674715908604" lon="116.3314181180684">
        <ele>50.0</ele>
        <time>2026-08-01T15:32:01.999Z</time>
      </trkpt>
      <trkpt lat="40.06967404187048" lon="116.3314891349203">
        <ele>50.0</ele>
        <time>2026-08-01T15:32:02.999Z</time>
      </trkpt>
      <trkpt lat="40.069673156007035" lon="116.33155972886856">
        <ele>50.0</ele>
        <time>2026-08-01T15:32:03.999Z</time>
      </trkpt>
      <trkpt lat="40.0696720506193" lon="116.33163003497214">
        <ele>50.0</ele>
        <time>2026-08-01T15:32:04.999Z</time>
      </trkpt>
      <trkpt lat="40.06967077546052" lon="116.33170014510438">
        <ele>50.0</ele>
        <time>2026-08-01T15:32:05.999Z</time>
      </trkpt>
      <trkpt lat="40.069669430583446" lon="116.3317701335522">
        <ele>50.0</ele>
        <time>2026-08-01T15:32:06.999Z</time>
      </trkpt>
      <trkpt lat="40.069668161021724" lon="116.33184038769856">
        <ele>50.0</ele>
        <time>2026-08-01T15:32:07.999Z</time>
      </trkpt>
      <trkpt lat="40.06966705135361" lon="116.33191124422343">
        <ele>50.0</ele>
        <time>2026-08-01T15:32:08.999Z</time>
      </trkpt>
      <trkpt lat="40.06966601944904" lon="116.33198283508169">
        <ele>50.0</ele>
        <time>2026-08-01T15:32:09.999Z</time>
      </trkpt>
      <trkpt lat="40.06966496566642" lon="116.33205530615959">
        <ele>50.0</ele>
        <time>2026-08-01T15:32:10.999Z</time>
      </trkpt>
      <trkpt lat="40.06966397494817" lon="116.33212863889368">
        <ele>50.1</ele>
        <time>2026-08-01T15:32:11.999Z</time>
      </trkpt>
      <trkpt lat="40.06966313798229" lon="116.3322027979932">
        <ele>50.1</ele>
        <time>2026-08-01T15:32:12.999Z</time>
      </trkpt>
      <trkpt lat="40.069662369228816" lon="116.3322779097676">
        <ele>50.1</ele>
        <time>2026-08-01T15:32:13.999Z</time>
      </trkpt>
      <trkpt lat="40.06966164012535" lon="116.33235387333893">
        <ele>50.1</ele>
        <time>2026-08-01T15:32:14.999Z</time>
      </trkpt>
      <trkpt lat="40.06966105953787" lon="116.33243035735079">
        <ele>50.1</ele>
        <time>2026-08-01T15:32:15.999Z</time>
      </trkpt>
      <trkpt lat="40.069660626495306" lon="116.33250715706048">
        <ele>50.1</ele>
        <time>2026-08-01T15:32:16.999Z</time>
      </trkpt>
      <trkpt lat="40.06966022972251" lon="116.332584087618">
        <ele>50.1</ele>
        <time>2026-08-01T15:32:17.999Z</time>
      </trkpt>
      <trkpt lat="40.06965979151271" lon="116.33266082369974">
        <ele>50.1</ele>
        <time>2026-08-01T15:32:18.999Z</time>
      </trkpt>
      <trkpt lat="40.06965926841289" lon="116.33273697444679">
        <ele>50.1</ele>
        <time>2026-08-01T15:32:19.999Z</time>
      </trkpt>
      <trkpt lat="40.06965867430069" lon="116.33281244867364">
        <ele>50.1</ele>
        <time>2026-08-01T15:32:20.999Z</time>
      </trkpt>
      <trkpt lat="40.06965798822545" lon="116.33288739877045">
        <ele>50.1</ele>
        <time>2026-08-01T15:32:21.999Z</time>
      </trkpt>
      <trkpt lat="40.069657231168684" lon="116.33296187833946">
        <ele>50.1</ele>
        <time>2026-08-01T15:32:22.999Z</time>
      </trkpt>
      <trkpt lat="40.06965641149096" lon="116.33303600710786">
        <ele>50.0</ele>
        <time>2026-08-01T15:32:23.999Z</time>
      </trkpt>
      <trkpt lat="40.06965545972382" lon="116.3331099662228">
        <ele>50.0</ele>
        <time>2026-08-01T15:32:24.999Z</time>
      </trkpt>
      <trkpt lat="40.06965429651148" lon="116.3331838994978">
        <ele>50.0</ele>
        <time>2026-08-01T15:32:25.999Z</time>
      </trkpt>
      <trkpt lat="40.0696529326331" lon="116.33325787326721">
        <ele>50.0</ele>
        <time>2026-08-01T15:32:26.999Z</time>
      </trkpt>
      <trkpt lat="40.069651627473036" lon="116.33333196826044">
        <ele>50.0</ele>
        <time>2026-08-01T15:32:27.999Z</time>
      </trkpt>
      <trkpt lat="40.06965072880458" lon="116.3334062887849">
        <ele>50.0</ele>
        <time>2026-08-01T15:32:28.999Z</time>
      </trkpt>
      <trkpt lat="40.06965040718532" lon="116.3334808722519">
        <ele>49.9</ele>
        <time>2026-08-01T15:32:29.999Z</time>
      </trkpt>
      <trkpt lat="40.069650457092564" lon="116.33355572185711">
        <ele>49.9</ele>
        <time>2026-08-01T15:32:30.999Z</time>
      </trkpt>
      <trkpt lat="40.069650692590194" lon="116.33363106578057">
        <ele>49.9</ele>
        <time>2026-08-01T15:32:31.999Z</time>
      </trkpt>
      <trkpt lat="40.06965113676715" lon="116.33370696106299">
        <ele>49.9</ele>
        <time>2026-08-01T15:32:32.999Z</time>
      </trkpt>
      <trkpt lat="40.069651988158114" lon="116.33378447348642">
        <ele>49.8</ele>
        <time>2026-08-01T15:32:33.999Z</time>
      </trkpt>
      <trkpt lat="40.069652460400434" lon="116.333864018207">
        <ele>49.8</ele>
        <time>2026-08-01T15:32:34.999Z</time>
      </trkpt>
      <trkpt lat="40.069651297638956" lon="116.33394419796214">
        <ele>49.8</ele>
        <time>2026-08-01T15:32:35.999Z</time>
      </trkpt>
      <trkpt lat="40.06964839902335" lon="116.33402524310515">
        <ele>49.7</ele>
        <time>2026-08-01T15:32:36.999Z</time>
      </trkpt>
      <trkpt lat="40.06964459445954" lon="116.3341073219751">
        <ele>49.7</ele>
        <time>2026-08-01T15:32:37.999Z</time>
      </trkpt>
      <trkpt lat="40.06964028658693" lon="116.33419105066427">
        <ele>49.6</ele>
        <time>2026-08-01T15:32:38.999Z</time>
      </trkpt>
      <trkpt lat="40.069634930677715" lon="116.33427607517694">
        <ele>49.6</ele>
        <time>2026-08-01T15:32:39.999Z</time>
      </trkpt>
      <trkpt lat="40.069628013107966" lon="116.33436173753748">
        <ele>49.5</ele>
        <time>2026-08-01T15:32:40.999Z</time>
      </trkpt>
      <trkpt lat="40.06961906874448" lon="116.33445406646929">
        <ele>49.4</ele>
        <time>2026-08-01T15:32:41.999Z</time>
      </trkpt>
      <trkpt lat="40.06960827123922" lon="116.33454887797588">
        <ele>49.4</ele>
        <time>2026-08-01T15:32:42.999Z</time>
      </trkpt>
      <trkpt lat="40.069596856008346" lon="116.33463816318799">
        <ele>49.3</ele>
        <time>2026-08-01T15:32:43.999Z</time>
      </trkpt>
      <trkpt lat="40.06958561696444" lon="116.334726039593">
        <ele>49.2</ele>
        <time>2026-08-01T15:32:44.999Z</time>
      </trkpt>
      <trkpt lat="40.069574774780904" lon="116.33481470356536">
        <ele>49.1</ele>
        <time>2026-08-01T15:32:45.999Z</time>
      </trkpt>
      <trkpt lat="40.06956473563344" lon="116.33490302527726">
        <ele>49.0</ele>
        <time>2026-08-01T15:32:46.999Z</time>
      </trkpt>
      <trkpt lat="40.06955712981203" lon="116.33499182735751">
        <ele>48.9</ele>
        <time>2026-08-01T15:32:47.999Z</time>
      </trkpt>
      <trkpt lat="40.06955308140503" lon="116.33508129648799">
        <ele>48.7</ele>
        <time>2026-08-01T15:32:48.999Z</time>
      </trkpt>
      <trkpt lat="40.06955222824644" lon="116.33516945982036">
        <ele>48.6</ele>
        <time>2026-08-01T15:32:49.999Z</time>
      </trkpt>
      <trkpt lat="40.06955247583286" lon="116.33525643317454">
        <ele>48.5</ele>
        <time>2026-08-01T15:32:50.999Z</time>
      </trkpt>
      <trkpt lat="40.06955227057475" lon="116.33534297820903">
        <ele>48.4</ele>
        <time>2026-08-01T15:32:51.999Z</time>
      </trkpt>
      <trkpt lat="40.06955229840247" lon="116.33542956046676">
        <ele>48.2</ele>
        <time>2026-08-01T15:32:52.999Z</time>
      </trkpt>
      <trkpt lat="40.069553115951635" lon="116.3355167068641">
        <ele>48.1</ele>
        <time>2026-08-01T15:32:53.999Z</time>
      </trkpt>
      <trkpt lat="40.06955415920996" lon="116.33560215072767">
        <ele>47.9</ele>
        <time>2026-08-01T15:32:54.999Z</time>
      </trkpt>
      <trkpt lat="40.06955310842251" lon="116.33568589743196">
        <ele>47.8</ele>
        <time>2026-08-01T15:32:55.999Z</time>
      </trkpt>
      <trkpt lat="40.06954979126969" lon="116.33576986005622">
        <ele>47.6</ele>
        <time>2026-08-01T15:32:56.999Z</time>
      </trkpt>
      <trkpt lat="40.06954574817338" lon="116.33585475139876">
        <ele>47.4</ele>
        <time>2026-08-01T15:32:57.999Z</time>
      </trkpt>
      <trkpt lat="40.06954228560102" lon="116.3359402596195">
        <ele>47.3</ele>
        <time>2026-08-01T15:32:58.999Z</time>
      </trkpt>
      <trkpt lat="40.06954055220402" lon="116.3360247210898">
        <ele>47.1</ele>
        <time>2026-08-01T15:32:59.999Z</time>
      </trkpt>
      <trkpt lat="40.069540364680826" lon="116.33610860631794">
        <ele>46.9</ele>
        <time>2026-08-01T15:33:00.999Z</time>
      </trkpt>
      <trkpt lat="40.06954121241278" lon="116.33619325808202">
        <ele>46.8</ele>
        <time>2026-08-01T15:33:01.999Z</time>
      </trkpt>
      <trkpt lat="40.069542035007565" lon="116.33627800358254">
        <ele>46.6</ele>
        <time>2026-08-01T15:33:02.999Z</time>
      </trkpt>
      <trkpt lat="40.0695412457479" lon="116.33636166555824">
        <ele>46.5</ele>
        <time>2026-08-01T15:33:03.999Z</time>
      </trkpt>
      <trkpt lat="40.069538639747414" lon="116.33644533062409">
        <ele>46.3</ele>
        <time>2026-08-01T15:33:04.999Z</time>
      </trkpt>
      <trkpt lat="40.06953534162415" lon="116.33652937990279">
        <ele>46.2</ele>
        <time>2026-08-01T15:33:05.999Z</time>
      </trkpt>
      <trkpt lat="40.069532585846154" lon="116.33661270613517">
        <ele>46.1</ele>
        <time>2026-08-01T15:33:06.999Z</time>
      </trkpt>
      <trkpt lat="40.06953111594979" lon="116.336695893572">
        <ele>45.9</ele>
        <time>2026-08-01T15:33:07.999Z</time>
      </trkpt>
      <trkpt lat="40.06953078015335" lon="116.33677940052216">
        <ele>45.8</ele>
        <time>2026-08-01T15:33:08.999Z</time>
      </trkpt>
      <trkpt lat="40.069530758811354" lon="116.33686270378118">
        <ele>45.7</ele>
        <time>2026-08-01T15:33:09.999Z</time>
      </trkpt>
      <trkpt lat="40.06953040975451" lon="116.3369469321595">
        <ele>45.6</ele>
        <time>2026-08-01T15:33:10.999Z</time>
      </trkpt>
      <trkpt lat="40.06953005600561" lon="116.33703240912041">
        <ele>45.4</ele>
        <time>2026-08-01T15:33:11.999Z</time>
      </trkpt>
      <trkpt lat="40.069528089668516" lon="116.33711641059418">
        <ele>45.3</ele>
        <time>2026-08-01T15:33:12.999Z</time>
      </trkpt>
      <trkpt lat="40.06952397075234" lon="116.337198427167">
        <ele>45.2</ele>
        <time>2026-08-01T15:33:13.999Z</time>
      </trkpt>
      <trkpt lat="40.06952122206924" lon="116.33727933811433">
        <ele>45.1</ele>
        <time>2026-08-01T15:33:14.999Z</time>
      </trkpt>
      <trkpt lat="40.06952187941431" lon="116.33735889454113">
        <ele>45.0</ele>
        <time>2026-08-01T15:33:15.999Z</time>
      </trkpt>
      <trkpt lat="40.06952246002046" lon="116.3374359900693">
        <ele>44.9</ele>
        <time>2026-08-01T15:33:16.999Z</time>
      </trkpt>
      <trkpt lat="40.069521197071545" lon="116.33751085761084">
        <ele>44.7</ele>
        <time>2026-08-01T15:33:17.999Z</time>
      </trkpt>
      <trkpt lat="40.06952002828107" lon="116.33758500314174">
        <ele>44.6</ele>
        <time>2026-08-01T15:33:18.999Z</time>
      </trkpt>
      <trkpt lat="40.0695192342161" lon="116.33765826539275">
        <ele>44.5</ele>
        <time>2026-08-01T15:33:19.999Z</time>
      </trkpt>
      <trkpt lat="40.069518899003846" lon="116.3377303553309">
        <ele>44.4</ele>
        <time>2026-08-01T15:33:20.999Z</time>
      </trkpt>
      <trkpt lat="40.06951892053413" lon="116.33780112628071">
        <ele>44.3</ele>
        <time>2026-08-01T15:33:21.999Z</time>
      </trkpt>
      <trkpt lat="40.06951914634039" lon="116.33787057756093">
        <ele>44.3</ele>
        <time>2026-08-01T15:33:22.999Z</time>
      </trkpt>
      <trkpt lat="40.06951952468033" lon="116.3379386974332">
        <ele>44.2</ele>
        <time>2026-08-01T15:33:23.999Z</time>
      </trkpt>
      <trkpt lat="40.06952000422732" lon="116.3380054591673">
        <ele>44.1</ele>
        <time>2026-08-01T15:33:24.999Z</time>
      </trkpt>
      <trkpt lat="40.06952024302754" lon="116.33807083784787">
        <ele>44.1</ele>
        <time>2026-08-01T15:33:25.999Z</time>
      </trkpt>
      <trkpt lat="40.06951981446725" lon="116.33813495597468">
        <ele>44.0</ele>
        <time>2026-08-01T15:33:26.999Z</time>
      </trkpt>
      <trkpt lat="40.06951854789824" lon="116.33819779663752">
        <ele>44.0</ele>
        <time>2026-08-01T15:33:27.999Z</time>
      </trkpt>
      <trkpt lat="40.0695166266519" lon="116.33825923558959">
        <ele>43.9</ele>
        <time>2026-08-01T15:33:28.999Z</time>
      </trkpt>
      <trkpt lat="40.06951445137167" lon="116.3383193604807">
        <ele>43.9</ele>
        <time>2026-08-01T15:33:29.999Z</time>
      </trkpt>
      <trkpt lat="40.06951252526457" lon="116.33837821232888">
        <ele>43.9</ele>
        <time>2026-08-01T15:33:30.999Z</time>
      </trkpt>
      <trkpt lat="40.06951133454591" lon="116.33843565723835">
        <ele>43.8</ele>
        <time>2026-08-01T15:33:31.999Z</time>
      </trkpt>
      <trkpt lat="40.06951101085188" lon="116.33849143288798">
        <ele>43.8</ele>
        <time>2026-08-01T15:33:32.999Z</time>
      </trkpt>
      <trkpt lat="40.06951159271754" lon="116.33854535529545">
        <ele>43.8</ele>
        <time>2026-08-01T15:33:33.999Z</time>
      </trkpt>
      <trkpt lat="40.069513488741904" lon="116.33859725849769">
        <ele>43.8</ele>
        <time>2026-08-01T15:33:34.999Z</time>
      </trkpt>
      <trkpt lat="40.06951733924929" lon="116.33864673818361">
        <ele>43.7</ele>
        <time>2026-08-01T15:33:35.999Z</time>
      </trkpt>
      <trkpt lat="40.069523982983135" lon="116.33869325933865">
        <ele>43.7</ele>
        <time>2026-08-01T15:33:37.000Z</time>
      </trkpt>
      <trkpt lat="40.06953462056374" lon="116.33873585091466">
        <ele>43.7</ele>
        <time>2026-08-01T15:33:38.000Z</time>
      </trkpt>
      <trkpt lat="40.06955061960583" lon="116.33877285532837">
        <ele>43.7</ele>
        <time>2026-08-01T15:33:39.000Z</time>
      </trkpt>
      <trkpt lat="40.069572308369715" lon="116.33880285550933">
        <ele>43.7</ele>
        <time>2026-08-01T15:33:40.000Z</time>
      </trkpt>
      <trkpt lat="40.069598290776" lon="116.33882611968967">
        <ele>43.6</ele>
        <time>2026-08-01T15:33:41.000Z</time>
      </trkpt>
      <trkpt lat="40.06962645521835" lon="116.33884434567648">
        <ele>43.6</ele>
        <time>2026-08-01T15:33:42.000Z</time>
      </trkpt>
      <trkpt lat="40.06965446402246" lon="116.3388613061429">
        <ele>43.6</ele>
        <time>2026-08-01T15:33:43.000Z</time>
      </trkpt>
      <trkpt lat="40.06968000909308" lon="116.33888207287879">
        <ele>43.6</ele>
        <time>2026-08-01T15:33:44.000Z</time>
      </trkpt>
      <trkpt lat="40.06970073744962" lon="116.33890882195244">
        <ele>43.6</ele>
        <time>2026-08-01T15:33:45.000Z</time>
      </trkpt>
      <trkpt lat="40.06971586736623" lon="116.33894070154318">
        <ele>43.6</ele>
        <time>2026-08-01T15:33:46.000Z</time>
      </trkpt>
      <trkpt lat="40.069726549075774" lon="116.33897648751449">
        <ele>43.6</ele>
        <time>2026-08-01T15:33:47.000Z</time>
      </trkpt>
      <trkpt lat="40.06973369011729" lon="116.33901585079735">
        <ele>43.6</ele>
        <time>2026-08-01T15:33:48.000Z</time>
      </trkpt>
      <trkpt lat="40.069738057736075" lon="116.33905877422502">
        <ele>43.6</ele>
        <time>2026-08-01T15:33:49.000Z</time>
      </trkpt>
      <trkpt lat="40.069740498590626" lon="116.33910480016115">
        <ele>43.6</ele>
        <time>2026-08-01T15:33:50.000Z</time>
      </trkpt>
      <trkpt lat="40.06974162237034" lon="116.33915312075564">
        <ele>43.7</ele>
        <time>2026-08-01T15:33:51.000Z</time>
      </trkpt>
      <trkpt lat="40.069741917579826" lon="116.33920254568868">
        <ele>43.7</ele>
        <time>2026-08-01T15:33:52.000Z</time>
      </trkpt>
      <trkpt lat="40.069741739083085" lon="116.33925186135312">
        <ele>43.7</ele>
        <time>2026-08-01T15:33:53.000Z</time>
      </trkpt>
      <trkpt lat="40.069741236802045" lon="116.33930010634154">
        <ele>43.8</ele>
        <time>2026-08-01T15:33:54.000Z</time>
      </trkpt>
      <trkpt lat="40.069740515577614" lon="116.33934636183946">
        <ele>43.8</ele>
        <time>2026-08-01T15:33:55.000Z</time>
      </trkpt>
      <trkpt lat="40.06973970879888" lon="116.33938943248464">
        <ele>43.8</ele>
        <time>2026-08-01T15:33:56.000Z</time>
      </trkpt>
      <trkpt lat="40.06973872678479" lon="116.33942797676322">
        <ele>43.8</ele>
        <time>2026-08-01T15:33:57.000Z</time>
      </trkpt>
      <trkpt lat="40.069737525620894" lon="116.33946222573282">
        <ele>43.8</ele>
        <time>2026-08-01T15:33:58.000Z</time>
      </trkpt>
      <trkpt lat="40.06973622718262" lon="116.33949374119437">
        <ele>43.7</ele>
        <time>2026-08-01T15:33:59.000Z</time>
      </trkpt>
      <trkpt lat="40.0697349296174" lon="116.3395238813295">
        <ele>43.7</ele>
        <time>2026-08-01T15:34:00.000Z</time>
      </trkpt>
      <trkpt lat="40.0697337314865" lon="116.339554040525">
        <ele>43.7</ele>
        <time>2026-08-01T15:34:01.000Z</time>
      </trkpt>
      <trkpt lat="40.06973258468884" lon="116.33958585196335">
        <ele>43.6</ele>
        <time>2026-08-01T15:34:02.000Z</time>
      </trkpt>
      <trkpt lat="40.069731336546276" lon="116.33962064323983">
        <ele>43.6</ele>
        <time>2026-08-01T15:34:03.000Z</time>
      </trkpt>
      <trkpt lat="40.06972997748307" lon="116.3396587880749">
        <ele>43.6</ele>
        <time>2026-08-01T15:34:04.000Z</time>
      </trkpt>
      <trkpt lat="40.0697287654365" lon="116.33970010041247">
        <ele>43.6</ele>
        <time>2026-08-01T15:34:05.000Z</time>
      </trkpt>
      <trkpt lat="40.06972776696148" lon="116.33974429785408">
        <ele>43.6</ele>
        <time>2026-08-01T15:34:06.000Z</time>
      </trkpt>
      <trkpt lat="40.06972679931141" lon="116.33979089169532">
        <ele>43.6</ele>
        <time>2026-08-01T15:34:07.000Z</time>
      </trkpt>
      <trkpt lat="40.06972577094851" lon="116.33983936158876">
        <ele>43.6</ele>
        <time>2026-08-01T15:34:08.000Z</time>
      </trkpt>
      <trkpt lat="40.0697247005433" lon="116.33988954430228">
        <ele>43.6</ele>
        <time>2026-08-01T15:34:09.000Z</time>
      </trkpt>
      <trkpt lat="40.06972361743907" lon="116.33994153403242">
        <ele>43.6</ele>
        <time>2026-08-01T15:34:10.000Z</time>
      </trkpt>
      <trkpt lat="40.06972254061676" lon="116.33999549786827">
        <ele>43.7</ele>
        <time>2026-08-01T15:34:11.000Z</time>
      </trkpt>
      <trkpt lat="40.06972149292379" lon="116.34005139365838">
        <ele>43.7</ele>
        <time>2026-08-01T15:34:12.000Z</time>
      </trkpt>
      <trkpt lat="40.06972058477427" lon="116.34010905673362">
        <ele>43.7</ele>
        <time>2026-08-01T15:34:13.000Z</time>
      </trkpt>
      <trkpt lat="40.0697199122368" lon="116.34016821582033">
        <ele>43.7</ele>
        <time>2026-08-01T15:34:14.000Z</time>
      </trkpt>
      <trkpt lat="40.0697194491602" lon="116.340228530779">
        <ele>43.7</ele>
        <time>2026-08-01T15:34:15.000Z</time>
      </trkpt>
      <trkpt lat="40.06971916101723" lon="116.34028992979785">
        <ele>43.8</ele>
        <time>2026-08-01T15:34:16.000Z</time>
      </trkpt>
      <trkpt lat="40.0697189476327" lon="116.34035247482807">
        <ele>43.8</ele>
        <time>2026-08-01T15:34:17.000Z</time>
      </trkpt>
      <trkpt lat="40.069718668210534" lon="116.34041620620995">
        <ele>43.8</ele>
        <time>2026-08-01T15:34:18.000Z</time>
      </trkpt>
      <trkpt lat="40.06971833094814" lon="116.34048110672337">
        <ele>43.8</ele>
        <time>2026-08-01T15:34:19.000Z</time>
      </trkpt>
      <trkpt lat="40.06971808996902" lon="116.34054704478574">
        <ele>43.8</ele>
        <time>2026-08-01T15:34:20.000Z</time>
      </trkpt>
      <trkpt lat="40.06971803875683" lon="116.3406138380843">
        <ele>43.8</ele>
        <time>2026-08-01T15:34:21.000Z</time>
      </trkpt>
      <trkpt lat="40.06971808270022" lon="116.34068124910594">
        <ele>43.8</ele>
        <time>2026-08-01T15:34:22.000Z</time>
      </trkpt>
      <trkpt lat="40.06971804324123" lon="116.34074893488466">
        <ele>43.8</ele>
        <time>2026-08-01T15:34:23.000Z</time>
      </trkpt>
      <trkpt lat="40.069717856194785" lon="116.34081666926362">
        <ele>43.8</ele>
        <time>2026-08-01T15:34:24.000Z</time>
      </trkpt>
      <trkpt lat="40.069717533644486" lon="116.340884395251">
        <ele>43.8</ele>
        <time>2026-08-01T15:34:25.000Z</time>
      </trkpt>
      <trkpt lat="40.06971714483654" lon="116.34095227321617">
        <ele>43.8</ele>
        <time>2026-08-01T15:34:26.000Z</time>
      </trkpt>
      <trkpt lat="40.06971678043035" lon="116.34102060727919">
        <ele>43.8</ele>
        <time>2026-08-01T15:34:27.000Z</time>
      </trkpt>
      <trkpt lat="40.06971635418816" lon="116.34108953859446">
        <ele>43.8</ele>
        <time>2026-08-01T15:34:28.000Z</time>
      </trkpt>
      <trkpt lat="40.06971571441032" lon="116.34115900148721">
        <ele>43.8</ele>
        <time>2026-08-01T15:34:29.000Z</time>
      </trkpt>
      <trkpt lat="40.06971500775773" lon="116.34122876194625">
        <ele>43.8</ele>
        <time>2026-08-01T15:34:30.000Z</time>
      </trkpt>
      <trkpt lat="40.069714495125254" lon="116.34129859162468">
        <ele>43.8</ele>
        <time>2026-08-01T15:34:31.000Z</time>
      </trkpt>
      <trkpt lat="40.069714177794246" lon="116.34136852692828">
        <ele>43.8</ele>
        <time>2026-08-01T15:34:32.000Z</time>
      </trkpt>
      <trkpt lat="40.069713965622334" lon="116.34143854273506">
        <ele>43.8</ele>
        <time>2026-08-01T15:34:33.000Z</time>
      </trkpt>
      <trkpt lat="40.06971369685167" lon="116.34150847611733">
        <ele>43.8</ele>
        <time>2026-08-01T15:34:34.000Z</time>
      </trkpt>
      <trkpt lat="40.06971314202982" lon="116.34157835192413">
        <ele>43.8</ele>
        <time>2026-08-01T15:34:35.000Z</time>
      </trkpt>
      <trkpt lat="40.06971228952297" lon="116.3416482559144">
        <ele>43.7</ele>
        <time>2026-08-01T15:34:36.000Z</time>
      </trkpt>
      <trkpt lat="40.069711250084715" lon="116.34171827224944">
        <ele>43.7</ele>
        <time>2026-08-01T15:34:37.000Z</time>
      </trkpt>
      <trkpt lat="40.069710086528666" lon="116.3417884249187">
        <ele>43.7</ele>
        <time>2026-08-01T15:34:38.000Z</time>
      </trkpt>
      <trkpt lat="40.069708860582615" lon="116.34185870311508">
        <ele>43.7</ele>
        <time>2026-08-01T15:34:39.000Z</time>
      </trkpt>
      <trkpt lat="40.069707622816146" lon="116.34192903947911">
        <ele>43.7</ele>
        <time>2026-08-01T15:34:40.001Z</time>
      </trkpt>
      <trkpt lat="40.069706470886075" lon="116.34199933040651">
        <ele>43.7</ele>
        <time>2026-08-01T15:34:41.001Z</time>
      </trkpt>
      <trkpt lat="40.06970537213063" lon="116.34206971507705">
        <ele>43.6</ele>
        <time>2026-08-01T15:34:42.001Z</time>
      </trkpt>
      <trkpt lat="40.06970424306651" lon="116.34213999590301">
        <ele>43.6</ele>
        <time>2026-08-01T15:34:43.001Z</time>
      </trkpt>
      <trkpt lat="40.06970309892764" lon="116.34221005766163">
        <ele>43.6</ele>
        <time>2026-08-01T15:34:44.001Z</time>
      </trkpt>
      <trkpt lat="40.069702015432256" lon="116.34227998060541">
        <ele>43.6</ele>
        <time>2026-08-01T15:34:45.001Z</time>
      </trkpt>
      <trkpt lat="40.06970104423934" lon="116.34234974406758">
        <ele>43.6</ele>
        <time>2026-08-01T15:34:46.001Z</time>
      </trkpt>
      <trkpt lat="40.06970016134368" lon="116.34241911973938">
        <ele>43.6</ele>
        <time>2026-08-01T15:34:47.001Z</time>
      </trkpt>
      <trkpt lat="40.069699320369544" lon="116.34248796435733">
        <ele>43.6</ele>
        <time>2026-08-01T15:34:48.001Z</time>
      </trkpt>
      <trkpt lat="40.06969849630909" lon="116.34255629235632">
        <ele>43.6</ele>
        <time>2026-08-01T15:34:49.001Z</time>
      </trkpt>
      <trkpt lat="40.06969763732996" lon="116.34262405440116">
        <ele>43.5</ele>
        <time>2026-08-01T15:34:50.001Z</time>
      </trkpt>
      <trkpt lat="40.06969653580766" lon="116.34269115150289">
        <ele>43.5</ele>
        <time>2026-08-01T15:34:51.001Z</time>
      </trkpt>
      <trkpt lat="40.069695136483965" lon="116.34275746479109">
        <ele>43.5</ele>
        <time>2026-08-01T15:34:52.001Z</time>
      </trkpt>
      <trkpt lat="40.06969364226131" lon="116.34282292516069">
        <ele>43.5</ele>
        <time>2026-08-01T15:34:53.001Z</time>
      </trkpt>
      <trkpt lat="40.069692215880174" lon="116.34288739815617">
        <ele>43.5</ele>
        <time>2026-08-01T15:34:54.001Z</time>
      </trkpt>
      <trkpt lat="40.069690941253526" lon="116.34295070464266">
        <ele>43.5</ele>
        <time>2026-08-01T15:34:55.001Z</time>
      </trkpt>
      <trkpt lat="40.06968993667097" lon="116.34301285312198">
        <ele>43.5</ele>
        <time>2026-08-01T15:34:56.001Z</time>
      </trkpt>
      <trkpt lat="40.06968931626328" lon="116.34307441980516">
        <ele>43.5</ele>
        <time>2026-08-01T15:34:57.001Z</time>
      </trkpt>
      <trkpt lat="40.06968897929363" lon="116.34313638008788">
        <ele>43.5</ele>
        <time>2026-08-01T15:34:58.001Z</time>
      </trkpt>
      <trkpt lat="40.069688600500825" lon="116.34319940903447">
        <ele>43.5</ele>
        <time>2026-08-01T15:34:59.001Z</time>
      </trkpt>
      <trkpt lat="40.069688103588724" lon="116.34326369267907">
        <ele>43.5</ele>
        <time>2026-08-01T15:35:00.001Z</time>
      </trkpt>
      <trkpt lat="40.069687515331175" lon="116.34332875936846">
        <ele>43.5</ele>
        <time>2026-08-01T15:35:01.001Z</time>
      </trkpt>
      <trkpt lat="40.06968667446786" lon="116.3433938739211">
        <ele>43.5</ele>
        <time>2026-08-01T15:35:02.001Z</time>
      </trkpt>
      <trkpt lat="40.06968554498402" lon="116.34345864254279">
        <ele>43.5</ele>
        <time>2026-08-01T15:35:03.001Z</time>
      </trkpt>
      <trkpt lat="40.06968424359512" lon="116.34352306633001">
        <ele>43.6</ele>
        <time>2026-08-01T15:35:04.001Z</time>
      </trkpt>
      <trkpt lat="40.06968286214758" lon="116.34358725381259">
        <ele>43.6</ele>
        <time>2026-08-01T15:35:05.001Z</time>
      </trkpt>
      <trkpt lat="40.06968148189172" lon="116.34365149310287">
        <ele>43.6</ele>
        <time>2026-08-01T15:35:06.001Z</time>
      </trkpt>
      <trkpt lat="40.06968017272683" lon="116.34371608682673">
        <ele>43.6</ele>
        <time>2026-08-01T15:35:07.001Z</time>
      </trkpt>
      <trkpt lat="40.06967882626238" lon="116.3437810543723">
        <ele>43.6</ele>
        <time>2026-08-01T15:35:08.001Z</time>
      </trkpt>
      <trkpt lat="40.069677256443306" lon="116.34384612380833">
        <ele>43.7</ele>
        <time>2026-08-01T15:35:09.001Z</time>
      </trkpt>
      <trkpt lat="40.069675359261375" lon="116.34391110115435">
        <ele>43.7</ele>
        <time>2026-08-01T15:35:10.001Z</time>
      </trkpt>
      <trkpt lat="40.0696731177926" lon="116.34397600962018">
        <ele>43.7</ele>
        <time>2026-08-01T15:35:11.001Z</time>
      </trkpt>
      <trkpt lat="40.069670649621806" lon="116.34404126034495">
        <ele>43.7</ele>
        <time>2026-08-01T15:35:12.001Z</time>
      </trkpt>
      <trkpt lat="40.069668184152846" lon="116.34410757163951">
        <ele>43.7</ele>
        <time>2026-08-01T15:35:13.001Z</time>
      </trkpt>
      <trkpt lat="40.069665927905305" lon="116.34417557727865">
        <ele>43.8</ele>
        <time>2026-08-01T15:35:14.001Z</time>
      </trkpt>
      <trkpt lat="40.069664024284215" lon="116.34424555850421">
        <ele>43.8</ele>
        <time>2026-08-01T15:35:15.001Z</time>
      </trkpt>
      <trkpt lat="40.06966250849616" lon="116.34431741429209">
        <ele>43.8</ele>
        <time>2026-08-01T15:35:16.001Z</time>
      </trkpt>
      <trkpt lat="40.06966120476513" lon="116.3443907565653">
        <ele>43.9</ele>
        <time>2026-08-01T15:35:17.001Z</time>
      </trkpt>
      <trkpt lat="40.069659857717156" lon="116.34446508107655">
        <ele>43.9</ele>
        <time>2026-08-01T15:35:18.001Z</time>
      </trkpt>
      <trkpt lat="40.0696584749576" lon="116.34453994031686">
        <ele>43.9</ele>
        <time>2026-08-01T15:35:19.001Z</time>
      </trkpt>
      <trkpt lat="40.069657226213266" lon="116.34461469675044">
        <ele>44.0</ele>
        <time>2026-08-01T15:35:20.001Z</time>
      </trkpt>
      <trkpt lat="40.069656134545426" lon="116.34468868983313">
        <ele>44.0</ele>
        <time>2026-08-01T15:35:21.001Z</time>
      </trkpt>
      <trkpt lat="40.06965519793291" lon="116.34476153467146">
        <ele>44.0</ele>
        <time>2026-08-01T15:35:22.001Z</time>
      </trkpt>
      <trkpt lat="40.069654528810005" lon="116.34483313574393">
        <ele>44.0</ele>
        <time>2026-08-01T15:35:23.001Z</time>
      </trkpt>
      <trkpt lat="40.06965414088421" lon="116.34490346991127">
        <ele>44.0</ele>
        <time>2026-08-01T15:35:24.001Z</time>
      </trkpt>
      <trkpt lat="40.06965397030189" lon="116.34497248030802">
        <ele>43.9</ele>
        <time>2026-08-01T15:35:25.001Z</time>
      </trkpt>
      <trkpt lat="40.069654097938546" lon="116.3450401606072">
        <ele>43.9</ele>
        <time>2026-08-01T15:35:26.001Z</time>
      </trkpt>
      <trkpt lat="40.06965466251928" lon="116.34510675332427">
        <ele>43.8</ele>
        <time>2026-08-01T15:35:27.001Z</time>
      </trkpt>
      <trkpt lat="40.06965576781192" lon="116.34517284913898">
        <ele>43.8</ele>
        <time>2026-08-01T15:35:28.001Z</time>
      </trkpt>
      <trkpt lat="40.069657108037696" lon="116.34523828616442">
        <ele>43.7</ele>
        <time>2026-08-01T15:35:29.001Z</time>
      </trkpt>
      <trkpt lat="40.06965815199421" lon="116.34530271350964">
        <ele>43.7</ele>
        <time>2026-08-01T15:35:30.001Z</time>
      </trkpt>
      <trkpt lat="40.069658703953955" lon="116.34536649089443">
        <ele>43.7</ele>
        <time>2026-08-01T15:35:31.001Z</time>
      </trkpt>
      <trkpt lat="40.06965876343153" lon="116.34543013754157">
        <ele>43.6</ele>
        <time>2026-08-01T15:35:32.001Z</time>
      </trkpt>
      <trkpt lat="40.06965844738792" lon="116.34549413356761">
        <ele>43.6</ele>
        <time>2026-08-01T15:35:33.001Z</time>
      </trkpt>
      <trkpt lat="40.06965781407156" lon="116.34555872083314">
        <ele>43.5</ele>
        <time>2026-08-01T15:35:34.001Z</time>
      </trkpt>
      <trkpt lat="40.06965686176686" lon="116.34562370032354">
        <ele>43.5</ele>
        <time>2026-08-01T15:35:35.001Z</time>
      </trkpt>
      <trkpt lat="40.069655760004636" lon="116.34568872652956">
        <ele>43.5</ele>
        <time>2026-08-01T15:35:36.001Z</time>
      </trkpt>
      <trkpt lat="40.06965474079104" lon="116.34575388271635">
        <ele>43.5</ele>
        <time>2026-08-01T15:35:37.001Z</time>
      </trkpt>
      <trkpt lat="40.069653915789615" lon="116.34581945061039">
        <ele>43.4</ele>
        <time>2026-08-01T15:35:38.001Z</time>
      </trkpt>
      <trkpt lat="40.06965325489166" lon="116.34588568493555">
        <ele>43.4</ele>
        <time>2026-08-01T15:35:39.001Z</time>
      </trkpt>
      <trkpt lat="40.06965266530314" lon="116.34595280252485">
        <ele>43.4</ele>
        <time>2026-08-01T15:35:40.001Z</time>
      </trkpt>
      <trkpt lat="40.069652079460326" lon="116.34602036740071">
        <ele>43.4</ele>
        <time>2026-08-01T15:35:41.001Z</time>
      </trkpt>
      <trkpt lat="40.06965154397988" lon="116.3460877941698">
        <ele>43.4</ele>
        <time>2026-08-01T15:35:42.001Z</time>
      </trkpt>
      <trkpt lat="40.069651056320794" lon="116.3461553034772">
        <ele>43.4</ele>
        <time>2026-08-01T15:35:43.001Z</time>
      </trkpt>
      <trkpt lat="40.069650521301995" lon="116.34622314118792">
        <ele>43.4</ele>
        <time>2026-08-01T15:35:44.001Z</time>
      </trkpt>
      <trkpt lat="40.06964988154369" lon="116.34629127504017">
        <ele>43.4</ele>
        <time>2026-08-01T15:35:45.001Z</time>
      </trkpt>
      <trkpt lat="40.069649105066894" lon="116.34635976630625">
        <ele>43.4</ele>
        <time>2026-08-01T15:35:46.001Z</time>
      </trkpt>
      <trkpt lat="40.06964821937999" lon="116.34642873106557">
        <ele>43.4</ele>
        <time>2026-08-01T15:35:47.001Z</time>
      </trkpt>
      <trkpt lat="40.06964731783243" lon="116.34649820487172">
        <ele>43.4</ele>
        <time>2026-08-01T15:35:48.001Z</time>
      </trkpt>
      <trkpt lat="40.069646482206814" lon="116.34656799745564">
        <ele>43.4</ele>
        <time>2026-08-01T15:35:49.001Z</time>
      </trkpt>
      <trkpt lat="40.069645791359434" lon="116.34663794069237">
        <ele>43.4</ele>
        <time>2026-08-01T15:35:50.001Z</time>
      </trkpt>
      <trkpt lat="40.06964529490528" lon="116.34670794158438">
        <ele>43.4</ele>
        <time>2026-08-01T15:35:51.001Z</time>
      </trkpt>
      <trkpt lat="40.069645023101344" lon="116.34677778291473">
        <ele>43.4</ele>
        <time>2026-08-01T15:35:52.001Z</time>
      </trkpt>
      <trkpt lat="40.06964504235931" lon="116.34684731371108">
        <ele>43.4</ele>
        <time>2026-08-01T15:35:53.001Z</time>
      </trkpt>
      <trkpt lat="40.06964530532305" lon="116.34691651955926">
        <ele>43.4</ele>
        <time>2026-08-01T15:35:54.001Z</time>
      </trkpt>
      <trkpt lat="40.06964569574555" lon="116.34698537158695">
        <ele>43.4</ele>
        <time>2026-08-01T15:35:55.001Z</time>
      </trkpt>
      <trkpt lat="40.06964616858627" lon="116.34705400923244">
        <ele>43.4</ele>
        <time>2026-08-01T15:35:56.001Z</time>
      </trkpt>
      <trkpt lat="40.069646700375934" lon="116.3471224909503">
        <ele>43.4</ele>
        <time>2026-08-01T15:35:57.001Z</time>
      </trkpt>
      <trkpt lat="40.06964717764115" lon="116.34719081735588">
        <ele>43.4</ele>
        <time>2026-08-01T15:35:58.001Z</time>
      </trkpt>
      <trkpt lat="40.06964748750992" lon="116.34725898355889">
        <ele>43.4</ele>
        <time>2026-08-01T15:35:59.001Z</time>
      </trkpt>
      <trkpt lat="40.069647519890154" lon="116.34732699479873">
        <ele>43.3</ele>
        <time>2026-08-01T15:36:00.001Z</time>
      </trkpt>
      <trkpt lat="40.06964728104568" lon="116.34739486266056">
        <ele>43.3</ele>
        <time>2026-08-01T15:36:01.001Z</time>
      </trkpt>
      <trkpt lat="40.06964697695179" lon="116.34746241491217">
        <ele>43.3</ele>
        <time>2026-08-01T15:36:02.001Z</time>
      </trkpt>
      <trkpt lat="40.0696467591734" lon="116.34752954516736">
        <ele>43.3</ele>
        <time>2026-08-01T15:36:03.001Z</time>
      </trkpt>
      <trkpt lat="40.06964676769504" lon="116.34759623004437">
        <ele>43.3</ele>
        <time>2026-08-01T15:36:04.001Z</time>
      </trkpt>
      <trkpt lat="40.069647164089275" lon="116.34766247786843">
        <ele>43.3</ele>
        <time>2026-08-01T15:36:05.001Z</time>
      </trkpt>
      <trkpt lat="40.06964814901342" lon="116.34772823210395">
        <ele>43.3</ele>
        <time>2026-08-01T15:36:06.001Z</time>
      </trkpt>
      <trkpt lat="40.06964991980603" lon="116.34779395642408">
        <ele>43.2</ele>
        <time>2026-08-01T15:36:07.001Z</time>
      </trkpt>
      <trkpt lat="40.06965256406454" lon="116.34786005449189">
        <ele>43.2</ele>
        <time>2026-08-01T15:36:08.001Z</time>
      </trkpt>
      <trkpt lat="40.069656171917295" lon="116.34792636735936">
        <ele>43.2</ele>
        <time>2026-08-01T15:36:09.001Z</time>
        <extensions>
          <gpxtpx:TrackPointExtension>
            <gpxtpx:hr>113</gpxtpx:hr>
          </gpxtpx:TrackPointExtension>
        </extensions>
      </trkpt>
      <trkpt lat="40.06966076467742" lon="116.34799253217706">
        <ele>43.2</ele>
        <time>2026-08-01T15:36:10.001Z</time>
        <extensions>
          <gpxtpx:TrackPointExtension>
            <gpxtpx:hr>113</gpxtpx:hr>
          </gpxtpx:TrackPointExtension>
        </extensions>
      </trkpt>
      <trkpt lat="40.06966621339511" lon="116.34805806692255">
        <ele>43.1</ele>
        <time>2026-08-01T15:36:11.001Z</time>
        <extensions>
          <gpxtpx:TrackPointExtension>
            <gpxtpx:hr>113</gpxtpx:hr>
          </gpxtpx:TrackPointExtension>
        </extensions>
      </trkpt>
      <trkpt lat="40.06967276781666" lon="116.3481228410332">
        <ele>43.1</ele>
        <time>2026-08-01T15:36:12.001Z</time>
        <extensions>
          <gpxtpx:TrackPointExtension>
            <gpxtpx:hr>113</gpxtpx:hr>
          </gpxtpx:TrackPointExtension>
        </extensions>
      </trkpt>
      <trkpt lat="40.06968144768496" lon="116.34818653930225">
        <ele>43.1</ele>
        <time>2026-08-01T15:36:13.001Z</time>
        <extensions>
          <gpxtpx:TrackPointExtension>
            <gpxtpx:hr>113</gpxtpx:hr>
          </gpxtpx:TrackPointExtension>
        </extensions>
      </trkpt>
      <trkpt lat="40.0696938070492" lon="116.34824798176085">
        <ele>43.1</ele>
        <time>2026-08-01T15:36:14.001Z</time>
        <extensions>
          <gpxtpx:TrackPointExtension>
            <gpxtpx:hr>113</gpxtpx:hr>
          </gpxtpx:TrackPointExtension>
        </extensions>
      </trkpt>
      <trkpt lat="40.06971157554191" lon="116.34830563208124">
        <ele>43.0</ele>
        <time>2026-08-01T15:36:15.001Z</time>
        <extensions>
          <gpxtpx:TrackPointExtension>
            <gpxtpx:hr>113</gpxtpx:hr>
          </gpxtpx:TrackPointExtension>
        </extensions>
      </trkpt>
      <trkpt lat="40.06973582305281" lon="116.34835790384983">
        <ele>43.0</ele>
        <time>2026-08-01T15:36:16.001Z</time>
        <extensions>
          <gpxtpx:TrackPointExtension>
            <gpxtpx:hr>113</gpxtpx:hr>
          </gpxtpx:TrackPointExtension>
        </extensions>
      </trkpt>
      <trkpt lat="40.069766636112114" lon="116.3484033102142">
        <ele>43.0</ele>
        <time>2026-08-01T15:36:17.001Z</time>
        <extensions>
          <gpxtpx:TrackPointExtension>
            <gpxtpx:hr>113</gpxtpx:hr>
          </gpxtpx:TrackPointExtension>
        </extensions>
      </trkpt>
      <trkpt lat="40.06980347888102" lon="116.34844079856487">
        <ele>43.0</ele>
        <time>2026-08-01T15:36:18.001Z</time>
        <extensions>
          <gpxtpx:TrackPointExtension>
            <gpxtpx:hr>113</gpxtpx:hr>
          </gpxtpx:TrackPointExtension>
        </extensions>
      </trkpt>
      <trkpt lat="40.06984537542582" lon="116.34846972869806">
        <ele>43.0</ele>
        <time>2026-08-01T15:36:19.001Z</time>
        <extensions>
          <gpxtpx:TrackPointExtension>
            <gpxtpx:hr>113</gpxtpx:hr>
          </gpxtpx:TrackPointExtension>
        </extensions>
      </trkpt>
      <trkpt lat="40.06989101881745" lon="116.34849023504202">
        <ele>43.0</ele>
        <time>2026-08-01T15:36:20.001Z</time>
        <extensions>
          <gpxtpx:TrackPointExtension>
            <gpxtpx:hr>113</gpxtpx:hr>
          </gpxtpx:TrackPointExtension>
        </extensions>
      </trkpt>
      <trkpt lat="40.06993905829691" lon="116.34850319580985">
        <ele>43.0</ele>
        <time>2026-08-01T15:36:21.001Z</time>
        <extensions>
          <gpxtpx:TrackPointExtension>
            <gpxtpx:hr>113</gpxtpx:hr>
          </gpxtpx:TrackPointExtension>
        </extensions>
      </trkpt>
      <trkpt lat="40.069988609133574" lon="116.34851004591187">
        <ele>42.9</ele>
        <time>2026-08-01T15:36:22.001Z</time>
        <extensions>
          <gpxtpx:TrackPointExtension>
            <gpxtpx:hr>113</gpxtpx:hr>
          </gpxtpx:TrackPointExtension>
        </extensions>
      </trkpt>
      <trkpt lat="40.070039081245234" lon="116.34851258130877">
        <ele>42.9</ele>
        <time>2026-08-01T15:36:23.001Z</time>
        <extensions>
          <gpxtpx:TrackPointExtension>
            <gpxtpx:hr>113</gpxtpx:hr>
          </gpxtpx:TrackPointExtension>
        </extensions>
      </trkpt>
      <trkpt lat="40.07008994225221" lon="116.34851224282625">
        <ele>42.9</ele>
        <time>2026-08-01T15:36:24.001Z</time>
        <extensions>
          <gpxtpx:TrackPointExtension>
            <gpxtpx:hr>113</gpxtpx:hr>
          </gpxtpx:TrackPointExtension>
        </extensions>
      </trkpt>
      <trkpt lat="40.07014077175242" lon="116.3485102050939">
        <ele>42.9</ele>
        <time>2026-08-01T15:36:25.001Z</time>
        <extensions>
          <gpxtpx:TrackPointExtension>
            <gpxtpx:hr>113</gpxtpx:hr>
          </gpxtpx:TrackPointExtension>
        </extensions>
      </trkpt>
      <trkpt lat="40.07019158277584" lon="116.34850750349146">
        <ele>42.9</ele>
        <time>2026-08-01T15:36:26.001Z</time>
        <extensions>
          <gpxtpx:TrackPointExtension>
            <gpxtpx:hr>113</gpxtpx:hr>
          </gpxtpx:TrackPointExtension>
        </extensions>
      </trkpt>
      <trkpt lat="40.07024269890308" lon="116.34850481744874">
        <ele>42.9</ele>
        <time>2026-08-01T15:36:27.001Z</time>
        <extensions>
          <gpxtpx:TrackPointExtension>
            <gpxtpx:hr>113</gpxtpx:hr>
          </gpxtpx:TrackPointExtension>
        </extensions>
      </trkpt>
      <trkpt lat="40.0702939615654" lon="116.34850254057064">
        <ele>42.9</ele>
        <time>2026-08-01T15:36:28.001Z</time>
        <extensions>
          <gpxtpx:TrackPointExtension>
            <gpxtpx:hr>113</gpxtpx:hr>
          </gpxtpx:TrackPointExtension>
        </extensions>
      </trkpt>
      <trkpt lat="40.07034508011413" lon="116.34850063830591">
        <ele>42.9</ele>
        <time>2026-08-01T15:36:29.001Z</time>
        <extensions>
          <gpxtpx:TrackPointExtension>
            <gpxtpx:hr>113</gpxtpx:hr>
          </gpxtpx:TrackPointExtension>
        </extensions>
      </trkpt>
      <trkpt lat="40.07039607710979" lon="116.34849854183597">
        <ele>42.9</ele>
        <time>2026-08-01T15:36:30.001Z</time>
        <extensions>
          <gpxtpx:TrackPointExtension>
            <gpxtpx:hr>113</gpxtpx:hr>
          </gpxtpx:TrackPointExtension>
        </extensions>
      </trkpt>
      <trkpt lat="40.0704469063898" lon="116.34849564758454">
        <ele>42.9</ele>
        <time>2026-08-01T15:36:31.001Z</time>
        <extensions>
          <gpxtpx:TrackPointExtension>
            <gpxtpx:hr>113</gpxtpx:hr>
          </gpxtpx:TrackPointExtension>
        </extensions>
      </trkpt>
      <trkpt lat="40.07049757912884" lon="116.34849191925045">
        <ele>42.9</ele>
        <time>2026-08-01T15:36:32.001Z</time>
        <extensions>
          <gpxtpx:TrackPointExtension>
            <gpxtpx:hr>113</gpxtpx:hr>
          </gpxtpx:TrackPointExtension>
        </extensions>
      </trkpt>
      <trkpt lat="40.07054819428048" lon="116.34848776174044">
        <ele>42.9</ele>
        <time>2026-08-01T15:36:33.001Z</time>
        <extensions>
          <gpxtpx:TrackPointExtension>
            <gpxtpx:hr>113</gpxtpx:hr>
          </gpxtpx:TrackPointExtension>
        </extensions>
      </trkpt>
      <trkpt lat="40.070598636340456" lon="116.34848335069836">
        <ele>42.9</ele>
        <time>2026-08-01T15:36:34.001Z</time>
        <extensions>
          <gpxtpx:TrackPointExtension>
            <gpxtpx:hr>113</gpxtpx:hr>
          </gpxtpx:TrackPointExtension>
        </extensions>
      </trkpt>
      <trkpt lat="40.07064870552139" lon="116.34847847382046">
        <ele>42.8</ele>
        <time>2026-08-01T15:36:35.001Z</time>
        <extensions>
          <gpxtpx:TrackPointExtension>
            <gpxtpx:hr>113</gpxtpx:hr>
          </gpxtpx:TrackPointExtension>
        </extensions>
      </trkpt>
      <trkpt lat="40.07069812376191" lon="116.34847315622847">
        <ele>42.8</ele>
        <time>2026-08-01T15:36:36.001Z</time>
        <extensions>
          <gpxtpx:TrackPointExtension>
            <gpxtpx:hr>113</gpxtpx:hr>
          </gpxtpx:TrackPointExtension>
        </extensions>
      </trkpt>
      <trkpt lat="40.07074663507193" lon="116.34846775766248">
        <ele>42.8</ele>
        <time>2026-08-01T15:36:37.001Z</time>
        <extensions>
          <gpxtpx:TrackPointExtension>
            <gpxtpx:hr>113</gpxtpx:hr>
          </gpxtpx:TrackPointExtension>
        </extensions>
      </trkpt>
      <trkpt lat="40.070794046106805" lon="116.34846277164924">
        <ele>42.8</ele>
        <time>2026-08-01T15:36:38.001Z</time>
        <extensions>
          <gpxtpx:TrackPointExtension>
            <gpxtpx:hr>113</gpxtpx:hr>
          </gpxtpx:TrackPointExtension>
        </extensions>
      </trkpt>
      <trkpt lat="40.07084036638338" lon="116.34845858678695">
        <ele>42.8</ele>
        <time>2026-08-01T15:36:39.001Z</time>
      </trkpt>
      <trkpt lat="40.07088579460944" lon="116.34845533833628">
        <ele>42.8</ele>
        <time>2026-08-01T15:36:40.001Z</time>
      </trkpt>
      <trkpt lat="40.070930266405654" lon="116.34845308090588">
        <ele>42.8</ele>
        <time>2026-08-01T15:36:41.001Z</time>
      </trkpt>
      <trkpt lat="40.070973648633824" lon="116.34845165101643">
        <ele>42.8</ele>
        <time>2026-08-01T15:36:42.001Z</time>
      </trkpt>
      <trkpt lat="40.07101605270585" lon="116.34845068017229">
        <ele>42.7</ele>
        <time>2026-08-01T15:36:43.001Z</time>
      </trkpt>
      <trkpt lat="40.07105755627971" lon="116.34844986623587">
        <ele>42.7</ele>
        <time>2026-08-01T15:36:44.001Z</time>
      </trkpt>
      <trkpt lat="40.07109804021062" lon="116.3484491016915">
        <ele>42.7</ele>
        <time>2026-08-01T15:36:45.001Z</time>
      </trkpt>
      <trkpt lat="40.07113745534604" lon="116.34844842319396">
        <ele>42.7</ele>
        <time>2026-08-01T15:36:46.001Z</time>
      </trkpt>
      <trkpt lat="40.071175922512715" lon="116.34844763297863">
        <ele>42.7</ele>
        <time>2026-08-01T15:36:47.001Z</time>
      </trkpt>
      <trkpt lat="40.07121353171281" lon="116.3484465004138">
        <ele>42.6</ele>
        <time>2026-08-01T15:36:48.001Z</time>
      </trkpt>
      <trkpt lat="40.07125051553051" lon="116.34844518487918">
        <ele>42.6</ele>
        <time>2026-08-01T15:36:49.001Z</time>
      </trkpt>
      <trkpt lat="40.07128726139773" lon="116.34844398805437">
        <ele>42.6</ele>
        <time>2026-08-01T15:36:50.001Z</time>
      </trkpt>
      <trkpt lat="40.07132393994558" lon="116.3484431593626">
        <ele>42.6</ele>
        <time>2026-08-01T15:36:51.001Z</time>
      </trkpt>
      <trkpt lat="40.071360573414985" lon="116.34844275167734">
        <ele>42.6</ele>
        <time>2026-08-01T15:36:52.001Z</time>
      </trkpt>
      <trkpt lat="40.07139713325374" lon="116.3484423498471">
        <ele>42.6</ele>
        <time>2026-08-01T15:36:53.001Z</time>
      </trkpt>
      <trkpt lat="40.071433685918805" lon="116.34844122556902">
        <ele>42.6</ele>
        <time>2026-08-01T15:36:54.001Z</time>
      </trkpt>
      <trkpt lat="40.07147028326868" lon="116.34843903941379">
        <ele>42.7</ele>
        <time>2026-08-01T15:36:55.001Z</time>
      </trkpt>
      <trkpt lat="40.0715066622986" lon="116.34843613521326">
        <ele>42.7</ele>
        <time>2026-08-01T15:36:56.001Z</time>
      </trkpt>
      <trkpt lat="40.071542559537754" lon="116.34843309345271">
        <ele>42.7</ele>
        <time>2026-08-01T15:36:57.001Z</time>
      </trkpt>
      <trkpt lat="40.07157784810111" lon="116.34843032577868">
        <ele>42.7</ele>
        <time>2026-08-01T15:36:58.001Z</time>
      </trkpt>
      <trkpt lat="40.0716124235013" lon="116.34842805353207">
        <ele>42.7</ele>
        <time>2026-08-01T15:36:59.001Z</time>
      </trkpt>
      <trkpt lat="40.07164615602902" lon="116.34842639086439">
        <ele>42.7</ele>
        <time>2026-08-01T15:37:00.001Z</time>
      </trkpt>
      <trkpt lat="40.07167901415757" lon="116.34842528273602">
        <ele>42.7</ele>
        <time>2026-08-01T15:37:01.001Z</time>
      </trkpt>
      <trkpt lat="40.07171099908324" lon="116.34842456006392">
        <ele>42.7</ele>
        <time>2026-08-01T15:37:02.001Z</time>
      </trkpt>
      <trkpt lat="40.07174190458166" lon="116.34842443438025">
        <ele>42.7</ele>
        <time>2026-08-01T15:37:03.001Z</time>
      </trkpt>
      <trkpt lat="40.071771543907204" lon="116.34842571596613">
        <ele>42.7</ele>
        <time>2026-08-01T15:37:04.001Z</time>
      </trkpt>
      <trkpt lat="40.071799824399385" lon="116.34842889568863">
        <ele>42.7</ele>
        <time>2026-08-01T15:37:05.001Z</time>
      </trkpt>
      <trkpt lat="40.07182680506552" lon="116.3484335031659">
        <ele>42.7</ele>
        <time>2026-08-01T15:37:06.001Z</time>
      </trkpt>
      <trkpt lat="40.071852933038784" lon="116.3484383506931">
        <ele>42.7</ele>
        <time>2026-08-01T15:37:07.001Z</time>
      </trkpt>
      <trkpt lat="40.07187867802511" lon="116.34844246590568">
        <ele>42.7</ele>
        <time>2026-08-01T15:37:08.001Z</time>
      </trkpt>
      <trkpt lat="40.07190443615116" lon="116.34844547916252">
        <ele>42.7</ele>
        <time>2026-08-01T15:37:09.001Z</time>
      </trkpt>
      <trkpt lat="40.071930713127536" lon="116.34844713063501">
        <ele>42.7</ele>
        <time>2026-08-01T15:37:10.001Z</time>
      </trkpt>
      <trkpt lat="40.07195774181264" lon="116.34844707171507">
        <ele>42.8</ele>
        <time>2026-08-01T15:37:11.001Z</time>
      </trkpt>
      <trkpt lat="40.07198536807077" lon="116.34844489801765">
        <ele>42.8</ele>
        <time>2026-08-01T15:37:12.001Z</time>
      </trkpt>
      <trkpt lat="40.07201354349304" lon="116.34844035002233">
        <ele>42.8</ele>
        <time>2026-08-01T15:37:13.001Z</time>
      </trkpt>
      <trkpt lat="40.0720423162528" lon="116.34843370376606">
        <ele>42.8</ele>
        <time>2026-08-01T15:37:14.001Z</time>
      </trkpt>
      <trkpt lat="40.07207173145208" lon="116.34842578591541">
        <ele>42.8</ele>
        <time>2026-08-01T15:37:15.001Z</time>
      </trkpt>
      <trkpt lat="40.072101872992995" lon="116.34841756140341">
        <ele>42.8</ele>
        <time>2026-08-01T15:37:16.001Z</time>
      </trkpt>
      <trkpt lat="40.072132742130755" lon="116.34840987896732">
        <ele>42.9</ele>
        <time>2026-08-01T15:37:17.001Z</time>
      </trkpt>
      <trkpt lat="40.07216417840354" lon="116.34840348441101">
        <ele>42.9</ele>
        <time>2026-08-01T15:37:18.001Z</time>
      </trkpt>
      <trkpt lat="40.072196109494406" lon="116.34839877320859">
        <ele>42.9</ele>
        <time>2026-08-01T15:37:19.001Z</time>
      </trkpt>
      <trkpt lat="40.07222855748509" lon="116.3483954994426">
        <ele>42.9</ele>
        <time>2026-08-01T15:37:20.001Z</time>
      </trkpt>
      <trkpt lat="40.07226143459587" lon="116.34839326629178">
        <ele>42.9</ele>
        <time>2026-08-01T15:37:21.001Z</time>
      </trkpt>
      <trkpt lat="40.07229466396995" lon="116.34839200676521">
        <ele>42.9</ele>
        <time>2026-08-01T15:37:22.001Z</time>
      </trkpt>
      <trkpt lat="40.072328130518024" lon="116.34839154281434">
        <ele>43.0</ele>
        <time>2026-08-01T15:37:23.001Z</time>
      </trkpt>
      <trkpt lat="40.0723617106788" lon="116.34839117167638">
        <ele>43.0</ele>
        <time>2026-08-01T15:37:24.001Z</time>
      </trkpt>
      <trkpt lat="40.07239529982563" lon="116.34839039352536">
        <ele>43.0</ele>
        <time>2026-08-01T15:37:25.001Z</time>
      </trkpt>
      <trkpt lat="40.072428840728215" lon="116.3483891605309">
        <ele>43.0</ele>
        <time>2026-08-01T15:37:26.001Z</time>
      </trkpt>
      <trkpt lat="40.07246223951056" lon="116.34838766004954">
        <ele>43.0</ele>
        <time>2026-08-01T15:37:27.001Z</time>
      </trkpt>
      <trkpt lat="40.072495595474535" lon="116.34838609874687">
        <ele>43.0</ele>
        <time>2026-08-01T15:37:28.001Z</time>
      </trkpt>
      <trkpt lat="40.0725293011427" lon="116.34838447541212">
        <ele>43.0</ele>
        <time>2026-08-01T15:37:29.001Z</time>
      </trkpt>
      <trkpt lat="40.07256372732182" lon="116.34838262791229">
        <ele>43.0</ele>
        <time>2026-08-01T15:37:30.001Z</time>
      </trkpt>
      <trkpt lat="40.07259870203851" lon="116.34838046750413">
        <ele>43.0</ele>
        <time>2026-08-01T15:37:31.001Z</time>
      </trkpt>
      <trkpt lat="40.07263396505835" lon="116.34837804210916">
        <ele>43.1</ele>
        <time>2026-08-01T15:37:32.001Z</time>
      </trkpt>
      <trkpt lat="40.07266884022764" lon="116.34837555641468">
        <ele>43.1</ele>
        <time>2026-08-01T15:37:33.001Z</time>
      </trkpt>
      <trkpt lat="40.07270254482092" lon="116.34837341628746">
        <ele>43.1</ele>
        <time>2026-08-01T15:37:34.001Z</time>
      </trkpt>
      <trkpt lat="40.07273518235286" lon="116.34837178753158">
        <ele>43.1</ele>
        <time>2026-08-01T15:37:35.001Z</time>
      </trkpt>
      <trkpt lat="40.072767173827" lon="116.34837045620831">
        <ele>43.1</ele>
        <time>2026-08-01T15:37:36.001Z</time>
      </trkpt>
      <trkpt lat="40.072798958230294" lon="116.34836942658717">
        <ele>43.1</ele>
        <time>2026-08-01T15:37:37.001Z</time>
      </trkpt>
      <trkpt lat="40.072831236107156" lon="116.34836900461097">
        <ele>43.1</ele>
        <time>2026-08-01T15:37:38.001Z</time>
      </trkpt>
      <trkpt lat="40.072864466836094" lon="116.3483686830781">
        <ele>43.1</ele>
        <time>2026-08-01T15:37:39.001Z</time>
      </trkpt>
      <trkpt lat="40.072898457290975" lon="116.34836799765216">
        <ele>43.1</ele>
        <time>2026-08-01T15:37:40.001Z</time>
      </trkpt>
      <trkpt lat="40.072932546679816" lon="116.34836704557488">
        <ele>43.1</ele>
        <time>2026-08-01T15:37:41.001Z</time>
      </trkpt>
      <trkpt lat="40.07296671624557" lon="116.34836576022965">
        <ele>43.1</ele>
        <time>2026-08-01T15:37:42.001Z</time>
      </trkpt>
      <trkpt lat="40.07300140200632" lon="116.34836431986908">
        <ele>43.1</ele>
        <time>2026-08-01T15:37:43.001Z</time>
      </trkpt>
      <trkpt lat="40.073036575002774" lon="116.34836259411087">
        <ele>43.1</ele>
        <time>2026-08-01T15:37:44.001Z</time>
      </trkpt>
      <trkpt lat="40.07307235147126" lon="116.34835984810508">
        <ele>43.2</ele>
        <time>2026-08-01T15:37:45.001Z</time>
      </trkpt>
      <trkpt lat="40.073108842185576" lon="116.34835585473786">
        <ele>43.2</ele>
        <time>2026-08-01T15:37:46.001Z</time>
      </trkpt>
      <trkpt lat="40.073145994124864" lon="116.34835120959637">
        <ele>43.2</ele>
        <time>2026-08-01T15:37:47.001Z</time>
      </trkpt>
      <trkpt lat="40.07318368360235" lon="116.34834667105851">
        <ele>43.2</ele>
        <time>2026-08-01T15:37:48.001Z</time>
      </trkpt>
      <trkpt lat="40.07322167682878" lon="116.34834283915411">
        <ele>43.2</ele>
        <time>2026-08-01T15:37:49.001Z</time>
      </trkpt>
      <trkpt lat="40.0732597309657" lon="116.3483397673446">
        <ele>43.2</ele>
        <time>2026-08-01T15:37:50.001Z</time>
      </trkpt>
      <trkpt lat="40.073297840196226" lon="116.34833710648645">
        <ele>43.2</ele>
        <time>2026-08-01T15:37:51.001Z</time>
      </trkpt>
      <trkpt lat="40.07333605109803" lon="116.3483345193888">
        <ele>43.2</ele>
        <time>2026-08-01T15:37:52.001Z</time>
      </trkpt>
      <trkpt lat="40.073374409581696" lon="116.3483317917148">
        <ele>43.2</ele>
        <time>2026-08-01T15:37:53.001Z</time>
      </trkpt>
      <trkpt lat="40.07341299883938" lon="116.34832908304935">
        <ele>43.2</ele>
        <time>2026-08-01T15:37:54.001Z</time>
      </trkpt>
      <trkpt lat="40.07345167034726" lon="116.3483264834958">
        <ele>43.2</ele>
        <time>2026-08-01T15:37:55.001Z</time>
      </trkpt>
      <trkpt lat="40.07349019199311" lon="116.34832385284764">
        <ele>43.2</ele>
        <time>2026-08-01T15:37:56.001Z</time>
      </trkpt>
      <trkpt lat="40.07352831184953" lon="116.34832119344586">
        <ele>43.2</ele>
        <time>2026-08-01T15:37:57.001Z</time>
      </trkpt>
      <trkpt lat="40.073565936249096" lon="116.34831860326594">
        <ele>43.2</ele>
        <time>2026-08-01T15:37:58.001Z</time>
      </trkpt>
      <trkpt lat="40.07360307405809" lon="116.34831623441212">
        <ele>43.2</ele>
        <time>2026-08-01T15:37:59.001Z</time>
      </trkpt>
      <trkpt lat="40.07363956195663" lon="116.34831404727693">
        <ele>43.2</ele>
        <time>2026-08-01T15:38:00.001Z</time>
      </trkpt>
      <trkpt lat="40.07367541187856" lon="116.34831188684579">
        <ele>43.2</ele>
        <time>2026-08-01T15:38:01.001Z</time>
      </trkpt>
      <trkpt lat="40.07371077517319" lon="116.34830976890446">
        <ele>43.2</ele>
        <time>2026-08-01T15:38:02.001Z</time>
      </trkpt>
      <trkpt lat="40.07374564472762" lon="116.34830785172377">
        <ele>43.2</ele>
        <time>2026-08-01T15:38:03.001Z</time>
      </trkpt>
      <trkpt lat="40.07378020929647" lon="116.3483063042135">
        <ele>43.2</ele>
        <time>2026-08-01T15:38:04.001Z</time>
      </trkpt>
      <trkpt lat="40.07381483016039" lon="116.34830517176525">
        <ele>43.1</ele>
        <time>2026-08-01T15:38:05.001Z</time>
      </trkpt>
      <trkpt lat="40.07384977470342" lon="116.34830441256533">
        <ele>43.1</ele>
        <time>2026-08-01T15:38:06.001Z</time>
      </trkpt>
      <trkpt lat="40.07388523255086" lon="116.34830388705713">
        <ele>43.1</ele>
        <time>2026-08-01T15:38:07.001Z</time>
      </trkpt>
      <trkpt lat="40.073921045943884" lon="116.34830349809371">
        <ele>43.1</ele>
        <time>2026-08-01T15:38:08.001Z</time>
      </trkpt>
      <trkpt lat="40.073956949041104" lon="116.34830344482064">
        <ele>43.1</ele>
        <time>2026-08-01T15:38:09.001Z</time>
      </trkpt>
      <trkpt lat="40.07399270996955" lon="116.3483041093421">
        <ele>43.1</ele>
        <time>2026-08-01T15:38:10.001Z</time>
      </trkpt>
      <trkpt lat="40.07402800258938" lon="116.34830575359393">
        <ele>43.1</ele>
        <time>2026-08-01T15:38:11.001Z</time>
      </trkpt>
      <trkpt lat="40.07406260069939" lon="116.34830824457502">
        <ele>43.1</ele>
        <time>2026-08-01T15:38:12.001Z</time>
      </trkpt>
      <trkpt lat="40.07409660083765" lon="116.34831108033097">
        <ele>43.1</ele>
        <time>2026-08-01T15:38:13.001Z</time>
      </trkpt>
      <trkpt lat="40.07413016125522" lon="116.3483133826776">
        <ele>43.1</ele>
        <time>2026-08-01T15:38:14.001Z</time>
      </trkpt>
      <trkpt lat="40.07416288662498" lon="116.34831437033365">
        <ele>43.1</ele>
        <time>2026-08-01T15:38:15.001Z</time>
      </trkpt>
      <trkpt lat="40.07419382730128" lon="116.34831397239616">
        <ele>43.1</ele>
        <time>2026-08-01T15:38:16.001Z</time>
      </trkpt>
      <trkpt lat="40.0742220182985" lon="116.34831273881494">
        <ele>43.1</ele>
        <time>2026-08-01T15:38:17.001Z</time>
      </trkpt>
      <trkpt lat="40.07424602168884" lon="116.34831122399993">
        <ele>43.1</ele>
        <time>2026-08-01T15:38:18.001Z</time>
      </trkpt>
      <trkpt lat="40.07426453687367" lon="116.34830898882551">
        <ele>43.1</ele>
        <time>2026-08-01T15:38:19.001Z</time>
      </trkpt>
      <trkpt lat="40.074277830317996" lon="116.34830552703204">
        <ele>43.0</ele>
        <time>2026-08-01T15:38:20.001Z</time>
      </trkpt>
      <trkpt lat="40.07428693445053" lon="116.34830183190742">
        <ele>43.0</ele>
        <time>2026-08-01T15:38:21.001Z</time>
      </trkpt>
      <trkpt lat="40.074292798449875" lon="116.34829874223261">
        <ele>43.0</ele>
        <time>2026-08-01T15:38:22.001Z</time>
      </trkpt>
      <trkpt lat="40.07429625894038" lon="116.34829607742981">
        <ele>43.0</ele>
        <time>2026-08-01T15:38:23.001Z</time>
      </trkpt>
      <trkpt lat="40.074298104626415" lon="116.3482935219809">
        <ele>42.9</ele>
        <time>2026-08-01T15:38:24.001Z</time>
      </trkpt>
      <trkpt lat="40.07429898644791" lon="116.34829094071692">
        <ele>42.9</ele>
        <time>2026-08-01T15:38:25.001Z</time>
      </trkpt>
      <trkpt lat="40.0742992701707" lon="116.348288399613">
        <ele>42.9</ele>
        <time>2026-08-01T15:38:26.001Z</time>
      </trkpt>
      <trkpt lat="40.07429917762116" lon="116.34828568672307">
        <ele>42.9</ele>
        <time>2026-08-01T15:38:27.001Z</time>
      </trkpt>
      <trkpt lat="40.07429896989543" lon="116.34828255457458">
        <ele>42.8</ele>
        <time>2026-08-01T15:38:28.001Z</time>
      </trkpt>
      <trkpt lat="40.074298903316034" lon="116.34827876151405">
        <ele>42.8</ele>
        <time>2026-08-01T15:38:29.001Z</time>
      </trkpt>
      <trkpt lat="40.074298911194994" lon="116.34827422915885">
        <ele>42.8</ele>
        <time>2026-08-01T15:38:30.001Z</time>
      </trkpt>
      <trkpt lat="40.07429872729867" lon="116.34827025102983">
        <ele>42.8</ele>
        <time>2026-08-01T15:38:31.001Z</time>
      </trkpt>
      <trkpt lat="40.074298346397754" lon="116.34826763999779">
        <ele>42.8</ele>
        <time>2026-08-01T15:38:32.001Z</time>
      </trkpt>
      <trkpt lat="40.07429789678269" lon="116.34826590785359">
        <ele>42.9</ele>
        <time>2026-08-01T15:38:33.001Z</time>
      </trkpt>
      <trkpt lat="40.074297446291844" lon="116.34826474677678">
        <ele>42.9</ele>
        <time>2026-08-01T15:38:34.001Z</time>
      </trkpt>
      <trkpt lat="40.074297048597025" lon="116.34826386847617">
        <ele>42.9</ele>
        <time>2026-08-01T15:38:35.001Z</time>
      </trkpt>
      <trkpt lat="40.07429672122854" lon="116.34826314508656">
        <ele>42.9</ele>
        <time>2026-08-01T15:38:36.001Z</time>
      </trkpt>
      <trkpt lat="40.07429644769235" lon="116.34826245378468">
        <ele>42.9</ele>
        <time>2026-08-01T15:38:37.001Z</time>
      </trkpt>
      <trkpt lat="40.07429623936541" lon="116.34826195605986">
        <ele>42.9</ele>
        <time>2026-08-01T15:38:38.001Z</time>
      </trkpt>
      <trkpt lat="40.07429610744533" lon="116.34826168508462">
        <ele>42.9</ele>
        <time>2026-08-01T15:38:39.001Z</time>
      </trkpt>
      <trkpt lat="40.07429601105488" lon="116.34826137827002">
        <ele>42.9</ele>
        <time>2026-08-01T15:38:40.001Z</time>
      </trkpt>
      <trkpt lat="40.07429594547419" lon="116.34826103052353">
        <ele>42.9</ele>
        <time>2026-08-01T15:38:41.001Z</time>
      </trkpt>
      <trkpt lat="40.07429591761684" lon="116.34826073663733">
        <ele>42.9</ele>
        <time>2026-08-01T15:38:42.001Z</time>
      </trkpt>
      <trkpt lat="40.07429592798527" lon="116.34826051005494">
        <ele>42.9</ele>
        <time>2026-08-01T15:38:43.001Z</time>
      </trkpt>
      <trkpt lat="40.074295968541726" lon="116.34826027353725">
        <ele>42.9</ele>
        <time>2026-08-01T15:38:44.001Z</time>
      </trkpt>
      <trkpt lat="40.07429604153291" lon="116.34826004257307">
        <ele>42.9</ele>
        <time>2026-08-01T15:38:45.001Z</time>
      </trkpt>
      <trkpt lat="40.07429615529757" lon="116.34825984909322">
        <ele>42.9</ele>
        <time>2026-08-01T15:38:46.001Z</time>
      </trkpt>
      <trkpt lat="40.074296297130886" lon="116.34825964688605">
        <ele>42.9</ele>
        <time>2026-08-01T15:38:47.001Z</time>
      </trkpt>
      <trkpt lat="40.07429645173632" lon="116.34825943119498">
        <ele>42.9</ele>
        <time>2026-08-01T15:38:48.001Z</time>
      </trkpt>
      <trkpt lat="40.07429660679448" lon="116.34825917287436">
        <ele>42.9</ele>
        <time>2026-08-01T15:38:49.001Z</time>
      </trkpt>
      <trkpt lat="40.07429676404885" lon="116.34825893545428">
        <ele>42.9</ele>
        <time>2026-08-01T15:38:50.001Z</time>
      </trkpt>
      <trkpt lat="40.074296936074305" lon="116.34825875983994">
        <ele>42.9</ele>
        <time>2026-08-01T15:38:51.001Z</time>
      </trkpt>
      <trkpt lat="40.074297114287035" lon="116.34825861691442">
        <ele>42.9</ele>
        <time>2026-08-01T15:38:52.001Z</time>
      </trkpt>
      <trkpt lat="40.07429728513188" lon="116.34825850949382">
        <ele>42.9</ele>
        <time>2026-08-01T15:38:53.001Z</time>
      </trkpt>
      <trkpt lat="40.074297445008284" lon="116.34825843225558">
        <ele>42.9</ele>
        <time>2026-08-01T15:38:54.001Z</time>
      </trkpt>
      <trkpt lat="40.07429759717962" lon="116.34825837104121">
        <ele>42.9</ele>
        <time>2026-08-01T15:38:55.001Z</time>
      </trkpt>
      <trkpt lat="40.07429773823428" lon="116.34825831291141">
        <ele>42.9</ele>
        <time>2026-08-01T15:38:56.001Z</time>
      </trkpt>
      <trkpt lat="40.074297894448755" lon="116.34825823505288">
        <ele>42.9</ele>
        <time>2026-08-01T15:38:57.001Z</time>
      </trkpt>
      <trkpt lat="40.07429807442053" lon="116.34825811774965">
        <ele>42.9</ele>
        <time>2026-08-01T15:38:58.001Z</time>
      </trkpt>
      <trkpt lat="40.07429825696863" lon="116.34825799172854">
        <ele>42.9</ele>
        <time>2026-08-01T15:38:59.001Z</time>
      </trkpt>
      <trkpt lat="40.0742984366486" lon="116.34825785447771">
        <ele>42.9</ele>
        <time>2026-08-01T15:39:00.001Z</time>
      </trkpt>
      <trkpt lat="40.07429861689086" lon="116.34825772078666">
        <ele>42.9</ele>
        <time>2026-08-01T15:39:01.001Z</time>
      </trkpt>
      <trkpt lat="40.07429879231023" lon="116.34825761319053">
        <ele>42.9</ele>
        <time>2026-08-01T15:39:02.001Z</time>
      </trkpt>
      <trkpt lat="40.074298961862596" lon="116.34825752142797">
        <ele>42.9</ele>
        <time>2026-08-01T15:39:03.001Z</time>
      </trkpt>
      <trkpt lat="40.074299120701184" lon="116.34825744217798">
        <ele>42.9</ele>
        <time>2026-08-01T15:39:04.001Z</time>
      </trkpt>
      <trkpt lat="40.07429927675067" lon="116.34825733693529">
        <ele>42.9</ele>
        <time>2026-08-01T15:39:05.001Z</time>
      </trkpt>
      <trkpt lat="40.074299443487874" lon="116.34825720107006">
        <ele>42.9</ele>
        <time>2026-08-01T15:39:06.001Z</time>
      </trkpt>
      <trkpt lat="40.074299626163274" lon="116.34825703034099">
        <ele>42.9</ele>
        <time>2026-08-01T15:39:07.001Z</time>
      </trkpt>
      <trkpt lat="40.074299818380325" lon="116.34825677530999">
        <ele>42.9</ele>
        <time>2026-08-01T15:39:08.001Z</time>
      </trkpt>
      <trkpt lat="40.074299999646406" lon="116.34825640194478">
        <ele>42.9</ele>
        <time>2026-08-01T15:39:09.001Z</time>
      </trkpt>
      <trkpt lat="40.07430014940901" lon="116.34825584768183">
        <ele>42.9</ele>
        <time>2026-08-01T15:39:10.001Z</time>
      </trkpt>
      <trkpt lat="40.07430026792441" lon="116.34825496626794">
        <ele>42.9</ele>
        <time>2026-08-01T15:39:11.001Z</time>
      </trkpt>
      <trkpt lat="40.074300373883275" lon="116.34825371454396">
        <ele>42.9</ele>
        <time>2026-08-01T15:39:12.001Z</time>
      </trkpt>
      <trkpt lat="40.0743004909833" lon="116.34825208819716">
        <ele>42.9</ele>
        <time>2026-08-01T15:39:13.001Z</time>
      </trkpt>
      <trkpt lat="40.07430064494452" lon="116.34825001674741">
        <ele>42.9</ele>
        <time>2026-08-01T15:39:14.001Z</time>
      </trkpt>
      <trkpt lat="40.0743008711386" lon="116.34824727681574">
        <ele>42.9</ele>
        <time>2026-08-01T15:39:15.001Z</time>
      </trkpt>
      <trkpt lat="40.07430123795705" lon="116.34824351605755">
        <ele>42.9</ele>
        <time>2026-08-01T15:39:16.001Z</time>
      </trkpt>
      <trkpt lat="40.07430178887045" lon="116.34823831713395">
        <ele>42.9</ele>
        <time>2026-08-01T15:39:17.001Z</time>
      </trkpt>
      <trkpt lat="40.074302629127025" lon="116.34823079115742">
        <ele>42.9</ele>
        <time>2026-08-01T15:39:18.001Z</time>
      </trkpt>
      <trkpt lat="40.07430385406597" lon="116.34822012404148">
        <ele>42.9</ele>
        <time>2026-08-01T15:39:19.001Z</time>
      </trkpt>
      <trkpt lat="40.07430549575985" lon="116.34820612834719">
        <ele>42.9</ele>
        <time>2026-08-01T15:39:20.001Z</time>
      </trkpt>
      <trkpt lat="40.074307915329435" lon="116.34818956102171">
        <ele>42.9</ele>
        <time>2026-08-01T15:39:21.001Z</time>
      </trkpt>
      <trkpt lat="40.074311221891946" lon="116.34817155465878">
        <ele>43.0</ele>
        <time>2026-08-01T15:39:22.001Z</time>
      </trkpt>
      <trkpt lat="40.07431427375684" lon="116.34815273102684">
        <ele>43.0</ele>
        <time>2026-08-01T15:39:23.001Z</time>
      </trkpt>
      <trkpt lat="40.07431499895248" lon="116.34813397337892">
        <ele>43.0</ele>
        <time>2026-08-01T15:39:24.001Z</time>
      </trkpt>
      <trkpt lat="40.07431216521909" lon="116.3481165881657">
        <ele>43.0</ele>
        <time>2026-08-01T15:39:25.001Z</time>
      </trkpt>
      <trkpt lat="40.07430647046591" lon="116.3481019588543">
        <ele>43.0</ele>
        <time>2026-08-01T15:39:26.001Z</time>
      </trkpt>
      <trkpt lat="40.07429996806989" lon="116.34809134901765">
        <ele>43.0</ele>
        <time>2026-08-01T15:39:27.001Z</time>
      </trkpt>
      <trkpt lat="40.07429456684261" lon="116.34808477459251">
        <ele>43.0</ele>
        <time>2026-08-01T15:39:28.001Z</time>
      </trkpt>
      <trkpt lat="40.07429081474231" lon="116.34808103319082">
        <ele>43.0</ele>
        <time>2026-08-01T15:39:29.001Z</time>
      </trkpt>
      <trkpt lat="40.07428835854821" lon="116.34807908640047">
        <ele>43.0</ele>
        <time>2026-08-01T15:39:30.001Z</time>
      </trkpt>
      <trkpt lat="40.07428680742842" lon="116.3480783249947">
        <ele>43.0</ele>
        <time>2026-08-01T15:39:31.001Z</time>
      </trkpt>
      <trkpt lat="40.074285882485455" lon="116.34807832766593">
        <ele>43.0</ele>
        <time>2026-08-01T15:39:32.001Z</time>
      </trkpt>
      <trkpt lat="40.07428535929805" lon="116.34807880049404">
        <ele>43.0</ele>
        <time>2026-08-01T15:39:33.001Z</time>
      </trkpt>
      <trkpt lat="40.07428507907962" lon="116.34807954319724">
        <ele>42.9</ele>
        <time>2026-08-01T15:39:34.001Z</time>
      </trkpt>
      <trkpt lat="40.07428492857693" lon="116.34808042004508">
        <ele>42.9</ele>
        <time>2026-08-01T15:39:35.001Z</time>
      </trkpt>
      <trkpt lat="40.074284824611524" lon="116.34808133791346">
        <ele>42.9</ele>
        <time>2026-08-01T15:39:36.001Z</time>
      </trkpt>
      <trkpt lat="40.07428470351368" lon="116.34808223393706">
        <ele>42.9</ele>
        <time>2026-08-01T15:39:37.001Z</time>
      </trkpt>
      <trkpt lat="40.07428450996768" lon="116.34808306524549">
        <ele>42.9</ele>
        <time>2026-08-01T15:39:38.001Z</time>
      </trkpt>
      <trkpt lat="40.074284187791804" lon="116.34808380452479">
        <ele>42.9</ele>
        <time>2026-08-01T15:39:39.001Z</time>
      </trkpt>
      <trkpt lat="40.07428366802925" lon="116.34808443487135">
        <ele>42.9</ele>
        <time>2026-08-01T15:39:40.001Z</time>
      </trkpt>
      <trkpt lat="40.07428285581226" lon="116.34808494269012">
        <ele>42.9</ele>
        <time>2026-08-01T15:39:41.001Z</time>
      </trkpt>
      <trkpt lat="40.07428159683392" lon="116.34808531100222">
        <ele>42.9</ele>
        <time>2026-08-01T15:39:42.001Z</time>
      </trkpt>
      <trkpt lat="40.074279643941885" lon="116.34808551139467">
        <ele>42.9</ele>
        <time>2026-08-01T15:39:43.001Z</time>
      </trkpt>
      <trkpt lat="40.07427655726653" lon="116.34808548886201">
        <ele>42.9</ele>
        <time>2026-08-01T15:39:44.001Z</time>
      </trkpt>
      <trkpt lat="40.07427155274544" lon="116.34808514727675">
        <ele>42.9</ele>
        <time>2026-08-01T15:39:45.001Z</time>
      </trkpt>
      <trkpt lat="40.0742638959931" lon="116.34808436449609">
        <ele>42.9</ele>
        <time>2026-08-01T15:39:46.001Z</time>
      </trkpt>
      <trkpt lat="40.07425328644422" lon="116.34808316579739">
        <ele>42.9</ele>
        <time>2026-08-01T15:39:47.001Z</time>
      </trkpt>
      <trkpt lat="40.074239544641415" lon="116.34808197488668">
        <ele>42.9</ele>
        <time>2026-08-01T15:39:48.001Z</time>
      </trkpt>
      <trkpt lat="40.07422222583334" lon="116.34808163855872">
        <ele>43.0</ele>
        <time>2026-08-01T15:39:49.001Z</time>
      </trkpt>
      <trkpt lat="40.07420091218394" lon="116.34808277291414">
        <ele>43.0</ele>
        <time>2026-08-01T15:39:50.001Z</time>
      </trkpt>
      <trkpt lat="40.07417539250195" lon="116.34808537145871">
        <ele>43.1</ele>
        <time>2026-08-01T15:39:51.001Z</time>
      </trkpt>
      <trkpt lat="40.0741457515538" lon="116.34808910201552">
        <ele>43.1</ele>
        <time>2026-08-01T15:39:52.001Z</time>
      </trkpt>
      <trkpt lat="40.074112382973894" lon="116.34809391454937">
        <ele>43.2</ele>
        <time>2026-08-01T15:39:53.001Z</time>
      </trkpt>
      <trkpt lat="40.07407575820111" lon="116.34810005292734">
        <ele>43.2</ele>
        <time>2026-08-01T15:39:54.001Z</time>
      </trkpt>
      <trkpt lat="40.07403660508298" lon="116.34810733178759">
        <ele>43.3</ele>
        <time>2026-08-01T15:39:55.001Z</time>
      </trkpt>
      <trkpt lat="40.07399572447631" lon="116.3481150482161">
        <ele>43.4</ele>
        <time>2026-08-01T15:39:56.001Z</time>
      </trkpt>
      <trkpt lat="40.07395381673078" lon="116.34812227691567">
        <ele>43.4</ele>
        <time>2026-08-01T15:39:57.001Z</time>
      </trkpt>
      <trkpt lat="40.07391133653612" lon="116.34812836710836">
        <ele>43.5</ele>
        <time>2026-08-01T15:39:58.001Z</time>
      </trkpt>
      <trkpt lat="40.07386817041114" lon="116.34813328896831">
        <ele>43.5</ele>
        <time>2026-08-01T15:39:59.001Z</time>
      </trkpt>
      <trkpt lat="40.07382423622989" lon="116.34813726550925">
        <ele>43.6</ele>
        <time>2026-08-01T15:40:00.001Z</time>
      </trkpt>
      <trkpt lat="40.07377977830343" lon="116.34814051364815">
        <ele>43.6</ele>
        <time>2026-08-01T15:40:01.001Z</time>
      </trkpt>
      <trkpt lat="40.07373501445167" lon="116.34814324503927">
        <ele>43.6</ele>
        <time>2026-08-01T15:40:02.001Z</time>
      </trkpt>
      <trkpt lat="40.07368988148602" lon="116.34814595199941">
        <ele>43.7</ele>
        <time>2026-08-01T15:40:03.001Z</time>
      </trkpt>
      <trkpt lat="40.07364396982741" lon="116.34814919302839">
        <ele>43.7</ele>
        <time>2026-08-01T15:40:04.001Z</time>
      </trkpt>
      <trkpt lat="40.07359685994122" lon="116.34815318283066">
        <ele>43.7</ele>
        <time>2026-08-01T15:40:05.001Z</time>
      </trkpt>
      <trkpt lat="40.07354870425231" lon="116.34815782701946">
        <ele>43.7</ele>
        <time>2026-08-01T15:40:06.001Z</time>
      </trkpt>
      <trkpt lat="40.07350002416224" lon="116.34816273568995">
        <ele>43.7</ele>
        <time>2026-08-01T15:40:07.001Z</time>
      </trkpt>
      <trkpt lat="40.073450777186466" lon="116.34816756254124">
        <ele>43.7</ele>
        <time>2026-08-01T15:40:08.001Z</time>
      </trkpt>
      <trkpt lat="40.07340095792471" lon="116.34817198756397">
        <ele>43.7</ele>
        <time>2026-08-01T15:40:09.001Z</time>
      </trkpt>
      <trkpt lat="40.0733509550444" lon="116.34817591130106">
        <ele>43.7</ele>
        <time>2026-08-01T15:40:10.001Z</time>
      </trkpt>
      <trkpt lat="40.07330088097454" lon="116.34817977043481">
        <ele>43.7</ele>
        <time>2026-08-01T15:40:11.001Z</time>
      </trkpt>
      <trkpt lat="40.07325067439903" lon="116.34818405941934">
        <ele>43.8</ele>
        <time>2026-08-01T15:40:12.001Z</time>
      </trkpt>
      <trkpt lat="40.073200522864056" lon="116.34818887931027">
        <ele>43.8</ele>
        <time>2026-08-01T15:40:13.001Z</time>
      </trkpt>
      <trkpt lat="40.073150644230736" lon="116.3481939016687">
        <ele>43.8</ele>
        <time>2026-08-01T15:40:14.001Z</time>
      </trkpt>
      <trkpt lat="40.07310089125529" lon="116.34819861929266">
        <ele>43.8</ele>
        <time>2026-08-01T15:40:15.001Z</time>
      </trkpt>
      <trkpt lat="40.073051113767114" lon="116.34820269565965">
        <ele>43.8</ele>
        <time>2026-08-01T15:40:16.001Z</time>
      </trkpt>
      <trkpt lat="40.0730012416699" lon="116.34820617685965">
        <ele>43.8</ele>
        <time>2026-08-01T15:40:17.001Z</time>
      </trkpt>
      <trkpt lat="40.07295125443831" lon="116.34820928720832">
        <ele>43.9</ele>
        <time>2026-08-01T15:40:18.001Z</time>
      </trkpt>
      <trkpt lat="40.07290101142023" lon="116.34821208009214">
        <ele>43.9</ele>
        <time>2026-08-01T15:40:19.001Z</time>
      </trkpt>
      <trkpt lat="40.07285038311106" lon="116.3482145592941">
        <ele>43.9</ele>
        <time>2026-08-01T15:40:20.001Z</time>
      </trkpt>
      <trkpt lat="40.072799442646726" lon="116.34821689191912">
        <ele>43.9</ele>
        <time>2026-08-01T15:40:21.001Z</time>
      </trkpt>
      <trkpt lat="40.07274833743632" lon="116.34821918984868">
        <ele>43.9</ele>
        <time>2026-08-01T15:40:22.001Z</time>
      </trkpt>
      <trkpt lat="40.07269719742369" lon="116.34822144577629">
        <ele>43.9</ele>
        <time>2026-08-01T15:40:23.001Z</time>
      </trkpt>
      <trkpt lat="40.07264614784266" lon="116.34822358938801">
        <ele>44.0</ele>
        <time>2026-08-01T15:40:24.001Z</time>
      </trkpt>
      <trkpt lat="40.07259534322814" lon="116.34822558961929">
        <ele>44.0</ele>
        <time>2026-08-01T15:40:25.001Z</time>
      </trkpt>
      <trkpt lat="40.072544818406335" lon="116.34822757565848">
        <ele>44.0</ele>
        <time>2026-08-01T15:40:26.001Z</time>
      </trkpt>
      <trkpt lat="40.07249464621479" lon="116.34822970854009">
        <ele>44.0</ele>
        <time>2026-08-01T15:40:27.000Z</time>
      </trkpt>
      <trkpt lat="40.07244481943653" lon="116.34823205270678">
        <ele>44.0</ele>
        <time>2026-08-01T15:40:28.000Z</time>
      </trkpt>
      <trkpt lat="40.07239532528774" lon="116.34823461363187">
        <ele>44.0</ele>
        <time>2026-08-01T15:40:29.000Z</time>
      </trkpt>
      <trkpt lat="40.07234603924377" lon="116.34823746788905">
        <ele>44.0</ele>
        <time>2026-08-01T15:40:30.000Z</time>
      </trkpt>
      <trkpt lat="40.0722963642213" lon="116.34824061291717">
        <ele>44.0</ele>
        <time>2026-08-01T15:40:31.000Z</time>
      </trkpt>
      <trkpt lat="40.072245943696956" lon="116.3482437465364">
        <ele>43.9</ele>
        <time>2026-08-01T15:40:32.001Z</time>
      </trkpt>
      <trkpt lat="40.07219523267476" lon="116.34824662325543">
        <ele>43.9</ele>
        <time>2026-08-01T15:40:33.000Z</time>
      </trkpt>
      <trkpt lat="40.07214445596405" lon="116.34824947635322">
        <ele>43.9</ele>
        <time>2026-08-01T15:40:34.000Z</time>
      </trkpt>
      <trkpt lat="40.072093377142295" lon="116.3482526223087">
        <ele>43.9</ele>
        <time>2026-08-01T15:40:35.000Z</time>
      </trkpt>
      <trkpt lat="40.07204198415069" lon="116.348255697317">
        <ele>43.9</ele>
        <time>2026-08-01T15:40:36.000Z</time>
      </trkpt>
      <trkpt lat="40.07198988932542" lon="116.3482581894958">
        <ele>43.8</ele>
        <time>2026-08-01T15:40:37.000Z</time>
      </trkpt>
      <trkpt lat="40.07193666971206" lon="116.34826018101018">
        <ele>43.8</ele>
        <time>2026-08-01T15:40:38.000Z</time>
      </trkpt>
      <trkpt lat="40.07188250606113" lon="116.34826180064964">
        <ele>43.8</ele>
        <time>2026-08-01T15:40:39.000Z</time>
      </trkpt>
      <trkpt lat="40.07182792250307" lon="116.34826316660283">
        <ele>43.8</ele>
        <time>2026-08-01T15:40:40.000Z</time>
      </trkpt>
      <trkpt lat="40.07177317500372" lon="116.34826474332216">
        <ele>43.8</ele>
        <time>2026-08-01T15:40:41.000Z</time>
      </trkpt>
      <trkpt lat="40.071718104330316" lon="116.34826692800571">
        <ele>43.8</ele>
        <time>2026-08-01T15:40:42.000Z</time>
      </trkpt>
      <trkpt lat="40.07166282149118" lon="116.34826961430436">
        <ele>43.8</ele>
        <time>2026-08-01T15:40:43.000Z</time>
      </trkpt>
      <trkpt lat="40.07160765950892" lon="116.34827259472523">
        <ele>43.8</ele>
        <time>2026-08-01T15:40:44.000Z</time>
      </trkpt>
      <trkpt lat="40.07155292092941" lon="116.34827604415395">
        <ele>43.8</ele>
        <time>2026-08-01T15:40:45.000Z</time>
      </trkpt>
      <trkpt lat="40.07149871310196" lon="116.34828033492369">
        <ele>43.8</ele>
        <time>2026-08-01T15:40:46.000Z</time>
      </trkpt>
      <trkpt lat="40.07144524777042" lon="116.34828567342512">
        <ele>43.8</ele>
        <time>2026-08-01T15:40:47.000Z</time>
      </trkpt>
      <trkpt lat="40.071392779441084" lon="116.34829196525499">
        <ele>43.8</ele>
        <time>2026-08-01T15:40:48.000Z</time>
      </trkpt>
      <trkpt lat="40.071341427730104" lon="116.34829935891138">
        <ele>43.8</ele>
        <time>2026-08-01T15:40:49.000Z</time>
      </trkpt>
      <trkpt lat="40.07129117711076" lon="116.34830845989136">
        <ele>43.8</ele>
        <time>2026-08-01T15:40:50.000Z</time>
      </trkpt>
      <trkpt lat="40.07124249513581" lon="116.34832040907801">
        <ele>43.8</ele>
        <time>2026-08-01T15:40:51.000Z</time>
      </trkpt>
      <trkpt lat="40.071196093247735" lon="116.34833629498019">
        <ele>43.7</ele>
        <time>2026-08-01T15:40:52.000Z</time>
      </trkpt>
      <trkpt lat="40.0711524844402" lon="116.34835676858613">
        <ele>43.7</ele>
        <time>2026-08-01T15:40:53.000Z</time>
      </trkpt>
      <trkpt lat="40.07111221475007" lon="116.34838210056388">
        <ele>43.7</ele>
        <time>2026-08-01T15:40:54.000Z</time>
      </trkpt>
      <trkpt lat="40.07107540946874" lon="116.34841175337434">
        <ele>43.7</ele>
        <time>2026-08-01T15:40:55.000Z</time>
      </trkpt>
      <trkpt lat="40.07104241932512" lon="116.34844464254512">
        <ele>43.6</ele>
        <time>2026-08-01T15:40:56.000Z</time>
      </trkpt>
      <trkpt lat="40.071014279732495" lon="116.3484797449543">
        <ele>43.6</ele>
        <time>2026-08-01T15:40:57.000Z</time>
      </trkpt>
      <trkpt lat="40.070992567236054" lon="116.3485163233425">
        <ele>43.6</ele>
        <time>2026-08-01T15:40:58.000Z</time>
      </trkpt>
      <trkpt lat="40.07097851595819" lon="116.34855303850351">
        <ele>43.5</ele>
        <time>2026-08-01T15:40:59.000Z</time>
      </trkpt>
      <trkpt lat="40.07097178647228" lon="116.348587607901">
        <ele>43.5</ele>
        <time>2026-08-01T15:41:00.000Z</time>
      </trkpt>
      <trkpt lat="40.070970542548174" lon="116.34861731834484">
        <ele>43.5</ele>
        <time>2026-08-01T15:41:01.000Z</time>
      </trkpt>
      <trkpt lat="40.070972891812325" lon="116.3486404242262">
        <ele>43.4</ele>
        <time>2026-08-01T15:41:02.000Z</time>
      </trkpt>
      <trkpt lat="40.070977317802146" lon="116.34865674213134">
        <ele>43.4</ele>
        <time>2026-08-01T15:41:03.000Z</time>
      </trkpt>
      <trkpt lat="40.07098211596712" lon="116.34866707719382">
        <ele>43.3</ele>
        <time>2026-08-01T15:41:04.000Z</time>
      </trkpt>
      <trkpt lat="40.070986270662644" lon="116.34867311887734">
        <ele>43.3</ele>
        <time>2026-08-01T15:41:05.000Z</time>
      </trkpt>
      <trkpt lat="40.07098984279034" lon="116.3486764707822">
        <ele>43.2</ele>
        <time>2026-08-01T15:41:06.000Z</time>
      </trkpt>
      <trkpt lat="40.070993099682006" lon="116.34867820222759">
        <ele>43.2</ele>
        <time>2026-08-01T15:41:07.000Z</time>
      </trkpt>
      <trkpt lat="40.070996304529665" lon="116.34867911072295">
        <ele>43.2</ele>
        <time>2026-08-01T15:41:08.000Z</time>
      </trkpt>
      <trkpt lat="40.070999746717305" lon="116.34867983304215">
        <ele>43.1</ele>
        <time>2026-08-01T15:41:09.000Z</time>
      </trkpt>
      <trkpt lat="40.07100341955704" lon="116.34868076994248">
        <ele>43.1</ele>
        <time>2026-08-01T15:41:10.000Z</time>
      </trkpt>
      <trkpt lat="40.07100646543156" lon="116.34868136986753">
        <ele>43.1</ele>
        <time>2026-08-01T15:41:11.000Z</time>
      </trkpt>
      <trkpt lat="40.07100847667418" lon="116.34868118942522">
        <ele>43.1</ele>
        <time>2026-08-01T15:41:12.000Z</time>
      </trkpt>
      <trkpt lat="40.07100985021177" lon="116.34868058544812">
        <ele>43.1</ele>
        <time>2026-08-01T15:41:13.000Z</time>
      </trkpt>
      <trkpt lat="40.07101078455983" lon="116.34867980139241">
        <ele>43.1</ele>
        <time>2026-08-01T15:41:14.000Z</time>
      </trkpt>
      <trkpt lat="40.0710114868131" lon="116.34867895443423">
        <ele>43.1</ele>
        <time>2026-08-01T15:41:15.000Z</time>
      </trkpt>
      <trkpt lat="40.07101217937079" lon="116.34867804718425">
        <ele>43.1</ele>
        <time>2026-08-01T15:41:16.000Z</time>
        <extensions>
          <gpxtpx:TrackPointExtension>
            <gpxtpx:hr>109</gpxtpx:hr>
          </gpxtpx:TrackPointExtension>
        </extensions>
      </trkpt>
      <trkpt lat="40.07101301750594" lon="116.3486771153037">
        <ele>43.2</ele>
        <time>2026-08-01T15:41:17.000Z</time>
        <extensions>
          <gpxtpx:TrackPointExtension>
            <gpxtpx:hr>109</gpxtpx:hr>
          </gpxtpx:TrackPointExtension>
        </extensions>
      </trkpt>
      <trkpt lat="40.07101412900819" lon="116.34867624297793">
        <ele>43.2</ele>
        <time>2026-08-01T15:41:18.000Z</time>
        <extensions>
          <gpxtpx:TrackPointExtension>
            <gpxtpx:hr>109</gpxtpx:hr>
          </gpxtpx:TrackPointExtension>
        </extensions>
      </trkpt>
      <trkpt lat="40.07101569711299" lon="116.34867550411794">
        <ele>43.2</ele>
        <time>2026-08-01T15:41:19.000Z</time>
        <extensions>
          <gpxtpx:TrackPointExtension>
            <gpxtpx:hr>109</gpxtpx:hr>
          </gpxtpx:TrackPointExtension>
        </extensions>
      </trkpt>
      <trkpt lat="40.07101792645609" lon="116.3486749394646">
        <ele>43.2</ele>
        <time>2026-08-01T15:41:20.000Z</time>
        <extensions>
          <gpxtpx:TrackPointExtension>
            <gpxtpx:hr>109</gpxtpx:hr>
          </gpxtpx:TrackPointExtension>
        </extensions>
      </trkpt>
      <trkpt lat="40.07102107080646" lon="116.34867459330198">
        <ele>43.2</ele>
        <time>2026-08-01T15:41:21.000Z</time>
        <extensions>
          <gpxtpx:TrackPointExtension>
            <gpxtpx:hr>109</gpxtpx:hr>
          </gpxtpx:TrackPointExtension>
        </extensions>
      </trkpt>
      <trkpt lat="40.07102539167825" lon="116.34867444916311">
        <ele>43.2</ele>
        <time>2026-08-01T15:41:22.000Z</time>
        <extensions>
          <gpxtpx:TrackPointExtension>
            <gpxtpx:hr>109</gpxtpx:hr>
          </gpxtpx:TrackPointExtension>
        </extensions>
      </trkpt>
      <trkpt lat="40.07103126345149" lon="116.34867443643995">
        <ele>43.2</ele>
        <time>2026-08-01T15:41:23.000Z</time>
        <extensions>
          <gpxtpx:TrackPointExtension>
            <gpxtpx:hr>109</gpxtpx:hr>
          </gpxtpx:TrackPointExtension>
        </extensions>
      </trkpt>
      <trkpt lat="40.071038491077275" lon="116.34867452626192">
        <ele>43.2</ele>
        <time>2026-08-01T15:41:24.000Z</time>
        <extensions>
          <gpxtpx:TrackPointExtension>
            <gpxtpx:hr>109</gpxtpx:hr>
          </gpxtpx:TrackPointExtension>
        </extensions>
      </trkpt>
      <trkpt lat="40.07104629491484" lon="116.3486750383926">
        <ele>43.2</ele>
        <time>2026-08-01T15:41:25.000Z</time>
        <extensions>
          <gpxtpx:TrackPointExtension>
            <gpxtpx:hr>109</gpxtpx:hr>
          </gpxtpx:TrackPointExtension>
        </extensions>
      </trkpt>
      <trkpt lat="40.071054329183504" lon="116.34867654899394">
        <ele>43.2</ele>
        <time>2026-08-01T15:41:26.000Z</time>
        <extensions>
          <gpxtpx:TrackPointExtension>
            <gpxtpx:hr>109</gpxtpx:hr>
          </gpxtpx:TrackPointExtension>
        </extensions>
      </trkpt>
      <trkpt lat="40.07106252956404" lon="116.34867897715024">
        <ele>43.1</ele>
        <time>2026-08-01T15:41:27.000Z</time>
        <extensions>
          <gpxtpx:TrackPointExtension>
            <gpxtpx:hr>109</gpxtpx:hr>
          </gpxtpx:TrackPointExtension>
        </extensions>
      </trkpt>
      <trkpt lat="40.07107037775894" lon="116.34868139970149">
        <ele>43.1</ele>
        <time>2026-08-01T15:41:28.000Z</time>
        <extensions>
          <gpxtpx:TrackPointExtension>
            <gpxtpx:hr>109</gpxtpx:hr>
          </gpxtpx:TrackPointExtension>
        </extensions>
      </trkpt>
      <trkpt lat="40.07107738777085" lon="116.34868321726877">
        <ele>43.1</ele>
        <time>2026-08-01T15:41:29.000Z</time>
        <extensions>
          <gpxtpx:TrackPointExtension>
            <gpxtpx:hr>109</gpxtpx:hr>
          </gpxtpx:TrackPointExtension>
        </extensions>
      </trkpt>
      <trkpt lat="40.07108317458792" lon="116.34868446556717">
        <ele>43.1</ele>
        <time>2026-08-01T15:41:30.000Z</time>
        <extensions>
          <gpxtpx:TrackPointExtension>
            <gpxtpx:hr>109</gpxtpx:hr>
          </gpxtpx:TrackPointExtension>
        </extensions>
      </trkpt>
      <trkpt lat="40.07108756593188" lon="116.34868529251843">
        <ele>43.1</ele>
        <time>2026-08-01T15:41:31.000Z</time>
        <extensions>
          <gpxtpx:TrackPointExtension>
            <gpxtpx:hr>109</gpxtpx:hr>
          </gpxtpx:TrackPointExtension>
        </extensions>
      </trkpt>
      <trkpt lat="40.071090956713654" lon="116.34868586921738">
        <ele>43.1</ele>
        <time>2026-08-01T15:41:32.000Z</time>
        <extensions>
          <gpxtpx:TrackPointExtension>
            <gpxtpx:hr>109</gpxtpx:hr>
          </gpxtpx:TrackPointExtension>
        </extensions>
      </trkpt>
      <trkpt lat="40.07109366085265" lon="116.34868629115206">
        <ele>43.0</ele>
        <time>2026-08-01T15:41:33.000Z</time>
        <extensions>
          <gpxtpx:TrackPointExtension>
            <gpxtpx:hr>109</gpxtpx:hr>
          </gpxtpx:TrackPointExtension>
        </extensions>
      </trkpt>
      <trkpt lat="40.0710959736798" lon="116.34868662177995">
        <ele>43.0</ele>
        <time>2026-08-01T15:41:34.000Z</time>
        <extensions>
          <gpxtpx:TrackPointExtension>
            <gpxtpx:hr>116</gpxtpx:hr>
          </gpxtpx:TrackPointExtension>
        </extensions>
      </trkpt>
      <trkpt lat="40.07109806524665" lon="116.34868690301465">
        <ele>43.0</ele>
        <time>2026-08-01T15:41:35.000Z</time>
        <extensions>
          <gpxtpx:TrackPointExtension>
            <gpxtpx:hr>116</gpxtpx:hr>
          </gpxtpx:TrackPointExtension>
        </extensions>
      </trkpt>    </trkseg>
  </trk>
</gpx>