<?xml version="1.0" encoding="UTF-8"?>
<gpx version="1.1" creator="HealthSync iOS"
     xmlns="http://www.topografix.com/GPX/1/1"
     xmlns:gpxtpx="http://www.garmin.com/xmlschemas/TrackPointExtension/v1"
     xmlns:xsi="http://www.w3.org/2001/XMLSchema-instance"
     xsi:schemaLocation="http://www.topografix.com/GPX/1/1 http://www.topografix.com/GPX/1/1/gpx.xsd http://www.garmin.com/xmlschemas/TrackPointExtension/v1 http://www.garmin.com/xmlschemas/TrackPointExtensionv1.xsd">
  <trk>
    <name>Activity 2026/8/17, 19:26</name>
    <type>running</type>
    <trkseg>
      <trkpt lat="40.06985134848136" lon="116.34821477398765">
        <ele>42.7</ele>
        <time>2026-08-17T11:26:25.000Z</time>
        <extensions>
          <gpxtpx:TrackPointExtension>
            <gpxtpx:hr>138</gpxtpx:hr>
          </gpxtpx:TrackPointExtension>
        </extensions>
      </trkpt>
      <trkpt lat="40.06985098559651" lon="116.34821096362296">
        <ele>42.8</ele>
        <time>2026-08-17T11:26:26.000Z</time>
        <extensions>
          <gpxtpx:TrackPointExtension>
            <gpxtpx:hr>138</gpxtpx:hr>
          </gpxtpx:TrackPointExtension>
        </extensions>
      </trkpt>
      <trkpt lat="40.06985055986007" lon="116.34820627785757">
        <ele>42.8</ele>
        <time>2026-08-17T11:26:27.000Z</time>
        <extensions>
          <gpxtpx:TrackPointExtension>
            <gpxtpx:hr>138</gpxtpx:hr>
          </gpxtpx:TrackPointExtension>
        </extensions>
      </trkpt>
      <trkpt lat="40.06985005235409" lon="116.34820019263645">
        <ele>42.9</ele>
        <time>2026-08-17T11:26:28.000Z</time>
        <extensions>
          <gpxtpx:TrackPointExtension>
            <gpxtpx:hr>138</gpxtpx:hr>
          </gpxtpx:TrackPointExtension>
        </extensions>
      </trkpt>
      <trkpt lat="40.06984945726661" lon="116.34819211296431">
        <ele>42.9</ele>
        <time>2026-08-17T11:26:29.000Z</time>
        <extensions>
          <gpxtpx:TrackPointExtension>
            <gpxtpx:hr>138</gpxtpx:hr>
          </gpxtpx:TrackPointExtension>
        </extensions>
      </trkpt>
      <trkpt lat="40.06984877977876" lon="116.34818126231235">
        <ele>42.9</ele>
        <time>2026-08-17T11:26:30.000Z</time>
        <extensions>
          <gpxtpx:TrackPointExtension>
            <gpxtpx:hr>138</gpxtpx:hr>
          </gpxtpx:TrackPointExtension>
        </extensions>
      </trkpt>
      <trkpt lat="40.06984804069589" lon="116.34816663940639">
        <ele>43.0</ele>
        <time>2026-08-17T11:26:31.000Z</time>
        <extensions>
          <gpxtpx:TrackPointExtension>
            <gpxtpx:hr>138</gpxtpx:hr>
          </gpxtpx:TrackPointExtension>
        </extensions>
      </trkpt>
      <trkpt lat="40.06984728502968" lon="116.34814706682872">
        <ele>43.0</ele>
        <time>2026-08-17T11:26:32.000Z</time>
        <extensions>
          <gpxtpx:TrackPointExtension>
            <gpxtpx:hr>138</gpxtpx:hr>
          </gpxtpx:TrackPointExtension>
        </extensions>
      </trkpt>
      <trkpt lat="40.06984649697361" lon="116.34812247140677">
        <ele>43.1</ele>
        <time>2026-08-17T11:26:33.000Z</time>
        <extensions>
          <gpxtpx:TrackPointExtension>
            <gpxtpx:hr>138</gpxtpx:hr>
          </gpxtpx:TrackPointExtension>
        </extensions>
      </trkpt>
      <trkpt lat="40.06984565932581" lon="116.34809286966477">
        <ele>43.1</ele>
        <time>2026-08-17T11:26:34.000Z</time>
        <extensions>
          <gpxtpx:TrackPointExtension>
            <gpxtpx:hr>138</gpxtpx:hr>
          </gpxtpx:TrackPointExtension>
        </extensions>
      </trkpt>
      <trkpt lat="40.069844864873346" lon="116.34805859537039">
        <ele>43.2</ele>
        <time>2026-08-17T11:26:35.000Z</time>
        <extensions>
          <gpxtpx:TrackPointExtension>
            <gpxtpx:hr>138</gpxtpx:hr>
          </gpxtpx:TrackPointExtension>
        </extensions>
      </trkpt>
      <trkpt lat="40.069844248965964" lon="116.34802113260511">
        <ele>43.2</ele>
        <time>2026-08-17T11:26:36.000Z</time>
        <extensions>
          <gpxtpx:TrackPointExtension>
            <gpxtpx:hr>138</gpxtpx:hr>
          </gpxtpx:TrackPointExtension>
        </extensions>
      </trkpt>
      <trkpt lat="40.06984387963454" lon="116.3479819160109">
        <ele>43.2</ele>
        <time>2026-08-17T11:26:37.000Z</time>
      </trkpt>
      <trkpt lat="40.069843684482414" lon="116.34794229031958">
        <ele>43.3</ele>
        <time>2026-08-17T11:26:38.000Z</time>
      </trkpt>
      <trkpt lat="40.06984358027909" lon="116.34790302476956">
        <ele>43.3</ele>
        <time>2026-08-17T11:26:39.000Z</time>
      </trkpt>
      <trkpt lat="40.0698435144428" lon="116.34786470346245">
        <ele>43.3</ele>
        <time>2026-08-17T11:26:40.000Z</time>
      </trkpt>
      <trkpt lat="40.0698435012001" lon="116.34782774890442">
        <ele>43.3</ele>
        <time>2026-08-17T11:26:41.000Z</time>
      </trkpt>
      <trkpt lat="40.069843660993314" lon="116.34779192744543">
        <ele>43.3</ele>
        <time>2026-08-17T11:26:42.000Z</time>
      </trkpt>
      <trkpt lat="40.06984410259704" lon="116.34775663678494">
        <ele>43.3</ele>
        <time>2026-08-17T11:26:43.000Z</time>
      </trkpt>
      <trkpt lat="40.06984493167566" lon="116.34772174835226">
        <ele>43.3</ele>
        <time>2026-08-17T11:26:44.000Z</time>
      </trkpt>
      <trkpt lat="40.0698461392438" lon="116.34768729198119">
        <ele>43.3</ele>
        <time>2026-08-17T11:26:45.000Z</time>
      </trkpt>
      <trkpt lat="40.06984751864508" lon="116.34765325262188">
        <ele>43.4</ele>
        <time>2026-08-17T11:26:46.000Z</time>
      </trkpt>
      <trkpt lat="40.06984884761652" lon="116.34761981733254">
        <ele>43.4</ele>
        <time>2026-08-17T11:26:47.000Z</time>
      </trkpt>
      <trkpt lat="40.06985004485224" lon="116.34758665686635">
        <ele>43.4</ele>
        <time>2026-08-17T11:26:48.000Z</time>
      </trkpt>
      <trkpt lat="40.06985115049512" lon="116.34755309566705">
        <ele>43.4</ele>
        <time>2026-08-17T11:26:49.000Z</time>
      </trkpt>
      <trkpt lat="40.069852224459" lon="116.34751882039474">
        <ele>43.4</ele>
        <time>2026-08-17T11:26:50.000Z</time>
      </trkpt>
      <trkpt lat="40.06985330444706" lon="116.34748401727468">
        <ele>43.4</ele>
        <time>2026-08-17T11:26:51.000Z</time>
      </trkpt>
      <trkpt lat="40.06985442055263" lon="116.3474490228013">
        <ele>43.4</ele>
        <time>2026-08-17T11:26:52.000Z</time>
      </trkpt>
      <trkpt lat="40.069855629972814" lon="116.34741400134328">
        <ele>43.4</ele>
        <time>2026-08-17T11:26:53.000Z</time>
      </trkpt>
      <trkpt lat="40.06985703574499" lon="116.34737926262306">
        <ele>43.4</ele>
        <time>2026-08-17T11:26:54.000Z</time>
      </trkpt>
      <trkpt lat="40.06985857687408" lon="116.34734463088793">
        <ele>43.4</ele>
        <time>2026-08-17T11:26:55.000Z</time>
      </trkpt>
      <trkpt lat="40.06986002866667" lon="116.34730976563799">
        <ele>43.4</ele>
        <time>2026-08-17T11:26:56.000Z</time>
      </trkpt>
      <trkpt lat="40.069861299318504" lon="116.34727500264376">
        <ele>43.4</ele>
        <time>2026-08-17T11:26:57.000Z</time>
      </trkpt>
      <trkpt lat="40.0698624056476" lon="116.34724061329129">
        <ele>43.4</ele>
        <time>2026-08-17T11:26:58.000Z</time>
      </trkpt>
      <trkpt lat="40.06986339479018" lon="116.34720631006024">
        <ele>43.4</ele>
        <time>2026-08-17T11:26:59.000Z</time>
      </trkpt>
      <trkpt lat="40.06986431458764" lon="116.34717188759826">
        <ele>43.4</ele>
        <time>2026-08-17T11:27:00.000Z</time>
      </trkpt>
      <trkpt lat="40.069865186958495" lon="116.34713735297011">
        <ele>43.5</ele>
        <time>2026-08-17T11:27:01.000Z</time>
      </trkpt>
      <trkpt lat="40.06986602226796" lon="116.34710282597983">
        <ele>43.5</ele>
        <time>2026-08-17T11:27:02.000Z</time>
      </trkpt>
      <trkpt lat="40.06986671793699" lon="116.34706869397804">
        <ele>43.5</ele>
        <time>2026-08-17T11:27:03.000Z</time>
      </trkpt>
      <trkpt lat="40.06986709752079" lon="116.34703517393028">
        <ele>43.5</ele>
        <time>2026-08-17T11:27:04.000Z</time>
      </trkpt>
      <trkpt lat="40.069867071971345" lon="116.34700195258813">
        <ele>43.5</ele>
        <time>2026-08-17T11:27:05.000Z</time>
      </trkpt>
      <trkpt lat="40.06986665475491" lon="116.34696838100596">
        <ele>43.5</ele>
        <time>2026-08-17T11:27:06.000Z</time>
      </trkpt>
      <trkpt lat="40.06986591476769" lon="116.34693430172551">
        <ele>43.5</ele>
        <time>2026-08-17T11:27:06.999Z</time>
      </trkpt>
      <trkpt lat="40.06986492000367" lon="116.34690017429185">
        <ele>43.5</ele>
        <time>2026-08-17T11:27:07.999Z</time>
      </trkpt>
      <trkpt lat="40.06986373607405" lon="116.34686628565217">
        <ele>43.5</ele>
        <time>2026-08-17T11:27:08.999Z</time>
      </trkpt>
      <trkpt lat="40.06986245944117" lon="116.34683249039317">
        <ele>43.5</ele>
        <time>2026-08-17T11:27:09.999Z</time>
      </trkpt>
      <trkpt lat="40.06986124043239" lon="116.34679890868172">
        <ele>43.5</ele>
        <time>2026-08-17T11:27:10.999Z</time>
      </trkpt>
      <trkpt lat="40.06986028959557" lon="116.34676619468534">
        <ele>43.6</ele>
        <time>2026-08-17T11:27:11.999Z</time>
      </trkpt>
      <trkpt lat="40.0698597163562" lon="116.3467347128847">
        <ele>43.6</ele>
        <time>2026-08-17T11:27:12.999Z</time>
      </trkpt>
      <trkpt lat="40.069859443981784" lon="116.3467041099471">
        <ele>43.6</ele>
        <time>2026-08-17T11:27:13.999Z</time>
      </trkpt>
      <trkpt lat="40.069859422940695" lon="116.34667420230126">
        <ele>43.6</ele>
        <time>2026-08-17T11:27:14.999Z</time>
      </trkpt>
      <trkpt lat="40.06985962652368" lon="116.34664531195787">
        <ele>43.6</ele>
        <time>2026-08-17T11:27:15.999Z</time>
      </trkpt>
      <trkpt lat="40.06985989348962" lon="116.34661711500323">
        <ele>43.6</ele>
        <time>2026-08-17T11:27:16.999Z</time>
      </trkpt>
      <trkpt lat="40.06986011409647" lon="116.3465889392414">
        <ele>43.6</ele>
        <time>2026-08-17T11:27:17.999Z</time>
      </trkpt>
      <trkpt lat="40.06986043780463" lon="116.34656082683091">
        <ele>43.6</ele>
        <time>2026-08-17T11:27:18.999Z</time>
      </trkpt>
      <trkpt lat="40.069861072055254" lon="116.34653322970469">
        <ele>43.6</ele>
        <time>2026-08-17T11:27:19.999Z</time>
      </trkpt>
      <trkpt lat="40.06986202298556" lon="116.34650631744576">
        <ele>43.6</ele>
        <time>2026-08-17T11:27:20.999Z</time>
      </trkpt>
      <trkpt lat="40.06986311534372" lon="116.34647992127859">
        <ele>43.6</ele>
        <time>2026-08-17T11:27:21.999Z</time>
      </trkpt>
      <trkpt lat="40.06986409603277" lon="116.34645340111744">
        <ele>43.6</ele>
        <time>2026-08-17T11:27:22.999Z</time>
      </trkpt>
      <trkpt lat="40.06986480271618" lon="116.34642579933117">
        <ele>43.6</ele>
        <time>2026-08-17T11:27:23.999Z</time>
      </trkpt>
      <trkpt lat="40.06986525234118" lon="116.3463965642545">
        <ele>43.6</ele>
        <time>2026-08-17T11:27:24.999Z</time>
      </trkpt>
      <trkpt lat="40.069865574738365" lon="116.34636572606748">
        <ele>43.6</ele>
        <time>2026-08-17T11:27:25.999Z</time>
      </trkpt>
      <trkpt lat="40.06986588671451" lon="116.34633379210996">
        <ele>43.6</ele>
        <time>2026-08-17T11:27:26.999Z</time>
      </trkpt>
      <trkpt lat="40.06986621489475" lon="116.34630130711388">
        <ele>43.6</ele>
        <time>2026-08-17T11:27:27.999Z</time>
      </trkpt>
      <trkpt lat="40.069866540423895" lon="116.34626847833562">
        <ele>43.6</ele>
        <time>2026-08-17T11:27:28.999Z</time>
      </trkpt>
      <trkpt lat="40.06986691249656" lon="116.34623575240376">
        <ele>43.6</ele>
        <time>2026-08-17T11:27:29.999Z</time>
      </trkpt>
      <trkpt lat="40.06986731079275" lon="116.34620396819142">
        <ele>43.7</ele>
        <time>2026-08-17T11:27:30.999Z</time>
      </trkpt>
      <trkpt lat="40.06986765100821" lon="116.34617348290627">
        <ele>43.7</ele>
        <time>2026-08-17T11:27:31.999Z</time>
      </trkpt>
      <trkpt lat="40.069867867907355" lon="116.34614421461252">
        <ele>43.7</ele>
        <time>2026-08-17T11:27:32.999Z</time>
      </trkpt>
      <trkpt lat="40.06986791779335" lon="116.34611600725266">
        <ele>43.7</ele>
        <time>2026-08-17T11:27:33.999Z</time>
      </trkpt>
      <trkpt lat="40.069867826788645" lon="116.3460885137213">
        <ele>43.7</ele>
        <time>2026-08-17T11:27:34.999Z</time>
      </trkpt>
      <trkpt lat="40.069867639769846" lon="116.34606121934686">
        <ele>43.7</ele>
        <time>2026-08-17T11:27:35.999Z</time>
      </trkpt>
      <trkpt lat="40.06986744204906" lon="116.34603384905729">
        <ele>43.7</ele>
        <time>2026-08-17T11:27:36.999Z</time>
      </trkpt>
      <trkpt lat="40.069867288306554" lon="116.34600632520566">
        <ele>43.7</ele>
        <time>2026-08-17T11:27:37.999Z</time>
      </trkpt>
      <trkpt lat="40.06986714039619" lon="116.34597806555827">
        <ele>43.7</ele>
        <time>2026-08-17T11:27:38.999Z</time>
      </trkpt>
      <trkpt lat="40.069866946165966" lon="116.34594858952403">
        <ele>43.7</ele>
        <time>2026-08-17T11:27:39.999Z</time>
      </trkpt>
      <trkpt lat="40.069866693684816" lon="116.34591773914872">
        <ele>43.7</ele>
        <time>2026-08-17T11:27:40.999Z</time>
      </trkpt>
      <trkpt lat="40.06986634648839" lon="116.34588550158385">
        <ele>43.7</ele>
        <time>2026-08-17T11:27:41.999Z</time>
      </trkpt>
      <trkpt lat="40.06986592970833" lon="116.34585243153597">
        <ele>43.7</ele>
        <time>2026-08-17T11:27:42.999Z</time>
      </trkpt>
      <trkpt lat="40.069865495980096" lon="116.34581926476591">
        <ele>43.7</ele>
        <time>2026-08-17T11:27:43.999Z</time>
      </trkpt>
      <trkpt lat="40.06986500609732" lon="116.34578647745779">
        <ele>43.8</ele>
        <time>2026-08-17T11:27:44.999Z</time>
      </trkpt>
      <trkpt lat="40.06986442471969" lon="116.34575439951702">
        <ele>43.8</ele>
        <time>2026-08-17T11:27:45.999Z</time>
      </trkpt>
      <trkpt lat="40.06986376712934" lon="116.34572300382641">
        <ele>43.8</ele>
        <time>2026-08-17T11:27:46.999Z</time>
      </trkpt>
      <trkpt lat="40.06986308389975" lon="116.34569192425711">
        <ele>43.8</ele>
        <time>2026-08-17T11:27:47.999Z</time>
      </trkpt>
      <trkpt lat="40.06986241996335" lon="116.34566076392105">
        <ele>43.8</ele>
        <time>2026-08-17T11:27:48.999Z</time>
      </trkpt>
      <trkpt lat="40.06986182495492" lon="116.34562930957858">
        <ele>43.8</ele>
        <time>2026-08-17T11:27:49.999Z</time>
      </trkpt>
      <trkpt lat="40.069861341622754" lon="116.34559767254774">
        <ele>43.8</ele>
        <time>2026-08-17T11:27:50.999Z</time>
      </trkpt>
      <trkpt lat="40.069860938448684" lon="116.34556583515794">
        <ele>43.8</ele>
        <time>2026-08-17T11:27:51.999Z</time>
      </trkpt>
      <trkpt lat="40.06986065128955" lon="116.34553400319491">
        <ele>43.8</ele>
        <time>2026-08-17T11:27:52.999Z</time>
      </trkpt>
      <trkpt lat="40.06986056974008" lon="116.34550258705652">
        <ele>43.8</ele>
        <time>2026-08-17T11:27:53.999Z</time>
      </trkpt>
      <trkpt lat="40.069860706316526" lon="116.34547163056811">
        <ele>43.8</ele>
        <time>2026-08-17T11:27:54.999Z</time>
      </trkpt>
      <trkpt lat="40.069861039474006" lon="116.345440850983">
        <ele>43.9</ele>
        <time>2026-08-17T11:27:55.999Z</time>
      </trkpt>
      <trkpt lat="40.069861519173465" lon="116.34540987075293">
        <ele>43.9</ele>
        <time>2026-08-17T11:27:56.999Z</time>
      </trkpt>
      <trkpt lat="40.06986211177712" lon="116.34537865266978">
        <ele>43.9</ele>
        <time>2026-08-17T11:27:57.999Z</time>
      </trkpt>
      <trkpt lat="40.06986288016415" lon="116.34534752351962">
        <ele>43.9</ele>
        <time>2026-08-17T11:27:58.999Z</time>
      </trkpt>
      <trkpt lat="40.069863885469616" lon="116.3453169087363">
        <ele>43.9</ele>
        <time>2026-08-17T11:27:59.999Z</time>
      </trkpt>
      <trkpt lat="40.06986525012477" lon="116.34528720871343">
        <ele>43.9</ele>
        <time>2026-08-17T11:28:00.999Z</time>
      </trkpt>
      <trkpt lat="40.06986707994062" lon="116.3452585248406">
        <ele>43.9</ele>
        <time>2026-08-17T11:28:01.999Z</time>
      </trkpt>
      <trkpt lat="40.06986936624656" lon="116.34523070895509">
        <ele>43.9</ele>
        <time>2026-08-17T11:28:02.999Z</time>
      </trkpt>
      <trkpt lat="40.069872242046536" lon="116.34520346975427">
        <ele>43.9</ele>
        <time>2026-08-17T11:28:03.999Z</time>
      </trkpt>
      <trkpt lat="40.06987571314602" lon="116.34517648500153">
        <ele>43.9</ele>
        <time>2026-08-17T11:28:04.999Z</time>
      </trkpt>
      <trkpt lat="40.06987956034274" lon="116.34514960108444">
        <ele>43.9</ele>
        <time>2026-08-17T11:28:05.999Z</time>
      </trkpt>
      <trkpt lat="40.06988359848364" lon="116.34512287753927">
        <ele>43.9</ele>
        <time>2026-08-17T11:28:06.999Z</time>
      </trkpt>
      <trkpt lat="40.06988767157652" lon="116.34509636577067">
        <ele>44.0</ele>
        <time>2026-08-17T11:28:07.999Z</time>
      </trkpt>
      <trkpt lat="40.069891688612884" lon="116.34506984122713">
        <ele>44.0</ele>
        <time>2026-08-17T11:28:08.999Z</time>
      </trkpt>
      <trkpt lat="40.06989553298219" lon="116.3450427390329">
        <ele>44.0</ele>
        <time>2026-08-17T11:28:09.999Z</time>
      </trkpt>
      <trkpt lat="40.06989907322359" lon="116.3450147397673">
        <ele>44.0</ele>
        <time>2026-08-17T11:28:10.999Z</time>
      </trkpt>
      <trkpt lat="40.069902203338955" lon="116.34498591418478">
        <ele>44.0</ele>
        <time>2026-08-17T11:28:11.999Z</time>
      </trkpt>
      <trkpt lat="40.06990484482984" lon="116.34495635970454">
        <ele>44.0</ele>
        <time>2026-08-17T11:28:13.000Z</time>
      </trkpt>
      <trkpt lat="40.06990694712229" lon="116.34492634293532">
        <ele>44.0</ele>
        <time>2026-08-17T11:28:14.000Z</time>
      </trkpt>
      <trkpt lat="40.06990856251105" lon="116.34489601379576">
        <ele>44.0</ele>
        <time>2026-08-17T11:28:15.000Z</time>
      </trkpt>
      <trkpt lat="40.06990975754287" lon="116.34486573007706">
        <ele>44.0</ele>
        <time>2026-08-17T11:28:16.000Z</time>
      </trkpt>
      <trkpt lat="40.06991051336182" lon="116.34483591956324">
        <ele>44.0</ele>
        <time>2026-08-17T11:28:17.000Z</time>
      </trkpt>
      <trkpt lat="40.06991083879783" lon="116.34480656873578">
        <ele>44.0</ele>
        <time>2026-08-17T11:28:18.000Z</time>
      </trkpt>
      <trkpt lat="40.06991086347797" lon="116.34477756987978">
        <ele>44.0</ele>
        <time>2026-08-17T11:28:19.000Z</time>
      </trkpt>
      <trkpt lat="40.06991074405744" lon="116.34474853203383">
        <ele>44.0</ele>
        <time>2026-08-17T11:28:20.000Z</time>
      </trkpt>
      <trkpt lat="40.06991057984085" lon="116.3447188280783">
        <ele>44.0</ele>
        <time>2026-08-17T11:28:21.000Z</time>
      </trkpt>
      <trkpt lat="40.069910459211634" lon="116.34468833053621">
        <ele>44.0</ele>
        <time>2026-08-17T11:28:22.000Z</time>
      </trkpt>
      <trkpt lat="40.06991041619175" lon="116.34465741860251">
        <ele>44.1</ele>
        <time>2026-08-17T11:28:23.000Z</time>
      </trkpt>
      <trkpt lat="40.069910489920275" lon="116.34462647487159">
        <ele>44.1</ele>
        <time>2026-08-17T11:28:24.000Z</time>
      </trkpt>
      <trkpt lat="40.06991066854001" lon="116.34459557693114">
        <ele>44.1</ele>
        <time>2026-08-17T11:28:25.000Z</time>
      </trkpt>
      <trkpt lat="40.069910853332225" lon="116.3445647768963">
        <ele>44.1</ele>
        <time>2026-08-17T11:28:26.000Z</time>
      </trkpt>
      <trkpt lat="40.069911000064806" lon="116.3445341466406">
        <ele>44.1</ele>
        <time>2026-08-17T11:28:27.000Z</time>
      </trkpt>
      <trkpt lat="40.06991124030023" lon="116.34450365089648">
        <ele>44.1</ele>
        <time>2026-08-17T11:28:28.000Z</time>
      </trkpt>
      <trkpt lat="40.06991178240504" lon="116.34447333889092">
        <ele>44.1</ele>
        <time>2026-08-17T11:28:29.000Z</time>
      </trkpt>
      <trkpt lat="40.069912748581" lon="116.3444430052142">
        <ele>44.2</ele>
        <time>2026-08-17T11:28:30.000Z</time>
      </trkpt>
      <trkpt lat="40.06991420851083" lon="116.34441248899424">
        <ele>44.2</ele>
        <time>2026-08-17T11:28:31.000Z</time>
      </trkpt>
      <trkpt lat="40.06991603331254" lon="116.34438220271498">
        <ele>44.2</ele>
        <time>2026-08-17T11:28:32.000Z</time>
      </trkpt>
      <trkpt lat="40.06991766528884" lon="116.34435232566241">
        <ele>44.2</ele>
        <time>2026-08-17T11:28:33.000Z</time>
      </trkpt>
      <trkpt lat="40.069918557335875" lon="116.34432255085615">
        <ele>44.2</ele>
        <time>2026-08-17T11:28:34.000Z</time>
      </trkpt>
      <trkpt lat="40.06991868109923" lon="116.34429226212191">
        <ele>44.2</ele>
        <time>2026-08-17T11:28:35.000Z</time>
      </trkpt>
      <trkpt lat="40.06991834737426" lon="116.34426138867049">
        <ele>44.1</ele>
        <time>2026-08-17T11:28:36.000Z</time>
      </trkpt>
      <trkpt lat="40.069917988705676" lon="116.34423066448126">
        <ele>44.1</ele>
        <time>2026-08-17T11:28:37.000Z</time>
      </trkpt>
      <trkpt lat="40.06991776555952" lon="116.34420050802166">
        <ele>44.1</ele>
        <time>2026-08-17T11:28:38.000Z</time>
      </trkpt>
      <trkpt lat="40.069917501829444" lon="116.34417088979716">
        <ele>44.1</ele>
        <time>2026-08-17T11:28:39.000Z</time>
      </trkpt>
      <trkpt lat="40.069917029794475" lon="116.34414194412504">
        <ele>44.1</ele>
        <time>2026-08-17T11:28:40.000Z</time>
      </trkpt>
      <trkpt lat="40.06991625037702" lon="116.34411411888394">
        <ele>44.1</ele>
        <time>2026-08-17T11:28:41.000Z</time>
      </trkpt>
      <trkpt lat="40.06991516440127" lon="116.34408756789078">
        <ele>44.1</ele>
        <time>2026-08-17T11:28:42.000Z</time>
      </trkpt>
      <trkpt lat="40.06991404510775" lon="116.34406169641844">
        <ele>44.1</ele>
        <time>2026-08-17T11:28:43.000Z</time>
      </trkpt>
      <trkpt lat="40.06991335444677" lon="116.34403564812335">
        <ele>44.1</ele>
        <time>2026-08-17T11:28:44.000Z</time>
      </trkpt>
      <trkpt lat="40.0699132375731" lon="116.34400869988227">
        <ele>44.1</ele>
        <time>2026-08-17T11:28:45.000Z</time>
      </trkpt>
      <trkpt lat="40.069913522665495" lon="116.34398047172905">
        <ele>44.1</ele>
        <time>2026-08-17T11:28:46.000Z</time>
      </trkpt>
      <trkpt lat="40.069914087102106" lon="116.34395123260238">
        <ele>44.1</ele>
        <time>2026-08-17T11:28:47.000Z</time>
      </trkpt>
      <trkpt lat="40.06991489849742" lon="116.34392133033244">
        <ele>44.1</ele>
        <time>2026-08-17T11:28:48.000Z</time>
      </trkpt>
      <trkpt lat="40.06991595168712" lon="116.34389079774662">
        <ele>44.1</ele>
        <time>2026-08-17T11:28:49.000Z</time>
      </trkpt>
      <trkpt lat="40.069917216143544" lon="116.34386000425488">
        <ele>44.1</ele>
        <time>2026-08-17T11:28:50.000Z</time>
      </trkpt>
      <trkpt lat="40.069918400342544" lon="116.34382948164752">
        <ele>44.1</ele>
        <time>2026-08-17T11:28:51.000Z</time>
      </trkpt>
      <trkpt lat="40.06991904531303" lon="116.34379918637788">
        <ele>44.1</ele>
        <time>2026-08-17T11:28:52.000Z</time>
      </trkpt>
      <trkpt lat="40.06991875374306" lon="116.34376876055953">
        <ele>44.1</ele>
        <time>2026-08-17T11:28:53.000Z</time>
      </trkpt>
      <trkpt lat="40.069917467564736" lon="116.34373798496549">
        <ele>44.1</ele>
        <time>2026-08-17T11:28:54.000Z</time>
      </trkpt>
      <trkpt lat="40.06991554951455" lon="116.34370662028229">
        <ele>44.1</ele>
        <time>2026-08-17T11:28:55.000Z</time>
      </trkpt>
      <trkpt lat="40.069913529835475" lon="116.34367453768222">
        <ele>44.1</ele>
        <time>2026-08-17T11:28:56.000Z</time>
      </trkpt>
      <trkpt lat="40.06991178590124" lon="116.34364216769076">
        <ele>44.1</ele>
        <time>2026-08-17T11:28:57.000Z</time>
      </trkpt>
      <trkpt lat="40.069910384547164" lon="116.3436100625259">
        <ele>44.1</ele>
        <time>2026-08-17T11:28:58.000Z</time>
      </trkpt>
      <trkpt lat="40.069909324156775" lon="116.34357882073833">
        <ele>44.1</ele>
        <time>2026-08-17T11:28:59.000Z</time>
      </trkpt>
      <trkpt lat="40.06990865772666" lon="116.3435490616432">
        <ele>44.1</ele>
        <time>2026-08-17T11:29:00.000Z</time>
      </trkpt>
      <trkpt lat="40.069908447321716" lon="116.34352071316574">
        <ele>44.1</ele>
        <time>2026-08-17T11:29:01.000Z</time>
      </trkpt>
      <trkpt lat="40.06990865688322" lon="116.34349302220114">
        <ele>44.1</ele>
        <time>2026-08-17T11:29:02.000Z</time>
      </trkpt>
      <trkpt lat="40.06990924362676" lon="116.34346511385134">
        <ele>44.2</ele>
        <time>2026-08-17T11:29:03.000Z</time>
      </trkpt>
      <trkpt lat="40.069910241195814" lon="116.34343671746008">
        <ele>44.2</ele>
        <time>2026-08-17T11:29:04.000Z</time>
      </trkpt>
      <trkpt lat="40.069911665360394" lon="116.34340832094128">
        <ele>44.2</ele>
        <time>2026-08-17T11:29:05.000Z</time>
      </trkpt>
      <trkpt lat="40.06991343314164" lon="116.34338024539773">
        <ele>44.2</ele>
        <time>2026-08-17T11:29:06.000Z</time>
      </trkpt>
      <trkpt lat="40.06991542678049" lon="116.34335231587917">
        <ele>44.2</ele>
        <time>2026-08-17T11:29:07.000Z</time>
      </trkpt>
      <trkpt lat="40.06991755389325" lon="116.3433244633471">
        <ele>44.2</ele>
        <time>2026-08-17T11:29:08.000Z</time>
      </trkpt>
      <trkpt lat="40.069919745776744" lon="116.34329663084775">
        <ele>44.2</ele>
        <time>2026-08-17T11:29:09.000Z</time>
      </trkpt>
      <trkpt lat="40.06992194160028" lon="116.34326866386749">
        <ele>44.2</ele>
        <time>2026-08-17T11:29:09.999Z</time>
      </trkpt>
      <trkpt lat="40.06992394695737" lon="116.34324039996618">
        <ele>44.2</ele>
        <time>2026-08-17T11:29:10.999Z</time>
      </trkpt>
      <trkpt lat="40.06992558179711" lon="116.34321198768208">
        <ele>44.2</ele>
        <time>2026-08-17T11:29:11.999Z</time>
      </trkpt>
      <trkpt lat="40.06992677151771" lon="116.34318372073197">
        <ele>44.2</ele>
        <time>2026-08-17T11:29:12.999Z</time>
      </trkpt>
      <trkpt lat="40.069927445549794" lon="116.34315582736677">
        <ele>44.2</ele>
        <time>2026-08-17T11:29:13.999Z</time>
      </trkpt>
      <trkpt lat="40.069927588317384" lon="116.34312862657436">
        <ele>44.2</ele>
        <time>2026-08-17T11:29:14.999Z</time>
      </trkpt>
      <trkpt lat="40.06992727127495" lon="116.34310214819145">
        <ele>44.2</ele>
        <time>2026-08-17T11:29:15.999Z</time>
      </trkpt>
      <trkpt lat="40.069926604707305" lon="116.34307595548927">
        <ele>44.2</ele>
        <time>2026-08-17T11:29:16.999Z</time>
      </trkpt>
      <trkpt lat="40.06992572415641" lon="116.34304913505392">
        <ele>44.2</ele>
        <time>2026-08-17T11:29:17.999Z</time>
      </trkpt>
      <trkpt lat="40.06992488125535" lon="116.34302101888102">
        <ele>44.2</ele>
        <time>2026-08-17T11:29:18.999Z</time>
      </trkpt>
      <trkpt lat="40.06992429148412" lon="116.3429915745834">
        <ele>44.2</ele>
        <time>2026-08-17T11:29:19.999Z</time>
      </trkpt>
      <trkpt lat="40.069923951331106" lon="116.3429608933812">
        <ele>44.2</ele>
        <time>2026-08-17T11:29:20.999Z</time>
      </trkpt>
      <trkpt lat="40.06992376714038" lon="116.34292926382906">
        <ele>44.2</ele>
        <time>2026-08-17T11:29:21.999Z</time>
      </trkpt>
      <trkpt lat="40.069923674569594" lon="116.34289719534496">
        <ele>44.2</ele>
        <time>2026-08-17T11:29:22.999Z</time>
      </trkpt>
      <trkpt lat="40.06992360939041" lon="116.34286464016132">
        <ele>44.2</ele>
        <time>2026-08-17T11:29:23.999Z</time>
      </trkpt>
      <trkpt lat="40.06992354720162" lon="116.34283130746405">
        <ele>44.2</ele>
        <time>2026-08-17T11:29:24.999Z</time>
      </trkpt>
      <trkpt lat="40.06992350661212" lon="116.34279733318132">
        <ele>44.2</ele>
        <time>2026-08-17T11:29:25.999Z</time>
      </trkpt>
      <trkpt lat="40.06992339344917" lon="116.34276296684753">
        <ele>44.2</ele>
        <time>2026-08-17T11:29:26.999Z</time>
      </trkpt>
      <trkpt lat="40.069923117742746" lon="116.34272843427863">
        <ele>44.2</ele>
        <time>2026-08-17T11:29:27.999Z</time>
      </trkpt>
      <trkpt lat="40.06992278745772" lon="116.34269407879817">
        <ele>44.2</ele>
        <time>2026-08-17T11:29:28.999Z</time>
      </trkpt>
      <trkpt lat="40.06992244553647" lon="116.34266004983847">
        <ele>44.2</ele>
        <time>2026-08-17T11:29:29.999Z</time>
      </trkpt>
      <trkpt lat="40.0699219681448" lon="116.34262634746341">
        <ele>44.2</ele>
        <time>2026-08-17T11:29:30.999Z</time>
      </trkpt>
      <trkpt lat="40.06992127876303" lon="116.34259318411927">
        <ele>44.2</ele>
        <time>2026-08-17T11:29:31.999Z</time>
      </trkpt>
      <trkpt lat="40.06992041100215" lon="116.34256067603067">
        <ele>44.2</ele>
        <time>2026-08-17T11:29:32.999Z</time>
      </trkpt>
      <trkpt lat="40.069919519382516" lon="116.34252887263924">
        <ele>44.2</ele>
        <time>2026-08-17T11:29:33.999Z</time>
      </trkpt>
      <trkpt lat="40.06991873651675" lon="116.34249782688431">
        <ele>44.2</ele>
        <time>2026-08-17T11:29:34.999Z</time>
      </trkpt>
      <trkpt lat="40.069918097577755" lon="116.34246737436773">
        <ele>44.2</ele>
        <time>2026-08-17T11:29:35.999Z</time>
      </trkpt>
      <trkpt lat="40.06991759586942" lon="116.34243752150424">
        <ele>44.2</ele>
        <time>2026-08-17T11:29:36.999Z</time>
      </trkpt>
      <trkpt lat="40.069917090061544" lon="116.34240843456753">
        <ele>44.2</ele>
        <time>2026-08-17T11:29:37.999Z</time>
      </trkpt>
      <trkpt lat="40.06991641948671" lon="116.34237995588236">
        <ele>44.2</ele>
        <time>2026-08-17T11:29:38.999Z</time>
      </trkpt>
      <trkpt lat="40.06991547138568" lon="116.34235134070997">
        <ele>44.2</ele>
        <time>2026-08-17T11:29:39.999Z</time>
      </trkpt>
      <trkpt lat="40.06991415039841" lon="116.3423211877253">
        <ele>44.2</ele>
        <time>2026-08-17T11:29:40.999Z</time>
      </trkpt>
      <trkpt lat="40.069912563375276" lon="116.34228883071903">
        <ele>44.2</ele>
        <time>2026-08-17T11:29:41.999Z</time>
      </trkpt>
      <trkpt lat="40.069910892074034" lon="116.3422548002159">
        <ele>44.2</ele>
        <time>2026-08-17T11:29:42.999Z</time>
      </trkpt>
      <trkpt lat="40.069909236648606" lon="116.34221987737027">
        <ele>44.2</ele>
        <time>2026-08-17T11:29:43.999Z</time>
      </trkpt>
      <trkpt lat="40.069907835401374" lon="116.34218462621878">
        <ele>44.2</ele>
        <time>2026-08-17T11:29:44.999Z</time>
      </trkpt>
      <trkpt lat="40.069906932302" lon="116.34214944205252">
        <ele>44.2</ele>
        <time>2026-08-17T11:29:45.999Z</time>
      </trkpt>
      <trkpt lat="40.069906420434705" lon="116.34211458655503">
        <ele>44.2</ele>
        <time>2026-08-17T11:29:46.999Z</time>
      </trkpt>
      <trkpt lat="40.06990585690416" lon="116.34208012279866">
        <ele>44.2</ele>
        <time>2026-08-17T11:29:47.999Z</time>
      </trkpt>
      <trkpt lat="40.069904792486774" lon="116.34204599857739">
        <ele>44.2</ele>
        <time>2026-08-17T11:29:48.999Z</time>
      </trkpt>
      <trkpt lat="40.06990319034814" lon="116.34201212858818">
        <ele>44.2</ele>
        <time>2026-08-17T11:29:49.999Z</time>
      </trkpt>
      <trkpt lat="40.069901147682245" lon="116.34197845191466">
        <ele>44.2</ele>
        <time>2026-08-17T11:29:50.999Z</time>
      </trkpt>
      <trkpt lat="40.06989863510466" lon="116.34194502524436">
        <ele>44.2</ele>
        <time>2026-08-17T11:29:51.999Z</time>
      </trkpt>
      <trkpt lat="40.06989590403625" lon="116.34191184983311">
        <ele>44.2</ele>
        <time>2026-08-17T11:29:52.999Z</time>
      </trkpt>
      <trkpt lat="40.069893510922384" lon="116.34187893817986">
        <ele>44.2</ele>
        <time>2026-08-17T11:29:53.999Z</time>
      </trkpt>
      <trkpt lat="40.06989193276326" lon="116.34184635881665">
        <ele>44.2</ele>
        <time>2026-08-17T11:29:54.999Z</time>
      </trkpt>
      <trkpt lat="40.069891588588405" lon="116.3418141490436">
        <ele>44.2</ele>
        <time>2026-08-17T11:29:55.999Z</time>
      </trkpt>
      <trkpt lat="40.06989282515663" lon="116.34178235664069">
        <ele>44.2</ele>
        <time>2026-08-17T11:29:56.999Z</time>
      </trkpt>
      <trkpt lat="40.06989563126596" lon="116.34175099030202">
        <ele>44.2</ele>
        <time>2026-08-17T11:29:57.999Z</time>
      </trkpt>
      <trkpt lat="40.0698994797678" lon="116.34171995915818">
        <ele>44.2</ele>
        <time>2026-08-17T11:29:58.999Z</time>
      </trkpt>
      <trkpt lat="40.06990390579821" lon="116.34168906213142">
        <ele>44.2</ele>
        <time>2026-08-17T11:29:59.999Z</time>
      </trkpt>
      <trkpt lat="40.069909074757476" lon="116.3416583086518">
        <ele>44.2</ele>
        <time>2026-08-17T11:30:00.999Z</time>
      </trkpt>
      <trkpt lat="40.06991469365163" lon="116.34162789927029">
        <ele>44.2</ele>
        <time>2026-08-17T11:30:01.999Z</time>
      </trkpt>
      <trkpt lat="40.06991966604631" lon="116.34159762125601">
        <ele>44.2</ele>
        <time>2026-08-17T11:30:02.999Z</time>
      </trkpt>
      <trkpt lat="40.06992312508742" lon="116.34156706383096">
        <ele>44.2</ele>
        <time>2026-08-17T11:30:03.999Z</time>
      </trkpt>
      <trkpt lat="40.06992483273064" lon="116.34153634068439">
        <ele>44.2</ele>
        <time>2026-08-17T11:30:04.999Z</time>
      </trkpt>
      <trkpt lat="40.069925113185846" lon="116.34150559426294">
        <ele>44.2</ele>
        <time>2026-08-17T11:30:05.999Z</time>
      </trkpt>
      <trkpt lat="40.069924614647064" lon="116.34147487754048">
        <ele>44.2</ele>
        <time>2026-08-17T11:30:06.999Z</time>
      </trkpt>
      <trkpt lat="40.069923959907165" lon="116.34144433303047">
        <ele>44.2</ele>
        <time>2026-08-17T11:30:07.999Z</time>
      </trkpt>
      <trkpt lat="40.06992336025111" lon="116.34141391959393">
        <ele>44.2</ele>
        <time>2026-08-17T11:30:08.999Z</time>
      </trkpt>
      <trkpt lat="40.069922853703844" lon="116.34138340643425">
        <ele>44.3</ele>
        <time>2026-08-17T11:30:09.999Z</time>
      </trkpt>
      <trkpt lat="40.069922534876845" lon="116.34135253320798">
        <ele>44.3</ele>
        <time>2026-08-17T11:30:10.999Z</time>
      </trkpt>
      <trkpt lat="40.069922170628246" lon="116.3413211262776">
        <ele>44.3</ele>
        <time>2026-08-17T11:30:11.999Z</time>
      </trkpt>
      <trkpt lat="40.06992149803656" lon="116.34128925940861">
        <ele>44.3</ele>
        <time>2026-08-17T11:30:12.999Z</time>
      </trkpt>
      <trkpt lat="40.06992049137215" lon="116.34125697657745">
        <ele>44.3</ele>
        <time>2026-08-17T11:30:13.999Z</time>
      </trkpt>
      <trkpt lat="40.06991940632547" lon="116.34122424674855">
        <ele>44.3</ele>
        <time>2026-08-17T11:30:14.999Z</time>
      </trkpt>
      <trkpt lat="40.06991867682684" lon="116.34119132398378">
        <ele>44.3</ele>
        <time>2026-08-17T11:30:15.999Z</time>
      </trkpt>
      <trkpt lat="40.069918360579834" lon="116.34115845772315">
        <ele>44.4</ele>
        <time>2026-08-17T11:30:16.999Z</time>
      </trkpt>
      <trkpt lat="40.069918137211886" lon="116.34112547656804">
        <ele>44.4</ele>
        <time>2026-08-17T11:30:17.999Z</time>
      </trkpt>
      <trkpt lat="40.06991774246575" lon="116.34109208800662">
        <ele>44.4</ele>
        <time>2026-08-17T11:30:19.000Z</time>
      </trkpt>
      <trkpt lat="40.06991708459386" lon="116.34105863092098">
        <ele>44.4</ele>
        <time>2026-08-17T11:30:20.000Z</time>
      </trkpt>
      <trkpt lat="40.06991612505423" lon="116.34102541546255">
        <ele>44.4</ele>
        <time>2026-08-17T11:30:21.000Z</time>
      </trkpt>
      <trkpt lat="40.06991484856215" lon="116.34099250987326">
        <ele>44.4</ele>
        <time>2026-08-17T11:30:22.000Z</time>
      </trkpt>
      <trkpt lat="40.069913390629324" lon="116.34096004486058">
        <ele>44.4</ele>
        <time>2026-08-17T11:30:23.000Z</time>
      </trkpt>
      <trkpt lat="40.06991171527236" lon="116.34092815206402">
        <ele>44.5</ele>
        <time>2026-08-17T11:30:24.000Z</time>
      </trkpt>
      <trkpt lat="40.06990960925764" lon="116.34089663301732">
        <ele>44.5</ele>
        <time>2026-08-17T11:30:25.000Z</time>
      </trkpt>
      <trkpt lat="40.06990722858029" lon="116.34086521247421">
        <ele>44.5</ele>
        <time>2026-08-17T11:30:26.000Z</time>
      </trkpt>
      <trkpt lat="40.06990502627748" lon="116.34083387306575">
        <ele>44.5</ele>
        <time>2026-08-17T11:30:27.000Z</time>
      </trkpt>
      <trkpt lat="40.06990352676583" lon="116.34080269637128">
        <ele>44.5</ele>
        <time>2026-08-17T11:30:28.000Z</time>
      </trkpt>
      <trkpt lat="40.06990309474576" lon="116.34077173289306">
        <ele>44.5</ele>
        <time>2026-08-17T11:30:29.000Z</time>
      </trkpt>
      <trkpt lat="40.06990366459727" lon="116.34074106980187">
        <ele>44.5</ele>
        <time>2026-08-17T11:30:30.000Z</time>
      </trkpt>
      <trkpt lat="40.06990463600139" lon="116.34071065138045">
        <ele>44.5</ele>
        <time>2026-08-17T11:30:31.000Z</time>
      </trkpt>
      <trkpt lat="40.06990541363846" lon="116.34068023976396">
        <ele>44.5</ele>
        <time>2026-08-17T11:30:32.000Z</time>
      </trkpt>
      <trkpt lat="40.06990576124261" lon="116.34064957300463">
        <ele>44.5</ele>
        <time>2026-08-17T11:30:33.000Z</time>
      </trkpt>
      <trkpt lat="40.06990570440819" lon="116.34061871206514">
        <ele>44.5</ele>
        <time>2026-08-17T11:30:34.000Z</time>
      </trkpt>
      <trkpt lat="40.06990549211748" lon="116.34058788812943">
        <ele>44.5</ele>
        <time>2026-08-17T11:30:35.000Z</time>
      </trkpt>
      <trkpt lat="40.06990534785197" lon="116.34055705186323">
        <ele>44.5</ele>
        <time>2026-08-17T11:30:36.000Z</time>
      </trkpt>
      <trkpt lat="40.06990533136451" lon="116.3405262418753">
        <ele>44.5</ele>
        <time>2026-08-17T11:30:37.000Z</time>
      </trkpt>
      <trkpt lat="40.069905502344234" lon="116.34049549359533">
        <ele>44.5</ele>
        <time>2026-08-17T11:30:38.000Z</time>
      </trkpt>
      <trkpt lat="40.06990593650952" lon="116.34046482631408">
        <ele>44.5</ele>
        <time>2026-08-17T11:30:39.000Z</time>
      </trkpt>
      <trkpt lat="40.06990666925822" lon="116.34043432752208">
        <ele>44.5</ele>
        <time>2026-08-17T11:30:40.000Z</time>
      </trkpt>
      <trkpt lat="40.069907675446515" lon="116.34040391464684">
        <ele>44.5</ele>
        <time>2026-08-17T11:30:41.000Z</time>
      </trkpt>
      <trkpt lat="40.06990880936181" lon="116.3403735264307">
        <ele>44.5</ele>
        <time>2026-08-17T11:30:42.000Z</time>
      </trkpt>
      <trkpt lat="40.06991000336907" lon="116.34034305829715">
        <ele>44.5</ele>
        <time>2026-08-17T11:30:43.000Z</time>
      </trkpt>
      <trkpt lat="40.06991120217531" lon="116.34031228852704">
        <ele>44.5</ele>
        <time>2026-08-17T11:30:44.000Z</time>
      </trkpt>
      <trkpt lat="40.06991223731108" lon="116.34028120043787">
        <ele>44.6</ele>
        <time>2026-08-17T11:30:45.000Z</time>
      </trkpt>
      <trkpt lat="40.06991304169088" lon="116.34024979466155">
        <ele>44.6</ele>
        <time>2026-08-17T11:30:46.000Z</time>
      </trkpt>
      <trkpt lat="40.069913642023046" lon="116.34021803742048">
        <ele>44.6</ele>
        <time>2026-08-17T11:30:47.000Z</time>
      </trkpt>
      <trkpt lat="40.06991421015288" lon="116.34018585957432">
        <ele>44.6</ele>
        <time>2026-08-17T11:30:48.000Z</time>
      </trkpt>
      <trkpt lat="40.06991483387" lon="116.34015318364493">
        <ele>44.6</ele>
        <time>2026-08-17T11:30:49.000Z</time>
      </trkpt>
      <trkpt lat="40.06991530651064" lon="116.34012008298353">
        <ele>44.6</ele>
        <time>2026-08-17T11:30:50.000Z</time>
      </trkpt>
      <trkpt lat="40.06991570442397" lon="116.34008672917322">
        <ele>44.6</ele>
        <time>2026-08-17T11:30:51.000Z</time>
      </trkpt>
      <trkpt lat="40.06991630835978" lon="116.34005334333136">
        <ele>44.6</ele>
        <time>2026-08-17T11:30:52.000Z</time>
      </trkpt>
      <trkpt lat="40.06991704346089" lon="116.34002000276203">
        <ele>44.6</ele>
        <time>2026-08-17T11:30:53.000Z</time>
      </trkpt>
      <trkpt lat="40.06991779491933" lon="116.33998667804421">
        <ele>44.6</ele>
        <time>2026-08-17T11:30:54.000Z</time>
      </trkpt>
      <trkpt lat="40.06991861271439" lon="116.33995352965292">
        <ele>44.7</ele>
        <time>2026-08-17T11:30:55.000Z</time>
      </trkpt>
      <trkpt lat="40.06991939152706" lon="116.3399206553691">
        <ele>44.7</ele>
        <time>2026-08-17T11:30:56.000Z</time>
      </trkpt>
      <trkpt lat="40.06992020671437" lon="116.33988807591977">
        <ele>44.7</ele>
        <time>2026-08-17T11:30:57.000Z</time>
      </trkpt>
      <trkpt lat="40.06992145416291" lon="116.33985582133548">
        <ele>44.7</ele>
        <time>2026-08-17T11:30:58.000Z</time>
      </trkpt>
      <trkpt lat="40.06992328906754" lon="116.33982389915434">
        <ele>44.7</ele>
        <time>2026-08-17T11:30:59.000Z</time>
      </trkpt>
      <trkpt lat="40.069925286201425" lon="116.33979214557618">
        <ele>44.7</ele>
        <time>2026-08-17T11:31:00.000Z</time>
      </trkpt>
      <trkpt lat="40.069927114702" lon="116.33976021998576">
        <ele>44.7</ele>
        <time>2026-08-17T11:31:01.000Z</time>
      </trkpt>
      <trkpt lat="40.069928907082634" lon="116.33972794929927">
        <ele>44.7</ele>
        <time>2026-08-17T11:31:02.000Z</time>
      </trkpt>
      <trkpt lat="40.069931041655785" lon="116.33969550063708">
        <ele>44.7</ele>
        <time>2026-08-17T11:31:03.000Z</time>
      </trkpt>
      <trkpt lat="40.069933784686306" lon="116.33966307465859">
        <ele>44.7</ele>
        <time>2026-08-17T11:31:04.000Z</time>
      </trkpt>
      <trkpt lat="40.069936996628286" lon="116.33963077736958">
        <ele>44.7</ele>
        <time>2026-08-17T11:31:05.000Z</time>
      </trkpt>
      <trkpt lat="40.06994060963259" lon="116.33959880506058">
        <ele>44.7</ele>
        <time>2026-08-17T11:31:06.000Z</time>
      </trkpt>
      <trkpt lat="40.069944363322556" lon="116.33956714636106">
        <ele>44.7</ele>
        <time>2026-08-17T11:31:06.999Z</time>
      </trkpt>
      <trkpt lat="40.069947757669695" lon="116.33953553118144">
        <ele>44.7</ele>
        <time>2026-08-17T11:31:07.999Z</time>
      </trkpt>
      <trkpt lat="40.06995048209651" lon="116.33950383751626">
        <ele>44.7</ele>
        <time>2026-08-17T11:31:08.999Z</time>
        <extensions>
          <gpxtpx:TrackPointExtension>
            <gpxtpx:hr>155</gpxtpx:hr>
          </gpxtpx:TrackPointExtension>
        </extensions>
      </trkpt>
      <trkpt lat="40.069952288765585" lon="116.33947213777243">
        <ele>44.7</ele>
        <time>2026-08-17T11:31:09.999Z</time>
        <extensions>
          <gpxtpx:TrackPointExtension>
            <gpxtpx:hr>155</gpxtpx:hr>
          </gpxtpx:TrackPointExtension>
        </extensions>
      </trkpt>
      <trkpt lat="40.06995317963992" lon="116.33944040431757">
        <ele>44.7</ele>
        <time>2026-08-17T11:31:10.999Z</time>
        <extensions>
          <gpxtpx:TrackPointExtension>
            <gpxtpx:hr>155</gpxtpx:hr>
          </gpxtpx:TrackPointExtension>
        </extensions>
      </trkpt>
      <trkpt lat="40.06995340053715" lon="116.3394090192507">
        <ele>44.7</ele>
        <time>2026-08-17T11:31:11.999Z</time>
        <extensions>
          <gpxtpx:TrackPointExtension>
            <gpxtpx:hr>155</gpxtpx:hr>
          </gpxtpx:TrackPointExtension>
        </extensions>
      </trkpt>
      <trkpt lat="40.069953267652956" lon="116.33937829370181">
        <ele>44.7</ele>
        <time>2026-08-17T11:31:12.999Z</time>
        <extensions>
          <gpxtpx:TrackPointExtension>
            <gpxtpx:hr>155</gpxtpx:hr>
          </gpxtpx:TrackPointExtension>
        </extensions>
      </trkpt>
      <trkpt lat="40.069952859994345" lon="116.33934810892647">
        <ele>44.7</ele>
        <time>2026-08-17T11:31:13.999Z</time>
        <extensions>
          <gpxtpx:TrackPointExtension>
            <gpxtpx:hr>155</gpxtpx:hr>
          </gpxtpx:TrackPointExtension>
        </extensions>
      </trkpt>
      <trkpt lat="40.069952288738286" lon="116.33931820293152">
        <ele>44.7</ele>
        <time>2026-08-17T11:31:14.999Z</time>
        <extensions>
          <gpxtpx:TrackPointExtension>
            <gpxtpx:hr>155</gpxtpx:hr>
          </gpxtpx:TrackPointExtension>
        </extensions>
      </trkpt>
      <trkpt lat="40.06995203984429" lon="116.33928827230886">
        <ele>44.7</ele>
        <time>2026-08-17T11:31:15.999Z</time>
        <extensions>
          <gpxtpx:TrackPointExtension>
            <gpxtpx:hr>155</gpxtpx:hr>
          </gpxtpx:TrackPointExtension>
        </extensions>
      </trkpt>
      <trkpt lat="40.069952493337" lon="116.33925827546165">
        <ele>44.7</ele>
        <time>2026-08-17T11:31:16.999Z</time>
        <extensions>
          <gpxtpx:TrackPointExtension>
            <gpxtpx:hr>155</gpxtpx:hr>
          </gpxtpx:TrackPointExtension>
        </extensions>
      </trkpt>
      <trkpt lat="40.06995372351938" lon="116.33922834892532">
        <ele>44.7</ele>
        <time>2026-08-17T11:31:17.999Z</time>
        <extensions>
          <gpxtpx:TrackPointExtension>
            <gpxtpx:hr>155</gpxtpx:hr>
          </gpxtpx:TrackPointExtension>
        </extensions>
      </trkpt>
      <trkpt lat="40.069955470538886" lon="116.33919854759004">
        <ele>44.7</ele>
        <time>2026-08-17T11:31:18.999Z</time>
        <extensions>
          <gpxtpx:TrackPointExtension>
            <gpxtpx:hr>155</gpxtpx:hr>
          </gpxtpx:TrackPointExtension>
        </extensions>
      </trkpt>
      <trkpt lat="40.06995752760362" lon="116.33916865705451">
        <ele>44.7</ele>
        <time>2026-08-17T11:31:19.999Z</time>
        <extensions>
          <gpxtpx:TrackPointExtension>
            <gpxtpx:hr>155</gpxtpx:hr>
          </gpxtpx:TrackPointExtension>
        </extensions>
      </trkpt>
      <trkpt lat="40.06995962982042" lon="116.33913842289927">
        <ele>44.7</ele>
        <time>2026-08-17T11:31:20.999Z</time>
        <extensions>
          <gpxtpx:TrackPointExtension>
            <gpxtpx:hr>155</gpxtpx:hr>
          </gpxtpx:TrackPointExtension>
        </extensions>
      </trkpt>
      <trkpt lat="40.06996132987789" lon="116.33910787113791">
        <ele>44.7</ele>
        <time>2026-08-17T11:31:21.999Z</time>
        <extensions>
          <gpxtpx:TrackPointExtension>
            <gpxtpx:hr>155</gpxtpx:hr>
          </gpxtpx:TrackPointExtension>
        </extensions>
      </trkpt>
      <trkpt lat="40.06996230922837" lon="116.33907706761414">
        <ele>44.7</ele>
        <time>2026-08-17T11:31:22.999Z</time>
        <extensions>
          <gpxtpx:TrackPointExtension>
            <gpxtpx:hr>155</gpxtpx:hr>
          </gpxtpx:TrackPointExtension>
        </extensions>
      </trkpt>
      <trkpt lat="40.069962820752984" lon="116.33904592503264">
        <ele>44.7</ele>
        <time>2026-08-17T11:31:23.999Z</time>
        <extensions>
          <gpxtpx:TrackPointExtension>
            <gpxtpx:hr>155</gpxtpx:hr>
          </gpxtpx:TrackPointExtension>
        </extensions>
      </trkpt>
      <trkpt lat="40.06996365096482" lon="116.33901444827166">
        <ele>44.7</ele>
        <time>2026-08-17T11:31:24.999Z</time>
        <extensions>
          <gpxtpx:TrackPointExtension>
            <gpxtpx:hr>155</gpxtpx:hr>
          </gpxtpx:TrackPointExtension>
        </extensions>
      </trkpt>
      <trkpt lat="40.069965430015515" lon="116.33898279482607">
        <ele>44.7</ele>
        <time>2026-08-17T11:31:25.999Z</time>
        <extensions>
          <gpxtpx:TrackPointExtension>
            <gpxtpx:hr>155</gpxtpx:hr>
          </gpxtpx:TrackPointExtension>
        </extensions>
      </trkpt>
      <trkpt lat="40.06996864769056" lon="116.33895119459255">
        <ele>44.7</ele>
        <time>2026-08-17T11:31:26.999Z</time>
        <extensions>
          <gpxtpx:TrackPointExtension>
            <gpxtpx:hr>155</gpxtpx:hr>
          </gpxtpx:TrackPointExtension>
        </extensions>
      </trkpt>
      <trkpt lat="40.0699738330403" lon="116.33892015055704">
        <ele>44.7</ele>
        <time>2026-08-17T11:31:27.999Z</time>
        <extensions>
          <gpxtpx:TrackPointExtension>
            <gpxtpx:hr>155</gpxtpx:hr>
          </gpxtpx:TrackPointExtension>
        </extensions>
      </trkpt>
      <trkpt lat="40.06998143770983" lon="116.33889025523904">
        <ele>44.6</ele>
        <time>2026-08-17T11:31:28.999Z</time>
        <extensions>
          <gpxtpx:TrackPointExtension>
            <gpxtpx:hr>155</gpxtpx:hr>
          </gpxtpx:TrackPointExtension>
        </extensions>
      </trkpt>
      <trkpt lat="40.06999168692449" lon="116.33886204606954">
        <ele>44.6</ele>
        <time>2026-08-17T11:31:29.999Z</time>
        <extensions>
          <gpxtpx:TrackPointExtension>
            <gpxtpx:hr>155</gpxtpx:hr>
          </gpxtpx:TrackPointExtension>
        </extensions>
      </trkpt>
      <trkpt lat="40.07000452576451" lon="116.33883602262567">
        <ele>44.6</ele>
        <time>2026-08-17T11:31:30.999Z</time>
        <extensions>
          <gpxtpx:TrackPointExtension>
            <gpxtpx:hr>155</gpxtpx:hr>
          </gpxtpx:TrackPointExtension>
        </extensions>
      </trkpt>
      <trkpt lat="40.07001979053683" lon="116.33881232130838">
        <ele>44.6</ele>
        <time>2026-08-17T11:31:31.999Z</time>
        <extensions>
          <gpxtpx:TrackPointExtension>
            <gpxtpx:hr>155</gpxtpx:hr>
          </gpxtpx:TrackPointExtension>
        </extensions>
      </trkpt>
      <trkpt lat="40.07003742512132" lon="116.33879141983135">
        <ele>44.6</ele>
        <time>2026-08-17T11:31:32.999Z</time>
        <extensions>
          <gpxtpx:TrackPointExtension>
            <gpxtpx:hr>155</gpxtpx:hr>
          </gpxtpx:TrackPointExtension>
        </extensions>
      </trkpt>
      <trkpt lat="40.07005740604414" lon="116.33877422806819">
        <ele>44.6</ele>
        <time>2026-08-17T11:31:33.999Z</time>
        <extensions>
          <gpxtpx:TrackPointExtension>
            <gpxtpx:hr>155</gpxtpx:hr>
          </gpxtpx:TrackPointExtension>
        </extensions>
      </trkpt>
      <trkpt lat="40.07007938046849" lon="116.33876149169531">
        <ele>44.6</ele>
        <time>2026-08-17T11:31:34.999Z</time>
        <extensions>
          <gpxtpx:TrackPointExtension>
            <gpxtpx:hr>155</gpxtpx:hr>
          </gpxtpx:TrackPointExtension>
        </extensions>
      </trkpt>
      <trkpt lat="40.07010293440938" lon="116.33875394285813">
        <ele>44.5</ele>
        <time>2026-08-17T11:31:35.999Z</time>
        <extensions>
          <gpxtpx:TrackPointExtension>
            <gpxtpx:hr>155</gpxtpx:hr>
          </gpxtpx:TrackPointExtension>
        </extensions>
      </trkpt>
      <trkpt lat="40.07012767572262" lon="116.33875163496046">
        <ele>44.5</ele>
        <time>2026-08-17T11:31:36.999Z</time>
        <extensions>
          <gpxtpx:TrackPointExtension>
            <gpxtpx:hr>155</gpxtpx:hr>
          </gpxtpx:TrackPointExtension>
        </extensions>
      </trkpt>
      <trkpt lat="40.070153230160216" lon="116.33875358692306">
        <ele>44.5</ele>
        <time>2026-08-17T11:31:37.999Z</time>
        <extensions>
          <gpxtpx:TrackPointExtension>
            <gpxtpx:hr>155</gpxtpx:hr>
          </gpxtpx:TrackPointExtension>
        </extensions>
      </trkpt>
      <trkpt lat="40.070179422109526" lon="116.3387583068384">
        <ele>44.5</ele>
        <time>2026-08-17T11:31:38.999Z</time>
      </trkpt>
      <trkpt lat="40.07020603955396" lon="116.33876412897031">
        <ele>44.5</ele>
        <time>2026-08-17T11:31:39.999Z</time>
      </trkpt>
      <trkpt lat="40.07023290262506" lon="116.33876973456509">
        <ele>44.5</ele>
        <time>2026-08-17T11:31:40.999Z</time>
      </trkpt>
      <trkpt lat="40.070259894653" lon="116.33877458037787">
        <ele>44.4</ele>
        <time>2026-08-17T11:31:41.999Z</time>
      </trkpt>
      <trkpt lat="40.070286964007245" lon="116.3387787165708">
        <ele>44.4</ele>
        <time>2026-08-17T11:31:42.999Z</time>
      </trkpt>
      <trkpt lat="40.070314224206605" lon="116.33878253601787">
        <ele>44.4</ele>
        <time>2026-08-17T11:31:43.999Z</time>
      </trkpt>
      <trkpt lat="40.07034178791349" lon="116.33878643566803">
        <ele>44.4</ele>
        <time>2026-08-17T11:31:44.999Z</time>
      </trkpt>
      <trkpt lat="40.070369683409815" lon="116.33879084002919">
        <ele>44.3</ele>
        <time>2026-08-17T11:31:45.999Z</time>
      </trkpt>
      <trkpt lat="40.07039769499923" lon="116.33879655680738">
        <ele>44.3</ele>
        <time>2026-08-17T11:31:46.999Z</time>
      </trkpt>
      <trkpt lat="40.070425569188814" lon="116.33880401406046">
        <ele>44.3</ele>
        <time>2026-08-17T11:31:47.999Z</time>
      </trkpt>
      <trkpt lat="40.07045317712746" lon="116.3388129668781">
        <ele>44.3</ele>
        <time>2026-08-17T11:31:48.999Z</time>
      </trkpt>
      <trkpt lat="40.07048041368793" lon="116.33882281217518">
        <ele>44.3</ele>
        <time>2026-08-17T11:31:49.999Z</time>
      </trkpt>
      <trkpt lat="40.070507351484835" lon="116.33883262542885">
        <ele>44.2</ele>
        <time>2026-08-17T11:31:50.999Z</time>
      </trkpt>
      <trkpt lat="40.07053429769861" lon="116.33884140830082">
        <ele>44.2</ele>
        <time>2026-08-17T11:31:51.999Z</time>
      </trkpt>
      <trkpt lat="40.0705614336247" lon="116.33884838894203">
        <ele>44.2</ele>
        <time>2026-08-17T11:31:52.999Z</time>
      </trkpt>
      <trkpt lat="40.07058870158085" lon="116.33885298797492">
        <ele>44.2</ele>
        <time>2026-08-17T11:31:53.999Z</time>
      </trkpt>
      <trkpt lat="40.07061596782305" lon="116.33885449703435">
        <ele>44.2</ele>
        <time>2026-08-17T11:31:54.999Z</time>
      </trkpt>
      <trkpt lat="40.07064308353184" lon="116.33885225674952">
        <ele>44.2</ele>
        <time>2026-08-17T11:31:55.999Z</time>
      </trkpt>
      <trkpt lat="40.07066983683324" lon="116.33884619920748">
        <ele>44.2</ele>
        <time>2026-08-17T11:31:56.999Z</time>
      </trkpt>
      <trkpt lat="40.070695989869996" lon="116.33883690890761">
        <ele>44.1</ele>
        <time>2026-08-17T11:31:57.999Z</time>
      </trkpt>
      <trkpt lat="40.07072151143632" lon="116.33882524142874">
        <ele>44.1</ele>
        <time>2026-08-17T11:31:58.999Z</time>
      </trkpt>
      <trkpt lat="40.07074647828866" lon="116.33881190206108">
        <ele>44.1</ele>
        <time>2026-08-17T11:31:59.999Z</time>
      </trkpt>
      <trkpt lat="40.070770935003274" lon="116.33879745626312">
        <ele>44.1</ele>
        <time>2026-08-17T11:32:00.999Z</time>
      </trkpt>
      <trkpt lat="40.070795049576475" lon="116.33878254931943">
        <ele>44.1</ele>
        <time>2026-08-17T11:32:01.999Z</time>
      </trkpt>
      <trkpt lat="40.070819093364044" lon="116.33876775840864">
        <ele>44.1</ele>
        <time>2026-08-17T11:32:02.999Z</time>
      </trkpt>
      <trkpt lat="40.07084325741794" lon="116.33875349527497">
        <ele>44.2</ele>
        <time>2026-08-17T11:32:03.999Z</time>
      </trkpt>
      <trkpt lat="40.07086754323649" lon="116.33874006634491">
        <ele>44.2</ele>
        <time>2026-08-17T11:32:04.999Z</time>
      </trkpt>
      <trkpt lat="40.07089195128442" lon="116.33872793851229">
        <ele>44.2</ele>
        <time>2026-08-17T11:32:05.999Z</time>
      </trkpt>
      <trkpt lat="40.07091650743069" lon="116.33871751569748">
        <ele>44.2</ele>
        <time>2026-08-17T11:32:06.999Z</time>
      </trkpt>
      <trkpt lat="40.07094120757318" lon="116.33870900935236">
        <ele>44.2</ele>
        <time>2026-08-17T11:32:07.999Z</time>
      </trkpt>
      <trkpt lat="40.07096607169763" lon="116.33870256936916">
        <ele>44.2</ele>
        <time>2026-08-17T11:32:08.999Z</time>
      </trkpt>
      <trkpt lat="40.070990925679894" lon="116.33869783172932">
        <ele>44.2</ele>
        <time>2026-08-17T11:32:09.999Z</time>
      </trkpt>
      <trkpt lat="40.071015560330395" lon="116.338694314564">
        <ele>44.2</ele>
        <time>2026-08-17T11:32:10.999Z</time>
      </trkpt>
      <trkpt lat="40.07103999230739" lon="116.33869194247171">
        <ele>44.2</ele>
        <time>2026-08-17T11:32:11.999Z</time>
      </trkpt>
      <trkpt lat="40.0710642539448" lon="116.33869126170485">
        <ele>44.2</ele>
        <time>2026-08-17T11:32:12.999Z</time>
      </trkpt>
      <trkpt lat="40.07108842547847" lon="116.33869320733587">
        <ele>44.2</ele>
        <time>2026-08-17T11:32:13.999Z</time>
      </trkpt>
      <trkpt lat="40.071112501657936" lon="116.3386984104459">
        <ele>44.2</ele>
        <time>2026-08-17T11:32:14.999Z</time>
      </trkpt>
      <trkpt lat="40.07113612656955" lon="116.33870708807719">
        <ele>44.2</ele>
        <time>2026-08-17T11:32:15.999Z</time>
      </trkpt>
      <trkpt lat="40.07115893401362" lon="116.33871909772556">
        <ele>44.2</ele>
        <time>2026-08-17T11:32:16.999Z</time>
      </trkpt>
      <trkpt lat="40.07118075569347" lon="116.3387338621597">
        <ele>44.2</ele>
        <time>2026-08-17T11:32:17.999Z</time>
      </trkpt>
      <trkpt lat="40.07120175193636" lon="116.33875032220168">
        <ele>44.2</ele>
        <time>2026-08-17T11:32:18.999Z</time>
      </trkpt>
      <trkpt lat="40.07122232887468" lon="116.33876729736464">
        <ele>44.2</ele>
        <time>2026-08-17T11:32:19.999Z</time>
      </trkpt>
      <trkpt lat="40.07124276276076" lon="116.33878415648671">
        <ele>44.2</ele>
        <time>2026-08-17T11:32:20.999Z</time>
      </trkpt>
      <trkpt lat="40.071263048065674" lon="116.33880086424165">
        <ele>44.2</ele>
        <time>2026-08-17T11:32:21.999Z</time>
      </trkpt>
      <trkpt lat="40.07128319443307" lon="116.33881725390668">
        <ele>44.1</ele>
        <time>2026-08-17T11:32:22.999Z</time>
      </trkpt>
      <trkpt lat="40.07130349587251" lon="116.33883260722453">
        <ele>44.1</ele>
        <time>2026-08-17T11:32:23.999Z</time>
      </trkpt>
      <trkpt lat="40.0713242530923" lon="116.33884628723028">
        <ele>44.1</ele>
        <time>2026-08-17T11:32:25.000Z</time>
      </trkpt>
      <trkpt lat="40.07134535278751" lon="116.33885838899255">
        <ele>44.1</ele>
        <time>2026-08-17T11:32:26.000Z</time>
      </trkpt>
      <trkpt lat="40.07136668842636" lon="116.3388692438641">
        <ele>44.1</ele>
        <time>2026-08-17T11:32:27.000Z</time>
      </trkpt>
      <trkpt lat="40.07138832584472" lon="116.33887846430488">
        <ele>44.1</ele>
        <time>2026-08-17T11:32:28.000Z</time>
      </trkpt>
      <trkpt lat="40.071410389906234" lon="116.33888533240578">
        <ele>44.0</ele>
        <time>2026-08-17T11:32:29.000Z</time>
      </trkpt>
      <trkpt lat="40.071432908584384" lon="116.33888974689972">
        <ele>44.0</ele>
        <time>2026-08-17T11:32:30.000Z</time>
      </trkpt>
      <trkpt lat="40.071455807205034" lon="116.33889230014606">
        <ele>44.0</ele>
        <time>2026-08-17T11:32:31.000Z</time>
      </trkpt>
      <trkpt lat="40.071478939829774" lon="116.33889385939749">
        <ele>44.0</ele>
        <time>2026-08-17T11:32:32.000Z</time>
      </trkpt>
      <trkpt lat="40.071501962447755" lon="116.33889551115767">
        <ele>44.0</ele>
        <time>2026-08-17T11:32:33.000Z</time>
      </trkpt>
      <trkpt lat="40.07152458017527" lon="116.33889847177538">
        <ele>44.0</ele>
        <time>2026-08-17T11:32:34.000Z</time>
      </trkpt>
      <trkpt lat="40.07154657014933" lon="116.33890380239876">
        <ele>44.0</ele>
        <time>2026-08-17T11:32:35.000Z</time>
      </trkpt>
      <trkpt lat="40.071567735747706" lon="116.33891168464231">
        <ele>44.0</ele>
        <time>2026-08-17T11:32:36.000Z</time>
      </trkpt>
      <trkpt lat="40.07158821492328" lon="116.33892146882732">
        <ele>44.0</ele>
        <time>2026-08-17T11:32:37.000Z</time>
      </trkpt>
      <trkpt lat="40.07160832962408" lon="116.33893217365384">
        <ele>44.0</ele>
        <time>2026-08-17T11:32:38.000Z</time>
      </trkpt>
      <trkpt lat="40.071628327994766" lon="116.33894225178899">
        <ele>44.0</ele>
        <time>2026-08-17T11:32:39.000Z</time>
      </trkpt>
      <trkpt lat="40.071648530234405" lon="116.33894990811035">
        <ele>44.0</ele>
        <time>2026-08-17T11:32:40.000Z</time>
      </trkpt>
      <trkpt lat="40.071669156047605" lon="116.33895367247352">
        <ele>44.0</ele>
        <time>2026-08-17T11:32:41.000Z</time>
      </trkpt>
      <trkpt lat="40.07169035303648" lon="116.33895216079817">
        <ele>44.0</ele>
        <time>2026-08-17T11:32:42.000Z</time>
      </trkpt>
      <trkpt lat="40.07171204045225" lon="116.33894546414584">
        <ele>44.0</ele>
        <time>2026-08-17T11:32:43.000Z</time>
      </trkpt>
      <trkpt lat="40.07173396069597" lon="116.33893528850066">
        <ele>44.0</ele>
        <time>2026-08-17T11:32:44.000Z</time>
      </trkpt>
      <trkpt lat="40.07175612492037" lon="116.33892321502458">
        <ele>44.0</ele>
        <time>2026-08-17T11:32:45.000Z</time>
      </trkpt>
      <trkpt lat="40.0717787094043" lon="116.33891081287716">
        <ele>44.0</ele>
        <time>2026-08-17T11:32:46.000Z</time>
      </trkpt>
      <trkpt lat="40.071801890173646" lon="116.33889952584842">
        <ele>44.0</ele>
        <time>2026-08-17T11:32:47.000Z</time>
      </trkpt>
      <trkpt lat="40.07182559583851" lon="116.33889016122706">
        <ele>44.0</ele>
        <time>2026-08-17T11:32:48.000Z</time>
      </trkpt>
      <trkpt lat="40.07184948402252" lon="116.33888281195853">
        <ele>44.0</ele>
        <time>2026-08-17T11:32:49.000Z</time>
      </trkpt>
      <trkpt lat="40.07187324956865" lon="116.33887699442573">
        <ele>44.0</ele>
        <time>2026-08-17T11:32:50.000Z</time>
      </trkpt>
      <trkpt lat="40.07189677305333" lon="116.33887232995811">
        <ele>43.9</ele>
        <time>2026-08-17T11:32:51.000Z</time>
      </trkpt>
      <trkpt lat="40.07192020502719" lon="116.33886842720413">
        <ele>43.9</ele>
        <time>2026-08-17T11:32:52.000Z</time>
      </trkpt>
      <trkpt lat="40.0719436820491" lon="116.33886428017614">
        <ele>43.9</ele>
        <time>2026-08-17T11:32:53.000Z</time>
      </trkpt>
      <trkpt lat="40.07196726926356" lon="116.33885901642884">
        <ele>43.9</ele>
        <time>2026-08-17T11:32:54.000Z</time>
      </trkpt>
      <trkpt lat="40.0719909702287" lon="116.3388521469455">
        <ele>43.9</ele>
        <time>2026-08-17T11:32:55.000Z</time>
      </trkpt>
      <trkpt lat="40.07201467052457" lon="116.33884332724796">
        <ele>43.9</ele>
        <time>2026-08-17T11:32:56.000Z</time>
      </trkpt>
      <trkpt lat="40.07203824356428" lon="116.33883271687434">
        <ele>43.9</ele>
        <time>2026-08-17T11:32:57.000Z</time>
      </trkpt>
      <trkpt lat="40.07206165523405" lon="116.33882120707447">
        <ele>43.9</ele>
        <time>2026-08-17T11:32:58.000Z</time>
      </trkpt>
      <trkpt lat="40.07208496697528" lon="116.33881014147485">
        <ele>43.9</ele>
        <time>2026-08-17T11:32:59.000Z</time>
      </trkpt>
      <trkpt lat="40.0721083627485" lon="116.3388008640644">
        <ele>43.8</ele>
        <time>2026-08-17T11:33:00.000Z</time>
      </trkpt>
      <trkpt lat="40.0721320215332" lon="116.33879434650805">
        <ele>43.8</ele>
        <time>2026-08-17T11:33:01.000Z</time>
      </trkpt>
      <trkpt lat="40.072155955094715" lon="116.33879116448652">
        <ele>43.8</ele>
        <time>2026-08-17T11:33:02.000Z</time>
      </trkpt>
      <trkpt lat="40.072180052962615" lon="116.33879149540861">
        <ele>43.8</ele>
        <time>2026-08-17T11:33:03.000Z</time>
      </trkpt>
      <trkpt lat="40.07220409202392" lon="116.33879494560692">
        <ele>43.8</ele>
        <time>2026-08-17T11:33:04.000Z</time>
      </trkpt>
      <trkpt lat="40.07222792447198" lon="116.33880086195111">
        <ele>43.8</ele>
        <time>2026-08-17T11:33:05.000Z</time>
      </trkpt>
      <trkpt lat="40.07225163944068" lon="116.33880855729358">
        <ele>43.8</ele>
        <time>2026-08-17T11:33:06.000Z</time>
      </trkpt>
      <trkpt lat="40.07227544799162" lon="116.33881700859298">
        <ele>43.8</ele>
        <time>2026-08-17T11:33:07.000Z</time>
      </trkpt>
      <trkpt lat="40.07229946289666" lon="116.33882560543978">
        <ele>43.8</ele>
        <time>2026-08-17T11:33:08.000Z</time>
      </trkpt>
      <trkpt lat="40.07232361439803" lon="116.33883426799774">
        <ele>43.8</ele>
        <time>2026-08-17T11:33:09.000Z</time>
      </trkpt>
      <trkpt lat="40.07234783757789" lon="116.33884260921972">
        <ele>43.8</ele>
        <time>2026-08-17T11:33:10.000Z</time>
      </trkpt>
      <trkpt lat="40.072372162766534" lon="116.33885026678001">
        <ele>43.8</ele>
        <time>2026-08-17T11:33:11.000Z</time>
      </trkpt>
      <trkpt lat="40.07239665764993" lon="116.33885702587351">
        <ele>43.8</ele>
        <time>2026-08-17T11:33:12.000Z</time>
      </trkpt>
      <trkpt lat="40.07242128843018" lon="116.3388627757412">
        <ele>43.8</ele>
        <time>2026-08-17T11:33:13.000Z</time>
      </trkpt>
      <trkpt lat="40.07244596083403" lon="116.3388675581335">
        <ele>43.8</ele>
        <time>2026-08-17T11:33:14.000Z</time>
      </trkpt>
      <trkpt lat="40.07247059044124" lon="116.33887162291278">
        <ele>43.8</ele>
        <time>2026-08-17T11:33:15.000Z</time>
      </trkpt>
      <trkpt lat="40.07249512482876" lon="116.3388756233509">
        <ele>43.7</ele>
        <time>2026-08-17T11:33:16.000Z</time>
      </trkpt>
      <trkpt lat="40.07251960153744" lon="116.33887968304944">
        <ele>43.7</ele>
        <time>2026-08-17T11:33:16.999Z</time>
      </trkpt>
      <trkpt lat="40.07254408111168" lon="116.33888279008214">
        <ele>43.7</ele>
        <time>2026-08-17T11:33:17.999Z</time>
      </trkpt>
      <trkpt lat="40.07256854263239" lon="116.3388838703219">
        <ele>43.7</ele>
        <time>2026-08-17T11:33:18.999Z</time>
      </trkpt>
      <trkpt lat="40.07259288501002" lon="116.3388825664321">
        <ele>43.7</ele>
        <time>2026-08-17T11:33:19.999Z</time>
      </trkpt>
      <trkpt lat="40.072617000915386" lon="116.3388797056154">
        <ele>43.7</ele>
        <time>2026-08-17T11:33:20.999Z</time>
      </trkpt>
      <trkpt lat="40.07264071150978" lon="116.33887691463954">
        <ele>43.7</ele>
        <time>2026-08-17T11:33:21.999Z</time>
      </trkpt>
      <trkpt lat="40.07266378160319" lon="116.33887524359086">
        <ele>43.7</ele>
        <time>2026-08-17T11:33:22.999Z</time>
      </trkpt>
      <trkpt lat="40.07268626992193" lon="116.33887515290638">
        <ele>43.6</ele>
        <time>2026-08-17T11:33:23.999Z</time>
      </trkpt>
      <trkpt lat="40.07270842425743" lon="116.33887664332612">
        <ele>43.6</ele>
        <time>2026-08-17T11:33:24.999Z</time>
      </trkpt>
      <trkpt lat="40.072730411000585" lon="116.3388794762509">
        <ele>43.6</ele>
        <time>2026-08-17T11:33:25.999Z</time>
      </trkpt>
      <trkpt lat="40.07275237245298" lon="116.3388836621294">
        <ele>43.6</ele>
        <time>2026-08-17T11:33:26.999Z</time>
      </trkpt>
      <trkpt lat="40.07277441929177" lon="116.33888888813513">
        <ele>43.6</ele>
        <time>2026-08-17T11:33:27.999Z</time>
      </trkpt>
      <trkpt lat="40.072796616637135" lon="116.33889433908473">
        <ele>43.6</ele>
        <time>2026-08-17T11:33:28.999Z</time>
      </trkpt>
      <trkpt lat="40.07281892115668" lon="116.33889951521319">
        <ele>43.6</ele>
        <time>2026-08-17T11:33:29.999Z</time>
      </trkpt>
      <trkpt lat="40.072841319311365" lon="116.33890451700515">
        <ele>43.6</ele>
        <time>2026-08-17T11:33:30.999Z</time>
      </trkpt>
      <trkpt lat="40.07286384100147" lon="116.33890952061978">
        <ele>43.6</ele>
        <time>2026-08-17T11:33:31.999Z</time>
      </trkpt>
      <trkpt lat="40.07288645493885" lon="116.33891452343231">
        <ele>43.6</ele>
        <time>2026-08-17T11:33:32.999Z</time>
      </trkpt>
      <trkpt lat="40.07290911062872" lon="116.33891909647211">
        <ele>43.6</ele>
        <time>2026-08-17T11:33:33.999Z</time>
      </trkpt>
      <trkpt lat="40.07293175663876" lon="116.33892245672004">
        <ele>43.6</ele>
        <time>2026-08-17T11:33:34.999Z</time>
      </trkpt>
      <trkpt lat="40.072954334781286" lon="116.33892380863807">
        <ele>43.6</ele>
        <time>2026-08-17T11:33:35.999Z</time>
      </trkpt>
      <trkpt lat="40.07297683787629" lon="116.33892249031543">
        <ele>43.6</ele>
        <time>2026-08-17T11:33:36.999Z</time>
      </trkpt>
      <trkpt lat="40.07299928055841" lon="116.33891852443863">
        <ele>43.6</ele>
        <time>2026-08-17T11:33:37.999Z</time>
      </trkpt>
      <trkpt lat="40.07302167694001" lon="116.33891242441298">
        <ele>43.6</ele>
        <time>2026-08-17T11:33:38.999Z</time>
      </trkpt>
      <trkpt lat="40.07304410046739" lon="116.33890512810842">
        <ele>43.6</ele>
        <time>2026-08-17T11:33:39.999Z</time>
      </trkpt>
      <trkpt lat="40.07306651635222" lon="116.3388973780162">
        <ele>43.6</ele>
        <time>2026-08-17T11:33:40.999Z</time>
      </trkpt>
      <trkpt lat="40.073088899136295" lon="116.33888933038294">
        <ele>43.6</ele>
        <time>2026-08-17T11:33:41.999Z</time>
      </trkpt>
      <trkpt lat="40.073111230678386" lon="116.33888123385346">
        <ele>43.6</ele>
        <time>2026-08-17T11:33:42.999Z</time>
      </trkpt>
      <trkpt lat="40.0731333625452" lon="116.33887314599598">
        <ele>43.6</ele>
        <time>2026-08-17T11:33:43.999Z</time>
      </trkpt>
      <trkpt lat="40.07315533650846" lon="116.33886487022261">
        <ele>43.5</ele>
        <time>2026-08-17T11:33:44.999Z</time>
      </trkpt>
      <trkpt lat="40.073177346894774" lon="116.33885636497851">
        <ele>43.5</ele>
        <time>2026-08-17T11:33:45.999Z</time>
      </trkpt>
      <trkpt lat="40.07319956191569" lon="116.33884789473406">
        <ele>43.5</ele>
        <time>2026-08-17T11:33:46.999Z</time>
      </trkpt>
      <trkpt lat="40.073222090572735" lon="116.33883993032192">
        <ele>43.5</ele>
        <time>2026-08-17T11:33:47.999Z</time>
      </trkpt>
      <trkpt lat="40.0732448468264" lon="116.3388328687713">
        <ele>43.5</ele>
        <time>2026-08-17T11:33:48.999Z</time>
      </trkpt>
      <trkpt lat="40.07326768541274" lon="116.33882691687081">
        <ele>43.5</ele>
        <time>2026-08-17T11:33:49.999Z</time>
      </trkpt>
      <trkpt lat="40.07329057483815" lon="116.33882209944272">
        <ele>43.6</ele>
        <time>2026-08-17T11:33:50.999Z</time>
      </trkpt>
      <trkpt lat="40.073313523041755" lon="116.33881851162442">
        <ele>43.6</ele>
        <time>2026-08-17T11:33:51.999Z</time>
      </trkpt>
      <trkpt lat="40.07333649302489" lon="116.33881645148263">
        <ele>43.6</ele>
        <time>2026-08-17T11:33:52.999Z</time>
      </trkpt>
      <trkpt lat="40.07335927412942" lon="116.33881584327727">
        <ele>43.6</ele>
        <time>2026-08-17T11:33:53.999Z</time>
      </trkpt>
      <trkpt lat="40.07338180501891" lon="116.338816378761">
        <ele>43.6</ele>
        <time>2026-08-17T11:33:54.999Z</time>
      </trkpt>
      <trkpt lat="40.073404281583855" lon="116.33881757396867">
        <ele>43.6</ele>
        <time>2026-08-17T11:33:55.999Z</time>
      </trkpt>
      <trkpt lat="40.073426818596374" lon="116.33881878322373">
        <ele>43.7</ele>
        <time>2026-08-17T11:33:56.999Z</time>
      </trkpt>
      <trkpt lat="40.073449368156744" lon="116.33881997011412">
        <ele>43.7</ele>
        <time>2026-08-17T11:33:57.999Z</time>
      </trkpt>
      <trkpt lat="40.07347189975185" lon="116.33882157765474">
        <ele>43.7</ele>
        <time>2026-08-17T11:33:58.999Z</time>
      </trkpt>
      <trkpt lat="40.07349440887467" lon="116.33882435704326">
        <ele>43.7</ele>
        <time>2026-08-17T11:33:59.999Z</time>
      </trkpt>
      <trkpt lat="40.073516676133146" lon="116.33882957827623">
        <ele>43.7</ele>
        <time>2026-08-17T11:34:00.999Z</time>
      </trkpt>
      <trkpt lat="40.07353834050964" lon="116.33883853037567">
        <ele>43.7</ele>
        <time>2026-08-17T11:34:01.999Z</time>
      </trkpt>
      <trkpt lat="40.073559300519065" lon="116.33885105864408">
        <ele>43.7</ele>
        <time>2026-08-17T11:34:02.999Z</time>
      </trkpt>
      <trkpt lat="40.073579661361784" lon="116.33886618087126">
        <ele>43.7</ele>
        <time>2026-08-17T11:34:03.999Z</time>
      </trkpt>
      <trkpt lat="40.07359953039391" lon="116.33888288268685">
        <ele>43.7</ele>
        <time>2026-08-17T11:34:04.999Z</time>
      </trkpt>
      <trkpt lat="40.07361908417464" lon="116.3388998170756">
        <ele>43.7</ele>
        <time>2026-08-17T11:34:05.999Z</time>
      </trkpt>
      <trkpt lat="40.07363857573222" lon="116.33891619397713">
        <ele>43.7</ele>
        <time>2026-08-17T11:34:06.999Z</time>
      </trkpt>
      <trkpt lat="40.07365828272596" lon="116.33893166844325">
        <ele>43.7</ele>
        <time>2026-08-17T11:34:07.999Z</time>
      </trkpt>
      <trkpt lat="40.07367852264185" lon="116.33894586283988">
        <ele>43.7</ele>
        <time>2026-08-17T11:34:08.999Z</time>
      </trkpt>
      <trkpt lat="40.07369930579735" lon="116.33895878498546">
        <ele>43.7</ele>
        <time>2026-08-17T11:34:09.999Z</time>
      </trkpt>
      <trkpt lat="40.0737204096956" lon="116.33897070574861">
        <ele>43.7</ele>
        <time>2026-08-17T11:34:10.999Z</time>
      </trkpt>
      <trkpt lat="40.073741796162196" lon="116.33898170615892">
        <ele>43.7</ele>
        <time>2026-08-17T11:34:11.999Z</time>
      </trkpt>
      <trkpt lat="40.07376337255998" lon="116.3389918768746">
        <ele>43.7</ele>
        <time>2026-08-17T11:34:12.999Z</time>
      </trkpt>
      <trkpt lat="40.073784949080405" lon="116.33900149862882">
        <ele>43.7</ele>
        <time>2026-08-17T11:34:13.999Z</time>
      </trkpt>
      <trkpt lat="40.07380644649209" lon="116.33901111547308">
        <ele>43.7</ele>
        <time>2026-08-17T11:34:14.999Z</time>
      </trkpt>
      <trkpt lat="40.07382800211694" lon="116.33902152052707">
        <ele>43.7</ele>
        <time>2026-08-17T11:34:15.999Z</time>
      </trkpt>
      <trkpt lat="40.07384957315815" lon="116.33903319839163">
        <ele>43.7</ele>
        <time>2026-08-17T11:34:16.999Z</time>
      </trkpt>
      <trkpt lat="40.07387091940347" lon="116.33904589867632">
        <ele>43.6</ele>
        <time>2026-08-17T11:34:17.999Z</time>
      </trkpt>
      <trkpt lat="40.073891946640835" lon="116.33905898619506">
        <ele>43.6</ele>
        <time>2026-08-17T11:34:18.999Z</time>
      </trkpt>
      <trkpt lat="40.07391267402315" lon="116.33907190354957">
        <ele>43.6</ele>
        <time>2026-08-17T11:34:19.999Z</time>
      </trkpt>
      <trkpt lat="40.0739329675916" lon="116.33908462552468">
        <ele>43.6</ele>
        <time>2026-08-17T11:34:20.999Z</time>
      </trkpt>
      <trkpt lat="40.07395268411129" lon="116.33909729282539">
        <ele>43.6</ele>
        <time>2026-08-17T11:34:21.999Z</time>
      </trkpt>
      <trkpt lat="40.0739723335849" lon="116.33910877723973">
        <ele>43.6</ele>
        <time>2026-08-17T11:34:22.999Z</time>
      </trkpt>
      <trkpt lat="40.0739928042367" lon="116.33911704883359">
        <ele>43.6</ele>
        <time>2026-08-17T11:34:23.999Z</time>
      </trkpt>
      <trkpt lat="40.07401443771754" lon="116.33912091919618">
        <ele>43.6</ele>
        <time>2026-08-17T11:34:24.999Z</time>
      </trkpt>
      <trkpt lat="40.07403702234736" lon="116.33912025122163">
        <ele>43.6</ele>
        <time>2026-08-17T11:34:25.999Z</time>
      </trkpt>
      <trkpt lat="40.07406017642252" lon="116.33911541089466">
        <ele>43.6</ele>
        <time>2026-08-17T11:34:26.999Z</time>
      </trkpt>
      <trkpt lat="40.07408321485414" lon="116.33910673503705">
        <ele>43.7</ele>
        <time>2026-08-17T11:34:27.999Z</time>
      </trkpt>
      <trkpt lat="40.07410510754101" lon="116.33909372407858">
        <ele>43.7</ele>
        <time>2026-08-17T11:34:28.999Z</time>
      </trkpt>
      <trkpt lat="40.074124810540944" lon="116.33907467259466">
        <ele>43.7</ele>
        <time>2026-08-17T11:34:29.999Z</time>
      </trkpt>
      <trkpt lat="40.074141337568044" lon="116.33904859421342">
        <ele>43.7</ele>
        <time>2026-08-17T11:34:31.000Z</time>
      </trkpt>
      <trkpt lat="40.07415395818644" lon="116.33901689643378">
        <ele>43.8</ele>
        <time>2026-08-17T11:34:32.000Z</time>
      </trkpt>
      <trkpt lat="40.07416213144334" lon="116.33898166284378">
        <ele>43.8</ele>
        <time>2026-08-17T11:34:33.000Z</time>
      </trkpt>
      <trkpt lat="40.07416557742205" lon="116.33894407180874">
        <ele>43.9</ele>
        <time>2026-08-17T11:34:34.000Z</time>
      </trkpt>
      <trkpt lat="40.074165204471846" lon="116.33890520382529">
        <ele>43.9</ele>
        <time>2026-08-17T11:34:35.000Z</time>
      </trkpt>
      <trkpt lat="40.07416298180991" lon="116.33886631405373">
        <ele>43.9</ele>
        <time>2026-08-17T11:34:36.000Z</time>
      </trkpt>
      <trkpt lat="40.074160784901636" lon="116.33882819574121">
        <ele>44.0</ele>
        <time>2026-08-17T11:34:37.000Z</time>
      </trkpt>
      <trkpt lat="40.07415982306591" lon="116.33879135933586">
        <ele>44.0</ele>
        <time>2026-08-17T11:34:38.000Z</time>
      </trkpt>
      <trkpt lat="40.07416082756399" lon="116.3387561911454">
        <ele>44.0</ele>
        <time>2026-08-17T11:34:39.000Z</time>
      </trkpt>
      <trkpt lat="40.074164055721695" lon="116.3387230095906">
        <ele>44.0</ele>
        <time>2026-08-17T11:34:40.000Z</time>
      </trkpt>
      <trkpt lat="40.074169356743425" lon="116.3386922887678">
        <ele>44.0</ele>
        <time>2026-08-17T11:34:41.000Z</time>
      </trkpt>
      <trkpt lat="40.07417617164319" lon="116.33866451194284">
        <ele>44.0</ele>
        <time>2026-08-17T11:34:42.000Z</time>
      </trkpt>
      <trkpt lat="40.074183671708134" lon="116.33863945506207">
        <ele>44.0</ele>
        <time>2026-08-17T11:34:43.000Z</time>
      </trkpt>
      <trkpt lat="40.07419152847695" lon="116.3386165020318">
        <ele>44.0</ele>
        <time>2026-08-17T11:34:44.000Z</time>
      </trkpt>
      <trkpt lat="40.07420036187292" lon="116.33859594639013">
        <ele>44.0</ele>
        <time>2026-08-17T11:34:45.000Z</time>
      </trkpt>
      <trkpt lat="40.07421082099744" lon="116.33857907285226">
        <ele>44.0</ele>
        <time>2026-08-17T11:34:46.000Z</time>
      </trkpt>
      <trkpt lat="40.07422250970203" lon="116.33856726772831">
        <ele>43.9</ele>
        <time>2026-08-17T11:34:47.000Z</time>
      </trkpt>
      <trkpt lat="40.07423465036565" lon="116.33856075031743">
        <ele>43.9</ele>
        <time>2026-08-17T11:34:48.000Z</time>
      </trkpt>
      <trkpt lat="40.07424674370543" lon="116.3385581886639">
        <ele>43.9</ele>
        <time>2026-08-17T11:34:49.000Z</time>
      </trkpt>
      <trkpt lat="40.07425802305563" lon="116.33855785589014">
        <ele>43.9</ele>
        <time>2026-08-17T11:34:50.000Z</time>
      </trkpt>
      <trkpt lat="40.07426691455316" lon="116.338558152716">
        <ele>43.9</ele>
        <time>2026-08-17T11:34:51.000Z</time>
      </trkpt>
      <trkpt lat="40.074271953107335" lon="116.33855913438649">
        <ele>43.9</ele>
        <time>2026-08-17T11:34:52.000Z</time>
      </trkpt>
      <trkpt lat="40.07427352782848" lon="116.3385615723202">
        <ele>43.8</ele>
        <time>2026-08-17T11:34:53.000Z</time>
      </trkpt>
      <trkpt lat="40.0742733372962" lon="116.33856502425047">
        <ele>43.8</ele>
        <time>2026-08-17T11:34:54.000Z</time>
      </trkpt>
      <trkpt lat="40.074272966395924" lon="116.3385687991914">
        <ele>43.8</ele>
        <time>2026-08-17T11:34:55.000Z</time>
      </trkpt>
      <trkpt lat="40.074273846704855" lon="116.33857237103325">
        <ele>43.8</ele>
        <time>2026-08-17T11:34:56.000Z</time>
      </trkpt>
      <trkpt lat="40.07427723547412" lon="116.33857538524074">
        <ele>43.8</ele>
        <time>2026-08-17T11:34:57.000Z</time>
      </trkpt>
      <trkpt lat="40.07428392882151" lon="116.3385777336178">
        <ele>43.8</ele>
        <time>2026-08-17T11:34:58.000Z</time>
      </trkpt>
      <trkpt lat="40.074294533373276" lon="116.33857929999517">
        <ele>43.9</ele>
        <time>2026-08-17T11:34:59.000Z</time>
      </trkpt>
      <trkpt lat="40.0743094111026" lon="116.338579698909">
        <ele>43.9</ele>
        <time>2026-08-17T11:35:00.000Z</time>
      </trkpt>
      <trkpt lat="40.074328475557024" lon="116.33857826381647">
        <ele>43.9</ele>
        <time>2026-08-17T11:35:01.000Z</time>
      </trkpt>
      <trkpt lat="40.074350495437265" lon="116.33857442100854">
        <ele>43.9</ele>
        <time>2026-08-17T11:35:02.000Z</time>
      </trkpt>
      <trkpt lat="40.074373575974924" lon="116.33856814376321">
        <ele>43.9</ele>
        <time>2026-08-17T11:35:03.000Z</time>
      </trkpt>
      <trkpt lat="40.07439652804179" lon="116.33855968303246">
        <ele>43.9</ele>
        <time>2026-08-17T11:35:04.000Z</time>
      </trkpt>
      <trkpt lat="40.07441868476278" lon="116.3385489288097">
        <ele>44.0</ele>
        <time>2026-08-17T11:35:05.000Z</time>
      </trkpt>
      <trkpt lat="40.07443966187356" lon="116.33853533658326">
        <ele>44.0</ele>
        <time>2026-08-17T11:35:06.000Z</time>
      </trkpt>
      <trkpt lat="40.07445903234746" lon="116.33851865548849">
        <ele>44.0</ele>
        <time>2026-08-17T11:35:07.000Z</time>
      </trkpt>
      <trkpt lat="40.07447626160592" lon="116.33849937467994">
        <ele>44.0</ele>
        <time>2026-08-17T11:35:08.000Z</time>
      </trkpt>
      <trkpt lat="40.0744910443856" lon="116.33847870932708">
        <ele>43.9</ele>
        <time>2026-08-17T11:35:08.999Z</time>
      </trkpt>
      <trkpt lat="40.07450360102124" lon="116.33845842478812">
        <ele>43.9</ele>
        <time>2026-08-17T11:35:09.999Z</time>
      </trkpt>
      <trkpt lat="40.07451419410641" lon="116.33844103787823">
        <ele>43.9</ele>
        <time>2026-08-17T11:35:10.999Z</time>
      </trkpt>
      <trkpt lat="40.07452324335253" lon="116.33842818902791">
        <ele>43.9</ele>
        <time>2026-08-17T11:35:11.999Z</time>
      </trkpt>
      <trkpt lat="40.07453151266242" lon="116.33841982544253">
        <ele>43.9</ele>
        <time>2026-08-17T11:35:12.999Z</time>
      </trkpt>
      <trkpt lat="40.0745397560562" lon="116.33841518043974">
        <ele>43.8</ele>
        <time>2026-08-17T11:35:13.999Z</time>
      </trkpt>
      <trkpt lat="40.074548650947676" lon="116.33841326786967">
        <ele>43.8</ele>
        <time>2026-08-17T11:35:14.999Z</time>
      </trkpt>
      <trkpt lat="40.07455852424424" lon="116.3384135065461">
        <ele>43.8</ele>
        <time>2026-08-17T11:35:15.999Z</time>
      </trkpt>
      <trkpt lat="40.07456948453559" lon="116.33841550256177">
        <ele>43.8</ele>
        <time>2026-08-17T11:35:16.999Z</time>
      </trkpt>
      <trkpt lat="40.07458172260174" lon="116.33841886052683">
        <ele>43.8</ele>
        <time>2026-08-17T11:35:17.999Z</time>
      </trkpt>
      <trkpt lat="40.0745953603208" lon="116.33842333175502">
        <ele>43.8</ele>
        <time>2026-08-17T11:35:18.999Z</time>
      </trkpt>
      <trkpt lat="40.07460998006851" lon="116.33842852515971">
        <ele>43.8</ele>
        <time>2026-08-17T11:35:19.999Z</time>
      </trkpt>
      <trkpt lat="40.074625422681144" lon="116.33843365955475">
        <ele>43.8</ele>
        <time>2026-08-17T11:35:20.999Z</time>
      </trkpt>
      <trkpt lat="40.07464157487087" lon="116.33843789455265">
        <ele>43.8</ele>
        <time>2026-08-17T11:35:21.999Z</time>
      </trkpt>
      <trkpt lat="40.07465823318345" lon="116.33844074316512">
        <ele>43.8</ele>
        <time>2026-08-17T11:35:22.999Z</time>
      </trkpt>
      <trkpt lat="40.07467570430281" lon="116.33844213852316">
        <ele>43.8</ele>
        <time>2026-08-17T11:35:23.999Z</time>
      </trkpt>
      <trkpt lat="40.074694184891165" lon="116.3384422115859">
        <ele>43.9</ele>
        <time>2026-08-17T11:35:24.999Z</time>
      </trkpt>
      <trkpt lat="40.074713516276084" lon="116.33844152823892">
        <ele>43.9</ele>
        <time>2026-08-17T11:35:25.999Z</time>
      </trkpt>
      <trkpt lat="40.07473430854562" lon="116.33844059298532">
        <ele>43.9</ele>
        <time>2026-08-17T11:35:26.999Z</time>
      </trkpt>
      <trkpt lat="40.074757490616825" lon="116.33843965379617">
        <ele>43.9</ele>
        <time>2026-08-17T11:35:27.999Z</time>
      </trkpt>
      <trkpt lat="40.074782577253664" lon="116.33843903718257">
        <ele>43.9</ele>
        <time>2026-08-17T11:35:28.999Z</time>
      </trkpt>
      <trkpt lat="40.074808577476624" lon="116.33843874055556">
        <ele>43.9</ele>
        <time>2026-08-17T11:35:29.999Z</time>
      </trkpt>
      <trkpt lat="40.07483491643342" lon="116.33843855480558">
        <ele>43.9</ele>
        <time>2026-08-17T11:35:30.999Z</time>
      </trkpt>
      <trkpt lat="40.07486122150805" lon="116.33843830594168">
        <ele>43.9</ele>
        <time>2026-08-17T11:35:31.999Z</time>
      </trkpt>
      <trkpt lat="40.074887251004306" lon="116.33843799236924">
        <ele>43.9</ele>
        <time>2026-08-17T11:35:32.999Z</time>
      </trkpt>
      <trkpt lat="40.074912876561996" lon="116.3384376446496">
        <ele>43.9</ele>
        <time>2026-08-17T11:35:33.999Z</time>
      </trkpt>
      <trkpt lat="40.074938235834004" lon="116.33843688709837">
        <ele>43.8</ele>
        <time>2026-08-17T11:35:34.999Z</time>
      </trkpt>
      <trkpt lat="40.07496347963732" lon="116.33843520110928">
        <ele>43.8</ele>
        <time>2026-08-17T11:35:35.999Z</time>
      </trkpt>
      <trkpt lat="40.07498857103942" lon="116.33843251291866">
        <ele>43.8</ele>
        <time>2026-08-17T11:35:36.999Z</time>
      </trkpt>
      <trkpt lat="40.075013269572935" lon="116.33842902681342">
        <ele>43.8</ele>
        <time>2026-08-17T11:35:37.999Z</time>
      </trkpt>
      <trkpt lat="40.07503743614319" lon="116.33842463630006">
        <ele>43.8</ele>
        <time>2026-08-17T11:35:38.999Z</time>
      </trkpt>
      <trkpt lat="40.07506131037277" lon="116.33841892714784">
        <ele>43.7</ele>
        <time>2026-08-17T11:35:39.999Z</time>
      </trkpt>
      <trkpt lat="40.075085434848894" lon="116.33841166996528">
        <ele>43.7</ele>
        <time>2026-08-17T11:35:40.999Z</time>
      </trkpt>
      <trkpt lat="40.07511004556267" lon="116.33840291900528">
        <ele>43.7</ele>
        <time>2026-08-17T11:35:41.999Z</time>
      </trkpt>
      <trkpt lat="40.07513479343471" lon="116.33839285180765">
        <ele>43.7</ele>
        <time>2026-08-17T11:35:42.999Z</time>
      </trkpt>
      <trkpt lat="40.07515945042778" lon="116.3383818836248">
        <ele>43.7</ele>
        <time>2026-08-17T11:35:43.999Z</time>
      </trkpt>
      <trkpt lat="40.075183598033625" lon="116.3383702271795">
        <ele>43.7</ele>
        <time>2026-08-17T11:35:44.999Z</time>
      </trkpt>
      <trkpt lat="40.0752058445842" lon="116.33835661009772">
        <ele>43.8</ele>
        <time>2026-08-17T11:35:45.999Z</time>
      </trkpt>
      <trkpt lat="40.075224761677894" lon="116.33833922327452">
        <ele>43.8</ele>
        <time>2026-08-17T11:35:46.999Z</time>
      </trkpt>
      <trkpt lat="40.07523990330236" lon="116.33831713224322">
        <ele>43.9</ele>
        <time>2026-08-17T11:35:47.999Z</time>
      </trkpt>
      <trkpt lat="40.075251653305884" lon="116.33829109044609">
        <ele>44.1</ele>
        <time>2026-08-17T11:35:48.999Z</time>
      </trkpt>
      <trkpt lat="40.07526121526648" lon="116.338263210422">
        <ele>44.2</ele>
        <time>2026-08-17T11:35:49.999Z</time>
      </trkpt>
      <trkpt lat="40.07527042278795" lon="116.33823515387809">
        <ele>44.4</ele>
        <time>2026-08-17T11:35:50.999Z</time>
      </trkpt>
      <trkpt lat="40.075281478943594" lon="116.33820853591428">
        <ele>44.6</ele>
        <time>2026-08-17T11:35:51.999Z</time>
      </trkpt>
      <trkpt lat="40.0752958426834" lon="116.33818506611884">
        <ele>44.8</ele>
        <time>2026-08-17T11:35:52.999Z</time>
      </trkpt>
      <trkpt lat="40.075313689260895" lon="116.33816612356385">
        <ele>45.0</ele>
        <time>2026-08-17T11:35:53.999Z</time>
      </trkpt>
      <trkpt lat="40.075334778331566" lon="116.33815260609092">
        <ele>45.1</ele>
        <time>2026-08-17T11:35:54.999Z</time>
      </trkpt>
      <trkpt lat="40.07535836172081" lon="116.33814411087906">
        <ele>45.3</ele>
        <time>2026-08-17T11:35:55.999Z</time>
      </trkpt>
      <trkpt lat="40.075383225663025" lon="116.33813881897068">
        <ele>45.4</ele>
        <time>2026-08-17T11:35:56.999Z</time>
      </trkpt>
      <trkpt lat="40.07540826302402" lon="116.33813396484372">
        <ele>45.6</ele>
        <time>2026-08-17T11:35:57.999Z</time>
      </trkpt>
      <trkpt lat="40.07543251773929" lon="116.33812665452905">
        <ele>45.7</ele>
        <time>2026-08-17T11:35:58.999Z</time>
      </trkpt>
      <trkpt lat="40.07545484346827" lon="116.33811468248108">
        <ele>45.7</ele>
        <time>2026-08-17T11:35:59.999Z</time>
      </trkpt>
      <trkpt lat="40.07547384214965" lon="116.33809700438336">
        <ele>45.8</ele>
        <time>2026-08-17T11:36:00.999Z</time>
      </trkpt>
      <trkpt lat="40.07548823886343" lon="116.33807363562096">
        <ele>45.8</ele>
        <time>2026-08-17T11:36:01.999Z</time>
      </trkpt>
      <trkpt lat="40.07549730555929" lon="116.33804552765585">
        <ele>45.9</ele>
        <time>2026-08-17T11:36:02.999Z</time>
      </trkpt>
      <trkpt lat="40.075501062442996" lon="116.33801442954592">
        <ele>45.9</ele>
        <time>2026-08-17T11:36:03.999Z</time>
      </trkpt>
      <trkpt lat="40.0755003120868" lon="116.33798230679959">
        <ele>45.9</ele>
        <time>2026-08-17T11:36:04.999Z</time>
      </trkpt>
      <trkpt lat="40.075495657559344" lon="116.33795091961323">
        <ele>45.9</ele>
        <time>2026-08-17T11:36:05.999Z</time>
      </trkpt>
      <trkpt lat="40.07548722693957" lon="116.33792171177532">
        <ele>45.9</ele>
        <time>2026-08-17T11:36:06.999Z</time>
      </trkpt>
      <trkpt lat="40.075474982719605" lon="116.33789603312015">
        <ele>45.9</ele>
        <time>2026-08-17T11:36:07.999Z</time>
      </trkpt>
      <trkpt lat="40.07545993099606" lon="116.33787420856592">
        <ele>45.9</ele>
        <time>2026-08-17T11:36:08.999Z</time>
      </trkpt>
      <trkpt lat="40.07544508201763" lon="116.337854991253">
        <ele>45.9</ele>
        <time>2026-08-17T11:36:09.999Z</time>
      </trkpt>
      <trkpt lat="40.07543397293016" lon="116.33783711554142">
        <ele>45.9</ele>
        <time>2026-08-17T11:36:10.999Z</time>
      </trkpt>
      <trkpt lat="40.07542921013018" lon="116.33782057085432">
        <ele>45.9</ele>
        <time>2026-08-17T11:36:11.999Z</time>
      </trkpt>
      <trkpt lat="40.07543127121817" lon="116.33780740500265">
        <ele>45.9</ele>
        <time>2026-08-17T11:36:12.999Z</time>
      </trkpt>
      <trkpt lat="40.07543845306002" lon="116.33779929471406">
        <ele>45.9</ele>
        <time>2026-08-17T11:36:13.999Z</time>
      </trkpt>
      <trkpt lat="40.075449156610794" lon="116.3377951021216">
        <ele>45.9</ele>
        <time>2026-08-17T11:36:14.999Z</time>
      </trkpt>
      <trkpt lat="40.07546256949683" lon="116.33779310387649">
        <ele>45.8</ele>
        <time>2026-08-17T11:36:15.999Z</time>
        <extensions>
          <gpxtpx:TrackPointExtension>
            <gpxtpx:hr>159</gpxtpx:hr>
          </gpxtpx:TrackPointExtension>
        </extensions>
      </trkpt>
      <trkpt lat="40.075477829428586" lon="116.33779246237185">
        <ele>45.8</ele>
        <time>2026-08-17T11:36:16.999Z</time>
        <extensions>
          <gpxtpx:TrackPointExtension>
            <gpxtpx:hr>159</gpxtpx:hr>
          </gpxtpx:TrackPointExtension>
        </extensions>
      </trkpt>
      <trkpt lat="40.07549458044056" lon="116.33779274252167">
        <ele>45.8</ele>
        <time>2026-08-17T11:36:17.999Z</time>
        <extensions>
          <gpxtpx:TrackPointExtension>
            <gpxtpx:hr>159</gpxtpx:hr>
          </gpxtpx:TrackPointExtension>
        </extensions>
      </trkpt>
      <trkpt lat="40.07551297686361" lon="116.33779373582239">
        <ele>45.8</ele>
        <time>2026-08-17T11:36:18.999Z</time>
        <extensions>
          <gpxtpx:TrackPointExtension>
            <gpxtpx:hr>159</gpxtpx:hr>
          </gpxtpx:TrackPointExtension>
        </extensions>
      </trkpt>
      <trkpt lat="40.07553298305017" lon="116.33779591485353">
        <ele>45.8</ele>
        <time>2026-08-17T11:36:19.999Z</time>
        <extensions>
          <gpxtpx:TrackPointExtension>
            <gpxtpx:hr>159</gpxtpx:hr>
          </gpxtpx:TrackPointExtension>
        </extensions>
      </trkpt>
      <trkpt lat="40.07555355719783" lon="116.33780002776308">
        <ele>45.8</ele>
        <time>2026-08-17T11:36:20.999Z</time>
        <extensions>
          <gpxtpx:TrackPointExtension>
            <gpxtpx:hr>159</gpxtpx:hr>
          </gpxtpx:TrackPointExtension>
        </extensions>
      </trkpt>
      <trkpt lat="40.07557443599498" lon="116.3378062402799">
        <ele>45.8</ele>
        <time>2026-08-17T11:36:21.999Z</time>
        <extensions>
          <gpxtpx:TrackPointExtension>
            <gpxtpx:hr>159</gpxtpx:hr>
          </gpxtpx:TrackPointExtension>
        </extensions>
      </trkpt>
      <trkpt lat="40.07559544844011" lon="116.33781367385312">
        <ele>45.8</ele>
        <time>2026-08-17T11:36:22.999Z</time>
        <extensions>
          <gpxtpx:TrackPointExtension>
            <gpxtpx:hr>159</gpxtpx:hr>
          </gpxtpx:TrackPointExtension>
        </extensions>
      </trkpt>
      <trkpt lat="40.07561659611099" lon="116.337821417741">
        <ele>45.8</ele>
        <time>2026-08-17T11:36:23.999Z</time>
        <extensions>
          <gpxtpx:TrackPointExtension>
            <gpxtpx:hr>159</gpxtpx:hr>
          </gpxtpx:TrackPointExtension>
        </extensions>
      </trkpt>
      <trkpt lat="40.075638232691205" lon="116.33782883209189">
        <ele>45.8</ele>
        <time>2026-08-17T11:36:24.999Z</time>
        <extensions>
          <gpxtpx:TrackPointExtension>
            <gpxtpx:hr>159</gpxtpx:hr>
          </gpxtpx:TrackPointExtension>
        </extensions>
      </trkpt>
      <trkpt lat="40.07566071512942" lon="116.33783539477099">
        <ele>45.9</ele>
        <time>2026-08-17T11:36:25.999Z</time>
        <extensions>
          <gpxtpx:TrackPointExtension>
            <gpxtpx:hr>159</gpxtpx:hr>
          </gpxtpx:TrackPointExtension>
        </extensions>
      </trkpt>
      <trkpt lat="40.07568388570192" lon="116.33784135933709">
        <ele>45.9</ele>
        <time>2026-08-17T11:36:26.999Z</time>
        <extensions>
          <gpxtpx:TrackPointExtension>
            <gpxtpx:hr>159</gpxtpx:hr>
          </gpxtpx:TrackPointExtension>
        </extensions>
      </trkpt>
      <trkpt lat="40.07570813810175" lon="116.33784729925613">
        <ele>45.9</ele>
        <time>2026-08-17T11:36:27.999Z</time>
        <extensions>
          <gpxtpx:TrackPointExtension>
            <gpxtpx:hr>159</gpxtpx:hr>
          </gpxtpx:TrackPointExtension>
        </extensions>
      </trkpt>
      <trkpt lat="40.07573514143046" lon="116.33785343485778">
        <ele>45.9</ele>
        <time>2026-08-17T11:36:28.999Z</time>
        <extensions>
          <gpxtpx:TrackPointExtension>
            <gpxtpx:hr>159</gpxtpx:hr>
          </gpxtpx:TrackPointExtension>
        </extensions>
      </trkpt>
      <trkpt lat="40.075764677445" lon="116.33785906726604">
        <ele>45.9</ele>
        <time>2026-08-17T11:36:29.999Z</time>
        <extensions>
          <gpxtpx:TrackPointExtension>
            <gpxtpx:hr>159</gpxtpx:hr>
          </gpxtpx:TrackPointExtension>
        </extensions>
      </trkpt>
      <trkpt lat="40.07579566204496" lon="116.33786329272297">
        <ele>45.9</ele>
        <time>2026-08-17T11:36:30.999Z</time>
        <extensions>
          <gpxtpx:TrackPointExtension>
            <gpxtpx:hr>159</gpxtpx:hr>
          </gpxtpx:TrackPointExtension>
        </extensions>
      </trkpt>
      <trkpt lat="40.07582728846498" lon="116.3378658634052">
        <ele>45.9</ele>
        <time>2026-08-17T11:36:31.999Z</time>
        <extensions>
          <gpxtpx:TrackPointExtension>
            <gpxtpx:hr>159</gpxtpx:hr>
          </gpxtpx:TrackPointExtension>
        </extensions>
      </trkpt>
      <trkpt lat="40.07585912728879" lon="116.3378669925144">
        <ele>45.9</ele>
        <time>2026-08-17T11:36:32.999Z</time>
        <extensions>
          <gpxtpx:TrackPointExtension>
            <gpxtpx:hr>159</gpxtpx:hr>
          </gpxtpx:TrackPointExtension>
        </extensions>
      </trkpt>
      <trkpt lat="40.075890832772565" lon="116.33786702861774">
        <ele>45.9</ele>
        <time>2026-08-17T11:36:33.999Z</time>
        <extensions>
          <gpxtpx:TrackPointExtension>
            <gpxtpx:hr>159</gpxtpx:hr>
          </gpxtpx:TrackPointExtension>
        </extensions>
      </trkpt>
      <trkpt lat="40.07592219762019" lon="116.33786621559169">
        <ele>45.8</ele>
        <time>2026-08-17T11:36:34.999Z</time>
        <extensions>
          <gpxtpx:TrackPointExtension>
            <gpxtpx:hr>159</gpxtpx:hr>
          </gpxtpx:TrackPointExtension>
        </extensions>
      </trkpt>
      <trkpt lat="40.0759531425037" lon="116.33786459966508">
        <ele>45.8</ele>
        <time>2026-08-17T11:36:36.000Z</time>
        <extensions>
          <gpxtpx:TrackPointExtension>
            <gpxtpx:hr>159</gpxtpx:hr>
          </gpxtpx:TrackPointExtension>
        </extensions>
      </trkpt>
      <trkpt lat="40.07598357162189" lon="116.3378621650362">
        <ele>45.8</ele>
        <time>2026-08-17T11:36:37.000Z</time>
        <extensions>
          <gpxtpx:TrackPointExtension>
            <gpxtpx:hr>159</gpxtpx:hr>
          </gpxtpx:TrackPointExtension>
        </extensions>
      </trkpt>
      <trkpt lat="40.076013728795836" lon="116.33785910076165">
        <ele>45.8</ele>
        <time>2026-08-17T11:36:38.000Z</time>
        <extensions>
          <gpxtpx:TrackPointExtension>
            <gpxtpx:hr>159</gpxtpx:hr>
          </gpxtpx:TrackPointExtension>
        </extensions>
      </trkpt>
      <trkpt lat="40.07604377654702" lon="116.33785601410206">
        <ele>45.8</ele>
        <time>2026-08-17T11:36:39.000Z</time>
        <extensions>
          <gpxtpx:TrackPointExtension>
            <gpxtpx:hr>159</gpxtpx:hr>
          </gpxtpx:TrackPointExtension>
        </extensions>
      </trkpt>
      <trkpt lat="40.0760735313038" lon="116.33785357911255">
        <ele>45.8</ele>
        <time>2026-08-17T11:36:40.000Z</time>
        <extensions>
          <gpxtpx:TrackPointExtension>
            <gpxtpx:hr>159</gpxtpx:hr>
          </gpxtpx:TrackPointExtension>
        </extensions>
      </trkpt>
      <trkpt lat="40.07610288894097" lon="116.33785194961176">
        <ele>45.8</ele>
        <time>2026-08-17T11:36:41.000Z</time>
        <extensions>
          <gpxtpx:TrackPointExtension>
            <gpxtpx:hr>159</gpxtpx:hr>
          </gpxtpx:TrackPointExtension>
        </extensions>
      </trkpt>
      <trkpt lat="40.0761320315707" lon="116.3378507579681">
        <ele>45.8</ele>
        <time>2026-08-17T11:36:42.000Z</time>
        <extensions>
          <gpxtpx:TrackPointExtension>
            <gpxtpx:hr>159</gpxtpx:hr>
          </gpxtpx:TrackPointExtension>
        </extensions>
      </trkpt>
      <trkpt lat="40.07616107253992" lon="116.33784949758079">
        <ele>45.8</ele>
        <time>2026-08-17T11:36:43.000Z</time>
        <extensions>
          <gpxtpx:TrackPointExtension>
            <gpxtpx:hr>159</gpxtpx:hr>
          </gpxtpx:TrackPointExtension>
        </extensions>
      </trkpt>
      <trkpt lat="40.07618989177268" lon="116.3378478682093">
        <ele>45.8</ele>
        <time>2026-08-17T11:36:44.000Z</time>
        <extensions>
          <gpxtpx:TrackPointExtension>
            <gpxtpx:hr>159</gpxtpx:hr>
          </gpxtpx:TrackPointExtension>
        </extensions>
      </trkpt>
      <trkpt lat="40.07621851620264" lon="116.33784572088625">
        <ele>45.8</ele>
        <time>2026-08-17T11:36:45.000Z</time>
        <extensions>
          <gpxtpx:TrackPointExtension>
            <gpxtpx:hr>159</gpxtpx:hr>
          </gpxtpx:TrackPointExtension>
        </extensions>
      </trkpt>
      <trkpt lat="40.07624715511654" lon="116.33784304798188">
        <ele>45.8</ele>
        <time>2026-08-17T11:36:46.000Z</time>
      </trkpt>
      <trkpt lat="40.07627583600804" lon="116.33784010315551">
        <ele>45.8</ele>
        <time>2026-08-17T11:36:47.000Z</time>
      </trkpt>
      <trkpt lat="40.07630452960989" lon="116.33783705289052">
        <ele>45.8</ele>
        <time>2026-08-17T11:36:48.000Z</time>
      </trkpt>
      <trkpt lat="40.07633323639732" lon="116.33783405478752">
        <ele>45.8</ele>
        <time>2026-08-17T11:36:49.000Z</time>
      </trkpt>
      <trkpt lat="40.076361959353" lon="116.33783143070663">
        <ele>45.8</ele>
        <time>2026-08-17T11:36:50.000Z</time>
      </trkpt>
      <trkpt lat="40.07639063154656" lon="116.33782932913154">
        <ele>45.8</ele>
        <time>2026-08-17T11:36:51.000Z</time>
      </trkpt>
      <trkpt lat="40.076419102273036" lon="116.33782752390229">
        <ele>45.8</ele>
        <time>2026-08-17T11:36:52.000Z</time>
      </trkpt>
      <trkpt lat="40.07644734588598" lon="116.33782581800804">
        <ele>45.8</ele>
        <time>2026-08-17T11:36:53.000Z</time>
      </trkpt>
      <trkpt lat="40.076475434505745" lon="116.33782404004678">
        <ele>45.8</ele>
        <time>2026-08-17T11:36:54.000Z</time>
      </trkpt>
      <trkpt lat="40.076503341782065" lon="116.33782209657814">
        <ele>45.8</ele>
        <time>2026-08-17T11:36:55.000Z</time>
      </trkpt>
      <trkpt lat="40.07653109523373" lon="116.33781994862765">
        <ele>45.8</ele>
        <time>2026-08-17T11:36:56.000Z</time>
      </trkpt>
      <trkpt lat="40.07655886257543" lon="116.33781765910865">
        <ele>45.8</ele>
        <time>2026-08-17T11:36:57.000Z</time>
      </trkpt>
      <trkpt lat="40.07658671070577" lon="116.33781547138332">
        <ele>45.8</ele>
        <time>2026-08-17T11:36:58.000Z</time>
      </trkpt>
      <trkpt lat="40.07661455487369" lon="116.33781337492105">
        <ele>45.8</ele>
        <time>2026-08-17T11:36:59.000Z</time>
      </trkpt>
      <trkpt lat="40.07664224527178" lon="116.33781110830375">
        <ele>45.8</ele>
        <time>2026-08-17T11:37:00.000Z</time>
      </trkpt>
      <trkpt lat="40.07666959087583" lon="116.33780849413698">
        <ele>45.8</ele>
        <time>2026-08-17T11:37:01.000Z</time>
      </trkpt>
      <trkpt lat="40.07669644911089" lon="116.33780530937982">
        <ele>45.8</ele>
        <time>2026-08-17T11:37:02.000Z</time>
      </trkpt>
      <trkpt lat="40.07672281949103" lon="116.33780111460185">
        <ele>45.8</ele>
        <time>2026-08-17T11:37:03.000Z</time>
      </trkpt>
      <trkpt lat="40.076748765260874" lon="116.33779540594738">
        <ele>45.8</ele>
        <time>2026-08-17T11:37:03.999Z</time>
      </trkpt>
      <trkpt lat="40.076774341224414" lon="116.33778780250472">
        <ele>45.8</ele>
        <time>2026-08-17T11:37:04.999Z</time>
      </trkpt>
      <trkpt lat="40.07679952594077" lon="116.33777833375387">
        <ele>45.8</ele>
        <time>2026-08-17T11:37:05.999Z</time>
      </trkpt>
      <trkpt lat="40.07682411924877" lon="116.33776681846905">
        <ele>45.8</ele>
        <time>2026-08-17T11:37:06.999Z</time>
      </trkpt>
      <trkpt lat="40.07684774036109" lon="116.3377526365278">
        <ele>45.8</ele>
        <time>2026-08-17T11:37:07.999Z</time>
      </trkpt>
      <trkpt lat="40.07687004159658" lon="116.33773543097357">
        <ele>45.8</ele>
        <time>2026-08-17T11:37:08.999Z</time>
      </trkpt>
      <trkpt lat="40.07689089605706" lon="116.33771525624516">
        <ele>45.8</ele>
        <time>2026-08-17T11:37:09.999Z</time>
      </trkpt>
      <trkpt lat="40.07691044851196" lon="116.3376924510763">
        <ele>45.8</ele>
        <time>2026-08-17T11:37:10.999Z</time>
      </trkpt>
      <trkpt lat="40.076928858917185" lon="116.33766739523">
        <ele>45.8</ele>
        <time>2026-08-17T11:37:11.999Z</time>
      </trkpt>
      <trkpt lat="40.07694616605985" lon="116.33764043491128">
        <ele>45.8</ele>
        <time>2026-08-17T11:37:12.999Z</time>
      </trkpt>
      <trkpt lat="40.076962192901846" lon="116.33761192544603">
        <ele>45.8</ele>
        <time>2026-08-17T11:37:13.999Z</time>
      </trkpt>
      <trkpt lat="40.07697652833356" lon="116.33758195872808">
        <ele>45.8</ele>
        <time>2026-08-17T11:37:14.999Z</time>
      </trkpt>
      <trkpt lat="40.07698892340779" lon="116.33755023791986">
        <ele>45.8</ele>
        <time>2026-08-17T11:37:15.999Z</time>
      </trkpt>
      <trkpt lat="40.07699944565055" lon="116.33751669449774">
        <ele>45.9</ele>
        <time>2026-08-17T11:37:16.999Z</time>
      </trkpt>
      <trkpt lat="40.07700811859833" lon="116.33748176684917">
        <ele>45.9</ele>
        <time>2026-08-17T11:37:17.999Z</time>
      </trkpt>
      <trkpt lat="40.07701467297476" lon="116.33744594701669">
        <ele>45.9</ele>
        <time>2026-08-17T11:37:18.999Z</time>
      </trkpt>
      <trkpt lat="40.07701896110619" lon="116.33740964607179">
        <ele>45.9</ele>
        <time>2026-08-17T11:37:19.999Z</time>
      </trkpt>
      <trkpt lat="40.07702105641452" lon="116.33737313085689">
        <ele>45.9</ele>
        <time>2026-08-17T11:37:20.999Z</time>
      </trkpt>
      <trkpt lat="40.07702108367608" lon="116.33733651103017">
        <ele>45.9</ele>
        <time>2026-08-17T11:37:21.999Z</time>
      </trkpt>
      <trkpt lat="40.07701930281756" lon="116.33730002600284">
        <ele>45.9</ele>
        <time>2026-08-17T11:37:22.999Z</time>
      </trkpt>
      <trkpt lat="40.077015962007" lon="116.33726395883166">
        <ele>45.9</ele>
        <time>2026-08-17T11:37:23.999Z</time>
      </trkpt>
      <trkpt lat="40.07701100985115" lon="116.33722841448652">
        <ele>45.9</ele>
        <time>2026-08-17T11:37:24.999Z</time>
      </trkpt>
      <trkpt lat="40.077004176864826" lon="116.33719364283411">
        <ele>45.9</ele>
        <time>2026-08-17T11:37:25.999Z</time>
      </trkpt>
      <trkpt lat="40.07699525993988" lon="116.33715986619919">
        <ele>45.9</ele>
        <time>2026-08-17T11:37:26.999Z</time>
      </trkpt>
      <trkpt lat="40.076984402567525" lon="116.33712716585767">
        <ele>45.9</ele>
        <time>2026-08-17T11:37:27.999Z</time>
      </trkpt>
      <trkpt lat="40.07697174263291" lon="116.33709575904123">
        <ele>45.9</ele>
        <time>2026-08-17T11:37:28.999Z</time>
      </trkpt>
      <trkpt lat="40.07695734522843" lon="116.33706580860321">
        <ele>45.9</ele>
        <time>2026-08-17T11:37:29.999Z</time>
      </trkpt>
      <trkpt lat="40.07694158560823" lon="116.33703742665462">
        <ele>45.9</ele>
        <time>2026-08-17T11:37:30.999Z</time>
      </trkpt>
      <trkpt lat="40.07692475306247" lon="116.33701082887684">
        <ele>45.9</ele>
        <time>2026-08-17T11:37:31.999Z</time>
      </trkpt>
      <trkpt lat="40.07690680878707" lon="116.33698627633568">
        <ele>45.9</ele>
        <time>2026-08-17T11:37:32.999Z</time>
      </trkpt>
      <trkpt lat="40.07688762331739" lon="116.33696395878273">
        <ele>45.9</ele>
        <time>2026-08-17T11:37:33.999Z</time>
      </trkpt>
      <trkpt lat="40.076867120783234" lon="116.33694383777501">
        <ele>45.9</ele>
        <time>2026-08-17T11:37:34.999Z</time>
      </trkpt>
      <trkpt lat="40.076845238022855" lon="116.33692590936482">
        <ele>45.9</ele>
        <time>2026-08-17T11:37:35.999Z</time>
      </trkpt>
      <trkpt lat="40.07682184035057" lon="116.33691024043954">
        <ele>45.9</ele>
        <time>2026-08-17T11:37:36.999Z</time>
      </trkpt>
      <trkpt lat="40.07679712730887" lon="116.33689662961676">
        <ele>45.9</ele>
        <time>2026-08-17T11:37:37.999Z</time>
      </trkpt>
      <trkpt lat="40.076771672796845" lon="116.33688498212298">
        <ele>45.9</ele>
        <time>2026-08-17T11:37:38.999Z</time>
      </trkpt>
      <trkpt lat="40.07674587073153" lon="116.33687557285342">
        <ele>45.9</ele>
        <time>2026-08-17T11:37:39.999Z</time>
      </trkpt>
      <trkpt lat="40.076719707799846" lon="116.3368684299996">
        <ele>45.9</ele>
        <time>2026-08-17T11:37:40.999Z</time>
      </trkpt>
      <trkpt lat="40.07669310077626" lon="116.33686345915908">
        <ele>45.9</ele>
        <time>2026-08-17T11:37:41.999Z</time>
      </trkpt>
      <trkpt lat="40.07666599077602" lon="116.33686041785887">
        <ele>45.9</ele>
        <time>2026-08-17T11:37:42.999Z</time>
      </trkpt>
      <trkpt lat="40.07663843688351" lon="116.33685885588055">
        <ele>45.9</ele>
        <time>2026-08-17T11:37:43.999Z</time>
      </trkpt>
      <trkpt lat="40.07661064460047" lon="116.33685859691717">
        <ele>45.9</ele>
        <time>2026-08-17T11:37:44.999Z</time>
      </trkpt>
      <trkpt lat="40.07658279220356" lon="116.3368595318542">
        <ele>45.9</ele>
        <time>2026-08-17T11:37:45.999Z</time>
      </trkpt>
      <trkpt lat="40.07655499234539" lon="116.3368613347809">
        <ele>45.9</ele>
        <time>2026-08-17T11:37:46.999Z</time>
      </trkpt>
      <trkpt lat="40.07652723351413" lon="116.33686336866616">
        <ele>45.9</ele>
        <time>2026-08-17T11:37:47.999Z</time>
      </trkpt>
      <trkpt lat="40.07649940316382" lon="116.3368653524774">
        <ele>45.9</ele>
        <time>2026-08-17T11:37:48.999Z</time>
      </trkpt>
      <trkpt lat="40.07647148866695" lon="116.3368676195107">
        <ele>45.9</ele>
        <time>2026-08-17T11:37:49.999Z</time>
      </trkpt>
      <trkpt lat="40.07644353190631" lon="116.33687036959893">
        <ele>45.9</ele>
        <time>2026-08-17T11:37:50.999Z</time>
      </trkpt>
      <trkpt lat="40.07641567811863" lon="116.33687343337714">
        <ele>45.9</ele>
        <time>2026-08-17T11:37:51.999Z</time>
      </trkpt>
      <trkpt lat="40.076388053123374" lon="116.33687651430851">
        <ele>45.9</ele>
        <time>2026-08-17T11:37:52.999Z</time>
      </trkpt>
      <trkpt lat="40.076360750093215" lon="116.3368793898615">
        <ele>45.9</ele>
        <time>2026-08-17T11:37:53.999Z</time>
      </trkpt>
      <trkpt lat="40.07633383391096" lon="116.33688206038477">
        <ele>45.9</ele>
        <time>2026-08-17T11:37:54.999Z</time>
      </trkpt>
      <trkpt lat="40.07630708916777" lon="116.33688465015447">
        <ele>45.9</ele>
        <time>2026-08-17T11:37:55.999Z</time>
      </trkpt>
      <trkpt lat="40.07628036025003" lon="116.33688727551791">
        <ele>45.9</ele>
        <time>2026-08-17T11:37:56.999Z</time>
      </trkpt>
      <trkpt lat="40.07625374884244" lon="116.33688997050207">
        <ele>45.9</ele>
        <time>2026-08-17T11:37:57.999Z</time>
      </trkpt>
      <trkpt lat="40.0762273529153" lon="116.33689234377098">
        <ele>45.9</ele>
        <time>2026-08-17T11:37:58.999Z</time>
      </trkpt>
      <trkpt lat="40.07620115423042" lon="116.33689366366393">
        <ele>45.8</ele>
        <time>2026-08-17T11:37:59.999Z</time>
      </trkpt>
      <trkpt lat="40.07617507106248" lon="116.33689363039342">
        <ele>45.8</ele>
        <time>2026-08-17T11:38:00.999Z</time>
      </trkpt>
      <trkpt lat="40.07614903643257" lon="116.33689281950268">
        <ele>45.8</ele>
        <time>2026-08-17T11:38:01.999Z</time>
      </trkpt>
      <trkpt lat="40.076123077798414" lon="116.33689229069302">
        <ele>45.8</ele>
        <time>2026-08-17T11:38:02.999Z</time>
      </trkpt>
      <trkpt lat="40.07609713662477" lon="116.33689278558417">
        <ele>45.8</ele>
        <time>2026-08-17T11:38:03.999Z</time>
      </trkpt>
      <trkpt lat="40.07607101730016" lon="116.33689420248304">
        <ele>45.8</ele>
        <time>2026-08-17T11:38:04.999Z</time>
      </trkpt>
      <trkpt lat="40.0760446087956" lon="116.33689575771555">
        <ele>45.8</ele>
        <time>2026-08-17T11:38:05.999Z</time>
      </trkpt>
      <trkpt lat="40.07601810693222" lon="116.33689680679689">
        <ele>45.8</ele>
        <time>2026-08-17T11:38:06.999Z</time>
      </trkpt>
      <trkpt lat="40.075991723947055" lon="116.33689728874488">
        <ele>45.9</ele>
        <time>2026-08-17T11:38:07.999Z</time>
      </trkpt>
      <trkpt lat="40.07596561399323" lon="116.33689733841462">
        <ele>45.9</ele>
        <time>2026-08-17T11:38:08.999Z</time>
      </trkpt>
      <trkpt lat="40.07593992536492" lon="116.33689733723769">
        <ele>45.9</ele>
        <time>2026-08-17T11:38:09.999Z</time>
      </trkpt>
      <trkpt lat="40.075914546700545" lon="116.33689774109546">
        <ele>45.9</ele>
        <time>2026-08-17T11:38:10.999Z</time>
      </trkpt>
      <trkpt lat="40.07588927361715" lon="116.3368985914397">
        <ele>45.9</ele>
        <time>2026-08-17T11:38:11.999Z</time>
      </trkpt>
      <trkpt lat="40.0758639629831" lon="116.33689980508123">
        <ele>45.9</ele>
        <time>2026-08-17T11:38:12.999Z</time>
      </trkpt>
      <trkpt lat="40.075838466740045" lon="116.33690129843714">
        <ele>45.9</ele>
        <time>2026-08-17T11:38:13.999Z</time>
      </trkpt>
      <trkpt lat="40.07581277936523" lon="116.33690296001429">
        <ele>45.9</ele>
        <time>2026-08-17T11:38:14.999Z</time>
      </trkpt>
      <trkpt lat="40.07578702561463" lon="116.33690484695633">
        <ele>45.9</ele>
        <time>2026-08-17T11:38:15.999Z</time>
      </trkpt>
      <trkpt lat="40.07576142218505" lon="116.33690716525518">
        <ele>45.9</ele>
        <time>2026-08-17T11:38:16.999Z</time>
      </trkpt>
      <trkpt lat="40.07573621483119" lon="116.33691028428858">
        <ele>46.0</ele>
        <time>2026-08-17T11:38:17.999Z</time>
      </trkpt>
      <trkpt lat="40.07571147912716" lon="116.33691462710813">
        <ele>46.0</ele>
        <time>2026-08-17T11:38:18.999Z</time>
      </trkpt>
      <trkpt lat="40.07568727321371" lon="116.33692062895807">
        <ele>46.0</ele>
        <time>2026-08-17T11:38:19.999Z</time>
      </trkpt>
      <trkpt lat="40.07566362495729" lon="116.33692882828097">
        <ele>46.0</ele>
        <time>2026-08-17T11:38:20.999Z</time>
      </trkpt>
      <trkpt lat="40.07564053430928" lon="116.33693947440838">
        <ele>46.0</ele>
        <time>2026-08-17T11:38:21.999Z</time>
      </trkpt>
      <trkpt lat="40.07561806620551" lon="116.3369526296626">
        <ele>46.0</ele>
        <time>2026-08-17T11:38:22.999Z</time>
      </trkpt>
      <trkpt lat="40.07559666507738" lon="116.33696882090929">
        <ele>46.0</ele>
        <time>2026-08-17T11:38:23.999Z</time>
      </trkpt>
      <trkpt lat="40.075577104109485" lon="116.33698885067685">
        <ele>46.0</ele>
        <time>2026-08-17T11:38:24.999Z</time>
      </trkpt>
      <trkpt lat="40.075559910788115" lon="116.33701315935674">
        <ele>46.0</ele>
        <time>2026-08-17T11:38:25.999Z</time>
      </trkpt>
      <trkpt lat="40.07554501053307" lon="116.3370415013619">
        <ele>46.0</ele>
        <time>2026-08-17T11:38:26.999Z</time>
      </trkpt>
      <trkpt lat="40.07553202143271" lon="116.33707272240126">
        <ele>46.0</ele>
        <time>2026-08-17T11:38:27.999Z</time>
      </trkpt>
      <trkpt lat="40.075520515686655" lon="116.33710552930829">
        <ele>46.0</ele>
        <time>2026-08-17T11:38:28.999Z</time>
      </trkpt>
      <trkpt lat="40.07550994825153" lon="116.33713918208986">
        <ele>46.0</ele>
        <time>2026-08-17T11:38:29.999Z</time>
      </trkpt>
      <trkpt lat="40.07550000866114" lon="116.33717326225423">
        <ele>46.0</ele>
        <time>2026-08-17T11:38:30.999Z</time>
      </trkpt>
      <trkpt lat="40.075490633393585" lon="116.3372074950277">
        <ele>46.0</ele>
        <time>2026-08-17T11:38:31.999Z</time>
      </trkpt>
      <trkpt lat="40.075481790720104" lon="116.33724171890483">
        <ele>46.0</ele>
        <time>2026-08-17T11:38:32.999Z</time>
      </trkpt>
      <trkpt lat="40.07547355233883" lon="116.33727594209198">
        <ele>46.0</ele>
        <time>2026-08-17T11:38:33.999Z</time>
      </trkpt>
      <trkpt lat="40.07546609658013" lon="116.3373102469241">
        <ele>46.0</ele>
        <time>2026-08-17T11:38:34.999Z</time>
      </trkpt>
      <trkpt lat="40.0754595715459" lon="116.337344657374">
        <ele>46.0</ele>
        <time>2026-08-17T11:38:35.999Z</time>
      </trkpt>
      <trkpt lat="40.07545412308661" lon="116.33737916404974">
        <ele>46.0</ele>
        <time>2026-08-17T11:38:36.999Z</time>
      </trkpt>
      <trkpt lat="40.07545001275592" lon="116.3374136886589">
        <ele>46.0</ele>
        <time>2026-08-17T11:38:37.999Z</time>
      </trkpt>
      <trkpt lat="40.07544753462597" lon="116.33744796195204">
        <ele>46.0</ele>
        <time>2026-08-17T11:38:38.999Z</time>
      </trkpt>
      <trkpt lat="40.075447023124624" lon="116.33748164629517">
        <ele>46.0</ele>
        <time>2026-08-17T11:38:39.999Z</time>
      </trkpt>
      <trkpt lat="40.075448947392815" lon="116.33751457411898">
        <ele>46.0</ele>
        <time>2026-08-17T11:38:40.999Z</time>
      </trkpt>
      <trkpt lat="40.07545359865105" lon="116.33754675991464">
        <ele>46.0</ele>
        <time>2026-08-17T11:38:41.999Z</time>
      </trkpt>
      <trkpt lat="40.07546083568953" lon="116.33757815428301">
        <ele>46.0</ele>
        <time>2026-08-17T11:38:42.999Z</time>
      </trkpt>
      <trkpt lat="40.075470215104986" lon="116.33760878832513">
        <ele>46.0</ele>
        <time>2026-08-17T11:38:43.999Z</time>
      </trkpt>
      <trkpt lat="40.07548122109639" lon="116.33763866188245">
        <ele>46.0</ele>
        <time>2026-08-17T11:38:45.000Z</time>
      </trkpt>
      <trkpt lat="40.07549359476703" lon="116.33766767570327">
        <ele>46.0</ele>
        <time>2026-08-17T11:38:46.000Z</time>
      </trkpt>
      <trkpt lat="40.075507421191226" lon="116.33769553598337">
        <ele>46.0</ele>
        <time>2026-08-17T11:38:47.000Z</time>
      </trkpt>
      <trkpt lat="40.075522685325915" lon="116.33772203297889">
        <ele>46.0</ele>
        <time>2026-08-17T11:38:48.000Z</time>
      </trkpt>
      <trkpt lat="40.07553921602916" lon="116.3377470008086">
        <ele>46.0</ele>
        <time>2026-08-17T11:38:49.000Z</time>
      </trkpt>
      <trkpt lat="40.07555686871687" lon="116.33777038750736">
        <ele>46.0</ele>
        <time>2026-08-17T11:38:50.000Z</time>
      </trkpt>
      <trkpt lat="40.0755754763888" lon="116.33779245179976">
        <ele>46.0</ele>
        <time>2026-08-17T11:38:51.000Z</time>
      </trkpt>
      <trkpt lat="40.07559486753437" lon="116.3378133581605">
        <ele>46.0</ele>
        <time>2026-08-17T11:38:52.000Z</time>
      </trkpt>
      <trkpt lat="40.07561505065945" lon="116.33783292408415">
        <ele>46.0</ele>
        <time>2026-08-17T11:38:53.000Z</time>
      </trkpt>
      <trkpt lat="40.075636239763924" lon="116.33785069992405">
        <ele>46.0</ele>
        <time>2026-08-17T11:38:54.000Z</time>
      </trkpt>
      <trkpt lat="40.07565854139592" lon="116.33786630265682">
        <ele>46.0</ele>
        <time>2026-08-17T11:38:55.000Z</time>
      </trkpt>
      <trkpt lat="40.075681675428385" lon="116.33788001088676">
        <ele>46.0</ele>
        <time>2026-08-17T11:38:56.000Z</time>
      </trkpt>
      <trkpt lat="40.07570519452961" lon="116.33789238262406">
        <ele>46.0</ele>
        <time>2026-08-17T11:38:57.000Z</time>
      </trkpt>
      <trkpt lat="40.075729030434246" lon="116.33790326313773">
        <ele>46.0</ele>
        <time>2026-08-17T11:38:58.000Z</time>
      </trkpt>
      <trkpt lat="40.07575335194923" lon="116.33791214399473">
        <ele>46.0</ele>
        <time>2026-08-17T11:38:59.000Z</time>
      </trkpt>
      <trkpt lat="40.07577820964549" lon="116.33791877291873">
        <ele>46.1</ele>
        <time>2026-08-17T11:38:59.999Z</time>
      </trkpt>
      <trkpt lat="40.07580354323505" lon="116.33792330360671">
        <ele>46.1</ele>
        <time>2026-08-17T11:39:00.999Z</time>
      </trkpt>
      <trkpt lat="40.0758290942275" lon="116.33792605727145">
        <ele>46.1</ele>
        <time>2026-08-17T11:39:01.999Z</time>
      </trkpt>
      <trkpt lat="40.07585467494195" lon="116.33792691403275">
        <ele>46.1</ele>
        <time>2026-08-17T11:39:02.999Z</time>
      </trkpt>
      <trkpt lat="40.075880286675776" lon="116.33792566767568">
        <ele>46.1</ele>
        <time>2026-08-17T11:39:03.999Z</time>
      </trkpt>
      <trkpt lat="40.07590585300579" lon="116.33792265526456">
        <ele>46.1</ele>
        <time>2026-08-17T11:39:04.999Z</time>
      </trkpt>
      <trkpt lat="40.07593129299863" lon="116.33791851179657">
        <ele>46.1</ele>
        <time>2026-08-17T11:39:05.999Z</time>
      </trkpt>
      <trkpt lat="40.07595659237014" lon="116.33791383398837">
        <ele>46.1</ele>
        <time>2026-08-17T11:39:06.999Z</time>
      </trkpt>
      <trkpt lat="40.07598177021148" lon="116.33790926960617">
        <ele>46.1</ele>
        <time>2026-08-17T11:39:07.999Z</time>
      </trkpt>
      <trkpt lat="40.076006741621704" lon="116.33790520958733">
        <ele>46.1</ele>
        <time>2026-08-17T11:39:08.999Z</time>
      </trkpt>
      <trkpt lat="40.0760313751446" lon="116.33790147261703">
        <ele>46.1</ele>
        <time>2026-08-17T11:39:09.999Z</time>
      </trkpt>
      <trkpt lat="40.076055694020916" lon="116.3378977160019">
        <ele>46.1</ele>
        <time>2026-08-17T11:39:10.999Z</time>
      </trkpt>
      <trkpt lat="40.07607990821886" lon="116.33789384293165">
        <ele>46.0</ele>
        <time>2026-08-17T11:39:11.999Z</time>
      </trkpt>
      <trkpt lat="40.07610419238612" lon="116.33788994902405">
        <ele>46.0</ele>
        <time>2026-08-17T11:39:12.999Z</time>
      </trkpt>
      <trkpt lat="40.07612860874752" lon="116.33788609962062">
        <ele>46.0</ele>
        <time>2026-08-17T11:39:13.999Z</time>
      </trkpt>
      <trkpt lat="40.076153191654335" lon="116.33788252511857">
        <ele>46.0</ele>
        <time>2026-08-17T11:39:14.999Z</time>
      </trkpt>
      <trkpt lat="40.07617773343916" lon="116.33787961122788">
        <ele>46.0</ele>
        <time>2026-08-17T11:39:15.999Z</time>
      </trkpt>
      <trkpt lat="40.07620194992162" lon="116.33787739532447">
        <ele>46.0</ele>
        <time>2026-08-17T11:39:16.999Z</time>
      </trkpt>
      <trkpt lat="40.07622591952581" lon="116.33787532058639">
        <ele>46.0</ele>
        <time>2026-08-17T11:39:17.999Z</time>
      </trkpt>
      <trkpt lat="40.076249972621305" lon="116.33787247900655">
        <ele>46.0</ele>
        <time>2026-08-17T11:39:18.999Z</time>
      </trkpt>
      <trkpt lat="40.07627443562862" lon="116.33786862051437">
        <ele>46.0</ele>
        <time>2026-08-17T11:39:19.999Z</time>
      </trkpt>
      <trkpt lat="40.07629917661829" lon="116.33786454730625">
        <ele>46.0</ele>
        <time>2026-08-17T11:39:20.999Z</time>
      </trkpt>
      <trkpt lat="40.07632392709256" lon="116.33786123194956">
        <ele>46.0</ele>
        <time>2026-08-17T11:39:21.999Z</time>
      </trkpt>
      <trkpt lat="40.07634857444267" lon="116.33785877843103">
        <ele>46.0</ele>
        <time>2026-08-17T11:39:22.999Z</time>
      </trkpt>
      <trkpt lat="40.07637312967211" lon="116.33785657207491">
        <ele>46.0</ele>
        <time>2026-08-17T11:39:23.999Z</time>
      </trkpt>
      <trkpt lat="40.076397782154636" lon="116.33785404008145">
        <ele>46.0</ele>
        <time>2026-08-17T11:39:24.999Z</time>
      </trkpt>
      <trkpt lat="40.076422581730185" lon="116.33785083033612">
        <ele>46.0</ele>
        <time>2026-08-17T11:39:25.999Z</time>
      </trkpt>
      <trkpt lat="40.07644747220794" lon="116.3378468050393">
        <ele>46.0</ele>
        <time>2026-08-17T11:39:26.999Z</time>
      </trkpt>
      <trkpt lat="40.07647235520927" lon="116.33784203161615">
        <ele>46.0</ele>
        <time>2026-08-17T11:39:27.999Z</time>
      </trkpt>
      <trkpt lat="40.07649706891273" lon="116.33783676348875">
        <ele>46.0</ele>
        <time>2026-08-17T11:39:28.999Z</time>
      </trkpt>
      <trkpt lat="40.07652164064626" lon="116.33783102224878">
        <ele>46.0</ele>
        <time>2026-08-17T11:39:29.999Z</time>
      </trkpt>
      <trkpt lat="40.076546272806624" lon="116.33782500390484">
        <ele>46.0</ele>
        <time>2026-08-17T11:39:30.999Z</time>
      </trkpt>
      <trkpt lat="40.076571018459816" lon="116.33781952470154">
        <ele>46.0</ele>
        <time>2026-08-17T11:39:31.999Z</time>
      </trkpt>
      <trkpt lat="40.07659571077406" lon="116.33781560912774">
        <ele>46.1</ele>
        <time>2026-08-17T11:39:32.999Z</time>
      </trkpt>
      <trkpt lat="40.07662007280562" lon="116.33781381047416">
        <ele>46.1</ele>
        <time>2026-08-17T11:39:33.999Z</time>
      </trkpt>
      <trkpt lat="40.07664409812231" lon="116.3378138039006">
        <ele>46.1</ele>
        <time>2026-08-17T11:39:34.999Z</time>
      </trkpt>
      <trkpt lat="40.07666794970257" lon="116.33781457801568">
        <ele>46.1</ele>
        <time>2026-08-17T11:39:35.999Z</time>
      </trkpt>
      <trkpt lat="40.076691791889665" lon="116.33781508478506">
        <ele>46.1</ele>
        <time>2026-08-17T11:39:36.999Z</time>
      </trkpt>
      <trkpt lat="40.07671572596938" lon="116.33781507669259">
        <ele>46.1</ele>
        <time>2026-08-17T11:39:37.999Z</time>
      </trkpt>
      <trkpt lat="40.07673970627208" lon="116.33781485189223">
        <ele>46.1</ele>
        <time>2026-08-17T11:39:38.999Z</time>
      </trkpt>
      <trkpt lat="40.076763505730156" lon="116.33781408105516">
        <ele>46.1</ele>
        <time>2026-08-17T11:39:39.999Z</time>
      </trkpt>
      <trkpt lat="40.07678687114543" lon="116.33781165274827">
        <ele>46.1</ele>
        <time>2026-08-17T11:39:40.999Z</time>
      </trkpt>
      <trkpt lat="40.076809698439085" lon="116.3378065747489">
        <ele>46.1</ele>
        <time>2026-08-17T11:39:41.999Z</time>
      </trkpt>
      <trkpt lat="40.07683189884086" lon="116.33779804210778">
        <ele>46.1</ele>
        <time>2026-08-17T11:39:42.999Z</time>
      </trkpt>
      <trkpt lat="40.07685327001387" lon="116.33778569793492">
        <ele>46.1</ele>
        <time>2026-08-17T11:39:43.999Z</time>
      </trkpt>
      <trkpt lat="40.07687363958682" lon="116.33776975156431">
        <ele>46.1</ele>
        <time>2026-08-17T11:39:44.999Z</time>
      </trkpt>
      <trkpt lat="40.07689284564907" lon="116.33775042127144">
        <ele>46.1</ele>
        <time>2026-08-17T11:39:45.999Z</time>
      </trkpt>
      <trkpt lat="40.076910601866174" lon="116.33772790742958">
        <ele>46.1</ele>
        <time>2026-08-17T11:39:46.999Z</time>
      </trkpt>
      <trkpt lat="40.07692674584556" lon="116.3377024718624">
        <ele>46.1</ele>
        <time>2026-08-17T11:39:47.999Z</time>
      </trkpt>
      <trkpt lat="40.07694146019215" lon="116.33767480277847">
        <ele>46.1</ele>
        <time>2026-08-17T11:39:48.999Z</time>
      </trkpt>
      <trkpt lat="40.076954990795485" lon="116.33764570853198">
        <ele>46.1</ele>
        <time>2026-08-17T11:39:49.999Z</time>
      </trkpt>
      <trkpt lat="40.07696727012723" lon="116.33761539505146">
        <ele>46.1</ele>
        <time>2026-08-17T11:39:50.999Z</time>
      </trkpt>
      <trkpt lat="40.07697808598796" lon="116.33758378143611">
        <ele>46.1</ele>
        <time>2026-08-17T11:39:51.999Z</time>
      </trkpt>
      <trkpt lat="40.07698737371526" lon="116.33755096676931">
        <ele>46.1</ele>
        <time>2026-08-17T11:39:52.999Z</time>
      </trkpt>
      <trkpt lat="40.07699516069131" lon="116.33751717774766">
        <ele>46.1</ele>
        <time>2026-08-17T11:39:53.999Z</time>
      </trkpt>
      <trkpt lat="40.07700161522108" lon="116.33748282333649">
        <ele>46.1</ele>
        <time>2026-08-17T11:39:54.999Z</time>
      </trkpt>
      <trkpt lat="40.07700695271208" lon="116.33744834524468">
        <ele>46.1</ele>
        <time>2026-08-17T11:39:55.999Z</time>
      </trkpt>
      <trkpt lat="40.07701111434902" lon="116.33741396570873">
        <ele>46.1</ele>
        <time>2026-08-17T11:39:56.999Z</time>
      </trkpt>
      <trkpt lat="40.07701383076959" lon="116.33737973924008">
        <ele>46.1</ele>
        <time>2026-08-17T11:39:57.999Z</time>
      </trkpt>
      <trkpt lat="40.077014817662146" lon="116.33734554162531">
        <ele>46.1</ele>
        <time>2026-08-17T11:39:58.999Z</time>
      </trkpt>
      <trkpt lat="40.077014214999004" lon="116.33731134373028">
        <ele>46.1</ele>
        <time>2026-08-17T11:39:59.999Z</time>
      </trkpt>
      <trkpt lat="40.077012520793026" lon="116.33727743884762">
        <ele>46.1</ele>
        <time>2026-08-17T11:40:00.999Z</time>
      </trkpt>
      <trkpt lat="40.07700988338032" lon="116.3372441332781">
        <ele>46.1</ele>
        <time>2026-08-17T11:40:01.999Z</time>
      </trkpt>
      <trkpt lat="40.077006412344254" lon="116.33721151575274">
        <ele>46.1</ele>
        <time>2026-08-17T11:40:02.999Z</time>
      </trkpt>
      <trkpt lat="40.077002237154026" lon="116.33717983484233">
        <ele>46.1</ele>
        <time>2026-08-17T11:40:03.999Z</time>
      </trkpt>
      <trkpt lat="40.076997051412015" lon="116.33714932299081">
        <ele>46.1</ele>
        <time>2026-08-17T11:40:04.999Z</time>
      </trkpt>
      <trkpt lat="40.076990641024494" lon="116.33711976271508">
        <ele>46.1</ele>
        <time>2026-08-17T11:40:05.999Z</time>
      </trkpt>
      <trkpt lat="40.076983037497776" lon="116.33709075920905">
        <ele>46.1</ele>
        <time>2026-08-17T11:40:06.999Z</time>
      </trkpt>
      <trkpt lat="40.076973708738514" lon="116.3370624264673">
        <ele>46.1</ele>
        <time>2026-08-17T11:40:07.999Z</time>
      </trkpt>
      <trkpt lat="40.07696180527513" lon="116.3370356313475">
        <ele>46.1</ele>
        <time>2026-08-17T11:40:08.999Z</time>
      </trkpt>
      <trkpt lat="40.07694684668553" lon="116.33701130528783">
        <ele>46.1</ele>
        <time>2026-08-17T11:40:09.999Z</time>
      </trkpt>
      <trkpt lat="40.07692858437863" lon="116.33698965541595">
        <ele>46.1</ele>
        <time>2026-08-17T11:40:10.999Z</time>
      </trkpt>
      <trkpt lat="40.07690747334632" lon="116.33697003198047">
        <ele>46.1</ele>
        <time>2026-08-17T11:40:11.999Z</time>
      </trkpt>
      <trkpt lat="40.076884874942344" lon="116.33695143740242">
        <ele>46.1</ele>
        <time>2026-08-17T11:40:12.999Z</time>
      </trkpt>
      <trkpt lat="40.07686213648561" lon="116.33693340106413">
        <ele>46.1</ele>
        <time>2026-08-17T11:40:13.999Z</time>
      </trkpt>
      <trkpt lat="40.07683941289904" lon="116.33691662523673">
        <ele>46.1</ele>
        <time>2026-08-17T11:40:14.999Z</time>
      </trkpt>
      <trkpt lat="40.076816046310554" lon="116.33690219151426">
        <ele>46.1</ele>
        <time>2026-08-17T11:40:15.999Z</time>
      </trkpt>
      <trkpt lat="40.076791606441596" lon="116.33689060851175">
        <ele>46.2</ele>
        <time>2026-08-17T11:40:16.999Z</time>
      </trkpt>
      <trkpt lat="40.07676606505283" lon="116.33688178526656">
        <ele>46.2</ele>
        <time>2026-08-17T11:40:17.999Z</time>
      </trkpt>
      <trkpt lat="40.0767396477169" lon="116.33687516981017">
        <ele>46.2</ele>
        <time>2026-08-17T11:40:18.999Z</time>
      </trkpt>
      <trkpt lat="40.07671266354146" lon="116.33687006599799">
        <ele>46.2</ele>
        <time>2026-08-17T11:40:19.999Z</time>
      </trkpt>
      <trkpt lat="40.07668538559512" lon="116.33686627702502">
        <ele>46.2</ele>
        <time>2026-08-17T11:40:20.999Z</time>
      </trkpt>
      <trkpt lat="40.076657998199714" lon="116.33686397870078">
        <ele>46.2</ele>
        <time>2026-08-17T11:40:21.999Z</time>
      </trkpt>
      <trkpt lat="40.07663061218712" lon="116.33686343658579">
        <ele>46.2</ele>
        <time>2026-08-17T11:40:22.999Z</time>
      </trkpt>
      <trkpt lat="40.076603091965126" lon="116.33686487149387">
        <ele>46.2</ele>
        <time>2026-08-17T11:40:23.999Z</time>
      </trkpt>
      <trkpt lat="40.076575194106724" lon="116.33686817151678">
        <ele>46.2</ele>
        <time>2026-08-17T11:40:24.999Z</time>
      </trkpt>
      <trkpt lat="40.0765472227941" lon="116.33687275964807">
        <ele>46.2</ele>
        <time>2026-08-17T11:40:25.999Z</time>
      </trkpt>
      <trkpt lat="40.07651967888665" lon="116.33687761094693">
        <ele>46.2</ele>
        <time>2026-08-17T11:40:26.999Z</time>
      </trkpt>
      <trkpt lat="40.07649259475096" lon="116.33688212763212">
        <ele>46.2</ele>
        <time>2026-08-17T11:40:28.000Z</time>
      </trkpt>
      <trkpt lat="40.076465914858964" lon="116.33688641041394">
        <ele>46.2</ele>
        <time>2026-08-17T11:40:29.000Z</time>
      </trkpt>
      <trkpt lat="40.076439433748305" lon="116.33689052873784">
        <ele>46.2</ele>
        <time>2026-08-17T11:40:30.000Z</time>
      </trkpt>
      <trkpt lat="40.07641300618143" lon="116.33689425652061">
        <ele>46.2</ele>
        <time>2026-08-17T11:40:31.000Z</time>
      </trkpt>
      <trkpt lat="40.076386613287184" lon="116.33689739318369">
        <ele>46.2</ele>
        <time>2026-08-17T11:40:32.000Z</time>
      </trkpt>
      <trkpt lat="40.07636031935263" lon="116.33689991986152">
        <ele>46.2</ele>
        <time>2026-08-17T11:40:33.000Z</time>
      </trkpt>
      <trkpt lat="40.0763340371234" lon="116.33690188948232">
        <ele>46.2</ele>
        <time>2026-08-17T11:40:34.000Z</time>
      </trkpt>
      <trkpt lat="40.076307539583475" lon="116.33690324762021">
        <ele>46.2</ele>
        <time>2026-08-17T11:40:35.000Z</time>
      </trkpt>
      <trkpt lat="40.07628079743502" lon="116.33690385410898">
        <ele>46.2</ele>
        <time>2026-08-17T11:40:36.000Z</time>
      </trkpt>
      <trkpt lat="40.07625406339353" lon="116.33690371160357">
        <ele>46.2</ele>
        <time>2026-08-17T11:40:37.000Z</time>
      </trkpt>
      <trkpt lat="40.0762275428067" lon="116.33690321327794">
        <ele>46.2</ele>
        <time>2026-08-17T11:40:38.000Z</time>
      </trkpt>
      <trkpt lat="40.07620119743794" lon="116.33690265572199">
        <ele>46.2</ele>
        <time>2026-08-17T11:40:39.000Z</time>
      </trkpt>
      <trkpt lat="40.07617485223881" lon="116.33690205654017">
        <ele>46.2</ele>
        <time>2026-08-17T11:40:40.000Z</time>
      </trkpt>
      <trkpt lat="40.07614844419578" lon="116.33690141415329">
        <ele>46.2</ele>
        <time>2026-08-17T11:40:41.000Z</time>
      </trkpt>
      <trkpt lat="40.07612212247581" lon="116.33690085235094">
        <ele>46.2</ele>
        <time>2026-08-17T11:40:42.000Z</time>
      </trkpt>
      <trkpt lat="40.0760959424539" lon="116.33690070108928">
        <ele>46.2</ele>
        <time>2026-08-17T11:40:43.000Z</time>
      </trkpt>
      <trkpt lat="40.0760698605493" lon="116.33690111270245">
        <ele>46.2</ele>
        <time>2026-08-17T11:40:44.000Z</time>
      </trkpt>
      <trkpt lat="40.07604380221592" lon="116.33690174600788">
        <ele>46.1</ele>
        <time>2026-08-17T11:40:45.000Z</time>
      </trkpt>
      <trkpt lat="40.076017788586256" lon="116.33690199260873">
        <ele>46.1</ele>
        <time>2026-08-17T11:40:46.000Z</time>
      </trkpt>
      <trkpt lat="40.075991962459746" lon="116.33690189858038">
        <ele>46.1</ele>
        <time>2026-08-17T11:40:47.000Z</time>
      </trkpt>
      <trkpt lat="40.07596633243306" lon="116.33690231051499">
        <ele>46.1</ele>
        <time>2026-08-17T11:40:48.001Z</time>
      </trkpt>
      <trkpt lat="40.07594083088164" lon="116.33690367474843">
        <ele>46.1</ele>
        <time>2026-08-17T11:40:49.001Z</time>
      </trkpt>
      <trkpt lat="40.075915370261086" lon="116.33690543298617">
        <ele>46.1</ele>
        <time>2026-08-17T11:40:50.001Z</time>
      </trkpt>
      <trkpt lat="40.075889962379925" lon="116.33690690285113">
        <ele>46.1</ele>
        <time>2026-08-17T11:40:51.001Z</time>
      </trkpt>
      <trkpt lat="40.07586457623582" lon="116.33690832441411">
        <ele>46.1</ele>
        <time>2026-08-17T11:40:52.001Z</time>
      </trkpt>
      <trkpt lat="40.075839151192646" lon="116.33691051137333">
        <ele>46.1</ele>
        <time>2026-08-17T11:40:53.001Z</time>
      </trkpt>
      <trkpt lat="40.0758136646592" lon="116.3369137343534">
        <ele>46.1</ele>
        <time>2026-08-17T11:40:54.001Z</time>
      </trkpt>
      <trkpt lat="40.07578810396637" lon="116.33691726610235">
        <ele>46.1</ele>
        <time>2026-08-17T11:40:55.001Z</time>
      </trkpt>
      <trkpt lat="40.07576247547031" lon="116.3369201982179">
        <ele>46.1</ele>
        <time>2026-08-17T11:40:56.001Z</time>
      </trkpt>
      <trkpt lat="40.07573683232557" lon="116.33692225286866">
        <ele>46.1</ele>
        <time>2026-08-17T11:40:57.001Z</time>
      </trkpt>
      <trkpt lat="40.07571117142112" lon="116.33692356110683">
        <ele>46.1</ele>
        <time>2026-08-17T11:40:58.001Z</time>
      </trkpt>
      <trkpt lat="40.0756854657148" lon="116.33692456930483">
        <ele>46.1</ele>
        <time>2026-08-17T11:40:59.001Z</time>
      </trkpt>
      <trkpt lat="40.07565975512445" lon="116.33692609490248">
        <ele>46.1</ele>
        <time>2026-08-17T11:41:00.001Z</time>
      </trkpt>
      <trkpt lat="40.07563418763908" lon="116.33692919242569">
        <ele>46.1</ele>
        <time>2026-08-17T11:41:01.001Z</time>
      </trkpt>
      <trkpt lat="40.075609154895865" lon="116.33693500771611">
        <ele>46.1</ele>
        <time>2026-08-17T11:41:02.001Z</time>
      </trkpt>
      <trkpt lat="40.07558528777494" lon="116.33694475499368">
        <ele>46.2</ele>
        <time>2026-08-17T11:41:03.001Z</time>
      </trkpt>
      <trkpt lat="40.07556335428573" lon="116.33695952019694">
        <ele>46.2</ele>
        <time>2026-08-17T11:41:04.001Z</time>
      </trkpt>
      <trkpt lat="40.07554419876836" lon="116.33697984721117">
        <ele>46.2</ele>
        <time>2026-08-17T11:41:05.001Z</time>
      </trkpt>
      <trkpt lat="40.07552849171891" lon="116.33700570988103">
        <ele>46.2</ele>
        <time>2026-08-17T11:41:06.001Z</time>
      </trkpt>
      <trkpt lat="40.075516176697775" lon="116.33703629913539">
        <ele>46.2</ele>
        <time>2026-08-17T11:41:07.001Z</time>
      </trkpt>
      <trkpt lat="40.075506510174655" lon="116.33707013770632">
        <ele>46.2</ele>
        <time>2026-08-17T11:41:08.000Z</time>
      </trkpt>
      <trkpt lat="40.07549864799616" lon="116.33710586135005">
        <ele>46.2</ele>
        <time>2026-08-17T11:41:09.000Z</time>
      </trkpt>
      <trkpt lat="40.07549194848467" lon="116.3371424774103">
        <ele>46.2</ele>
        <time>2026-08-17T11:41:10.000Z</time>
      </trkpt>
      <trkpt lat="40.07548627111375" lon="116.33717931267036">
        <ele>46.2</ele>
        <time>2026-08-17T11:41:11.000Z</time>
      </trkpt>
      <trkpt lat="40.07548181188113" lon="116.33721611187563">
        <ele>46.2</ele>
        <time>2026-08-17T11:41:12.000Z</time>
      </trkpt>
      <trkpt lat="40.07547850345425" lon="116.33725291457858">
        <ele>46.2</ele>
        <time>2026-08-17T11:41:13.000Z</time>
      </trkpt>
      <trkpt lat="40.075476021467004" lon="116.33728980115133">
        <ele>46.2</ele>
        <time>2026-08-17T11:41:14.000Z</time>
      </trkpt>
      <trkpt lat="40.07547420643772" lon="116.33732682434291">
        <ele>46.2</ele>
        <time>2026-08-17T11:41:15.000Z</time>
      </trkpt>
      <trkpt lat="40.07547315268409" lon="116.33736398230538">
        <ele>46.3</ele>
        <time>2026-08-17T11:41:16.000Z</time>
      </trkpt>
      <trkpt lat="40.07547291399428" lon="116.33740121771102">
        <ele>46.3</ele>
        <time>2026-08-17T11:41:17.000Z</time>
        <extensions>
          <gpxtpx:TrackPointExtension>
            <gpxtpx:hr>162</gpxtpx:hr>
          </gpxtpx:TrackPointExtension>
        </extensions>
      </trkpt>
      <trkpt lat="40.07547344247625" lon="116.33743834112664">
        <ele>46.3</ele>
        <time>2026-08-17T11:41:18.000Z</time>
        <extensions>
          <gpxtpx:TrackPointExtension>
            <gpxtpx:hr>162</gpxtpx:hr>
          </gpxtpx:TrackPointExtension>
        </extensions>
      </trkpt>
      <trkpt lat="40.0754749275284" lon="116.33747507930904">
        <ele>46.3</ele>
        <time>2026-08-17T11:41:19.000Z</time>
        <extensions>
          <gpxtpx:TrackPointExtension>
            <gpxtpx:hr>162</gpxtpx:hr>
          </gpxtpx:TrackPointExtension>
        </extensions>
      </trkpt>
      <trkpt lat="40.07547779164326" lon="116.33751123542312">
        <ele>46.3</ele>
        <time>2026-08-17T11:41:20.000Z</time>
        <extensions>
          <gpxtpx:TrackPointExtension>
            <gpxtpx:hr>162</gpxtpx:hr>
          </gpxtpx:TrackPointExtension>
        </extensions>
      </trkpt>
      <trkpt lat="40.0754823237542" lon="116.33754666319858">
        <ele>46.3</ele>
        <time>2026-08-17T11:41:21.000Z</time>
        <extensions>
          <gpxtpx:TrackPointExtension>
            <gpxtpx:hr>162</gpxtpx:hr>
          </gpxtpx:TrackPointExtension>
        </extensions>
      </trkpt>
      <trkpt lat="40.07548873058518" lon="116.33758119608366">
        <ele>46.3</ele>
        <time>2026-08-17T11:41:22.000Z</time>
        <extensions>
          <gpxtpx:TrackPointExtension>
            <gpxtpx:hr>162</gpxtpx:hr>
          </gpxtpx:TrackPointExtension>
        </extensions>
      </trkpt>
      <trkpt lat="40.07549735671036" lon="116.33761463517226">
        <ele>46.3</ele>
        <time>2026-08-17T11:41:23.000Z</time>
        <extensions>
          <gpxtpx:TrackPointExtension>
            <gpxtpx:hr>162</gpxtpx:hr>
          </gpxtpx:TrackPointExtension>
        </extensions>
      </trkpt>
      <trkpt lat="40.07550836064877" lon="116.33764676319633">
        <ele>46.3</ele>
        <time>2026-08-17T11:41:24.000Z</time>
        <extensions>
          <gpxtpx:TrackPointExtension>
            <gpxtpx:hr>162</gpxtpx:hr>
          </gpxtpx:TrackPointExtension>
        </extensions>
      </trkpt>
      <trkpt lat="40.075521488179625" lon="116.33767737661834">
        <ele>46.3</ele>
        <time>2026-08-17T11:41:25.000Z</time>
        <extensions>
          <gpxtpx:TrackPointExtension>
            <gpxtpx:hr>162</gpxtpx:hr>
          </gpxtpx:TrackPointExtension>
        </extensions>
      </trkpt>
      <trkpt lat="40.07553639889288" lon="116.33770632327179">
        <ele>46.3</ele>
        <time>2026-08-17T11:41:26.000Z</time>
        <extensions>
          <gpxtpx:TrackPointExtension>
            <gpxtpx:hr>162</gpxtpx:hr>
          </gpxtpx:TrackPointExtension>
        </extensions>
      </trkpt>
      <trkpt lat="40.075552921573056" lon="116.33773350278018">
        <ele>46.2</ele>
        <time>2026-08-17T11:41:27.000Z</time>
        <extensions>
          <gpxtpx:TrackPointExtension>
            <gpxtpx:hr>162</gpxtpx:hr>
          </gpxtpx:TrackPointExtension>
        </extensions>
      </trkpt>
      <trkpt lat="40.075571125648274" lon="116.33775887210886">
        <ele>46.2</ele>
        <time>2026-08-17T11:41:28.000Z</time>
        <extensions>
          <gpxtpx:TrackPointExtension>
            <gpxtpx:hr>162</gpxtpx:hr>
          </gpxtpx:TrackPointExtension>
        </extensions>
      </trkpt>
      <trkpt lat="40.0755909829326" lon="116.3377824450771">
        <ele>46.2</ele>
        <time>2026-08-17T11:41:29.000Z</time>
        <extensions>
          <gpxtpx:TrackPointExtension>
            <gpxtpx:hr>162</gpxtpx:hr>
          </gpxtpx:TrackPointExtension>
        </extensions>
      </trkpt>
      <trkpt lat="40.07561208777371" lon="116.33780431029335">
        <ele>46.2</ele>
        <time>2026-08-17T11:41:30.000Z</time>
        <extensions>
          <gpxtpx:TrackPointExtension>
            <gpxtpx:hr>162</gpxtpx:hr>
          </gpxtpx:TrackPointExtension>
        </extensions>
      </trkpt>
      <trkpt lat="40.075633983244266" lon="116.33782437855149">
        <ele>46.2</ele>
        <time>2026-08-17T11:41:31.000Z</time>
        <extensions>
          <gpxtpx:TrackPointExtension>
            <gpxtpx:hr>162</gpxtpx:hr>
          </gpxtpx:TrackPointExtension>
        </extensions>
      </trkpt>
      <trkpt lat="40.07565649176215" lon="116.33784251785825">
        <ele>46.2</ele>
        <time>2026-08-17T11:41:32.000Z</time>
        <extensions>
          <gpxtpx:TrackPointExtension>
            <gpxtpx:hr>162</gpxtpx:hr>
          </gpxtpx:TrackPointExtension>
        </extensions>
      </trkpt>
      <trkpt lat="40.075679567093886" lon="116.3378587699609">
        <ele>46.2</ele>
        <time>2026-08-17T11:41:33.000Z</time>
        <extensions>
          <gpxtpx:TrackPointExtension>
            <gpxtpx:hr>162</gpxtpx:hr>
          </gpxtpx:TrackPointExtension>
        </extensions>
      </trkpt>
      <trkpt lat="40.075703185716094" lon="116.33787305855142">
        <ele>46.2</ele>
        <time>2026-08-17T11:41:34.000Z</time>
        <extensions>
          <gpxtpx:TrackPointExtension>
            <gpxtpx:hr>162</gpxtpx:hr>
          </gpxtpx:TrackPointExtension>
        </extensions>
      </trkpt>
      <trkpt lat="40.075727445546924" lon="116.33788523475931">
        <ele>46.2</ele>
        <time>2026-08-17T11:41:35.000Z</time>
        <extensions>
          <gpxtpx:TrackPointExtension>
            <gpxtpx:hr>162</gpxtpx:hr>
          </gpxtpx:TrackPointExtension>
        </extensions>
      </trkpt>
      <trkpt lat="40.07575242811013" lon="116.33789508828674">
        <ele>46.2</ele>
        <time>2026-08-17T11:41:36.000Z</time>
        <extensions>
          <gpxtpx:TrackPointExtension>
            <gpxtpx:hr>162</gpxtpx:hr>
          </gpxtpx:TrackPointExtension>
        </extensions>
      </trkpt>
      <trkpt lat="40.07577807569549" lon="116.33790248707912">
        <ele>46.2</ele>
        <time>2026-08-17T11:41:37.000Z</time>
        <extensions>
          <gpxtpx:TrackPointExtension>
            <gpxtpx:hr>162</gpxtpx:hr>
          </gpxtpx:TrackPointExtension>
        </extensions>
      </trkpt>
      <trkpt lat="40.07580420275056" lon="116.33790753132834">
        <ele>46.2</ele>
        <time>2026-08-17T11:41:38.000Z</time>
        <extensions>
          <gpxtpx:TrackPointExtension>
            <gpxtpx:hr>162</gpxtpx:hr>
          </gpxtpx:TrackPointExtension>
        </extensions>
      </trkpt>
      <trkpt lat="40.07583060223125" lon="116.3379104160955">
        <ele>46.2</ele>
        <time>2026-08-17T11:41:39.000Z</time>
        <extensions>
          <gpxtpx:TrackPointExtension>
            <gpxtpx:hr>162</gpxtpx:hr>
          </gpxtpx:TrackPointExtension>
        </extensions>
      </trkpt>
      <trkpt lat="40.075857030011996" lon="116.33791115701796">
        <ele>46.2</ele>
        <time>2026-08-17T11:41:40.000Z</time>
        <extensions>
          <gpxtpx:TrackPointExtension>
            <gpxtpx:hr>162</gpxtpx:hr>
          </gpxtpx:TrackPointExtension>
        </extensions>
      </trkpt>
      <trkpt lat="40.07588346886313" lon="116.33790970709019">
        <ele>46.2</ele>
        <time>2026-08-17T11:41:41.000Z</time>
        <extensions>
          <gpxtpx:TrackPointExtension>
            <gpxtpx:hr>162</gpxtpx:hr>
          </gpxtpx:TrackPointExtension>
        </extensions>
      </trkpt>
      <trkpt lat="40.07591001095025" lon="116.33790639240776">
        <ele>46.2</ele>
        <time>2026-08-17T11:41:42.000Z</time>
        <extensions>
          <gpxtpx:TrackPointExtension>
            <gpxtpx:hr>162</gpxtpx:hr>
          </gpxtpx:TrackPointExtension>
        </extensions>
      </trkpt>
      <trkpt lat="40.07593654986595" lon="116.33790172285279">
        <ele>46.2</ele>
        <time>2026-08-17T11:41:43.000Z</time>
        <extensions>
          <gpxtpx:TrackPointExtension>
            <gpxtpx:hr>162</gpxtpx:hr>
          </gpxtpx:TrackPointExtension>
        </extensions>
      </trkpt>
      <trkpt lat="40.07596285066129" lon="116.33789644121931">
        <ele>46.2</ele>
        <time>2026-08-17T11:41:44.000Z</time>
        <extensions>
          <gpxtpx:TrackPointExtension>
            <gpxtpx:hr>162</gpxtpx:hr>
          </gpxtpx:TrackPointExtension>
        </extensions>
      </trkpt>
      <trkpt lat="40.075988815541635" lon="116.3378913148814">
        <ele>46.2</ele>
        <time>2026-08-17T11:41:45.000Z</time>
        <extensions>
          <gpxtpx:TrackPointExtension>
            <gpxtpx:hr>162</gpxtpx:hr>
          </gpxtpx:TrackPointExtension>
        </extensions>
      </trkpt>
      <trkpt lat="40.07601448635668" lon="116.33788657328857">
        <ele>46.1</ele>
        <time>2026-08-17T11:41:46.000Z</time>
        <extensions>
          <gpxtpx:TrackPointExtension>
            <gpxtpx:hr>162</gpxtpx:hr>
          </gpxtpx:TrackPointExtension>
        </extensions>
      </trkpt>
      <trkpt lat="40.07603992846252" lon="116.33788182646514">
        <ele>46.1</ele>
        <time>2026-08-17T11:41:47.000Z</time>
      </trkpt>
      <trkpt lat="40.07606533913462" lon="116.33787653940226">
        <ele>46.1</ele>
        <time>2026-08-17T11:41:48.000Z</time>
      </trkpt>
      <trkpt lat="40.07609085667829" lon="116.33787074740965">
        <ele>46.1</ele>
        <time>2026-08-17T11:41:49.000Z</time>
      </trkpt>
      <trkpt lat="40.076116542161834" lon="116.33786489962665">
        <ele>46.1</ele>
        <time>2026-08-17T11:41:50.000Z</time>
      </trkpt>
      <trkpt lat="40.07614241470827" lon="116.3378596576779">
        <ele>46.1</ele>
        <time>2026-08-17T11:41:51.000Z</time>
      </trkpt>
      <trkpt lat="40.07616827530155" lon="116.33785550345145">
        <ele>46.1</ele>
        <time>2026-08-17T11:41:52.000Z</time>
      </trkpt>
      <trkpt lat="40.076193954873965" lon="116.337852087627">
        <ele>46.1</ele>
        <time>2026-08-17T11:41:53.000Z</time>
      </trkpt>
      <trkpt lat="40.07621950662049" lon="116.33784861209094">
        <ele>46.1</ele>
        <time>2026-08-17T11:41:54.000Z</time>
      </trkpt>
      <trkpt lat="40.076244936968564" lon="116.33784437687704">
        <ele>46.1</ele>
        <time>2026-08-17T11:41:55.000Z</time>
      </trkpt>
      <trkpt lat="40.07627019312156" lon="116.33783917034484">
        <ele>46.1</ele>
        <time>2026-08-17T11:41:56.000Z</time>
      </trkpt>
      <trkpt lat="40.07629522620905" lon="116.33783326404588">
        <ele>46.1</ele>
        <time>2026-08-17T11:41:57.000Z</time>
      </trkpt>
      <trkpt lat="40.076320002295596" lon="116.33782700917126">
        <ele>46.1</ele>
        <time>2026-08-17T11:41:58.000Z</time>
      </trkpt>
      <trkpt lat="40.07634457003709" lon="116.33782063601167">
        <ele>46.1</ele>
        <time>2026-08-17T11:41:59.000Z</time>
      </trkpt>
      <trkpt lat="40.07636906382971" lon="116.33781410069855">
        <ele>46.1</ele>
        <time>2026-08-17T11:42:00.000Z</time>
      </trkpt>
      <trkpt lat="40.07639356313795" lon="116.33780737130006">
        <ele>46.1</ele>
        <time>2026-08-17T11:42:01.000Z</time>
      </trkpt>
      <trkpt lat="40.07641816768797" lon="116.33780085477076">
        <ele>46.1</ele>
        <time>2026-08-17T11:42:02.000Z</time>
      </trkpt>
      <trkpt lat="40.07644287968929" lon="116.33779512302465">
        <ele>46.1</ele>
        <time>2026-08-17T11:42:03.000Z</time>
      </trkpt>
      <trkpt lat="40.07646755197068" lon="116.33779051442376">
        <ele>46.1</ele>
        <time>2026-08-17T11:42:04.000Z</time>
      </trkpt>
      <trkpt lat="40.07649208745256" lon="116.33778695650523">
        <ele>46.1</ele>
        <time>2026-08-17T11:42:05.000Z</time>
      </trkpt>
      <trkpt lat="40.07651641795079" lon="116.33778392742165">
        <ele>46.1</ele>
        <time>2026-08-17T11:42:06.000Z</time>
      </trkpt>
      <trkpt lat="40.07654064289777" lon="116.33778094244218">
        <ele>46.1</ele>
        <time>2026-08-17T11:42:07.000Z</time>
      </trkpt>
      <trkpt lat="40.076564843818154" lon="116.33777811735024">
        <ele>46.1</ele>
        <time>2026-08-17T11:42:08.000Z</time>
      </trkpt>
      <trkpt lat="40.07658888488805" lon="116.33777605847548">
        <ele>46.1</ele>
        <time>2026-08-17T11:42:09.000Z</time>
      </trkpt>
      <trkpt lat="40.07661268207605" lon="116.33777553720141">
        <ele>46.2</ele>
        <time>2026-08-17T11:42:10.000Z</time>
      </trkpt>
      <trkpt lat="40.07663616583108" lon="116.33777705899672">
        <ele>46.2</ele>
        <time>2026-08-17T11:42:11.000Z</time>
      </trkpt>
      <trkpt lat="40.07665935239642" lon="116.33778006997622">
        <ele>46.2</ele>
        <time>2026-08-17T11:42:12.000Z</time>
      </trkpt>
      <trkpt lat="40.07668239952241" lon="116.33778329044952">
        <ele>46.2</ele>
        <time>2026-08-17T11:42:13.000Z</time>
      </trkpt>
      <trkpt lat="40.07670540464576" lon="116.33778588068226">
        <ele>46.2</ele>
        <time>2026-08-17T11:42:14.000Z</time>
      </trkpt>
      <trkpt lat="40.07672839681049" lon="116.33778763513172">
        <ele>46.2</ele>
        <time>2026-08-17T11:42:15.000Z</time>
      </trkpt>
      <trkpt lat="40.07675133394064" lon="116.33778834167659">
        <ele>46.2</ele>
        <time>2026-08-17T11:42:16.000Z</time>
      </trkpt>
      <trkpt lat="40.0767741056791" lon="116.33778778078154">
        <ele>46.2</ele>
        <time>2026-08-17T11:42:17.000Z</time>
      </trkpt>
      <trkpt lat="40.07679655027097" lon="116.33778600204137">
        <ele>46.2</ele>
        <time>2026-08-17T11:42:18.000Z</time>
      </trkpt>
      <trkpt lat="40.07681863370184" lon="116.33778277224394">
        <ele>46.2</ele>
        <time>2026-08-17T11:42:19.000Z</time>
      </trkpt>
      <trkpt lat="40.07684033275364" lon="116.33777731698638">
        <ele>46.1</ele>
        <time>2026-08-17T11:42:20.000Z</time>
      </trkpt>
      <trkpt lat="40.07686146645118" lon="116.33776882307946">
        <ele>46.1</ele>
        <time>2026-08-17T11:42:21.000Z</time>
      </trkpt>
      <trkpt lat="40.07688165353579" lon="116.33775635818873">
        <ele>46.1</ele>
        <time>2026-08-17T11:42:22.000Z</time>
      </trkpt>
      <trkpt lat="40.076900423775456" lon="116.33773935414031">
        <ele>46.1</ele>
        <time>2026-08-17T11:42:23.000Z</time>
      </trkpt>
      <trkpt lat="40.07691754661226" lon="116.33771831346725">
        <ele>46.1</ele>
        <time>2026-08-17T11:42:24.000Z</time>
      </trkpt>
      <trkpt lat="40.076933122048615" lon="116.33769437643468">
        <ele>46.1</ele>
        <time>2026-08-17T11:42:25.000Z</time>
      </trkpt>
      <trkpt lat="40.076947289556315" lon="116.33766847996071">
        <ele>46.1</ele>
        <time>2026-08-17T11:42:26.000Z</time>
      </trkpt>
      <trkpt lat="40.07695998088331" lon="116.33764093008958">
        <ele>46.1</ele>
        <time>2026-08-17T11:42:27.000Z</time>
      </trkpt>
      <trkpt lat="40.07697119950846" lon="116.33761203254512">
        <ele>46.1</ele>
        <time>2026-08-17T11:42:28.000Z</time>
      </trkpt>
      <trkpt lat="40.076981287417446" lon="116.33758230966227">
        <ele>46.1</ele>
        <time>2026-08-17T11:42:29.000Z</time>
      </trkpt>
      <trkpt lat="40.07699055631642" lon="116.33755206813484">
        <ele>46.1</ele>
        <time>2026-08-17T11:42:30.000Z</time>
      </trkpt>
      <trkpt lat="40.0769990487981" lon="116.33752140855279">
        <ele>46.1</ele>
        <time>2026-08-17T11:42:31.000Z</time>
      </trkpt>
      <trkpt lat="40.07700669498963" lon="116.33749039958437">
        <ele>46.1</ele>
        <time>2026-08-17T11:42:32.000Z</time>
      </trkpt>
      <trkpt lat="40.07701347500311" lon="116.3374590615482">
        <ele>46.1</ele>
        <time>2026-08-17T11:42:33.000Z</time>
      </trkpt>
      <trkpt lat="40.077019432081656" lon="116.33742739443557">
        <ele>46.1</ele>
        <time>2026-08-17T11:42:34.000Z</time>
      </trkpt>
      <trkpt lat="40.0770244177914" lon="116.33739536329175">
        <ele>46.1</ele>
        <time>2026-08-17T11:42:35.000Z</time>
      </trkpt>
      <trkpt lat="40.077028027617565" lon="116.33736283396885">
        <ele>46.1</ele>
        <time>2026-08-17T11:42:36.000Z</time>
      </trkpt>
      <trkpt lat="40.07702988032065" lon="116.33732983244549">
        <ele>46.1</ele>
        <time>2026-08-17T11:42:37.000Z</time>
      </trkpt>
      <trkpt lat="40.07702983041869" lon="116.33729660364665">
        <ele>46.1</ele>
        <time>2026-08-17T11:42:38.000Z</time>
      </trkpt>
      <trkpt lat="40.077027934512756" lon="116.3372635811021">
        <ele>46.1</ele>
        <time>2026-08-17T11:42:39.000Z</time>
      </trkpt>
      <trkpt lat="40.0770242822307" lon="116.33723107480401">
        <ele>46.1</ele>
        <time>2026-08-17T11:42:40.000Z</time>
      </trkpt>
      <trkpt lat="40.07701887675032" lon="116.33719923234202">
        <ele>46.1</ele>
        <time>2026-08-17T11:42:41.000Z</time>
      </trkpt>
      <trkpt lat="40.07701160671445" lon="116.33716842528335">
        <ele>46.1</ele>
        <time>2026-08-17T11:42:42.000Z</time>
      </trkpt>
      <trkpt lat="40.07700225684125" lon="116.33713893350257">
        <ele>46.1</ele>
        <time>2026-08-17T11:42:43.000Z</time>
      </trkpt>
      <trkpt lat="40.07699069489666" lon="116.33711072975467">
        <ele>46.1</ele>
        <time>2026-08-17T11:42:44.000Z</time>
      </trkpt>
      <trkpt lat="40.07697715865697" lon="116.33708370775153">
        <ele>46.1</ele>
        <time>2026-08-17T11:42:45.000Z</time>
      </trkpt>
      <trkpt lat="40.07696216740169" lon="116.33705775952043">
        <ele>46.1</ele>
        <time>2026-08-17T11:42:46.000Z</time>
      </trkpt>
      <trkpt lat="40.07694610545192" lon="116.33703293293296">
        <ele>46.1</ele>
        <time>2026-08-17T11:42:47.000Z</time>
      </trkpt>
      <trkpt lat="40.07692911299581" lon="116.33700933686666">
        <ele>46.1</ele>
        <time>2026-08-17T11:42:48.000Z</time>
      </trkpt>
      <trkpt lat="40.07691110554225" lon="116.3369871822061">
        <ele>46.2</ele>
        <time>2026-08-17T11:42:49.000Z</time>
      </trkpt>
      <trkpt lat="40.07689196062978" lon="116.33696668214846">
        <ele>46.2</ele>
        <time>2026-08-17T11:42:50.000Z</time>
      </trkpt>
      <trkpt lat="40.07687185628247" lon="116.3369477275938">
        <ele>46.2</ele>
        <time>2026-08-17T11:42:51.000Z</time>
      </trkpt>
      <trkpt lat="40.07685100364994" lon="116.3369300635206">
        <ele>46.2</ele>
        <time>2026-08-17T11:42:52.000Z</time>
      </trkpt>
      <trkpt lat="40.07682942064772" lon="116.33691381864264">
        <ele>46.2</ele>
        <time>2026-08-17T11:42:53.000Z</time>
      </trkpt>
      <trkpt lat="40.076807018109534" lon="116.33689926021786">
        <ele>46.2</ele>
        <time>2026-08-17T11:42:54.001Z</time>
      </trkpt>
      <trkpt lat="40.076783768975694" lon="116.3368865451408">
        <ele>46.2</ele>
        <time>2026-08-17T11:42:55.001Z</time>
      </trkpt>
      <trkpt lat="40.076759713963476" lon="116.33687589064398">
        <ele>46.2</ele>
        <time>2026-08-17T11:42:56.001Z</time>
      </trkpt>
      <trkpt lat="40.07673506166344" lon="116.33686723128629">
        <ele>46.2</ele>
        <time>2026-08-17T11:42:57.001Z</time>
      </trkpt>
      <trkpt lat="40.07671011296913" lon="116.33686026630942">
        <ele>46.2</ele>
        <time>2026-08-17T11:42:58.001Z</time>
      </trkpt>
      <trkpt lat="40.07668512697805" lon="116.33685467991025">
        <ele>46.2</ele>
        <time>2026-08-17T11:42:59.001Z</time>
      </trkpt>
      <trkpt lat="40.0766601253359" lon="116.33685042824266">
        <ele>46.2</ele>
        <time>2026-08-17T11:43:00.001Z</time>
      </trkpt>
      <trkpt lat="40.076634945904445" lon="116.33684777404433">
        <ele>46.2</ele>
        <time>2026-08-17T11:43:01.001Z</time>
      </trkpt>
      <trkpt lat="40.076609527833874" lon="116.33684680168246">
        <ele>46.2</ele>
        <time>2026-08-17T11:43:02.001Z</time>
      </trkpt>
      <trkpt lat="40.076583977048095" lon="116.3368476061645">
        <ele>46.2</ele>
        <time>2026-08-17T11:43:03.001Z</time>
      </trkpt>
      <trkpt lat="40.07655843248476" lon="116.33685017378498">
        <ele>46.2</ele>
        <time>2026-08-17T11:43:04.001Z</time>
      </trkpt>
      <trkpt lat="40.07653294507922" lon="116.33685404923307">
        <ele>46.1</ele>
        <time>2026-08-17T11:43:05.001Z</time>
      </trkpt>
      <trkpt lat="40.07650746897767" lon="116.3368586998669">
        <ele>46.1</ele>
        <time>2026-08-17T11:43:06.001Z</time>
      </trkpt>
      <trkpt lat="40.07648203171509" lon="116.33686347729144">
        <ele>46.1</ele>
        <time>2026-08-17T11:43:07.001Z</time>
      </trkpt>
      <trkpt lat="40.07645671754367" lon="116.33686773881364">
        <ele>46.1</ele>
        <time>2026-08-17T11:43:08.001Z</time>
      </trkpt>
      <trkpt lat="40.076431576795066" lon="116.3368716084941">
        <ele>46.1</ele>
        <time>2026-08-17T11:43:09.001Z</time>
      </trkpt>
      <trkpt lat="40.07640659078908" lon="116.33687557380038">
        <ele>46.1</ele>
        <time>2026-08-17T11:43:10.001Z</time>
      </trkpt>
      <trkpt lat="40.076381712570644" lon="116.3368794904216">
        <ele>46.1</ele>
        <time>2026-08-17T11:43:11.001Z</time>
      </trkpt>
      <trkpt lat="40.076356985222894" lon="116.33688294475283">
        <ele>46.1</ele>
        <time>2026-08-17T11:43:12.001Z</time>
      </trkpt>
      <trkpt lat="40.07633245498048" lon="116.33688596811541">
        <ele>46.1</ele>
        <time>2026-08-17T11:43:13.001Z</time>
      </trkpt>
      <trkpt lat="40.0763082102582" lon="116.33688886954327">
        <ele>46.1</ele>
        <time>2026-08-17T11:43:14.001Z</time>
      </trkpt>
      <trkpt lat="40.07628421915071" lon="116.3368921734953">
        <ele>46.1</ele>
        <time>2026-08-17T11:43:15.000Z</time>
      </trkpt>
      <trkpt lat="40.07626037274518" lon="116.33689587875566">
        <ele>46.1</ele>
        <time>2026-08-17T11:43:16.000Z</time>
      </trkpt>
      <trkpt lat="40.07623661521818" lon="116.33689930959466">
        <ele>46.1</ele>
        <time>2026-08-17T11:43:17.000Z</time>
      </trkpt>
      <trkpt lat="40.07621280744323" lon="116.33690211711207">
        <ele>46.1</ele>
        <time>2026-08-17T11:43:18.000Z</time>
      </trkpt>
      <trkpt lat="40.07618876431669" lon="116.3369043230601">
        <ele>46.1</ele>
        <time>2026-08-17T11:43:19.000Z</time>
      </trkpt>
      <trkpt lat="40.076164449940094" lon="116.3369061082859">
        <ele>46.1</ele>
        <time>2026-08-17T11:43:20.000Z</time>
      </trkpt>
      <trkpt lat="40.076139957184395" lon="116.33690780873629">
        <ele>46.1</ele>
        <time>2026-08-17T11:43:21.000Z</time>
      </trkpt>
      <trkpt lat="40.07611531372341" lon="116.33690962911169">
        <ele>46.1</ele>
        <time>2026-08-17T11:43:22.000Z</time>
      </trkpt>
      <trkpt lat="40.07609058110374" lon="116.33691181388802">
        <ele>46.1</ele>
        <time>2026-08-17T11:43:23.000Z</time>
      </trkpt>
      <trkpt lat="40.076065847943276" lon="116.3369148145626">
        <ele>46.1</ele>
        <time>2026-08-17T11:43:24.000Z</time>
      </trkpt>
      <trkpt lat="40.07604108578616" lon="116.33691874732497">
        <ele>46.1</ele>
        <time>2026-08-17T11:43:25.000Z</time>
      </trkpt>
      <trkpt lat="40.07601614306954" lon="116.33692289579278">
        <ele>46.1</ele>
        <time>2026-08-17T11:43:26.000Z</time>
      </trkpt>
      <trkpt lat="40.075990898797635" lon="116.33692622066518">
        <ele>46.1</ele>
        <time>2026-08-17T11:43:27.000Z</time>
      </trkpt>
      <trkpt lat="40.07596546287442" lon="116.3369283162022">
        <ele>46.1</ele>
        <time>2026-08-17T11:43:28.000Z</time>
      </trkpt>
      <trkpt lat="40.07594003014902" lon="116.33692924014423">
        <ele>46.1</ele>
        <time>2026-08-17T11:43:29.000Z</time>
      </trkpt>
      <trkpt lat="40.075914646247526" lon="116.33692903741985">
        <ele>46.1</ele>
        <time>2026-08-17T11:43:30.000Z</time>
      </trkpt>
      <trkpt lat="40.07588929485051" lon="116.33692782197821">
        <ele>46.1</ele>
        <time>2026-08-17T11:43:31.000Z</time>
      </trkpt>
      <trkpt lat="40.07586408700972" lon="116.33692587248332">
        <ele>46.1</ele>
        <time>2026-08-17T11:43:32.000Z</time>
      </trkpt>
      <trkpt lat="40.07583926276625" lon="116.33692330814263">
        <ele>46.1</ele>
        <time>2026-08-17T11:43:33.000Z</time>
      </trkpt>
      <trkpt lat="40.07581476073247" lon="116.3369200520481">
        <ele>46.1</ele>
        <time>2026-08-17T11:43:34.000Z</time>
      </trkpt>
      <trkpt lat="40.07579011944787" lon="116.33691627765442">
        <ele>46.1</ele>
        <time>2026-08-17T11:43:35.000Z</time>
      </trkpt>
      <trkpt lat="40.07576532432304" lon="116.33691258552352">
        <ele>46.1</ele>
        <time>2026-08-17T11:43:36.000Z</time>
      </trkpt>
      <trkpt lat="40.07574088751746" lon="116.3369098551644">
        <ele>46.1</ele>
        <time>2026-08-17T11:43:37.000Z</time>
      </trkpt>
      <trkpt lat="40.07571748631759" lon="116.33690912276072">
        <ele>46.1</ele>
        <time>2026-08-17T11:43:38.000Z</time>
      </trkpt>
      <trkpt lat="40.07569573138279" lon="116.3369112735627">
        <ele>46.1</ele>
        <time>2026-08-17T11:43:39.000Z</time>
      </trkpt>
      <trkpt lat="40.07567583147991" lon="116.33691688432009">
        <ele>46.1</ele>
        <time>2026-08-17T11:43:40.000Z</time>
      </trkpt>
      <trkpt lat="40.07565778761431" lon="116.33692626300828">
        <ele>46.1</ele>
        <time>2026-08-17T11:43:41.000Z</time>
      </trkpt>
      <trkpt lat="40.07564141861041" lon="116.33693919051622">
        <ele>46.1</ele>
        <time>2026-08-17T11:43:42.000Z</time>
      </trkpt>
      <trkpt lat="40.07562629735882" lon="116.33695509485716">
        <ele>46.1</ele>
        <time>2026-08-17T11:43:43.000Z</time>
      </trkpt>
      <trkpt lat="40.07561203969455" lon="116.33697359258271">
        <ele>46.1</ele>
        <time>2026-08-17T11:43:44.000Z</time>
      </trkpt>
      <trkpt lat="40.075598554156656" lon="116.33699456019782">
        <ele>46.1</ele>
        <time>2026-08-17T11:43:45.000Z</time>
      </trkpt>
      <trkpt lat="40.07558600008748" lon="116.3370180216851">
        <ele>46.1</ele>
        <time>2026-08-17T11:43:46.000Z</time>
      </trkpt>
      <trkpt lat="40.075574245499475" lon="116.33704415945977">
        <ele>46.1</ele>
        <time>2026-08-17T11:43:47.000Z</time>
      </trkpt>
      <trkpt lat="40.07556268205028" lon="116.33707327875278">
        <ele>46.1</ele>
        <time>2026-08-17T11:43:48.000Z</time>
      </trkpt>
      <trkpt lat="40.07555114413" lon="116.33710499440667">
        <ele>46.1</ele>
        <time>2026-08-17T11:43:49.000Z</time>
      </trkpt>
      <trkpt lat="40.075539939299254" lon="116.33713834317406">
        <ele>46.1</ele>
        <time>2026-08-17T11:43:50.000Z</time>
      </trkpt>
      <trkpt lat="40.07552924049207" lon="116.3371727522661">
        <ele>46.1</ele>
        <time>2026-08-17T11:43:51.000Z</time>
      </trkpt>
      <trkpt lat="40.07551920568715" lon="116.33720796325812">
        <ele>46.1</ele>
        <time>2026-08-17T11:43:52.000Z</time>
      </trkpt>
      <trkpt lat="40.07551004758678" lon="116.33724374315712">
        <ele>46.1</ele>
        <time>2026-08-17T11:43:53.000Z</time>
      </trkpt>
      <trkpt lat="40.075501934752" lon="116.33727984666531">
        <ele>46.1</ele>
        <time>2026-08-17T11:43:54.000Z</time>
      </trkpt>
      <trkpt lat="40.07549504630886" lon="116.33731609284483">
        <ele>46.1</ele>
        <time>2026-08-17T11:43:55.000Z</time>
      </trkpt>
      <trkpt lat="40.075489416520625" lon="116.33735235593059">
        <ele>46.1</ele>
        <time>2026-08-17T11:43:56.000Z</time>
      </trkpt>
      <trkpt lat="40.0754851912882" lon="116.33738856679295">
        <ele>46.1</ele>
        <time>2026-08-17T11:43:57.000Z</time>
      </trkpt>
      <trkpt lat="40.07548268491679" lon="116.33742467462173">
        <ele>46.1</ele>
        <time>2026-08-17T11:43:58.000Z</time>
      </trkpt>
      <trkpt lat="40.0754820402779" lon="116.33746055083036">
        <ele>46.1</ele>
        <time>2026-08-17T11:43:59.000Z</time>
      </trkpt>
      <trkpt lat="40.075483287369984" lon="116.33749601745144">
        <ele>46.1</ele>
        <time>2026-08-17T11:44:00.000Z</time>
      </trkpt>
      <trkpt lat="40.075486215318605" lon="116.33753102838632">
        <ele>46.1</ele>
        <time>2026-08-17T11:44:01.000Z</time>
      </trkpt>
      <trkpt lat="40.075490602236904" lon="116.33756560664698">
        <ele>46.1</ele>
        <time>2026-08-17T11:44:02.000Z</time>
      </trkpt>
      <trkpt lat="40.07549637940726" lon="116.33759969033608">
        <ele>46.1</ele>
        <time>2026-08-17T11:44:03.000Z</time>
      </trkpt>
      <trkpt lat="40.075503725039404" lon="116.33763300528447">
        <ele>46.1</ele>
        <time>2026-08-17T11:44:04.000Z</time>
      </trkpt>
      <trkpt lat="40.07551305528943" lon="116.33766505426026">
        <ele>46.1</ele>
        <time>2026-08-17T11:44:05.000Z</time>
      </trkpt>
      <trkpt lat="40.07552464455247" lon="116.3376955320086">
        <ele>46.1</ele>
        <time>2026-08-17T11:44:06.000Z</time>
      </trkpt>
      <trkpt lat="40.075538465298884" lon="116.33772441946638">
        <ele>46.1</ele>
        <time>2026-08-17T11:44:07.000Z</time>
      </trkpt>
      <trkpt lat="40.07555403924642" lon="116.33775202478591">
        <ele>46.1</ele>
        <time>2026-08-17T11:44:08.000Z</time>
      </trkpt>
      <trkpt lat="40.07557074511729" lon="116.3377786941675">
        <ele>46.1</ele>
        <time>2026-08-17T11:44:09.000Z</time>
      </trkpt>
      <trkpt lat="40.07558842918082" lon="116.33780420851765">
        <ele>46.1</ele>
        <time>2026-08-17T11:44:10.000Z</time>
      </trkpt>
      <trkpt lat="40.07560727536345" lon="116.33782794571022">
        <ele>46.2</ele>
        <time>2026-08-17T11:44:11.000Z</time>
      </trkpt>
      <trkpt lat="40.07562737206863" lon="116.33784942911312">
        <ele>46.2</ele>
        <time>2026-08-17T11:44:12.000Z</time>
      </trkpt>
      <trkpt lat="40.07564851471843" lon="116.33786849386361">
        <ele>46.2</ele>
        <time>2026-08-17T11:44:13.000Z</time>
      </trkpt>
      <trkpt lat="40.07567061243672" lon="116.33788487461472">
        <ele>46.2</ele>
        <time>2026-08-17T11:44:14.000Z</time>
      </trkpt>
      <trkpt lat="40.075693717021046" lon="116.33789840829068">
        <ele>46.2</ele>
        <time>2026-08-17T11:44:15.000Z</time>
      </trkpt>
      <trkpt lat="40.07571768543887" lon="116.33790925326593">
        <ele>46.2</ele>
        <time>2026-08-17T11:44:16.000Z</time>
      </trkpt>
      <trkpt lat="40.07574234213525" lon="116.33791747377802">
        <ele>46.2</ele>
        <time>2026-08-17T11:44:17.000Z</time>
      </trkpt>
      <trkpt lat="40.075767560406526" lon="116.33792314076199">
        <ele>46.2</ele>
        <time>2026-08-17T11:44:18.000Z</time>
      </trkpt>
      <trkpt lat="40.075793133414926" lon="116.33792670835312">
        <ele>46.1</ele>
        <time>2026-08-17T11:44:19.000Z</time>
      </trkpt>
      <trkpt lat="40.07581876753749" lon="116.3379286040218">
        <ele>46.1</ele>
        <time>2026-08-17T11:44:20.000Z</time>
      </trkpt>
      <trkpt lat="40.07584430873452" lon="116.33792891451216">
        <ele>46.1</ele>
        <time>2026-08-17T11:44:21.000Z</time>
      </trkpt>
      <trkpt lat="40.07586973061918" lon="116.33792783098929">
        <ele>46.1</ele>
        <time>2026-08-17T11:44:22.000Z</time>
      </trkpt>
      <trkpt lat="40.07589497081547" lon="116.33792573231503">
        <ele>46.1</ele>
        <time>2026-08-17T11:44:23.000Z</time>
      </trkpt>
      <trkpt lat="40.07591998653213" lon="116.3379229586781">
        <ele>46.1</ele>
        <time>2026-08-17T11:44:24.000Z</time>
      </trkpt>
      <trkpt lat="40.07594474843337" lon="116.3379198216952">
        <ele>46.1</ele>
        <time>2026-08-17T11:44:25.000Z</time>
      </trkpt>
      <trkpt lat="40.075969247986144" lon="116.33791640391118">
        <ele>46.1</ele>
        <time>2026-08-17T11:44:26.000Z</time>
      </trkpt>
      <trkpt lat="40.07599353105195" lon="116.33791275653522">
        <ele>46.1</ele>
        <time>2026-08-17T11:44:27.000Z</time>
      </trkpt>
      <trkpt lat="40.076017692411675" lon="116.33790932222186">
        <ele>46.1</ele>
        <time>2026-08-17T11:44:28.000Z</time>
      </trkpt>
      <trkpt lat="40.07604185221835" lon="116.33790645134209">
        <ele>46.1</ele>
        <time>2026-08-17T11:44:29.000Z</time>
      </trkpt>
      <trkpt lat="40.076066124567134" lon="116.33790387401818">
        <ele>46.1</ele>
        <time>2026-08-17T11:44:30.000Z</time>
      </trkpt>
      <trkpt lat="40.076090474063534" lon="116.33790097059511">
        <ele>46.1</ele>
        <time>2026-08-17T11:44:31.000Z</time>
      </trkpt>
      <trkpt lat="40.07611482747251" lon="116.33789744958068">
        <ele>46.1</ele>
        <time>2026-08-17T11:44:32.000Z</time>
      </trkpt>
      <trkpt lat="40.07613926299507" lon="116.33789368642189">
        <ele>46.1</ele>
        <time>2026-08-17T11:44:33.000Z</time>
      </trkpt>
      <trkpt lat="40.07616384980185" lon="116.3378902515716">
        <ele>46.1</ele>
        <time>2026-08-17T11:44:34.000Z</time>
      </trkpt>
      <trkpt lat="40.07618848526417" lon="116.33788719125266">
        <ele>46.1</ele>
        <time>2026-08-17T11:44:35.000Z</time>
      </trkpt>
      <trkpt lat="40.07621295833374" lon="116.33788425698818">
        <ele>46.1</ele>
        <time>2026-08-17T11:44:36.000Z</time>
      </trkpt>
      <trkpt lat="40.07623712556809" lon="116.33788122123133">
        <ele>46.1</ele>
        <time>2026-08-17T11:44:37.000Z</time>
      </trkpt>
      <trkpt lat="40.07626109432812" lon="116.3378777715437">
        <ele>46.0</ele>
        <time>2026-08-17T11:44:38.000Z</time>
      </trkpt>
      <trkpt lat="40.076285112429424" lon="116.33787378507637">
        <ele>46.0</ele>
        <time>2026-08-17T11:44:39.000Z</time>
      </trkpt>
      <trkpt lat="40.07630933765823" lon="116.33786943956987">
        <ele>46.0</ele>
        <time>2026-08-17T11:44:40.000Z</time>
      </trkpt>
      <trkpt lat="40.07633371973933" lon="116.33786495559049">
        <ele>46.0</ele>
        <time>2026-08-17T11:44:41.000Z</time>
      </trkpt>
      <trkpt lat="40.07635809747749" lon="116.33786035197014">
        <ele>46.0</ele>
        <time>2026-08-17T11:44:42.000Z</time>
      </trkpt>
      <trkpt lat="40.07638240858239" lon="116.33785530308924">
        <ele>46.0</ele>
        <time>2026-08-17T11:44:43.000Z</time>
      </trkpt>
      <trkpt lat="40.07640664404405" lon="116.33784957375414">
        <ele>46.0</ele>
        <time>2026-08-17T11:44:44.000Z</time>
      </trkpt>
      <trkpt lat="40.07643079923724" lon="116.33784366632298">
        <ele>46.0</ele>
        <time>2026-08-17T11:44:45.000Z</time>
      </trkpt>
      <trkpt lat="40.0764550153093" lon="116.33783811041651">
        <ele>46.0</ele>
        <time>2026-08-17T11:44:46.000Z</time>
      </trkpt>
      <trkpt lat="40.07647942752556" lon="116.33783280781617">
        <ele>46.0</ele>
        <time>2026-08-17T11:44:47.000Z</time>
      </trkpt>
      <trkpt lat="40.07650395317133" lon="116.33782774295265">
        <ele>46.0</ele>
        <time>2026-08-17T11:44:48.000Z</time>
      </trkpt>
      <trkpt lat="40.076528404590206" lon="116.33782351255647">
        <ele>46.0</ele>
        <time>2026-08-17T11:44:49.000Z</time>
      </trkpt>
      <trkpt lat="40.07655261607952" lon="116.33782036064834">
        <ele>46.0</ele>
        <time>2026-08-17T11:44:50.000Z</time>
      </trkpt>
      <trkpt lat="40.076576631663016" lon="116.33781786888817">
        <ele>46.0</ele>
        <time>2026-08-17T11:44:51.000Z</time>
      </trkpt>
      <trkpt lat="40.07660067985733" lon="116.3378158805575">
        <ele>46.0</ele>
        <time>2026-08-17T11:44:52.000Z</time>
      </trkpt>
      <trkpt lat="40.07662480233807" lon="116.33781436724071">
        <ele>46.0</ele>
        <time>2026-08-17T11:44:53.000Z</time>
      </trkpt>
      <trkpt lat="40.07664889096136" lon="116.33781290654233">
        <ele>46.0</ele>
        <time>2026-08-17T11:44:54.000Z</time>
      </trkpt>
      <trkpt lat="40.076672976346394" lon="116.33781048215617">
        <ele>46.0</ele>
        <time>2026-08-17T11:44:55.000Z</time>
      </trkpt>
      <trkpt lat="40.07669742408143" lon="116.33780662541149">
        <ele>46.0</ele>
        <time>2026-08-17T11:44:56.000Z</time>
      </trkpt>
      <trkpt lat="40.076722217623" lon="116.3378017930769">
        <ele>46.0</ele>
        <time>2026-08-17T11:44:57.000Z</time>
      </trkpt>
      <trkpt lat="40.07674700151899" lon="116.33779676708626">
        <ele>46.0</ele>
        <time>2026-08-17T11:44:58.000Z</time>
      </trkpt>
      <trkpt lat="40.07677182871945" lon="116.33779259745756">
        <ele>46.0</ele>
        <time>2026-08-17T11:44:59.000Z</time>
      </trkpt>
      <trkpt lat="40.07679670491918" lon="116.33778999648209">
        <ele>46.0</ele>
        <time>2026-08-17T11:45:00.001Z</time>
      </trkpt>
      <trkpt lat="40.076821275390806" lon="116.33778915917571">
        <ele>46.0</ele>
        <time>2026-08-17T11:45:01.001Z</time>
      </trkpt>
      <trkpt lat="40.0768454044969" lon="116.33778894886973">
        <ele>46.0</ele>
        <time>2026-08-17T11:45:02.001Z</time>
      </trkpt>
      <trkpt lat="40.076868899352526" lon="116.33778752974824">
        <ele>46.0</ele>
        <time>2026-08-17T11:45:03.001Z</time>
      </trkpt>
      <trkpt lat="40.07689148261529" lon="116.33778314397058">
        <ele>46.0</ele>
        <time>2026-08-17T11:45:04.001Z</time>
      </trkpt>
      <trkpt lat="40.076912824633204" lon="116.33777396507816">
        <ele>46.0</ele>
        <time>2026-08-17T11:45:05.001Z</time>
      </trkpt>
      <trkpt lat="40.076932375210305" lon="116.33775913072121">
        <ele>46.0</ele>
        <time>2026-08-17T11:45:06.001Z</time>
      </trkpt>
      <trkpt lat="40.07694996212769" lon="116.33773866334101">
        <ele>46.0</ele>
        <time>2026-08-17T11:45:07.001Z</time>
      </trkpt>
      <trkpt lat="40.076965644007416" lon="116.33771309390484">
        <ele>46.0</ele>
        <time>2026-08-17T11:45:08.001Z</time>
      </trkpt>
      <trkpt lat="40.07697942092125" lon="116.337683458627">
        <ele>46.0</ele>
        <time>2026-08-17T11:45:09.001Z</time>
      </trkpt>
      <trkpt lat="40.076991427832105" lon="116.33765111241036">
        <ele>46.0</ele>
        <time>2026-08-17T11:45:10.001Z</time>
      </trkpt>
      <trkpt lat="40.077001857531926" lon="116.33761717887744">
        <ele>46.0</ele>
        <time>2026-08-17T11:45:11.001Z</time>
      </trkpt>
      <trkpt lat="40.077010682582056" lon="116.33758220647786">
        <ele>46.0</ele>
        <time>2026-08-17T11:45:12.001Z</time>
      </trkpt>
      <trkpt lat="40.077017700688664" lon="116.33754645099755">
        <ele>46.0</ele>
        <time>2026-08-17T11:45:13.001Z</time>
      </trkpt>
      <trkpt lat="40.07702279890233" lon="116.337510183808">
        <ele>46.0</ele>
        <time>2026-08-17T11:45:14.000Z</time>
      </trkpt>
      <trkpt lat="40.07702608055152" lon="116.33747370838535">
        <ele>46.0</ele>
        <time>2026-08-17T11:45:15.000Z</time>
      </trkpt>
      <trkpt lat="40.07702790977563" lon="116.33743728684053">
        <ele>46.0</ele>
        <time>2026-08-17T11:45:16.000Z</time>
      </trkpt>
      <trkpt lat="40.07702854795667" lon="116.33740102245946">
        <ele>46.0</ele>
        <time>2026-08-17T11:45:17.000Z</time>
      </trkpt>
      <trkpt lat="40.07702795252426" lon="116.33736501089959">
        <ele>46.0</ele>
        <time>2026-08-17T11:45:18.000Z</time>
      </trkpt>
      <trkpt lat="40.07702588629806" lon="116.33732924788924">
        <ele>46.0</ele>
        <time>2026-08-17T11:45:19.000Z</time>
      </trkpt>
      <trkpt lat="40.077022050897114" lon="116.3372937495743">
        <ele>46.0</ele>
        <time>2026-08-17T11:45:20.000Z</time>
      </trkpt>
      <trkpt lat="40.07701625168232" lon="116.33725863633536">
        <ele>46.0</ele>
        <time>2026-08-17T11:45:21.000Z</time>
      </trkpt>
      <trkpt lat="40.077008369167885" lon="116.33722401229659">
        <ele>46.1</ele>
        <time>2026-08-17T11:45:22.000Z</time>
      </trkpt>
      <trkpt lat="40.07699859014461" lon="116.33719012544738">
        <ele>46.1</ele>
        <time>2026-08-17T11:45:23.000Z</time>
      </trkpt>
      <trkpt lat="40.07698714688218" lon="116.33715727263979">
        <ele>46.1</ele>
        <time>2026-08-17T11:45:24.000Z</time>
      </trkpt>
      <trkpt lat="40.076974062229766" lon="116.33712567500253">
        <ele>46.1</ele>
        <time>2026-08-17T11:45:25.000Z</time>
      </trkpt>
      <trkpt lat="40.07695946420914" lon="116.33709539865335">
        <ele>46.1</ele>
        <time>2026-08-17T11:45:26.000Z</time>
      </trkpt>
      <trkpt lat="40.07694351935774" lon="116.33706655844736">
        <ele>46.1</ele>
        <time>2026-08-17T11:45:27.000Z</time>
      </trkpt>
      <trkpt lat="40.07692636004602" lon="116.33703941606244">
        <ele>46.1</ele>
        <time>2026-08-17T11:45:28.000Z</time>
      </trkpt>
      <trkpt lat="40.07690822519034" lon="116.33701414013103">
        <ele>46.1</ele>
        <time>2026-08-17T11:45:29.000Z</time>
      </trkpt>
      <trkpt lat="40.07688912158547" lon="116.33699070949804">
        <ele>46.1</ele>
        <time>2026-08-17T11:45:30.000Z</time>
      </trkpt>
      <trkpt lat="40.07686890467" lon="116.33696900028818">
        <ele>46.1</ele>
        <time>2026-08-17T11:45:31.000Z</time>
      </trkpt>
      <trkpt lat="40.07684784897078" lon="116.33694869686768">
        <ele>46.1</ele>
        <time>2026-08-17T11:45:32.000Z</time>
      </trkpt>
      <trkpt lat="40.076826104603214" lon="116.33692978362438">
        <ele>46.1</ele>
        <time>2026-08-17T11:45:33.000Z</time>
      </trkpt>
      <trkpt lat="40.07680366029323" lon="116.3369126309832">
        <ele>46.1</ele>
        <time>2026-08-17T11:45:34.000Z</time>
      </trkpt>
      <trkpt lat="40.07678062979027" lon="116.33689759358904">
        <ele>46.1</ele>
        <time>2026-08-17T11:45:35.000Z</time>
      </trkpt>
      <trkpt lat="40.0767569306623" lon="116.33688495988577">
        <ele>46.1</ele>
        <time>2026-08-17T11:45:36.000Z</time>
      </trkpt>
      <trkpt lat="40.07673258362197" lon="116.33687474441493">
        <ele>46.1</ele>
        <time>2026-08-17T11:45:37.000Z</time>
      </trkpt>
      <trkpt lat="40.07670765849203" lon="116.33686672688746">
        <ele>46.1</ele>
        <time>2026-08-17T11:45:38.000Z</time>
      </trkpt>
      <trkpt lat="40.0766821112183" lon="116.33686058668323">
        <ele>46.1</ele>
        <time>2026-08-17T11:45:39.000Z</time>
      </trkpt>
      <trkpt lat="40.076656072305504" lon="116.3368560521786">
        <ele>46.1</ele>
        <time>2026-08-17T11:45:40.000Z</time>
      </trkpt>
      <trkpt lat="40.07662985079697" lon="116.33685309578303">
        <ele>46.1</ele>
        <time>2026-08-17T11:45:41.000Z</time>
      </trkpt>
      <trkpt lat="40.0766038230872" lon="116.33685200537708">
        <ele>46.1</ele>
        <time>2026-08-17T11:45:42.000Z</time>
      </trkpt>
      <trkpt lat="40.076578100778704" lon="116.33685319883666">
        <ele>46.0</ele>
        <time>2026-08-17T11:45:43.000Z</time>
      </trkpt>
      <trkpt lat="40.0765525302832" lon="116.336856554784">
        <ele>46.0</ele>
        <time>2026-08-17T11:45:44.000Z</time>
      </trkpt>
      <trkpt lat="40.07652704438532" lon="116.33686127308049">
        <ele>46.0</ele>
        <time>2026-08-17T11:45:45.000Z</time>
      </trkpt>
      <trkpt lat="40.07650167731156" lon="116.33686647360311">
        <ele>46.0</ele>
        <time>2026-08-17T11:45:46.000Z</time>
      </trkpt>
      <trkpt lat="40.07647637943077" lon="116.33687137173658">
        <ele>46.0</ele>
        <time>2026-08-17T11:45:47.000Z</time>
      </trkpt>
      <trkpt lat="40.07645121038646" lon="116.33687552561895">
        <ele>46.0</ele>
        <time>2026-08-17T11:45:48.000Z</time>
      </trkpt>
      <trkpt lat="40.07642634063819" lon="116.33687880637932">
        <ele>46.0</ele>
        <time>2026-08-17T11:45:49.000Z</time>
      </trkpt>
      <trkpt lat="40.076401755352336" lon="116.33688130081009">
        <ele>46.0</ele>
        <time>2026-08-17T11:45:50.000Z</time>
      </trkpt>
      <trkpt lat="40.076377352651974" lon="116.33688358732711">
        <ele>46.0</ele>
        <time>2026-08-17T11:45:51.000Z</time>
      </trkpt>
      <trkpt lat="40.07635305972601" lon="116.33688626235922">
        <ele>46.0</ele>
        <time>2026-08-17T11:45:52.000Z</time>
      </trkpt>
      <trkpt lat="40.076328802847364" lon="116.33688931147874">
        <ele>46.0</ele>
        <time>2026-08-17T11:45:53.000Z</time>
      </trkpt>
      <trkpt lat="40.07630454334138" lon="116.33689232043993">
        <ele>46.0</ele>
        <time>2026-08-17T11:45:54.000Z</time>
      </trkpt>
      <trkpt lat="40.07628030548945" lon="116.33689503062642">
        <ele>46.0</ele>
        <time>2026-08-17T11:45:55.000Z</time>
      </trkpt>
      <trkpt lat="40.076256070434596" lon="116.33689748387884">
        <ele>46.0</ele>
        <time>2026-08-17T11:45:56.000Z</time>
      </trkpt>
      <trkpt lat="40.07623177152413" lon="116.33689972529064">
        <ele>46.0</ele>
        <time>2026-08-17T11:45:57.000Z</time>
      </trkpt>
      <trkpt lat="40.07620734641883" lon="116.3369017711651">
        <ele>46.0</ele>
        <time>2026-08-17T11:45:58.000Z</time>
      </trkpt>
      <trkpt lat="40.07618288194146" lon="116.33690394826898">
        <ele>46.0</ele>
        <time>2026-08-17T11:45:59.000Z</time>
      </trkpt>
      <trkpt lat="40.07615854681926" lon="116.33690641297561">
        <ele>46.0</ele>
        <time>2026-08-17T11:46:00.000Z</time>
      </trkpt>
      <trkpt lat="40.076134351967674" lon="116.33690879524121">
        <ele>46.0</ele>
        <time>2026-08-17T11:46:01.000Z</time>
      </trkpt>
      <trkpt lat="40.07611023575727" lon="116.33691087572025">
        <ele>46.0</ele>
        <time>2026-08-17T11:46:02.000Z</time>
      </trkpt>
      <trkpt lat="40.07608617440476" lon="116.3369126417631">
        <ele>46.0</ele>
        <time>2026-08-17T11:46:03.000Z</time>
      </trkpt>
      <trkpt lat="40.07606212681794" lon="116.33691423238018">
        <ele>46.0</ele>
        <time>2026-08-17T11:46:04.000Z</time>
      </trkpt>
      <trkpt lat="40.07603800452637" lon="116.33691591405669">
        <ele>46.0</ele>
        <time>2026-08-17T11:46:05.000Z</time>
      </trkpt>
      <trkpt lat="40.07601372690289" lon="116.33691766404263">
        <ele>46.0</ele>
        <time>2026-08-17T11:46:06.000Z</time>
      </trkpt>
      <trkpt lat="40.07598926095803" lon="116.33691922998155">
        <ele>46.0</ele>
        <time>2026-08-17T11:46:07.000Z</time>
      </trkpt>
      <trkpt lat="40.075964616943196" lon="116.33692038868391">
        <ele>45.9</ele>
        <time>2026-08-17T11:46:08.000Z</time>
      </trkpt>
      <trkpt lat="40.07593980112418" lon="116.33692085814495">
        <ele>45.9</ele>
        <time>2026-08-17T11:46:09.000Z</time>
      </trkpt>
      <trkpt lat="40.075914819232466" lon="116.33692032569992">
        <ele>45.9</ele>
        <time>2026-08-17T11:46:10.000Z</time>
      </trkpt>
      <trkpt lat="40.075889689707026" lon="116.33691901475977">
        <ele>45.9</ele>
        <time>2026-08-17T11:46:11.000Z</time>
      </trkpt>
      <trkpt lat="40.07586444112466" lon="116.33691767765657">
        <ele>45.9</ele>
        <time>2026-08-17T11:46:12.000Z</time>
      </trkpt>
      <trkpt lat="40.07583915443926" lon="116.3369169935313">
        <ele>46.0</ele>
        <time>2026-08-17T11:46:13.000Z</time>
      </trkpt>
      <trkpt lat="40.07581390070938" lon="116.33691731253855">
        <ele>46.0</ele>
        <time>2026-08-17T11:46:14.000Z</time>
      </trkpt>
      <trkpt lat="40.075788657703164" lon="116.33691867151694">
        <ele>46.0</ele>
        <time>2026-08-17T11:46:15.000Z</time>
      </trkpt>
      <trkpt lat="40.075763328519976" lon="116.33692073905124">
        <ele>46.0</ele>
        <time>2026-08-17T11:46:16.000Z</time>
      </trkpt>
      <trkpt lat="40.07573777821725" lon="116.33692329836683">
        <ele>46.0</ele>
        <time>2026-08-17T11:46:17.000Z</time>
        <extensions>
          <gpxtpx:TrackPointExtension>
            <gpxtpx:hr>166</gpxtpx:hr>
          </gpxtpx:TrackPointExtension>
        </extensions>
      </trkpt>
      <trkpt lat="40.075712069815914" lon="116.33692677967578">
        <ele>46.0</ele>
        <time>2026-08-17T11:46:18.000Z</time>
        <extensions>
          <gpxtpx:TrackPointExtension>
            <gpxtpx:hr>166</gpxtpx:hr>
          </gpxtpx:TrackPointExtension>
        </extensions>
      </trkpt>
      <trkpt lat="40.07568652987393" lon="116.33693201791624">
        <ele>46.0</ele>
        <time>2026-08-17T11:46:19.000Z</time>
        <extensions>
          <gpxtpx:TrackPointExtension>
            <gpxtpx:hr>166</gpxtpx:hr>
          </gpxtpx:TrackPointExtension>
        </extensions>
      </trkpt>
      <trkpt lat="40.07566152245715" lon="116.33693965656308">
        <ele>46.0</ele>
        <time>2026-08-17T11:46:20.000Z</time>
        <extensions>
          <gpxtpx:TrackPointExtension>
            <gpxtpx:hr>166</gpxtpx:hr>
          </gpxtpx:TrackPointExtension>
        </extensions>
      </trkpt>
      <trkpt lat="40.07563734478299" lon="116.33695002234428">
        <ele>46.0</ele>
        <time>2026-08-17T11:46:21.000Z</time>
        <extensions>
          <gpxtpx:TrackPointExtension>
            <gpxtpx:hr>166</gpxtpx:hr>
          </gpxtpx:TrackPointExtension>
        </extensions>
      </trkpt>
      <trkpt lat="40.075614190591224" lon="116.33696344130098">
        <ele>46.0</ele>
        <time>2026-08-17T11:46:22.000Z</time>
        <extensions>
          <gpxtpx:TrackPointExtension>
            <gpxtpx:hr>166</gpxtpx:hr>
          </gpxtpx:TrackPointExtension>
        </extensions>
      </trkpt>
      <trkpt lat="40.07559231701829" lon="116.33698015740988">
        <ele>46.0</ele>
        <time>2026-08-17T11:46:23.000Z</time>
        <extensions>
          <gpxtpx:TrackPointExtension>
            <gpxtpx:hr>166</gpxtpx:hr>
          </gpxtpx:TrackPointExtension>
        </extensions>
      </trkpt>
      <trkpt lat="40.07557225527579" lon="116.33700040898123">
        <ele>46.0</ele>
        <time>2026-08-17T11:46:24.000Z</time>
        <extensions>
          <gpxtpx:TrackPointExtension>
            <gpxtpx:hr>166</gpxtpx:hr>
          </gpxtpx:TrackPointExtension>
        </extensions>
      </trkpt>
      <trkpt lat="40.075554544462115" lon="116.33702448177445">
        <ele>46.0</ele>
        <time>2026-08-17T11:46:25.000Z</time>
        <extensions>
          <gpxtpx:TrackPointExtension>
            <gpxtpx:hr>166</gpxtpx:hr>
          </gpxtpx:TrackPointExtension>
        </extensions>
      </trkpt>
      <trkpt lat="40.075539295556105" lon="116.33705216938294">
        <ele>46.1</ele>
        <time>2026-08-17T11:46:26.000Z</time>
        <extensions>
          <gpxtpx:TrackPointExtension>
            <gpxtpx:hr>166</gpxtpx:hr>
          </gpxtpx:TrackPointExtension>
        </extensions>
      </trkpt>
      <trkpt lat="40.075526342630056" lon="116.33708271822327">
        <ele>46.1</ele>
        <time>2026-08-17T11:46:27.000Z</time>
        <extensions>
          <gpxtpx:TrackPointExtension>
            <gpxtpx:hr>166</gpxtpx:hr>
          </gpxtpx:TrackPointExtension>
        </extensions>
      </trkpt>
      <trkpt lat="40.07551544687272" lon="116.33711538196034">
        <ele>46.1</ele>
        <time>2026-08-17T11:46:28.000Z</time>
        <extensions>
          <gpxtpx:TrackPointExtension>
            <gpxtpx:hr>166</gpxtpx:hr>
          </gpxtpx:TrackPointExtension>
        </extensions>
      </trkpt>
      <trkpt lat="40.07550645963262" lon="116.33714958217276">
        <ele>46.1</ele>
        <time>2026-08-17T11:46:29.000Z</time>
        <extensions>
          <gpxtpx:TrackPointExtension>
            <gpxtpx:hr>166</gpxtpx:hr>
          </gpxtpx:TrackPointExtension>
        </extensions>
      </trkpt>
      <trkpt lat="40.07549941317876" lon="116.3371847966472">
        <ele>46.1</ele>
        <time>2026-08-17T11:46:30.000Z</time>
        <extensions>
          <gpxtpx:TrackPointExtension>
            <gpxtpx:hr>166</gpxtpx:hr>
          </gpxtpx:TrackPointExtension>
        </extensions>
      </trkpt>
      <trkpt lat="40.07549400162226" lon="116.33722056586542">
        <ele>46.1</ele>
        <time>2026-08-17T11:46:31.000Z</time>
        <extensions>
          <gpxtpx:TrackPointExtension>
            <gpxtpx:hr>166</gpxtpx:hr>
          </gpxtpx:TrackPointExtension>
        </extensions>
      </trkpt>
      <trkpt lat="40.07548972952197" lon="116.33725662335307">
        <ele>46.2</ele>
        <time>2026-08-17T11:46:32.000Z</time>
        <extensions>
          <gpxtpx:TrackPointExtension>
            <gpxtpx:hr>166</gpxtpx:hr>
          </gpxtpx:TrackPointExtension>
        </extensions>
      </trkpt>
      <trkpt lat="40.07548623983903" lon="116.33729291555434">
        <ele>46.2</ele>
        <time>2026-08-17T11:46:33.000Z</time>
        <extensions>
          <gpxtpx:TrackPointExtension>
            <gpxtpx:hr>166</gpxtpx:hr>
          </gpxtpx:TrackPointExtension>
        </extensions>
      </trkpt>
      <trkpt lat="40.07548324041213" lon="116.33732944800883">
        <ele>46.2</ele>
        <time>2026-08-17T11:46:34.000Z</time>
        <extensions>
          <gpxtpx:TrackPointExtension>
            <gpxtpx:hr>166</gpxtpx:hr>
          </gpxtpx:TrackPointExtension>
        </extensions>
      </trkpt>
      <trkpt lat="40.075480775044454" lon="116.33736624617075">
        <ele>46.2</ele>
        <time>2026-08-17T11:46:35.000Z</time>
        <extensions>
          <gpxtpx:TrackPointExtension>
            <gpxtpx:hr>166</gpxtpx:hr>
          </gpxtpx:TrackPointExtension>
        </extensions>
      </trkpt>
      <trkpt lat="40.075479265471316" lon="116.33740327725155">
        <ele>46.2</ele>
        <time>2026-08-17T11:46:36.000Z</time>
        <extensions>
          <gpxtpx:TrackPointExtension>
            <gpxtpx:hr>166</gpxtpx:hr>
          </gpxtpx:TrackPointExtension>
        </extensions>
      </trkpt>
      <trkpt lat="40.07547940211636" lon="116.33744033934187">
        <ele>46.2</ele>
        <time>2026-08-17T11:46:37.000Z</time>
        <extensions>
          <gpxtpx:TrackPointExtension>
            <gpxtpx:hr>166</gpxtpx:hr>
          </gpxtpx:TrackPointExtension>
        </extensions>
      </trkpt>
      <trkpt lat="40.075481818547004" lon="116.33747718714065">
        <ele>46.2</ele>
        <time>2026-08-17T11:46:38.000Z</time>
        <extensions>
          <gpxtpx:TrackPointExtension>
            <gpxtpx:hr>166</gpxtpx:hr>
          </gpxtpx:TrackPointExtension>
        </extensions>
      </trkpt>
      <trkpt lat="40.075486569939656" lon="116.33751349992104">
        <ele>46.1</ele>
        <time>2026-08-17T11:46:39.000Z</time>
        <extensions>
          <gpxtpx:TrackPointExtension>
            <gpxtpx:hr>166</gpxtpx:hr>
          </gpxtpx:TrackPointExtension>
        </extensions>
      </trkpt>
      <trkpt lat="40.075493188841165" lon="116.33754903193493">
        <ele>46.1</ele>
        <time>2026-08-17T11:46:40.000Z</time>
        <extensions>
          <gpxtpx:TrackPointExtension>
            <gpxtpx:hr>166</gpxtpx:hr>
          </gpxtpx:TrackPointExtension>
        </extensions>
      </trkpt>
      <trkpt lat="40.075501358856556" lon="116.33758374307426">
        <ele>46.1</ele>
        <time>2026-08-17T11:46:41.000Z</time>
        <extensions>
          <gpxtpx:TrackPointExtension>
            <gpxtpx:hr>166</gpxtpx:hr>
          </gpxtpx:TrackPointExtension>
        </extensions>
      </trkpt>
      <trkpt lat="40.075511059906226" lon="116.33761761579557">
        <ele>46.1</ele>
        <time>2026-08-17T11:46:42.000Z</time>
        <extensions>
          <gpxtpx:TrackPointExtension>
            <gpxtpx:hr>166</gpxtpx:hr>
          </gpxtpx:TrackPointExtension>
        </extensions>
      </trkpt>
      <trkpt lat="40.07552231413784" lon="116.33765068420198">
        <ele>46.1</ele>
        <time>2026-08-17T11:46:43.000Z</time>
        <extensions>
          <gpxtpx:TrackPointExtension>
            <gpxtpx:hr>166</gpxtpx:hr>
          </gpxtpx:TrackPointExtension>
        </extensions>
      </trkpt>
      <trkpt lat="40.075535249479735" lon="116.33768282964444">
        <ele>46.1</ele>
        <time>2026-08-17T11:46:44.000Z</time>
        <extensions>
          <gpxtpx:TrackPointExtension>
            <gpxtpx:hr>166</gpxtpx:hr>
          </gpxtpx:TrackPointExtension>
        </extensions>
      </trkpt>
      <trkpt lat="40.075550018786025" lon="116.33771336577853">
        <ele>46.1</ele>
        <time>2026-08-17T11:46:45.000Z</time>
        <extensions>
          <gpxtpx:TrackPointExtension>
            <gpxtpx:hr>166</gpxtpx:hr>
          </gpxtpx:TrackPointExtension>
        </extensions>
      </trkpt>
      <trkpt lat="40.075566700407535" lon="116.3377415824054">
        <ele>46.1</ele>
        <time>2026-08-17T11:46:46.000Z</time>
        <extensions>
          <gpxtpx:TrackPointExtension>
            <gpxtpx:hr>166</gpxtpx:hr>
          </gpxtpx:TrackPointExtension>
        </extensions>
      </trkpt>
      <trkpt lat="40.07558532778627" lon="116.33776721067449">
        <ele>46.1</ele>
        <time>2026-08-17T11:46:47.000Z</time>
      </trkpt>
      <trkpt lat="40.075605720958634" lon="116.3377904352569">
        <ele>46.1</ele>
        <time>2026-08-17T11:46:48.000Z</time>
      </trkpt>
      <trkpt lat="40.075627548388944" lon="116.33781172982134">
        <ele>46.1</ele>
        <time>2026-08-17T11:46:49.000Z</time>
      </trkpt>
      <trkpt lat="40.075650499114325" lon="116.33783144788305">
        <ele>46.1</ele>
        <time>2026-08-17T11:46:50.000Z</time>
      </trkpt>
      <trkpt lat="40.07567433346425" lon="116.33784961473611">
        <ele>46.1</ele>
        <time>2026-08-17T11:46:51.000Z</time>
      </trkpt>
      <trkpt lat="40.07569891192527" lon="116.3378659921842">
        <ele>46.1</ele>
        <time>2026-08-17T11:46:52.000Z</time>
      </trkpt>
      <trkpt lat="40.07572413828392" lon="116.33788031724066">
        <ele>46.1</ele>
        <time>2026-08-17T11:46:53.000Z</time>
      </trkpt>
      <trkpt lat="40.0757499092507" lon="116.3378922642945">
        <ele>46.1</ele>
        <time>2026-08-17T11:46:54.000Z</time>
      </trkpt>
      <trkpt lat="40.07577612902531" lon="116.33790140825339">
        <ele>46.1</ele>
        <time>2026-08-17T11:46:55.000Z</time>
      </trkpt>
      <trkpt lat="40.07580274059275" lon="116.33790763150634">
        <ele>46.1</ele>
        <time>2026-08-17T11:46:56.000Z</time>
      </trkpt>
      <trkpt lat="40.07582965248026" lon="116.33791124578653">
        <ele>46.1</ele>
        <time>2026-08-17T11:46:57.000Z</time>
      </trkpt>
      <trkpt lat="40.075856708113626" lon="116.33791255508089">
        <ele>46.1</ele>
        <time>2026-08-17T11:46:58.000Z</time>
      </trkpt>
      <trkpt lat="40.07588376886493" lon="116.33791164273616">
        <ele>46.1</ele>
        <time>2026-08-17T11:46:59.000Z</time>
      </trkpt>
      <trkpt lat="40.07591076424382" lon="116.33790853859033">
        <ele>46.0</ele>
        <time>2026-08-17T11:47:00.000Z</time>
      </trkpt>
      <trkpt lat="40.07593771129725" lon="116.33790335245192">
        <ele>46.0</ele>
        <time>2026-08-17T11:47:01.000Z</time>
      </trkpt>
      <trkpt lat="40.07596476407473" lon="116.3378963455968">
        <ele>46.0</ele>
        <time>2026-08-17T11:47:02.000Z</time>
      </trkpt>
      <trkpt lat="40.07599201641091" lon="116.33788813349254">
        <ele>46.0</ele>
        <time>2026-08-17T11:47:03.000Z</time>
      </trkpt>
      <trkpt lat="40.07601926672727" lon="116.33787931266536">
        <ele>46.0</ele>
        <time>2026-08-17T11:47:04.000Z</time>
      </trkpt>
      <trkpt lat="40.07604629299592" lon="116.33787031309693">
        <ele>46.0</ele>
        <time>2026-08-17T11:47:05.000Z</time>
      </trkpt>
      <trkpt lat="40.07607313343835" lon="116.33786152504643">
        <ele>46.0</ele>
        <time>2026-08-17T11:47:06.000Z</time>
      </trkpt>
      <trkpt lat="40.07609990479614" lon="116.33785324340123">
        <ele>46.0</ele>
        <time>2026-08-17T11:47:07.000Z</time>
      </trkpt>
      <trkpt lat="40.076126814659204" lon="116.33784568523659">
        <ele>46.0</ele>
        <time>2026-08-17T11:47:08.000Z</time>
      </trkpt>
      <trkpt lat="40.07615380138662" lon="116.33783897442741">
        <ele>46.0</ele>
        <time>2026-08-17T11:47:09.000Z</time>
      </trkpt>
      <trkpt lat="40.076180596856815" lon="116.33783318293352">
        <ele>46.0</ele>
        <time>2026-08-17T11:47:10.000Z</time>
      </trkpt>
      <trkpt lat="40.07620700232417" lon="116.33782846063647">
        <ele>46.0</ele>
        <time>2026-08-17T11:47:11.000Z</time>
      </trkpt>
      <trkpt lat="40.07623298222789" lon="116.33782508034106">
        <ele>46.0</ele>
        <time>2026-08-17T11:47:12.000Z</time>
      </trkpt>
      <trkpt lat="40.076258677010664" lon="116.33782284434501">
        <ele>46.0</ele>
        <time>2026-08-17T11:47:13.000Z</time>
      </trkpt>
      <trkpt lat="40.07628423698738" lon="116.33782096990473">
        <ele>46.0</ele>
        <time>2026-08-17T11:47:14.000Z</time>
      </trkpt>
      <trkpt lat="40.07630974100482" lon="116.33781888358152">
        <ele>46.0</ele>
        <time>2026-08-17T11:47:15.000Z</time>
      </trkpt>
      <trkpt lat="40.0763352607582" lon="116.33781654524611">
        <ele>46.0</ele>
        <time>2026-08-17T11:47:16.000Z</time>
      </trkpt>
      <trkpt lat="40.07636077597129" lon="116.33781381965562">
        <ele>46.0</ele>
        <time>2026-08-17T11:47:17.000Z</time>
      </trkpt>
      <trkpt lat="40.076386293951025" lon="116.33781028470997">
        <ele>46.0</ele>
        <time>2026-08-17T11:47:18.000Z</time>
      </trkpt>
      <trkpt lat="40.07641189629038" lon="116.33780599508609">
        <ele>46.0</ele>
        <time>2026-08-17T11:47:19.000Z</time>
      </trkpt>
      <trkpt lat="40.07643764433537" lon="116.3378014579203">
        <ele>46.0</ele>
        <time>2026-08-17T11:47:20.000Z</time>
      </trkpt>
      <trkpt lat="40.07646346828642" lon="116.3377972903073">
        <ele>46.0</ele>
        <time>2026-08-17T11:47:21.000Z</time>
      </trkpt>
      <trkpt lat="40.07648928989135" lon="116.33779411604719">
        <ele>46.0</ele>
        <time>2026-08-17T11:47:22.000Z</time>
      </trkpt>
      <trkpt lat="40.07651508356865" lon="116.3377922838145">
        <ele>46.0</ele>
        <time>2026-08-17T11:47:23.000Z</time>
      </trkpt>
      <trkpt lat="40.07654079815929" lon="116.33779155764597">
        <ele>46.0</ele>
        <time>2026-08-17T11:47:24.000Z</time>
      </trkpt>
      <trkpt lat="40.07656640662711" lon="116.3377915529067">
        <ele>46.0</ele>
        <time>2026-08-17T11:47:25.000Z</time>
      </trkpt>
      <trkpt lat="40.07659191925161" lon="116.33779218890064">
        <ele>46.0</ele>
        <time>2026-08-17T11:47:26.000Z</time>
      </trkpt>
      <trkpt lat="40.07661737817778" lon="116.33779343596856">
        <ele>46.0</ele>
        <time>2026-08-17T11:47:27.000Z</time>
      </trkpt>
      <trkpt lat="40.07664280329131" lon="116.3377952321986">
        <ele>46.0</ele>
        <time>2026-08-17T11:47:28.000Z</time>
      </trkpt>
      <trkpt lat="40.07666810341638" lon="116.33779751211516">
        <ele>46.0</ele>
        <time>2026-08-17T11:47:29.000Z</time>
      </trkpt>
      <trkpt lat="40.07669318956398" lon="116.33779983564244">
        <ele>46.0</ele>
        <time>2026-08-17T11:47:30.000Z</time>
      </trkpt>
      <trkpt lat="40.076718116172785" lon="116.33780131071437">
        <ele>46.0</ele>
        <time>2026-08-17T11:47:31.000Z</time>
      </trkpt>
      <trkpt lat="40.07674285425103" lon="116.33780104778768">
        <ele>46.0</ele>
        <time>2026-08-17T11:47:32.000Z</time>
      </trkpt>
      <trkpt lat="40.07676721925845" lon="116.3377984824168">
        <ele>46.0</ele>
        <time>2026-08-17T11:47:33.000Z</time>
      </trkpt>
      <trkpt lat="40.076791012093224" lon="116.3377933547811">
        <ele>46.0</ele>
        <time>2026-08-17T11:47:34.000Z</time>
      </trkpt>
      <trkpt lat="40.07681402471505" lon="116.33778552459144">
        <ele>46.0</ele>
        <time>2026-08-17T11:47:35.000Z</time>
      </trkpt>
      <trkpt lat="40.07683617261316" lon="116.33777495425016">
        <ele>46.0</ele>
        <time>2026-08-17T11:47:36.000Z</time>
      </trkpt>
      <trkpt lat="40.07685748914361" lon="116.33776141879508">
        <ele>46.0</ele>
        <time>2026-08-17T11:47:37.000Z</time>
      </trkpt>
      <trkpt lat="40.07687778389491" lon="116.33774458310214">
        <ele>46.0</ele>
        <time>2026-08-17T11:47:38.000Z</time>
      </trkpt>
      <trkpt lat="40.07689685805151" lon="116.3377245772635">
        <ele>46.0</ele>
        <time>2026-08-17T11:47:39.000Z</time>
      </trkpt>
      <trkpt lat="40.076914597121174" lon="116.33770183486175">
        <ele>46.0</ele>
        <time>2026-08-17T11:47:40.000Z</time>
      </trkpt>
      <trkpt lat="40.07693084345917" lon="116.33767651995949">
        <ele>46.0</ele>
        <time>2026-08-17T11:47:41.000Z</time>
      </trkpt>
      <trkpt lat="40.07694568708306" lon="116.33764883766992">
        <ele>46.0</ele>
        <time>2026-08-17T11:47:42.000Z</time>
      </trkpt>
      <trkpt lat="40.076959332799625" lon="116.33761945182485">
        <ele>46.0</ele>
        <time>2026-08-17T11:47:43.000Z</time>
      </trkpt>
      <trkpt lat="40.07697162248167" lon="116.33758882701754">
        <ele>46.0</ele>
        <time>2026-08-17T11:47:44.000Z</time>
      </trkpt>
      <trkpt lat="40.076982200983096" lon="116.3375571261437">
        <ele>46.0</ele>
        <time>2026-08-17T11:47:45.000Z</time>
      </trkpt>
      <trkpt lat="40.07699085871374" lon="116.33752445259599">
        <ele>46.0</ele>
        <time>2026-08-17T11:47:46.000Z</time>
      </trkpt>
      <trkpt lat="40.07699756131076" lon="116.3374907847399">
        <ele>46.0</ele>
        <time>2026-08-17T11:47:47.000Z</time>
      </trkpt>
      <trkpt lat="40.07700246357197" lon="116.33745629983176">
        <ele>46.0</ele>
        <time>2026-08-17T11:47:48.000Z</time>
      </trkpt>
      <trkpt lat="40.077006040251405" lon="116.33742128488757">
        <ele>46.0</ele>
        <time>2026-08-17T11:47:49.000Z</time>
      </trkpt>
      <trkpt lat="40.077008722555114" lon="116.33738580782774">
        <ele>46.0</ele>
        <time>2026-08-17T11:47:50.000Z</time>
      </trkpt>
      <trkpt lat="40.07701050408934" lon="116.33734999681008">
        <ele>46.0</ele>
        <time>2026-08-17T11:47:51.000Z</time>
      </trkpt>
      <trkpt lat="40.07701102955501" lon="116.33731414036353">
        <ele>46.0</ele>
        <time>2026-08-17T11:47:52.000Z</time>
      </trkpt>
      <trkpt lat="40.07700987030169" lon="116.33727850580861">
        <ele>46.0</ele>
        <time>2026-08-17T11:47:53.000Z</time>
      </trkpt>
      <trkpt lat="40.07700683331261" lon="116.33724330347859">
        <ele>46.0</ele>
        <time>2026-08-17T11:47:54.000Z</time>
      </trkpt>
      <trkpt lat="40.07700172316264" lon="116.33720873016199">
        <ele>46.0</ele>
        <time>2026-08-17T11:47:55.000Z</time>
      </trkpt>
      <trkpt lat="40.07699442855452" lon="116.3371750033282">
        <ele>46.0</ele>
        <time>2026-08-17T11:47:56.000Z</time>
      </trkpt>
      <trkpt lat="40.07698518203355" lon="116.3371422757778">
        <ele>46.0</ele>
        <time>2026-08-17T11:47:57.000Z</time>
      </trkpt>
      <trkpt lat="40.07697435436586" lon="116.337110626079">
        <ele>46.0</ele>
        <time>2026-08-17T11:47:58.000Z</time>
      </trkpt>
      <trkpt lat="40.0769619504472" lon="116.33708013116312">
        <ele>46.0</ele>
        <time>2026-08-17T11:47:59.000Z</time>
      </trkpt>
      <trkpt lat="40.07694781737633" lon="116.33705081070734">
        <ele>46.0</ele>
        <time>2026-08-17T11:48:00.000Z</time>
      </trkpt>
      <trkpt lat="40.07693195127576" lon="116.33702275364037">
        <ele>46.0</ele>
        <time>2026-08-17T11:48:01.000Z</time>
      </trkpt>
      <trkpt lat="40.076914287098795" lon="116.33699629735608">
        <ele>46.0</ele>
        <time>2026-08-17T11:48:02.000Z</time>
      </trkpt>
      <trkpt lat="40.07689482386443" lon="116.33697181945493">
        <ele>46.0</ele>
        <time>2026-08-17T11:48:03.000Z</time>
      </trkpt>
      <trkpt lat="40.07687380403745" lon="116.33694963070779">
        <ele>46.0</ele>
        <time>2026-08-17T11:48:04.000Z</time>
      </trkpt>
      <trkpt lat="40.07685156868484" lon="116.33692980387549">
        <ele>46.0</ele>
        <time>2026-08-17T11:48:05.000Z</time>
      </trkpt>
      <trkpt lat="40.076828357951825" lon="116.33691208687222">
        <ele>46.0</ele>
        <time>2026-08-17T11:48:06.000Z</time>
      </trkpt>
      <trkpt lat="40.076804269489976" lon="116.33689616236452">
        <ele>46.0</ele>
        <time>2026-08-17T11:48:07.000Z</time>
      </trkpt>
      <trkpt lat="40.07677922056961" lon="116.33688208545937">
        <ele>46.0</ele>
        <time>2026-08-17T11:48:08.000Z</time>
      </trkpt>
      <trkpt lat="40.076753235066754" lon="116.3368705546589">
        <ele>46.0</ele>
        <time>2026-08-17T11:48:09.000Z</time>
      </trkpt>
      <trkpt lat="40.076726669542055" lon="116.33686192688415">
        <ele>46.0</ele>
        <time>2026-08-17T11:48:10.000Z</time>
      </trkpt>
      <trkpt lat="40.0766998757462" lon="116.3368556054797">
        <ele>46.0</ele>
        <time>2026-08-17T11:48:11.000Z</time>
      </trkpt>
      <trkpt lat="40.076672804683696" lon="116.33685101456565">
        <ele>46.0</ele>
        <time>2026-08-17T11:48:12.000Z</time>
      </trkpt>
      <trkpt lat="40.07664529962565" lon="116.33684825784711">
        <ele>46.0</ele>
        <time>2026-08-17T11:48:13.000Z</time>
      </trkpt>
      <trkpt lat="40.07661750440374" lon="116.33684759137904">
        <ele>46.0</ele>
        <time>2026-08-17T11:48:14.000Z</time>
      </trkpt>
      <trkpt lat="40.076589664696435" lon="116.33684870430253">
        <ele>46.0</ele>
        <time>2026-08-17T11:48:15.000Z</time>
      </trkpt>
      <trkpt lat="40.07656187395838" lon="116.33685097904458">
        <ele>46.0</ele>
        <time>2026-08-17T11:48:16.000Z</time>
      </trkpt>
      <trkpt lat="40.07653421225819" lon="116.33685395523862">
        <ele>46.0</ele>
        <time>2026-08-17T11:48:17.000Z</time>
      </trkpt>
      <trkpt lat="40.07650684710047" lon="116.33685721652863">
        <ele>46.0</ele>
        <time>2026-08-17T11:48:18.000Z</time>
      </trkpt>
      <trkpt lat="40.076479674883885" lon="116.3368605326286">
        <ele>46.0</ele>
        <time>2026-08-17T11:48:19.000Z</time>
      </trkpt>
      <trkpt lat="40.07645244903626" lon="116.33686435031711">
        <ele>46.0</ele>
        <time>2026-08-17T11:48:20.000Z</time>
      </trkpt>
      <trkpt lat="40.076425179827964" lon="116.33686906480818">
        <ele>46.0</ele>
        <time>2026-08-17T11:48:21.000Z</time>
      </trkpt>
      <trkpt lat="40.07639797809512" lon="116.33687433607923">
        <ele>46.0</ele>
        <time>2026-08-17T11:48:22.000Z</time>
      </trkpt>
      <trkpt lat="40.07637092455659" lon="116.33687960893509">
        <ele>45.9</ele>
        <time>2026-08-17T11:48:23.000Z</time>
      </trkpt>
      <trkpt lat="40.076344023798704" lon="116.33688447481062">
        <ele>45.9</ele>
        <time>2026-08-17T11:48:24.000Z</time>
      </trkpt>
      <trkpt lat="40.07631723628408" lon="116.33688878283769">
        <ele>45.9</ele>
        <time>2026-08-17T11:48:25.000Z</time>
      </trkpt>
      <trkpt lat="40.076290508273985" lon="116.33689231517464">
        <ele>45.9</ele>
        <time>2026-08-17T11:48:26.000Z</time>
      </trkpt>
      <trkpt lat="40.07626374096833" lon="116.33689476187011">
        <ele>45.9</ele>
        <time>2026-08-17T11:48:27.000Z</time>
      </trkpt>
      <trkpt lat="40.07623682517527" lon="116.33689623660567">
        <ele>45.9</ele>
        <time>2026-08-17T11:48:28.000Z</time>
      </trkpt>
      <trkpt lat="40.07620977687621" lon="116.3368972096086">
        <ele>45.9</ele>
        <time>2026-08-17T11:48:29.000Z</time>
      </trkpt>
      <trkpt lat="40.076182753336774" lon="116.33689794927368">
        <ele>45.9</ele>
        <time>2026-08-17T11:48:30.000Z</time>
      </trkpt>
      <trkpt lat="40.076155802607595" lon="116.33689826587653">
        <ele>45.9</ele>
        <time>2026-08-17T11:48:31.000Z</time>
      </trkpt>
      <trkpt lat="40.07612884825545" lon="116.3368979237772">
        <ele>45.9</ele>
        <time>2026-08-17T11:48:32.000Z</time>
      </trkpt>
      <trkpt lat="40.07610184195202" lon="116.33689710781259">
        <ele>45.9</ele>
        <time>2026-08-17T11:48:33.000Z</time>
      </trkpt>
      <trkpt lat="40.076074743086835" lon="116.33689622061307">
        <ele>45.9</ele>
        <time>2026-08-17T11:48:34.000Z</time>
      </trkpt>
      <trkpt lat="40.076047592334056" lon="116.33689550398184">
        <ele>45.9</ele>
        <time>2026-08-17T11:48:35.000Z</time>
      </trkpt>
      <trkpt lat="40.076020493259755" lon="116.33689520409953">
        <ele>45.9</ele>
        <time>2026-08-17T11:48:36.000Z</time>
      </trkpt>
      <trkpt lat="40.0759935738112" lon="116.33689553380339">
        <ele>45.9</ele>
        <time>2026-08-17T11:48:37.000Z</time>
      </trkpt>
      <trkpt lat="40.07596683410662" lon="116.33689630012236">
        <ele>45.9</ele>
        <time>2026-08-17T11:48:38.000Z</time>
      </trkpt>
      <trkpt lat="40.07594005428223" lon="116.33689692118227">
        <ele>45.9</ele>
        <time>2026-08-17T11:48:39.000Z</time>
      </trkpt>
      <trkpt lat="40.07591301068679" lon="116.33689705443457">
        <ele>45.9</ele>
        <time>2026-08-17T11:48:40.000Z</time>
      </trkpt>
      <trkpt lat="40.07588587367432" lon="116.33689682362645">
        <ele>45.9</ele>
        <time>2026-08-17T11:48:41.000Z</time>
      </trkpt>
      <trkpt lat="40.07585896572178" lon="116.33689665367653">
        <ele>45.9</ele>
        <time>2026-08-17T11:48:42.000Z</time>
      </trkpt>
      <trkpt lat="40.075832364398956" lon="116.33689691823922">
        <ele>45.9</ele>
        <time>2026-08-17T11:48:43.000Z</time>
      </trkpt>
      <trkpt lat="40.07580594667972" lon="116.33689788175045">
        <ele>45.9</ele>
        <time>2026-08-17T11:48:44.000Z</time>
      </trkpt>
      <trkpt lat="40.07577949124353" lon="116.3369000571619">
        <ele>45.9</ele>
        <time>2026-08-17T11:48:45.000Z</time>
      </trkpt>
      <trkpt lat="40.075752930826745" lon="116.3369042614553">
        <ele>45.9</ele>
        <time>2026-08-17T11:48:46.000Z</time>
      </trkpt>
      <trkpt lat="40.075726578503996" lon="116.33691115589052">
        <ele>45.9</ele>
        <time>2026-08-17T11:48:47.000Z</time>
      </trkpt>
      <trkpt lat="40.07570086572739" lon="116.3369209853721">
        <ele>45.9</ele>
        <time>2026-08-17T11:48:48.000Z</time>
      </trkpt>
      <trkpt lat="40.07567599007101" lon="116.33693374121628">
        <ele>45.9</ele>
        <time>2026-08-17T11:48:49.000Z</time>
      </trkpt>
      <trkpt lat="40.07565208515447" lon="116.33694923499102">
        <ele>45.9</ele>
        <time>2026-08-17T11:48:50.000Z</time>
      </trkpt>
      <trkpt lat="40.075629294815435" lon="116.33696729677706">
        <ele>45.9</ele>
        <time>2026-08-17T11:48:51.000Z</time>
      </trkpt>
      <trkpt lat="40.07560772524126" lon="116.33698802519294">
        <ele>45.9</ele>
        <time>2026-08-17T11:48:52.000Z</time>
      </trkpt>
      <trkpt lat="40.07558741914116" lon="116.33701137750087">
        <ele>45.9</ele>
        <time>2026-08-17T11:48:53.000Z</time>
      </trkpt>
      <trkpt lat="40.075568481215825" lon="116.33703708744427">
        <ele>45.9</ele>
        <time>2026-08-17T11:48:54.000Z</time>
      </trkpt>
      <trkpt lat="40.075551085464355" lon="116.33706493115385">
        <ele>45.9</ele>
        <time>2026-08-17T11:48:55.000Z</time>
      </trkpt>
      <trkpt lat="40.07553534414298" lon="116.33709472352169">
        <ele>45.9</ele>
        <time>2026-08-17T11:48:56.000Z</time>
      </trkpt>
      <trkpt lat="40.07552118698586" lon="116.33712618456133">
        <ele>45.9</ele>
        <time>2026-08-17T11:48:57.000Z</time>
      </trkpt>
      <trkpt lat="40.07550836520739" lon="116.33715875170448">
        <ele>45.9</ele>
        <time>2026-08-17T11:48:58.000Z</time>
      </trkpt>
      <trkpt lat="40.07549674088778" lon="116.33719200987709">
        <ele>46.0</ele>
        <time>2026-08-17T11:48:59.000Z</time>
      </trkpt>
      <trkpt lat="40.0754866650121" lon="116.3372259672956">
        <ele>46.0</ele>
        <time>2026-08-17T11:49:00.000Z</time>
      </trkpt>
      <trkpt lat="40.07547864371589" lon="116.33726069819525">
        <ele>46.0</ele>
        <time>2026-08-17T11:49:01.000Z</time>
      </trkpt>
      <trkpt lat="40.0754726618607" lon="116.33729606111831">
        <ele>46.0</ele>
        <time>2026-08-17T11:49:02.000Z</time>
      </trkpt>
      <trkpt lat="40.07546828075241" lon="116.3373318044687">
        <ele>46.0</ele>
        <time>2026-08-17T11:49:03.000Z</time>
      </trkpt>
      <trkpt lat="40.07546523428178" lon="116.33736775561894">
        <ele>46.0</ele>
        <time>2026-08-17T11:49:04.000Z</time>
      </trkpt>
      <trkpt lat="40.07546371557012" lon="116.33740385582861">
        <ele>46.0</ele>
        <time>2026-08-17T11:49:05.000Z</time>
      </trkpt>
      <trkpt lat="40.07546407885189" lon="116.3374400403695">
        <ele>46.0</ele>
        <time>2026-08-17T11:49:06.000Z</time>
      </trkpt>
      <trkpt lat="40.075466473597785" lon="116.33747619491982">
        <ele>46.0</ele>
        <time>2026-08-17T11:49:07.000Z</time>
      </trkpt>
      <trkpt lat="40.0754708755363" lon="116.33751212730175">
        <ele>46.0</ele>
        <time>2026-08-17T11:49:08.000Z</time>
      </trkpt>
      <trkpt lat="40.07547719782289" lon="116.33754764298196">
        <ele>46.0</ele>
        <time>2026-08-17T11:49:09.000Z</time>
      </trkpt>
      <trkpt lat="40.07548537433363" lon="116.33758256483478">
        <ele>46.0</ele>
        <time>2026-08-17T11:49:10.000Z</time>
      </trkpt>
      <trkpt lat="40.07549553885597" lon="116.33761656560293">
        <ele>46.0</ele>
        <time>2026-08-17T11:49:11.000Z</time>
      </trkpt>
      <trkpt lat="40.0755077915845" lon="116.33764936974694">
        <ele>46.0</ele>
        <time>2026-08-17T11:49:12.001Z</time>
      </trkpt>
      <trkpt lat="40.07552189210193" lon="116.33768083221733">
        <ele>46.0</ele>
        <time>2026-08-17T11:49:13.001Z</time>
      </trkpt>
      <trkpt lat="40.07553746945978" lon="116.33771096858922">
        <ele>46.0</ele>
        <time>2026-08-17T11:49:14.001Z</time>
      </trkpt>
      <trkpt lat="40.075554168423146" lon="116.33773973673263">
        <ele>46.0</ele>
        <time>2026-08-17T11:49:15.001Z</time>
      </trkpt>
      <trkpt lat="40.07557179716532" lon="116.33776701065516">
        <ele>46.0</ele>
        <time>2026-08-17T11:49:16.001Z</time>
      </trkpt>
      <trkpt lat="40.075590285585946" lon="116.33779258807033">
        <ele>46.0</ele>
        <time>2026-08-17T11:49:17.001Z</time>
      </trkpt>
      <trkpt lat="40.07560962812663" lon="116.3378163358676">
        <ele>46.0</ele>
        <time>2026-08-17T11:49:18.001Z</time>
      </trkpt>
      <trkpt lat="40.07562987684648" lon="116.3378381406129">
        <ele>46.0</ele>
        <time>2026-08-17T11:49:19.001Z</time>
      </trkpt>
      <trkpt lat="40.07565110997457" lon="116.33785776110037">
        <ele>46.0</ele>
        <time>2026-08-17T11:49:20.001Z</time>
      </trkpt>
      <trkpt lat="40.07567338536416" lon="116.33787496110536">
        <ele>46.0</ele>
        <time>2026-08-17T11:49:21.001Z</time>
      </trkpt>
      <trkpt lat="40.0756966642369" lon="116.3378895922281">
        <ele>46.0</ele>
        <time>2026-08-17T11:49:22.001Z</time>
      </trkpt>
      <trkpt lat="40.07572072753216" lon="116.33790165754944">
        <ele>45.9</ele>
        <time>2026-08-17T11:49:23.001Z</time>
      </trkpt>
      <trkpt lat="40.07574543441756" lon="116.33791129335027">
        <ele>45.9</ele>
        <time>2026-08-17T11:49:24.000Z</time>
      </trkpt>
      <trkpt lat="40.07577078656898" lon="116.33791840431186">
        <ele>45.9</ele>
        <time>2026-08-17T11:49:25.000Z</time>
      </trkpt>
      <trkpt lat="40.075796675779" lon="116.33792288038282">
        <ele>45.9</ele>
        <time>2026-08-17T11:49:26.000Z</time>
      </trkpt>
      <trkpt lat="40.075822833254286" lon="116.33792504849957">
        <ele>45.9</ele>
        <time>2026-08-17T11:49:27.000Z</time>
      </trkpt>
      <trkpt lat="40.07584898539176" lon="116.33792530574269">
        <ele>45.9</ele>
        <time>2026-08-17T11:49:28.000Z</time>
      </trkpt>
      <trkpt lat="40.07587502883703" lon="116.33792379003248">
        <ele>45.9</ele>
        <time>2026-08-17T11:49:29.000Z</time>
      </trkpt>
      <trkpt lat="40.07590083555051" lon="116.33792066721463">
        <ele>45.9</ele>
        <time>2026-08-17T11:49:30.000Z</time>
      </trkpt>
      <trkpt lat="40.075926237871506" lon="116.33791664504788">
        <ele>45.9</ele>
        <time>2026-08-17T11:49:31.000Z</time>
      </trkpt>
      <trkpt lat="40.07595126849098" lon="116.33791290895391">
        <ele>45.9</ele>
        <time>2026-08-17T11:49:32.000Z</time>
      </trkpt>
      <trkpt lat="40.0759761483691" lon="116.33791038730003">
        <ele>45.9</ele>
        <time>2026-08-17T11:49:33.000Z</time>
      </trkpt>
      <trkpt lat="40.07600120752869" lon="116.33790904820532">
        <ele>45.9</ele>
        <time>2026-08-17T11:49:34.000Z</time>
      </trkpt>
      <trkpt lat="40.076026615375135" lon="116.33790819522586">
        <ele>45.9</ele>
        <time>2026-08-17T11:49:35.000Z</time>
      </trkpt>
      <trkpt lat="40.0760522780878" lon="116.33790730630778">
        <ele>45.9</ele>
        <time>2026-08-17T11:49:36.000Z</time>
      </trkpt>
      <trkpt lat="40.076078062937825" lon="116.33790639934448">
        <ele>45.9</ele>
        <time>2026-08-17T11:49:37.000Z</time>
      </trkpt>
      <trkpt lat="40.07610392460428" lon="116.33790534085995">
        <ele>45.9</ele>
        <time>2026-08-17T11:49:38.000Z</time>
      </trkpt>
      <trkpt lat="40.07612981063372" lon="116.33790348282623">
        <ele>45.9</ele>
        <time>2026-08-17T11:49:39.000Z</time>
      </trkpt>
      <trkpt lat="40.07615571522825" lon="116.33790065238826">
        <ele>45.9</ele>
        <time>2026-08-17T11:49:40.000Z</time>
      </trkpt>
      <trkpt lat="40.0761816543107" lon="116.33789748524175">
        <ele>45.9</ele>
        <time>2026-08-17T11:49:41.000Z</time>
      </trkpt>
      <trkpt lat="40.076207482147325" lon="116.33789461765036">
        <ele>45.9</ele>
        <time>2026-08-17T11:49:42.000Z</time>
      </trkpt>
      <trkpt lat="40.07623304054606" lon="116.33789201334072">
        <ele>45.9</ele>
        <time>2026-08-17T11:49:43.000Z</time>
      </trkpt>
      <trkpt lat="40.07625834168555" lon="116.33788921028045">
        <ele>45.9</ele>
        <time>2026-08-17T11:49:44.000Z</time>
      </trkpt>
      <trkpt lat="40.07628352905706" lon="116.33788606662348">
        <ele>45.9</ele>
        <time>2026-08-17T11:49:45.000Z</time>
      </trkpt>
      <trkpt lat="40.07630868395606" lon="116.33788298114749">
        <ele>45.9</ele>
        <time>2026-08-17T11:49:46.000Z</time>
      </trkpt>
      <trkpt lat="40.07633384295662" lon="116.33788002300943">
        <ele>45.9</ele>
        <time>2026-08-17T11:49:47.000Z</time>
      </trkpt>
      <trkpt lat="40.07635915297195" lon="116.33787676599961">
        <ele>45.9</ele>
        <time>2026-08-17T11:49:48.000Z</time>
      </trkpt>
      <trkpt lat="40.07638471333165" lon="116.33787286110991">
        <ele>45.9</ele>
        <time>2026-08-17T11:49:49.000Z</time>
      </trkpt>
      <trkpt lat="40.07641048598562" lon="116.33786792420861">
        <ele>45.9</ele>
        <time>2026-08-17T11:49:50.000Z</time>
      </trkpt>
      <trkpt lat="40.076436328950045" lon="116.33786181056166">
        <ele>45.9</ele>
        <time>2026-08-17T11:49:51.000Z</time>
      </trkpt>
      <trkpt lat="40.07646217105773" lon="116.33785485502572">
        <ele>45.9</ele>
        <time>2026-08-17T11:49:52.000Z</time>
      </trkpt>
      <trkpt lat="40.076488028615934" lon="116.33784780452459">
        <ele>45.9</ele>
        <time>2026-08-17T11:49:53.000Z</time>
      </trkpt>
      <trkpt lat="40.07651377472692" lon="116.3378412144772">
        <ele>45.9</ele>
        <time>2026-08-17T11:49:54.000Z</time>
      </trkpt>
      <trkpt lat="40.076539295761876" lon="116.33783495467387">
        <ele>45.9</ele>
        <time>2026-08-17T11:49:55.000Z</time>
      </trkpt>
      <trkpt lat="40.076564627530615" lon="116.33782867765105">
        <ele>45.9</ele>
        <time>2026-08-17T11:49:56.000Z</time>
      </trkpt>
      <trkpt lat="40.07658984536471" lon="116.33782217756159">
        <ele>45.9</ele>
        <time>2026-08-17T11:49:57.000Z</time>
      </trkpt>
      <trkpt lat="40.076615050367145" lon="116.33781530450527">
        <ele>45.9</ele>
        <time>2026-08-17T11:49:58.000Z</time>
      </trkpt>
      <trkpt lat="40.076640275096196" lon="116.33780789031799">
        <ele>45.9</ele>
        <time>2026-08-17T11:49:59.000Z</time>
      </trkpt>
      <trkpt lat="40.07666549364666" lon="116.33779982525115">
        <ele>45.9</ele>
        <time>2026-08-17T11:50:00.000Z</time>
      </trkpt>
      <trkpt lat="40.07669077614836" lon="116.33779117434743">
        <ele>45.9</ele>
        <time>2026-08-17T11:50:01.000Z</time>
      </trkpt>
      <trkpt lat="40.07671619400206" lon="116.33778224114975">
        <ele>45.9</ele>
        <time>2026-08-17T11:50:02.000Z</time>
      </trkpt>
      <trkpt lat="40.076741612143664" lon="116.33777320220835">
        <ele>45.9</ele>
        <time>2026-08-17T11:50:03.000Z</time>
      </trkpt>
      <trkpt lat="40.07676675093011" lon="116.33776359713777">
        <ele>45.9</ele>
        <time>2026-08-17T11:50:04.000Z</time>
      </trkpt>
      <trkpt lat="40.07679136756305" lon="116.33775273199991">
        <ele>45.9</ele>
        <time>2026-08-17T11:50:05.000Z</time>
      </trkpt>
      <trkpt lat="40.07681519765624" lon="116.33774007091597">
        <ele>45.9</ele>
        <time>2026-08-17T11:50:06.000Z</time>
      </trkpt>
      <trkpt lat="40.07683788056596" lon="116.33772504749697">
        <ele>45.9</ele>
        <time>2026-08-17T11:50:07.000Z</time>
      </trkpt>
      <trkpt lat="40.076859229572435" lon="116.33770755043484">
        <ele>45.9</ele>
        <time>2026-08-17T11:50:08.000Z</time>
      </trkpt>
      <trkpt lat="40.07687937957573" lon="116.33768811810866">
        <ele>45.9</ele>
        <time>2026-08-17T11:50:09.000Z</time>
      </trkpt>
      <trkpt lat="40.07689865379607" lon="116.33766745857555">
        <ele>45.9</ele>
        <time>2026-08-17T11:50:10.000Z</time>
      </trkpt>
      <trkpt lat="40.076917284584034" lon="116.33764599449097">
        <ele>45.9</ele>
        <time>2026-08-17T11:50:11.000Z</time>
      </trkpt>
      <trkpt lat="40.076935037034595" lon="116.33762355914757">
        <ele>45.9</ele>
        <time>2026-08-17T11:50:12.000Z</time>
      </trkpt>
      <trkpt lat="40.076951319356915" lon="116.33759959042618">
        <ele>45.9</ele>
        <time>2026-08-17T11:50:13.000Z</time>
      </trkpt>
      <trkpt lat="40.0769658893628" lon="116.33757405108945">
        <ele>45.9</ele>
        <time>2026-08-17T11:50:14.000Z</time>
      </trkpt>
      <trkpt lat="40.07697884183138" lon="116.33754716302722">
        <ele>45.9</ele>
        <time>2026-08-17T11:50:15.000Z</time>
      </trkpt>
      <trkpt lat="40.076989936512064" lon="116.33751864829009">
        <ele>45.9</ele>
        <time>2026-08-17T11:50:16.000Z</time>
      </trkpt>
      <trkpt lat="40.07699867365254" lon="116.33748834710275">
        <ele>45.9</ele>
        <time>2026-08-17T11:50:17.000Z</time>
      </trkpt>
      <trkpt lat="40.077004605866556" lon="116.33745643020718">
        <ele>45.9</ele>
        <time>2026-08-17T11:50:18.000Z</time>
      </trkpt>
      <trkpt lat="40.07700759454337" lon="116.33742326157653">
        <ele>45.9</ele>
        <time>2026-08-17T11:50:19.000Z</time>
      </trkpt>
      <trkpt lat="40.07700823751044" lon="116.33738944241614">
        <ele>45.9</ele>
        <time>2026-08-17T11:50:20.000Z</time>
      </trkpt>
      <trkpt lat="40.077007356260246" lon="116.3373554472089">
        <ele>45.9</ele>
        <time>2026-08-17T11:50:21.000Z</time>
      </trkpt>
      <trkpt lat="40.07700515610747" lon="116.33732132420977">
        <ele>45.9</ele>
        <time>2026-08-17T11:50:22.000Z</time>
      </trkpt>
      <trkpt lat="40.07700181810084" lon="116.33728706237146">
        <ele>45.9</ele>
        <time>2026-08-17T11:50:23.000Z</time>
      </trkpt>
      <trkpt lat="40.076997636608844" lon="116.33725275663166">
        <ele>45.9</ele>
        <time>2026-08-17T11:50:24.000Z</time>
      </trkpt>
      <trkpt lat="40.07699270245279" lon="116.33721847376788">
        <ele>45.9</ele>
        <time>2026-08-17T11:50:25.000Z</time>
      </trkpt>
      <trkpt lat="40.07698708125416" lon="116.33718445771792">
        <ele>45.9</ele>
        <time>2026-08-17T11:50:26.000Z</time>
      </trkpt>
      <trkpt lat="40.076980417773605" lon="116.33715113205069">
        <ele>45.9</ele>
        <time>2026-08-17T11:50:27.000Z</time>
      </trkpt>
      <trkpt lat="40.076972147649116" lon="116.33711887565454">
        <ele>45.9</ele>
        <time>2026-08-17T11:50:28.000Z</time>
      </trkpt>
      <trkpt lat="40.07696196708411" lon="116.33708784721148">
        <ele>45.9</ele>
        <time>2026-08-17T11:50:29.000Z</time>
      </trkpt>
      <trkpt lat="40.07694985080732" lon="116.33705797412968">
        <ele>45.9</ele>
        <time>2026-08-17T11:50:30.000Z</time>
      </trkpt>
      <trkpt lat="40.07693594169617" lon="116.33702917406498">
        <ele>45.9</ele>
        <time>2026-08-17T11:50:31.000Z</time>
      </trkpt>
      <trkpt lat="40.07692039879277" lon="116.33700156423126">
        <ele>45.9</ele>
        <time>2026-08-17T11:50:32.000Z</time>
      </trkpt>
      <trkpt lat="40.07690327131023" lon="116.33697563964436">
        <ele>45.9</ele>
        <time>2026-08-17T11:50:33.000Z</time>
      </trkpt>
      <trkpt lat="40.07688451060555" lon="116.33695187237461">
        <ele>45.9</ele>
        <time>2026-08-17T11:50:34.000Z</time>
      </trkpt>
      <trkpt lat="40.07686430024012" lon="116.3369303049952">
        <ele>45.9</ele>
        <time>2026-08-17T11:50:35.000Z</time>
      </trkpt>
      <trkpt lat="40.07684285641096" lon="116.3369109556917">
        <ele>45.9</ele>
        <time>2026-08-17T11:50:36.000Z</time>
      </trkpt>
      <trkpt lat="40.076820108973415" lon="116.33689410779625">
        <ele>45.9</ele>
        <time>2026-08-17T11:50:37.000Z</time>
      </trkpt>
      <trkpt lat="40.07679594908405" lon="116.33688001230371">
        <ele>45.9</ele>
        <time>2026-08-17T11:50:38.000Z</time>
      </trkpt>
      <trkpt lat="40.07677050715179" lon="116.33686848442466">
        <ele>45.9</ele>
        <time>2026-08-17T11:50:39.000Z</time>
      </trkpt>
      <trkpt lat="40.07674404402589" lon="116.3368593153975">
        <ele>45.9</ele>
        <time>2026-08-17T11:50:40.000Z</time>
      </trkpt>
      <trkpt lat="40.076716894440366" lon="116.336852546963">
        <ele>45.9</ele>
        <time>2026-08-17T11:50:41.000Z</time>
      </trkpt>
      <trkpt lat="40.076689490715275" lon="116.33684800337542">
        <ele>45.9</ele>
        <time>2026-08-17T11:50:42.000Z</time>
      </trkpt>
      <trkpt lat="40.07666204438978" lon="116.33684528973151">
        <ele>45.9</ele>
        <time>2026-08-17T11:50:43.000Z</time>
      </trkpt>
      <trkpt lat="40.07663443795665" lon="116.3368440289687">
        <ele>45.9</ele>
        <time>2026-08-17T11:50:44.000Z</time>
      </trkpt>
      <trkpt lat="40.076606532422836" lon="116.33684438551784">
        <ele>45.9</ele>
        <time>2026-08-17T11:50:45.000Z</time>
      </trkpt>
      <trkpt lat="40.076578492835864" lon="116.33684649669604">
        <ele>45.9</ele>
        <time>2026-08-17T11:50:46.000Z</time>
      </trkpt>
      <trkpt lat="40.07655059024538" lon="116.33684985784784">
        <ele>45.9</ele>
        <time>2026-08-17T11:50:47.000Z</time>
      </trkpt>
      <trkpt lat="40.07652288985256" lon="116.33685399486419">
        <ele>45.9</ele>
        <time>2026-08-17T11:50:48.000Z</time>
      </trkpt>
      <trkpt lat="40.076495338821445" lon="116.33685853847517">
        <ele>45.9</ele>
        <time>2026-08-17T11:50:49.000Z</time>
      </trkpt>
      <trkpt lat="40.07646786226507" lon="116.33686306384335">
        <ele>45.9</ele>
        <time>2026-08-17T11:50:50.000Z</time>
      </trkpt>
      <trkpt lat="40.076440355457265" lon="116.33686721040402">
        <ele>45.9</ele>
        <time>2026-08-17T11:50:51.000Z</time>
      </trkpt>
      <trkpt lat="40.076412747319786" lon="116.33687098316724">
        <ele>45.9</ele>
        <time>2026-08-17T11:50:52.000Z</time>
      </trkpt>
      <trkpt lat="40.07638511061738" lon="116.3368746756708">
        <ele>45.8</ele>
        <time>2026-08-17T11:50:53.000Z</time>
      </trkpt>
      <trkpt lat="40.076357608299205" lon="116.33687837033133">
        <ele>45.8</ele>
        <time>2026-08-17T11:50:54.000Z</time>
      </trkpt>
      <trkpt lat="40.076330322980795" lon="116.33688175345854">
        <ele>45.8</ele>
        <time>2026-08-17T11:50:55.000Z</time>
      </trkpt>
      <trkpt lat="40.076303140866024" lon="116.33688445793805">
        <ele>45.8</ele>
        <time>2026-08-17T11:50:56.000Z</time>
      </trkpt>
      <trkpt lat="40.07627598894507" lon="116.33688656244448">
        <ele>45.8</ele>
        <time>2026-08-17T11:50:57.000Z</time>
      </trkpt>
      <trkpt lat="40.076248979561356" lon="116.33688836751841">
        <ele>45.8</ele>
        <time>2026-08-17T11:50:58.000Z</time>
      </trkpt>
      <trkpt lat="40.07622218691559" lon="116.33688987060413">
        <ele>45.8</ele>
        <time>2026-08-17T11:50:59.000Z</time>
      </trkpt>
      <trkpt lat="40.07619550705171" lon="116.33689070287832">
        <ele>45.8</ele>
        <time>2026-08-17T11:51:00.000Z</time>
      </trkpt>
      <trkpt lat="40.07616879318744" lon="116.33689085130625">
        <ele>45.8</ele>
        <time>2026-08-17T11:51:01.000Z</time>
      </trkpt>
      <trkpt lat="40.07614202508114" lon="116.33689106783328">
        <ele>45.7</ele>
        <time>2026-08-17T11:51:02.000Z</time>
      </trkpt>
      <trkpt lat="40.0761152566673" lon="116.33689214663143">
        <ele>45.7</ele>
        <time>2026-08-17T11:51:03.000Z</time>
      </trkpt>
      <trkpt lat="40.07608850429938" lon="116.33689420366034">
        <ele>45.7</ele>
        <time>2026-08-17T11:51:04.000Z</time>
      </trkpt>
      <trkpt lat="40.076061729440205" lon="116.33689654696119">
        <ele>45.7</ele>
        <time>2026-08-17T11:51:05.000Z</time>
      </trkpt>
      <trkpt lat="40.07603488421858" lon="116.33689829237734">
        <ele>45.7</ele>
        <time>2026-08-17T11:51:06.000Z</time>
      </trkpt>
      <trkpt lat="40.07600797903074" lon="116.33689941609828">
        <ele>45.7</ele>
        <time>2026-08-17T11:51:07.000Z</time>
      </trkpt>
      <trkpt lat="40.07598110623826" lon="116.33690078746389">
        <ele>45.7</ele>
        <time>2026-08-17T11:51:08.000Z</time>
      </trkpt>
      <trkpt lat="40.075954301851716" lon="116.33690298715405">
        <ele>45.7</ele>
        <time>2026-08-17T11:51:09.000Z</time>
      </trkpt>
      <trkpt lat="40.07592751463636" lon="116.33690597806606">
        <ele>45.7</ele>
        <time>2026-08-17T11:51:10.000Z</time>
      </trkpt>
      <trkpt lat="40.07590070943787" lon="116.33690968658948">
        <ele>45.7</ele>
        <time>2026-08-17T11:51:11.000Z</time>
      </trkpt>
      <trkpt lat="40.07587391405959" lon="116.33691393356399">
        <ele>45.7</ele>
        <time>2026-08-17T11:51:12.000Z</time>
      </trkpt>
      <trkpt lat="40.07584711730869" lon="116.33691805522824">
        <ele>45.7</ele>
        <time>2026-08-17T11:51:13.000Z</time>
      </trkpt>
      <trkpt lat="40.07582015722203" lon="116.33692130319261">
        <ele>45.7</ele>
        <time>2026-08-17T11:51:14.000Z</time>
      </trkpt>
      <trkpt lat="40.07579296722464" lon="116.33692357733358">
        <ele>45.7</ele>
        <time>2026-08-17T11:51:15.000Z</time>
      </trkpt>
      <trkpt lat="40.07576575610546" lon="116.33692561091539">
        <ele>45.7</ele>
        <time>2026-08-17T11:51:16.000Z</time>
      </trkpt>
      <trkpt lat="40.07573878189308" lon="116.33692852934313">
        <ele>45.7</ele>
        <time>2026-08-17T11:51:17.000Z</time>
        <extensions>
          <gpxtpx:TrackPointExtension>
            <gpxtpx:hr>169</gpxtpx:hr>
          </gpxtpx:TrackPointExtension>
        </extensions>
      </trkpt>
      <trkpt lat="40.07571222487553" lon="116.33693353720909">
        <ele>45.8</ele>
        <time>2026-08-17T11:51:18.000Z</time>
        <extensions>
          <gpxtpx:TrackPointExtension>
            <gpxtpx:hr>169</gpxtpx:hr>
          </gpxtpx:TrackPointExtension>
        </extensions>
      </trkpt>
      <trkpt lat="40.07568639038749" lon="116.3369415910228">
        <ele>45.8</ele>
        <time>2026-08-17T11:51:19.000Z</time>
        <extensions>
          <gpxtpx:TrackPointExtension>
            <gpxtpx:hr>169</gpxtpx:hr>
          </gpxtpx:TrackPointExtension>
        </extensions>
      </trkpt>
      <trkpt lat="40.07566154483793" lon="116.33695315935735">
        <ele>45.8</ele>
        <time>2026-08-17T11:51:20.000Z</time>
        <extensions>
          <gpxtpx:TrackPointExtension>
            <gpxtpx:hr>169</gpxtpx:hr>
          </gpxtpx:TrackPointExtension>
        </extensions>
      </trkpt>
      <trkpt lat="40.07563796249387" lon="116.33696845033256">
        <ele>45.8</ele>
        <time>2026-08-17T11:51:21.000Z</time>
        <extensions>
          <gpxtpx:TrackPointExtension>
            <gpxtpx:hr>169</gpxtpx:hr>
          </gpxtpx:TrackPointExtension>
        </extensions>
      </trkpt>
      <trkpt lat="40.0756159664737" lon="116.33698759882118">
        <ele>45.8</ele>
        <time>2026-08-17T11:51:22.000Z</time>
        <extensions>
          <gpxtpx:TrackPointExtension>
            <gpxtpx:hr>169</gpxtpx:hr>
          </gpxtpx:TrackPointExtension>
        </extensions>
      </trkpt>
      <trkpt lat="40.07559589615805" lon="116.33701036729778">
        <ele>45.8</ele>
        <time>2026-08-17T11:51:23.000Z</time>
        <extensions>
          <gpxtpx:TrackPointExtension>
            <gpxtpx:hr>169</gpxtpx:hr>
          </gpxtpx:TrackPointExtension>
        </extensions>
      </trkpt>
      <trkpt lat="40.07557781516436" lon="116.33703601988226">
        <ele>45.8</ele>
        <time>2026-08-17T11:51:24.000Z</time>
        <extensions>
          <gpxtpx:TrackPointExtension>
            <gpxtpx:hr>169</gpxtpx:hr>
          </gpxtpx:TrackPointExtension>
        </extensions>
      </trkpt>
      <trkpt lat="40.075561533200606" lon="116.33706370805761">
        <ele>45.8</ele>
        <time>2026-08-17T11:51:25.000Z</time>
        <extensions>
          <gpxtpx:TrackPointExtension>
            <gpxtpx:hr>169</gpxtpx:hr>
          </gpxtpx:TrackPointExtension>
        </extensions>
      </trkpt>
      <trkpt lat="40.07554677634109" lon="116.33709291958432">
        <ele>45.8</ele>
        <time>2026-08-17T11:51:26.000Z</time>
        <extensions>
          <gpxtpx:TrackPointExtension>
            <gpxtpx:hr>169</gpxtpx:hr>
          </gpxtpx:TrackPointExtension>
        </extensions>
      </trkpt>
      <trkpt lat="40.07553331507667" lon="116.33712345816014">
        <ele>45.8</ele>
        <time>2026-08-17T11:51:27.000Z</time>
        <extensions>
          <gpxtpx:TrackPointExtension>
            <gpxtpx:hr>169</gpxtpx:hr>
          </gpxtpx:TrackPointExtension>
        </extensions>
      </trkpt>
      <trkpt lat="40.07552108602715" lon="116.33715521985661">
        <ele>45.8</ele>
        <time>2026-08-17T11:51:28.000Z</time>
        <extensions>
          <gpxtpx:TrackPointExtension>
            <gpxtpx:hr>169</gpxtpx:hr>
          </gpxtpx:TrackPointExtension>
        </extensions>
      </trkpt>
      <trkpt lat="40.07551018248533" lon="116.33718804022877">
        <ele>45.8</ele>
        <time>2026-08-17T11:51:29.000Z</time>
        <extensions>
          <gpxtpx:TrackPointExtension>
            <gpxtpx:hr>169</gpxtpx:hr>
          </gpxtpx:TrackPointExtension>
        </extensions>
      </trkpt>
      <trkpt lat="40.075500723111006" lon="116.33722164296083">
        <ele>45.8</ele>
        <time>2026-08-17T11:51:30.000Z</time>
        <extensions>
          <gpxtpx:TrackPointExtension>
            <gpxtpx:hr>169</gpxtpx:hr>
          </gpxtpx:TrackPointExtension>
        </extensions>
      </trkpt>
      <trkpt lat="40.07549276023403" lon="116.33725579185914">
        <ele>45.7</ele>
        <time>2026-08-17T11:51:31.000Z</time>
        <extensions>
          <gpxtpx:TrackPointExtension>
            <gpxtpx:hr>169</gpxtpx:hr>
          </gpxtpx:TrackPointExtension>
        </extensions>
      </trkpt>
      <trkpt lat="40.075486424555024" lon="116.33729045066377">
        <ele>45.7</ele>
        <time>2026-08-17T11:51:32.000Z</time>
        <extensions>
          <gpxtpx:TrackPointExtension>
            <gpxtpx:hr>169</gpxtpx:hr>
          </gpxtpx:TrackPointExtension>
        </extensions>
      </trkpt>
      <trkpt lat="40.07548185933925" lon="116.33732567772532">
        <ele>45.7</ele>
        <time>2026-08-17T11:51:33.000Z</time>
        <extensions>
          <gpxtpx:TrackPointExtension>
            <gpxtpx:hr>169</gpxtpx:hr>
          </gpxtpx:TrackPointExtension>
        </extensions>
      </trkpt>
      <trkpt lat="40.07547896665359" lon="116.33736140642635">
        <ele>45.7</ele>
        <time>2026-08-17T11:51:34.000Z</time>
        <extensions>
          <gpxtpx:TrackPointExtension>
            <gpxtpx:hr>169</gpxtpx:hr>
          </gpxtpx:TrackPointExtension>
        </extensions>
      </trkpt>
      <trkpt lat="40.07547757520067" lon="116.33739742852364">
        <ele>45.7</ele>
        <time>2026-08-17T11:51:35.000Z</time>
        <extensions>
          <gpxtpx:TrackPointExtension>
            <gpxtpx:hr>169</gpxtpx:hr>
          </gpxtpx:TrackPointExtension>
        </extensions>
      </trkpt>
      <trkpt lat="40.07547767419695" lon="116.33743355358932">
        <ele>45.7</ele>
        <time>2026-08-17T11:51:36.000Z</time>
        <extensions>
          <gpxtpx:TrackPointExtension>
            <gpxtpx:hr>169</gpxtpx:hr>
          </gpxtpx:TrackPointExtension>
        </extensions>
      </trkpt>
      <trkpt lat="40.07547920048197" lon="116.33746970824649">
        <ele>45.7</ele>
        <time>2026-08-17T11:51:37.000Z</time>
        <extensions>
          <gpxtpx:TrackPointExtension>
            <gpxtpx:hr>169</gpxtpx:hr>
          </gpxtpx:TrackPointExtension>
        </extensions>
      </trkpt>
      <trkpt lat="40.07548192809637" lon="116.33750588847136">
        <ele>45.7</ele>
        <time>2026-08-17T11:51:38.000Z</time>
        <extensions>
          <gpxtpx:TrackPointExtension>
            <gpxtpx:hr>169</gpxtpx:hr>
          </gpxtpx:TrackPointExtension>
        </extensions>
      </trkpt>
      <trkpt lat="40.0754853662546" lon="116.33754205285356">
        <ele>45.7</ele>
        <time>2026-08-17T11:51:39.000Z</time>
        <extensions>
          <gpxtpx:TrackPointExtension>
            <gpxtpx:hr>169</gpxtpx:hr>
          </gpxtpx:TrackPointExtension>
        </extensions>
      </trkpt>
      <trkpt lat="40.07548929254055" lon="116.33757797691271">
        <ele>45.7</ele>
        <time>2026-08-17T11:51:40.000Z</time>
        <extensions>
          <gpxtpx:TrackPointExtension>
            <gpxtpx:hr>169</gpxtpx:hr>
          </gpxtpx:TrackPointExtension>
        </extensions>
      </trkpt>
      <trkpt lat="40.07549451792713" lon="116.33761320501023">
        <ele>45.7</ele>
        <time>2026-08-17T11:51:41.000Z</time>
        <extensions>
          <gpxtpx:TrackPointExtension>
            <gpxtpx:hr>169</gpxtpx:hr>
          </gpxtpx:TrackPointExtension>
        </extensions>
      </trkpt>
      <trkpt lat="40.07550211979106" lon="116.33764718788849">
        <ele>45.7</ele>
        <time>2026-08-17T11:51:42.000Z</time>
        <extensions>
          <gpxtpx:TrackPointExtension>
            <gpxtpx:hr>169</gpxtpx:hr>
          </gpxtpx:TrackPointExtension>
        </extensions>
      </trkpt>
      <trkpt lat="40.075512582750754" lon="116.3376795107794">
        <ele>45.7</ele>
        <time>2026-08-17T11:51:43.000Z</time>
        <extensions>
          <gpxtpx:TrackPointExtension>
            <gpxtpx:hr>169</gpxtpx:hr>
          </gpxtpx:TrackPointExtension>
        </extensions>
      </trkpt>
      <trkpt lat="40.075525947114286" lon="116.33770990313724">
        <ele>45.7</ele>
        <time>2026-08-17T11:51:44.000Z</time>
        <extensions>
          <gpxtpx:TrackPointExtension>
            <gpxtpx:hr>169</gpxtpx:hr>
          </gpxtpx:TrackPointExtension>
        </extensions>
      </trkpt>
      <trkpt lat="40.07554199862001" lon="116.33773821219152">
        <ele>45.7</ele>
        <time>2026-08-17T11:51:45.000Z</time>
        <extensions>
          <gpxtpx:TrackPointExtension>
            <gpxtpx:hr>169</gpxtpx:hr>
          </gpxtpx:TrackPointExtension>
        </extensions>
      </trkpt>
      <trkpt lat="40.07556031319289" lon="116.33776444110691">
        <ele>45.7</ele>
        <time>2026-08-17T11:51:46.000Z</time>
        <extensions>
          <gpxtpx:TrackPointExtension>
            <gpxtpx:hr>169</gpxtpx:hr>
          </gpxtpx:TrackPointExtension>
        </extensions>
      </trkpt>
      <trkpt lat="40.075580389069145" lon="116.33778868928923">
        <ele>45.7</ele>
        <time>2026-08-17T11:51:47.000Z</time>
      </trkpt>
      <trkpt lat="40.07560176704545" lon="116.33781094829872">
        <ele>45.7</ele>
        <time>2026-08-17T11:51:48.000Z</time>
      </trkpt>
      <trkpt lat="40.07562415676824" lon="116.33783102869842">
        <ele>45.7</ele>
        <time>2026-08-17T11:51:49.000Z</time>
      </trkpt>
      <trkpt lat="40.075647410808166" lon="116.33784894709864">
        <ele>45.7</ele>
        <time>2026-08-17T11:51:50.000Z</time>
      </trkpt>
      <trkpt lat="40.075671413311056" lon="116.33786500076722">
        <ele>45.7</ele>
        <time>2026-08-17T11:51:51.000Z</time>
      </trkpt>
      <trkpt lat="40.07569613185362" lon="116.33787912832526">
        <ele>45.7</ele>
        <time>2026-08-17T11:51:52.000Z</time>
      </trkpt>
      <trkpt lat="40.075721677464855" lon="116.33789060348295">
        <ele>45.7</ele>
        <time>2026-08-17T11:51:53.000Z</time>
      </trkpt>
      <trkpt lat="40.07574799657313" lon="116.33789898725381">
        <ele>45.7</ele>
        <time>2026-08-17T11:51:54.000Z</time>
      </trkpt>
      <trkpt lat="40.07577479452046" lon="116.33790435932423">
        <ele>45.7</ele>
        <time>2026-08-17T11:51:55.000Z</time>
      </trkpt>
      <trkpt lat="40.07580184216503" lon="116.33790688242058">
        <ele>45.7</ele>
        <time>2026-08-17T11:51:56.000Z</time>
      </trkpt>
      <trkpt lat="40.07582900565979" lon="116.33790707351726">
        <ele>45.7</ele>
        <time>2026-08-17T11:51:57.000Z</time>
      </trkpt>
      <trkpt lat="40.075856129368546" lon="116.33790546549008">
        <ele>45.7</ele>
        <time>2026-08-17T11:51:58.000Z</time>
      </trkpt>
      <trkpt lat="40.07588303161321" lon="116.33790219962484">
        <ele>45.7</ele>
        <time>2026-08-17T11:51:59.000Z</time>
      </trkpt>
      <trkpt lat="40.075909690412075" lon="116.33789756337823">
        <ele>45.7</ele>
        <time>2026-08-17T11:52:00.000Z</time>
      </trkpt>
      <trkpt lat="40.075936089013254" lon="116.33789225623686">
        <ele>45.6</ele>
        <time>2026-08-17T11:52:01.000Z</time>
      </trkpt>
      <trkpt lat="40.075962194770874" lon="116.33788698422094">
        <ele>45.6</ele>
        <time>2026-08-17T11:52:02.000Z</time>
      </trkpt>
      <trkpt lat="40.07598815116774" lon="116.33788241259985">
        <ele>45.6</ele>
        <time>2026-08-17T11:52:03.000Z</time>
      </trkpt>
      <trkpt lat="40.07601399750822" lon="116.33787924558409">
        <ele>45.6</ele>
        <time>2026-08-17T11:52:04.000Z</time>
      </trkpt>
      <trkpt lat="40.076039667587786" lon="116.33787788581114">
        <ele>45.6</ele>
        <time>2026-08-17T11:52:05.000Z</time>
      </trkpt>
      <trkpt lat="40.076065320648" lon="116.33787734908564">
        <ele>45.6</ele>
        <time>2026-08-17T11:52:06.000Z</time>
      </trkpt>
      <trkpt lat="40.07609108603049" lon="116.3378760720821">
        <ele>45.6</ele>
        <time>2026-08-17T11:52:07.000Z</time>
      </trkpt>
      <trkpt lat="40.07611672180378" lon="116.33787360863055">
        <ele>45.6</ele>
        <time>2026-08-17T11:52:08.000Z</time>
      </trkpt>
      <trkpt lat="40.07614216099728" lon="116.33786998534237">
        <ele>45.6</ele>
        <time>2026-08-17T11:52:09.000Z</time>
      </trkpt>
      <trkpt lat="40.0761675736332" lon="116.33786495164851">
        <ele>45.5</ele>
        <time>2026-08-17T11:52:10.000Z</time>
      </trkpt>
      <trkpt lat="40.07619302539921" lon="116.3378587249261">
        <ele>45.5</ele>
        <time>2026-08-17T11:52:11.000Z</time>
      </trkpt>
      <trkpt lat="40.076218575984164" lon="116.33785230169846">
        <ele>45.5</ele>
        <time>2026-08-17T11:52:12.000Z</time>
      </trkpt>
      <trkpt lat="40.076244089740925" lon="116.33784677719395">
        <ele>45.5</ele>
        <time>2026-08-17T11:52:13.000Z</time>
      </trkpt>
      <trkpt lat="40.07626933019052" lon="116.33784269308205">
        <ele>45.5</ele>
        <time>2026-08-17T11:52:14.000Z</time>
      </trkpt>
      <trkpt lat="40.07629439032165" lon="116.33784006076282">
        <ele>45.5</ele>
        <time>2026-08-17T11:52:15.000Z</time>
      </trkpt>
      <trkpt lat="40.07631944819961" lon="116.3378387692382">
        <ele>45.5</ele>
        <time>2026-08-17T11:52:16.000Z</time>
      </trkpt>
      <trkpt lat="40.076344365332346" lon="116.3378384901641">
        <ele>45.5</ele>
        <time>2026-08-17T11:52:17.000Z</time>
      </trkpt>
      <trkpt lat="40.07636902973406" lon="116.3378386605474">
        <ele>45.5</ele>
        <time>2026-08-17T11:52:18.000Z</time>
      </trkpt>
      <trkpt lat="40.076393554081484" lon="116.33783853196394">
        <ele>45.5</ele>
        <time>2026-08-17T11:52:19.000Z</time>
      </trkpt>
      <trkpt lat="40.076418034381604" lon="116.33783743582687">
        <ele>45.5</ele>
        <time>2026-08-17T11:52:20.000Z</time>
      </trkpt>
      <trkpt lat="40.07644266355903" lon="116.33783521326103">
        <ele>45.5</ele>
        <time>2026-08-17T11:52:21.000Z</time>
      </trkpt>
      <trkpt lat="40.0764675318078" lon="116.337832521659">
        <ele>45.5</ele>
        <time>2026-08-17T11:52:22.000Z</time>
      </trkpt>
      <trkpt lat="40.07649252596413" lon="116.33783031807545">
        <ele>45.5</ele>
        <time>2026-08-17T11:52:23.000Z</time>
      </trkpt>
      <trkpt lat="40.076517508091854" lon="116.3378291649036">
        <ele>45.5</ele>
        <time>2026-08-17T11:52:24.000Z</time>
      </trkpt>
      <trkpt lat="40.076542363396456" lon="116.33782929751665">
        <ele>45.5</ele>
        <time>2026-08-17T11:52:25.000Z</time>
      </trkpt>
      <trkpt lat="40.07656699076503" lon="116.33783037321236">
        <ele>45.5</ele>
        <time>2026-08-17T11:52:26.000Z</time>
      </trkpt>
      <trkpt lat="40.076591395781676" lon="116.33783172578455">
        <ele>45.5</ele>
        <time>2026-08-17T11:52:27.000Z</time>
      </trkpt>
      <trkpt lat="40.076615730158906" lon="116.33783279232739">
        <ele>45.4</ele>
        <time>2026-08-17T11:52:28.000Z</time>
      </trkpt>
      <trkpt lat="40.07664013596941" lon="116.33783292384162">
        <ele>45.4</ele>
        <time>2026-08-17T11:52:29.000Z</time>
      </trkpt>
      <trkpt lat="40.076664698909966" lon="116.33783177849817">
        <ele>45.4</ele>
        <time>2026-08-17T11:52:30.000Z</time>
      </trkpt>
      <trkpt lat="40.076689338253736" lon="116.33782965634293">
        <ele>45.4</ele>
        <time>2026-08-17T11:52:31.000Z</time>
      </trkpt>
      <trkpt lat="40.07671385930703" lon="116.33782694031454">
        <ele>45.4</ele>
        <time>2026-08-17T11:52:32.000Z</time>
      </trkpt>
      <trkpt lat="40.076738178851784" lon="116.3378240522973">
        <ele>45.5</ele>
        <time>2026-08-17T11:52:33.000Z</time>
      </trkpt>
      <trkpt lat="40.07676237789762" lon="116.33782132574089">
        <ele>45.5</ele>
        <time>2026-08-17T11:52:34.000Z</time>
      </trkpt>
      <trkpt lat="40.0767863545716" lon="116.3378183875881">
        <ele>45.5</ele>
        <time>2026-08-17T11:52:35.000Z</time>
      </trkpt>
      <trkpt lat="40.07680978525179" lon="116.33781410108192">
        <ele>45.5</ele>
        <time>2026-08-17T11:52:36.000Z</time>
      </trkpt>
      <trkpt lat="40.07683236870461" lon="116.3378068327956">
        <ele>45.5</ele>
        <time>2026-08-17T11:52:37.000Z</time>
      </trkpt>
      <trkpt lat="40.07685394396948" lon="116.33779528111808">
        <ele>45.5</ele>
        <time>2026-08-17T11:52:38.000Z</time>
      </trkpt>
      <trkpt lat="40.076874354624934" lon="116.33777896634415">
        <ele>45.5</ele>
        <time>2026-08-17T11:52:39.000Z</time>
      </trkpt>
      <trkpt lat="40.076893399661365" lon="116.33775816841849">
        <ele>45.5</ele>
        <time>2026-08-17T11:52:40.000Z</time>
      </trkpt>
      <trkpt lat="40.076911081504726" lon="116.33773375559808">
        <ele>45.5</ele>
        <time>2026-08-17T11:52:41.000Z</time>
      </trkpt>
      <trkpt lat="40.076927692810024" lon="116.33770704289299">
        <ele>45.5</ele>
        <time>2026-08-17T11:52:42.000Z</time>
      </trkpt>
      <trkpt lat="40.0769434322715" lon="116.33767893298793">
        <ele>45.5</ele>
        <time>2026-08-17T11:52:43.000Z</time>
      </trkpt>
      <trkpt lat="40.07695809397591" lon="116.33764946531569">
        <ele>45.5</ele>
        <time>2026-08-17T11:52:44.000Z</time>
      </trkpt>
      <trkpt lat="40.07697146717319" lon="116.33761843576173">
        <ele>45.5</ele>
        <time>2026-08-17T11:52:45.000Z</time>
      </trkpt>
      <trkpt lat="40.07698348272477" lon="116.33758565614686">
        <ele>45.5</ele>
        <time>2026-08-17T11:52:46.000Z</time>
      </trkpt>
      <trkpt lat="40.07699391249825" lon="116.33755103156513">
        <ele>45.5</ele>
        <time>2026-08-17T11:52:47.000Z</time>
      </trkpt>
      <trkpt lat="40.07700236042891" lon="116.33751464377774">
        <ele>45.5</ele>
        <time>2026-08-17T11:52:48.000Z</time>
      </trkpt>
      <trkpt lat="40.07700868394161" lon="116.33747691971567">
        <ele>45.5</ele>
        <time>2026-08-17T11:52:49.000Z</time>
      </trkpt>
      <trkpt lat="40.07701297359958" lon="116.33743857805274">
        <ele>45.5</ele>
        <time>2026-08-17T11:52:50.000Z</time>
      </trkpt>
      <trkpt lat="40.07701513619194" lon="116.3374002968705">
        <ele>45.5</ele>
        <time>2026-08-17T11:52:51.000Z</time>
      </trkpt>
      <trkpt lat="40.07701501658388" lon="116.33736238379669">
        <ele>45.5</ele>
        <time>2026-08-17T11:52:52.000Z</time>
      </trkpt>
      <trkpt lat="40.07701296907272" lon="116.33732483668126">
        <ele>45.5</ele>
        <time>2026-08-17T11:52:53.000Z</time>
      </trkpt>
      <trkpt lat="40.07700983154428" lon="116.33728771179618">
        <ele>45.5</ele>
        <time>2026-08-17T11:52:54.000Z</time>
      </trkpt>
      <trkpt lat="40.07700619217721" lon="116.33725106139403">
        <ele>45.5</ele>
        <time>2026-08-17T11:52:55.000Z</time>
      </trkpt>
      <trkpt lat="40.07700192225174" lon="116.33721494450471">
        <ele>45.5</ele>
        <time>2026-08-17T11:52:56.000Z</time>
      </trkpt>
      <trkpt lat="40.076996215933534" lon="116.33717962073243">
        <ele>45.5</ele>
        <time>2026-08-17T11:52:57.000Z</time>
      </trkpt>
      <trkpt lat="40.076988220137466" lon="116.33714551043833">
        <ele>45.5</ele>
        <time>2026-08-17T11:52:58.000Z</time>
      </trkpt>
      <trkpt lat="40.07697752545405" lon="116.33711294470643">
        <ele>45.5</ele>
        <time>2026-08-17T11:52:59.000Z</time>
      </trkpt>
      <trkpt lat="40.076964121298445" lon="116.33708210710365">
        <ele>45.5</ele>
        <time>2026-08-17T11:53:00.000Z</time>
      </trkpt>
      <trkpt lat="40.07694817227224" lon="116.33705319394696">
        <ele>45.5</ele>
        <time>2026-08-17T11:53:01.000Z</time>
      </trkpt>
      <trkpt lat="40.07692978615057" lon="116.33702649540965">
        <ele>45.5</ele>
        <time>2026-08-17T11:53:02.000Z</time>
      </trkpt>
      <trkpt lat="40.0769092146537" lon="116.33700225420893">
        <ele>45.5</ele>
        <time>2026-08-17T11:53:03.000Z</time>
      </trkpt>
      <trkpt lat="40.07688700877963" lon="116.33698030881826">
        <ele>45.5</ele>
        <time>2026-08-17T11:53:04.000Z</time>
      </trkpt>
      <trkpt lat="40.07686390952161" lon="116.3369601570634">
        <ele>45.5</ele>
        <time>2026-08-17T11:53:05.000Z</time>
      </trkpt>
      <trkpt lat="40.07684047868781" lon="116.33694149008053">
        <ele>45.5</ele>
        <time>2026-08-17T11:53:06.000Z</time>
      </trkpt>
      <trkpt lat="40.076816863551876" lon="116.33692450540366">
        <ele>45.5</ele>
        <time>2026-08-17T11:53:07.000Z</time>
      </trkpt>
      <trkpt lat="40.07679271773217" lon="116.33690940685939">
        <ele>45.5</ele>
        <time>2026-08-17T11:53:08.000Z</time>
      </trkpt>
      <trkpt lat="40.07676766278407" lon="116.33689625893781">
        <ele>45.5</ele>
        <time>2026-08-17T11:53:09.000Z</time>
      </trkpt>
      <trkpt lat="40.07674177556068" lon="116.33688519319324">
        <ele>45.5</ele>
        <time>2026-08-17T11:53:10.000Z</time>
      </trkpt>
      <trkpt lat="40.07671542323272" lon="116.33687618251595">
        <ele>45.5</ele>
        <time>2026-08-17T11:53:11.000Z</time>
      </trkpt>
      <trkpt lat="40.07668887836657" lon="116.33686918939468">
        <ele>45.5</ele>
        <time>2026-08-17T11:53:12.000Z</time>
      </trkpt>
      <trkpt lat="40.07666215166749" lon="116.3368641391775">
        <ele>45.5</ele>
        <time>2026-08-17T11:53:13.000Z</time>
      </trkpt>
      <trkpt lat="40.07663524877103" lon="116.3368608942138">
        <ele>45.5</ele>
        <time>2026-08-17T11:53:14.000Z</time>
      </trkpt>
      <trkpt lat="40.076608171222446" lon="116.33685937805954">
        <ele>45.4</ele>
        <time>2026-08-17T11:53:15.000Z</time>
      </trkpt>
      <trkpt lat="40.07658088509974" lon="116.33685943511281">
        <ele>45.4</ele>
        <time>2026-08-17T11:53:16.000Z</time>
      </trkpt>
      <trkpt lat="40.07655337101891" lon="116.33686086798387">
        <ele>45.4</ele>
        <time>2026-08-17T11:53:17.000Z</time>
      </trkpt>
      <trkpt lat="40.076525695971824" lon="116.3368633748067">
        <ele>45.4</ele>
        <time>2026-08-17T11:53:18.000Z</time>
      </trkpt>
      <trkpt lat="40.07649805052981" lon="116.33686659401494">
        <ele>45.4</ele>
        <time>2026-08-17T11:53:19.000Z</time>
      </trkpt>
      <trkpt lat="40.0764706048933" lon="116.33687026817361">
        <ele>45.4</ele>
        <time>2026-08-17T11:53:20.000Z</time>
      </trkpt>
      <trkpt lat="40.07644335005403" lon="116.33687417858461">
        <ele>45.4</ele>
        <time>2026-08-17T11:53:20.999Z</time>
      </trkpt>
      <trkpt lat="40.07641616887562" lon="116.33687801777145">
        <ele>45.4</ele>
        <time>2026-08-17T11:53:21.999Z</time>
      </trkpt>
      <trkpt lat="40.07638896601859" lon="116.33688149678746">
        <ele>45.4</ele>
        <time>2026-08-17T11:53:22.999Z</time>
      </trkpt>
      <trkpt lat="40.0763617512867" lon="116.33688452185955">
        <ele>45.4</ele>
        <time>2026-08-17T11:53:24.000Z</time>
      </trkpt>
      <trkpt lat="40.076334746137924" lon="116.33688736332738">
        <ele>45.4</ele>
        <time>2026-08-17T11:53:25.000Z</time>
      </trkpt>
      <trkpt lat="40.0763080839817" lon="116.33689055596032">
        <ele>45.4</ele>
        <time>2026-08-17T11:53:26.000Z</time>
      </trkpt>
      <trkpt lat="40.07628170946394" lon="116.33689411890836">
        <ele>45.4</ele>
        <time>2026-08-17T11:53:27.000Z</time>
      </trkpt>
      <trkpt lat="40.07625545237691" lon="116.33689758896136">
        <ele>45.3</ele>
        <time>2026-08-17T11:53:28.000Z</time>
      </trkpt>
      <trkpt lat="40.07622927994343" lon="116.33690069617322">
        <ele>45.3</ele>
        <time>2026-08-17T11:53:29.000Z</time>
      </trkpt>
      <trkpt lat="40.076203178161975" lon="116.33690345668673">
        <ele>45.3</ele>
        <time>2026-08-17T11:53:30.000Z</time>
      </trkpt>
      <trkpt lat="40.076177094100274" lon="116.33690600605921">
        <ele>45.3</ele>
        <time>2026-08-17T11:53:31.000Z</time>
      </trkpt>
      <trkpt lat="40.07615092657443" lon="116.33690841844759">
        <ele>45.3</ele>
        <time>2026-08-17T11:53:32.000Z</time>
      </trkpt>
      <trkpt lat="40.076124629961946" lon="116.33691070914684">
        <ele>45.3</ele>
        <time>2026-08-17T11:53:33.000Z</time>
      </trkpt>
      <trkpt lat="40.07609826294529" lon="116.3369128210427">
        <ele>45.3</ele>
        <time>2026-08-17T11:53:34.000Z</time>
      </trkpt>
      <trkpt lat="40.07607191189694" lon="116.3369148571804">
        <ele>45.3</ele>
        <time>2026-08-17T11:53:35.000Z</time>
      </trkpt>
      <trkpt lat="40.07604563456489" lon="116.33691699958926">
        <ele>45.3</ele>
        <time>2026-08-17T11:53:36.000Z</time>
      </trkpt>
      <trkpt lat="40.07601944122617" lon="116.33691900071962">
        <ele>45.3</ele>
        <time>2026-08-17T11:53:37.000Z</time>
      </trkpt>
      <trkpt lat="40.0759933291731" lon="116.33692037046498">
        <ele>45.2</ele>
        <time>2026-08-17T11:53:38.000Z</time>
      </trkpt>
      <trkpt lat="40.07596732098448" lon="116.33692084810417">
        <ele>45.2</ele>
        <time>2026-08-17T11:53:39.000Z</time>
      </trkpt>
      <trkpt lat="40.0759414665211" lon="116.33692052549387">
        <ele>45.2</ele>
        <time>2026-08-17T11:53:40.000Z</time>
      </trkpt>
      <trkpt lat="40.07591581496922" lon="116.33692001056211">
        <ele>45.2</ele>
        <time>2026-08-17T11:53:41.000Z</time>
      </trkpt>
      <trkpt lat="40.07589030349621" lon="116.33692017406443">
        <ele>45.2</ele>
        <time>2026-08-17T11:53:42.000Z</time>
      </trkpt>
      <trkpt lat="40.07586486893451" lon="116.3369216302319">
        <ele>45.2</ele>
        <time>2026-08-17T11:53:43.000Z</time>
      </trkpt>
      <trkpt lat="40.075839527723055" lon="116.3369243473474">
        <ele>45.2</ele>
        <time>2026-08-17T11:53:44.000Z</time>
      </trkpt>
      <trkpt lat="40.07581422467527" lon="116.33692778634253">
        <ele>45.2</ele>
        <time>2026-08-17T11:53:45.000Z</time>
      </trkpt>
      <trkpt lat="40.075788897197384" lon="116.33693145789657">
        <ele>45.2</ele>
        <time>2026-08-17T11:53:46.000Z</time>
      </trkpt>
      <trkpt lat="40.075763633787375" lon="116.33693545111451">
        <ele>45.2</ele>
        <time>2026-08-17T11:53:47.000Z</time>
      </trkpt>
      <trkpt lat="40.075738563785684" lon="116.33694039261363">
        <ele>45.2</ele>
        <time>2026-08-17T11:53:48.000Z</time>
      </trkpt>
      <trkpt lat="40.075713725302656" lon="116.33694677886385">
        <ele>45.2</ele>
        <time>2026-08-17T11:53:49.000Z</time>
      </trkpt>
      <trkpt lat="40.07568918869358" lon="116.33695503609536">
        <ele>45.2</ele>
        <time>2026-08-17T11:53:50.000Z</time>
      </trkpt>
      <trkpt lat="40.075665186760396" lon="116.33696569702957">
        <ele>45.2</ele>
        <time>2026-08-17T11:53:51.000Z</time>
      </trkpt>
      <trkpt lat="40.07564208722161" lon="116.33697923685833">
        <ele>45.2</ele>
        <time>2026-08-17T11:53:52.000Z</time>
      </trkpt>
      <trkpt lat="40.07562029207909" lon="116.33699587542536">
        <ele>45.2</ele>
        <time>2026-08-17T11:53:53.000Z</time>
      </trkpt>
      <trkpt lat="40.07560008308327" lon="116.33701564469713">
        <ele>45.2</ele>
        <time>2026-08-17T11:53:54.000Z</time>
      </trkpt>
      <trkpt lat="40.07558158783574" lon="116.33703850511792">
        <ele>45.2</ele>
        <time>2026-08-17T11:53:55.000Z</time>
      </trkpt>
      <trkpt lat="40.07556481777179" lon="116.33706419979264">
        <ele>45.2</ele>
        <time>2026-08-17T11:53:56.000Z</time>
      </trkpt>
      <trkpt lat="40.07554967731603" lon="116.3370923013117">
        <ele>45.2</ele>
        <time>2026-08-17T11:53:57.000Z</time>
      </trkpt>
      <trkpt lat="40.07553601636235" lon="116.3371222020877">
        <ele>45.2</ele>
        <time>2026-08-17T11:53:58.000Z</time>
      </trkpt>
      <trkpt lat="40.07552372804745" lon="116.33715329535049">
        <ele>45.2</ele>
        <time>2026-08-17T11:53:59.000Z</time>
      </trkpt>
      <trkpt lat="40.07551264914894" lon="116.33718519742345">
        <ele>45.2</ele>
        <time>2026-08-17T11:54:00.000Z</time>
      </trkpt>
      <trkpt lat="40.07550256276288" lon="116.33721771788491">
        <ele>45.2</ele>
        <time>2026-08-17T11:54:01.000Z</time>
      </trkpt>
      <trkpt lat="40.075493456053806" lon="116.3372507603504">
        <ele>45.2</ele>
        <time>2026-08-17T11:54:02.000Z</time>
      </trkpt>
      <trkpt lat="40.07548549051309" lon="116.3372842732215">
        <ele>45.3</ele>
        <time>2026-08-17T11:54:03.000Z</time>
      </trkpt>
      <trkpt lat="40.075478829716836" lon="116.33731825153205">
        <ele>45.3</ele>
        <time>2026-08-17T11:54:04.000Z</time>
      </trkpt>
      <trkpt lat="40.07547369993594" lon="116.33735266364096">
        <ele>45.3</ele>
        <time>2026-08-17T11:54:05.000Z</time>
      </trkpt>
      <trkpt lat="40.075470577438935" lon="116.33738752062077">
        <ele>45.3</ele>
        <time>2026-08-17T11:54:06.000Z</time>
      </trkpt>
      <trkpt lat="40.07546976369991" lon="116.33742272092081">
        <ele>45.3</ele>
        <time>2026-08-17T11:54:07.000Z</time>
      </trkpt>
      <trkpt lat="40.075471098595855" lon="116.33745804705228">
        <ele>45.3</ele>
        <time>2026-08-17T11:54:08.000Z</time>
      </trkpt>
      <trkpt lat="40.07547451904374" lon="116.33749326030807">
        <ele>45.3</ele>
        <time>2026-08-17T11:54:09.000Z</time>
      </trkpt>
      <trkpt lat="40.075480204022895" lon="116.33752808515798">
        <ele>45.3</ele>
        <time>2026-08-17T11:54:10.000Z</time>
      </trkpt>
      <trkpt lat="40.07548811201007" lon="116.33756232929613">
        <ele>45.3</ele>
        <time>2026-08-17T11:54:11.000Z</time>
      </trkpt>
      <trkpt lat="40.075497851305265" lon="116.33759591696673">
        <ele>45.3</ele>
        <time>2026-08-17T11:54:12.000Z</time>
      </trkpt>
      <trkpt lat="40.07550905896566" lon="116.33762878923154">
        <ele>45.3</ele>
        <time>2026-08-17T11:54:13.000Z</time>
      </trkpt>
      <trkpt lat="40.07552167987681" lon="116.33766072870617">
        <ele>45.3</ele>
        <time>2026-08-17T11:54:14.000Z</time>
      </trkpt>
      <trkpt lat="40.07553585631933" lon="116.33769129859864">
        <ele>45.2</ele>
        <time>2026-08-17T11:54:15.000Z</time>
      </trkpt>
      <trkpt lat="40.075551648562644" lon="116.33772012862241">
        <ele>45.2</ele>
        <time>2026-08-17T11:54:16.000Z</time>
      </trkpt>
      <trkpt lat="40.075568887047396" lon="116.3377471144936">
        <ele>45.2</ele>
        <time>2026-08-17T11:54:17.000Z</time>
      </trkpt>
      <trkpt lat="40.075587237035386" lon="116.33777230273861">
        <ele>45.2</ele>
        <time>2026-08-17T11:54:18.000Z</time>
      </trkpt>
      <trkpt lat="40.07560635774377" lon="116.33779587045176">
        <ele>45.2</ele>
        <time>2026-08-17T11:54:19.000Z</time>
      </trkpt>
      <trkpt lat="40.07562614068139" lon="116.33781787678856">
        <ele>45.2</ele>
        <time>2026-08-17T11:54:20.000Z</time>
      </trkpt>
      <trkpt lat="40.07564674109825" lon="116.33783798509161">
        <ele>45.2</ele>
        <time>2026-08-17T11:54:21.000Z</time>
      </trkpt>
      <trkpt lat="40.07566826066202" lon="116.33785581587239">
        <ele>45.2</ele>
        <time>2026-08-17T11:54:22.000Z</time>
      </trkpt>
      <trkpt lat="40.07569071197324" lon="116.33787124472681">
        <ele>45.2</ele>
        <time>2026-08-17T11:54:23.000Z</time>
      </trkpt>
      <trkpt lat="40.07571418172551" lon="116.33788416913383">
        <ele>45.2</ele>
        <time>2026-08-17T11:54:24.000Z</time>
      </trkpt>
      <trkpt lat="40.07573864357178" lon="116.33789445251432">
        <ele>45.2</ele>
        <time>2026-08-17T11:54:25.000Z</time>
      </trkpt>
      <trkpt lat="40.07576377905871" lon="116.33790223837457">
        <ele>45.2</ele>
        <time>2026-08-17T11:54:26.000Z</time>
      </trkpt>
      <trkpt lat="40.0757891394568" lon="116.33790791601542">
        <ele>45.2</ele>
        <time>2026-08-17T11:54:27.000Z</time>
      </trkpt>
      <trkpt lat="40.07581459114916" lon="116.33791151295925">
        <ele>45.2</ele>
        <time>2026-08-17T11:54:28.000Z</time>
      </trkpt>
      <trkpt lat="40.075840240836236" lon="116.33791285869827">
        <ele>45.2</ele>
        <time>2026-08-17T11:54:29.000Z</time>
      </trkpt>
      <trkpt lat="40.07586604063399" lon="116.33791214603986">
        <ele>45.1</ele>
        <time>2026-08-17T11:54:30.000Z</time>
      </trkpt>
      <trkpt lat="40.075891828868315" lon="116.33790978646735">
        <ele>45.1</ele>
        <time>2026-08-17T11:54:31.000Z</time>
      </trkpt>
      <trkpt lat="40.07591757391615" lon="116.33790623169241">
        <ele>45.1</ele>
        <time>2026-08-17T11:54:32.000Z</time>
      </trkpt>
      <trkpt lat="40.07594333005707" lon="116.33790197405831">
        <ele>45.1</ele>
        <time>2026-08-17T11:54:33.000Z</time>
      </trkpt>
      <trkpt lat="40.075969071459774" lon="116.33789745514096">
        <ele>45.1</ele>
        <time>2026-08-17T11:54:34.000Z</time>
      </trkpt>
      <trkpt lat="40.07599468604155" lon="116.33789281858333">
        <ele>45.1</ele>
        <time>2026-08-17T11:54:35.000Z</time>
      </trkpt>
      <trkpt lat="40.07602013459049" lon="116.33788781451652">
        <ele>45.1</ele>
        <time>2026-08-17T11:54:36.000Z</time>
      </trkpt>
      <trkpt lat="40.07604552311643" lon="116.3378820817532">
        <ele>45.1</ele>
        <time>2026-08-17T11:54:37.000Z</time>
      </trkpt>
      <trkpt lat="40.076071085704" lon="116.33787565780709">
        <ele>45.1</ele>
        <time>2026-08-17T11:54:38.000Z</time>
      </trkpt>
      <trkpt lat="40.07609693435461" lon="116.33786913082442">
        <ele>45.1</ele>
        <time>2026-08-17T11:54:39.000Z</time>
      </trkpt>
      <trkpt lat="40.076122866074094" lon="116.33786335294393">
        <ele>45.1</ele>
        <time>2026-08-17T11:54:40.000Z</time>
      </trkpt>
      <trkpt lat="40.07614873813372" lon="116.33785866894286">
        <ele>45.1</ele>
        <time>2026-08-17T11:54:41.000Z</time>
      </trkpt>
      <trkpt lat="40.07617455583336" lon="116.3378546198638">
        <ele>45.1</ele>
        <time>2026-08-17T11:54:42.000Z</time>
      </trkpt>
      <trkpt lat="40.07620034574933" lon="116.33785055241353">
        <ele>45.1</ele>
        <time>2026-08-17T11:54:43.000Z</time>
      </trkpt>
      <trkpt lat="40.07622620920491" lon="116.33784619911536">
        <ele>45.1</ele>
        <time>2026-08-17T11:54:44.000Z</time>
      </trkpt>
      <trkpt lat="40.07625215780332" lon="116.33784189148912">
        <ele>45.1</ele>
        <time>2026-08-17T11:54:45.000Z</time>
      </trkpt>
      <trkpt lat="40.07627808411928" lon="116.3378380584369">
        <ele>45.0</ele>
        <time>2026-08-17T11:54:46.000Z</time>
      </trkpt>
      <trkpt lat="40.07630388105773" lon="116.3378349599797">
        <ele>45.0</ele>
        <time>2026-08-17T11:54:47.000Z</time>
      </trkpt>
      <trkpt lat="40.076329407689705" lon="116.33783279426702">
        <ele>45.0</ele>
        <time>2026-08-17T11:54:48.000Z</time>
      </trkpt>
      <trkpt lat="40.076354572324384" lon="116.33783143518798">
        <ele>45.0</ele>
        <time>2026-08-17T11:54:49.000Z</time>
      </trkpt>
      <trkpt lat="40.07637945190378" lon="116.33783015565702">
        <ele>45.0</ele>
        <time>2026-08-17T11:54:50.000Z</time>
      </trkpt>
      <trkpt lat="40.07640428374417" lon="116.33782842128379">
        <ele>45.0</ele>
        <time>2026-08-17T11:54:51.000Z</time>
      </trkpt>
      <trkpt lat="40.07642937575396" lon="116.33782657522501">
        <ele>45.0</ele>
        <time>2026-08-17T11:54:52.000Z</time>
      </trkpt>
      <trkpt lat="40.07645491338357" lon="116.33782511829978">
        <ele>45.0</ele>
        <time>2026-08-17T11:54:53.000Z</time>
      </trkpt>
      <trkpt lat="40.07648080881062" lon="116.33782392696718">
        <ele>45.0</ele>
        <time>2026-08-17T11:54:54.000Z</time>
      </trkpt>
      <trkpt lat="40.07650683414566" lon="116.33782261498366">
        <ele>45.0</ele>
        <time>2026-08-17T11:54:55.000Z</time>
      </trkpt>
      <trkpt lat="40.07653275412229" lon="116.33782132594774">
        <ele>45.0</ele>
        <time>2026-08-17T11:54:56.000Z</time>
      </trkpt>
      <trkpt lat="40.07655844817197" lon="116.337820396451">
        <ele>45.0</ele>
        <time>2026-08-17T11:54:57.000Z</time>
      </trkpt>
      <trkpt lat="40.07658403442501" lon="116.33781969577869">
        <ele>45.0</ele>
        <time>2026-08-17T11:54:58.000Z</time>
      </trkpt>
      <trkpt lat="40.07660970810389" lon="116.33781900893479">
        <ele>45.0</ele>
        <time>2026-08-17T11:54:59.000Z</time>
      </trkpt>
      <trkpt lat="40.0766355460293" lon="116.3378185411344">
        <ele>45.0</ele>
        <time>2026-08-17T11:55:00.000Z</time>
      </trkpt>
      <trkpt lat="40.07666155479779" lon="116.33781849320033">
        <ele>45.0</ele>
        <time>2026-08-17T11:55:01.000Z</time>
      </trkpt>
      <trkpt lat="40.07668771636542" lon="116.3378185466292">
        <ele>45.0</ele>
        <time>2026-08-17T11:55:02.000Z</time>
      </trkpt>
      <trkpt lat="40.07671393103193" lon="116.337818109639">
        <ele>45.0</ele>
        <time>2026-08-17T11:55:03.000Z</time>
      </trkpt>
      <trkpt lat="40.07674007057131" lon="116.3378167158744">
        <ele>45.0</ele>
        <time>2026-08-17T11:55:04.000Z</time>
      </trkpt>
      <trkpt lat="40.07676599455965" lon="116.33781423325185">
        <ele>45.0</ele>
        <time>2026-08-17T11:55:05.000Z</time>
      </trkpt>
      <trkpt lat="40.07679152205314" lon="116.3378107235996">
        <ele>45.0</ele>
        <time>2026-08-17T11:55:06.000Z</time>
      </trkpt>
      <trkpt lat="40.076816410437424" lon="116.33780573463137">
        <ele>45.0</ele>
        <time>2026-08-17T11:55:07.000Z</time>
      </trkpt>
      <trkpt lat="40.0768406145924" lon="116.33779814198343">
        <ele>45.0</ele>
        <time>2026-08-17T11:55:08.000Z</time>
      </trkpt>
      <trkpt lat="40.0768641229028" lon="116.33778652196338">
        <ele>45.0</ele>
        <time>2026-08-17T11:55:09.000Z</time>
      </trkpt>
      <trkpt lat="40.07688661925032" lon="116.3377696691999">
        <ele>45.0</ele>
        <time>2026-08-17T11:55:10.000Z</time>
      </trkpt>
      <trkpt lat="40.076907650899834" lon="116.33774748464441">
        <ele>45.0</ele>
        <time>2026-08-17T11:55:11.000Z</time>
      </trkpt>
      <trkpt lat="40.07692683851889" lon="116.33772062483723">
        <ele>45.1</ele>
        <time>2026-08-17T11:55:12.000Z</time>
      </trkpt>
      <trkpt lat="40.07694384578059" lon="116.33768978606756">
        <ele>45.1</ele>
        <time>2026-08-17T11:55:13.000Z</time>
      </trkpt>
      <trkpt lat="40.07695829237743" lon="116.3376557640938">
        <ele>45.1</ele>
        <time>2026-08-17T11:55:14.000Z</time>
      </trkpt>
      <trkpt lat="40.07697006686183" lon="116.33761943992953">
        <ele>45.1</ele>
        <time>2026-08-17T11:55:15.000Z</time>
      </trkpt>
      <trkpt lat="40.076979212263865" lon="116.33758153168147">
        <ele>45.1</ele>
        <time>2026-08-17T11:55:16.000Z</time>
      </trkpt>
      <trkpt lat="40.07698560088524" lon="116.33754240014652">
        <ele>45.1</ele>
        <time>2026-08-17T11:55:17.000Z</time>
      </trkpt>
      <trkpt lat="40.076988900630376" lon="116.33750227383936">
        <ele>45.1</ele>
        <time>2026-08-17T11:55:18.000Z</time>
      </trkpt>
      <trkpt lat="40.07698923934949" lon="116.33746148733718">
        <ele>45.1</ele>
        <time>2026-08-17T11:55:18.999Z</time>
      </trkpt>
      <trkpt lat="40.07698741612276" lon="116.3374204198409">
        <ele>45.1</ele>
        <time>2026-08-17T11:55:19.999Z</time>
      </trkpt>
      <trkpt lat="40.07698436495009" lon="116.33737929108177">
        <ele>45.1</ele>
        <time>2026-08-17T11:55:20.999Z</time>
      </trkpt>
      <trkpt lat="40.07698059149961" lon="116.33733836238876">
        <ele>45.1</ele>
        <time>2026-08-17T11:55:21.999Z</time>
      </trkpt>
      <trkpt lat="40.07697608983937" lon="116.33729790199553">
        <ele>45.1</ele>
        <time>2026-08-17T11:55:22.999Z</time>
      </trkpt>
      <trkpt lat="40.07697060719176" lon="116.33725812034666">
        <ele>45.1</ele>
        <time>2026-08-17T11:55:23.999Z</time>
      </trkpt>
      <trkpt lat="40.07696360788854" lon="116.33721922964955">
        <ele>45.1</ele>
        <time>2026-08-17T11:55:24.999Z</time>
      </trkpt>
      <trkpt lat="40.07695451507235" lon="116.33718145834305">
        <ele>45.1</ele>
        <time>2026-08-17T11:55:25.999Z</time>
      </trkpt>
      <trkpt lat="40.076942856040155" lon="116.33714512527474">
        <ele>45.1</ele>
        <time>2026-08-17T11:55:26.999Z</time>
      </trkpt>
      <trkpt lat="40.076928466515206" lon="116.337110508846">
        <ele>45.1</ele>
        <time>2026-08-17T11:55:27.999Z</time>
      </trkpt>
      <trkpt lat="40.076911553056746" lon="116.33707784088877">
        <ele>45.1</ele>
        <time>2026-08-17T11:55:28.999Z</time>
      </trkpt>
      <trkpt lat="40.07689230973598" lon="116.33704727005984">
        <ele>45.1</ele>
        <time>2026-08-17T11:55:30.000Z</time>
      </trkpt>
      <trkpt lat="40.07687097329056" lon="116.33701888475541">
        <ele>45.1</ele>
        <time>2026-08-17T11:55:31.000Z</time>
      </trkpt>
      <trkpt lat="40.076847864109155" lon="116.33699256726969">
        <ele>45.1</ele>
        <time>2026-08-17T11:55:32.000Z</time>
      </trkpt>
      <trkpt lat="40.076823371773905" lon="116.3369683039416">
        <ele>45.1</ele>
        <time>2026-08-17T11:55:33.000Z</time>
      </trkpt>
      <trkpt lat="40.07679763026021" lon="116.33694636151839">
        <ele>45.1</ele>
        <time>2026-08-17T11:55:34.000Z</time>
      </trkpt>
      <trkpt lat="40.076770556663114" lon="116.33692715094796">
        <ele>45.1</ele>
        <time>2026-08-17T11:55:35.000Z</time>
      </trkpt>
      <trkpt lat="40.07674216732283" lon="116.33691116723895">
        <ele>45.1</ele>
        <time>2026-08-17T11:55:36.000Z</time>
      </trkpt>
      <trkpt lat="40.076712683547996" lon="116.33689859836062">
        <ele>45.1</ele>
        <time>2026-08-17T11:55:37.000Z</time>
      </trkpt>
      <trkpt lat="40.076682292345154" lon="116.33688939174493">
        <ele>45.1</ele>
        <time>2026-08-17T11:55:38.000Z</time>
      </trkpt>
      <trkpt lat="40.07665110164791" lon="116.33688342326985">
        <ele>45.1</ele>
        <time>2026-08-17T11:55:39.000Z</time>
      </trkpt>
      <trkpt lat="40.07661936453023" lon="116.33688021982518">
        <ele>45.1</ele>
        <time>2026-08-17T11:55:40.000Z</time>
      </trkpt>
      <trkpt lat="40.07658730873075" lon="116.33687919933871">
        <ele>45.1</ele>
        <time>2026-08-17T11:55:41.000Z</time>
      </trkpt>
      <trkpt lat="40.07655511700226" lon="116.33687993496824">
        <ele>45.1</ele>
        <time>2026-08-17T11:55:42.000Z</time>
      </trkpt>
      <trkpt lat="40.07652297008827" lon="116.33688211415515">
        <ele>45.1</ele>
        <time>2026-08-17T11:55:43.000Z</time>
      </trkpt>
      <trkpt lat="40.076490889914446" lon="116.33688531212071">
        <ele>45.1</ele>
        <time>2026-08-17T11:55:44.000Z</time>
      </trkpt>
      <trkpt lat="40.07645879276444" lon="116.33688901848775">
        <ele>45.1</ele>
        <time>2026-08-17T11:55:45.000Z</time>
      </trkpt>
      <trkpt lat="40.07642664295759" lon="116.33689282694121">
        <ele>45.1</ele>
        <time>2026-08-17T11:55:46.000Z</time>
      </trkpt>
      <trkpt lat="40.07639443877847" lon="116.33689654888371">
        <ele>45.1</ele>
        <time>2026-08-17T11:55:47.000Z</time>
      </trkpt>
      <trkpt lat="40.07636220772134" lon="116.33689990692773">
        <ele>45.1</ele>
        <time>2026-08-17T11:55:48.000Z</time>
      </trkpt>
      <trkpt lat="40.07633010880003" lon="116.33690258884688">
        <ele>45.1</ele>
        <time>2026-08-17T11:55:49.000Z</time>
      </trkpt>
      <trkpt lat="40.076298246147836" lon="116.33690472648551">
        <ele>45.1</ele>
        <time>2026-08-17T11:55:50.000Z</time>
      </trkpt>
      <trkpt lat="40.07626655989466" lon="116.33690668887863">
        <ele>45.1</ele>
        <time>2026-08-17T11:55:51.000Z</time>
      </trkpt>
      <trkpt lat="40.07623499345903" lon="116.33690831122698">
        <ele>45.1</ele>
        <time>2026-08-17T11:55:52.000Z</time>
      </trkpt>
      <trkpt lat="40.07620354131466" lon="116.33690908889515">
        <ele>45.1</ele>
        <time>2026-08-17T11:55:53.000Z</time>
      </trkpt>
      <trkpt lat="40.07617226280837" lon="116.33690918763327">
        <ele>45.1</ele>
        <time>2026-08-17T11:55:54.000Z</time>
      </trkpt>
      <trkpt lat="40.07614128928881" lon="116.3369092494501">
        <ele>45.1</ele>
        <time>2026-08-17T11:55:55.000Z</time>
      </trkpt>
      <trkpt lat="40.076110676337926" lon="116.33690968333048">
        <ele>45.1</ele>
        <time>2026-08-17T11:55:56.000Z</time>
      </trkpt>
      <trkpt lat="40.07608041986932" lon="116.33691048454395">
        <ele>45.1</ele>
        <time>2026-08-17T11:55:57.000Z</time>
      </trkpt>
      <trkpt lat="40.07605058305193" lon="116.33691158677973">
        <ele>45.0</ele>
        <time>2026-08-17T11:55:58.000Z</time>
      </trkpt>
      <trkpt lat="40.0760213064427" lon="116.33691281055522">
        <ele>45.0</ele>
        <time>2026-08-17T11:55:59.000Z</time>
      </trkpt>
      <trkpt lat="40.07599270427906" lon="116.33691410141117">
        <ele>45.0</ele>
        <time>2026-08-17T11:56:00.000Z</time>
      </trkpt>
      <trkpt lat="40.0759646585252" lon="116.33691577647329">
        <ele>45.0</ele>
        <time>2026-08-17T11:56:01.000Z</time>
      </trkpt>
      <trkpt lat="40.0759369571774" lon="116.3369178251003">
        <ele>45.0</ele>
        <time>2026-08-17T11:56:02.000Z</time>
      </trkpt>
      <trkpt lat="40.07590943399661" lon="116.33691988514289">
        <ele>45.0</ele>
        <time>2026-08-17T11:56:03.000Z</time>
      </trkpt>
      <trkpt lat="40.075882005138816" lon="116.3369217212453">
        <ele>45.0</ele>
        <time>2026-08-17T11:56:04.000Z</time>
      </trkpt>
      <trkpt lat="40.07585466054605" lon="116.3369233083609">
        <ele>45.0</ele>
        <time>2026-08-17T11:56:05.000Z</time>
      </trkpt>
      <trkpt lat="40.07582741404099" lon="116.33692472489909">
        <ele>45.0</ele>
        <time>2026-08-17T11:56:06.000Z</time>
      </trkpt>
      <trkpt lat="40.07580030439214" lon="116.33692630799048">
        <ele>45.0</ele>
        <time>2026-08-17T11:56:07.000Z</time>
      </trkpt>
      <trkpt lat="40.075773411938755" lon="116.33692858059777">
        <ele>45.0</ele>
        <time>2026-08-17T11:56:08.000Z</time>
      </trkpt>
      <trkpt lat="40.07574674513674" lon="116.33693208179106">
        <ele>45.0</ele>
        <time>2026-08-17T11:56:09.000Z</time>
      </trkpt>
      <trkpt lat="40.07572037677135" lon="116.33693737955079">
        <ele>45.0</ele>
        <time>2026-08-17T11:56:10.000Z</time>
      </trkpt>
      <trkpt lat="40.075694403562295" lon="116.33694493146108">
        <ele>45.0</ele>
        <time>2026-08-17T11:56:11.000Z</time>
      </trkpt>
      <trkpt lat="40.07566883751492" lon="116.33695491443213">
        <ele>44.9</ele>
        <time>2026-08-17T11:56:12.000Z</time>
      </trkpt>
      <trkpt lat="40.075643810520845" lon="116.3369673411457">
        <ele>44.9</ele>
        <time>2026-08-17T11:56:13.000Z</time>
      </trkpt>
      <trkpt lat="40.075619659015246" lon="116.3369823246837">
        <ele>44.9</ele>
        <time>2026-08-17T11:56:14.000Z</time>
      </trkpt>
      <trkpt lat="40.075596805606956" lon="116.3369999916993">
        <ele>44.9</ele>
        <time>2026-08-17T11:56:15.000Z</time>
      </trkpt>
      <trkpt lat="40.075575626177475" lon="116.33702057077022">
        <ele>44.9</ele>
        <time>2026-08-17T11:56:16.000Z</time>
      </trkpt>
      <trkpt lat="40.07555635674955" lon="116.33704438764374">
        <ele>44.9</ele>
        <time>2026-08-17T11:56:17.000Z</time>
        <extensions>
          <gpxtpx:TrackPointExtension>
            <gpxtpx:hr>172</gpxtpx:hr>
          </gpxtpx:TrackPointExtension>
        </extensions>
      </trkpt>
      <trkpt lat="40.07553883588704" lon="116.33707139823046">
        <ele>44.9</ele>
        <time>2026-08-17T11:56:18.000Z</time>
        <extensions>
          <gpxtpx:TrackPointExtension>
            <gpxtpx:hr>172</gpxtpx:hr>
          </gpxtpx:TrackPointExtension>
        </extensions>
      </trkpt>
      <trkpt lat="40.07552300398806" lon="116.33710101140855">
        <ele>45.0</ele>
        <time>2026-08-17T11:56:19.000Z</time>
        <extensions>
          <gpxtpx:TrackPointExtension>
            <gpxtpx:hr>172</gpxtpx:hr>
          </gpxtpx:TrackPointExtension>
        </extensions>
      </trkpt>
      <trkpt lat="40.075509153425834" lon="116.33713264930505">
        <ele>45.0</ele>
        <time>2026-08-17T11:56:20.000Z</time>
        <extensions>
          <gpxtpx:TrackPointExtension>
            <gpxtpx:hr>172</gpxtpx:hr>
          </gpxtpx:TrackPointExtension>
        </extensions>
      </trkpt>
      <trkpt lat="40.07549754438091" lon="116.33716591051007">
        <ele>45.0</ele>
        <time>2026-08-17T11:56:21.000Z</time>
        <extensions>
          <gpxtpx:TrackPointExtension>
            <gpxtpx:hr>172</gpxtpx:hr>
          </gpxtpx:TrackPointExtension>
        </extensions>
      </trkpt>
      <trkpt lat="40.07548816110793" lon="116.33720035760861">
        <ele>45.0</ele>
        <time>2026-08-17T11:56:22.000Z</time>
        <extensions>
          <gpxtpx:TrackPointExtension>
            <gpxtpx:hr>172</gpxtpx:hr>
          </gpxtpx:TrackPointExtension>
        </extensions>
      </trkpt>
      <trkpt lat="40.07548057303678" lon="116.3372357160651">
        <ele>45.0</ele>
        <time>2026-08-17T11:56:23.000Z</time>
        <extensions>
          <gpxtpx:TrackPointExtension>
            <gpxtpx:hr>172</gpxtpx:hr>
          </gpxtpx:TrackPointExtension>
        </extensions>
      </trkpt>
      <trkpt lat="40.075474258683315" lon="116.33727183033766">
        <ele>45.0</ele>
        <time>2026-08-17T11:56:24.000Z</time>
        <extensions>
          <gpxtpx:TrackPointExtension>
            <gpxtpx:hr>172</gpxtpx:hr>
          </gpxtpx:TrackPointExtension>
        </extensions>
      </trkpt>
      <trkpt lat="40.07546909172734" lon="116.33730853815484">
        <ele>45.0</ele>
        <time>2026-08-17T11:56:25.000Z</time>
        <extensions>
          <gpxtpx:TrackPointExtension>
            <gpxtpx:hr>172</gpxtpx:hr>
          </gpxtpx:TrackPointExtension>
        </extensions>
      </trkpt>
      <trkpt lat="40.07546546553675" lon="116.3373455487971">
        <ele>45.0</ele>
        <time>2026-08-17T11:56:26.000Z</time>
        <extensions>
          <gpxtpx:TrackPointExtension>
            <gpxtpx:hr>172</gpxtpx:hr>
          </gpxtpx:TrackPointExtension>
        </extensions>
      </trkpt>
      <trkpt lat="40.07546383274478" lon="116.33738257100441">
        <ele>45.0</ele>
        <time>2026-08-17T11:56:27.000Z</time>
        <extensions>
          <gpxtpx:TrackPointExtension>
            <gpxtpx:hr>172</gpxtpx:hr>
          </gpxtpx:TrackPointExtension>
        </extensions>
      </trkpt>
      <trkpt lat="40.07546445193528" lon="116.33741941610073">
        <ele>45.0</ele>
        <time>2026-08-17T11:56:28.000Z</time>
        <extensions>
          <gpxtpx:TrackPointExtension>
            <gpxtpx:hr>172</gpxtpx:hr>
          </gpxtpx:TrackPointExtension>
        </extensions>
      </trkpt>
      <trkpt lat="40.075467435868546" lon="116.3374559259911">
        <ele>45.0</ele>
        <time>2026-08-17T11:56:29.000Z</time>
        <extensions>
          <gpxtpx:TrackPointExtension>
            <gpxtpx:hr>172</gpxtpx:hr>
          </gpxtpx:TrackPointExtension>
        </extensions>
      </trkpt>
      <trkpt lat="40.0754728344869" lon="116.33749200727388">
        <ele>45.0</ele>
        <time>2026-08-17T11:56:30.000Z</time>
        <extensions>
          <gpxtpx:TrackPointExtension>
            <gpxtpx:hr>172</gpxtpx:hr>
          </gpxtpx:TrackPointExtension>
        </extensions>
      </trkpt>
      <trkpt lat="40.07548064172519" lon="116.33752763009694">
        <ele>45.0</ele>
        <time>2026-08-17T11:56:31.000Z</time>
        <extensions>
          <gpxtpx:TrackPointExtension>
            <gpxtpx:hr>172</gpxtpx:hr>
          </gpxtpx:TrackPointExtension>
        </extensions>
      </trkpt>
      <trkpt lat="40.07549059536451" lon="116.33756275024065">
        <ele>45.0</ele>
        <time>2026-08-17T11:56:32.000Z</time>
        <extensions>
          <gpxtpx:TrackPointExtension>
            <gpxtpx:hr>172</gpxtpx:hr>
          </gpxtpx:TrackPointExtension>
        </extensions>
      </trkpt>
      <trkpt lat="40.07550230117622" lon="116.33759731916268">
        <ele>45.0</ele>
        <time>2026-08-17T11:56:33.000Z</time>
        <extensions>
          <gpxtpx:TrackPointExtension>
            <gpxtpx:hr>172</gpxtpx:hr>
          </gpxtpx:TrackPointExtension>
        </extensions>
      </trkpt>
      <trkpt lat="40.07551548588996" lon="116.33763115732816">
        <ele>45.0</ele>
        <time>2026-08-17T11:56:34.000Z</time>
        <extensions>
          <gpxtpx:TrackPointExtension>
            <gpxtpx:hr>172</gpxtpx:hr>
          </gpxtpx:TrackPointExtension>
        </extensions>
      </trkpt>
      <trkpt lat="40.075530027053894" lon="116.33766392506689">
        <ele>45.0</ele>
        <time>2026-08-17T11:56:35.000Z</time>
        <extensions>
          <gpxtpx:TrackPointExtension>
            <gpxtpx:hr>172</gpxtpx:hr>
          </gpxtpx:TrackPointExtension>
        </extensions>
      </trkpt>
      <trkpt lat="40.075545724903016" lon="116.33769527502349">
        <ele>45.0</ele>
        <time>2026-08-17T11:56:36.000Z</time>
        <extensions>
          <gpxtpx:TrackPointExtension>
            <gpxtpx:hr>172</gpxtpx:hr>
          </gpxtpx:TrackPointExtension>
        </extensions>
      </trkpt>
      <trkpt lat="40.07556236005307" lon="116.33772497987759">
        <ele>45.0</ele>
        <time>2026-08-17T11:56:37.000Z</time>
        <extensions>
          <gpxtpx:TrackPointExtension>
            <gpxtpx:hr>172</gpxtpx:hr>
          </gpxtpx:TrackPointExtension>
        </extensions>
      </trkpt>
      <trkpt lat="40.07557987056965" lon="116.33775296286409">
        <ele>45.0</ele>
        <time>2026-08-17T11:56:38.000Z</time>
        <extensions>
          <gpxtpx:TrackPointExtension>
            <gpxtpx:hr>172</gpxtpx:hr>
          </gpxtpx:TrackPointExtension>
        </extensions>
      </trkpt>
      <trkpt lat="40.07559823004887" lon="116.33777917882647">
        <ele>45.0</ele>
        <time>2026-08-17T11:56:39.000Z</time>
        <extensions>
          <gpxtpx:TrackPointExtension>
            <gpxtpx:hr>172</gpxtpx:hr>
          </gpxtpx:TrackPointExtension>
        </extensions>
      </trkpt>
      <trkpt lat="40.07561741108764" lon="116.33780362076945">
        <ele>44.9</ele>
        <time>2026-08-17T11:56:40.000Z</time>
        <extensions>
          <gpxtpx:TrackPointExtension>
            <gpxtpx:hr>172</gpxtpx:hr>
          </gpxtpx:TrackPointExtension>
        </extensions>
      </trkpt>
      <trkpt lat="40.07563728169439" lon="116.33782644580845">
        <ele>44.9</ele>
        <time>2026-08-17T11:56:41.000Z</time>
        <extensions>
          <gpxtpx:TrackPointExtension>
            <gpxtpx:hr>172</gpxtpx:hr>
          </gpxtpx:TrackPointExtension>
        </extensions>
      </trkpt>
      <trkpt lat="40.07565772282273" lon="116.33784782695638">
        <ele>44.9</ele>
        <time>2026-08-17T11:56:42.000Z</time>
        <extensions>
          <gpxtpx:TrackPointExtension>
            <gpxtpx:hr>172</gpxtpx:hr>
          </gpxtpx:TrackPointExtension>
        </extensions>
      </trkpt>
      <trkpt lat="40.075678702167004" lon="116.33786755619946">
        <ele>44.9</ele>
        <time>2026-08-17T11:56:43.000Z</time>
        <extensions>
          <gpxtpx:TrackPointExtension>
            <gpxtpx:hr>172</gpxtpx:hr>
          </gpxtpx:TrackPointExtension>
        </extensions>
      </trkpt>
      <trkpt lat="40.07570032138396" lon="116.33788497303951">
        <ele>44.9</ele>
        <time>2026-08-17T11:56:44.000Z</time>
        <extensions>
          <gpxtpx:TrackPointExtension>
            <gpxtpx:hr>172</gpxtpx:hr>
          </gpxtpx:TrackPointExtension>
        </extensions>
      </trkpt>
      <trkpt lat="40.075722858347795" lon="116.33789940013963">
        <ele>44.9</ele>
        <time>2026-08-17T11:56:45.000Z</time>
        <extensions>
          <gpxtpx:TrackPointExtension>
            <gpxtpx:hr>172</gpxtpx:hr>
          </gpxtpx:TrackPointExtension>
        </extensions>
      </trkpt>
      <trkpt lat="40.075746487146226" lon="116.33791042100086">
        <ele>44.9</ele>
        <time>2026-08-17T11:56:46.000Z</time>
        <extensions>
          <gpxtpx:TrackPointExtension>
            <gpxtpx:hr>172</gpxtpx:hr>
          </gpxtpx:TrackPointExtension>
        </extensions>
      </trkpt>
      <trkpt lat="40.075770904803065" lon="116.33791809772046">
        <ele>44.9</ele>
        <time>2026-08-17T11:56:47.000Z</time>
      </trkpt>
      <trkpt lat="40.0757955336463" lon="116.33792297271287">
        <ele>44.9</ele>
        <time>2026-08-17T11:56:48.000Z</time>
      </trkpt>
      <trkpt lat="40.0758201056235" lon="116.33792537706596">
        <ele>44.9</ele>
        <time>2026-08-17T11:56:49.000Z</time>
      </trkpt>
      <trkpt lat="40.07584475558298" lon="116.33792553393941">
        <ele>44.9</ele>
        <time>2026-08-17T11:56:50.000Z</time>
      </trkpt>
      <trkpt lat="40.0758695578985" lon="116.33792386515435">
        <ele>44.9</ele>
        <time>2026-08-17T11:56:51.000Z</time>
      </trkpt>
      <trkpt lat="40.07589440181086" lon="116.33792075712131">
        <ele>44.9</ele>
        <time>2026-08-17T11:56:52.000Z</time>
      </trkpt>
      <trkpt lat="40.07591911398895" lon="116.33791666241234">
        <ele>44.9</ele>
        <time>2026-08-17T11:56:53.000Z</time>
      </trkpt>
      <trkpt lat="40.07594345082541" lon="116.33791185707827">
        <ele>44.9</ele>
        <time>2026-08-17T11:56:54.000Z</time>
      </trkpt>
      <trkpt lat="40.07596734519352" lon="116.33790633020412">
        <ele>44.9</ele>
        <time>2026-08-17T11:56:55.000Z</time>
      </trkpt>
      <trkpt lat="40.075990883544215" lon="116.33790009955528">
        <ele>44.9</ele>
        <time>2026-08-17T11:56:56.000Z</time>
      </trkpt>
      <trkpt lat="40.07601430452869" lon="116.33789323706657">
        <ele>44.9</ele>
        <time>2026-08-17T11:56:57.000Z</time>
      </trkpt>
      <trkpt lat="40.07603783428816" lon="116.3378861640577">
        <ele>44.9</ele>
        <time>2026-08-17T11:56:58.000Z</time>
      </trkpt>
      <trkpt lat="40.07606155564534" lon="116.33787975395293">
        <ele>44.9</ele>
        <time>2026-08-17T11:56:59.000Z</time>
      </trkpt>
      <trkpt lat="40.076085482147896" lon="116.33787463353968">
        <ele>44.9</ele>
        <time>2026-08-17T11:57:00.000Z</time>
      </trkpt>
      <trkpt lat="40.07610949465417" lon="116.33787089946189">
        <ele>44.9</ele>
        <time>2026-08-17T11:57:01.000Z</time>
      </trkpt>
      <trkpt lat="40.07613350746514" lon="116.33786816504988">
        <ele>44.9</ele>
        <time>2026-08-17T11:57:02.000Z</time>
      </trkpt>
      <trkpt lat="40.0761575036491" lon="116.3378658975568">
        <ele>44.9</ele>
        <time>2026-08-17T11:57:03.000Z</time>
      </trkpt>
      <trkpt lat="40.076181502826316" lon="116.33786392572847">
        <ele>44.9</ele>
        <time>2026-08-17T11:57:04.000Z</time>
      </trkpt>
      <trkpt lat="40.076205542390554" lon="116.33786233824615">
        <ele>44.9</ele>
        <time>2026-08-17T11:57:05.000Z</time>
      </trkpt>
      <trkpt lat="40.0762295704718" lon="116.3378608589747">
        <ele>44.9</ele>
        <time>2026-08-17T11:57:06.000Z</time>
      </trkpt>
      <trkpt lat="40.07625371082305" lon="116.33785877833755">
        <ele>44.8</ele>
        <time>2026-08-17T11:57:07.000Z</time>
      </trkpt>
      <trkpt lat="40.076278162955624" lon="116.33785603062196">
        <ele>44.8</ele>
        <time>2026-08-17T11:57:08.000Z</time>
      </trkpt>
      <trkpt lat="40.07630282162502" lon="116.33785327135149">
        <ele>44.8</ele>
        <time>2026-08-17T11:57:09.000Z</time>
      </trkpt>
      <trkpt lat="40.07632745219358" lon="116.33785116235612">
        <ele>44.8</ele>
        <time>2026-08-17T11:57:10.000Z</time>
      </trkpt>
      <trkpt lat="40.07635192702777" lon="116.33784987179709">
        <ele>44.8</ele>
        <time>2026-08-17T11:57:11.000Z</time>
      </trkpt>
      <trkpt lat="40.076376215631996" lon="116.33784901423111">
        <ele>44.8</ele>
        <time>2026-08-17T11:57:12.000Z</time>
      </trkpt>
      <trkpt lat="40.076400385765425" lon="116.33784825398938">
        <ele>44.8</ele>
        <time>2026-08-17T11:57:13.000Z</time>
      </trkpt>
      <trkpt lat="40.07642460738584" lon="116.33784767042418">
        <ele>44.8</ele>
        <time>2026-08-17T11:57:14.000Z</time>
      </trkpt>
      <trkpt lat="40.07644903282526" lon="116.33784768033854">
        <ele>44.8</ele>
        <time>2026-08-17T11:57:15.000Z</time>
      </trkpt>
      <trkpt lat="40.07647380348559" lon="116.33784893599308">
        <ele>44.8</ele>
        <time>2026-08-17T11:57:16.000Z</time>
      </trkpt>
      <trkpt lat="40.076498852767656" lon="116.3378510135189">
        <ele>44.8</ele>
        <time>2026-08-17T11:57:17.000Z</time>
      </trkpt>
      <trkpt lat="40.076523872477075" lon="116.33785268574368">
        <ele>44.8</ele>
        <time>2026-08-17T11:57:18.000Z</time>
      </trkpt>
      <trkpt lat="40.076548651007194" lon="116.33785325004136">
        <ele>44.8</ele>
        <time>2026-08-17T11:57:19.000Z</time>
      </trkpt>
      <trkpt lat="40.07657321018647" lon="116.33785232885666">
        <ele>44.8</ele>
        <time>2026-08-17T11:57:20.000Z</time>
      </trkpt>
      <trkpt lat="40.076597780714216" lon="116.33784986508745">
        <ele>44.8</ele>
        <time>2026-08-17T11:57:21.000Z</time>
      </trkpt>
      <trkpt lat="40.07662265662719" lon="116.3378458746549">
        <ele>44.8</ele>
        <time>2026-08-17T11:57:22.000Z</time>
      </trkpt>
      <trkpt lat="40.07664807415663" lon="116.33784082741381">
        <ele>44.8</ele>
        <time>2026-08-17T11:57:23.000Z</time>
      </trkpt>
      <trkpt lat="40.07667404192074" lon="116.33783543347971">
        <ele>44.8</ele>
        <time>2026-08-17T11:57:24.000Z</time>
      </trkpt>
      <trkpt lat="40.07670025675519" lon="116.33782977356617">
        <ele>44.8</ele>
        <time>2026-08-17T11:57:24.999Z</time>
      </trkpt>
      <trkpt lat="40.076726291944" lon="116.33782349057013">
        <ele>44.8</ele>
        <time>2026-08-17T11:57:25.999Z</time>
      </trkpt>
      <trkpt lat="40.07675175885489" lon="116.33781587721512">
        <ele>44.8</ele>
        <time>2026-08-17T11:57:26.999Z</time>
      </trkpt>
      <trkpt lat="40.07677648738802" lon="116.33780596300976">
        <ele>44.8</ele>
        <time>2026-08-17T11:57:27.999Z</time>
      </trkpt>
      <trkpt lat="40.07680034794003" lon="116.3377928813283">
        <ele>44.8</ele>
        <time>2026-08-17T11:57:28.999Z</time>
      </trkpt>
      <trkpt lat="40.076823103020786" lon="116.33777634427565">
        <ele>44.8</ele>
        <time>2026-08-17T11:57:29.999Z</time>
      </trkpt>
      <trkpt lat="40.07684463105125" lon="116.3377570764996">
        <ele>44.8</ele>
        <time>2026-08-17T11:57:30.999Z</time>
      </trkpt>
      <trkpt lat="40.07686493615131" lon="116.33773602086212">
        <ele>44.8</ele>
        <time>2026-08-17T11:57:31.999Z</time>
      </trkpt>
      <trkpt lat="40.07688406540941" lon="116.3377134648131">
        <ele>44.8</ele>
        <time>2026-08-17T11:57:32.999Z</time>
      </trkpt>
      <trkpt lat="40.076902015978575" lon="116.33768917571696">
        <ele>44.8</ele>
        <time>2026-08-17T11:57:33.999Z</time>
      </trkpt>
      <trkpt lat="40.07691863121817" lon="116.33766275667524">
        <ele>44.8</ele>
        <time>2026-08-17T11:57:34.999Z</time>
      </trkpt>
      <trkpt lat="40.07693361671862" lon="116.33763403444878">
        <ele>44.8</ele>
        <time>2026-08-17T11:57:36.000Z</time>
      </trkpt>
      <trkpt lat="40.07694687263131" lon="116.33760326861153">
        <ele>44.8</ele>
        <time>2026-08-17T11:57:37.000Z</time>
      </trkpt>
      <trkpt lat="40.07695884397188" lon="116.33757097669503">
        <ele>44.8</ele>
        <time>2026-08-17T11:57:38.000Z</time>
      </trkpt>
      <trkpt lat="40.07696990717888" lon="116.33753781988776">
        <ele>44.8</ele>
        <time>2026-08-17T11:57:39.000Z</time>
      </trkpt>
      <trkpt lat="40.07697978567295" lon="116.33750416168947">
        <ele>44.8</ele>
        <time>2026-08-17T11:57:40.000Z</time>
      </trkpt>
      <trkpt lat="40.07698792776327" lon="116.33747003831593">
        <ele>44.8</ele>
        <time>2026-08-17T11:57:41.000Z</time>
      </trkpt>
      <trkpt lat="40.076994027871876" lon="116.33743546390306">
        <ele>44.8</ele>
        <time>2026-08-17T11:57:42.000Z</time>
      </trkpt>
      <trkpt lat="40.076998122453894" lon="116.3374005577315">
        <ele>44.8</ele>
        <time>2026-08-17T11:57:43.000Z</time>
      </trkpt>
      <trkpt lat="40.07700042137252" lon="116.33736540870272">
        <ele>44.8</ele>
        <time>2026-08-17T11:57:44.000Z</time>
      </trkpt>
      <trkpt lat="40.077001200756385" lon="116.33733009131323">
        <ele>44.8</ele>
        <time>2026-08-17T11:57:45.000Z</time>
      </trkpt>
      <trkpt lat="40.07700071230418" lon="116.33729476068426">
        <ele>44.8</ele>
        <time>2026-08-17T11:57:46.000Z</time>
      </trkpt>
      <trkpt lat="40.07699882374763" lon="116.337259480507">
        <ele>44.8</ele>
        <time>2026-08-17T11:57:47.000Z</time>
      </trkpt>
      <trkpt lat="40.07699507332005" lon="116.33722437491413">
        <ele>44.8</ele>
        <time>2026-08-17T11:57:48.000Z</time>
      </trkpt>
      <trkpt lat="40.07698938069799" lon="116.3371897793337">
        <ele>44.8</ele>
        <time>2026-08-17T11:57:49.000Z</time>
      </trkpt>
      <trkpt lat="40.076981980760486" lon="116.33715595098406">
        <ele>44.8</ele>
        <time>2026-08-17T11:57:50.000Z</time>
      </trkpt>
      <trkpt lat="40.07697280033902" lon="116.33712315899989">
        <ele>44.8</ele>
        <time>2026-08-17T11:57:51.000Z</time>
      </trkpt>
      <trkpt lat="40.07696152976208" lon="116.3370918045645">
        <ele>44.9</ele>
        <time>2026-08-17T11:57:52.000Z</time>
      </trkpt>
      <trkpt lat="40.076947942178535" lon="116.33706222440416">
        <ele>44.9</ele>
        <time>2026-08-17T11:57:53.000Z</time>
      </trkpt>
      <trkpt lat="40.0769322367295" lon="116.33703448145603">
        <ele>44.9</ele>
        <time>2026-08-17T11:57:54.000Z</time>
      </trkpt>
      <trkpt lat="40.07691477403472" lon="116.337008454075">
        <ele>44.9</ele>
        <time>2026-08-17T11:57:55.000Z</time>
      </trkpt>
      <trkpt lat="40.07689565581651" lon="116.33698413610647">
        <ele>44.9</ele>
        <time>2026-08-17T11:57:56.000Z</time>
      </trkpt>
      <trkpt lat="40.076874665204706" lon="116.33696193280326">
        <ele>44.9</ele>
        <time>2026-08-17T11:57:57.000Z</time>
      </trkpt>
      <trkpt lat="40.076851534336434" lon="116.33694222921986">
        <ele>44.9</ele>
        <time>2026-08-17T11:57:58.000Z</time>
      </trkpt>
      <trkpt lat="40.07682650348336" lon="116.33692486045778">
        <ele>44.9</ele>
        <time>2026-08-17T11:57:59.000Z</time>
      </trkpt>
      <trkpt lat="40.07680015236065" lon="116.33690954571281">
        <ele>44.9</ele>
        <time>2026-08-17T11:58:00.000Z</time>
      </trkpt>
      <trkpt lat="40.076772909109586" lon="116.33689630222692">
        <ele>44.9</ele>
        <time>2026-08-17T11:58:01.000Z</time>
      </trkpt>
      <trkpt lat="40.07674497978504" lon="116.3368853804972">
        <ele>44.9</ele>
        <time>2026-08-17T11:58:02.000Z</time>
      </trkpt>
      <trkpt lat="40.07671641731389" lon="116.33687702738521">
        <ele>44.9</ele>
        <time>2026-08-17T11:58:03.000Z</time>
      </trkpt>
      <trkpt lat="40.07668726122625" lon="116.33687127993296">
        <ele>44.9</ele>
        <time>2026-08-17T11:58:04.000Z</time>
      </trkpt>
      <trkpt lat="40.07665771808899" lon="116.33686776776692">
        <ele>44.9</ele>
        <time>2026-08-17T11:58:05.000Z</time>
      </trkpt>
      <trkpt lat="40.0766280796286" lon="116.33686603512845">
        <ele>44.9</ele>
        <time>2026-08-17T11:58:06.000Z</time>
      </trkpt>
      <trkpt lat="40.07659856996253" lon="116.33686611267292">
        <ele>44.9</ele>
        <time>2026-08-17T11:58:07.000Z</time>
      </trkpt>
      <trkpt lat="40.07656921211097" lon="116.33686819955365">
        <ele>44.9</ele>
        <time>2026-08-17T11:58:08.000Z</time>
      </trkpt>
      <trkpt lat="40.076539919721284" lon="116.33687207083807">
        <ele>44.9</ele>
        <time>2026-08-17T11:58:09.000Z</time>
      </trkpt>
      <trkpt lat="40.07651068136949" lon="116.33687717708584">
        <ele>44.9</ele>
        <time>2026-08-17T11:58:10.000Z</time>
      </trkpt>
      <trkpt lat="40.076481504285724" lon="116.33688298453724">
        <ele>44.9</ele>
        <time>2026-08-17T11:58:11.000Z</time>
      </trkpt>
      <trkpt lat="40.076452373705635" lon="116.33688907816354">
        <ele>44.9</ele>
        <time>2026-08-17T11:58:12.000Z</time>
      </trkpt>
      <trkpt lat="40.07642323628187" lon="116.33689469213338">
        <ele>44.9</ele>
        <time>2026-08-17T11:58:13.000Z</time>
      </trkpt>
      <trkpt lat="40.07639399330617" lon="116.33689876132236">
        <ele>44.9</ele>
        <time>2026-08-17T11:58:14.000Z</time>
      </trkpt>
      <trkpt lat="40.07636461263333" lon="116.33690072749435">
        <ele>44.8</ele>
        <time>2026-08-17T11:58:15.000Z</time>
      </trkpt>
      <trkpt lat="40.076335218103544" lon="116.33690080366362">
        <ele>44.8</ele>
        <time>2026-08-17T11:58:16.000Z</time>
      </trkpt>
      <trkpt lat="40.07630600541392" lon="116.3368996436898">
        <ele>44.8</ele>
        <time>2026-08-17T11:58:17.000Z</time>
      </trkpt>
      <trkpt lat="40.07627707070509" lon="116.33689785740651">
        <ele>44.8</ele>
        <time>2026-08-17T11:58:18.000Z</time>
      </trkpt>
      <trkpt lat="40.07624838149099" lon="116.33689589066167">
        <ele>44.8</ele>
        <time>2026-08-17T11:58:19.000Z</time>
      </trkpt>
      <trkpt lat="40.07621985979385" lon="116.33689418699035">
        <ele>44.8</ele>
        <time>2026-08-17T11:58:20.000Z</time>
      </trkpt>
      <trkpt lat="40.07619139069437" lon="116.33689328498528">
        <ele>44.8</ele>
        <time>2026-08-17T11:58:21.000Z</time>
      </trkpt>
      <trkpt lat="40.07616293028794" lon="116.33689352815087">
        <ele>44.8</ele>
        <time>2026-08-17T11:58:22.000Z</time>
      </trkpt>
      <trkpt lat="40.07613445696852" lon="116.33689468889784">
        <ele>44.8</ele>
        <time>2026-08-17T11:58:23.000Z</time>
      </trkpt>
      <trkpt lat="40.07610596009777" lon="116.33689609212955">
        <ele>44.8</ele>
        <time>2026-08-17T11:58:24.000Z</time>
      </trkpt>
      <trkpt lat="40.07607749505853" lon="116.336897085969">
        <ele>44.8</ele>
        <time>2026-08-17T11:58:25.000Z</time>
      </trkpt>
      <trkpt lat="40.07604914599118" lon="116.3368975401484">
        <ele>44.8</ele>
        <time>2026-08-17T11:58:26.000Z</time>
      </trkpt>
      <trkpt lat="40.076020983650615" lon="116.33689788329885">
        <ele>44.8</ele>
        <time>2026-08-17T11:58:27.000Z</time>
      </trkpt>
      <trkpt lat="40.07599300012629" lon="116.33689834991563">
        <ele>44.8</ele>
        <time>2026-08-17T11:58:28.000Z</time>
      </trkpt>
      <trkpt lat="40.0759651790401" lon="116.33689857624879">
        <ele>44.8</ele>
        <time>2026-08-17T11:58:29.000Z</time>
      </trkpt>
      <trkpt lat="40.075937575702596" lon="116.33689811520416">
        <ele>44.8</ele>
        <time>2026-08-17T11:58:30.000Z</time>
      </trkpt>
      <trkpt lat="40.07591023641888" lon="116.33689690680586">
        <ele>44.8</ele>
        <time>2026-08-17T11:58:31.000Z</time>
      </trkpt>
      <trkpt lat="40.07588314515013" lon="116.33689518582796">
        <ele>44.8</ele>
        <time>2026-08-17T11:58:32.000Z</time>
      </trkpt>
      <trkpt lat="40.07585625771493" lon="116.33689323651711">
        <ele>44.8</ele>
        <time>2026-08-17T11:58:33.000Z</time>
      </trkpt>
      <trkpt lat="40.0758295750197" lon="116.33689156717195">
        <ele>44.8</ele>
        <time>2026-08-17T11:58:34.000Z</time>
      </trkpt>
      <trkpt lat="40.07580317400169" lon="116.3368908206363">
        <ele>44.8</ele>
        <time>2026-08-17T11:58:35.000Z</time>
      </trkpt>
      <trkpt lat="40.07577719000785" lon="116.3368916706977">
        <ele>44.8</ele>
        <time>2026-08-17T11:58:36.000Z</time>
      </trkpt>
      <trkpt lat="40.0757517709422" lon="116.33689458955685">
        <ele>44.8</ele>
        <time>2026-08-17T11:58:37.000Z</time>
      </trkpt>
      <trkpt lat="40.075727036079535" lon="116.33689977266832">
        <ele>44.8</ele>
        <time>2026-08-17T11:58:38.000Z</time>
      </trkpt>
      <trkpt lat="40.075703135953674" lon="116.33690759592216">
        <ele>44.8</ele>
        <time>2026-08-17T11:58:39.000Z</time>
      </trkpt>
      <trkpt lat="40.07568019073394" lon="116.33691847235401">
        <ele>44.8</ele>
        <time>2026-08-17T11:58:40.000Z</time>
      </trkpt>
      <trkpt lat="40.075658094862156" lon="116.33693223980539">
        <ele>44.8</ele>
        <time>2026-08-17T11:58:41.000Z</time>
      </trkpt>
      <trkpt lat="40.07563656196606" lon="116.33694810787854">
        <ele>44.8</ele>
        <time>2026-08-17T11:58:42.000Z</time>
      </trkpt>
      <trkpt lat="40.07561543173968" lon="116.33696545313586">
        <ele>44.8</ele>
        <time>2026-08-17T11:58:43.000Z</time>
      </trkpt>
      <trkpt lat="40.07559488909522" lon="116.33698433025536">
        <ele>44.8</ele>
        <time>2026-08-17T11:58:44.000Z</time>
      </trkpt>
      <trkpt lat="40.07557538870859" lon="116.3370053472652">
        <ele>44.8</ele>
        <time>2026-08-17T11:58:45.000Z</time>
      </trkpt>
      <trkpt lat="40.07555739664283" lon="116.33702917621603">
        <ele>44.8</ele>
        <time>2026-08-17T11:58:46.000Z</time>
      </trkpt>
      <trkpt lat="40.075540985503324" lon="116.3370557125005">
        <ele>44.8</ele>
        <time>2026-08-17T11:58:47.000Z</time>
      </trkpt>
      <trkpt lat="40.07552594626187" lon="116.33708415570325">
        <ele>44.8</ele>
        <time>2026-08-17T11:58:48.000Z</time>
      </trkpt>
      <trkpt lat="40.07551232941853" lon="116.33711411579495">
        <ele>44.8</ele>
        <time>2026-08-17T11:58:49.000Z</time>
      </trkpt>
      <trkpt lat="40.07550037547768" lon="116.33714575451177">
        <ele>44.8</ele>
        <time>2026-08-17T11:58:50.000Z</time>
      </trkpt>
      <trkpt lat="40.075490226288395" lon="116.33717918990436">
        <ele>44.9</ele>
        <time>2026-08-17T11:58:51.000Z</time>
      </trkpt>
      <trkpt lat="40.07548205665982" lon="116.33721431754387">
        <ele>44.9</ele>
        <time>2026-08-17T11:58:52.000Z</time>
      </trkpt>
      <trkpt lat="40.07547592966211" lon="116.33725077688975">
        <ele>44.9</ele>
        <time>2026-08-17T11:58:53.000Z</time>
      </trkpt>
      <trkpt lat="40.07547179597658" lon="116.33728800527768">
        <ele>44.9</ele>
        <time>2026-08-17T11:58:54.000Z</time>
      </trkpt>
      <trkpt lat="40.075469718958146" lon="116.33732548029602">
        <ele>44.9</ele>
        <time>2026-08-17T11:58:55.000Z</time>
      </trkpt>
      <trkpt lat="40.07546967833153" lon="116.33736294568155">
        <ele>44.9</ele>
        <time>2026-08-17T11:58:56.000Z</time>
      </trkpt>
      <trkpt lat="40.07547131922236" lon="116.33740034231569">
        <ele>44.9</ele>
        <time>2026-08-17T11:58:57.000Z</time>
      </trkpt>
      <trkpt lat="40.075474011732275" lon="116.33743763343455">
        <ele>44.9</ele>
        <time>2026-08-17T11:58:58.000Z</time>
      </trkpt>
      <trkpt lat="40.07547734343157" lon="116.33747485981235">
        <ele>44.9</ele>
        <time>2026-08-17T11:58:59.000Z</time>
      </trkpt>
      <trkpt lat="40.075481329058086" lon="116.33751207432796">
        <ele>44.9</ele>
        <time>2026-08-17T11:59:00.000Z</time>
      </trkpt>
      <trkpt lat="40.0754862446277" lon="116.33754908715773">
        <ele>44.9</ele>
        <time>2026-08-17T11:59:01.000Z</time>
      </trkpt>
      <trkpt lat="40.07549265818741" lon="116.33758548710003">
        <ele>44.9</ele>
        <time>2026-08-17T11:59:02.000Z</time>
      </trkpt>
      <trkpt lat="40.07550134572853" lon="116.33762076837274">
        <ele>44.9</ele>
        <time>2026-08-17T11:59:03.000Z</time>
      </trkpt>
      <trkpt lat="40.0755128435571" lon="116.33765448984033">
        <ele>44.9</ele>
        <time>2026-08-17T11:59:04.000Z</time>
      </trkpt>
      <trkpt lat="40.07552715640394" lon="116.33768639984292">
        <ele>44.9</ele>
        <time>2026-08-17T11:59:05.000Z</time>
      </trkpt>
      <trkpt lat="40.07554392333374" lon="116.3377163990736">
        <ele>44.9</ele>
        <time>2026-08-17T11:59:06.000Z</time>
      </trkpt>
      <trkpt lat="40.075562672956835" lon="116.33774453590222">
        <ele>44.9</ele>
        <time>2026-08-17T11:59:07.000Z</time>
      </trkpt>
      <trkpt lat="40.075582854482974" lon="116.33777091027183">
        <ele>44.9</ele>
        <time>2026-08-17T11:59:08.000Z</time>
      </trkpt>
      <trkpt lat="40.07560403297993" lon="116.33779544585481">
        <ele>44.9</ele>
        <time>2026-08-17T11:59:09.000Z</time>
      </trkpt>
      <trkpt lat="40.07562616089514" lon="116.33781788657232">
        <ele>44.9</ele>
        <time>2026-08-17T11:59:10.000Z</time>
      </trkpt>
      <trkpt lat="40.07564930886255" lon="116.33783804705591">
        <ele>44.9</ele>
        <time>2026-08-17T11:59:11.000Z</time>
      </trkpt>
      <trkpt lat="40.07567343388207" lon="116.33785584727494">
        <ele>44.9</ele>
        <time>2026-08-17T11:59:12.000Z</time>
      </trkpt>
      <trkpt lat="40.07569833826205" lon="116.33787116225253">
        <ele>44.9</ele>
        <time>2026-08-17T11:59:13.000Z</time>
      </trkpt>
      <trkpt lat="40.07572390169114" lon="116.33788382535421">
        <ele>44.9</ele>
        <time>2026-08-17T11:59:14.000Z</time>
      </trkpt>
      <trkpt lat="40.07575014925446" lon="116.33789386903067">
        <ele>44.8</ele>
        <time>2026-08-17T11:59:15.000Z</time>
      </trkpt>
      <trkpt lat="40.07577699419665" lon="116.33790133005787">
        <ele>44.8</ele>
        <time>2026-08-17T11:59:16.000Z</time>
      </trkpt>
      <trkpt lat="40.07580427788049" lon="116.33790605187887">
        <ele>44.8</ele>
        <time>2026-08-17T11:59:17.000Z</time>
      </trkpt>
      <trkpt lat="40.075831715517474" lon="116.33790800256845">
        <ele>44.8</ele>
        <time>2026-08-17T11:59:17.999Z</time>
      </trkpt>
      <trkpt lat="40.07585901052809" lon="116.3379076261352">
        <ele>44.8</ele>
        <time>2026-08-17T11:59:18.999Z</time>
      </trkpt>
      <trkpt lat="40.075886078720885" lon="116.3379058541702">
        <ele>44.8</ele>
        <time>2026-08-17T11:59:19.999Z</time>
      </trkpt>
      <trkpt lat="40.075912991215645" lon="116.33790347145516">
        <ele>44.8</ele>
        <time>2026-08-17T11:59:20.999Z</time>
      </trkpt>
      <trkpt lat="40.07593978787679" lon="116.33790091237425">
        <ele>44.8</ele>
        <time>2026-08-17T11:59:21.999Z</time>
      </trkpt>
      <trkpt lat="40.075966372924036" lon="116.33789847451195">
        <ele>44.8</ele>
        <time>2026-08-17T11:59:22.999Z</time>
      </trkpt>
      <trkpt lat="40.07599263736897" lon="116.3378961467503">
        <ele>44.8</ele>
        <time>2026-08-17T11:59:23.999Z</time>
      </trkpt>
      <trkpt lat="40.07601862410244" lon="116.33789362787076">
        <ele>44.8</ele>
        <time>2026-08-17T11:59:24.999Z</time>
      </trkpt>
      <trkpt lat="40.07604435863683" lon="116.33789079161812">
        <ele>44.8</ele>
        <time>2026-08-17T11:59:25.999Z</time>
      </trkpt>
      <trkpt lat="40.07606987719013" lon="116.33788776136073">
        <ele>44.8</ele>
        <time>2026-08-17T11:59:26.999Z</time>
      </trkpt>
      <trkpt lat="40.07609536327498" lon="116.33788464110339">
        <ele>44.8</ele>
        <time>2026-08-17T11:59:27.999Z</time>
      </trkpt>
      <trkpt lat="40.07612091313028" lon="116.33788155475823">
        <ele>44.8</ele>
        <time>2026-08-17T11:59:28.999Z</time>
      </trkpt>
      <trkpt lat="40.07614651199924" lon="116.33787863591486">
        <ele>44.8</ele>
        <time>2026-08-17T11:59:29.999Z</time>
      </trkpt>
      <trkpt lat="40.07617215928794" lon="116.33787604920556">
        <ele>44.7</ele>
        <time>2026-08-17T11:59:30.999Z</time>
      </trkpt>
      <trkpt lat="40.07619780656051" lon="116.33787393346135">
        <ele>44.7</ele>
        <time>2026-08-17T11:59:31.999Z</time>
      </trkpt>
      <trkpt lat="40.07622334163019" lon="116.33787205686409">
        <ele>44.7</ele>
        <time>2026-08-17T11:59:32.999Z</time>
      </trkpt>
      <trkpt lat="40.07624871344278" lon="116.3378702383392">
        <ele>44.7</ele>
        <time>2026-08-17T11:59:33.999Z</time>
      </trkpt>
      <trkpt lat="40.07627391963716" lon="116.33786864896771">
        <ele>44.7</ele>
        <time>2026-08-17T11:59:34.999Z</time>
      </trkpt>
      <trkpt lat="40.076298964917825" lon="116.3378674999919">
        <ele>44.7</ele>
        <time>2026-08-17T11:59:35.999Z</time>
      </trkpt>
      <trkpt lat="40.07632385405381" lon="116.33786694032541">
        <ele>44.7</ele>
        <time>2026-08-17T11:59:36.999Z</time>
      </trkpt>
      <trkpt lat="40.07634855398858" lon="116.33786687770917">
        <ele>44.7</ele>
        <time>2026-08-17T11:59:37.999Z</time>
      </trkpt>
      <trkpt lat="40.076373072922024" lon="116.33786672568449">
        <ele>44.7</ele>
        <time>2026-08-17T11:59:38.999Z</time>
      </trkpt>
      <trkpt lat="40.07639758617637" lon="116.33786590419696">
        <ele>44.7</ele>
        <time>2026-08-17T11:59:39.999Z</time>
      </trkpt>
      <trkpt lat="40.07642225303558" lon="116.33786449896057">
        <ele>44.7</ele>
        <time>2026-08-17T11:59:40.999Z</time>
      </trkpt>
      <trkpt lat="40.07644723724141" lon="116.33786272149233">
        <ele>44.7</ele>
        <time>2026-08-17T11:59:42.000Z</time>
      </trkpt>
      <trkpt lat="40.07647260688979" lon="116.33786052695372">
        <ele>44.7</ele>
        <time>2026-08-17T11:59:43.000Z</time>
      </trkpt>
      <trkpt lat="40.07649829092771" lon="116.33785804911467">
        <ele>44.7</ele>
        <time>2026-08-17T11:59:44.000Z</time>
      </trkpt>
      <trkpt lat="40.07652412457772" lon="116.33785578783366">
        <ele>44.7</ele>
        <time>2026-08-17T11:59:45.000Z</time>
      </trkpt>
      <trkpt lat="40.076550032953214" lon="116.33785413324453">
        <ele>44.7</ele>
        <time>2026-08-17T11:59:46.000Z</time>
      </trkpt>
      <trkpt lat="40.076575997722095" lon="116.337853134874">
        <ele>44.7</ele>
        <time>2026-08-17T11:59:47.000Z</time>
      </trkpt>
      <trkpt lat="40.07660205200367" lon="116.33785247855131">
        <ele>44.7</ele>
        <time>2026-08-17T11:59:48.000Z</time>
      </trkpt>
      <trkpt lat="40.07662817024515" lon="116.33785157505334">
        <ele>44.7</ele>
        <time>2026-08-17T11:59:49.000Z</time>
      </trkpt>
      <trkpt lat="40.07665424845722" lon="116.33785012728097">
        <ele>44.7</ele>
        <time>2026-08-17T11:59:50.000Z</time>
      </trkpt>
      <trkpt lat="40.076680173922334" lon="116.33784815175353">
        <ele>44.7</ele>
        <time>2026-08-17T11:59:51.000Z</time>
      </trkpt>
      <trkpt lat="40.0767058651462" lon="116.33784564015716">
        <ele>44.7</ele>
        <time>2026-08-17T11:59:52.000Z</time>
      </trkpt>
      <trkpt lat="40.0767313129862" lon="116.33784248089127">
        <ele>44.7</ele>
        <time>2026-08-17T11:59:53.000Z</time>
      </trkpt>
      <trkpt lat="40.076756516993385" lon="116.33783842376765">
        <ele>44.7</ele>
        <time>2026-08-17T11:59:54.000Z</time>
      </trkpt>
      <trkpt lat="40.07678152833504" lon="116.33783309939506">
        <ele>44.7</ele>
        <time>2026-08-17T11:59:55.000Z</time>
      </trkpt>
      <trkpt lat="40.07680628081535" lon="116.33782593324636">
        <ele>44.7</ele>
        <time>2026-08-17T11:59:56.000Z</time>
      </trkpt>
      <trkpt lat="40.07683026310211" lon="116.33781580183519">
        <ele>44.7</ele>
        <time>2026-08-17T11:59:57.000Z</time>
      </trkpt>
      <trkpt lat="40.07685282363476" lon="116.33780137654665">
        <ele>44.7</ele>
        <time>2026-08-17T11:59:58.000Z</time>
      </trkpt>
      <trkpt lat="40.07687353969014" lon="116.33778171041807">
        <ele>44.7</ele>
        <time>2026-08-17T11:59:59.000Z</time>
      </trkpt>
      <trkpt lat="40.07689216870824" lon="116.33775667075942">
        <ele>44.7</ele>
        <time>2026-08-17T12:00:00.000Z</time>
      </trkpt>
      <trkpt lat="40.07690876227806" lon="116.33772733262921">
        <ele>44.7</ele>
        <time>2026-08-17T12:00:01.000Z</time>
      </trkpt>
      <trkpt lat="40.07692373977753" lon="116.33769528326606">
        <ele>44.7</ele>
        <time>2026-08-17T12:00:02.000Z</time>
      </trkpt>
      <trkpt lat="40.07693747196095" lon="116.33766174705129">
        <ele>44.7</ele>
        <time>2026-08-17T12:00:03.000Z</time>
      </trkpt>
      <trkpt lat="40.076950103191066" lon="116.33762740224151">
        <ele>44.7</ele>
        <time>2026-08-17T12:00:04.000Z</time>
      </trkpt>
      <trkpt lat="40.07696174145376" lon="116.33759260554052">
        <ele>44.7</ele>
        <time>2026-08-17T12:00:05.000Z</time>
      </trkpt>
      <trkpt lat="40.07697246326001" lon="116.33755756204819">
        <ele>44.7</ele>
        <time>2026-08-17T12:00:06.000Z</time>
      </trkpt>
      <trkpt lat="40.07698227259645" lon="116.33752241689821">
        <ele>44.7</ele>
        <time>2026-08-17T12:00:07.000Z</time>
      </trkpt>
      <trkpt lat="40.07699069915514" lon="116.33748715201645">
        <ele>44.7</ele>
        <time>2026-08-17T12:00:08.000Z</time>
      </trkpt>
      <trkpt lat="40.076997160019175" lon="116.33745153904452">
        <ele>44.7</ele>
        <time>2026-08-17T12:00:09.000Z</time>
      </trkpt>
      <trkpt lat="40.07700162555341" lon="116.3374154530076">
        <ele>44.7</ele>
        <time>2026-08-17T12:00:10.000Z</time>
      </trkpt>
      <trkpt lat="40.07700433068374" lon="116.33737898256356">
        <ele>44.7</ele>
        <time>2026-08-17T12:00:11.000Z</time>
      </trkpt>
      <trkpt lat="40.077005351077716" lon="116.33734226805838">
        <ele>44.7</ele>
        <time>2026-08-17T12:00:12.000Z</time>
      </trkpt>
      <trkpt lat="40.077004828906624" lon="116.33730545802975">
        <ele>44.7</ele>
        <time>2026-08-17T12:00:13.000Z</time>
      </trkpt>
      <trkpt lat="40.07700269978145" lon="116.33726865380332">
        <ele>44.7</ele>
        <time>2026-08-17T12:00:14.000Z</time>
      </trkpt>
      <trkpt lat="40.076998741897185" lon="116.33723201202999">
        <ele>44.7</ele>
        <time>2026-08-17T12:00:15.000Z</time>
      </trkpt>
      <trkpt lat="40.076993156755" lon="116.33719588200385">
        <ele>44.7</ele>
        <time>2026-08-17T12:00:16.000Z</time>
      </trkpt>
      <trkpt lat="40.076986342339" lon="116.33716060417416">
        <ele>44.7</ele>
        <time>2026-08-17T12:00:17.000Z</time>
      </trkpt>
      <trkpt lat="40.07697853159134" lon="116.3371264390695">
        <ele>44.7</ele>
        <time>2026-08-17T12:00:18.000Z</time>
      </trkpt>
      <trkpt lat="40.076969280834135" lon="116.33709386962893">
        <ele>44.7</ele>
        <time>2026-08-17T12:00:19.000Z</time>
      </trkpt>
      <trkpt lat="40.07695750847816" lon="116.337063618437">
        <ele>44.7</ele>
        <time>2026-08-17T12:00:20.000Z</time>
      </trkpt>
      <trkpt lat="40.07694256594982" lon="116.33703598725043">
        <ele>44.7</ele>
        <time>2026-08-17T12:00:21.000Z</time>
      </trkpt>
      <trkpt lat="40.076924905570486" lon="116.3370105841536">
        <ele>44.7</ele>
        <time>2026-08-17T12:00:22.000Z</time>
      </trkpt>
      <trkpt lat="40.07690544098648" lon="116.33698680927395">
        <ele>44.7</ele>
        <time>2026-08-17T12:00:23.000Z</time>
      </trkpt>
      <trkpt lat="40.07688464414173" lon="116.3369645239305">
        <ele>44.7</ele>
        <time>2026-08-17T12:00:24.000Z</time>
      </trkpt>
      <trkpt lat="40.07686260814591" lon="116.33694399640886">
        <ele>44.7</ele>
        <time>2026-08-17T12:00:25.000Z</time>
      </trkpt>
      <trkpt lat="40.07683946784474" lon="116.33692565897933">
        <ele>44.7</ele>
        <time>2026-08-17T12:00:26.000Z</time>
      </trkpt>
      <trkpt lat="40.0768153029116" lon="116.33690988523692">
        <ele>44.7</ele>
        <time>2026-08-17T12:00:27.000Z</time>
      </trkpt>
      <trkpt lat="40.0767900587006" lon="116.33689672973337">
        <ele>44.7</ele>
        <time>2026-08-17T12:00:28.000Z</time>
      </trkpt>
      <trkpt lat="40.076763721366476" lon="116.3368859602574">
        <ele>44.7</ele>
        <time>2026-08-17T12:00:29.000Z</time>
      </trkpt>
      <trkpt lat="40.07673645385363" lon="116.33687725120096">
        <ele>44.7</ele>
        <time>2026-08-17T12:00:30.000Z</time>
      </trkpt>
      <trkpt lat="40.07670858860569" lon="116.33687047442422">
        <ele>44.7</ele>
        <time>2026-08-17T12:00:31.000Z</time>
      </trkpt>
      <trkpt lat="40.076680393562555" lon="116.33686581526278">
        <ele>44.7</ele>
        <time>2026-08-17T12:00:32.000Z</time>
      </trkpt>
      <trkpt lat="40.07665201256201" lon="116.33686329819741">
        <ele>44.7</ele>
        <time>2026-08-17T12:00:33.000Z</time>
      </trkpt>
      <trkpt lat="40.07662367673755" lon="116.33686248257597">
        <ele>44.7</ele>
        <time>2026-08-17T12:00:34.000Z</time>
      </trkpt>
      <trkpt lat="40.07659562778877" lon="116.33686285028313">
        <ele>44.7</ele>
        <time>2026-08-17T12:00:35.000Z</time>
      </trkpt>
      <trkpt lat="40.076567816675514" lon="116.33686423501125">
        <ele>44.7</ele>
        <time>2026-08-17T12:00:36.000Z</time>
      </trkpt>
      <trkpt lat="40.07653999280062" lon="116.33686670232936">
        <ele>44.7</ele>
        <time>2026-08-17T12:00:37.000Z</time>
      </trkpt>
      <trkpt lat="40.076511944399954" lon="116.33686994235143">
        <ele>44.7</ele>
        <time>2026-08-17T12:00:38.000Z</time>
      </trkpt>
      <trkpt lat="40.07648361819117" lon="116.33687371462997">
        <ele>44.7</ele>
        <time>2026-08-17T12:00:39.000Z</time>
      </trkpt>
      <trkpt lat="40.076455160429404" lon="116.3368782908869">
        <ele>44.7</ele>
        <time>2026-08-17T12:00:40.000Z</time>
      </trkpt>
      <trkpt lat="40.07642672938485" lon="116.3368838714898">
        <ele>44.8</ele>
        <time>2026-08-17T12:00:41.000Z</time>
      </trkpt>
      <trkpt lat="40.07639834808573" lon="116.33689004919344">
        <ele>44.8</ele>
        <time>2026-08-17T12:00:42.000Z</time>
      </trkpt>
      <trkpt lat="40.07637000403282" lon="116.33689601760328">
        <ele>44.8</ele>
        <time>2026-08-17T12:00:43.000Z</time>
      </trkpt>
      <trkpt lat="40.07634178534559" lon="116.33690131445864">
        <ele>44.8</ele>
        <time>2026-08-17T12:00:44.000Z</time>
      </trkpt>
      <trkpt lat="40.07631373769072" lon="116.33690577795417">
        <ele>44.8</ele>
        <time>2026-08-17T12:00:45.000Z</time>
      </trkpt>
      <trkpt lat="40.07628579154357" lon="116.33690915071013">
        <ele>44.8</ele>
        <time>2026-08-17T12:00:46.000Z</time>
      </trkpt>
      <trkpt lat="40.0762578440992" lon="116.33691148706731">
        <ele>44.8</ele>
        <time>2026-08-17T12:00:47.000Z</time>
      </trkpt>
      <trkpt lat="40.07622981486129" lon="116.33691334464669">
        <ele>44.7</ele>
        <time>2026-08-17T12:00:48.000Z</time>
      </trkpt>
      <trkpt lat="40.07620172070164" lon="116.33691520936317">
        <ele>44.7</ele>
        <time>2026-08-17T12:00:49.000Z</time>
      </trkpt>
      <trkpt lat="40.076173621020004" lon="116.33691690203959">
        <ele>44.7</ele>
        <time>2026-08-17T12:00:50.000Z</time>
      </trkpt>
      <trkpt lat="40.076145618513465" lon="116.33691807907545">
        <ele>44.7</ele>
        <time>2026-08-17T12:00:51.000Z</time>
      </trkpt>
      <trkpt lat="40.07611778268751" lon="116.3369190282176">
        <ele>44.7</ele>
        <time>2026-08-17T12:00:52.000Z</time>
      </trkpt>
      <trkpt lat="40.07609001700157" lon="116.33692025677223">
        <ele>44.7</ele>
        <time>2026-08-17T12:00:53.000Z</time>
      </trkpt>
      <trkpt lat="40.07606219864187" lon="116.33692194344677">
        <ele>44.7</ele>
        <time>2026-08-17T12:00:54.000Z</time>
      </trkpt>
      <trkpt lat="40.07603427314896" lon="116.33692392525413">
        <ele>44.7</ele>
        <time>2026-08-17T12:00:55.000Z</time>
      </trkpt>
      <trkpt lat="40.07600624462798" lon="116.33692589222525">
        <ele>44.7</ele>
        <time>2026-08-17T12:00:56.000Z</time>
      </trkpt>
      <trkpt lat="40.07597810422804" lon="116.33692761741615">
        <ele>44.7</ele>
        <time>2026-08-17T12:00:57.000Z</time>
      </trkpt>
      <trkpt lat="40.07594989908048" lon="116.33692906027308">
        <ele>44.7</ele>
        <time>2026-08-17T12:00:58.000Z</time>
      </trkpt>
      <trkpt lat="40.075921812579296" lon="116.33693045983601">
        <ele>44.7</ele>
        <time>2026-08-17T12:00:59.000Z</time>
      </trkpt>
      <trkpt lat="40.07589390657138" lon="116.33693216069864">
        <ele>44.7</ele>
        <time>2026-08-17T12:01:00.000Z</time>
      </trkpt>
      <trkpt lat="40.07586607105437" lon="116.33693433578269">
        <ele>44.7</ele>
        <time>2026-08-17T12:01:01.000Z</time>
      </trkpt>
      <trkpt lat="40.075838243243204" lon="116.33693726945651">
        <ele>44.7</ele>
        <time>2026-08-17T12:01:02.000Z</time>
      </trkpt>
      <trkpt lat="40.075810525797074" lon="116.33694130067198">
        <ele>44.7</ele>
        <time>2026-08-17T12:01:03.000Z</time>
      </trkpt>
      <trkpt lat="40.075783047084876" lon="116.33694669717039">
        <ele>44.7</ele>
        <time>2026-08-17T12:01:04.000Z</time>
      </trkpt>
      <trkpt lat="40.075755968641786" lon="116.33695379072485">
        <ele>44.7</ele>
        <time>2026-08-17T12:01:05.000Z</time>
      </trkpt>
      <trkpt lat="40.07572945421649" lon="116.33696286793617">
        <ele>44.7</ele>
        <time>2026-08-17T12:01:06.000Z</time>
      </trkpt>
      <trkpt lat="40.075703592083556" lon="116.33697414708573">
        <ele>44.8</ele>
        <time>2026-08-17T12:01:07.000Z</time>
      </trkpt>
      <trkpt lat="40.07567851016547" lon="116.33698780255963">
        <ele>44.8</ele>
        <time>2026-08-17T12:01:08.000Z</time>
      </trkpt>
      <trkpt lat="40.0756543687181" lon="116.3370038557205">
        <ele>44.8</ele>
        <time>2026-08-17T12:01:09.000Z</time>
      </trkpt>
      <trkpt lat="40.07563136712911" lon="116.33702228185507">
        <ele>44.9</ele>
        <time>2026-08-17T12:01:10.000Z</time>
      </trkpt>
      <trkpt lat="40.07560967782148" lon="116.33704296931643">
        <ele>45.0</ele>
        <time>2026-08-17T12:01:11.000Z</time>
      </trkpt>
      <trkpt lat="40.075589481148825" lon="116.33706574716722">
        <ele>45.0</ele>
        <time>2026-08-17T12:01:12.000Z</time>
      </trkpt>
      <trkpt lat="40.07557085190499" lon="116.33709050735352">
        <ele>45.1</ele>
        <time>2026-08-17T12:01:13.000Z</time>
      </trkpt>
      <trkpt lat="40.075553870176996" lon="116.33711731904104">
        <ele>45.2</ele>
        <time>2026-08-17T12:01:14.000Z</time>
      </trkpt>
      <trkpt lat="40.075538703977784" lon="116.33714631436425">
        <ele>45.3</ele>
        <time>2026-08-17T12:01:15.000Z</time>
      </trkpt>
      <trkpt lat="40.075525312462624" lon="116.33717725122463">
        <ele>45.3</ele>
        <time>2026-08-17T12:01:16.000Z</time>
      </trkpt>
      <trkpt lat="40.07551360826083" lon="116.3372097204986">
        <ele>45.4</ele>
        <time>2026-08-17T12:01:17.000Z</time>
        <extensions>
          <gpxtpx:TrackPointExtension>
            <gpxtpx:hr>173</gpxtpx:hr>
          </gpxtpx:TrackPointExtension>
        </extensions>
      </trkpt>
      <trkpt lat="40.07550387790318" lon="116.33724357413486">
        <ele>45.4</ele>
        <time>2026-08-17T12:01:18.000Z</time>
        <extensions>
          <gpxtpx:TrackPointExtension>
            <gpxtpx:hr>173</gpxtpx:hr>
          </gpxtpx:TrackPointExtension>
        </extensions>
      </trkpt>
      <trkpt lat="40.07549617311518" lon="116.3372786384498">
        <ele>45.5</ele>
        <time>2026-08-17T12:01:19.000Z</time>
        <extensions>
          <gpxtpx:TrackPointExtension>
            <gpxtpx:hr>173</gpxtpx:hr>
          </gpxtpx:TrackPointExtension>
        </extensions>
      </trkpt>
      <trkpt lat="40.07549026334684" lon="116.33731460464165">
        <ele>45.5</ele>
        <time>2026-08-17T12:01:20.000Z</time>
        <extensions>
          <gpxtpx:TrackPointExtension>
            <gpxtpx:hr>173</gpxtpx:hr>
          </gpxtpx:TrackPointExtension>
        </extensions>
      </trkpt>
      <trkpt lat="40.075485921020885" lon="116.33735107084273">
        <ele>45.5</ele>
        <time>2026-08-17T12:01:21.000Z</time>
        <extensions>
          <gpxtpx:TrackPointExtension>
            <gpxtpx:hr>173</gpxtpx:hr>
          </gpxtpx:TrackPointExtension>
        </extensions>
      </trkpt>
      <trkpt lat="40.07548306968859" lon="116.33738783051396">
        <ele>45.6</ele>
        <time>2026-08-17T12:01:22.000Z</time>
        <extensions>
          <gpxtpx:TrackPointExtension>
            <gpxtpx:hr>173</gpxtpx:hr>
          </gpxtpx:TrackPointExtension>
        </extensions>
      </trkpt>
      <trkpt lat="40.07548157896052" lon="116.337424806388">
        <ele>45.6</ele>
        <time>2026-08-17T12:01:23.000Z</time>
        <extensions>
          <gpxtpx:TrackPointExtension>
            <gpxtpx:hr>173</gpxtpx:hr>
          </gpxtpx:TrackPointExtension>
        </extensions>
      </trkpt>
      <trkpt lat="40.075481465096594" lon="116.33746176741656">
        <ele>45.6</ele>
        <time>2026-08-17T12:01:24.000Z</time>
        <extensions>
          <gpxtpx:TrackPointExtension>
            <gpxtpx:hr>173</gpxtpx:hr>
          </gpxtpx:TrackPointExtension>
        </extensions>
      </trkpt>
      <trkpt lat="40.075482955625496" lon="116.33749840343242">
        <ele>45.6</ele>
        <time>2026-08-17T12:01:25.000Z</time>
        <extensions>
          <gpxtpx:TrackPointExtension>
            <gpxtpx:hr>173</gpxtpx:hr>
          </gpxtpx:TrackPointExtension>
        </extensions>
      </trkpt>
      <trkpt lat="40.075486415818055" lon="116.33753448971764">
        <ele>45.6</ele>
        <time>2026-08-17T12:01:25.999Z</time>
        <extensions>
          <gpxtpx:TrackPointExtension>
            <gpxtpx:hr>173</gpxtpx:hr>
          </gpxtpx:TrackPointExtension>
        </extensions>
      </trkpt>
      <trkpt lat="40.07549230062279" lon="116.33756978587262">
        <ele>45.6</ele>
        <time>2026-08-17T12:01:26.999Z</time>
        <extensions>
          <gpxtpx:TrackPointExtension>
            <gpxtpx:hr>173</gpxtpx:hr>
          </gpxtpx:TrackPointExtension>
        </extensions>
      </trkpt>
      <trkpt lat="40.075501000904666" lon="116.33760397673346">
        <ele>45.6</ele>
        <time>2026-08-17T12:01:27.999Z</time>
        <extensions>
          <gpxtpx:TrackPointExtension>
            <gpxtpx:hr>173</gpxtpx:hr>
          </gpxtpx:TrackPointExtension>
        </extensions>
      </trkpt>
      <trkpt lat="40.0755126264364" lon="116.33763677293085">
        <ele>45.6</ele>
        <time>2026-08-17T12:01:28.999Z</time>
        <extensions>
          <gpxtpx:TrackPointExtension>
            <gpxtpx:hr>173</gpxtpx:hr>
          </gpxtpx:TrackPointExtension>
        </extensions>
      </trkpt>
      <trkpt lat="40.075527028191395" lon="116.33766782216318">
        <ele>45.5</ele>
        <time>2026-08-17T12:01:29.999Z</time>
        <extensions>
          <gpxtpx:TrackPointExtension>
            <gpxtpx:hr>173</gpxtpx:hr>
          </gpxtpx:TrackPointExtension>
        </extensions>
      </trkpt>
      <trkpt lat="40.075543973784725" lon="116.33769688306629">
        <ele>45.5</ele>
        <time>2026-08-17T12:01:30.999Z</time>
        <extensions>
          <gpxtpx:TrackPointExtension>
            <gpxtpx:hr>173</gpxtpx:hr>
          </gpxtpx:TrackPointExtension>
        </extensions>
      </trkpt>
      <trkpt lat="40.07556305071802" lon="116.33772387103413">
        <ele>45.5</ele>
        <time>2026-08-17T12:01:31.999Z</time>
        <extensions>
          <gpxtpx:TrackPointExtension>
            <gpxtpx:hr>173</gpxtpx:hr>
          </gpxtpx:TrackPointExtension>
        </extensions>
      </trkpt>
      <trkpt lat="40.07558360230366" lon="116.33774893483233">
        <ele>45.4</ele>
        <time>2026-08-17T12:01:32.999Z</time>
        <extensions>
          <gpxtpx:TrackPointExtension>
            <gpxtpx:hr>173</gpxtpx:hr>
          </gpxtpx:TrackPointExtension>
        </extensions>
      </trkpt>
      <trkpt lat="40.075605088301444" lon="116.33777233695609">
        <ele>45.4</ele>
        <time>2026-08-17T12:01:33.999Z</time>
        <extensions>
          <gpxtpx:TrackPointExtension>
            <gpxtpx:hr>173</gpxtpx:hr>
          </gpxtpx:TrackPointExtension>
        </extensions>
      </trkpt>
      <trkpt lat="40.07562735202984" lon="116.33779413017746">
        <ele>45.4</ele>
        <time>2026-08-17T12:01:34.999Z</time>
        <extensions>
          <gpxtpx:TrackPointExtension>
            <gpxtpx:hr>173</gpxtpx:hr>
          </gpxtpx:TrackPointExtension>
        </extensions>
      </trkpt>
      <trkpt lat="40.07565049424633" lon="116.33781409513978">
        <ele>45.3</ele>
        <time>2026-08-17T12:01:35.999Z</time>
        <extensions>
          <gpxtpx:TrackPointExtension>
            <gpxtpx:hr>173</gpxtpx:hr>
          </gpxtpx:TrackPointExtension>
        </extensions>
      </trkpt>
      <trkpt lat="40.07567467624628" lon="116.33783171674564">
        <ele>45.3</ele>
        <time>2026-08-17T12:01:36.999Z</time>
        <extensions>
          <gpxtpx:TrackPointExtension>
            <gpxtpx:hr>173</gpxtpx:hr>
          </gpxtpx:TrackPointExtension>
        </extensions>
      </trkpt>
      <trkpt lat="40.07569992097241" lon="116.3378467492829">
        <ele>45.3</ele>
        <time>2026-08-17T12:01:37.999Z</time>
        <extensions>
          <gpxtpx:TrackPointExtension>
            <gpxtpx:hr>173</gpxtpx:hr>
          </gpxtpx:TrackPointExtension>
        </extensions>
      </trkpt>
      <trkpt lat="40.075726044321705" lon="116.33785940960708">
        <ele>45.2</ele>
        <time>2026-08-17T12:01:38.999Z</time>
        <extensions>
          <gpxtpx:TrackPointExtension>
            <gpxtpx:hr>173</gpxtpx:hr>
          </gpxtpx:TrackPointExtension>
        </extensions>
      </trkpt>
      <trkpt lat="40.075752799919265" lon="116.33786996402334">
        <ele>45.2</ele>
        <time>2026-08-17T12:01:39.999Z</time>
        <extensions>
          <gpxtpx:TrackPointExtension>
            <gpxtpx:hr>173</gpxtpx:hr>
          </gpxtpx:TrackPointExtension>
        </extensions>
      </trkpt>
      <trkpt lat="40.07578007809888" lon="116.33787851457873">
        <ele>45.1</ele>
        <time>2026-08-17T12:01:40.999Z</time>
        <extensions>
          <gpxtpx:TrackPointExtension>
            <gpxtpx:hr>173</gpxtpx:hr>
          </gpxtpx:TrackPointExtension>
        </extensions>
      </trkpt>
      <trkpt lat="40.07580785012924" lon="116.33788509884594">
        <ele>45.1</ele>
        <time>2026-08-17T12:01:41.999Z</time>
        <extensions>
          <gpxtpx:TrackPointExtension>
            <gpxtpx:hr>173</gpxtpx:hr>
          </gpxtpx:TrackPointExtension>
        </extensions>
      </trkpt>
      <trkpt lat="40.075835948441224" lon="116.33788943422155">
        <ele>45.0</ele>
        <time>2026-08-17T12:01:42.999Z</time>
        <extensions>
          <gpxtpx:TrackPointExtension>
            <gpxtpx:hr>173</gpxtpx:hr>
          </gpxtpx:TrackPointExtension>
        </extensions>
      </trkpt>
      <trkpt lat="40.07586412871714" lon="116.33789126272137">
        <ele>45.0</ele>
        <time>2026-08-17T12:01:43.999Z</time>
        <extensions>
          <gpxtpx:TrackPointExtension>
            <gpxtpx:hr>173</gpxtpx:hr>
          </gpxtpx:TrackPointExtension>
        </extensions>
      </trkpt>
      <trkpt lat="40.07589227708617" lon="116.33789081595098">
        <ele>45.0</ele>
        <time>2026-08-17T12:01:44.999Z</time>
        <extensions>
          <gpxtpx:TrackPointExtension>
            <gpxtpx:hr>173</gpxtpx:hr>
          </gpxtpx:TrackPointExtension>
        </extensions>
      </trkpt>
      <trkpt lat="40.075920429743626" lon="116.33788843325524">
        <ele>44.9</ele>
        <time>2026-08-17T12:01:45.999Z</time>
        <extensions>
          <gpxtpx:TrackPointExtension>
            <gpxtpx:hr>173</gpxtpx:hr>
          </gpxtpx:TrackPointExtension>
        </extensions>
      </trkpt>
      <trkpt lat="40.07594865065779" lon="116.33788484214162">
        <ele>44.9</ele>
        <time>2026-08-17T12:01:46.999Z</time>
      </trkpt>
      <trkpt lat="40.07597686464174" lon="116.33788136597008">
        <ele>44.8</ele>
        <time>2026-08-17T12:01:48.000Z</time>
      </trkpt>
      <trkpt lat="40.076004695280204" lon="116.33787909599441">
        <ele>44.8</ele>
        <time>2026-08-17T12:01:49.000Z</time>
      </trkpt>
      <trkpt lat="40.07603226744181" lon="116.33787769883182">
        <ele>44.8</ele>
        <time>2026-08-17T12:01:50.000Z</time>
      </trkpt>
      <trkpt lat="40.07605995097079" lon="116.337876064876">
        <ele>44.7</ele>
        <time>2026-08-17T12:01:51.000Z</time>
      </trkpt>
      <trkpt lat="40.07608778788327" lon="116.33787359013859">
        <ele>44.7</ele>
        <time>2026-08-17T12:01:52.000Z</time>
        <extensions>
          <gpxtpx:TrackPointExtension>
            <gpxtpx:hr>173</gpxtpx:hr>
          </gpxtpx:TrackPointExtension>
        </extensions>
      </trkpt>
      <trkpt lat="40.076115737000364" lon="116.3378702567323">
        <ele>44.7</ele>
        <time>2026-08-17T12:01:53.000Z</time>
        <extensions>
          <gpxtpx:TrackPointExtension>
            <gpxtpx:hr>173</gpxtpx:hr>
          </gpxtpx:TrackPointExtension>
        </extensions>
      </trkpt>
      <trkpt lat="40.0761438432835" lon="116.33786623093577">
        <ele>44.7</ele>
        <time>2026-08-17T12:01:54.000Z</time>
        <extensions>
          <gpxtpx:TrackPointExtension>
            <gpxtpx:hr>173</gpxtpx:hr>
          </gpxtpx:TrackPointExtension>
        </extensions>
      </trkpt>
      <trkpt lat="40.07617208434282" lon="116.3378616341272">
        <ele>44.6</ele>
        <time>2026-08-17T12:01:55.000Z</time>
        <extensions>
          <gpxtpx:TrackPointExtension>
            <gpxtpx:hr>173</gpxtpx:hr>
          </gpxtpx:TrackPointExtension>
        </extensions>
      </trkpt>
      <trkpt lat="40.07620036454506" lon="116.33785641791778">
        <ele>44.6</ele>
        <time>2026-08-17T12:01:56.000Z</time>
        <extensions>
          <gpxtpx:TrackPointExtension>
            <gpxtpx:hr>173</gpxtpx:hr>
          </gpxtpx:TrackPointExtension>
        </extensions>
      </trkpt>
      <trkpt lat="40.07622872855038" lon="116.33785056289173">
        <ele>44.6</ele>
        <time>2026-08-17T12:01:57.000Z</time>
        <extensions>
          <gpxtpx:TrackPointExtension>
            <gpxtpx:hr>173</gpxtpx:hr>
          </gpxtpx:TrackPointExtension>
        </extensions>
      </trkpt>
      <trkpt lat="40.07625730089738" lon="116.33784432090285">
        <ele>44.5</ele>
        <time>2026-08-17T12:01:58.000Z</time>
        <extensions>
          <gpxtpx:TrackPointExtension>
            <gpxtpx:hr>173</gpxtpx:hr>
          </gpxtpx:TrackPointExtension>
        </extensions>
      </trkpt>
      <trkpt lat="40.07628614131141" lon="116.3378380235909">
        <ele>44.5</ele>
        <time>2026-08-17T12:01:59.000Z</time>
        <extensions>
          <gpxtpx:TrackPointExtension>
            <gpxtpx:hr>173</gpxtpx:hr>
          </gpxtpx:TrackPointExtension>
        </extensions>
      </trkpt>
      <trkpt lat="40.07631520234275" lon="116.33783184419329">
        <ele>44.5</ele>
        <time>2026-08-17T12:02:00.000Z</time>
        <extensions>
          <gpxtpx:TrackPointExtension>
            <gpxtpx:hr>173</gpxtpx:hr>
          </gpxtpx:TrackPointExtension>
        </extensions>
      </trkpt>
      <trkpt lat="40.07634438215574" lon="116.33782610922222">
        <ele>44.5</ele>
        <time>2026-08-17T12:02:01.000Z</time>
        <extensions>
          <gpxtpx:TrackPointExtension>
            <gpxtpx:hr>173</gpxtpx:hr>
          </gpxtpx:TrackPointExtension>
        </extensions>
      </trkpt>
      <trkpt lat="40.07637341551713" lon="116.33782056846938">
        <ele>44.5</ele>
        <time>2026-08-17T12:02:02.000Z</time>
        <extensions>
          <gpxtpx:TrackPointExtension>
            <gpxtpx:hr>173</gpxtpx:hr>
          </gpxtpx:TrackPointExtension>
        </extensions>
      </trkpt>
      <trkpt lat="40.076402139653545" lon="116.33781453601354">
        <ele>44.4</ele>
        <time>2026-08-17T12:02:03.000Z</time>
        <extensions>
          <gpxtpx:TrackPointExtension>
            <gpxtpx:hr>173</gpxtpx:hr>
          </gpxtpx:TrackPointExtension>
        </extensions>
      </trkpt>
      <trkpt lat="40.07643066961599" lon="116.337807982713">
        <ele>44.4</ele>
        <time>2026-08-17T12:02:04.000Z</time>
        <extensions>
          <gpxtpx:TrackPointExtension>
            <gpxtpx:hr>173</gpxtpx:hr>
          </gpxtpx:TrackPointExtension>
        </extensions>
      </trkpt>
      <trkpt lat="40.07645908506387" lon="116.337801252093">
        <ele>44.4</ele>
        <time>2026-08-17T12:02:05.000Z</time>
        <extensions>
          <gpxtpx:TrackPointExtension>
            <gpxtpx:hr>173</gpxtpx:hr>
          </gpxtpx:TrackPointExtension>
        </extensions>
      </trkpt>
      <trkpt lat="40.07648721878289" lon="116.33779519333609">
        <ele>44.4</ele>
        <time>2026-08-17T12:02:06.000Z</time>
        <extensions>
          <gpxtpx:TrackPointExtension>
            <gpxtpx:hr>173</gpxtpx:hr>
          </gpxtpx:TrackPointExtension>
        </extensions>
      </trkpt>
      <trkpt lat="40.076514893889325" lon="116.33779059676013">
        <ele>44.4</ele>
        <time>2026-08-17T12:02:07.000Z</time>
        <extensions>
          <gpxtpx:TrackPointExtension>
            <gpxtpx:hr>173</gpxtpx:hr>
          </gpxtpx:TrackPointExtension>
        </extensions>
      </trkpt>    </trkseg>
  </trk>
</gpx>