<?xml version="1.0" encoding="UTF-8"?>
<gpx version="1.1" creator="HealthSync iOS"
     xmlns="http://www.topografix.com/GPX/1/1"
     xmlns:gpxtpx="http://www.garmin.com/xmlschemas/TrackPointExtension/v1"
     xmlns:xsi="http://www.w3.org/2001/XMLSchema-instance"
     xsi:schemaLocation="http://www.topografix.com/GPX/1/1 http://www.topografix.com/GPX/1/1/gpx.xsd http://www.garmin.com/xmlschemas/TrackPointExtension/v1 http://www.garmin.com/xmlschemas/TrackPointExtensionv1.xsd">
  <trk>
    <name>Running 2026/7/28, 21:14</name>
    <type>running</type>
    <trkseg>
      <trkpt lat="40.07645170765582" lon="116.33781680933596">
        <ele>44.8</ele>
        <time>2026-07-28T13:15:12.689Z</time>
      </trkpt>
      <trkpt lat="40.076475572569876" lon="116.33781945118027">
        <ele>44.8</ele>
        <time>2026-07-28T13:15:13.689Z</time>
      </trkpt>
      <trkpt lat="40.0764994914631" lon="116.33782225244192">
        <ele>44.8</ele>
        <time>2026-07-28T13:15:14.689Z</time>
      </trkpt>
      <trkpt lat="40.076523540295355" lon="116.33782480512639">
        <ele>44.8</ele>
        <time>2026-07-28T13:15:15.689Z</time>
      </trkpt>
      <trkpt lat="40.076547753899256" lon="116.33782712684584">
        <ele>44.8</ele>
        <time>2026-07-28T13:15:16.689Z</time>
      </trkpt>
      <trkpt lat="40.0765724152791" lon="116.33782914676111">
        <ele>44.8</ele>
        <time>2026-07-28T13:15:17.689Z</time>
      </trkpt>
      <trkpt lat="40.07659799920744" lon="116.33783054953689">
        <ele>44.8</ele>
        <time>2026-07-28T13:15:18.689Z</time>
      </trkpt>
      <trkpt lat="40.076624556590254" lon="116.33783118589763">
        <ele>44.8</ele>
        <time>2026-07-28T13:15:19.689Z</time>
      </trkpt>
      <trkpt lat="40.07665171028035" lon="116.3378306185674">
        <ele>44.8</ele>
        <time>2026-07-28T13:15:20.689Z</time>
      </trkpt>
      <trkpt lat="40.076678540934445" lon="116.3378283667272">
        <ele>44.8</ele>
        <time>2026-07-28T13:15:21.689Z</time>
      </trkpt>
      <trkpt lat="40.07670408681409" lon="116.33782437383098">
        <ele>44.8</ele>
        <time>2026-07-28T13:15:22.689Z</time>
      </trkpt>
      <trkpt lat="40.07672806598528" lon="116.33781832068249">
        <ele>44.8</ele>
        <time>2026-07-28T13:15:23.689Z</time>
      </trkpt>
      <trkpt lat="40.076750691168115" lon="116.33780998142231">
        <ele>44.8</ele>
        <time>2026-07-28T13:15:24.689Z</time>
      </trkpt>
      <trkpt lat="40.076772412158114" lon="116.33779946465178">
        <ele>44.8</ele>
        <time>2026-07-28T13:15:25.689Z</time>
      </trkpt>
      <trkpt lat="40.07679365619431" lon="116.33778663296228">
        <ele>44.8</ele>
        <time>2026-07-28T13:15:26.689Z</time>
      </trkpt>
      <trkpt lat="40.076814645091886" lon="116.3377714643988">
        <ele>44.8</ele>
        <time>2026-07-28T13:15:27.689Z</time>
      </trkpt>
      <trkpt lat="40.07683551510632" lon="116.33775419987721">
        <ele>44.8</ele>
        <time>2026-07-28T13:15:28.689Z</time>
      </trkpt>
      <trkpt lat="40.07685586133842" lon="116.33773498207157">
        <ele>44.8</ele>
        <time>2026-07-28T13:15:29.689Z</time>
      </trkpt>
      <trkpt lat="40.07687512412159" lon="116.33771412245429">
        <ele>44.8</ele>
        <time>2026-07-28T13:15:30.689Z</time>
      </trkpt>
      <trkpt lat="40.076893113086136" lon="116.3376921196514">
        <ele>44.8</ele>
        <time>2026-07-28T13:15:31.689Z</time>
      </trkpt>
      <trkpt lat="40.07690975603082" lon="116.33766897585635">
        <ele>44.8</ele>
        <time>2026-07-28T13:15:32.689Z</time>
      </trkpt>
      <trkpt lat="40.07692518484825" lon="116.33764464565813">
        <ele>44.8</ele>
        <time>2026-07-28T13:15:33.689Z</time>
      </trkpt>
      <trkpt lat="40.07693948087322" lon="116.33761920843634">
        <ele>44.8</ele>
        <time>2026-07-28T13:15:34.689Z</time>
      </trkpt>
      <trkpt lat="40.076952725798336" lon="116.33759279013157">
        <ele>44.8</ele>
        <time>2026-07-28T13:15:35.689Z</time>
      </trkpt>
      <trkpt lat="40.076964823597315" lon="116.33756543346429">
        <ele>44.8</ele>
        <time>2026-07-28T13:15:36.689Z</time>
      </trkpt>
      <trkpt lat="40.07697557062715" lon="116.33753719345286">
        <ele>44.8</ele>
        <time>2026-07-28T13:15:37.689Z</time>
      </trkpt>
      <trkpt lat="40.07698490191144" lon="116.33750835590608">
        <ele>44.8</ele>
        <time>2026-07-28T13:15:38.689Z</time>
      </trkpt>
      <trkpt lat="40.0769925417553" lon="116.33747892692179">
        <ele>44.8</ele>
        <time>2026-07-28T13:15:39.689Z</time>
      </trkpt>
      <trkpt lat="40.07699823638316" lon="116.33744899015166">
        <ele>44.8</ele>
        <time>2026-07-28T13:15:40.689Z</time>
      </trkpt>
      <trkpt lat="40.07700205459312" lon="116.33741876599709">
        <ele>44.8</ele>
        <time>2026-07-28T13:15:41.689Z</time>
      </trkpt>
      <trkpt lat="40.077004261624644" lon="116.3373882297443">
        <ele>44.8</ele>
        <time>2026-07-28T13:15:42.689Z</time>
      </trkpt>
      <trkpt lat="40.07700516748689" lon="116.33735770624433">
        <ele>44.8</ele>
        <time>2026-07-28T13:15:43.689Z</time>
      </trkpt>
      <trkpt lat="40.077004712744234" lon="116.33732758113725">
        <ele>44.8</ele>
        <time>2026-07-28T13:15:44.689Z</time>
      </trkpt>
      <trkpt lat="40.0770026511355" lon="116.33729795564172">
        <ele>44.8</ele>
        <time>2026-07-28T13:15:45.689Z</time>
      </trkpt>
      <trkpt lat="40.07699888631124" lon="116.33726878458725">
        <ele>44.8</ele>
        <time>2026-07-28T13:15:46.689Z</time>
      </trkpt>
      <trkpt lat="40.07699333761394" lon="116.33724021659968">
        <ele>44.7</ele>
        <time>2026-07-28T13:15:47.689Z</time>
      </trkpt>
      <trkpt lat="40.07698599270841" lon="116.3372125262295">
        <ele>44.7</ele>
        <time>2026-07-28T13:15:48.689Z</time>
      </trkpt>
      <trkpt lat="40.07697692533277" lon="116.33718548182266">
        <ele>44.7</ele>
        <time>2026-07-28T13:15:49.689Z</time>
      </trkpt>
      <trkpt lat="40.07696600280327" lon="116.33715910964443">
        <ele>44.7</ele>
        <time>2026-07-28T13:15:50.689Z</time>
      </trkpt>
      <trkpt lat="40.076953285031" lon="116.33713389917281">
        <ele>44.6</ele>
        <time>2026-07-28T13:15:51.689Z</time>
      </trkpt>
      <trkpt lat="40.076938953338164" lon="116.33711026129377">
        <ele>44.6</ele>
        <time>2026-07-28T13:15:52.689Z</time>
      </trkpt>
      <trkpt lat="40.07692307186661" lon="116.3370884514484">
        <ele>44.6</ele>
        <time>2026-07-28T13:15:53.689Z</time>
      </trkpt>
      <trkpt lat="40.07690582879944" lon="116.33706856298151">
        <ele>44.5</ele>
        <time>2026-07-28T13:15:54.689Z</time>
      </trkpt>
      <trkpt lat="40.07688757734702" lon="116.3370498666426">
        <ele>44.5</ele>
        <time>2026-07-28T13:15:55.689Z</time>
      </trkpt>
      <trkpt lat="40.07686860176269" lon="116.33703188774342">
        <ele>44.5</ele>
        <time>2026-07-28T13:15:56.689Z</time>
      </trkpt>
      <trkpt lat="40.07684907190528" lon="116.3370148054387">
        <ele>44.4</ele>
        <time>2026-07-28T13:15:57.689Z</time>
      </trkpt>
      <trkpt lat="40.07682904178722" lon="116.33699923759306">
        <ele>44.4</ele>
        <time>2026-07-28T13:15:58.689Z</time>
      </trkpt>
      <trkpt lat="40.07680858975155" lon="116.3369855478295">
        <ele>44.4</ele>
        <time>2026-07-28T13:15:59.689Z</time>
      </trkpt>
      <trkpt lat="40.076787812374086" lon="116.33697379593993">
        <ele>44.4</ele>
        <time>2026-07-28T13:16:00.689Z</time>
      </trkpt>
      <trkpt lat="40.07676669599254" lon="116.33696407024081">
        <ele>44.4</ele>
        <time>2026-07-28T13:16:01.689Z</time>
      </trkpt>
      <trkpt lat="40.07674511892053" lon="116.3369563322493">
        <ele>44.4</ele>
        <time>2026-07-28T13:16:02.689Z</time>
      </trkpt>
      <trkpt lat="40.076722834666455" lon="116.33695031217154">
        <ele>44.4</ele>
        <time>2026-07-28T13:16:03.688Z</time>
      </trkpt>
      <trkpt lat="40.076699777391084" lon="116.33694578909505">
        <ele>44.4</ele>
        <time>2026-07-28T13:16:04.689Z</time>
      </trkpt>
      <trkpt lat="40.07667627912048" lon="116.33694259978016">
        <ele>44.4</ele>
        <time>2026-07-28T13:16:05.689Z</time>
      </trkpt>
      <trkpt lat="40.07665258467354" lon="116.33694029029864">
        <ele>44.4</ele>
        <time>2026-07-28T13:16:06.689Z</time>
      </trkpt>
      <trkpt lat="40.07662893511185" lon="116.33693867984636">
        <ele>44.4</ele>
        <time>2026-07-28T13:16:07.688Z</time>
      </trkpt>
      <trkpt lat="40.07660557795944" lon="116.3369377009047">
        <ele>44.4</ele>
        <time>2026-07-28T13:16:08.689Z</time>
      </trkpt>
      <trkpt lat="40.07658258215173" lon="116.336937191667">
        <ele>44.4</ele>
        <time>2026-07-28T13:16:09.689Z</time>
      </trkpt>
      <trkpt lat="40.07655970918349" lon="116.33693672040175">
        <ele>44.5</ele>
        <time>2026-07-28T13:16:10.689Z</time>
      </trkpt>
      <trkpt lat="40.07653685343276" lon="116.33693616588943">
        <ele>44.5</ele>
        <time>2026-07-28T13:16:11.689Z</time>
      </trkpt>
      <trkpt lat="40.07651407040808" lon="116.33693586690538">
        <ele>44.5</ele>
        <time>2026-07-28T13:16:12.688Z</time>
      </trkpt>
      <trkpt lat="40.07649121450172" lon="116.33693582097094">
        <ele>44.6</ele>
        <time>2026-07-28T13:16:13.689Z</time>
      </trkpt>
      <trkpt lat="40.07646818923463" lon="116.33693588698725">
        <ele>44.6</ele>
        <time>2026-07-28T13:16:14.689Z</time>
      </trkpt>
      <trkpt lat="40.07644476189329" lon="116.33693589930144">
        <ele>44.7</ele>
        <time>2026-07-28T13:16:15.689Z</time>
      </trkpt>
      <trkpt lat="40.07642085312293" lon="116.33693580982205">
        <ele>44.7</ele>
        <time>2026-07-28T13:16:16.689Z</time>
      </trkpt>
      <trkpt lat="40.0763968409479" lon="116.33693575083754">
        <ele>44.7</ele>
        <time>2026-07-28T13:16:17.688Z</time>
      </trkpt>
      <trkpt lat="40.07637321431947" lon="116.33693559617939">
        <ele>44.8</ele>
        <time>2026-07-28T13:16:18.688Z</time>
      </trkpt>
      <trkpt lat="40.07635011136541" lon="116.33693531731188">
        <ele>44.8</ele>
        <time>2026-07-28T13:16:19.688Z</time>
      </trkpt>
      <trkpt lat="40.07632740507038" lon="116.33693501917988">
        <ele>44.8</ele>
        <time>2026-07-28T13:16:20.689Z</time>
      </trkpt>
      <trkpt lat="40.0763050713982" lon="116.33693464435265">
        <ele>44.9</ele>
        <time>2026-07-28T13:16:21.689Z</time>
      </trkpt>
      <trkpt lat="40.076282945758884" lon="116.33693415851714">
        <ele>44.9</ele>
        <time>2026-07-28T13:16:22.688Z</time>
      </trkpt>
      <trkpt lat="40.07626057750511" lon="116.3369335838949">
        <ele>45.0</ele>
        <time>2026-07-28T13:16:23.689Z</time>
      </trkpt>
      <trkpt lat="40.07623768508417" lon="116.33693292772426">
        <ele>45.0</ele>
        <time>2026-07-28T13:16:24.689Z</time>
      </trkpt>
      <trkpt lat="40.076214228500376" lon="116.33693247211056">
        <ele>45.0</ele>
        <time>2026-07-28T13:16:25.689Z</time>
      </trkpt>
      <trkpt lat="40.07619033828642" lon="116.33693255494272">
        <ele>45.1</ele>
        <time>2026-07-28T13:16:26.689Z</time>
      </trkpt>
      <trkpt lat="40.076166328466044" lon="116.33693306967771">
        <ele>45.1</ele>
        <time>2026-07-28T13:16:27.688Z</time>
      </trkpt>
      <trkpt lat="40.07614253772476" lon="116.33693374174537">
        <ele>45.1</ele>
        <time>2026-07-28T13:16:28.689Z</time>
      </trkpt>
      <trkpt lat="40.07611919827488" lon="116.33693430530847">
        <ele>45.2</ele>
        <time>2026-07-28T13:16:29.689Z</time>
      </trkpt>
      <trkpt lat="40.07609631107009" lon="116.33693469457408">
        <ele>45.2</ele>
        <time>2026-07-28T13:16:30.688Z</time>
      </trkpt>
      <trkpt lat="40.07607374090339" lon="116.33693493855849">
        <ele>45.2</ele>
        <time>2026-07-28T13:16:31.688Z</time>
      </trkpt>
      <trkpt lat="40.07605142067002" lon="116.33693502493571">
        <ele>45.3</ele>
        <time>2026-07-28T13:16:32.689Z</time>
      </trkpt>
      <trkpt lat="40.07602931322804" lon="116.33693499602617">
        <ele>45.3</ele>
        <time>2026-07-28T13:16:33.689Z</time>
      </trkpt>
      <trkpt lat="40.07600710279392" lon="116.33693484316666">
        <ele>45.3</ele>
        <time>2026-07-28T13:16:34.689Z</time>
      </trkpt>
      <trkpt lat="40.07598463330067" lon="116.33693467315994">
        <ele>45.4</ele>
        <time>2026-07-28T13:16:35.689Z</time>
      </trkpt>
      <trkpt lat="40.07596192750353" lon="116.33693461685978">
        <ele>45.4</ele>
        <time>2026-07-28T13:16:36.689Z</time>
      </trkpt>
      <trkpt lat="40.07593913253844" lon="116.33693473766863">
        <ele>45.4</ele>
        <time>2026-07-28T13:16:37.689Z</time>
      </trkpt>
      <trkpt lat="40.07591640609525" lon="116.3369351202638">
        <ele>45.5</ele>
        <time>2026-07-28T13:16:38.689Z</time>
      </trkpt>
      <trkpt lat="40.07589379605934" lon="116.33693582800669">
        <ele>45.5</ele>
        <time>2026-07-28T13:16:39.689Z</time>
      </trkpt>
      <trkpt lat="40.07587124892007" lon="116.33693692011782">
        <ele>45.5</ele>
        <time>2026-07-28T13:16:40.689Z</time>
      </trkpt>
      <trkpt lat="40.07584889592508" lon="116.33693873437508">
        <ele>45.6</ele>
        <time>2026-07-28T13:16:41.689Z</time>
      </trkpt>
      <trkpt lat="40.07582690311835" lon="116.33694186976027">
        <ele>45.6</ele>
        <time>2026-07-28T13:16:42.689Z</time>
      </trkpt>
      <trkpt lat="40.07580522536648" lon="116.33694663138866">
        <ele>45.6</ele>
        <time>2026-07-28T13:16:43.689Z</time>
      </trkpt>
      <trkpt lat="40.07578384211971" lon="116.33695273737527">
        <ele>45.7</ele>
        <time>2026-07-28T13:16:44.689Z</time>
      </trkpt>
      <trkpt lat="40.075762853001464" lon="116.33696014264503">
        <ele>45.7</ele>
        <time>2026-07-28T13:16:45.689Z</time>
      </trkpt>
      <trkpt lat="40.075742284555574" lon="116.33696915599569">
        <ele>45.8</ele>
        <time>2026-07-28T13:16:46.689Z</time>
      </trkpt>
      <trkpt lat="40.07572221277382" lon="116.33697982119806">
        <ele>45.8</ele>
        <time>2026-07-28T13:16:47.689Z</time>
      </trkpt>
      <trkpt lat="40.0757028088708" lon="116.33699212112876">
        <ele>45.8</ele>
        <time>2026-07-28T13:16:48.689Z</time>
      </trkpt>
      <trkpt lat="40.075684124820015" lon="116.33700596601932">
        <ele>45.9</ele>
        <time>2026-07-28T13:16:49.689Z</time>
      </trkpt>
      <trkpt lat="40.07566608344917" lon="116.33702131788468">
        <ele>45.9</ele>
        <time>2026-07-28T13:16:50.689Z</time>
      </trkpt>
      <trkpt lat="40.075648729442975" lon="116.3370382260333">
        <ele>46.0</ele>
        <time>2026-07-28T13:16:51.689Z</time>
      </trkpt>
      <trkpt lat="40.0756322596184" lon="116.33705683222023">
        <ele>46.0</ele>
        <time>2026-07-28T13:16:52.689Z</time>
      </trkpt>
      <trkpt lat="40.07561681420056" lon="116.33707718853942">
        <ele>46.1</ele>
        <time>2026-07-28T13:16:53.689Z</time>
      </trkpt>
      <trkpt lat="40.07560251518953" lon="116.33709893855486">
        <ele>46.1</ele>
        <time>2026-07-28T13:16:54.689Z</time>
      </trkpt>
      <trkpt lat="40.07558929281188" lon="116.33712179724438">
        <ele>46.2</ele>
        <time>2026-07-28T13:16:55.689Z</time>
      </trkpt>
      <trkpt lat="40.075577114244375" lon="116.33714584109364">
        <ele>46.2</ele>
        <time>2026-07-28T13:16:56.689Z</time>
      </trkpt>
      <trkpt lat="40.07556582168272" lon="116.33717106144294">
        <ele>46.3</ele>
        <time>2026-07-28T13:16:57.689Z</time>
      </trkpt>
      <trkpt lat="40.0755553674557" lon="116.33719732840514">
        <ele>46.3</ele>
        <time>2026-07-28T13:16:58.689Z</time>
      </trkpt>
      <trkpt lat="40.075545951554986" lon="116.3372244965136">
        <ele>46.4</ele>
        <time>2026-07-28T13:16:59.689Z</time>
      </trkpt>
      <trkpt lat="40.0755376283693" lon="116.33725235423752">
        <ele>46.4</ele>
        <time>2026-07-28T13:17:00.689Z</time>
      </trkpt>
      <trkpt lat="40.075530606162985" lon="116.33728052702206">
        <ele>46.4</ele>
        <time>2026-07-28T13:17:01.689Z</time>
      </trkpt>
      <trkpt lat="40.075525221344876" lon="116.33730871559003">
        <ele>46.4</ele>
        <time>2026-07-28T13:17:02.689Z</time>
      </trkpt>
      <trkpt lat="40.075521424097865" lon="116.33733686004486">
        <ele>46.4</ele>
        <time>2026-07-28T13:17:03.689Z</time>
      </trkpt>
      <trkpt lat="40.07551885962498" lon="116.33736520844035">
        <ele>46.5</ele>
        <time>2026-07-28T13:17:04.689Z</time>
      </trkpt>
      <trkpt lat="40.0755173122913" lon="116.33739410985864">
        <ele>46.5</ele>
        <time>2026-07-28T13:17:05.689Z</time>
      </trkpt>
      <trkpt lat="40.07551689708913" lon="116.3374235983756">
        <ele>46.5</ele>
        <time>2026-07-28T13:17:06.689Z</time>
      </trkpt>
      <trkpt lat="40.075517901164424" lon="116.33745332044225">
        <ele>46.5</ele>
        <time>2026-07-28T13:17:07.689Z</time>
      </trkpt>
      <trkpt lat="40.07552055489458" lon="116.33748284744499">
        <ele>46.5</ele>
        <time>2026-07-28T13:17:08.689Z</time>
      </trkpt>
      <trkpt lat="40.075524693216494" lon="116.33751214033711">
        <ele>46.4</ele>
        <time>2026-07-28T13:17:09.689Z</time>
      </trkpt>
      <trkpt lat="40.07553019726407" lon="116.33754105355325">
        <ele>46.4</ele>
        <time>2026-07-28T13:17:10.689Z</time>
      </trkpt>
      <trkpt lat="40.075537245271576" lon="116.33756937411945">
        <ele>46.4</ele>
        <time>2026-07-28T13:17:11.689Z</time>
      </trkpt>
      <trkpt lat="40.07554599279652" lon="116.3375968250095">
        <ele>46.4</ele>
        <time>2026-07-28T13:17:12.689Z</time>
      </trkpt>
      <trkpt lat="40.07555636462972" lon="116.3376233047558">
        <ele>46.4</ele>
        <time>2026-07-28T13:17:13.689Z</time>
      </trkpt>
      <trkpt lat="40.07556825256674" lon="116.33764869790467">
        <ele>46.4</ele>
        <time>2026-07-28T13:17:14.689Z</time>
      </trkpt>
      <trkpt lat="40.07558162833098" lon="116.33767297230584">
        <ele>46.3</ele>
        <time>2026-07-28T13:17:15.689Z</time>
      </trkpt>
      <trkpt lat="40.07559638283011" lon="116.33769630587632">
        <ele>46.3</ele>
        <time>2026-07-28T13:17:16.689Z</time>
      </trkpt>
      <trkpt lat="40.07561220933074" lon="116.3377185821438">
        <ele>46.3</ele>
        <time>2026-07-28T13:17:17.689Z</time>
      </trkpt>
      <trkpt lat="40.07562910528681" lon="116.33773965211677">
        <ele>46.2</ele>
        <time>2026-07-28T13:17:18.689Z</time>
      </trkpt>
      <trkpt lat="40.07564712472438" lon="116.33775917100859">
        <ele>46.2</ele>
        <time>2026-07-28T13:17:19.689Z</time>
      </trkpt>
      <trkpt lat="40.07566613839" lon="116.33777688675971">
        <ele>46.1</ele>
        <time>2026-07-28T13:17:20.689Z</time>
      </trkpt>
      <trkpt lat="40.07568604797911" lon="116.33779295073407">
        <ele>46.1</ele>
        <time>2026-07-28T13:17:21.689Z</time>
      </trkpt>
      <trkpt lat="40.075706766905036" lon="116.337807264376">
        <ele>46.0</ele>
        <time>2026-07-28T13:17:22.689Z</time>
      </trkpt>
      <trkpt lat="40.07572821421393" lon="116.33781967298175">
        <ele>46.0</ele>
        <time>2026-07-28T13:17:23.689Z</time>
      </trkpt>
      <trkpt lat="40.07575008587352" lon="116.33783027876198">
        <ele>45.9</ele>
        <time>2026-07-28T13:17:24.689Z</time>
      </trkpt>
      <trkpt lat="40.07577217220962" lon="116.33783913673922">
        <ele>45.9</ele>
        <time>2026-07-28T13:17:25.689Z</time>
      </trkpt>
      <trkpt lat="40.07579447310466" lon="116.33784618070318">
        <ele>45.9</ele>
        <time>2026-07-28T13:17:26.689Z</time>
      </trkpt>
      <trkpt lat="40.07581682051773" lon="116.33785121293586">
        <ele>45.8</ele>
        <time>2026-07-28T13:17:27.689Z</time>
      </trkpt>
      <trkpt lat="40.075839170302594" lon="116.33785421855637">
        <ele>45.8</ele>
        <time>2026-07-28T13:17:28.689Z</time>
      </trkpt>
      <trkpt lat="40.075861725557374" lon="116.33785541734977">
        <ele>45.8</ele>
        <time>2026-07-28T13:17:29.689Z</time>
      </trkpt>
      <trkpt lat="40.07588468080702" lon="116.33785499723918">
        <ele>45.7</ele>
        <time>2026-07-28T13:17:30.689Z</time>
      </trkpt>
      <trkpt lat="40.075907991084684" lon="116.33785338746975">
        <ele>45.7</ele>
        <time>2026-07-28T13:17:31.689Z</time>
      </trkpt>
      <trkpt lat="40.075931313980085" lon="116.33785114406899">
        <ele>45.7</ele>
        <time>2026-07-28T13:17:32.689Z</time>
      </trkpt>
      <trkpt lat="40.07595463929305" lon="116.33784888138605">
        <ele>45.7</ele>
        <time>2026-07-28T13:17:33.689Z</time>
      </trkpt>
      <trkpt lat="40.07597813630225" lon="116.33784685814133">
        <ele>45.6</ele>
        <time>2026-07-28T13:17:34.689Z</time>
      </trkpt>
      <trkpt lat="40.07600168126423" lon="116.33784530999604">
        <ele>45.6</ele>
        <time>2026-07-28T13:17:35.689Z</time>
      </trkpt>
      <trkpt lat="40.07602506925017" lon="116.33784456668295">
        <ele>45.6</ele>
        <time>2026-07-28T13:17:36.689Z</time>
      </trkpt>
      <trkpt lat="40.076048188926286" lon="116.33784424593307">
        <ele>45.6</ele>
        <time>2026-07-28T13:17:37.689Z</time>
      </trkpt>
      <trkpt lat="40.07607110885503" lon="116.33784380205071">
        <ele>45.5</ele>
        <time>2026-07-28T13:17:38.689Z</time>
      </trkpt>
      <trkpt lat="40.07609395802144" lon="116.33784320170331">
        <ele>45.5</ele>
        <time>2026-07-28T13:17:39.689Z</time>
      </trkpt>
      <trkpt lat="40.07611660270516" lon="116.33784237832396">
        <ele>45.5</ele>
        <time>2026-07-28T13:17:40.689Z</time>
      </trkpt>
      <trkpt lat="40.07613904718949" lon="116.33784146550293">
        <ele>45.5</ele>
        <time>2026-07-28T13:17:41.689Z</time>
      </trkpt>
      <trkpt lat="40.076161430125076" lon="116.33784099639743">
        <ele>45.5</ele>
        <time>2026-07-28T13:17:42.689Z</time>
      </trkpt>
      <trkpt lat="40.07618397923573" lon="116.33784159193898">
        <ele>45.4</ele>
        <time>2026-07-28T13:17:43.689Z</time>
      </trkpt>
      <trkpt lat="40.07620668087739" lon="116.33784311823754">
        <ele>45.4</ele>
        <time>2026-07-28T13:17:44.689Z</time>
      </trkpt>
      <trkpt lat="40.0762293909459" lon="116.33784503150024">
        <ele>45.4</ele>
        <time>2026-07-28T13:17:45.689Z</time>
      </trkpt>
      <trkpt lat="40.07625203384404" lon="116.337846809367">
        <ele>45.4</ele>
        <time>2026-07-28T13:17:46.689Z</time>
      </trkpt>
      <trkpt lat="40.07627457653196" lon="116.33784805675596">
        <ele>45.4</ele>
        <time>2026-07-28T13:17:47.689Z</time>
      </trkpt>
      <trkpt lat="40.07629689404286" lon="116.33784900790226">
        <ele>45.4</ele>
        <time>2026-07-28T13:17:48.689Z</time>
      </trkpt>
      <trkpt lat="40.07631889768115" lon="116.33784998470455">
        <ele>45.3</ele>
        <time>2026-07-28T13:17:49.689Z</time>
      </trkpt>
      <trkpt lat="40.076340712070106" lon="116.33785098975639">
        <ele>45.3</ele>
        <time>2026-07-28T13:17:50.689Z</time>
      </trkpt>
      <trkpt lat="40.0763623556411" lon="116.337852035836">
        <ele>45.3</ele>
        <time>2026-07-28T13:17:51.689Z</time>
      </trkpt>
      <trkpt lat="40.076383955891465" lon="116.33785308002466">
        <ele>45.3</ele>
        <time>2026-07-28T13:17:52.689Z</time>
      </trkpt>
      <trkpt lat="40.07640569209622" lon="116.33785399299727">
        <ele>45.3</ele>
        <time>2026-07-28T13:17:53.689Z</time>
      </trkpt>
      <trkpt lat="40.076427537589225" lon="116.33785472158321">
        <ele>45.3</ele>
        <time>2026-07-28T13:17:54.689Z</time>
      </trkpt>
      <trkpt lat="40.076449175643646" lon="116.33785514336982">
        <ele>45.3</ele>
        <time>2026-07-28T13:17:55.689Z</time>
      </trkpt>
      <trkpt lat="40.07647055840091" lon="116.3378552782846">
        <ele>45.3</ele>
        <time>2026-07-28T13:17:56.689Z</time>
      </trkpt>
      <trkpt lat="40.07649200045482" lon="116.3378554034025">
        <ele>45.3</ele>
        <time>2026-07-28T13:17:57.689Z</time>
      </trkpt>
      <trkpt lat="40.076513617672624" lon="116.33785568581774">
        <ele>45.2</ele>
        <time>2026-07-28T13:17:58.689Z</time>
      </trkpt>
      <trkpt lat="40.07653526314532" lon="116.3378562330892">
        <ele>45.2</ele>
        <time>2026-07-28T13:17:59.689Z</time>
      </trkpt>
      <trkpt lat="40.07655678184839" lon="116.33785656269947">
        <ele>45.2</ele>
        <time>2026-07-28T13:18:00.689Z</time>
      </trkpt>
      <trkpt lat="40.07657828935925" lon="116.33785620517047">
        <ele>45.2</ele>
        <time>2026-07-28T13:18:01.689Z</time>
      </trkpt>
      <trkpt lat="40.07659989759997" lon="116.3378552701824">
        <ele>45.2</ele>
        <time>2026-07-28T13:18:02.689Z</time>
      </trkpt>
      <trkpt lat="40.07662155119723" lon="116.33785372894542">
        <ele>45.2</ele>
        <time>2026-07-28T13:18:03.689Z</time>
      </trkpt>
      <trkpt lat="40.07664324831247" lon="116.33785128176989">
        <ele>45.2</ele>
        <time>2026-07-28T13:18:04.689Z</time>
      </trkpt>
      <trkpt lat="40.07666511077111" lon="116.33784745434967">
        <ele>45.2</ele>
        <time>2026-07-28T13:18:05.689Z</time>
      </trkpt>
      <trkpt lat="40.0766871546162" lon="116.3378421417872">
        <ele>45.1</ele>
        <time>2026-07-28T13:18:06.689Z</time>
      </trkpt>
      <trkpt lat="40.07670923495381" lon="116.33783528650447">
        <ele>45.1</ele>
        <time>2026-07-28T13:18:07.689Z</time>
      </trkpt>
      <trkpt lat="40.07673126015273" lon="116.33782681077066">
        <ele>45.1</ele>
        <time>2026-07-28T13:18:08.689Z</time>
      </trkpt>
      <trkpt lat="40.07675318746233" lon="116.33781676404827">
        <ele>45.1</ele>
        <time>2026-07-28T13:18:09.689Z</time>
      </trkpt>
      <trkpt lat="40.07677489097437" lon="116.33780497247979">
        <ele>45.1</ele>
        <time>2026-07-28T13:18:10.689Z</time>
      </trkpt>
      <trkpt lat="40.076796255873234" lon="116.33779133957822">
        <ele>45.0</ele>
        <time>2026-07-28T13:18:11.689Z</time>
      </trkpt>
      <trkpt lat="40.07681705591703" lon="116.33777596846816">
        <ele>45.0</ele>
        <time>2026-07-28T13:18:12.689Z</time>
      </trkpt>
      <trkpt lat="40.07683700988376" lon="116.33775903698981">
        <ele>45.0</ele>
        <time>2026-07-28T13:18:13.689Z</time>
      </trkpt>
      <trkpt lat="40.07685623047196" lon="116.33774059510691">
        <ele>45.0</ele>
        <time>2026-07-28T13:18:14.689Z</time>
      </trkpt>
      <trkpt lat="40.07687484479883" lon="116.3377205830957">
        <ele>44.9</ele>
        <time>2026-07-28T13:18:15.689Z</time>
      </trkpt>
      <trkpt lat="40.076892793304644" lon="116.33769919725579">
        <ele>44.9</ele>
        <time>2026-07-28T13:18:16.689Z</time>
      </trkpt>
      <trkpt lat="40.07690970018688" lon="116.33767683917831">
        <ele>44.9</ele>
        <time>2026-07-28T13:18:17.689Z</time>
      </trkpt>
      <trkpt lat="40.076925203465905" lon="116.33765402064282">
        <ele>44.8</ele>
        <time>2026-07-28T13:18:18.689Z</time>
      </trkpt>
      <trkpt lat="40.07693913054001" lon="116.33763092072547">
        <ele>44.8</ele>
        <time>2026-07-28T13:18:19.689Z</time>
      </trkpt>
      <trkpt lat="40.07695143900622" lon="116.33760719887478">
        <ele>44.8</ele>
        <time>2026-07-28T13:18:20.689Z</time>
      </trkpt>
      <trkpt lat="40.07696227788972" lon="116.33758252868739">
        <ele>44.7</ele>
        <time>2026-07-28T13:18:21.689Z</time>
      </trkpt>
      <trkpt lat="40.07697171377119" lon="116.3375570591569">
        <ele>44.7</ele>
        <time>2026-07-28T13:18:22.688Z</time>
      </trkpt>
      <trkpt lat="40.076979639866245" lon="116.33753097526025">
        <ele>44.7</ele>
        <time>2026-07-28T13:18:23.688Z</time>
      </trkpt>
      <trkpt lat="40.07698599996514" lon="116.3375043302121">
        <ele>44.7</ele>
        <time>2026-07-28T13:18:24.689Z</time>
      </trkpt>
      <trkpt lat="40.07699099144367" lon="116.33747690266257">
        <ele>44.6</ele>
        <time>2026-07-28T13:18:25.689Z</time>
      </trkpt>
      <trkpt lat="40.076995092334805" lon="116.33744852109076">
        <ele>44.6</ele>
        <time>2026-07-28T13:18:26.689Z</time>
      </trkpt>
      <trkpt lat="40.07699839783918" lon="116.33741947067969">
        <ele>44.6</ele>
        <time>2026-07-28T13:18:27.689Z</time>
      </trkpt>
      <trkpt lat="40.07700055621276" lon="116.33739022969127">
        <ele>44.6</ele>
        <time>2026-07-28T13:18:28.688Z</time>
      </trkpt>
      <trkpt lat="40.07700136072116" lon="116.33736086064653">
        <ele>44.6</ele>
        <time>2026-07-28T13:18:29.689Z</time>
      </trkpt>
      <trkpt lat="40.077000795796685" lon="116.33733138271592">
        <ele>44.6</ele>
        <time>2026-07-28T13:18:30.688Z</time>
      </trkpt>
      <trkpt lat="40.07699901698048" lon="116.33730201329162">
        <ele>44.6</ele>
        <time>2026-07-28T13:18:31.688Z</time>
      </trkpt>
      <trkpt lat="40.0769960159323" lon="116.33727286010024">
        <ele>44.6</ele>
        <time>2026-07-28T13:18:32.689Z</time>
      </trkpt>
      <trkpt lat="40.07699161741528" lon="116.33724398838467">
        <ele>44.6</ele>
        <time>2026-07-28T13:18:33.689Z</time>
      </trkpt>
      <trkpt lat="40.07698562556623" lon="116.33721577241818">
        <ele>44.5</ele>
        <time>2026-07-28T13:18:34.689Z</time>
      </trkpt>
      <trkpt lat="40.07697786662714" lon="116.33718871213318">
        <ele>44.5</ele>
        <time>2026-07-28T13:18:35.689Z</time>
      </trkpt>
      <trkpt lat="40.07696847077202" lon="116.33716295782942">
        <ele>44.5</ele>
        <time>2026-07-28T13:18:36.689Z</time>
      </trkpt>
      <trkpt lat="40.07695737777386" lon="116.3371383527046">
        <ele>44.5</ele>
        <time>2026-07-28T13:18:37.689Z</time>
      </trkpt>
      <trkpt lat="40.07694453683991" lon="116.33711471112434">
        <ele>44.5</ele>
        <time>2026-07-28T13:18:38.689Z</time>
      </trkpt>
      <trkpt lat="40.07693013289882" lon="116.33709220608321">
        <ele>44.5</ele>
        <time>2026-07-28T13:18:39.689Z</time>
      </trkpt>
      <trkpt lat="40.07691458964778" lon="116.337071002584">
        <ele>44.5</ele>
        <time>2026-07-28T13:18:40.689Z</time>
      </trkpt>
      <trkpt lat="40.0768981522451" lon="116.3370510503162">
        <ele>44.5</ele>
        <time>2026-07-28T13:18:41.689Z</time>
      </trkpt>
      <trkpt lat="40.076880839042516" lon="116.33703235794681">
        <ele>44.5</ele>
        <time>2026-07-28T13:18:42.689Z</time>
      </trkpt>
      <trkpt lat="40.076862920189875" lon="116.33701484277222">
        <ele>44.5</ele>
        <time>2026-07-28T13:18:43.689Z</time>
      </trkpt>
      <trkpt lat="40.07684464064622" lon="116.33699844024544">
        <ele>44.5</ele>
        <time>2026-07-28T13:18:44.689Z</time>
      </trkpt>
      <trkpt lat="40.076825820637715" lon="116.33698354226037">
        <ele>44.5</ele>
        <time>2026-07-28T13:18:45.689Z</time>
      </trkpt>
      <trkpt lat="40.07680630286632" lon="116.33697046029668">
        <ele>44.5</ele>
        <time>2026-07-28T13:18:46.689Z</time>
      </trkpt>
      <trkpt lat="40.07678607949413" lon="116.336959124828">
        <ele>44.5</ele>
        <time>2026-07-28T13:18:47.689Z</time>
      </trkpt>
      <trkpt lat="40.07676527067378" lon="116.33694928189158">
        <ele>44.6</ele>
        <time>2026-07-28T13:18:48.689Z</time>
      </trkpt>
      <trkpt lat="40.07674392132272" lon="116.3369410204809">
        <ele>44.6</ele>
        <time>2026-07-28T13:18:49.689Z</time>
      </trkpt>
      <trkpt lat="40.076722013379715" lon="116.33693459211491">
        <ele>44.6</ele>
        <time>2026-07-28T13:18:50.689Z</time>
      </trkpt>
      <trkpt lat="40.07669971069336" lon="116.33692981859748">
        <ele>44.6</ele>
        <time>2026-07-28T13:18:51.689Z</time>
      </trkpt>
      <trkpt lat="40.076677367971485" lon="116.33692651730956">
        <ele>44.7</ele>
        <time>2026-07-28T13:18:52.689Z</time>
      </trkpt>
      <trkpt lat="40.076655131518216" lon="116.33692461747658">
        <ele>44.7</ele>
        <time>2026-07-28T13:18:53.688Z</time>
      </trkpt>
      <trkpt lat="40.07663277344186" lon="116.33692412382074">
        <ele>44.7</ele>
        <time>2026-07-28T13:18:54.689Z</time>
      </trkpt>
      <trkpt lat="40.07661022049391" lon="116.3369246560298">
        <ele>44.7</ele>
        <time>2026-07-28T13:18:55.689Z</time>
      </trkpt>
      <trkpt lat="40.07658752001659" lon="116.33692548972824">
        <ele>44.8</ele>
        <time>2026-07-28T13:18:56.689Z</time>
      </trkpt>
      <trkpt lat="40.0765648490323" lon="116.33692623373278">
        <ele>44.8</ele>
        <time>2026-07-28T13:18:57.688Z</time>
      </trkpt>
      <trkpt lat="40.07654211466432" lon="116.33692682055113">
        <ele>44.8</ele>
        <time>2026-07-28T13:18:58.689Z</time>
      </trkpt>
      <trkpt lat="40.07651919927362" lon="116.33692724720596">
        <ele>44.8</ele>
        <time>2026-07-28T13:18:59.689Z</time>
      </trkpt>
      <trkpt lat="40.07649624854637" lon="116.33692733745042">
        <ele>44.9</ele>
        <time>2026-07-28T13:19:00.689Z</time>
      </trkpt>
      <trkpt lat="40.07647350263108" lon="116.33692700223578">
        <ele>44.9</ele>
        <time>2026-07-28T13:19:01.689Z</time>
      </trkpt>
      <trkpt lat="40.0764511364073" lon="116.33692635795703">
        <ele>44.9</ele>
        <time>2026-07-28T13:19:02.689Z</time>
      </trkpt>
      <trkpt lat="40.076429118412236" lon="116.33692583961307">
        <ele>44.9</ele>
        <time>2026-07-28T13:19:03.689Z</time>
      </trkpt>
      <trkpt lat="40.076407327050994" lon="116.33692591230266">
        <ele>44.9</ele>
        <time>2026-07-28T13:19:04.689Z</time>
      </trkpt>
      <trkpt lat="40.076385563275295" lon="116.33692633856549">
        <ele>44.9</ele>
        <time>2026-07-28T13:19:05.689Z</time>
      </trkpt>
      <trkpt lat="40.07636369049042" lon="116.33692692469238">
        <ele>45.0</ele>
        <time>2026-07-28T13:19:06.689Z</time>
      </trkpt>
      <trkpt lat="40.07634182815964" lon="116.33692752770283">
        <ele>45.0</ele>
        <time>2026-07-28T13:19:07.689Z</time>
      </trkpt>
      <trkpt lat="40.07632009956202" lon="116.33692778947398">
        <ele>45.0</ele>
        <time>2026-07-28T13:19:08.689Z</time>
      </trkpt>
      <trkpt lat="40.07629853836713" lon="116.33692771639058">
        <ele>45.0</ele>
        <time>2026-07-28T13:19:09.688Z</time>
      </trkpt>
      <trkpt lat="40.07627702178151" lon="116.33692735060272">
        <ele>45.0</ele>
        <time>2026-07-28T13:19:10.689Z</time>
      </trkpt>
      <trkpt lat="40.076255479597435" lon="116.33692689570864">
        <ele>45.0</ele>
        <time>2026-07-28T13:19:11.689Z</time>
      </trkpt>
      <trkpt lat="40.07623382541984" lon="116.33692667772374">
        <ele>45.1</ele>
        <time>2026-07-28T13:19:12.689Z</time>
      </trkpt>
      <trkpt lat="40.07621198813269" lon="116.3369265097478">
        <ele>45.1</ele>
        <time>2026-07-28T13:19:13.689Z</time>
      </trkpt>
      <trkpt lat="40.07618996259342" lon="116.33692603504502">
        <ele>45.1</ele>
        <time>2026-07-28T13:19:14.688Z</time>
      </trkpt>
      <trkpt lat="40.076167863707695" lon="116.33692527973491">
        <ele>45.1</ele>
        <time>2026-07-28T13:19:15.689Z</time>
        <extensions>
  <gpxtpx:TrackPointExtension>
    <gpxtpx:hr>161</gpxtpx:hr>
  </gpxtpx:TrackPointExtension>
</extensions>
      </trkpt>
      <trkpt lat="40.076145946842175" lon="116.33692456187322">
        <ele>45.2</ele>
        <time>2026-07-28T13:19:16.689Z</time>
        <extensions>
  <gpxtpx:TrackPointExtension>
    <gpxtpx:hr>161</gpxtpx:hr>
  </gpxtpx:TrackPointExtension>
</extensions>
      </trkpt>
      <trkpt lat="40.076124264251305" lon="116.33692403858669">
        <ele>45.2</ele>
        <time>2026-07-28T13:19:17.689Z</time>
        <extensions>
  <gpxtpx:TrackPointExtension>
    <gpxtpx:hr>161</gpxtpx:hr>
  </gpxtpx:TrackPointExtension>
</extensions>
      </trkpt>
      <trkpt lat="40.07610261276679" lon="116.3369237812662">
        <ele>45.2</ele>
        <time>2026-07-28T13:19:18.689Z</time>
        <extensions>
  <gpxtpx:TrackPointExtension>
    <gpxtpx:hr>161</gpxtpx:hr>
  </gpxtpx:TrackPointExtension>
</extensions>
      </trkpt>
      <trkpt lat="40.07608078862435" lon="116.3369238201522">
        <ele>45.3</ele>
        <time>2026-07-28T13:19:19.689Z</time>
        <extensions>
  <gpxtpx:TrackPointExtension>
    <gpxtpx:hr>161</gpxtpx:hr>
  </gpxtpx:TrackPointExtension>
</extensions>
      </trkpt>
      <trkpt lat="40.076058636546335" lon="116.33692401344878">
        <ele>45.3</ele>
        <time>2026-07-28T13:19:20.688Z</time>
        <extensions>
  <gpxtpx:TrackPointExtension>
    <gpxtpx:hr>161</gpxtpx:hr>
  </gpxtpx:TrackPointExtension>
</extensions>
      </trkpt>
      <trkpt lat="40.07603605584231" lon="116.33692423830155">
        <ele>45.3</ele>
        <time>2026-07-28T13:19:21.689Z</time>
        <extensions>
  <gpxtpx:TrackPointExtension>
    <gpxtpx:hr>161</gpxtpx:hr>
  </gpxtpx:TrackPointExtension>
</extensions>
      </trkpt>
      <trkpt lat="40.076013308298656" lon="116.33692454619931">
        <ele>45.4</ele>
        <time>2026-07-28T13:19:22.688Z</time>
        <extensions>
  <gpxtpx:TrackPointExtension>
    <gpxtpx:hr>161</gpxtpx:hr>
  </gpxtpx:TrackPointExtension>
</extensions>
      </trkpt>
      <trkpt lat="40.07599063050441" lon="116.33692484864444">
        <ele>45.4</ele>
        <time>2026-07-28T13:19:23.689Z</time>
        <extensions>
  <gpxtpx:TrackPointExtension>
    <gpxtpx:hr>161</gpxtpx:hr>
  </gpxtpx:TrackPointExtension>
</extensions>
      </trkpt>
      <trkpt lat="40.07596813832804" lon="116.3369252458835">
        <ele>45.5</ele>
        <time>2026-07-28T13:19:24.689Z</time>
        <extensions>
  <gpxtpx:TrackPointExtension>
    <gpxtpx:hr>161</gpxtpx:hr>
  </gpxtpx:TrackPointExtension>
</extensions>
      </trkpt>
      <trkpt lat="40.07594573043238" lon="116.3369259824125">
        <ele>45.5</ele>
        <time>2026-07-28T13:19:25.689Z</time>
      </trkpt>
      <trkpt lat="40.07592340300625" lon="116.33692695718854">
        <ele>45.5</ele>
        <time>2026-07-28T13:19:26.689Z</time>
      </trkpt>
      <trkpt lat="40.07590106389903" lon="116.33692805994848">
        <ele>45.6</ele>
        <time>2026-07-28T13:19:27.689Z</time>
      </trkpt>
      <trkpt lat="40.07587859541499" lon="116.33692954685094">
        <ele>45.6</ele>
        <time>2026-07-28T13:19:28.689Z</time>
      </trkpt>
      <trkpt lat="40.075856243326086" lon="116.33693187630234">
        <ele>45.6</ele>
        <time>2026-07-28T13:19:29.688Z</time>
      </trkpt>
      <trkpt lat="40.07583438483656" lon="116.33693553059358">
        <ele>45.7</ele>
        <time>2026-07-28T13:19:30.689Z</time>
      </trkpt>
      <trkpt lat="40.07581307323053" lon="116.33694080988981">
        <ele>45.7</ele>
        <time>2026-07-28T13:19:31.689Z</time>
      </trkpt>
      <trkpt lat="40.075791946578754" lon="116.33694759065968">
        <ele>45.8</ele>
        <time>2026-07-28T13:19:32.688Z</time>
      </trkpt>
      <trkpt lat="40.07577085338367" lon="116.33695588231048">
        <ele>45.8</ele>
        <time>2026-07-28T13:19:33.688Z</time>
      </trkpt>
      <trkpt lat="40.07574997545125" lon="116.33696559034891">
        <ele>45.9</ele>
        <time>2026-07-28T13:19:34.688Z</time>
      </trkpt>
      <trkpt lat="40.07572948084279" lon="116.33697639117158">
        <ele>45.9</ele>
        <time>2026-07-28T13:19:35.689Z</time>
      </trkpt>
      <trkpt lat="40.07570937926841" lon="116.33698829630443">
        <ele>46.0</ele>
        <time>2026-07-28T13:19:36.689Z</time>
      </trkpt>
      <trkpt lat="40.07568952011689" lon="116.33700136552493">
        <ele>46.0</ele>
        <time>2026-07-28T13:19:37.688Z</time>
      </trkpt>
      <trkpt lat="40.075669928154426" lon="116.33701574079113">
        <ele>46.1</ele>
        <time>2026-07-28T13:19:38.688Z</time>
      </trkpt>
      <trkpt lat="40.075651047194626" lon="116.33703196530362">
        <ele>46.1</ele>
        <time>2026-07-28T13:19:39.688Z</time>
      </trkpt>
      <trkpt lat="40.075633263356245" lon="116.33705035768159">
        <ele>46.2</ele>
        <time>2026-07-28T13:19:40.689Z</time>
      </trkpt>
      <trkpt lat="40.075616672820736" lon="116.33707063124963">
        <ele>46.2</ele>
        <time>2026-07-28T13:19:41.688Z</time>
      </trkpt>
      <trkpt lat="40.07560128579481" lon="116.33709242025304">
        <ele>46.3</ele>
        <time>2026-07-28T13:19:42.688Z</time>
      </trkpt>
      <trkpt lat="40.075587175702516" lon="116.3371154692936">
        <ele>46.3</ele>
        <time>2026-07-28T13:19:43.688Z</time>
      </trkpt>
      <trkpt lat="40.075574458964134" lon="116.33713974935151">
        <ele>46.4</ele>
        <time>2026-07-28T13:19:44.688Z</time>
      </trkpt>
      <trkpt lat="40.07556317758716" lon="116.33716516471442">
        <ele>46.4</ele>
        <time>2026-07-28T13:19:45.688Z</time>
      </trkpt>
      <trkpt lat="40.075553230710796" lon="116.33719154998852">
        <ele>46.5</ele>
        <time>2026-07-28T13:19:46.688Z</time>
      </trkpt>
      <trkpt lat="40.07554438984067" lon="116.33721866300176">
        <ele>46.5</ele>
        <time>2026-07-28T13:19:47.689Z</time>
      </trkpt>
      <trkpt lat="40.07553658795653" lon="116.33724611554399">
        <ele>46.5</ele>
        <time>2026-07-28T13:19:48.688Z</time>
      </trkpt>
      <trkpt lat="40.07552993139892" lon="116.33727366823896">
        <ele>46.5</ele>
        <time>2026-07-28T13:19:49.688Z</time>
      </trkpt>
      <trkpt lat="40.075524297927636" lon="116.33730114854694">
        <ele>46.6</ele>
        <time>2026-07-28T13:19:50.688Z</time>
      </trkpt>
      <trkpt lat="40.07551943393621" lon="116.3373284719571">
        <ele>46.6</ele>
        <time>2026-07-28T13:19:51.688Z</time>
      </trkpt>
      <trkpt lat="40.075515734365176" lon="116.33735574383087">
        <ele>46.6</ele>
        <time>2026-07-28T13:19:52.688Z</time>
      </trkpt>
      <trkpt lat="40.07551360475592" lon="116.33738309476668">
        <ele>46.6</ele>
        <time>2026-07-28T13:19:53.688Z</time>
      </trkpt>
      <trkpt lat="40.07551312417074" lon="116.33741026974641">
        <ele>46.6</ele>
        <time>2026-07-28T13:19:54.688Z</time>
      </trkpt>
      <trkpt lat="40.07551430744615" lon="116.33743724723114">
        <ele>46.6</ele>
        <time>2026-07-28T13:19:55.689Z</time>
      </trkpt>
      <trkpt lat="40.075517072481425" lon="116.33746432000142">
        <ele>46.5</ele>
        <time>2026-07-28T13:19:56.688Z</time>
      </trkpt>
      <trkpt lat="40.0755215119883" lon="116.3374913486644">
        <ele>46.5</ele>
        <time>2026-07-28T13:19:57.688Z</time>
      </trkpt>
      <trkpt lat="40.075527732409334" lon="116.33751789848586">
        <ele>46.5</ele>
        <time>2026-07-28T13:19:58.689Z</time>
      </trkpt>
      <trkpt lat="40.0755354272201" lon="116.33754386258428">
        <ele>46.5</ele>
        <time>2026-07-28T13:19:59.688Z</time>
      </trkpt>
      <trkpt lat="40.0755443805642" lon="116.33756928454775">
        <ele>46.4</ele>
        <time>2026-07-28T13:20:00.688Z</time>
      </trkpt>
      <trkpt lat="40.075554626660754" lon="116.33759387909451">
        <ele>46.4</ele>
        <time>2026-07-28T13:20:01.688Z</time>
      </trkpt>
      <trkpt lat="40.07556607709217" lon="116.33761737608476">
        <ele>46.4</ele>
        <time>2026-07-28T13:20:02.689Z</time>
      </trkpt>
      <trkpt lat="40.07557872416848" lon="116.33763961258862">
        <ele>46.3</ele>
        <time>2026-07-28T13:20:03.689Z</time>
      </trkpt>
      <trkpt lat="40.07559256736974" lon="116.33766044101424">
        <ele>46.3</ele>
        <time>2026-07-28T13:20:04.688Z</time>
      </trkpt>
      <trkpt lat="40.07560745761828" lon="116.33767992851314">
        <ele>46.2</ele>
        <time>2026-07-28T13:20:05.688Z</time>
      </trkpt>
      <trkpt lat="40.075623390883294" lon="116.33769825332611">
        <ele>46.2</ele>
        <time>2026-07-28T13:20:06.688Z</time>
      </trkpt>
      <trkpt lat="40.07564037617065" lon="116.33771553535861">
        <ele>46.1</ele>
        <time>2026-07-28T13:20:07.688Z</time>
      </trkpt>
      <trkpt lat="40.07565844662665" lon="116.3377316481761">
        <ele>46.1</ele>
        <time>2026-07-28T13:20:08.688Z</time>
      </trkpt>
      <trkpt lat="40.07567755799922" lon="116.3377465313793">
        <ele>46.1</ele>
        <time>2026-07-28T13:20:09.688Z</time>
      </trkpt>
      <trkpt lat="40.07569757399331" lon="116.3377603270877">
        <ele>46.0</ele>
        <time>2026-07-28T13:20:10.688Z</time>
      </trkpt>
      <trkpt lat="40.075718311756034" lon="116.3377726123624">
        <ele>46.0</ele>
        <time>2026-07-28T13:20:11.688Z</time>
      </trkpt>
      <trkpt lat="40.07573951110899" lon="116.3377830437493">
        <ele>45.9</ele>
        <time>2026-07-28T13:20:12.689Z</time>
      </trkpt>
      <trkpt lat="40.075760869112315" lon="116.33779187734278">
        <ele>45.9</ele>
        <time>2026-07-28T13:20:13.689Z</time>
      </trkpt>
      <trkpt lat="40.07578235224197" lon="116.33779924471635">
        <ele>45.9</ele>
        <time>2026-07-28T13:20:14.688Z</time>
      </trkpt>
      <trkpt lat="40.07580393077218" lon="116.33780526898344">
        <ele>45.9</ele>
        <time>2026-07-28T13:20:15.689Z</time>
      </trkpt>
      <trkpt lat="40.07582555663112" lon="116.33781008960273">
        <ele>45.9</ele>
        <time>2026-07-28T13:20:16.688Z</time>
      </trkpt>
      <trkpt lat="40.07584745348951" lon="116.33781366252467">
        <ele>45.8</ele>
        <time>2026-07-28T13:20:17.688Z</time>
      </trkpt>
      <trkpt lat="40.075869584932654" lon="116.33781606730207">
        <ele>45.8</ele>
        <time>2026-07-28T13:20:18.688Z</time>
      </trkpt>
      <trkpt lat="40.07589161599711" lon="116.33781773029268">
        <ele>45.8</ele>
        <time>2026-07-28T13:20:19.688Z</time>
      </trkpt>
      <trkpt lat="40.07591329282197" lon="116.33781893083318">
        <ele>45.9</ele>
        <time>2026-07-28T13:20:20.688Z</time>
      </trkpt>
      <trkpt lat="40.07593475279871" lon="116.33781974231769">
        <ele>45.9</ele>
        <time>2026-07-28T13:20:21.688Z</time>
      </trkpt>
      <trkpt lat="40.07595625613374" lon="116.33782012759403">
        <ele>45.9</ele>
        <time>2026-07-28T13:20:22.688Z</time>
      </trkpt>
      <trkpt lat="40.07597793429488" lon="116.33782023310575">
        <ele>45.9</ele>
        <time>2026-07-28T13:20:23.689Z</time>
      </trkpt>
      <trkpt lat="40.07599981379117" lon="116.33782020715817">
        <ele>45.9</ele>
        <time>2026-07-28T13:20:24.688Z</time>
      </trkpt>
      <trkpt lat="40.07602199393418" lon="116.33782019446092">
        <ele>45.9</ele>
        <time>2026-07-28T13:20:25.688Z</time>
      </trkpt>
      <trkpt lat="40.07604429625066" lon="116.33782030416593">
        <ele>45.9</ele>
        <time>2026-07-28T13:20:26.688Z</time>
      </trkpt>
      <trkpt lat="40.076066417473655" lon="116.3378204901195">
        <ele>45.9</ele>
        <time>2026-07-28T13:20:27.688Z</time>
      </trkpt>
      <trkpt lat="40.07608821754787" lon="116.33782059654287">
        <ele>45.9</ele>
        <time>2026-07-28T13:20:28.688Z</time>
      </trkpt>
      <trkpt lat="40.076109857342644" lon="116.33782038693806">
        <ele>45.9</ele>
        <time>2026-07-28T13:20:29.688Z</time>
      </trkpt>
      <trkpt lat="40.07613142586031" lon="116.33781988398525">
        <ele>45.9</ele>
        <time>2026-07-28T13:20:30.689Z</time>
      </trkpt>
      <trkpt lat="40.076152917988495" lon="116.33781956514687">
        <ele>45.9</ele>
        <time>2026-07-28T13:20:31.689Z</time>
      </trkpt>
      <trkpt lat="40.07617435271007" lon="116.33781971241015">
        <ele>45.9</ele>
        <time>2026-07-28T13:20:32.688Z</time>
      </trkpt>
      <trkpt lat="40.076195779231895" lon="116.33782019033428">
        <ele>45.9</ele>
        <time>2026-07-28T13:20:33.688Z</time>
      </trkpt>
      <trkpt lat="40.076217087726924" lon="116.3378206792458">
        <ele>45.9</ele>
        <time>2026-07-28T13:20:34.688Z</time>
      </trkpt>
      <trkpt lat="40.076238249766305" lon="116.33782097175497">
        <ele>45.9</ele>
        <time>2026-07-28T13:20:35.689Z</time>
      </trkpt>
      <trkpt lat="40.076259324175" lon="116.33782125671867">
        <ele>45.8</ele>
        <time>2026-07-28T13:20:36.688Z</time>
      </trkpt>
      <trkpt lat="40.076280337112706" lon="116.33782175726691">
        <ele>45.8</ele>
        <time>2026-07-28T13:20:37.688Z</time>
      </trkpt>
      <trkpt lat="40.07630112452257" lon="116.33782250325457">
        <ele>45.8</ele>
        <time>2026-07-28T13:20:38.688Z</time>
      </trkpt>
      <trkpt lat="40.076321713706534" lon="116.33782341384816">
        <ele>45.8</ele>
        <time>2026-07-28T13:20:39.688Z</time>
      </trkpt>
      <trkpt lat="40.076342288755924" lon="116.33782411095784">
        <ele>45.7</ele>
        <time>2026-07-28T13:20:40.688Z</time>
      </trkpt>
      <trkpt lat="40.07636305106046" lon="116.33782437911506">
        <ele>45.7</ele>
        <time>2026-07-28T13:20:41.688Z</time>
      </trkpt>
      <trkpt lat="40.07638403041199" lon="116.33782431996288">
        <ele>45.7</ele>
        <time>2026-07-28T13:20:42.688Z</time>
      </trkpt>
      <trkpt lat="40.076405047772774" lon="116.3378242132801">
        <ele>45.6</ele>
        <time>2026-07-28T13:20:43.689Z</time>
      </trkpt>
      <trkpt lat="40.07642603998266" lon="116.337824202105">
        <ele>45.6</ele>
        <time>2026-07-28T13:20:44.688Z</time>
      </trkpt>
      <trkpt lat="40.0764470299453" lon="116.33782420836168">
        <ele>45.6</ele>
        <time>2026-07-28T13:20:45.688Z</time>
      </trkpt>
      <trkpt lat="40.07646794036259" lon="116.33782426376715">
        <ele>45.5</ele>
        <time>2026-07-28T13:20:46.688Z</time>
      </trkpt>
      <trkpt lat="40.07648882076701" lon="116.33782409870028">
        <ele>45.5</ele>
        <time>2026-07-28T13:20:47.689Z</time>
      </trkpt>
      <trkpt lat="40.076509657864484" lon="116.3378236264791">
        <ele>45.5</ele>
        <time>2026-07-28T13:20:48.689Z</time>
      </trkpt>
      <trkpt lat="40.07653028538468" lon="116.33782315576681">
        <ele>45.5</ele>
        <time>2026-07-28T13:20:49.688Z</time>
      </trkpt>
      <trkpt lat="40.07655071690005" lon="116.33782278326979">
        <ele>45.4</ele>
        <time>2026-07-28T13:20:50.688Z</time>
      </trkpt>
      <trkpt lat="40.07657112857697" lon="116.3378223889995">
        <ele>45.4</ele>
        <time>2026-07-28T13:20:51.688Z</time>
      </trkpt>
      <trkpt lat="40.07659161820216" lon="116.33782182196418">
        <ele>45.4</ele>
        <time>2026-07-28T13:20:52.688Z</time>
      </trkpt>
      <trkpt lat="40.076612154423486" lon="116.33782094471809">
        <ele>45.4</ele>
        <time>2026-07-28T13:20:53.688Z</time>
      </trkpt>
      <trkpt lat="40.076632714781624" lon="116.33781963870318">
        <ele>45.3</ele>
        <time>2026-07-28T13:20:54.688Z</time>
      </trkpt>
      <trkpt lat="40.0766533947783" lon="116.337817739652">
        <ele>45.3</ele>
        <time>2026-07-28T13:20:55.688Z</time>
      </trkpt>
      <trkpt lat="40.0766742707952" lon="116.33781496314386">
        <ele>45.3</ele>
        <time>2026-07-28T13:20:56.688Z</time>
      </trkpt>
      <trkpt lat="40.07669534140937" lon="116.33781084194128">
        <ele>45.3</ele>
        <time>2026-07-28T13:20:57.688Z</time>
      </trkpt>
      <trkpt lat="40.07671632792001" lon="116.3378052531713">
        <ele>45.3</ele>
        <time>2026-07-28T13:20:58.688Z</time>
      </trkpt>
      <trkpt lat="40.07673695809503" lon="116.33779847687894">
        <ele>45.3</ele>
        <time>2026-07-28T13:20:59.688Z</time>
      </trkpt>
      <trkpt lat="40.07675740836592" lon="116.3377905858477">
        <ele>45.3</ele>
        <time>2026-07-28T13:21:00.688Z</time>
      </trkpt>
      <trkpt lat="40.07677798820007" lon="116.3377813689967">
        <ele>45.3</ele>
        <time>2026-07-28T13:21:01.688Z</time>
      </trkpt>
      <trkpt lat="40.076798689644626" lon="116.33777095799343">
        <ele>45.2</ele>
        <time>2026-07-28T13:21:02.688Z</time>
      </trkpt>
      <trkpt lat="40.07681891584575" lon="116.33775911659345">
        <ele>45.2</ele>
        <time>2026-07-28T13:21:03.688Z</time>
      </trkpt>
      <trkpt lat="40.07683817305145" lon="116.33774558631237">
        <ele>45.2</ele>
        <time>2026-07-28T13:21:04.688Z</time>
      </trkpt>
      <trkpt lat="40.07685633263017" lon="116.33773068197033">
        <ele>45.2</ele>
        <time>2026-07-28T13:21:05.688Z</time>
      </trkpt>
      <trkpt lat="40.076873453445955" lon="116.33771477190598">
        <ele>45.1</ele>
        <time>2026-07-28T13:21:06.688Z</time>
      </trkpt>
      <trkpt lat="40.076889662514" lon="116.33769787663668">
        <ele>45.1</ele>
        <time>2026-07-28T13:21:07.688Z</time>
      </trkpt>
      <trkpt lat="40.07690497420317" lon="116.33767972969038">
        <ele>45.1</ele>
        <time>2026-07-28T13:21:08.688Z</time>
      </trkpt>
      <trkpt lat="40.07691921047647" lon="116.33766009923954">
        <ele>45.0</ele>
        <time>2026-07-28T13:21:09.688Z</time>
      </trkpt>
      <trkpt lat="40.076932125725" lon="116.33763910569003">
        <ele>45.0</ele>
        <time>2026-07-28T13:21:10.688Z</time>
      </trkpt>
      <trkpt lat="40.07694368363431" lon="116.337617023916">
        <ele>45.0</ele>
        <time>2026-07-28T13:21:11.688Z</time>
      </trkpt>
      <trkpt lat="40.07695419111403" lon="116.33759390084755">
        <ele>44.9</ele>
        <time>2026-07-28T13:21:12.688Z</time>
      </trkpt>
      <trkpt lat="40.07696381833511" lon="116.33756975269584">
        <ele>44.9</ele>
        <time>2026-07-28T13:21:13.688Z</time>
      </trkpt>
      <trkpt lat="40.07697252017689" lon="116.33754462260573">
        <ele>44.9</ele>
        <time>2026-07-28T13:21:14.688Z</time>
      </trkpt>
      <trkpt lat="40.076980157555596" lon="116.33751872122716">
        <ele>44.9</ele>
        <time>2026-07-28T13:21:15.688Z</time>
      </trkpt>
      <trkpt lat="40.07698641502662" lon="116.33749222739688">
        <ele>44.9</ele>
        <time>2026-07-28T13:21:16.688Z</time>
      </trkpt>
      <trkpt lat="40.07699134223309" lon="116.33746508220325">
        <ele>44.8</ele>
        <time>2026-07-28T13:21:17.688Z</time>
      </trkpt>
      <trkpt lat="40.07699519170013" lon="116.33743740551252">
        <ele>44.8</ele>
        <time>2026-07-28T13:21:18.688Z</time>
      </trkpt>
      <trkpt lat="40.07699793321358" lon="116.33740915003918">
        <ele>44.8</ele>
        <time>2026-07-28T13:21:19.688Z</time>
      </trkpt>
      <trkpt lat="40.07699944144616" lon="116.33738011231934">
        <ele>44.8</ele>
        <time>2026-07-28T13:21:20.688Z</time>
      </trkpt>
      <trkpt lat="40.07699940846584" lon="116.33735000782309">
        <ele>44.8</ele>
        <time>2026-07-28T13:21:21.688Z</time>
      </trkpt>
      <trkpt lat="40.076997420398584" lon="116.3373188703465">
        <ele>44.8</ele>
        <time>2026-07-28T13:21:22.688Z</time>
      </trkpt>
      <trkpt lat="40.076993212571836" lon="116.33728719623231">
        <ele>44.8</ele>
        <time>2026-07-28T13:21:23.688Z</time>
      </trkpt>
      <trkpt lat="40.076986642884" lon="116.33725536145948">
        <ele>44.8</ele>
        <time>2026-07-28T13:21:24.688Z</time>
      </trkpt>
      <trkpt lat="40.07697769904359" lon="116.33722388751768">
        <ele>44.8</ele>
        <time>2026-07-28T13:21:25.688Z</time>
      </trkpt>
      <trkpt lat="40.076967192500234" lon="116.3371932471715">
        <ele>44.8</ele>
        <time>2026-07-28T13:21:26.688Z</time>
      </trkpt>
      <trkpt lat="40.07695622645479" lon="116.33716405075292">
        <ele>44.8</ele>
        <time>2026-07-28T13:21:27.688Z</time>
      </trkpt>
      <trkpt lat="40.07694500369414" lon="116.33713682726567">
        <ele>44.8</ele>
        <time>2026-07-28T13:21:28.688Z</time>
      </trkpt>
      <trkpt lat="40.07693337827752" lon="116.3371113391295">
        <ele>44.8</ele>
        <time>2026-07-28T13:21:29.688Z</time>
      </trkpt>
      <trkpt lat="40.07692062576979" lon="116.33708721922464">
        <ele>44.8</ele>
        <time>2026-07-28T13:21:30.688Z</time>
      </trkpt>
      <trkpt lat="40.076906184115344" lon="116.33706415655433">
        <ele>44.8</ele>
        <time>2026-07-28T13:21:31.688Z</time>
      </trkpt>
      <trkpt lat="40.07688994867617" lon="116.33704235627825">
        <ele>44.8</ele>
        <time>2026-07-28T13:21:32.688Z</time>
      </trkpt>
      <trkpt lat="40.07687200314929" lon="116.33702243842244">
        <ele>44.8</ele>
        <time>2026-07-28T13:21:33.688Z</time>
      </trkpt>
      <trkpt lat="40.076852913866986" lon="116.33700453385593">
        <ele>44.8</ele>
        <time>2026-07-28T13:21:34.688Z</time>
      </trkpt>
      <trkpt lat="40.07683305008456" lon="116.33698873272716">
        <ele>44.8</ele>
        <time>2026-07-28T13:21:35.688Z</time>
      </trkpt>
      <trkpt lat="40.07681261190914" lon="116.33697524974585">
        <ele>44.8</ele>
        <time>2026-07-28T13:21:36.687Z</time>
      </trkpt>
      <trkpt lat="40.076791562652865" lon="116.33696381318862">
        <ele>44.8</ele>
        <time>2026-07-28T13:21:37.688Z</time>
      </trkpt>
      <trkpt lat="40.076769756972816" lon="116.33695409966991">
        <ele>44.8</ele>
        <time>2026-07-28T13:21:38.688Z</time>
      </trkpt>
      <trkpt lat="40.0767473474498" lon="116.3369459528844">
        <ele>44.8</ele>
        <time>2026-07-28T13:21:39.688Z</time>
      </trkpt>
      <trkpt lat="40.076724574276874" lon="116.33693928227888">
        <ele>44.8</ele>
        <time>2026-07-28T13:21:40.688Z</time>
      </trkpt>
      <trkpt lat="40.07670133909946" lon="116.33693406388173">
        <ele>44.8</ele>
        <time>2026-07-28T13:21:41.688Z</time>
      </trkpt>
      <trkpt lat="40.076677594756866" lon="116.33693015229554">
        <ele>44.9</ele>
        <time>2026-07-28T13:21:42.688Z</time>
      </trkpt>
      <trkpt lat="40.07665344963443" lon="116.33692722318305">
        <ele>44.9</ele>
        <time>2026-07-28T13:21:43.688Z</time>
      </trkpt>
      <trkpt lat="40.07662908972615" lon="116.33692499638605">
        <ele>44.9</ele>
        <time>2026-07-28T13:21:44.688Z</time>
      </trkpt>
      <trkpt lat="40.07660473541723" lon="116.33692342086727">
        <ele>44.9</ele>
        <time>2026-07-28T13:21:45.688Z</time>
      </trkpt>
      <trkpt lat="40.07658055005428" lon="116.33692258660594">
        <ele>45.0</ele>
        <time>2026-07-28T13:21:46.688Z</time>
      </trkpt>
      <trkpt lat="40.076556467672006" lon="116.33692228790716">
        <ele>45.0</ele>
        <time>2026-07-28T13:21:47.688Z</time>
      </trkpt>
      <trkpt lat="40.0765324867044" lon="116.3369223639748">
        <ele>45.0</ele>
        <time>2026-07-28T13:21:48.688Z</time>
      </trkpt>
      <trkpt lat="40.07650853499525" lon="116.33692294527178">
        <ele>45.1</ele>
        <time>2026-07-28T13:21:49.688Z</time>
      </trkpt>
      <trkpt lat="40.07648474706889" lon="116.33692416367116">
        <ele>45.1</ele>
        <time>2026-07-28T13:21:50.688Z</time>
      </trkpt>
      <trkpt lat="40.07646128714346" lon="116.33692590980786">
        <ele>45.1</ele>
        <time>2026-07-28T13:21:51.688Z</time>
      </trkpt>
      <trkpt lat="40.07643808405242" lon="116.33692771903486">
        <ele>45.1</ele>
        <time>2026-07-28T13:21:52.688Z</time>
      </trkpt>
      <trkpt lat="40.07641502715381" lon="116.33692913046562">
        <ele>45.2</ele>
        <time>2026-07-28T13:21:53.688Z</time>
      </trkpt>
      <trkpt lat="40.07639204683295" lon="116.33693002989797">
        <ele>45.2</ele>
        <time>2026-07-28T13:21:54.688Z</time>
      </trkpt>
      <trkpt lat="40.07636916685033" lon="116.33693049810414">
        <ele>45.2</ele>
        <time>2026-07-28T13:21:55.688Z</time>
      </trkpt>
      <trkpt lat="40.07634651314544" lon="116.3369306163623">
        <ele>45.2</ele>
        <time>2026-07-28T13:21:56.688Z</time>
      </trkpt>
      <trkpt lat="40.07632407575123" lon="116.33693066238106">
        <ele>45.3</ele>
        <time>2026-07-28T13:21:57.688Z</time>
      </trkpt>
      <trkpt lat="40.07630180429965" lon="116.33693077486456">
        <ele>45.3</ele>
        <time>2026-07-28T13:21:58.688Z</time>
      </trkpt>
      <trkpt lat="40.07627944998709" lon="116.33693084571185">
        <ele>45.3</ele>
        <time>2026-07-28T13:21:59.688Z</time>
      </trkpt>
      <trkpt lat="40.07625678742793" lon="116.33693101755566">
        <ele>45.3</ele>
        <time>2026-07-28T13:22:00.688Z</time>
      </trkpt>
      <trkpt lat="40.0762338677452" lon="116.33693155367018">
        <ele>45.4</ele>
        <time>2026-07-28T13:22:01.688Z</time>
      </trkpt>
      <trkpt lat="40.07621078351867" lon="116.33693247481">
        <ele>45.4</ele>
        <time>2026-07-28T13:22:02.688Z</time>
      </trkpt>
      <trkpt lat="40.076187669678376" lon="116.33693319591853">
        <ele>45.4</ele>
        <time>2026-07-28T13:22:03.688Z</time>
      </trkpt>
      <trkpt lat="40.076164604039555" lon="116.33693318350521">
        <ele>45.4</ele>
        <time>2026-07-28T13:22:04.688Z</time>
      </trkpt>
      <trkpt lat="40.076141639715296" lon="116.33693248313496">
        <ele>45.4</ele>
        <time>2026-07-28T13:22:05.688Z</time>
      </trkpt>
      <trkpt lat="40.076119051763925" lon="116.33693144196134">
        <ele>45.4</ele>
        <time>2026-07-28T13:22:06.688Z</time>
      </trkpt>
      <trkpt lat="40.07609709856726" lon="116.33693045458595">
        <ele>45.5</ele>
        <time>2026-07-28T13:22:07.688Z</time>
      </trkpt>
      <trkpt lat="40.07607570811868" lon="116.3369297422485">
        <ele>45.5</ele>
        <time>2026-07-28T13:22:08.688Z</time>
      </trkpt>
      <trkpt lat="40.076054559798486" lon="116.33692926859877">
        <ele>45.5</ele>
        <time>2026-07-28T13:22:09.688Z</time>
      </trkpt>
      <trkpt lat="40.076033499812105" lon="116.33692867334447">
        <ele>45.5</ele>
        <time>2026-07-28T13:22:10.688Z</time>
      </trkpt>
      <trkpt lat="40.07601249741106" lon="116.33692771490803">
        <ele>45.5</ele>
        <time>2026-07-28T13:22:11.688Z</time>
      </trkpt>
      <trkpt lat="40.075991518305784" lon="116.336926802855">
        <ele>45.5</ele>
        <time>2026-07-28T13:22:12.688Z</time>
      </trkpt>
      <trkpt lat="40.07597042548743" lon="116.33692633347798">
        <ele>45.6</ele>
        <time>2026-07-28T13:22:13.688Z</time>
      </trkpt>
      <trkpt lat="40.07594909132966" lon="116.33692626951084">
        <ele>45.6</ele>
        <time>2026-07-28T13:22:14.688Z</time>
      </trkpt>
      <trkpt lat="40.0759275984685" lon="116.33692683654722">
        <ele>45.6</ele>
        <time>2026-07-28T13:22:15.688Z</time>
      </trkpt>
      <trkpt lat="40.075906194617595" lon="116.33692806054225">
        <ele>45.6</ele>
        <time>2026-07-28T13:22:16.688Z</time>
      </trkpt>
      <trkpt lat="40.075885151691196" lon="116.33693000306418">
        <ele>45.7</ele>
        <time>2026-07-28T13:22:17.688Z</time>
      </trkpt>
      <trkpt lat="40.07586438792049" lon="116.33693296179703">
        <ele>45.7</ele>
        <time>2026-07-28T13:22:18.688Z</time>
      </trkpt>
      <trkpt lat="40.07584373609049" lon="116.33693703543663">
        <ele>45.8</ele>
        <time>2026-07-28T13:22:19.688Z</time>
      </trkpt>
      <trkpt lat="40.07582297368629" lon="116.33694221184156">
        <ele>45.8</ele>
        <time>2026-07-28T13:22:20.688Z</time>
      </trkpt>
      <trkpt lat="40.075802099434235" lon="116.33694833409018">
        <ele>45.8</ele>
        <time>2026-07-28T13:22:21.688Z</time>
      </trkpt>
      <trkpt lat="40.07578121686935" lon="116.33695541463915">
        <ele>45.9</ele>
        <time>2026-07-28T13:22:22.688Z</time>
      </trkpt>
      <trkpt lat="40.075760458106934" lon="116.33696367605388">
        <ele>45.9</ele>
        <time>2026-07-28T13:22:23.688Z</time>
      </trkpt>
      <trkpt lat="40.075739942434716" lon="116.33697330248356">
        <ele>46.0</ele>
        <time>2026-07-28T13:22:24.688Z</time>
      </trkpt>
      <trkpt lat="40.075719938861276" lon="116.33698442480308">
        <ele>46.1</ele>
        <time>2026-07-28T13:22:25.688Z</time>
      </trkpt>
      <trkpt lat="40.075700698962876" lon="116.33699714730795">
        <ele>46.1</ele>
        <time>2026-07-28T13:22:26.688Z</time>
      </trkpt>
      <trkpt lat="40.075682268737665" lon="116.33701149025353">
        <ele>46.2</ele>
        <time>2026-07-28T13:22:27.688Z</time>
      </trkpt>
      <trkpt lat="40.07566461741549" lon="116.33702736208036">
        <ele>46.2</ele>
        <time>2026-07-28T13:22:28.688Z</time>
      </trkpt>
      <trkpt lat="40.07564766152325" lon="116.33704447956723">
        <ele>46.3</ele>
        <time>2026-07-28T13:22:29.688Z</time>
      </trkpt>
      <trkpt lat="40.07563152391669" lon="116.33706272839748">
        <ele>46.3</ele>
        <time>2026-07-28T13:22:30.688Z</time>
      </trkpt>
      <trkpt lat="40.07561629328751" lon="116.33708227891861">
        <ele>46.4</ele>
        <time>2026-07-28T13:22:31.688Z</time>
      </trkpt>
      <trkpt lat="40.075602031903976" lon="116.33710336323301">
        <ele>46.4</ele>
        <time>2026-07-28T13:22:32.688Z</time>
      </trkpt>
      <trkpt lat="40.07558886776725" lon="116.33712600195639">
        <ele>46.5</ele>
        <time>2026-07-28T13:22:33.688Z</time>
      </trkpt>
      <trkpt lat="40.0755768974983" lon="116.33714984901772">
        <ele>46.5</ele>
        <time>2026-07-28T13:22:34.688Z</time>
      </trkpt>
      <trkpt lat="40.07556619166465" lon="116.33717466691327">
        <ele>46.5</ele>
        <time>2026-07-28T13:22:35.688Z</time>
      </trkpt>
      <trkpt lat="40.07555659505613" lon="116.33720018507101">
        <ele>46.6</ele>
        <time>2026-07-28T13:22:36.688Z</time>
      </trkpt>
      <trkpt lat="40.07554797634609" lon="116.33722617204927">
        <ele>46.6</ele>
        <time>2026-07-28T13:22:37.688Z</time>
      </trkpt>
      <trkpt lat="40.07554043288897" lon="116.33725267405438">
        <ele>46.6</ele>
        <time>2026-07-28T13:22:38.688Z</time>
      </trkpt>
      <trkpt lat="40.07553400644354" lon="116.33727970741103">
        <ele>46.7</ele>
        <time>2026-07-28T13:22:39.688Z</time>
      </trkpt>
      <trkpt lat="40.07552880273486" lon="116.33730718129551">
        <ele>46.7</ele>
        <time>2026-07-28T13:22:40.688Z</time>
      </trkpt>
      <trkpt lat="40.075524928057014" lon="116.33733519881517">
        <ele>46.7</ele>
        <time>2026-07-28T13:22:41.688Z</time>
      </trkpt>
      <trkpt lat="40.07552244052692" lon="116.33736372449471">
        <ele>46.7</ele>
        <time>2026-07-28T13:22:42.688Z</time>
      </trkpt>
      <trkpt lat="40.075521385173644" lon="116.33739262461737">
        <ele>46.7</ele>
        <time>2026-07-28T13:22:43.688Z</time>
      </trkpt>
      <trkpt lat="40.075521793453845" lon="116.33742164307044">
        <ele>46.7</ele>
        <time>2026-07-28T13:22:44.688Z</time>
      </trkpt>
      <trkpt lat="40.07552356845215" lon="116.33745060848622">
        <ele>46.7</ele>
        <time>2026-07-28T13:22:45.688Z</time>
      </trkpt>
      <trkpt lat="40.07552664941006" lon="116.33747962368898">
        <ele>46.7</ele>
        <time>2026-07-28T13:22:46.688Z</time>
      </trkpt>
      <trkpt lat="40.07553105605345" lon="116.33750873691089">
        <ele>46.7</ele>
        <time>2026-07-28T13:22:47.688Z</time>
      </trkpt>
      <trkpt lat="40.075536886673156" lon="116.33753770819978">
        <ele>46.7</ele>
        <time>2026-07-28T13:22:48.688Z</time>
      </trkpt>
      <trkpt lat="40.07554444531312" lon="116.33756579429786">
        <ele>46.6</ele>
        <time>2026-07-28T13:22:49.688Z</time>
      </trkpt>
      <trkpt lat="40.075553891370184" lon="116.337592557518">
        <ele>46.6</ele>
        <time>2026-07-28T13:22:50.688Z</time>
      </trkpt>
      <trkpt lat="40.075565179934735" lon="116.33761799698765">
        <ele>46.6</ele>
        <time>2026-07-28T13:22:51.688Z</time>
      </trkpt>
      <trkpt lat="40.07557805472844" lon="116.33764199844046">
        <ele>46.5</ele>
        <time>2026-07-28T13:22:52.688Z</time>
      </trkpt>
      <trkpt lat="40.075592299338105" lon="116.33766456654378">
        <ele>46.5</ele>
        <time>2026-07-28T13:22:53.688Z</time>
      </trkpt>
      <trkpt lat="40.07560782721319" lon="116.33768560747386">
        <ele>46.4</ele>
        <time>2026-07-28T13:22:54.687Z</time>
      </trkpt>
      <trkpt lat="40.07562439292096" lon="116.33770502640718">
        <ele>46.4</ele>
        <time>2026-07-28T13:22:55.688Z</time>
      </trkpt>
      <trkpt lat="40.07564171085585" lon="116.33772285684216">
        <ele>46.4</ele>
        <time>2026-07-28T13:22:56.688Z</time>
      </trkpt>
      <trkpt lat="40.07565979225363" lon="116.33773907323506">
        <ele>46.3</ele>
        <time>2026-07-28T13:22:57.688Z</time>
      </trkpt>
      <trkpt lat="40.07567878275539" lon="116.3377537603574">
        <ele>46.3</ele>
        <time>2026-07-28T13:22:58.688Z</time>
      </trkpt>
      <trkpt lat="40.075698669546064" lon="116.33776705912094">
        <ele>46.2</ele>
        <time>2026-07-28T13:22:59.688Z</time>
      </trkpt>
      <trkpt lat="40.075719091616186" lon="116.33777912601028">
        <ele>46.2</ele>
        <time>2026-07-28T13:23:00.688Z</time>
      </trkpt>
      <trkpt lat="40.07573969801014" lon="116.33779014543163">
        <ele>46.2</ele>
        <time>2026-07-28T13:23:01.688Z</time>
      </trkpt>
      <trkpt lat="40.07576044198063" lon="116.33780056853023">
        <ele>46.2</ele>
        <time>2026-07-28T13:23:02.688Z</time>
      </trkpt>
      <trkpt lat="40.07578173343254" lon="116.3378098843469">
        <ele>46.1</ele>
        <time>2026-07-28T13:23:03.688Z</time>
      </trkpt>
      <trkpt lat="40.07580367340301" lon="116.33781713364014">
        <ele>46.1</ele>
        <time>2026-07-28T13:23:04.687Z</time>
      </trkpt>
      <trkpt lat="40.07582600926765" lon="116.33782238792718">
        <ele>46.1</ele>
        <time>2026-07-28T13:23:05.688Z</time>
      </trkpt>
      <trkpt lat="40.07584883417876" lon="116.3378259201423">
        <ele>46.1</ele>
        <time>2026-07-28T13:23:06.688Z</time>
      </trkpt>
      <trkpt lat="40.07587220356847" lon="116.33782817496672">
        <ele>46.1</ele>
        <time>2026-07-28T13:23:07.688Z</time>
      </trkpt>
      <trkpt lat="40.075895780197655" lon="116.3378297180027">
        <ele>46.1</ele>
        <time>2026-07-28T13:23:08.687Z</time>
      </trkpt>
      <trkpt lat="40.07591910134386" lon="116.33783094079554">
        <ele>46.1</ele>
        <time>2026-07-28T13:23:09.688Z</time>
      </trkpt>
      <trkpt lat="40.07594204306796" lon="116.33783203209123">
        <ele>46.1</ele>
        <time>2026-07-28T13:23:10.688Z</time>
      </trkpt>
      <trkpt lat="40.07596457122781" lon="116.33783296405734">
        <ele>46.1</ele>
        <time>2026-07-28T13:23:11.687Z</time>
      </trkpt>
      <trkpt lat="40.07598684492687" lon="116.33783381021951">
        <ele>46.1</ele>
        <time>2026-07-28T13:23:12.687Z</time>
      </trkpt>
      <trkpt lat="40.07600918237934" lon="116.33783473185454">
        <ele>46.1</ele>
        <time>2026-07-28T13:23:13.688Z</time>
      </trkpt>
      <trkpt lat="40.076031770249344" lon="116.33783563797411">
        <ele>46.0</ele>
        <time>2026-07-28T13:23:14.688Z</time>
      </trkpt>
      <trkpt lat="40.076054714305215" lon="116.33783641422094">
        <ele>46.0</ele>
        <time>2026-07-28T13:23:15.688Z</time>
      </trkpt>
      <trkpt lat="40.076077862414216" lon="116.33783720797258">
        <ele>46.0</ele>
        <time>2026-07-28T13:23:16.688Z</time>
      </trkpt>
      <trkpt lat="40.0761008303228" lon="116.3378377903364">
        <ele>46.0</ele>
        <time>2026-07-28T13:23:17.688Z</time>
      </trkpt>
      <trkpt lat="40.07612337381084" lon="116.3378380318505">
        <ele>46.0</ele>
        <time>2026-07-28T13:23:18.687Z</time>
      </trkpt>
      <trkpt lat="40.07614571999035" lon="116.33783816966965">
        <ele>46.0</ele>
        <time>2026-07-28T13:23:19.687Z</time>
      </trkpt>
      <trkpt lat="40.07616820769813" lon="116.33783819594058">
        <ele>46.0</ele>
        <time>2026-07-28T13:23:20.687Z</time>
      </trkpt>
      <trkpt lat="40.076190919222384" lon="116.33783795789128">
        <ele>46.0</ele>
        <time>2026-07-28T13:23:21.687Z</time>
      </trkpt>
      <trkpt lat="40.07621359525432" lon="116.337837323033">
        <ele>46.0</ele>
        <time>2026-07-28T13:23:22.687Z</time>
      </trkpt>
      <trkpt lat="40.07623603435919" lon="116.33783639304059">
        <ele>46.0</ele>
        <time>2026-07-28T13:23:23.687Z</time>
      </trkpt>
      <trkpt lat="40.07625818860733" lon="116.33783522770574">
        <ele>45.9</ele>
        <time>2026-07-28T13:23:24.687Z</time>
      </trkpt>
      <trkpt lat="40.076280098586224" lon="116.3378337976737">
        <ele>45.9</ele>
        <time>2026-07-28T13:23:25.688Z</time>
      </trkpt>
      <trkpt lat="40.07630171864497" lon="116.33783218068868">
        <ele>45.9</ele>
        <time>2026-07-28T13:23:26.688Z</time>
      </trkpt>
      <trkpt lat="40.07632283215735" lon="116.33783073626633">
        <ele>45.8</ele>
        <time>2026-07-28T13:23:27.687Z</time>
      </trkpt>
      <trkpt lat="40.076343627117076" lon="116.33782961931789">
        <ele>45.8</ele>
        <time>2026-07-28T13:23:28.687Z</time>
      </trkpt>
      <trkpt lat="40.07636427771708" lon="116.33782887501059">
        <ele>45.7</ele>
        <time>2026-07-28T13:23:29.688Z</time>
      </trkpt>
      <trkpt lat="40.07638474135027" lon="116.33782853606819">
        <ele>45.7</ele>
        <time>2026-07-28T13:23:30.688Z</time>
      </trkpt>
      <trkpt lat="40.07640487623454" lon="116.33782871566753">
        <ele>45.7</ele>
        <time>2026-07-28T13:23:31.688Z</time>
      </trkpt>
      <trkpt lat="40.07642459023423" lon="116.33782934884688">
        <ele>45.6</ele>
        <time>2026-07-28T13:23:32.688Z</time>
      </trkpt>
      <trkpt lat="40.07644399943324" lon="116.33783038080917">
        <ele>45.6</ele>
        <time>2026-07-28T13:23:33.688Z</time>
      </trkpt>
      <trkpt lat="40.076463342628436" lon="116.33783156327014">
        <ele>45.5</ele>
        <time>2026-07-28T13:23:34.688Z</time>
      </trkpt>
      <trkpt lat="40.07648264978802" lon="116.33783245143324">
        <ele>45.5</ele>
        <time>2026-07-28T13:23:35.688Z</time>
      </trkpt>
      <trkpt lat="40.076501976044206" lon="116.33783290863383">
        <ele>45.4</ele>
        <time>2026-07-28T13:23:36.688Z</time>
      </trkpt>
      <trkpt lat="40.076521658386284" lon="116.3378326660572">
        <ele>45.4</ele>
        <time>2026-07-28T13:23:37.688Z</time>
      </trkpt>
      <trkpt lat="40.076541862141724" lon="116.33783170564996">
        <ele>45.3</ele>
        <time>2026-07-28T13:23:38.688Z</time>
      </trkpt>
      <trkpt lat="40.076562613533014" lon="116.33783012855277">
        <ele>45.3</ele>
        <time>2026-07-28T13:23:39.688Z</time>
      </trkpt>
      <trkpt lat="40.07658383222994" lon="116.33782804374505">
        <ele>45.2</ele>
        <time>2026-07-28T13:23:40.688Z</time>
      </trkpt>
      <trkpt lat="40.07660530645823" lon="116.33782552784724">
        <ele>45.2</ele>
        <time>2026-07-28T13:23:41.688Z</time>
      </trkpt>
      <trkpt lat="40.07662667943147" lon="116.33782258863516">
        <ele>45.1</ele>
        <time>2026-07-28T13:23:42.688Z</time>
      </trkpt>
      <trkpt lat="40.07664773933437" lon="116.3378191444143">
        <ele>45.1</ele>
        <time>2026-07-28T13:23:43.687Z</time>
      </trkpt>
      <trkpt lat="40.076668529433846" lon="116.33781489178463">
        <ele>45.1</ele>
        <time>2026-07-28T13:23:44.688Z</time>
      </trkpt>
      <trkpt lat="40.07668899068438" lon="116.33780955965483">
        <ele>45.0</ele>
        <time>2026-07-28T13:23:45.688Z</time>
      </trkpt>
      <trkpt lat="40.07670911323443" lon="116.33780309606098">
        <ele>45.0</ele>
        <time>2026-07-28T13:23:46.687Z</time>
      </trkpt>
      <trkpt lat="40.076729033173514" lon="116.33779573562545">
        <ele>45.0</ele>
        <time>2026-07-28T13:23:47.688Z</time>
      </trkpt>
      <trkpt lat="40.07674893119407" lon="116.33778760659278">
        <ele>45.0</ele>
        <time>2026-07-28T13:23:48.687Z</time>
      </trkpt>
      <trkpt lat="40.07676909167597" lon="116.33777860655493">
        <ele>44.9</ele>
        <time>2026-07-28T13:23:49.687Z</time>
      </trkpt>
      <trkpt lat="40.07678957179621" lon="116.33776839349034">
        <ele>44.9</ele>
        <time>2026-07-28T13:23:50.687Z</time>
      </trkpt>
      <trkpt lat="40.076810068325315" lon="116.33775639156723">
        <ele>44.9</ele>
        <time>2026-07-28T13:23:51.687Z</time>
      </trkpt>
      <trkpt lat="40.07683038566244" lon="116.33774220266496">
        <ele>44.9</ele>
        <time>2026-07-28T13:23:52.687Z</time>
      </trkpt>
      <trkpt lat="40.07685035117777" lon="116.33772541854171">
        <ele>44.9</ele>
        <time>2026-07-28T13:23:53.687Z</time>
      </trkpt>
      <trkpt lat="40.07686968587701" lon="116.33770608248008">
        <ele>44.9</ele>
        <time>2026-07-28T13:23:54.687Z</time>
      </trkpt>
      <trkpt lat="40.0768881374947" lon="116.33768479981143">
        <ele>44.9</ele>
        <time>2026-07-28T13:23:55.688Z</time>
      </trkpt>
      <trkpt lat="40.07690543483949" lon="116.33766205386547">
        <ele>44.9</ele>
        <time>2026-07-28T13:23:56.688Z</time>
      </trkpt>
      <trkpt lat="40.07692127409996" lon="116.33763780259117">
        <ele>44.9</ele>
        <time>2026-07-28T13:23:57.687Z</time>
      </trkpt>
      <trkpt lat="40.076935741596344" lon="116.33761223620846">
        <ele>44.9</ele>
        <time>2026-07-28T13:23:58.688Z</time>
      </trkpt>
      <trkpt lat="40.07694879948441" lon="116.3375855761987">
        <ele>44.9</ele>
        <time>2026-07-28T13:23:59.687Z</time>
      </trkpt>
      <trkpt lat="40.076960698186255" lon="116.33755811830916">
        <ele>44.9</ele>
        <time>2026-07-28T13:24:00.688Z</time>
      </trkpt>
      <trkpt lat="40.076971980034045" lon="116.33753058721899">
        <ele>44.9</ele>
        <time>2026-07-28T13:24:01.687Z</time>
      </trkpt>
      <trkpt lat="40.076982173310746" lon="116.33750272050767">
        <ele>44.9</ele>
        <time>2026-07-28T13:24:02.687Z</time>
      </trkpt>
      <trkpt lat="40.076990666476746" lon="116.33747412332866">
        <ele>44.9</ele>
        <time>2026-07-28T13:24:03.688Z</time>
      </trkpt>
      <trkpt lat="40.07699751195405" lon="116.33744479575586">
        <ele>44.9</ele>
        <time>2026-07-28T13:24:04.687Z</time>
      </trkpt>
      <trkpt lat="40.0770025529563" lon="116.33741481841209">
        <ele>45.0</ele>
        <time>2026-07-28T13:24:05.687Z</time>
      </trkpt>
      <trkpt lat="40.077005743790814" lon="116.33738439965629">
        <ele>45.0</ele>
        <time>2026-07-28T13:24:06.687Z</time>
      </trkpt>
      <trkpt lat="40.07700730135406" lon="116.3373536632208">
        <ele>45.0</ele>
        <time>2026-07-28T13:24:07.687Z</time>
      </trkpt>
      <trkpt lat="40.07700756504892" lon="116.33732269103754">
        <ele>45.0</ele>
        <time>2026-07-28T13:24:08.687Z</time>
      </trkpt>
      <trkpt lat="40.077006729636956" lon="116.33729169349887">
        <ele>45.0</ele>
        <time>2026-07-28T13:24:09.688Z</time>
      </trkpt>
      <trkpt lat="40.077004108260276" lon="116.33726086091866">
        <ele>45.0</ele>
        <time>2026-07-28T13:24:10.687Z</time>
      </trkpt>
      <trkpt lat="40.07699925293512" lon="116.33723051150261">
        <ele>45.0</ele>
        <time>2026-07-28T13:24:11.687Z</time>
      </trkpt>
      <trkpt lat="40.076992085631346" lon="116.33720103891397">
        <ele>45.0</ele>
        <time>2026-07-28T13:24:12.687Z</time>
      </trkpt>
      <trkpt lat="40.076982643890204" lon="116.33717271493803">
        <ele>45.0</ele>
        <time>2026-07-28T13:24:13.688Z</time>
      </trkpt>
      <trkpt lat="40.076971424412086" lon="116.33714550832055">
        <ele>45.0</ele>
        <time>2026-07-28T13:24:14.688Z</time>
      </trkpt>
      <trkpt lat="40.07695884171678" lon="116.3371192692955">
        <ele>45.0</ele>
        <time>2026-07-28T13:24:15.687Z</time>
        <extensions>
  <gpxtpx:TrackPointExtension>
    <gpxtpx:hr>165</gpxtpx:hr>
  </gpxtpx:TrackPointExtension>
</extensions>
      </trkpt>
      <trkpt lat="40.076945068979256" lon="116.33709389739839">
        <ele>45.0</ele>
        <time>2026-07-28T13:24:16.688Z</time>
        <extensions>
  <gpxtpx:TrackPointExtension>
    <gpxtpx:hr>165</gpxtpx:hr>
  </gpxtpx:TrackPointExtension>
</extensions>
      </trkpt>
      <trkpt lat="40.07693031061373" lon="116.33706947738095">
        <ele>45.0</ele>
        <time>2026-07-28T13:24:17.687Z</time>
        <extensions>
  <gpxtpx:TrackPointExtension>
    <gpxtpx:hr>165</gpxtpx:hr>
  </gpxtpx:TrackPointExtension>
</extensions>
      </trkpt>
      <trkpt lat="40.076914228780964" lon="116.33704671729743">
        <ele>45.0</ele>
        <time>2026-07-28T13:24:18.687Z</time>
        <extensions>
  <gpxtpx:TrackPointExtension>
    <gpxtpx:hr>165</gpxtpx:hr>
  </gpxtpx:TrackPointExtension>
</extensions>
      </trkpt>
      <trkpt lat="40.076896696431454" lon="116.33702630867154">
        <ele>45.0</ele>
        <time>2026-07-28T13:24:19.687Z</time>
        <extensions>
  <gpxtpx:TrackPointExtension>
    <gpxtpx:hr>165</gpxtpx:hr>
  </gpxtpx:TrackPointExtension>
</extensions>
      </trkpt>
      <trkpt lat="40.0768783144709" lon="116.33700847824382">
        <ele>45.0</ele>
        <time>2026-07-28T13:24:20.687Z</time>
        <extensions>
  <gpxtpx:TrackPointExtension>
    <gpxtpx:hr>165</gpxtpx:hr>
  </gpxtpx:TrackPointExtension>
</extensions>
      </trkpt>
      <trkpt lat="40.07685943677646" lon="116.33699310092122">
        <ele>45.0</ele>
        <time>2026-07-28T13:24:21.688Z</time>
        <extensions>
  <gpxtpx:TrackPointExtension>
    <gpxtpx:hr>165</gpxtpx:hr>
  </gpxtpx:TrackPointExtension>
</extensions>
      </trkpt>
      <trkpt lat="40.07684008151267" lon="116.3369796344926">
        <ele>45.0</ele>
        <time>2026-07-28T13:24:22.687Z</time>
        <extensions>
  <gpxtpx:TrackPointExtension>
    <gpxtpx:hr>165</gpxtpx:hr>
  </gpxtpx:TrackPointExtension>
</extensions>
      </trkpt>
      <trkpt lat="40.076820037923305" lon="116.33696781037406">
        <ele>45.0</ele>
        <time>2026-07-28T13:24:23.687Z</time>
        <extensions>
  <gpxtpx:TrackPointExtension>
    <gpxtpx:hr>165</gpxtpx:hr>
  </gpxtpx:TrackPointExtension>
</extensions>
      </trkpt>
      <trkpt lat="40.076799304860245" lon="116.33695708693979">
        <ele>45.0</ele>
        <time>2026-07-28T13:24:24.688Z</time>
        <extensions>
  <gpxtpx:TrackPointExtension>
    <gpxtpx:hr>165</gpxtpx:hr>
  </gpxtpx:TrackPointExtension>
</extensions>
      </trkpt>
      <trkpt lat="40.07677798094211" lon="116.3369469948883">
        <ele>45.1</ele>
        <time>2026-07-28T13:24:25.687Z</time>
      </trkpt>
      <trkpt lat="40.076756034352606" lon="116.33693789834143">
        <ele>45.1</ele>
        <time>2026-07-28T13:24:26.687Z</time>
      </trkpt>
      <trkpt lat="40.076733521171676" lon="116.3369305980721">
        <ele>45.1</ele>
        <time>2026-07-28T13:24:27.687Z</time>
      </trkpt>
      <trkpt lat="40.07671060193719" lon="116.336925307752">
        <ele>45.1</ele>
        <time>2026-07-28T13:24:28.687Z</time>
      </trkpt>
      <trkpt lat="40.07668752696531" lon="116.3369212394918">
        <ele>45.1</ele>
        <time>2026-07-28T13:24:29.687Z</time>
      </trkpt>
      <trkpt lat="40.0766645476163" lon="116.33691796980445">
        <ele>45.2</ele>
        <time>2026-07-28T13:24:30.687Z</time>
      </trkpt>
      <trkpt lat="40.076641840671044" lon="116.33691549171729">
        <ele>45.2</ele>
        <time>2026-07-28T13:24:31.687Z</time>
      </trkpt>
      <trkpt lat="40.076619476677195" lon="116.33691371805337">
        <ele>45.2</ele>
        <time>2026-07-28T13:24:32.687Z</time>
      </trkpt>
      <trkpt lat="40.076597418817585" lon="116.33691369727183">
        <ele>45.3</ele>
        <time>2026-07-28T13:24:33.687Z</time>
      </trkpt>
      <trkpt lat="40.07657547959511" lon="116.33691591387313">
        <ele>45.3</ele>
        <time>2026-07-28T13:24:34.687Z</time>
      </trkpt>
      <trkpt lat="40.076553522921024" lon="116.33691914819381">
        <ele>45.3</ele>
        <time>2026-07-28T13:24:35.687Z</time>
      </trkpt>
      <trkpt lat="40.076531392808704" lon="116.33692232027919">
        <ele>45.3</ele>
        <time>2026-07-28T13:24:36.687Z</time>
      </trkpt>
      <trkpt lat="40.07650903226092" lon="116.3369251017232">
        <ele>45.4</ele>
        <time>2026-07-28T13:24:37.687Z</time>
      </trkpt>
      <trkpt lat="40.076486475765165" lon="116.33692730562848">
        <ele>45.4</ele>
        <time>2026-07-28T13:24:38.687Z</time>
      </trkpt>
      <trkpt lat="40.07646385432311" lon="116.33692819560807">
        <ele>45.4</ele>
        <time>2026-07-28T13:24:39.687Z</time>
      </trkpt>
      <trkpt lat="40.07644120526601" lon="116.33692951300412">
        <ele>45.5</ele>
        <time>2026-07-28T13:24:40.687Z</time>
      </trkpt>
      <trkpt lat="40.076418477515304" lon="116.33693179373924">
        <ele>45.5</ele>
        <time>2026-07-28T13:24:41.687Z</time>
      </trkpt>
      <trkpt lat="40.07639564115627" lon="116.33693332082397">
        <ele>45.5</ele>
        <time>2026-07-28T13:24:42.687Z</time>
      </trkpt>
      <trkpt lat="40.07637298062452" lon="116.3369340475183">
        <ele>45.5</ele>
        <time>2026-07-28T13:24:43.687Z</time>
      </trkpt>
      <trkpt lat="40.07635069893533" lon="116.336934288606">
        <ele>45.6</ele>
        <time>2026-07-28T13:24:44.688Z</time>
      </trkpt>
      <trkpt lat="40.076328839656966" lon="116.33693450016213">
        <ele>45.6</ele>
        <time>2026-07-28T13:24:45.687Z</time>
      </trkpt>
      <trkpt lat="40.076307627128344" lon="116.33693514557447">
        <ele>45.6</ele>
        <time>2026-07-28T13:24:46.688Z</time>
      </trkpt>
      <trkpt lat="40.076286994440466" lon="116.33693622968588">
        <ele>45.6</ele>
        <time>2026-07-28T13:24:47.687Z</time>
      </trkpt>
      <trkpt lat="40.07626641166398" lon="116.3369375652891">
        <ele>45.6</ele>
        <time>2026-07-28T13:24:48.687Z</time>
      </trkpt>
      <trkpt lat="40.07624568614531" lon="116.33693857135322">
        <ele>45.7</ele>
        <time>2026-07-28T13:24:49.687Z</time>
      </trkpt>
      <trkpt lat="40.0762248270896" lon="116.33693781001539">
        <ele>45.7</ele>
        <time>2026-07-28T13:24:50.687Z</time>
      </trkpt>
      <trkpt lat="40.07620396450464" lon="116.3369341389767">
        <ele>45.7</ele>
        <time>2026-07-28T13:24:51.687Z</time>
      </trkpt>
      <trkpt lat="40.076183294308805" lon="116.33692862346177">
        <ele>45.7</ele>
        <time>2026-07-28T13:24:52.687Z</time>
      </trkpt>
      <trkpt lat="40.0761629155046" lon="116.33692432985555">
        <ele>45.7</ele>
        <time>2026-07-28T13:24:53.687Z</time>
      </trkpt>
      <trkpt lat="40.07614266275662" lon="116.33692318897873">
        <ele>45.7</ele>
        <time>2026-07-28T13:24:54.687Z</time>
      </trkpt>
      <trkpt lat="40.07612231452431" lon="116.33692388982143">
        <ele>45.7</ele>
        <time>2026-07-28T13:24:55.687Z</time>
      </trkpt>
      <trkpt lat="40.07610179445668" lon="116.33692482163255">
        <ele>45.8</ele>
        <time>2026-07-28T13:24:56.687Z</time>
      </trkpt>
      <trkpt lat="40.07608113186532" lon="116.3369256902864">
        <ele>45.8</ele>
        <time>2026-07-28T13:24:57.687Z</time>
      </trkpt>
      <trkpt lat="40.07606005527097" lon="116.33692580262614">
        <ele>45.8</ele>
        <time>2026-07-28T13:24:58.687Z</time>
      </trkpt>
      <trkpt lat="40.076038011515244" lon="116.33692483821225">
        <ele>45.8</ele>
        <time>2026-07-28T13:24:59.687Z</time>
      </trkpt>
      <trkpt lat="40.076015075387005" lon="116.33692290296702">
        <ele>45.9</ele>
        <time>2026-07-28T13:25:00.687Z</time>
      </trkpt>
      <trkpt lat="40.075991879796554" lon="116.33691992061313">
        <ele>45.9</ele>
        <time>2026-07-28T13:25:01.687Z</time>
      </trkpt>
      <trkpt lat="40.07596864943871" lon="116.33691706532471">
        <ele>46.0</ele>
        <time>2026-07-28T13:25:02.687Z</time>
      </trkpt>
      <trkpt lat="40.0759453010697" lon="116.33691515056776">
        <ele>46.0</ele>
        <time>2026-07-28T13:25:03.687Z</time>
      </trkpt>
      <trkpt lat="40.0759217758675" lon="116.3369137076366">
        <ele>46.1</ele>
        <time>2026-07-28T13:25:04.687Z</time>
      </trkpt>
      <trkpt lat="40.07589806846875" lon="116.33691292688357">
        <ele>46.1</ele>
        <time>2026-07-28T13:25:05.687Z</time>
      </trkpt>
      <trkpt lat="40.075874272629" lon="116.33691271817662">
        <ele>46.2</ele>
        <time>2026-07-28T13:25:06.687Z</time>
      </trkpt>
      <trkpt lat="40.07585043889247" lon="116.33691296782278">
        <ele>46.2</ele>
        <time>2026-07-28T13:25:07.687Z</time>
      </trkpt>
      <trkpt lat="40.07582669772264" lon="116.33691415026979">
        <ele>46.3</ele>
        <time>2026-07-28T13:25:08.687Z</time>
      </trkpt>
      <trkpt lat="40.075803318232026" lon="116.33691653545048">
        <ele>46.4</ele>
        <time>2026-07-28T13:25:09.687Z</time>
      </trkpt>
      <trkpt lat="40.075780617082756" lon="116.33692026990128">
        <ele>46.4</ele>
        <time>2026-07-28T13:25:10.687Z</time>
      </trkpt>
      <trkpt lat="40.075759025257184" lon="116.33692585711118">
        <ele>46.5</ele>
        <time>2026-07-28T13:25:11.687Z</time>
      </trkpt>
      <trkpt lat="40.075738817052795" lon="116.33693387012859">
        <ele>46.6</ele>
        <time>2026-07-28T13:25:12.687Z</time>
      </trkpt>
      <trkpt lat="40.07571986709948" lon="116.33694444282962">
        <ele>46.7</ele>
        <time>2026-07-28T13:25:13.687Z</time>
      </trkpt>
      <trkpt lat="40.07570209878151" lon="116.33695731930145">
        <ele>46.7</ele>
        <time>2026-07-28T13:25:14.687Z</time>
      </trkpt>
      <trkpt lat="40.07568531458064" lon="116.33697210763005">
        <ele>46.8</ele>
        <time>2026-07-28T13:25:15.687Z</time>
      </trkpt>
      <trkpt lat="40.07566926074286" lon="116.33698854843605">
        <ele>46.9</ele>
        <time>2026-07-28T13:25:16.687Z</time>
      </trkpt>
      <trkpt lat="40.07565334781387" lon="116.33700579092375">
        <ele>46.9</ele>
        <time>2026-07-28T13:25:17.687Z</time>
      </trkpt>
      <trkpt lat="40.075637327076336" lon="116.33702348794272">
        <ele>47.0</ele>
        <time>2026-07-28T13:25:18.687Z</time>
      </trkpt>
      <trkpt lat="40.07562084908154" lon="116.33704129160311">
        <ele>47.0</ele>
        <time>2026-07-28T13:25:19.687Z</time>
      </trkpt>
      <trkpt lat="40.07560355117792" lon="116.33705839232209">
        <ele>47.1</ele>
        <time>2026-07-28T13:25:20.687Z</time>
      </trkpt>
      <trkpt lat="40.07558696270905" lon="116.33707714269555">
        <ele>47.2</ele>
        <time>2026-07-28T13:25:21.687Z</time>
      </trkpt>
      <trkpt lat="40.075572210081695" lon="116.33709925994678">
        <ele>47.2</ele>
        <time>2026-07-28T13:25:22.687Z</time>
      </trkpt>
      <trkpt lat="40.07555874980929" lon="116.33712352690469">
        <ele>47.3</ele>
        <time>2026-07-28T13:25:23.687Z</time>
      </trkpt>
      <trkpt lat="40.07554600475286" lon="116.33714899444564">
        <ele>47.3</ele>
        <time>2026-07-28T13:25:24.687Z</time>
      </trkpt>
      <trkpt lat="40.07553418146335" lon="116.3371756107557">
        <ele>47.3</ele>
        <time>2026-07-28T13:25:25.687Z</time>
      </trkpt>
      <trkpt lat="40.0755237965608" lon="116.3372037253387">
        <ele>47.4</ele>
        <time>2026-07-28T13:25:26.687Z</time>
      </trkpt>
      <trkpt lat="40.07551491493431" lon="116.33723333592951">
        <ele>47.4</ele>
        <time>2026-07-28T13:25:27.686Z</time>
      </trkpt>
      <trkpt lat="40.0755076840186" lon="116.33726420279045">
        <ele>47.4</ele>
        <time>2026-07-28T13:25:28.687Z</time>
      </trkpt>
      <trkpt lat="40.075502135147296" lon="116.33729579503685">
        <ele>47.5</ele>
        <time>2026-07-28T13:25:29.687Z</time>
      </trkpt>
      <trkpt lat="40.07549735857554" lon="116.33732759059642">
        <ele>47.5</ele>
        <time>2026-07-28T13:25:30.687Z</time>
      </trkpt>
      <trkpt lat="40.075493598694074" lon="116.33735962666121">
        <ele>47.5</ele>
        <time>2026-07-28T13:25:31.687Z</time>
      </trkpt>
      <trkpt lat="40.07549191007715" lon="116.33739205072645">
        <ele>47.5</ele>
        <time>2026-07-28T13:25:32.687Z</time>
      </trkpt>
      <trkpt lat="40.07549212431567" lon="116.33742449606662">
        <ele>47.6</ele>
        <time>2026-07-28T13:25:33.687Z</time>
      </trkpt>
      <trkpt lat="40.07549429122064" lon="116.33745650580686">
        <ele>47.6</ele>
        <time>2026-07-28T13:25:34.687Z</time>
      </trkpt>
      <trkpt lat="40.07549877252684" lon="116.33748768718108">
        <ele>47.6</ele>
        <time>2026-07-28T13:25:35.687Z</time>
      </trkpt>
      <trkpt lat="40.075505294921044" lon="116.3375178429825">
        <ele>47.6</ele>
        <time>2026-07-28T13:25:36.687Z</time>
      </trkpt>
      <trkpt lat="40.07551340879757" lon="116.33754691048185">
        <ele>47.5</ele>
        <time>2026-07-28T13:25:37.687Z</time>
      </trkpt>
      <trkpt lat="40.075522808290025" lon="116.33757477541363">
        <ele>47.5</ele>
        <time>2026-07-28T13:25:38.687Z</time>
      </trkpt>
      <trkpt lat="40.07553356422264" lon="116.33760134710022">
        <ele>47.5</ele>
        <time>2026-07-28T13:25:39.687Z</time>
      </trkpt>
      <trkpt lat="40.07554557856555" lon="116.3376268027848">
        <ele>47.5</ele>
        <time>2026-07-28T13:25:40.687Z</time>
      </trkpt>
      <trkpt lat="40.075558661404266" lon="116.3376511061076">
        <ele>47.4</ele>
        <time>2026-07-28T13:25:41.687Z</time>
      </trkpt>
      <trkpt lat="40.07557264071303" lon="116.3376744154309">
        <ele>47.4</ele>
        <time>2026-07-28T13:25:42.687Z</time>
      </trkpt>
      <trkpt lat="40.07558718297344" lon="116.337697056593">
        <ele>47.3</ele>
        <time>2026-07-28T13:25:43.687Z</time>
      </trkpt>
      <trkpt lat="40.07560263591776" lon="116.33771886174084">
        <ele>47.3</ele>
        <time>2026-07-28T13:25:44.687Z</time>
      </trkpt>
      <trkpt lat="40.07561916375932" lon="116.33773980196322">
        <ele>47.2</ele>
        <time>2026-07-28T13:25:45.687Z</time>
      </trkpt>
      <trkpt lat="40.07563681983527" lon="116.33775950990476">
        <ele>47.2</ele>
        <time>2026-07-28T13:25:46.687Z</time>
      </trkpt>
      <trkpt lat="40.07565582920748" lon="116.33777732878896">
        <ele>47.1</ele>
        <time>2026-07-28T13:25:47.687Z</time>
      </trkpt>
      <trkpt lat="40.07567607646749" lon="116.33779317687227">
        <ele>47.1</ele>
        <time>2026-07-28T13:25:48.687Z</time>
      </trkpt>
      <trkpt lat="40.07569730312132" lon="116.33780716376543">
        <ele>47.0</ele>
        <time>2026-07-28T13:25:49.687Z</time>
      </trkpt>
      <trkpt lat="40.075719322391805" lon="116.33781918879171">
        <ele>47.0</ele>
        <time>2026-07-28T13:25:50.686Z</time>
      </trkpt>
      <trkpt lat="40.07574183432183" lon="116.33782939972087">
        <ele>46.9</ele>
        <time>2026-07-28T13:25:51.687Z</time>
      </trkpt>
      <trkpt lat="40.07576446364374" lon="116.33783846970759">
        <ele>46.9</ele>
        <time>2026-07-28T13:25:52.687Z</time>
      </trkpt>
      <trkpt lat="40.0757868080383" lon="116.33784734947993">
        <ele>46.8</ele>
        <time>2026-07-28T13:25:53.687Z</time>
      </trkpt>
      <trkpt lat="40.075809178746916" lon="116.33785439023842">
        <ele>46.8</ele>
        <time>2026-07-28T13:25:54.687Z</time>
      </trkpt>
      <trkpt lat="40.075832056459" lon="116.33785781791069">
        <ele>46.7</ele>
        <time>2026-07-28T13:25:55.687Z</time>
      </trkpt>
      <trkpt lat="40.075855296658794" lon="116.33785832825194">
        <ele>46.7</ele>
        <time>2026-07-28T13:25:56.687Z</time>
      </trkpt>
      <trkpt lat="40.075878737104794" lon="116.33785695569611">
        <ele>46.7</ele>
        <time>2026-07-28T13:25:57.687Z</time>
      </trkpt>
      <trkpt lat="40.075902143055814" lon="116.33785490023952">
        <ele>46.6</ele>
        <time>2026-07-28T13:25:58.687Z</time>
      </trkpt>
      <trkpt lat="40.07592522225758" lon="116.33785268326822">
        <ele>46.6</ele>
        <time>2026-07-28T13:25:59.687Z</time>
      </trkpt>
      <trkpt lat="40.07594787498124" lon="116.33785072026242">
        <ele>46.5</ele>
        <time>2026-07-28T13:26:00.687Z</time>
      </trkpt>
      <trkpt lat="40.07597013485526" lon="116.33784971750373">
        <ele>46.5</ele>
        <time>2026-07-28T13:26:01.687Z</time>
      </trkpt>
      <trkpt lat="40.07599198058658" lon="116.33784906891302">
        <ele>46.4</ele>
        <time>2026-07-28T13:26:02.687Z</time>
      </trkpt>
      <trkpt lat="40.07601352233314" lon="116.33784796603422">
        <ele>46.4</ele>
        <time>2026-07-28T13:26:03.687Z</time>
      </trkpt>
      <trkpt lat="40.07603476639068" lon="116.3378463250266">
        <ele>46.4</ele>
        <time>2026-07-28T13:26:04.687Z</time>
      </trkpt>
      <trkpt lat="40.076055654630345" lon="116.3378442765228">
        <ele>46.3</ele>
        <time>2026-07-28T13:26:05.687Z</time>
      </trkpt>
      <trkpt lat="40.07607622913897" lon="116.33784245092286">
        <ele>46.3</ele>
        <time>2026-07-28T13:26:06.687Z</time>
      </trkpt>
      <trkpt lat="40.07609664106251" lon="116.33784093050082">
        <ele>46.2</ele>
        <time>2026-07-28T13:26:07.687Z</time>
      </trkpt>
      <trkpt lat="40.076117007064155" lon="116.33783959301047">
        <ele>46.2</ele>
        <time>2026-07-28T13:26:08.687Z</time>
      </trkpt>
      <trkpt lat="40.07613748055806" lon="116.337838795898">
        <ele>46.2</ele>
        <time>2026-07-28T13:26:09.687Z</time>
      </trkpt>
      <trkpt lat="40.07615823317124" lon="116.33783834171555">
        <ele>46.1</ele>
        <time>2026-07-28T13:26:10.687Z</time>
      </trkpt>
      <trkpt lat="40.07617944798737" lon="116.33783801150616">
        <ele>46.1</ele>
        <time>2026-07-28T13:26:11.687Z</time>
      </trkpt>
      <trkpt lat="40.07620104449039" lon="116.33783766290168">
        <ele>46.1</ele>
        <time>2026-07-28T13:26:12.687Z</time>
      </trkpt>
      <trkpt lat="40.076222839783824" lon="116.33783706687056">
        <ele>46.0</ele>
        <time>2026-07-28T13:26:13.687Z</time>
      </trkpt>
      <trkpt lat="40.07624452492127" lon="116.33783622525387">
        <ele>46.0</ele>
        <time>2026-07-28T13:26:14.687Z</time>
      </trkpt>
      <trkpt lat="40.07626603109597" lon="116.3378348030433">
        <ele>46.0</ele>
        <time>2026-07-28T13:26:15.687Z</time>
      </trkpt>
      <trkpt lat="40.07628750625591" lon="116.33783226610258">
        <ele>45.9</ele>
        <time>2026-07-28T13:26:16.687Z</time>
      </trkpt>
      <trkpt lat="40.076309073890314" lon="116.33782872935373">
        <ele>45.9</ele>
        <time>2026-07-28T13:26:17.687Z</time>
      </trkpt>
      <trkpt lat="40.07633077638859" lon="116.33782481207602">
        <ele>45.9</ele>
        <time>2026-07-28T13:26:18.687Z</time>
      </trkpt>
      <trkpt lat="40.07635268294944" lon="116.33782104276897">
        <ele>45.9</ele>
        <time>2026-07-28T13:26:19.687Z</time>
      </trkpt>
      <trkpt lat="40.076374848048346" lon="116.33781798644391">
        <ele>45.9</ele>
        <time>2026-07-28T13:26:20.687Z</time>
      </trkpt>
      <trkpt lat="40.076397273666046" lon="116.33781559832063">
        <ele>45.8</ele>
        <time>2026-07-28T13:26:21.687Z</time>
      </trkpt>
      <trkpt lat="40.076419963188236" lon="116.33781364777795">
        <ele>45.8</ele>
        <time>2026-07-28T13:26:22.686Z</time>
      </trkpt>
      <trkpt lat="40.076442971633305" lon="116.33781248428015">
        <ele>45.8</ele>
        <time>2026-07-28T13:26:23.687Z</time>
      </trkpt>
      <trkpt lat="40.076466186171885" lon="116.33781255050148">
        <ele>45.8</ele>
        <time>2026-07-28T13:26:24.687Z</time>
      </trkpt>
      <trkpt lat="40.07648932093251" lon="116.33781382276959">
        <ele>45.8</ele>
        <time>2026-07-28T13:26:25.687Z</time>
      </trkpt>
      <trkpt lat="40.076512170372474" lon="116.33781564227343">
        <ele>45.8</ele>
        <time>2026-07-28T13:26:26.687Z</time>
      </trkpt>
      <trkpt lat="40.07653480975357" lon="116.33781777357267">
        <ele>45.7</ele>
        <time>2026-07-28T13:26:27.687Z</time>
      </trkpt>
      <trkpt lat="40.07655736840425" lon="116.33782052769332">
        <ele>45.7</ele>
        <time>2026-07-28T13:26:28.687Z</time>
      </trkpt>
      <trkpt lat="40.07657994330619" lon="116.33782364060822">
        <ele>45.7</ele>
        <time>2026-07-28T13:26:29.686Z</time>
      </trkpt>
      <trkpt lat="40.0766025225148" lon="116.3378265018699">
        <ele>45.7</ele>
        <time>2026-07-28T13:26:30.687Z</time>
      </trkpt>
      <trkpt lat="40.076624706114735" lon="116.33782906311562">
        <ele>45.7</ele>
        <time>2026-07-28T13:26:31.687Z</time>
      </trkpt>
      <trkpt lat="40.07664643653023" lon="116.33783152414499">
        <ele>45.7</ele>
        <time>2026-07-28T13:26:32.687Z</time>
      </trkpt>
      <trkpt lat="40.07666804210761" lon="116.33783372522025">
        <ele>45.7</ele>
        <time>2026-07-28T13:26:33.687Z</time>
      </trkpt>
      <trkpt lat="40.0766897751139" lon="116.33783507350431">
        <ele>45.6</ele>
        <time>2026-07-28T13:26:34.687Z</time>
      </trkpt>
      <trkpt lat="40.07671169678867" lon="116.3378347387026">
        <ele>45.6</ele>
        <time>2026-07-28T13:26:35.687Z</time>
      </trkpt>
      <trkpt lat="40.0767337781563" lon="116.3378324621923">
        <ele>45.6</ele>
        <time>2026-07-28T13:26:36.687Z</time>
      </trkpt>
      <trkpt lat="40.07675576898211" lon="116.33782818221283">
        <ele>45.6</ele>
        <time>2026-07-28T13:26:37.686Z</time>
      </trkpt>
      <trkpt lat="40.076777254031995" lon="116.33782075804297">
        <ele>45.6</ele>
        <time>2026-07-28T13:26:38.687Z</time>
      </trkpt>
      <trkpt lat="40.07679799937982" lon="116.33780963814377">
        <ele>45.5</ele>
        <time>2026-07-28T13:26:39.687Z</time>
      </trkpt>
      <trkpt lat="40.07681827889418" lon="116.33779595670609">
        <ele>45.5</ele>
        <time>2026-07-28T13:26:40.687Z</time>
      </trkpt>
      <trkpt lat="40.07683803450707" lon="116.33778045918388">
        <ele>45.5</ele>
        <time>2026-07-28T13:26:41.687Z</time>
      </trkpt>
      <trkpt lat="40.07685666485573" lon="116.33776277864085">
        <ele>45.5</ele>
        <time>2026-07-28T13:26:42.687Z</time>
      </trkpt>
      <trkpt lat="40.07687406913829" lon="116.33774283798452">
        <ele>45.4</ele>
        <time>2026-07-28T13:26:43.687Z</time>
      </trkpt>
      <trkpt lat="40.076890446155396" lon="116.3377213146989">
        <ele>45.4</ele>
        <time>2026-07-28T13:26:44.687Z</time>
      </trkpt>
      <trkpt lat="40.0769059321842" lon="116.33769881176976">
        <ele>45.4</ele>
        <time>2026-07-28T13:26:45.687Z</time>
      </trkpt>
      <trkpt lat="40.076921024071154" lon="116.337675979077">
        <ele>45.4</ele>
        <time>2026-07-28T13:26:46.687Z</time>
      </trkpt>
      <trkpt lat="40.076935394178186" lon="116.33765240129063">
        <ele>45.3</ele>
        <time>2026-07-28T13:26:47.687Z</time>
      </trkpt>
      <trkpt lat="40.07694824764487" lon="116.33762731047976">
        <ele>45.3</ele>
        <time>2026-07-28T13:26:48.687Z</time>
      </trkpt>
      <trkpt lat="40.076959882514096" lon="116.33760087863112">
        <ele>45.3</ele>
        <time>2026-07-28T13:26:49.687Z</time>
      </trkpt>
      <trkpt lat="40.07697046555426" lon="116.33757336442766">
        <ele>45.3</ele>
        <time>2026-07-28T13:26:50.687Z</time>
      </trkpt>
      <trkpt lat="40.07697966919631" lon="116.33754478472082">
        <ele>45.2</ele>
        <time>2026-07-28T13:26:51.687Z</time>
      </trkpt>
      <trkpt lat="40.07698763972041" lon="116.3375156145176">
        <ele>45.2</ele>
        <time>2026-07-28T13:26:52.686Z</time>
      </trkpt>
      <trkpt lat="40.07699474540098" lon="116.337486236403">
        <ele>45.2</ele>
        <time>2026-07-28T13:26:53.687Z</time>
      </trkpt>
      <trkpt lat="40.07700182334199" lon="116.33745717046975">
        <ele>45.2</ele>
        <time>2026-07-28T13:26:54.687Z</time>
      </trkpt>
      <trkpt lat="40.07700815413777" lon="116.33742811505732">
        <ele>45.1</ele>
        <time>2026-07-28T13:26:55.687Z</time>
      </trkpt>
      <trkpt lat="40.07701227731914" lon="116.33739876499806">
        <ele>45.1</ele>
        <time>2026-07-28T13:26:56.687Z</time>
      </trkpt>
      <trkpt lat="40.07701436790082" lon="116.33736949033377">
        <ele>45.1</ele>
        <time>2026-07-28T13:26:57.687Z</time>
      </trkpt>
      <trkpt lat="40.07701413592088" lon="116.3373401342184">
        <ele>45.1</ele>
        <time>2026-07-28T13:26:58.686Z</time>
      </trkpt>
      <trkpt lat="40.077011812911024" lon="116.33731041512713">
        <ele>45.1</ele>
        <time>2026-07-28T13:26:59.687Z</time>
      </trkpt>
      <trkpt lat="40.07700806153602" lon="116.33728052632506">
        <ele>45.1</ele>
        <time>2026-07-28T13:27:00.686Z</time>
      </trkpt>
      <trkpt lat="40.07700309916319" lon="116.33725070866564">
        <ele>45.0</ele>
        <time>2026-07-28T13:27:01.687Z</time>
      </trkpt>
      <trkpt lat="40.076997332461396" lon="116.33722126757823">
        <ele>45.0</ele>
        <time>2026-07-28T13:27:02.687Z</time>
      </trkpt>
      <trkpt lat="40.076989968492434" lon="116.33719266544199">
        <ele>45.0</ele>
        <time>2026-07-28T13:27:03.687Z</time>
      </trkpt>
      <trkpt lat="40.07698078703715" lon="116.3371651169617">
        <ele>45.0</ele>
        <time>2026-07-28T13:27:04.687Z</time>
      </trkpt>
      <trkpt lat="40.07697065013626" lon="116.33713838087002">
        <ele>45.0</ele>
        <time>2026-07-28T13:27:05.687Z</time>
      </trkpt>
      <trkpt lat="40.07695955573822" lon="116.33711249694889">
        <ele>45.0</ele>
        <time>2026-07-28T13:27:06.687Z</time>
      </trkpt>
      <trkpt lat="40.07694712807335" lon="116.3370877044567">
        <ele>45.0</ele>
        <time>2026-07-28T13:27:07.686Z</time>
      </trkpt>
      <trkpt lat="40.07693339932412" lon="116.33706386544647">
        <ele>45.0</ele>
        <time>2026-07-28T13:27:08.687Z</time>
      </trkpt>
      <trkpt lat="40.07691853783222" lon="116.33704091378887">
        <ele>45.0</ele>
        <time>2026-07-28T13:27:09.687Z</time>
      </trkpt>
      <trkpt lat="40.076902012230555" lon="116.3370196129787">
        <ele>45.0</ele>
        <time>2026-07-28T13:27:10.687Z</time>
      </trkpt>
      <trkpt lat="40.076883845228465" lon="116.3370002191979">
        <ele>45.0</ele>
        <time>2026-07-28T13:27:11.686Z</time>
      </trkpt>
      <trkpt lat="40.07686449226868" lon="116.33698250527509">
        <ele>45.0</ele>
        <time>2026-07-28T13:27:12.687Z</time>
      </trkpt>
      <trkpt lat="40.076843962232104" lon="116.33696688212353">
        <ele>45.0</ele>
        <time>2026-07-28T13:27:13.687Z</time>
      </trkpt>
      <trkpt lat="40.07682243513189" lon="116.33695348975183">
        <ele>45.1</ele>
        <time>2026-07-28T13:27:14.687Z</time>
      </trkpt>
      <trkpt lat="40.07680018788237" lon="116.3369420908459">
        <ele>45.1</ele>
        <time>2026-07-28T13:27:15.686Z</time>
      </trkpt>
      <trkpt lat="40.076777257907274" lon="116.33693237874144">
        <ele>45.1</ele>
        <time>2026-07-28T13:27:16.687Z</time>
      </trkpt>
      <trkpt lat="40.0767536019796" lon="116.3369240157144">
        <ele>45.2</ele>
        <time>2026-07-28T13:27:17.687Z</time>
      </trkpt>
      <trkpt lat="40.076729291294846" lon="116.33691660887048">
        <ele>45.2</ele>
        <time>2026-07-28T13:27:18.687Z</time>
      </trkpt>
      <trkpt lat="40.07670459413537" lon="116.33691037907165">
        <ele>45.2</ele>
        <time>2026-07-28T13:27:19.686Z</time>
      </trkpt>
      <trkpt lat="40.076679578213714" lon="116.33690604719955">
        <ele>45.3</ele>
        <time>2026-07-28T13:27:20.687Z</time>
      </trkpt>
      <trkpt lat="40.076654715094186" lon="116.33690432798866">
        <ele>45.4</ele>
        <time>2026-07-28T13:27:21.686Z</time>
      </trkpt>
      <trkpt lat="40.07663075010641" lon="116.33690487273554">
        <ele>45.4</ele>
        <time>2026-07-28T13:27:22.686Z</time>
      </trkpt>
      <trkpt lat="40.07660786445588" lon="116.33690691253493">
        <ele>45.5</ele>
        <time>2026-07-28T13:27:23.687Z</time>
      </trkpt>
      <trkpt lat="40.07658559698409" lon="116.3369096909751">
        <ele>45.5</ele>
        <time>2026-07-28T13:27:24.686Z</time>
      </trkpt>
      <trkpt lat="40.07656356486774" lon="116.33691208066678">
        <ele>45.6</ele>
        <time>2026-07-28T13:27:25.687Z</time>
      </trkpt>
      <trkpt lat="40.07654151244414" lon="116.33691333722989">
        <ele>45.6</ele>
        <time>2026-07-28T13:27:26.687Z</time>
      </trkpt>
      <trkpt lat="40.07651927815387" lon="116.3369133443758">
        <ele>45.7</ele>
        <time>2026-07-28T13:27:27.687Z</time>
      </trkpt>
      <trkpt lat="40.0764968418964" lon="116.33691273119688">
        <ele>45.7</ele>
        <time>2026-07-28T13:27:28.687Z</time>
      </trkpt>
      <trkpt lat="40.07647420364339" lon="116.33691155430627">
        <ele>45.8</ele>
        <time>2026-07-28T13:27:29.687Z</time>
      </trkpt>
      <trkpt lat="40.07645124521746" lon="116.3369105753507">
        <ele>45.8</ele>
        <time>2026-07-28T13:27:30.686Z</time>
      </trkpt>
      <trkpt lat="40.076427992242294" lon="116.33691085527063">
        <ele>45.8</ele>
        <time>2026-07-28T13:27:31.686Z</time>
      </trkpt>
      <trkpt lat="40.076404675463195" lon="116.3369124100566">
        <ele>45.9</ele>
        <time>2026-07-28T13:27:32.686Z</time>
      </trkpt>
      <trkpt lat="40.07638147608441" lon="116.3369149461387">
        <ele>45.9</ele>
        <time>2026-07-28T13:27:33.686Z</time>
      </trkpt>
      <trkpt lat="40.07635848793508" lon="116.33691801609594">
        <ele>45.9</ele>
        <time>2026-07-28T13:27:34.686Z</time>
      </trkpt>
      <trkpt lat="40.076335644392" lon="116.3369211338867">
        <ele>46.0</ele>
        <time>2026-07-28T13:27:35.686Z</time>
      </trkpt>
      <trkpt lat="40.07631286324856" lon="116.33692390736631">
        <ele>46.0</ele>
        <time>2026-07-28T13:27:36.686Z</time>
      </trkpt>
      <trkpt lat="40.07629014654273" lon="116.33692615457508">
        <ele>46.0</ele>
        <time>2026-07-28T13:27:37.686Z</time>
      </trkpt>
      <trkpt lat="40.07626748673365" lon="116.33692732942949">
        <ele>46.0</ele>
        <time>2026-07-28T13:27:38.686Z</time>
      </trkpt>
      <trkpt lat="40.07624484806667" lon="116.33692739546599">
        <ele>46.0</ele>
        <time>2026-07-28T13:27:39.686Z</time>
      </trkpt>
      <trkpt lat="40.07622205825151" lon="116.3369268214872">
        <ele>46.1</ele>
        <time>2026-07-28T13:27:40.686Z</time>
      </trkpt>
      <trkpt lat="40.07619911353961" lon="116.33692567090857">
        <ele>46.1</ele>
        <time>2026-07-28T13:27:41.686Z</time>
      </trkpt>
      <trkpt lat="40.07617607342482" lon="116.33692403724072">
        <ele>46.1</ele>
        <time>2026-07-28T13:27:42.686Z</time>
      </trkpt>
      <trkpt lat="40.076152929059255" lon="116.33692253017286">
        <ele>46.1</ele>
        <time>2026-07-28T13:27:43.686Z</time>
      </trkpt>
      <trkpt lat="40.07612975236891" lon="116.336921451432">
        <ele>46.1</ele>
        <time>2026-07-28T13:27:44.686Z</time>
      </trkpt>
      <trkpt lat="40.07610650066239" lon="116.3369205226334">
        <ele>46.1</ele>
        <time>2026-07-28T13:27:45.686Z</time>
      </trkpt>
      <trkpt lat="40.07608322824487" lon="116.33692003504768">
        <ele>46.2</ele>
        <time>2026-07-28T13:27:46.686Z</time>
      </trkpt>
      <trkpt lat="40.07605999108902" lon="116.33691974746517">
        <ele>46.2</ele>
        <time>2026-07-28T13:27:47.686Z</time>
      </trkpt>
      <trkpt lat="40.07603698551876" lon="116.33691940145569">
        <ele>46.2</ele>
        <time>2026-07-28T13:27:48.686Z</time>
      </trkpt>
      <trkpt lat="40.0760142956911" lon="116.33691898208335">
        <ele>46.2</ele>
        <time>2026-07-28T13:27:49.686Z</time>
      </trkpt>
      <trkpt lat="40.07599187908855" lon="116.33691866282292">
        <ele>46.3</ele>
        <time>2026-07-28T13:27:50.686Z</time>
      </trkpt>
      <trkpt lat="40.075969590602995" lon="116.33691900556553">
        <ele>46.3</ele>
        <time>2026-07-28T13:27:51.686Z</time>
      </trkpt>
      <trkpt lat="40.075947215343284" lon="116.33691958644808">
        <ele>46.3</ele>
        <time>2026-07-28T13:27:52.686Z</time>
      </trkpt>
      <trkpt lat="40.075924612837625" lon="116.33691994733685">
        <ele>46.4</ele>
        <time>2026-07-28T13:27:53.686Z</time>
      </trkpt>
      <trkpt lat="40.075901821973154" lon="116.336919960228">
        <ele>46.4</ele>
        <time>2026-07-28T13:27:54.686Z</time>
      </trkpt>
      <trkpt lat="40.07587898143441" lon="116.33691996374876">
        <ele>46.4</ele>
        <time>2026-07-28T13:27:55.686Z</time>
      </trkpt>
      <trkpt lat="40.075856196150475" lon="116.33692097431815">
        <ele>46.5</ele>
        <time>2026-07-28T13:27:56.686Z</time>
      </trkpt>
      <trkpt lat="40.07583345916256" lon="116.33692324004215">
        <ele>46.5</ele>
        <time>2026-07-28T13:27:57.686Z</time>
      </trkpt>
      <trkpt lat="40.07581073233857" lon="116.33692632719824">
        <ele>46.6</ele>
        <time>2026-07-28T13:27:58.686Z</time>
      </trkpt>
      <trkpt lat="40.075788032608514" lon="116.33693005499829">
        <ele>46.6</ele>
        <time>2026-07-28T13:27:59.686Z</time>
      </trkpt>
      <trkpt lat="40.075765364253876" lon="116.33693478520074">
        <ele>46.7</ele>
        <time>2026-07-28T13:28:00.686Z</time>
      </trkpt>
      <trkpt lat="40.07574282854098" lon="116.33694139564122">
        <ele>46.7</ele>
        <time>2026-07-28T13:28:01.686Z</time>
      </trkpt>
      <trkpt lat="40.07572049403141" lon="116.33695016511628">
        <ele>46.8</ele>
        <time>2026-07-28T13:28:02.686Z</time>
      </trkpt>
      <trkpt lat="40.075698555298274" lon="116.33696117744005">
        <ele>46.8</ele>
        <time>2026-07-28T13:28:03.686Z</time>
      </trkpt>
      <trkpt lat="40.075677198345616" lon="116.33697445851024">
        <ele>46.9</ele>
        <time>2026-07-28T13:28:04.686Z</time>
      </trkpt>
      <trkpt lat="40.07565639578069" lon="116.33698983665369">
        <ele>47.0</ele>
        <time>2026-07-28T13:28:05.686Z</time>
      </trkpt>
      <trkpt lat="40.07563640239408" lon="116.33700772201355">
        <ele>47.0</ele>
        <time>2026-07-28T13:28:06.686Z</time>
      </trkpt>
      <trkpt lat="40.075617529456125" lon="116.33702824328569">
        <ele>47.1</ele>
        <time>2026-07-28T13:28:07.686Z</time>
      </trkpt>
      <trkpt lat="40.07560000148257" lon="116.337051125976">
        <ele>47.1</ele>
        <time>2026-07-28T13:28:08.687Z</time>
      </trkpt>
      <trkpt lat="40.075583703217404" lon="116.33707587636775">
        <ele>47.2</ele>
        <time>2026-07-28T13:28:09.686Z</time>
      </trkpt>
      <trkpt lat="40.07556805767354" lon="116.33710176296698">
        <ele>47.2</ele>
        <time>2026-07-28T13:28:10.686Z</time>
      </trkpt>
      <trkpt lat="40.07555310153738" lon="116.33712858143683">
        <ele>47.3</ele>
        <time>2026-07-28T13:28:11.686Z</time>
      </trkpt>
      <trkpt lat="40.07553943630021" lon="116.33715663807017">
        <ele>47.3</ele>
        <time>2026-07-28T13:28:12.687Z</time>
      </trkpt>
      <trkpt lat="40.075527650734244" lon="116.33718594033886">
        <ele>47.4</ele>
        <time>2026-07-28T13:28:13.686Z</time>
      </trkpt>
      <trkpt lat="40.075517715665974" lon="116.33721617413542">
        <ele>47.4</ele>
        <time>2026-07-28T13:28:14.687Z</time>
      </trkpt>
      <trkpt lat="40.07550978579826" lon="116.33724690001365">
        <ele>47.4</ele>
        <time>2026-07-28T13:28:15.686Z</time>
      </trkpt>
      <trkpt lat="40.07550415576598" lon="116.3372776559221">
        <ele>47.5</ele>
        <time>2026-07-28T13:28:16.686Z</time>
      </trkpt>
      <trkpt lat="40.07550038240021" lon="116.33730823757321">
        <ele>47.5</ele>
        <time>2026-07-28T13:28:17.686Z</time>
      </trkpt>
      <trkpt lat="40.0754980264523" lon="116.33733898777331">
        <ele>47.5</ele>
        <time>2026-07-28T13:28:18.686Z</time>
      </trkpt>
      <trkpt lat="40.07549682751733" lon="116.33737000013707">
        <ele>47.5</ele>
        <time>2026-07-28T13:28:19.686Z</time>
      </trkpt>
      <trkpt lat="40.075496617470854" lon="116.33740114992007">
        <ele>47.5</ele>
        <time>2026-07-28T13:28:20.686Z</time>
      </trkpt>
      <trkpt lat="40.075497502652965" lon="116.33743232743616">
        <ele>47.5</ele>
        <time>2026-07-28T13:28:21.686Z</time>
      </trkpt>
      <trkpt lat="40.075499695614404" lon="116.33746341918203">
        <ele>47.6</ele>
        <time>2026-07-28T13:28:22.686Z</time>
      </trkpt>
      <trkpt lat="40.075503627118536" lon="116.33749429203536">
        <ele>47.6</ele>
        <time>2026-07-28T13:28:23.686Z</time>
      </trkpt>
      <trkpt lat="40.07550948127108" lon="116.33752490349609">
        <ele>47.6</ele>
        <time>2026-07-28T13:28:24.686Z</time>
      </trkpt>
      <trkpt lat="40.07551709132398" lon="116.33755517970143">
        <ele>47.5</ele>
        <time>2026-07-28T13:28:25.686Z</time>
      </trkpt>
      <trkpt lat="40.075526236551" lon="116.33758502468554">
        <ele>47.5</ele>
        <time>2026-07-28T13:28:26.686Z</time>
      </trkpt>
      <trkpt lat="40.075536698572115" lon="116.33761425145666">
        <ele>47.5</ele>
        <time>2026-07-28T13:28:27.686Z</time>
      </trkpt>
      <trkpt lat="40.0755485810668" lon="116.33764229182526">
        <ele>47.5</ele>
        <time>2026-07-28T13:28:28.686Z</time>
      </trkpt>
      <trkpt lat="40.07556227377573" lon="116.33766864721976">
        <ele>47.5</ele>
        <time>2026-07-28T13:28:29.686Z</time>
      </trkpt>
      <trkpt lat="40.07557798917119" lon="116.33769303115926">
        <ele>47.4</ele>
        <time>2026-07-28T13:28:30.686Z</time>
      </trkpt>
      <trkpt lat="40.07559538826066" lon="116.33771568426289">
        <ele>47.4</ele>
        <time>2026-07-28T13:28:31.686Z</time>
      </trkpt>
      <trkpt lat="40.07561403856945" lon="116.33773694629276">
        <ele>47.3</ele>
        <time>2026-07-28T13:28:32.686Z</time>
      </trkpt>
      <trkpt lat="40.07563358998468" lon="116.33775695882316">
        <ele>47.3</ele>
        <time>2026-07-28T13:28:33.686Z</time>
      </trkpt>
      <trkpt lat="40.07565343716615" lon="116.33777615367002">
        <ele>47.2</ele>
        <time>2026-07-28T13:28:34.686Z</time>
      </trkpt>
      <trkpt lat="40.07567297866355" lon="116.33779516804285">
        <ele>47.2</ele>
        <time>2026-07-28T13:28:35.686Z</time>
      </trkpt>
      <trkpt lat="40.07569256052748" lon="116.33781342168999">
        <ele>47.1</ele>
        <time>2026-07-28T13:28:36.686Z</time>
      </trkpt>
      <trkpt lat="40.075713125702" lon="116.3378295555279">
        <ele>47.1</ele>
        <time>2026-07-28T13:28:37.686Z</time>
      </trkpt>
      <trkpt lat="40.075734960879835" lon="116.33784295045682">
        <ele>47.0</ele>
        <time>2026-07-28T13:28:38.686Z</time>
      </trkpt>
      <trkpt lat="40.07575786423537" lon="116.33785303517854">
        <ele>46.9</ele>
        <time>2026-07-28T13:28:39.686Z</time>
      </trkpt>
      <trkpt lat="40.07578135496985" lon="116.33786009517978">
        <ele>46.9</ele>
        <time>2026-07-28T13:28:40.686Z</time>
      </trkpt>
      <trkpt lat="40.07580486884583" lon="116.33786481777457">
        <ele>46.8</ele>
        <time>2026-07-28T13:28:41.686Z</time>
      </trkpt>
      <trkpt lat="40.07582813522473" lon="116.33786763714154">
        <ele>46.8</ele>
        <time>2026-07-28T13:28:42.686Z</time>
      </trkpt>
      <trkpt lat="40.07585115263561" lon="116.33786858441508">
        <ele>46.7</ele>
        <time>2026-07-28T13:28:43.686Z</time>
      </trkpt>
      <trkpt lat="40.075874055405414" lon="116.33786809535133">
        <ele>46.6</ele>
        <time>2026-07-28T13:28:44.686Z</time>
      </trkpt>
      <trkpt lat="40.0758968098429" lon="116.33786634104752">
        <ele>46.6</ele>
        <time>2026-07-28T13:28:45.686Z</time>
      </trkpt>
      <trkpt lat="40.07591937963016" lon="116.3378626967158">
        <ele>46.5</ele>
        <time>2026-07-28T13:28:46.686Z</time>
      </trkpt>
      <trkpt lat="40.075941513252886" lon="116.33785638116682">
        <ele>46.5</ele>
        <time>2026-07-28T13:28:47.686Z</time>
      </trkpt>
      <trkpt lat="40.07596293827449" lon="116.33784699333992">
        <ele>46.4</ele>
        <time>2026-07-28T13:28:48.686Z</time>
      </trkpt>
      <trkpt lat="40.075984035846815" lon="116.33783709513035">
        <ele>46.4</ele>
        <time>2026-07-28T13:28:49.686Z</time>
      </trkpt>
      <trkpt lat="40.07600539876821" lon="116.33782950509753">
        <ele>46.4</ele>
        <time>2026-07-28T13:28:50.686Z</time>
      </trkpt>
      <trkpt lat="40.076026862790144" lon="116.33782458730346">
        <ele>46.3</ele>
        <time>2026-07-28T13:28:51.686Z</time>
      </trkpt>
      <trkpt lat="40.07604811789962" lon="116.33782122429366">
        <ele>46.3</ele>
        <time>2026-07-28T13:28:52.686Z</time>
      </trkpt>
      <trkpt lat="40.07606890897696" lon="116.33781873356213">
        <ele>46.3</ele>
        <time>2026-07-28T13:28:53.686Z</time>
      </trkpt>
      <trkpt lat="40.07608975922133" lon="116.3378172314684">
        <ele>46.2</ele>
        <time>2026-07-28T13:28:54.686Z</time>
      </trkpt>
      <trkpt lat="40.076111673543544" lon="116.33781620522507">
        <ele>46.2</ele>
        <time>2026-07-28T13:28:55.686Z</time>
      </trkpt>
      <trkpt lat="40.076134698012225" lon="116.33781544772263">
        <ele>46.2</ele>
        <time>2026-07-28T13:28:56.686Z</time>
      </trkpt>
      <trkpt lat="40.07615826473616" lon="116.33781489350976">
        <ele>46.1</ele>
        <time>2026-07-28T13:28:57.686Z</time>
      </trkpt>
      <trkpt lat="40.0761817937968" lon="116.3378141460646">
        <ele>46.1</ele>
        <time>2026-07-28T13:28:58.686Z</time>
      </trkpt>
      <trkpt lat="40.07620500576866" lon="116.33781348963326">
        <ele>46.1</ele>
        <time>2026-07-28T13:28:59.686Z</time>
      </trkpt>
      <trkpt lat="40.07622806677519" lon="116.33781319868469">
        <ele>46.1</ele>
        <time>2026-07-28T13:29:00.686Z</time>
      </trkpt>
      <trkpt lat="40.0762511506348" lon="116.33781332512784">
        <ele>46.0</ele>
        <time>2026-07-28T13:29:01.686Z</time>
      </trkpt>
      <trkpt lat="40.0762742580141" lon="116.33781344732671">
        <ele>46.0</ele>
        <time>2026-07-28T13:29:02.686Z</time>
      </trkpt>
      <trkpt lat="40.07629730834454" lon="116.33781280716802">
        <ele>46.0</ele>
        <time>2026-07-28T13:29:03.686Z</time>
      </trkpt>
      <trkpt lat="40.07632012207154" lon="116.33781207219457">
        <ele>46.0</ele>
        <time>2026-07-28T13:29:04.686Z</time>
      </trkpt>
      <trkpt lat="40.0763425158653" lon="116.33781186925715">
        <ele>45.9</ele>
        <time>2026-07-28T13:29:05.686Z</time>
      </trkpt>
      <trkpt lat="40.07636442529466" lon="116.33781211271888">
        <ele>45.9</ele>
        <time>2026-07-28T13:29:06.686Z</time>
      </trkpt>
      <trkpt lat="40.07638572244326" lon="116.3378125460714">
        <ele>45.9</ele>
        <time>2026-07-28T13:29:07.685Z</time>
      </trkpt>
      <trkpt lat="40.07640657398439" lon="116.33781303761893">
        <ele>45.9</ele>
        <time>2026-07-28T13:29:08.686Z</time>
      </trkpt>
      <trkpt lat="40.07642729452642" lon="116.33781360118373">
        <ele>45.9</ele>
        <time>2026-07-28T13:29:09.686Z</time>
      </trkpt>
      <trkpt lat="40.07644803219589" lon="116.33781366830026">
        <ele>45.8</ele>
        <time>2026-07-28T13:29:10.686Z</time>
      </trkpt>
      <trkpt lat="40.07646887626801" lon="116.33781330104176">
        <ele>45.8</ele>
        <time>2026-07-28T13:29:11.686Z</time>
      </trkpt>
      <trkpt lat="40.07648998313576" lon="116.33781292361002">
        <ele>45.8</ele>
        <time>2026-07-28T13:29:12.686Z</time>
      </trkpt>
      <trkpt lat="40.07651137683081" lon="116.33781327771766">
        <ele>45.8</ele>
        <time>2026-07-28T13:29:13.686Z</time>
      </trkpt>
      <trkpt lat="40.076532958369526" lon="116.33781444915688">
        <ele>45.8</ele>
        <time>2026-07-28T13:29:14.686Z</time>
      </trkpt>
      <trkpt lat="40.0765547368791" lon="116.3378159228572">
        <ele>45.8</ele>
        <time>2026-07-28T13:29:15.685Z</time>
        <extensions>
  <gpxtpx:TrackPointExtension>
    <gpxtpx:hr>166</gpxtpx:hr>
  </gpxtpx:TrackPointExtension>
</extensions>
      </trkpt>
      <trkpt lat="40.076576724079864" lon="116.33781733712293">
        <ele>45.8</ele>
        <time>2026-07-28T13:29:16.685Z</time>
        <extensions>
  <gpxtpx:TrackPointExtension>
    <gpxtpx:hr>166</gpxtpx:hr>
  </gpxtpx:TrackPointExtension>
</extensions>
      </trkpt>
      <trkpt lat="40.07659897857136" lon="116.3378186490041">
        <ele>45.8</ele>
        <time>2026-07-28T13:29:17.686Z</time>
        <extensions>
  <gpxtpx:TrackPointExtension>
    <gpxtpx:hr>166</gpxtpx:hr>
  </gpxtpx:TrackPointExtension>
</extensions>
      </trkpt>
      <trkpt lat="40.07662154905317" lon="116.33782006303439">
        <ele>45.8</ele>
        <time>2026-07-28T13:29:18.686Z</time>
        <extensions>
  <gpxtpx:TrackPointExtension>
    <gpxtpx:hr>166</gpxtpx:hr>
  </gpxtpx:TrackPointExtension>
</extensions>
      </trkpt>
      <trkpt lat="40.07664449535364" lon="116.33782082118135">
        <ele>45.8</ele>
        <time>2026-07-28T13:29:19.686Z</time>
        <extensions>
  <gpxtpx:TrackPointExtension>
    <gpxtpx:hr>166</gpxtpx:hr>
  </gpxtpx:TrackPointExtension>
</extensions>
      </trkpt>
      <trkpt lat="40.076667989676864" lon="116.33782063377058">
        <ele>45.8</ele>
        <time>2026-07-28T13:29:20.686Z</time>
        <extensions>
  <gpxtpx:TrackPointExtension>
    <gpxtpx:hr>166</gpxtpx:hr>
  </gpxtpx:TrackPointExtension>
</extensions>
      </trkpt>
      <trkpt lat="40.076691974960326" lon="116.33781967654848">
        <ele>45.8</ele>
        <time>2026-07-28T13:29:21.686Z</time>
        <extensions>
  <gpxtpx:TrackPointExtension>
    <gpxtpx:hr>166</gpxtpx:hr>
  </gpxtpx:TrackPointExtension>
</extensions>
      </trkpt>
      <trkpt lat="40.076716019709245" lon="116.33781758710424">
        <ele>45.8</ele>
        <time>2026-07-28T13:29:22.686Z</time>
        <extensions>
  <gpxtpx:TrackPointExtension>
    <gpxtpx:hr>166</gpxtpx:hr>
  </gpxtpx:TrackPointExtension>
</extensions>
      </trkpt>
      <trkpt lat="40.076739831035944" lon="116.33781360506451">
        <ele>45.8</ele>
        <time>2026-07-28T13:29:23.686Z</time>
        <extensions>
  <gpxtpx:TrackPointExtension>
    <gpxtpx:hr>166</gpxtpx:hr>
  </gpxtpx:TrackPointExtension>
</extensions>
      </trkpt>
      <trkpt lat="40.07676328590512" lon="116.33780686426054">
        <ele>45.8</ele>
        <time>2026-07-28T13:29:24.686Z</time>
        <extensions>
  <gpxtpx:TrackPointExtension>
    <gpxtpx:hr>166</gpxtpx:hr>
  </gpxtpx:TrackPointExtension>
</extensions>
      </trkpt>
      <trkpt lat="40.07678642139509" lon="116.33779736581583">
        <ele>45.8</ele>
        <time>2026-07-28T13:29:25.686Z</time>
      </trkpt>
      <trkpt lat="40.07680933733641" lon="116.337785716172">
        <ele>45.8</ele>
        <time>2026-07-28T13:29:26.686Z</time>
      </trkpt>
      <trkpt lat="40.076831932598054" lon="116.33777217795704">
        <ele>45.7</ele>
        <time>2026-07-28T13:29:27.686Z</time>
      </trkpt>
      <trkpt lat="40.07685393460486" lon="116.33775678995299">
        <ele>45.7</ele>
        <time>2026-07-28T13:29:28.686Z</time>
      </trkpt>
      <trkpt lat="40.07687483184016" lon="116.33773904804227">
        <ele>45.7</ele>
        <time>2026-07-28T13:29:29.686Z</time>
      </trkpt>
      <trkpt lat="40.076894383090476" lon="116.33771914404817">
        <ele>45.7</ele>
        <time>2026-07-28T13:29:30.686Z</time>
      </trkpt>
      <trkpt lat="40.07691283264463" lon="116.33769817024333">
        <ele>45.7</ele>
        <time>2026-07-28T13:29:31.686Z</time>
      </trkpt>
      <trkpt lat="40.07692971615141" lon="116.33767634194862">
        <ele>45.7</ele>
        <time>2026-07-28T13:29:32.686Z</time>
      </trkpt>
      <trkpt lat="40.076944583970224" lon="116.33765347459814">
        <ele>45.6</ele>
        <time>2026-07-28T13:29:33.686Z</time>
      </trkpt>
      <trkpt lat="40.07695740239897" lon="116.33762935885507">
        <ele>45.6</ele>
        <time>2026-07-28T13:29:34.685Z</time>
      </trkpt>
      <trkpt lat="40.07696824652124" lon="116.3376035775553">
        <ele>45.6</ele>
        <time>2026-07-28T13:29:35.686Z</time>
      </trkpt>
      <trkpt lat="40.076977320081575" lon="116.33757652275536">
        <ele>45.6</ele>
        <time>2026-07-28T13:29:36.685Z</time>
      </trkpt>
      <trkpt lat="40.07698501519424" lon="116.33754906481963">
        <ele>45.6</ele>
        <time>2026-07-28T13:29:37.686Z</time>
      </trkpt>
      <trkpt lat="40.07699186830323" lon="116.33752162518762">
        <ele>45.5</ele>
        <time>2026-07-28T13:29:38.686Z</time>
      </trkpt>
      <trkpt lat="40.07699792230489" lon="116.3374939062861">
        <ele>45.5</ele>
        <time>2026-07-28T13:29:39.686Z</time>
      </trkpt>
      <trkpt lat="40.07700258693759" lon="116.33746533438698">
        <ele>45.5</ele>
        <time>2026-07-28T13:29:40.686Z</time>
      </trkpt>
      <trkpt lat="40.07700549365818" lon="116.33743567255783">
        <ele>45.5</ele>
        <time>2026-07-28T13:29:41.686Z</time>
      </trkpt>
      <trkpt lat="40.07700674582513" lon="116.33740514555961">
        <ele>45.5</ele>
        <time>2026-07-28T13:29:42.685Z</time>
      </trkpt>
      <trkpt lat="40.07700632298644" lon="116.33737399674447">
        <ele>45.5</ele>
        <time>2026-07-28T13:29:43.685Z</time>
      </trkpt>
      <trkpt lat="40.077004377539" lon="116.33734252181782">
        <ele>45.5</ele>
        <time>2026-07-28T13:29:44.686Z</time>
      </trkpt>
      <trkpt lat="40.07700114579127" lon="116.33731086674042">
        <ele>45.5</ele>
        <time>2026-07-28T13:29:45.685Z</time>
      </trkpt>
      <trkpt lat="40.07699687761451" lon="116.33727889499373">
        <ele>45.5</ele>
        <time>2026-07-28T13:29:46.686Z</time>
      </trkpt>
      <trkpt lat="40.076991525308216" lon="116.33724677077541">
        <ele>45.5</ele>
        <time>2026-07-28T13:29:47.685Z</time>
      </trkpt>
      <trkpt lat="40.07698471939529" lon="116.33721479908267">
        <ele>45.4</ele>
        <time>2026-07-28T13:29:48.686Z</time>
      </trkpt>
      <trkpt lat="40.07697678027396" lon="116.33718323703292">
        <ele>45.4</ele>
        <time>2026-07-28T13:29:49.685Z</time>
      </trkpt>
      <trkpt lat="40.07696809983647" lon="116.33715225164225">
        <ele>45.4</ele>
        <time>2026-07-28T13:29:50.685Z</time>
      </trkpt>
      <trkpt lat="40.07695798275632" lon="116.33712257882982">
        <ele>45.4</ele>
        <time>2026-07-28T13:29:51.686Z</time>
      </trkpt>
      <trkpt lat="40.076945766920446" lon="116.33709488506084">
        <ele>45.4</ele>
        <time>2026-07-28T13:29:52.685Z</time>
      </trkpt>
      <trkpt lat="40.07693152894277" lon="116.33706941827668">
        <ele>45.4</ele>
        <time>2026-07-28T13:29:53.686Z</time>
      </trkpt>
      <trkpt lat="40.07691556360633" lon="116.33704619561753">
        <ele>45.4</ele>
        <time>2026-07-28T13:29:54.686Z</time>
      </trkpt>
      <trkpt lat="40.07689783200914" lon="116.33702506280306">
        <ele>45.3</ele>
        <time>2026-07-28T13:29:55.685Z</time>
      </trkpt>
      <trkpt lat="40.07687843044093" lon="116.33700581164787">
        <ele>45.3</ele>
        <time>2026-07-28T13:29:56.686Z</time>
      </trkpt>
      <trkpt lat="40.076858089872914" lon="116.3369881034802">
        <ele>45.3</ele>
        <time>2026-07-28T13:29:57.685Z</time>
      </trkpt>
      <trkpt lat="40.076837381659765" lon="116.33697199086652">
        <ele>45.3</ele>
        <time>2026-07-28T13:29:58.686Z</time>
      </trkpt>
      <trkpt lat="40.07681665912083" lon="116.33695749046082">
        <ele>45.3</ele>
        <time>2026-07-28T13:29:59.686Z</time>
      </trkpt>
      <trkpt lat="40.07679589225335" lon="116.33694472720222">
        <ele>45.3</ele>
        <time>2026-07-28T13:30:00.685Z</time>
      </trkpt>
      <trkpt lat="40.07677486732142" lon="116.3369339919457">
        <ele>45.3</ele>
        <time>2026-07-28T13:30:01.686Z</time>
      </trkpt>
      <trkpt lat="40.07675346224385" lon="116.33692526577549">
        <ele>45.3</ele>
        <time>2026-07-28T13:30:02.685Z</time>
      </trkpt>
      <trkpt lat="40.07673134435856" lon="116.33691856610913">
        <ele>45.3</ele>
        <time>2026-07-28T13:30:03.685Z</time>
      </trkpt>
      <trkpt lat="40.07670840860557" lon="116.33691380289314">
        <ele>45.4</ele>
        <time>2026-07-28T13:30:04.686Z</time>
      </trkpt>
      <trkpt lat="40.076684931240266" lon="116.33691074486192">
        <ele>45.4</ele>
        <time>2026-07-28T13:30:05.685Z</time>
      </trkpt>
      <trkpt lat="40.0766611801257" lon="116.33690913465207">
        <ele>45.4</ele>
        <time>2026-07-28T13:30:06.686Z</time>
      </trkpt>
      <trkpt lat="40.07663741150059" lon="116.33690845528788">
        <ele>45.4</ele>
        <time>2026-07-28T13:30:07.686Z</time>
      </trkpt>
      <trkpt lat="40.07661384411892" lon="116.3369084539982">
        <ele>45.5</ele>
        <time>2026-07-28T13:30:08.686Z</time>
      </trkpt>
      <trkpt lat="40.076590563476195" lon="116.33690906599016">
        <ele>45.5</ele>
        <time>2026-07-28T13:30:09.685Z</time>
      </trkpt>
      <trkpt lat="40.076567409330885" lon="116.33691005742169">
        <ele>45.5</ele>
        <time>2026-07-28T13:30:10.685Z</time>
      </trkpt>
      <trkpt lat="40.07654425663366" lon="116.33691145360207">
        <ele>45.6</ele>
        <time>2026-07-28T13:30:11.685Z</time>
      </trkpt>
      <trkpt lat="40.076521043705206" lon="116.3369129509603">
        <ele>45.6</ele>
        <time>2026-07-28T13:30:12.685Z</time>
      </trkpt>
      <trkpt lat="40.07649773863249" lon="116.33691429277184">
        <ele>45.6</ele>
        <time>2026-07-28T13:30:13.685Z</time>
      </trkpt>
      <trkpt lat="40.076474308900785" lon="116.33691538767715">
        <ele>45.7</ele>
        <time>2026-07-28T13:30:14.685Z</time>
      </trkpt>
      <trkpt lat="40.076450823929854" lon="116.33691602158524">
        <ele>45.7</ele>
        <time>2026-07-28T13:30:15.685Z</time>
      </trkpt>
      <trkpt lat="40.076427334613186" lon="116.3369163309825">
        <ele>45.7</ele>
        <time>2026-07-28T13:30:16.686Z</time>
      </trkpt>
      <trkpt lat="40.07640390048443" lon="116.3369167255468">
        <ele>45.7</ele>
        <time>2026-07-28T13:30:17.685Z</time>
      </trkpt>
      <trkpt lat="40.07638048183701" lon="116.33691769740162">
        <ele>45.8</ele>
        <time>2026-07-28T13:30:18.686Z</time>
      </trkpt>
      <trkpt lat="40.07635706861513" lon="116.33691896424575">
        <ele>45.8</ele>
        <time>2026-07-28T13:30:19.686Z</time>
      </trkpt>
      <trkpt lat="40.07633363056358" lon="116.33692025417574">
        <ele>45.8</ele>
        <time>2026-07-28T13:30:20.685Z</time>
      </trkpt>
      <trkpt lat="40.076310127833466" lon="116.33692125712531">
        <ele>45.8</ele>
        <time>2026-07-28T13:30:21.685Z</time>
      </trkpt>
      <trkpt lat="40.07628666845068" lon="116.33692151241723">
        <ele>45.8</ele>
        <time>2026-07-28T13:30:22.685Z</time>
      </trkpt>
      <trkpt lat="40.07626346434847" lon="116.3369211367147">
        <ele>45.9</ele>
        <time>2026-07-28T13:30:23.685Z</time>
      </trkpt>
      <trkpt lat="40.07624079705746" lon="116.33692045987996">
        <ele>45.9</ele>
        <time>2026-07-28T13:30:24.686Z</time>
      </trkpt>
      <trkpt lat="40.076218800903156" lon="116.3369198124115">
        <ele>45.9</ele>
        <time>2026-07-28T13:30:25.685Z</time>
      </trkpt>
      <trkpt lat="40.076197440281724" lon="116.33691908611738">
        <ele>45.9</ele>
        <time>2026-07-28T13:30:26.686Z</time>
      </trkpt>
      <trkpt lat="40.07617661065931" lon="116.3369180725579">
        <ele>45.9</ele>
        <time>2026-07-28T13:30:27.685Z</time>
      </trkpt>
      <trkpt lat="40.076155872949165" lon="116.33691703607121">
        <ele>45.9</ele>
        <time>2026-07-28T13:30:28.685Z</time>
      </trkpt>
      <trkpt lat="40.07613482332614" lon="116.33691627007096">
        <ele>45.9</ele>
        <time>2026-07-28T13:30:29.686Z</time>
      </trkpt>
      <trkpt lat="40.076113397518924" lon="116.33691543826032">
        <ele>45.9</ele>
        <time>2026-07-28T13:30:30.685Z</time>
      </trkpt>
      <trkpt lat="40.07609156135321" lon="116.3369146846746">
        <ele>45.9</ele>
        <time>2026-07-28T13:30:31.686Z</time>
      </trkpt>
      <trkpt lat="40.07606944180038" lon="116.33691428317992">
        <ele>45.9</ele>
        <time>2026-07-28T13:30:32.685Z</time>
      </trkpt>
      <trkpt lat="40.076047198633724" lon="116.33691411030209">
        <ele>45.9</ele>
        <time>2026-07-28T13:30:33.685Z</time>
      </trkpt>
      <trkpt lat="40.07602491203034" lon="116.33691390155622">
        <ele>46.0</ele>
        <time>2026-07-28T13:30:34.685Z</time>
      </trkpt>
      <trkpt lat="40.07600265754764" lon="116.33691312099332">
        <ele>46.0</ele>
        <time>2026-07-28T13:30:35.685Z</time>
      </trkpt>
      <trkpt lat="40.07598046381114" lon="116.33691218626454">
        <ele>46.0</ele>
        <time>2026-07-28T13:30:36.686Z</time>
      </trkpt>
      <trkpt lat="40.07595838127871" lon="116.33691120377492">
        <ele>46.0</ele>
        <time>2026-07-28T13:30:37.685Z</time>
      </trkpt>
      <trkpt lat="40.07593641107079" lon="116.33691014322429">
        <ele>46.1</ele>
        <time>2026-07-28T13:30:38.685Z</time>
      </trkpt>
      <trkpt lat="40.07591443686998" lon="116.3369095265522">
        <ele>46.1</ele>
        <time>2026-07-28T13:30:39.685Z</time>
      </trkpt>
      <trkpt lat="40.075892391791065" lon="116.33690951461683">
        <ele>46.1</ele>
        <time>2026-07-28T13:30:40.684Z</time>
      </trkpt>
      <trkpt lat="40.07587016508126" lon="116.33691017254843">
        <ele>46.2</ele>
        <time>2026-07-28T13:30:41.686Z</time>
      </trkpt>
      <trkpt lat="40.07584789905234" lon="116.33691146048683">
        <ele>46.2</ele>
        <time>2026-07-28T13:30:42.686Z</time>
      </trkpt>
      <trkpt lat="40.07582561154682" lon="116.33691353319362">
        <ele>46.3</ele>
        <time>2026-07-28T13:30:43.685Z</time>
      </trkpt>
      <trkpt lat="40.07580335948136" lon="116.33691638537363">
        <ele>46.3</ele>
        <time>2026-07-28T13:30:44.685Z</time>
      </trkpt>
      <trkpt lat="40.07578149175899" lon="116.33691961022618">
        <ele>46.4</ele>
        <time>2026-07-28T13:30:45.685Z</time>
      </trkpt>
      <trkpt lat="40.07575975669345" lon="116.33692348865203">
        <ele>46.5</ele>
        <time>2026-07-28T13:30:46.685Z</time>
      </trkpt>
      <trkpt lat="40.075737939643716" lon="116.33692926237688">
        <ele>46.5</ele>
        <time>2026-07-28T13:30:47.685Z</time>
      </trkpt>
      <trkpt lat="40.075716459516165" lon="116.33693775343383">
        <ele>46.6</ele>
        <time>2026-07-28T13:30:48.685Z</time>
      </trkpt>
      <trkpt lat="40.075695454116136" lon="116.33694871524024">
        <ele>46.7</ele>
        <time>2026-07-28T13:30:49.686Z</time>
      </trkpt>
      <trkpt lat="40.07567514628779" lon="116.3369617805512">
        <ele>46.8</ele>
        <time>2026-07-28T13:30:50.685Z</time>
      </trkpt>
      <trkpt lat="40.07565591572259" lon="116.3369767920049">
        <ele>46.8</ele>
        <time>2026-07-28T13:30:51.686Z</time>
      </trkpt>
      <trkpt lat="40.075638253816216" lon="116.33699339674439">
        <ele>46.9</ele>
        <time>2026-07-28T13:30:52.685Z</time>
      </trkpt>
      <trkpt lat="40.07562193860382" lon="116.33701123395353">
        <ele>47.0</ele>
        <time>2026-07-28T13:30:53.685Z</time>
      </trkpt>
      <trkpt lat="40.07560657198599" lon="116.33703064603559">
        <ele>47.0</ele>
        <time>2026-07-28T13:30:54.685Z</time>
      </trkpt>
      <trkpt lat="40.075592209501245" lon="116.33705213235271">
        <ele>47.1</ele>
        <time>2026-07-28T13:30:55.685Z</time>
      </trkpt>
      <trkpt lat="40.075578527957596" lon="116.33707523467923">
        <ele>47.2</ele>
        <time>2026-07-28T13:30:56.686Z</time>
      </trkpt>
      <trkpt lat="40.07556522236094" lon="116.33709940647132">
        <ele>47.2</ele>
        <time>2026-07-28T13:30:57.685Z</time>
      </trkpt>
      <trkpt lat="40.075552264529136" lon="116.33712449537106">
        <ele>47.3</ele>
        <time>2026-07-28T13:30:58.685Z</time>
      </trkpt>
      <trkpt lat="40.07553995955925" lon="116.3371503388699">
        <ele>47.3</ele>
        <time>2026-07-28T13:30:59.685Z</time>
      </trkpt>
      <trkpt lat="40.07552894313036" lon="116.33717707557705">
        <ele>47.4</ele>
        <time>2026-07-28T13:31:00.685Z</time>
      </trkpt>
      <trkpt lat="40.0755193416756" lon="116.33720483812493">
        <ele>47.4</ele>
        <time>2026-07-28T13:31:01.686Z</time>
      </trkpt>
      <trkpt lat="40.07551128443704" lon="116.33723378194519">
        <ele>47.5</ele>
        <time>2026-07-28T13:31:02.685Z</time>
      </trkpt>
      <trkpt lat="40.07550504711935" lon="116.33726405065464">
        <ele>47.5</ele>
        <time>2026-07-28T13:31:03.684Z</time>
      </trkpt>
      <trkpt lat="40.07550051920853" lon="116.33729557713646">
        <ele>47.5</ele>
        <time>2026-07-28T13:31:04.685Z</time>
      </trkpt>
      <trkpt lat="40.075497343865585" lon="116.33732805301543">
        <ele>47.6</ele>
        <time>2026-07-28T13:31:05.685Z</time>
      </trkpt>
      <trkpt lat="40.07549526678178" lon="116.33736097540297">
        <ele>47.6</ele>
        <time>2026-07-28T13:31:06.685Z</time>
      </trkpt>
      <trkpt lat="40.07549427272651" lon="116.33739373901504">
        <ele>47.6</ele>
        <time>2026-07-28T13:31:07.685Z</time>
      </trkpt>
      <trkpt lat="40.07549433230861" lon="116.33742588600909">
        <ele>47.6</ele>
        <time>2026-07-28T13:31:08.685Z</time>
      </trkpt>
      <trkpt lat="40.075495587393156" lon="116.33745683984647">
        <ele>47.6</ele>
        <time>2026-07-28T13:31:09.685Z</time>
      </trkpt>
      <trkpt lat="40.07549885301032" lon="116.33748698511185">
        <ele>47.6</ele>
        <time>2026-07-28T13:31:10.684Z</time>
      </trkpt>
      <trkpt lat="40.07550475806956" lon="116.3375170014058">
        <ele>47.6</ele>
        <time>2026-07-28T13:31:11.685Z</time>
      </trkpt>
      <trkpt lat="40.0755127533055" lon="116.3375466734405">
        <ele>47.6</ele>
        <time>2026-07-28T13:31:12.685Z</time>
      </trkpt>
      <trkpt lat="40.07552250657591" lon="116.3375757596006">
        <ele>47.6</ele>
        <time>2026-07-28T13:31:13.685Z</time>
      </trkpt>
      <trkpt lat="40.07553389194926" lon="116.33760387514744">
        <ele>47.6</ele>
        <time>2026-07-28T13:31:14.685Z</time>
      </trkpt>
      <trkpt lat="40.075546562481165" lon="116.33763091258605">
        <ele>47.6</ele>
        <time>2026-07-28T13:31:15.685Z</time>
      </trkpt>
      <trkpt lat="40.07556010212102" lon="116.33765668939584">
        <ele>47.5</ele>
        <time>2026-07-28T13:31:16.685Z</time>
      </trkpt>
      <trkpt lat="40.075574220224034" lon="116.3376808563159">
        <ele>47.5</ele>
        <time>2026-07-28T13:31:17.685Z</time>
      </trkpt>
      <trkpt lat="40.07558900730376" lon="116.33770324741809">
        <ele>47.5</ele>
        <time>2026-07-28T13:31:18.685Z</time>
      </trkpt>
      <trkpt lat="40.07560445211641" lon="116.33772429953233">
        <ele>47.4</ele>
        <time>2026-07-28T13:31:19.685Z</time>
      </trkpt>
      <trkpt lat="40.07562057435791" lon="116.33774434260961">
        <ele>47.4</ele>
        <time>2026-07-28T13:31:20.685Z</time>
      </trkpt>
      <trkpt lat="40.07563753363252" lon="116.33776325449735">
        <ele>47.4</ele>
        <time>2026-07-28T13:31:21.685Z</time>
      </trkpt>
      <trkpt lat="40.07565575937085" lon="116.33778026050545">
        <ele>47.3</ele>
        <time>2026-07-28T13:31:22.685Z</time>
      </trkpt>
      <trkpt lat="40.07567540887065" lon="116.33779509663393">
        <ele>47.3</ele>
        <time>2026-07-28T13:31:23.685Z</time>
      </trkpt>
      <trkpt lat="40.07569622344075" lon="116.33780813862691">
        <ele>47.2</ele>
        <time>2026-07-28T13:31:24.685Z</time>
      </trkpt>
      <trkpt lat="40.07571795239159" lon="116.33781968469415">
        <ele>47.2</ele>
        <time>2026-07-28T13:31:25.685Z</time>
      </trkpt>
      <trkpt lat="40.075740068329814" lon="116.33783016997575">
        <ele>47.1</ele>
        <time>2026-07-28T13:31:26.685Z</time>
      </trkpt>
      <trkpt lat="40.07576227236863" lon="116.33783948236956">
        <ele>47.1</ele>
        <time>2026-07-28T13:31:27.685Z</time>
      </trkpt>
      <trkpt lat="40.075784344477306" lon="116.33784774550645">
        <ele>47.0</ele>
        <time>2026-07-28T13:31:28.685Z</time>
      </trkpt>
      <trkpt lat="40.07580604145233" lon="116.3378554038533">
        <ele>47.0</ele>
        <time>2026-07-28T13:31:29.685Z</time>
      </trkpt>
      <trkpt lat="40.07582725782973" lon="116.33786291109219">
        <ele>46.9</ele>
        <time>2026-07-28T13:31:30.685Z</time>
      </trkpt>
      <trkpt lat="40.07584769273582" lon="116.33787131828741">
        <ele>46.8</ele>
        <time>2026-07-28T13:31:31.685Z</time>
      </trkpt>
      <trkpt lat="40.07586840423751" lon="116.33787742408212">
        <ele>46.8</ele>
        <time>2026-07-28T13:31:32.685Z</time>
      </trkpt>
      <trkpt lat="40.075890492521175" lon="116.33787793097005">
        <ele>46.7</ele>
        <time>2026-07-28T13:31:33.685Z</time>
      </trkpt>
      <trkpt lat="40.075913415893154" lon="116.33787434893864">
        <ele>46.7</ele>
        <time>2026-07-28T13:31:34.685Z</time>
      </trkpt>
      <trkpt lat="40.07593675564889" lon="116.33786854651545">
        <ele>46.6</ele>
        <time>2026-07-28T13:31:35.685Z</time>
      </trkpt>
      <trkpt lat="40.075960239798384" lon="116.33786247391673">
        <ele>46.6</ele>
        <time>2026-07-28T13:31:36.685Z</time>
      </trkpt>
      <trkpt lat="40.075983708619425" lon="116.33785700432506">
        <ele>46.5</ele>
        <time>2026-07-28T13:31:37.685Z</time>
      </trkpt>
      <trkpt lat="40.076006977891254" lon="116.33785179685046">
        <ele>46.5</ele>
        <time>2026-07-28T13:31:38.685Z</time>
      </trkpt>
      <trkpt lat="40.07602998859571" lon="116.33784689271208">
        <ele>46.5</ele>
        <time>2026-07-28T13:31:39.685Z</time>
      </trkpt>
      <trkpt lat="40.07605292703742" lon="116.3378426011323">
        <ele>46.4</ele>
        <time>2026-07-28T13:31:40.685Z</time>
      </trkpt>
      <trkpt lat="40.076075837772656" lon="116.3378389247353">
        <ele>46.4</ele>
        <time>2026-07-28T13:31:41.685Z</time>
      </trkpt>
      <trkpt lat="40.076098537207855" lon="116.33783598605379">
        <ele>46.4</ele>
        <time>2026-07-28T13:31:42.685Z</time>
      </trkpt>
      <trkpt lat="40.07612079940564" lon="116.33783398305792">
        <ele>46.3</ele>
        <time>2026-07-28T13:31:43.685Z</time>
      </trkpt>
      <trkpt lat="40.07614262102053" lon="116.33783298403046">
        <ele>46.3</ele>
        <time>2026-07-28T13:31:44.685Z</time>
      </trkpt>
      <trkpt lat="40.076164224439424" lon="116.3378329156413">
        <ele>46.3</ele>
        <time>2026-07-28T13:31:45.685Z</time>
      </trkpt>
      <trkpt lat="40.07618578172743" lon="116.3378334700115">
        <ele>46.3</ele>
        <time>2026-07-28T13:31:46.685Z</time>
      </trkpt>
      <trkpt lat="40.07620728158211" lon="116.33783402315554">
        <ele>46.2</ele>
        <time>2026-07-28T13:31:47.685Z</time>
      </trkpt>
      <trkpt lat="40.07622881859006" lon="116.33783427108364">
        <ele>46.2</ele>
        <time>2026-07-28T13:31:48.684Z</time>
      </trkpt>
      <trkpt lat="40.076250501654606" lon="116.33783399954818">
        <ele>46.2</ele>
        <time>2026-07-28T13:31:49.685Z</time>
      </trkpt>
      <trkpt lat="40.07627221917007" lon="116.33783349395794">
        <ele>46.2</ele>
        <time>2026-07-28T13:31:50.685Z</time>
      </trkpt>
      <trkpt lat="40.0762939119667" lon="116.33783300214071">
        <ele>46.2</ele>
        <time>2026-07-28T13:31:51.685Z</time>
      </trkpt>
      <trkpt lat="40.07631561399411" lon="116.33783223864698">
        <ele>46.1</ele>
        <time>2026-07-28T13:31:52.685Z</time>
      </trkpt>
      <trkpt lat="40.0763373126694" lon="116.3378311849127">
        <ele>46.1</ele>
        <time>2026-07-28T13:31:53.684Z</time>
      </trkpt>
      <trkpt lat="40.076359047598594" lon="116.33783002954202">
        <ele>46.1</ele>
        <time>2026-07-28T13:31:54.685Z</time>
      </trkpt>
      <trkpt lat="40.076380908794086" lon="116.33782908580424">
        <ele>46.1</ele>
        <time>2026-07-28T13:31:55.685Z</time>
      </trkpt>
      <trkpt lat="40.07640295971616" lon="116.3378283931048">
        <ele>46.1</ele>
        <time>2026-07-28T13:31:56.685Z</time>
      </trkpt>
      <trkpt lat="40.07642525877394" lon="116.33782804610293">
        <ele>46.1</ele>
        <time>2026-07-28T13:31:57.685Z</time>
      </trkpt>
      <trkpt lat="40.076447780244855" lon="116.33782809545883">
        <ele>46.1</ele>
        <time>2026-07-28T13:31:58.685Z</time>
      </trkpt>
      <trkpt lat="40.07647056073468" lon="116.33782822694387">
        <ele>46.1</ele>
        <time>2026-07-28T13:31:59.685Z</time>
      </trkpt>
      <trkpt lat="40.07649356357647" lon="116.33782820425495">
        <ele>46.0</ele>
        <time>2026-07-28T13:32:00.685Z</time>
      </trkpt>
      <trkpt lat="40.0765166809083" lon="116.33782832420303">
        <ele>46.0</ele>
        <time>2026-07-28T13:32:01.685Z</time>
      </trkpt>
      <trkpt lat="40.07653983711312" lon="116.33782903299974">
        <ele>46.0</ele>
        <time>2026-07-28T13:32:02.685Z</time>
      </trkpt>
      <trkpt lat="40.07656313740801" lon="116.33782986424157">
        <ele>46.0</ele>
        <time>2026-07-28T13:32:03.685Z</time>
      </trkpt>
      <trkpt lat="40.07658652928562" lon="116.3378308010189">
        <ele>46.0</ele>
        <time>2026-07-28T13:32:04.685Z</time>
      </trkpt>
      <trkpt lat="40.07660981868596" lon="116.33783225663755">
        <ele>46.0</ele>
        <time>2026-07-28T13:32:05.685Z</time>
      </trkpt>
      <trkpt lat="40.07663293369201" lon="116.33783326167924">
        <ele>46.0</ele>
        <time>2026-07-28T13:32:06.685Z</time>
      </trkpt>
      <trkpt lat="40.07665580161263" lon="116.3378329230131">
        <ele>46.0</ele>
        <time>2026-07-28T13:32:07.685Z</time>
      </trkpt>
      <trkpt lat="40.076678391248514" lon="116.33783081984866">
        <ele>45.9</ele>
        <time>2026-07-28T13:32:08.685Z</time>
      </trkpt>
      <trkpt lat="40.076700749330435" lon="116.33782730097836">
        <ele>45.9</ele>
        <time>2026-07-28T13:32:09.685Z</time>
      </trkpt>
      <trkpt lat="40.07672284002698" lon="116.33782253656925">
        <ele>45.9</ele>
        <time>2026-07-28T13:32:10.685Z</time>
      </trkpt>
      <trkpt lat="40.076744255745744" lon="116.33781582315338">
        <ele>45.9</ele>
        <time>2026-07-28T13:32:11.685Z</time>
      </trkpt>
      <trkpt lat="40.07676476999628" lon="116.33780702232107">
        <ele>45.9</ele>
        <time>2026-07-28T13:32:12.685Z</time>
      </trkpt>
      <trkpt lat="40.076784703977026" lon="116.33779660931276">
        <ele>45.9</ele>
        <time>2026-07-28T13:32:13.685Z</time>
      </trkpt>
      <trkpt lat="40.07680427117039" lon="116.33778466012821">
        <ele>45.8</ele>
        <time>2026-07-28T13:32:14.685Z</time>
      </trkpt>
      <trkpt lat="40.07682353555854" lon="116.3377710808013">
        <ele>45.8</ele>
        <time>2026-07-28T13:32:15.685Z</time>
      </trkpt>
      <trkpt lat="40.07684245155435" lon="116.3377557317597">
        <ele>45.8</ele>
        <time>2026-07-28T13:32:16.685Z</time>
      </trkpt>
      <trkpt lat="40.07686098831093" lon="116.33773870571203">
        <ele>45.8</ele>
        <time>2026-07-28T13:32:17.685Z</time>
      </trkpt>
      <trkpt lat="40.07687896427826" lon="116.33772034635982">
        <ele>45.8</ele>
        <time>2026-07-28T13:32:18.685Z</time>
      </trkpt>
      <trkpt lat="40.076896255516445" lon="116.33770063038116">
        <ele>45.7</ele>
        <time>2026-07-28T13:32:19.685Z</time>
      </trkpt>
      <trkpt lat="40.0769130342121" lon="116.33767981297102">
        <ele>45.7</ele>
        <time>2026-07-28T13:32:20.685Z</time>
      </trkpt>
      <trkpt lat="40.07692931302784" lon="116.33765790616005">
        <ele>45.7</ele>
        <time>2026-07-28T13:32:21.685Z</time>
      </trkpt>
      <trkpt lat="40.076944873816075" lon="116.33763458498893">
        <ele>45.7</ele>
        <time>2026-07-28T13:32:22.685Z</time>
      </trkpt>
      <trkpt lat="40.07695959489217" lon="116.33760999000647">
        <ele>45.7</ele>
        <time>2026-07-28T13:32:23.685Z</time>
      </trkpt>
      <trkpt lat="40.07697334321369" lon="116.33758464934222">
        <ele>45.7</ele>
        <time>2026-07-28T13:32:24.685Z</time>
      </trkpt>
      <trkpt lat="40.07698535184788" lon="116.33755824261388">
        <ele>45.6</ele>
        <time>2026-07-28T13:32:25.685Z</time>
      </trkpt>
      <trkpt lat="40.076994941533385" lon="116.33753018146659">
        <ele>45.6</ele>
        <time>2026-07-28T13:32:26.685Z</time>
      </trkpt>
      <trkpt lat="40.07700229648431" lon="116.33750067202774">
        <ele>45.6</ele>
        <time>2026-07-28T13:32:27.685Z</time>
      </trkpt>
      <trkpt lat="40.07700775241847" lon="116.33747028606915">
        <ele>45.6</ele>
        <time>2026-07-28T13:32:28.685Z</time>
      </trkpt>
      <trkpt lat="40.07701149697912" lon="116.33743955253938">
        <ele>45.6</ele>
        <time>2026-07-28T13:32:29.685Z</time>
      </trkpt>
      <trkpt lat="40.07701361518695" lon="116.33740867647725">
        <ele>45.6</ele>
        <time>2026-07-28T13:32:30.685Z</time>
      </trkpt>
      <trkpt lat="40.077013837821674" lon="116.33737782246668">
        <ele>45.6</ele>
        <time>2026-07-28T13:32:31.685Z</time>
      </trkpt>
      <trkpt lat="40.07701217939023" lon="116.33734701763288">
        <ele>45.6</ele>
        <time>2026-07-28T13:32:32.685Z</time>
      </trkpt>
      <trkpt lat="40.07700887304899" lon="116.3373163156485">
        <ele>45.5</ele>
        <time>2026-07-28T13:32:33.685Z</time>
      </trkpt>
      <trkpt lat="40.07700421476248" lon="116.33728578909108">
        <ele>45.5</ele>
        <time>2026-07-28T13:32:34.685Z</time>
      </trkpt>
      <trkpt lat="40.0769984626722" lon="116.33725553997873">
        <ele>45.5</ele>
        <time>2026-07-28T13:32:35.685Z</time>
      </trkpt>
      <trkpt lat="40.07699175088406" lon="116.33722575147239">
        <ele>45.5</ele>
        <time>2026-07-28T13:32:36.685Z</time>
      </trkpt>
      <trkpt lat="40.076983896714616" lon="116.33719682411635">
        <ele>45.5</ele>
        <time>2026-07-28T13:32:37.685Z</time>
      </trkpt>
      <trkpt lat="40.07697461232464" lon="116.33716894284878">
        <ele>45.5</ele>
        <time>2026-07-28T13:32:38.685Z</time>
      </trkpt>
      <trkpt lat="40.07696387769889" lon="116.33714208083236">
        <ele>45.5</ele>
        <time>2026-07-28T13:32:39.685Z</time>
      </trkpt>
      <trkpt lat="40.076951782107884" lon="116.33711640165276">
        <ele>45.4</ele>
        <time>2026-07-28T13:32:40.685Z</time>
      </trkpt>
      <trkpt lat="40.07693836342264" lon="116.33709213206166">
        <ele>45.4</ele>
        <time>2026-07-28T13:32:41.684Z</time>
      </trkpt>
      <trkpt lat="40.07692355585524" lon="116.33706927107603">
        <ele>45.4</ele>
        <time>2026-07-28T13:32:42.685Z</time>
      </trkpt>
      <trkpt lat="40.076907696985195" lon="116.33704746603115">
        <ele>45.4</ele>
        <time>2026-07-28T13:32:43.685Z</time>
      </trkpt>
      <trkpt lat="40.07689092869509" lon="116.33702643147352">
        <ele>45.4</ele>
        <time>2026-07-28T13:32:44.685Z</time>
      </trkpt>
      <trkpt lat="40.07687318694521" lon="116.33700616182689">
        <ele>45.4</ele>
        <time>2026-07-28T13:32:45.685Z</time>
      </trkpt>
      <trkpt lat="40.07685456131129" lon="116.33698705177025">
        <ele>45.4</ele>
        <time>2026-07-28T13:32:46.685Z</time>
      </trkpt>
      <trkpt lat="40.076835065399315" lon="116.33696962755124">
        <ele>45.4</ele>
        <time>2026-07-28T13:32:47.685Z</time>
      </trkpt>
      <trkpt lat="40.07681466748149" lon="116.33695448659088">
        <ele>45.4</ele>
        <time>2026-07-28T13:32:48.685Z</time>
      </trkpt>
      <trkpt lat="40.07679325385792" lon="116.33694210990613">
        <ele>45.4</ele>
        <time>2026-07-28T13:32:49.685Z</time>
      </trkpt>
      <trkpt lat="40.07677099723031" lon="116.33693177370142">
        <ele>45.4</ele>
        <time>2026-07-28T13:32:50.685Z</time>
      </trkpt>
      <trkpt lat="40.07674821618771" lon="116.33692261191618">
        <ele>45.4</ele>
        <time>2026-07-28T13:32:51.684Z</time>
      </trkpt>
      <trkpt lat="40.076725041961154" lon="116.33691474761281">
        <ele>45.4</ele>
        <time>2026-07-28T13:32:52.685Z</time>
      </trkpt>
      <trkpt lat="40.07670148570581" lon="116.33690853155919">
        <ele>45.4</ele>
        <time>2026-07-28T13:32:53.685Z</time>
      </trkpt>
      <trkpt lat="40.07667769839746" lon="116.3369043511034">
        <ele>45.4</ele>
        <time>2026-07-28T13:32:54.684Z</time>
      </trkpt>
      <trkpt lat="40.07665389415725" lon="116.33690231049428">
        <ele>45.5</ele>
        <time>2026-07-28T13:32:55.685Z</time>
      </trkpt>
      <trkpt lat="40.07663018731585" lon="116.33690183099121">
        <ele>45.5</ele>
        <time>2026-07-28T13:32:56.685Z</time>
      </trkpt>
      <trkpt lat="40.07660641379761" lon="116.33690222265501">
        <ele>45.5</ele>
        <time>2026-07-28T13:32:57.684Z</time>
      </trkpt>
      <trkpt lat="40.07658246224787" lon="116.33690339356775">
        <ele>45.6</ele>
        <time>2026-07-28T13:32:58.684Z</time>
      </trkpt>
      <trkpt lat="40.07655837568926" lon="116.33690507586253">
        <ele>45.6</ele>
        <time>2026-07-28T13:32:59.685Z</time>
      </trkpt>
      <trkpt lat="40.07653434694193" lon="116.33690721984594">
        <ele>45.7</ele>
        <time>2026-07-28T13:33:00.685Z</time>
      </trkpt>
      <trkpt lat="40.076510567771486" lon="116.33690955558103">
        <ele>45.7</ele>
        <time>2026-07-28T13:33:01.684Z</time>
      </trkpt>
      <trkpt lat="40.076487307608204" lon="116.33691161218432">
        <ele>45.8</ele>
        <time>2026-07-28T13:33:02.685Z</time>
      </trkpt>
      <trkpt lat="40.07646477173944" lon="116.33691348007649">
        <ele>45.8</ele>
        <time>2026-07-28T13:33:03.684Z</time>
      </trkpt>
      <trkpt lat="40.07644280154323" lon="116.33691485315214">
        <ele>45.8</ele>
        <time>2026-07-28T13:33:04.684Z</time>
      </trkpt>
      <trkpt lat="40.07642128640222" lon="116.33691577125869">
        <ele>45.9</ele>
        <time>2026-07-28T13:33:05.685Z</time>
      </trkpt>
      <trkpt lat="40.0764000570934" lon="116.3369163073439">
        <ele>45.9</ele>
        <time>2026-07-28T13:33:06.684Z</time>
      </trkpt>
      <trkpt lat="40.07637880306614" lon="116.336916309058">
        <ele>45.9</ele>
        <time>2026-07-28T13:33:07.684Z</time>
      </trkpt>
      <trkpt lat="40.076357379227204" lon="116.3369159144338">
        <ele>46.0</ele>
        <time>2026-07-28T13:33:08.685Z</time>
      </trkpt>
      <trkpt lat="40.07633590747826" lon="116.33691539257215">
        <ele>46.0</ele>
        <time>2026-07-28T13:33:09.685Z</time>
      </trkpt>
      <trkpt lat="40.07631441448669" lon="116.33691466978266">
        <ele>46.0</ele>
        <time>2026-07-28T13:33:10.685Z</time>
      </trkpt>
      <trkpt lat="40.076292860548556" lon="116.33691376899863">
        <ele>46.1</ele>
        <time>2026-07-28T13:33:11.684Z</time>
      </trkpt>
      <trkpt lat="40.07627108547406" lon="116.33691354720227">
        <ele>46.1</ele>
        <time>2026-07-28T13:33:12.684Z</time>
      </trkpt>
      <trkpt lat="40.07624896708019" lon="116.336914109124">
        <ele>46.1</ele>
        <time>2026-07-28T13:33:13.684Z</time>
      </trkpt>
      <trkpt lat="40.07622648300268" lon="116.33691477786098">
        <ele>46.2</ele>
        <time>2026-07-28T13:33:14.684Z</time>
      </trkpt>
      <trkpt lat="40.0762037931578" lon="116.33691546059114">
        <ele>46.2</ele>
        <time>2026-07-28T13:33:15.684Z</time>
      </trkpt>
      <trkpt lat="40.07618102297943" lon="116.33691639831336">
        <ele>46.2</ele>
        <time>2026-07-28T13:33:16.685Z</time>
      </trkpt>
      <trkpt lat="40.076158134276255" lon="116.3369173266197">
        <ele>46.2</ele>
        <time>2026-07-28T13:33:17.685Z</time>
      </trkpt>
      <trkpt lat="40.07613505303811" lon="116.33691819645408">
        <ele>46.3</ele>
        <time>2026-07-28T13:33:18.684Z</time>
      </trkpt>
      <trkpt lat="40.076111888034326" lon="116.33691868068661">
        <ele>46.3</ele>
        <time>2026-07-28T13:33:19.684Z</time>
      </trkpt>
      <trkpt lat="40.076088874284" lon="116.33691862553508">
        <ele>46.3</ele>
        <time>2026-07-28T13:33:20.684Z</time>
      </trkpt>
      <trkpt lat="40.07606616496921" lon="116.33691823216867">
        <ele>46.3</ele>
        <time>2026-07-28T13:33:21.685Z</time>
      </trkpt>
      <trkpt lat="40.07604367864008" lon="116.3369174410871">
        <ele>46.4</ele>
        <time>2026-07-28T13:33:22.684Z</time>
      </trkpt>
      <trkpt lat="40.07602111443027" lon="116.33691637851298">
        <ele>46.4</ele>
        <time>2026-07-28T13:33:23.684Z</time>
      </trkpt>
      <trkpt lat="40.07599835910748" lon="116.33691438097792">
        <ele>46.4</ele>
        <time>2026-07-28T13:33:24.685Z</time>
      </trkpt>
      <trkpt lat="40.07597544397525" lon="116.33691183626892">
        <ele>46.4</ele>
        <time>2026-07-28T13:33:25.684Z</time>
      </trkpt>
      <trkpt lat="40.07595233915459" lon="116.3369099046838">
        <ele>46.5</ele>
        <time>2026-07-28T13:33:26.684Z</time>
      </trkpt>
      <trkpt lat="40.07592919100324" lon="116.33690868878813">
        <ele>46.5</ele>
        <time>2026-07-28T13:33:27.684Z</time>
      </trkpt>
      <trkpt lat="40.07590653777845" lon="116.33690816098182">
        <ele>46.5</ele>
        <time>2026-07-28T13:33:28.684Z</time>
      </trkpt>
      <trkpt lat="40.075884671271254" lon="116.33690845067964">
        <ele>46.6</ele>
        <time>2026-07-28T13:33:29.684Z</time>
      </trkpt>
      <trkpt lat="40.07586340264031" lon="116.33690946245503">
        <ele>46.6</ele>
        <time>2026-07-28T13:33:30.684Z</time>
      </trkpt>
      <trkpt lat="40.07584241410003" lon="116.33691113149943">
        <ele>46.7</ele>
        <time>2026-07-28T13:33:31.684Z</time>
      </trkpt>
      <trkpt lat="40.075821439902" lon="116.3369134445033">
        <ele>46.7</ele>
        <time>2026-07-28T13:33:32.684Z</time>
      </trkpt>
      <trkpt lat="40.07580009794115" lon="116.33691655692301">
        <ele>46.8</ele>
        <time>2026-07-28T13:33:33.684Z</time>
      </trkpt>
      <trkpt lat="40.075778390443794" lon="116.33692123279444">
        <ele>46.8</ele>
        <time>2026-07-28T13:33:34.684Z</time>
      </trkpt>
      <trkpt lat="40.07575665959938" lon="116.33692798280305">
        <ele>46.9</ele>
        <time>2026-07-28T13:33:35.684Z</time>
      </trkpt>
      <trkpt lat="40.07573514041331" lon="116.33693674909135">
        <ele>46.9</ele>
        <time>2026-07-28T13:33:36.684Z</time>
      </trkpt>
      <trkpt lat="40.075713841052156" lon="116.33694724757108">
        <ele>47.0</ele>
        <time>2026-07-28T13:33:37.684Z</time>
      </trkpt>
      <trkpt lat="40.075692764948016" lon="116.33695936328019">
        <ele>47.0</ele>
        <time>2026-07-28T13:33:38.684Z</time>
      </trkpt>
      <trkpt lat="40.07567201539673" lon="116.3369731365267">
        <ele>47.1</ele>
        <time>2026-07-28T13:33:39.684Z</time>
      </trkpt>
      <trkpt lat="40.07565185250206" lon="116.33698863680428">
        <ele>47.2</ele>
        <time>2026-07-28T13:33:40.684Z</time>
      </trkpt>
      <trkpt lat="40.07563261071659" lon="116.33700624897922">
        <ele>47.2</ele>
        <time>2026-07-28T13:33:41.684Z</time>
      </trkpt>
      <trkpt lat="40.07561436750892" lon="116.33702589517966">
        <ele>47.3</ele>
        <time>2026-07-28T13:33:42.684Z</time>
      </trkpt>
      <trkpt lat="40.07559690366573" lon="116.33704702984674">
        <ele>47.4</ele>
        <time>2026-07-28T13:33:43.684Z</time>
      </trkpt>
      <trkpt lat="40.075580242617654" lon="116.33706939117151">
        <ele>47.4</ele>
        <time>2026-07-28T13:33:44.684Z</time>
      </trkpt>
      <trkpt lat="40.07556458392352" lon="116.33709306376032">
        <ele>47.5</ele>
        <time>2026-07-28T13:33:45.684Z</time>
      </trkpt>
      <trkpt lat="40.07555006471015" lon="116.33711827846093">
        <ele>47.6</ele>
        <time>2026-07-28T13:33:46.685Z</time>
      </trkpt>
      <trkpt lat="40.07553710652075" lon="116.33714527559982">
        <ele>47.6</ele>
        <time>2026-07-28T13:33:47.684Z</time>
      </trkpt>
      <trkpt lat="40.075525868061064" lon="116.33717400539965">
        <ele>47.7</ele>
        <time>2026-07-28T13:33:48.684Z</time>
      </trkpt>
      <trkpt lat="40.07551605642895" lon="116.33720417313396">
        <ele>47.7</ele>
        <time>2026-07-28T13:33:49.684Z</time>
      </trkpt>
      <trkpt lat="40.07550757088951" lon="116.33723561350217">
        <ele>47.8</ele>
        <time>2026-07-28T13:33:50.684Z</time>
      </trkpt>
      <trkpt lat="40.07550022601661" lon="116.3372679517145">
        <ele>47.8</ele>
        <time>2026-07-28T13:33:51.684Z</time>
      </trkpt>
      <trkpt lat="40.07549396362342" lon="116.3373007325568">
        <ele>47.8</ele>
        <time>2026-07-28T13:33:52.684Z</time>
      </trkpt>
      <trkpt lat="40.07548943904682" lon="116.33733353477119">
        <ele>47.9</ele>
        <time>2026-07-28T13:33:53.684Z</time>
      </trkpt>
      <trkpt lat="40.07548754451453" lon="116.33736607149038">
        <ele>47.9</ele>
        <time>2026-07-28T13:33:54.684Z</time>
      </trkpt>
      <trkpt lat="40.07548825780398" lon="116.33739804866681">
        <ele>47.9</ele>
        <time>2026-07-28T13:33:55.684Z</time>
      </trkpt>
      <trkpt lat="40.07549066784609" lon="116.33742914346345">
        <ele>47.9</ele>
        <time>2026-07-28T13:33:56.684Z</time>
      </trkpt>
      <trkpt lat="40.075494165611346" lon="116.3374595254632">
        <ele>47.9</ele>
        <time>2026-07-28T13:33:57.684Z</time>
      </trkpt>
      <trkpt lat="40.075498665378134" lon="116.33748957501624">
        <ele>47.9</ele>
        <time>2026-07-28T13:33:58.684Z</time>
      </trkpt>
      <trkpt lat="40.07550435230866" lon="116.33751937142404">
        <ele>47.9</ele>
        <time>2026-07-28T13:33:59.684Z</time>
      </trkpt>
      <trkpt lat="40.07551130186212" lon="116.33754890464597">
        <ele>47.9</ele>
        <time>2026-07-28T13:34:00.684Z</time>
      </trkpt>
      <trkpt lat="40.07551981702395" lon="116.3375778888137">
        <ele>47.9</ele>
        <time>2026-07-28T13:34:01.684Z</time>
      </trkpt>
      <trkpt lat="40.075530124180176" lon="116.33760601241748">
        <ele>47.9</ele>
        <time>2026-07-28T13:34:02.684Z</time>
      </trkpt>
      <trkpt lat="40.07554203663153" lon="116.33763303677496">
        <ele>47.8</ele>
        <time>2026-07-28T13:34:03.684Z</time>
      </trkpt>
      <trkpt lat="40.075555324081854" lon="116.3376590310882">
        <ele>47.8</ele>
        <time>2026-07-28T13:34:04.684Z</time>
      </trkpt>
      <trkpt lat="40.075569839790774" lon="116.33768414678144">
        <ele>47.7</ele>
        <time>2026-07-28T13:34:05.684Z</time>
      </trkpt>
      <trkpt lat="40.07558569203835" lon="116.33770798850333">
        <ele>47.7</ele>
        <time>2026-07-28T13:34:06.684Z</time>
      </trkpt>
      <trkpt lat="40.07560295629193" lon="116.33773037973624">
        <ele>47.6</ele>
        <time>2026-07-28T13:34:07.684Z</time>
      </trkpt>
      <trkpt lat="40.07562159940897" lon="116.33775096928186">
        <ele>47.5</ele>
        <time>2026-07-28T13:34:08.684Z</time>
      </trkpt>
      <trkpt lat="40.075641538909174" lon="116.33776915814323">
        <ele>47.5</ele>
        <time>2026-07-28T13:34:09.684Z</time>
      </trkpt>
      <trkpt lat="40.07566250094957" lon="116.33778504972862">
        <ele>47.4</ele>
        <time>2026-07-28T13:34:10.684Z</time>
      </trkpt>
      <trkpt lat="40.0756842985848" lon="116.33779889994206">
        <ele>47.3</ele>
        <time>2026-07-28T13:34:11.684Z</time>
      </trkpt>
      <trkpt lat="40.07570705009352" lon="116.3378107369534">
        <ele>47.3</ele>
        <time>2026-07-28T13:34:12.684Z</time>
      </trkpt>
      <trkpt lat="40.07573070654939" lon="116.33782085280093">
        <ele>47.2</ele>
        <time>2026-07-28T13:34:13.684Z</time>
      </trkpt>
      <trkpt lat="40.07575501260999" lon="116.33782950813766">
        <ele>47.1</ele>
        <time>2026-07-28T13:34:14.684Z</time>
      </trkpt>
      <trkpt lat="40.07577966706814" lon="116.33783600097463">
        <ele>47.0</ele>
        <time>2026-07-28T13:34:15.684Z</time>
        <extensions>
  <gpxtpx:TrackPointExtension>
    <gpxtpx:hr>169</gpxtpx:hr>
  </gpxtpx:TrackPointExtension>
</extensions>
      </trkpt>
      <trkpt lat="40.0758042699152" lon="116.33784019859513">
        <ele>47.0</ele>
        <time>2026-07-28T13:34:16.684Z</time>
        <extensions>
  <gpxtpx:TrackPointExtension>
    <gpxtpx:hr>169</gpxtpx:hr>
  </gpxtpx:TrackPointExtension>
</extensions>
      </trkpt>
      <trkpt lat="40.075828515979346" lon="116.33784271573839">
        <ele>46.9</ele>
        <time>2026-07-28T13:34:17.684Z</time>
        <extensions>
  <gpxtpx:TrackPointExtension>
    <gpxtpx:hr>169</gpxtpx:hr>
  </gpxtpx:TrackPointExtension>
</extensions>
      </trkpt>
      <trkpt lat="40.07585235679447" lon="116.33784341666774">
        <ele>46.9</ele>
        <time>2026-07-28T13:34:18.684Z</time>
        <extensions>
  <gpxtpx:TrackPointExtension>
    <gpxtpx:hr>169</gpxtpx:hr>
  </gpxtpx:TrackPointExtension>
</extensions>
      </trkpt>
      <trkpt lat="40.075875881755486" lon="116.3378424794755">
        <ele>46.8</ele>
        <time>2026-07-28T13:34:19.684Z</time>
        <extensions>
  <gpxtpx:TrackPointExtension>
    <gpxtpx:hr>169</gpxtpx:hr>
  </gpxtpx:TrackPointExtension>
</extensions>
      </trkpt>
      <trkpt lat="40.075899250693126" lon="116.33784092855663">
        <ele>46.7</ele>
        <time>2026-07-28T13:34:20.684Z</time>
        <extensions>
  <gpxtpx:TrackPointExtension>
    <gpxtpx:hr>169</gpxtpx:hr>
  </gpxtpx:TrackPointExtension>
</extensions>
      </trkpt>
      <trkpt lat="40.075922303955295" lon="116.33783937702012">
        <ele>46.7</ele>
        <time>2026-07-28T13:34:21.684Z</time>
        <extensions>
  <gpxtpx:TrackPointExtension>
    <gpxtpx:hr>169</gpxtpx:hr>
  </gpxtpx:TrackPointExtension>
</extensions>
      </trkpt>
      <trkpt lat="40.07594470815696" lon="116.33783773417116">
        <ele>46.6</ele>
        <time>2026-07-28T13:34:22.684Z</time>
        <extensions>
  <gpxtpx:TrackPointExtension>
    <gpxtpx:hr>169</gpxtpx:hr>
  </gpxtpx:TrackPointExtension>
</extensions>
      </trkpt>
      <trkpt lat="40.075966545442355" lon="116.33783630556768">
        <ele>46.6</ele>
        <time>2026-07-28T13:34:23.684Z</time>
        <extensions>
  <gpxtpx:TrackPointExtension>
    <gpxtpx:hr>169</gpxtpx:hr>
  </gpxtpx:TrackPointExtension>
</extensions>
      </trkpt>
      <trkpt lat="40.075988059878725" lon="116.33783524242654">
        <ele>46.6</ele>
        <time>2026-07-28T13:34:24.684Z</time>
        <extensions>
  <gpxtpx:TrackPointExtension>
    <gpxtpx:hr>169</gpxtpx:hr>
  </gpxtpx:TrackPointExtension>
</extensions>
      </trkpt>
      <trkpt lat="40.07600936070148" lon="116.3378346878631">
        <ele>46.5</ele>
        <time>2026-07-28T13:34:25.684Z</time>
      </trkpt>
      <trkpt lat="40.076030544368216" lon="116.33783464112547">
        <ele>46.5</ele>
        <time>2026-07-28T13:34:26.684Z</time>
      </trkpt>
      <trkpt lat="40.076051733533475" lon="116.33783428483618">
        <ele>46.4</ele>
        <time>2026-07-28T13:34:27.684Z</time>
      </trkpt>
      <trkpt lat="40.07607285831742" lon="116.33783328815184">
        <ele>46.4</ele>
        <time>2026-07-28T13:34:28.684Z</time>
      </trkpt>
      <trkpt lat="40.07609398410661" lon="116.33783191355478">
        <ele>46.4</ele>
        <time>2026-07-28T13:34:29.684Z</time>
      </trkpt>
      <trkpt lat="40.076115461027214" lon="116.33783011173284">
        <ele>46.3</ele>
        <time>2026-07-28T13:34:30.684Z</time>
      </trkpt>
      <trkpt lat="40.07613725344325" lon="116.33782784028308">
        <ele>46.3</ele>
        <time>2026-07-28T13:34:31.684Z</time>
      </trkpt>
      <trkpt lat="40.07615930009123" lon="116.33782573409272">
        <ele>46.3</ele>
        <time>2026-07-28T13:34:32.684Z</time>
      </trkpt>
      <trkpt lat="40.07618162311063" lon="116.33782362471135">
        <ele>46.3</ele>
        <time>2026-07-28T13:34:33.684Z</time>
      </trkpt>
      <trkpt lat="40.076204105072414" lon="116.33782094799656">
        <ele>46.3</ele>
        <time>2026-07-28T13:34:34.684Z</time>
      </trkpt>
      <trkpt lat="40.0762266611682" lon="116.33781814368865">
        <ele>46.2</ele>
        <time>2026-07-28T13:34:35.684Z</time>
      </trkpt>
      <trkpt lat="40.07624930255724" lon="116.33781549253482">
        <ele>46.2</ele>
        <time>2026-07-28T13:34:36.684Z</time>
      </trkpt>
      <trkpt lat="40.0762719588503" lon="116.33781332116754">
        <ele>46.2</ele>
        <time>2026-07-28T13:34:37.684Z</time>
      </trkpt>
      <trkpt lat="40.076294605674775" lon="116.33781204620846">
        <ele>46.2</ele>
        <time>2026-07-28T13:34:38.684Z</time>
      </trkpt>
      <trkpt lat="40.07631714866962" lon="116.33781183094396">
        <ele>46.2</ele>
        <time>2026-07-28T13:34:39.684Z</time>
      </trkpt>
      <trkpt lat="40.07633967357788" lon="116.33781262722268">
        <ele>46.2</ele>
        <time>2026-07-28T13:34:40.684Z</time>
      </trkpt>
      <trkpt lat="40.0763624295444" lon="116.3378140995686">
        <ele>46.2</ele>
        <time>2026-07-28T13:34:41.684Z</time>
      </trkpt>
      <trkpt lat="40.07638531472418" lon="116.33781572776967">
        <ele>46.2</ele>
        <time>2026-07-28T13:34:42.684Z</time>
      </trkpt>
      <trkpt lat="40.07640819166" lon="116.33781742663476">
        <ele>46.1</ele>
        <time>2026-07-28T13:34:43.684Z</time>
      </trkpt>
      <trkpt lat="40.07643094441989" lon="116.33781906766474">
        <ele>46.1</ele>
        <time>2026-07-28T13:34:44.684Z</time>
      </trkpt>
      <trkpt lat="40.0764534701014" lon="116.33782041261061">
        <ele>46.1</ele>
        <time>2026-07-28T13:34:45.684Z</time>
      </trkpt>
      <trkpt lat="40.076475671583914" lon="116.33782199756243">
        <ele>46.1</ele>
        <time>2026-07-28T13:34:46.684Z</time>
      </trkpt>
      <trkpt lat="40.076497506587806" lon="116.33782380254328">
        <ele>46.1</ele>
        <time>2026-07-28T13:34:47.684Z</time>
      </trkpt>
      <trkpt lat="40.076518976808096" lon="116.33782512095877">
        <ele>46.1</ele>
        <time>2026-07-28T13:34:48.684Z</time>
      </trkpt>
      <trkpt lat="40.07654028702593" lon="116.3378258922206">
        <ele>46.1</ele>
        <time>2026-07-28T13:34:49.684Z</time>
      </trkpt>
      <trkpt lat="40.07656164782055" lon="116.33782615451145">
        <ele>46.1</ele>
        <time>2026-07-28T13:34:50.684Z</time>
      </trkpt>
      <trkpt lat="40.076583151095186" lon="116.3378264836767">
        <ele>46.1</ele>
        <time>2026-07-28T13:34:51.684Z</time>
      </trkpt>
      <trkpt lat="40.07660478602757" lon="116.337827398591">
        <ele>46.1</ele>
        <time>2026-07-28T13:34:52.684Z</time>
      </trkpt>
      <trkpt lat="40.07662661223673" lon="116.3378286797127">
        <ele>46.1</ele>
        <time>2026-07-28T13:34:53.684Z</time>
      </trkpt>
      <trkpt lat="40.07664859965603" lon="116.33782992162995">
        <ele>46.0</ele>
        <time>2026-07-28T13:34:54.684Z</time>
      </trkpt>
      <trkpt lat="40.07667074167845" lon="116.337829948751">
        <ele>46.0</ele>
        <time>2026-07-28T13:34:55.684Z</time>
      </trkpt>
      <trkpt lat="40.076692961529226" lon="116.3378276746743">
        <ele>46.0</ele>
        <time>2026-07-28T13:34:56.684Z</time>
      </trkpt>
      <trkpt lat="40.07671519151448" lon="116.33782320011666">
        <ele>46.0</ele>
        <time>2026-07-28T13:34:57.684Z</time>
      </trkpt>
      <trkpt lat="40.07673747830595" lon="116.33781687304621">
        <ele>46.0</ele>
        <time>2026-07-28T13:34:58.684Z</time>
      </trkpt>
      <trkpt lat="40.0767597255759" lon="116.33780832065388">
        <ele>46.0</ele>
        <time>2026-07-28T13:34:59.684Z</time>
      </trkpt>
      <trkpt lat="40.076781922141365" lon="116.33779768837069">
        <ele>46.0</ele>
        <time>2026-07-28T13:35:00.684Z</time>
      </trkpt>
      <trkpt lat="40.07680400896433" lon="116.33778579574457">
        <ele>45.9</ele>
        <time>2026-07-28T13:35:01.684Z</time>
      </trkpt>
      <trkpt lat="40.07682565282067" lon="116.33777283694783">
        <ele>45.9</ele>
        <time>2026-07-28T13:35:02.684Z</time>
      </trkpt>
      <trkpt lat="40.07684650913583" lon="116.33775850545993">
        <ele>45.9</ele>
        <time>2026-07-28T13:35:03.684Z</time>
      </trkpt>
      <trkpt lat="40.07686646589256" lon="116.33774243882013">
        <ele>45.9</ele>
        <time>2026-07-28T13:35:04.684Z</time>
      </trkpt>
      <trkpt lat="40.076885475659125" lon="116.33772423086621">
        <ele>45.8</ele>
        <time>2026-07-28T13:35:05.684Z</time>
      </trkpt>
      <trkpt lat="40.076903566138576" lon="116.33770407980339">
        <ele>45.8</ele>
        <time>2026-07-28T13:35:06.684Z</time>
      </trkpt>
      <trkpt lat="40.076920418328214" lon="116.3376822015552">
        <ele>45.8</ele>
        <time>2026-07-28T13:35:07.684Z</time>
      </trkpt>
      <trkpt lat="40.07693585371708" lon="116.33765865875195">
        <ele>45.7</ele>
        <time>2026-07-28T13:35:08.684Z</time>
      </trkpt>
      <trkpt lat="40.07694993747788" lon="116.3376338519855">
        <ele>45.7</ele>
        <time>2026-07-28T13:35:09.683Z</time>
      </trkpt>
      <trkpt lat="40.07696237868433" lon="116.3376076980724">
        <ele>45.7</ele>
        <time>2026-07-28T13:35:10.684Z</time>
      </trkpt>
      <trkpt lat="40.07697298769542" lon="116.33758063078662">
        <ele>45.7</ele>
        <time>2026-07-28T13:35:11.684Z</time>
      </trkpt>
      <trkpt lat="40.07698207726992" lon="116.33755318397985">
        <ele>45.6</ele>
        <time>2026-07-28T13:35:12.684Z</time>
      </trkpt>
      <trkpt lat="40.07698958073739" lon="116.33752551707359">
        <ele>45.6</ele>
        <time>2026-07-28T13:35:13.684Z</time>
      </trkpt>
      <trkpt lat="40.07699598178402" lon="116.33749784147105">
        <ele>45.6</ele>
        <time>2026-07-28T13:35:14.684Z</time>
      </trkpt>
      <trkpt lat="40.077001753643145" lon="116.33747027120978">
        <ele>45.5</ele>
        <time>2026-07-28T13:35:15.684Z</time>
      </trkpt>
      <trkpt lat="40.077006182811246" lon="116.33744258194896">
        <ele>45.5</ele>
        <time>2026-07-28T13:35:16.684Z</time>
      </trkpt>
      <trkpt lat="40.07700925689229" lon="116.33741472526201">
        <ele>45.5</ele>
        <time>2026-07-28T13:35:17.683Z</time>
      </trkpt>
      <trkpt lat="40.07701115982046" lon="116.33738669249294">
        <ele>45.5</ele>
        <time>2026-07-28T13:35:18.684Z</time>
      </trkpt>
      <trkpt lat="40.07701145000021" lon="116.33735849986799">
        <ele>45.4</ele>
        <time>2026-07-28T13:35:19.684Z</time>
      </trkpt>
      <trkpt lat="40.07700992140033" lon="116.33733005840159">
        <ele>45.4</ele>
        <time>2026-07-28T13:35:20.684Z</time>
      </trkpt>
      <trkpt lat="40.07700633981339" lon="116.33730142066696">
        <ele>45.4</ele>
        <time>2026-07-28T13:35:21.684Z</time>
      </trkpt>
      <trkpt lat="40.07700133140203" lon="116.33727264274266">
        <ele>45.4</ele>
        <time>2026-07-28T13:35:22.684Z</time>
      </trkpt>
      <trkpt lat="40.07699575687178" lon="116.3372435792216">
        <ele>45.4</ele>
        <time>2026-07-28T13:35:23.684Z</time>
      </trkpt>
      <trkpt lat="40.076989544936886" lon="116.33721438153104">
        <ele>45.4</ele>
        <time>2026-07-28T13:35:24.684Z</time>
      </trkpt>
      <trkpt lat="40.07698242098363" lon="116.33718543659408">
        <ele>45.4</ele>
        <time>2026-07-28T13:35:25.684Z</time>
      </trkpt>
      <trkpt lat="40.07697430432182" lon="116.33715704311679">
        <ele>45.3</ele>
        <time>2026-07-28T13:35:26.684Z</time>
      </trkpt>
      <trkpt lat="40.076965233603616" lon="116.33712911132622">
        <ele>45.3</ele>
        <time>2026-07-28T13:35:27.684Z</time>
      </trkpt>
      <trkpt lat="40.07695507778079" lon="116.33710174205362">
        <ele>45.3</ele>
        <time>2026-07-28T13:35:28.684Z</time>
      </trkpt>
      <trkpt lat="40.07694364339593" lon="116.33707522112802">
        <ele>45.3</ele>
        <time>2026-07-28T13:35:29.684Z</time>
      </trkpt>
      <trkpt lat="40.07693099507977" lon="116.3370495790615">
        <ele>45.3</ele>
        <time>2026-07-28T13:35:30.684Z</time>
      </trkpt>
      <trkpt lat="40.07691698453833" lon="116.33702497521361">
        <ele>45.3</ele>
        <time>2026-07-28T13:35:31.684Z</time>
      </trkpt>
      <trkpt lat="40.0769015251301" lon="116.33700150928064">
        <ele>45.3</ele>
        <time>2026-07-28T13:35:32.684Z</time>
      </trkpt>
      <trkpt lat="40.07688480615378" lon="116.33697898709053">
        <ele>45.3</ele>
        <time>2026-07-28T13:35:33.684Z</time>
      </trkpt>
      <trkpt lat="40.07686683582564" lon="116.33695796731283">
        <ele>45.3</ele>
        <time>2026-07-28T13:35:34.684Z</time>
      </trkpt>
      <trkpt lat="40.07684756891434" lon="116.33693941843148">
        <ele>45.3</ele>
        <time>2026-07-28T13:35:35.683Z</time>
      </trkpt>
      <trkpt lat="40.07682738420396" lon="116.33692307534402">
        <ele>45.3</ele>
        <time>2026-07-28T13:35:36.684Z</time>
      </trkpt>
      <trkpt lat="40.076806516122346" lon="116.3369086096039">
        <ele>45.4</ele>
        <time>2026-07-28T13:35:37.684Z</time>
      </trkpt>
      <trkpt lat="40.07678481106299" lon="116.33689630150751">
        <ele>45.4</ele>
        <time>2026-07-28T13:35:38.684Z</time>
      </trkpt>
      <trkpt lat="40.076762386787955" lon="116.33688609756582">
        <ele>45.4</ele>
        <time>2026-07-28T13:35:39.684Z</time>
      </trkpt>
      <trkpt lat="40.07673950866167" lon="116.33687802690872">
        <ele>45.5</ele>
        <time>2026-07-28T13:35:40.684Z</time>
      </trkpt>
      <trkpt lat="40.07671667518282" lon="116.33687201905418">
        <ele>45.5</ele>
        <time>2026-07-28T13:35:41.684Z</time>
      </trkpt>
      <trkpt lat="40.07669409763187" lon="116.33686814793599">
        <ele>45.5</ele>
        <time>2026-07-28T13:35:42.684Z</time>
      </trkpt>
      <trkpt lat="40.076671742204894" lon="116.33686644003286">
        <ele>45.6</ele>
        <time>2026-07-28T13:35:43.684Z</time>
      </trkpt>
      <trkpt lat="40.07664956815187" lon="116.3368663274813">
        <ele>45.6</ele>
        <time>2026-07-28T13:35:44.684Z</time>
      </trkpt>
      <trkpt lat="40.076627415190565" lon="116.33686728876057">
        <ele>45.7</ele>
        <time>2026-07-28T13:35:45.684Z</time>
      </trkpt>
      <trkpt lat="40.07660500820969" lon="116.33686884519653">
        <ele>45.7</ele>
        <time>2026-07-28T13:35:46.683Z</time>
      </trkpt>
      <trkpt lat="40.07658222147481" lon="116.33687082961521">
        <ele>45.8</ele>
        <time>2026-07-28T13:35:47.684Z</time>
      </trkpt>
      <trkpt lat="40.0765591281843" lon="116.33687325104941">
        <ele>45.8</ele>
        <time>2026-07-28T13:35:48.684Z</time>
      </trkpt>
      <trkpt lat="40.07653567381325" lon="116.33687568720917">
        <ele>45.9</ele>
        <time>2026-07-28T13:35:49.684Z</time>
      </trkpt>
      <trkpt lat="40.07651186844042" lon="116.33687786841402">
        <ele>46.0</ele>
        <time>2026-07-28T13:35:50.683Z</time>
      </trkpt>
      <trkpt lat="40.076487838937176" lon="116.33688019104419">
        <ele>46.0</ele>
        <time>2026-07-28T13:35:51.684Z</time>
      </trkpt>
      <trkpt lat="40.076463739457836" lon="116.33688305055635">
        <ele>46.1</ele>
        <time>2026-07-28T13:35:52.684Z</time>
      </trkpt>
      <trkpt lat="40.076439615451996" lon="116.33688646369158">
        <ele>46.1</ele>
        <time>2026-07-28T13:35:53.684Z</time>
      </trkpt>
      <trkpt lat="40.07641547103538" lon="116.33689034891611">
        <ele>46.2</ele>
        <time>2026-07-28T13:35:54.684Z</time>
      </trkpt>
      <trkpt lat="40.07639129741853" lon="116.33689444192802">
        <ele>46.2</ele>
        <time>2026-07-28T13:35:55.683Z</time>
      </trkpt>
      <trkpt lat="40.07636711881477" lon="116.33689861924516">
        <ele>46.2</ele>
        <time>2026-07-28T13:35:56.683Z</time>
      </trkpt>
      <trkpt lat="40.076342941110006" lon="116.33690222667536">
        <ele>46.3</ele>
        <time>2026-07-28T13:35:57.684Z</time>
      </trkpt>
      <trkpt lat="40.07631881745442" lon="116.3369048789547">
        <ele>46.3</ele>
        <time>2026-07-28T13:35:58.683Z</time>
      </trkpt>
      <trkpt lat="40.076294831914225" lon="116.3369072049794">
        <ele>46.3</ele>
        <time>2026-07-28T13:35:59.684Z</time>
      </trkpt>
      <trkpt lat="40.07627099213793" lon="116.3369096802202">
        <ele>46.4</ele>
        <time>2026-07-28T13:36:00.684Z</time>
      </trkpt>
      <trkpt lat="40.07624726414314" lon="116.33691240184282">
        <ele>46.4</ele>
        <time>2026-07-28T13:36:01.683Z</time>
      </trkpt>
      <trkpt lat="40.07622359957548" lon="116.33691487462946">
        <ele>46.4</ele>
        <time>2026-07-28T13:36:02.684Z</time>
      </trkpt>
      <trkpt lat="40.07620002948798" lon="116.33691698918501">
        <ele>46.5</ele>
        <time>2026-07-28T13:36:03.684Z</time>
      </trkpt>
      <trkpt lat="40.07617655226696" lon="116.33691882558196">
        <ele>46.5</ele>
        <time>2026-07-28T13:36:04.683Z</time>
      </trkpt>
      <trkpt lat="40.07615319979799" lon="116.33692023908466">
        <ele>46.5</ele>
        <time>2026-07-28T13:36:05.683Z</time>
      </trkpt>
      <trkpt lat="40.07613011983518" lon="116.33692141185377">
        <ele>46.5</ele>
        <time>2026-07-28T13:36:06.684Z</time>
      </trkpt>
      <trkpt lat="40.076107556656474" lon="116.33692247713357">
        <ele>46.5</ele>
        <time>2026-07-28T13:36:07.684Z</time>
      </trkpt>
      <trkpt lat="40.07608568018848" lon="116.33692321915466">
        <ele>46.6</ele>
        <time>2026-07-28T13:36:08.684Z</time>
      </trkpt>
      <trkpt lat="40.07606440639724" lon="116.33692335499144">
        <ele>46.6</ele>
        <time>2026-07-28T13:36:09.684Z</time>
      </trkpt>
      <trkpt lat="40.076043510461325" lon="116.33692275751442">
        <ele>46.6</ele>
        <time>2026-07-28T13:36:10.684Z</time>
      </trkpt>
      <trkpt lat="40.076022568641044" lon="116.33692175222004">
        <ele>46.6</ele>
        <time>2026-07-28T13:36:11.683Z</time>
      </trkpt>
      <trkpt lat="40.07600129640429" lon="116.33692046762886">
        <ele>46.6</ele>
        <time>2026-07-28T13:36:12.683Z</time>
      </trkpt>
      <trkpt lat="40.07597961619816" lon="116.33691871282416">
        <ele>46.7</ele>
        <time>2026-07-28T13:36:13.684Z</time>
      </trkpt>
      <trkpt lat="40.07595740575999" lon="116.33691700647181">
        <ele>46.7</ele>
        <time>2026-07-28T13:36:14.683Z</time>
      </trkpt>
      <trkpt lat="40.07593458380501" lon="116.33691592663669">
        <ele>46.7</ele>
        <time>2026-07-28T13:36:15.684Z</time>
      </trkpt>
      <trkpt lat="40.07591147856732" lon="116.33691516885357">
        <ele>46.8</ele>
        <time>2026-07-28T13:36:16.683Z</time>
      </trkpt>
      <trkpt lat="40.07588830717794" lon="116.33691472903298">
        <ele>46.8</ele>
        <time>2026-07-28T13:36:17.684Z</time>
      </trkpt>
      <trkpt lat="40.075865208960295" lon="116.33691485785124">
        <ele>46.8</ele>
        <time>2026-07-28T13:36:18.683Z</time>
      </trkpt>
      <trkpt lat="40.07584219271911" lon="116.336915483675">
        <ele>46.9</ele>
        <time>2026-07-28T13:36:19.683Z</time>
      </trkpt>
      <trkpt lat="40.075819331998744" lon="116.33691705375549">
        <ele>46.9</ele>
        <time>2026-07-28T13:36:20.683Z</time>
      </trkpt>
      <trkpt lat="40.075796557485006" lon="116.3369199505269">
        <ele>46.9</ele>
        <time>2026-07-28T13:36:21.683Z</time>
      </trkpt>
      <trkpt lat="40.07577388541472" lon="116.3369249542346">
        <ele>47.0</ele>
        <time>2026-07-28T13:36:22.684Z</time>
      </trkpt>
      <trkpt lat="40.07575141026333" lon="116.33693260680693">
        <ele>47.0</ele>
        <time>2026-07-28T13:36:23.684Z</time>
      </trkpt>
      <trkpt lat="40.07572912881812" lon="116.33694232336084">
        <ele>47.1</ele>
        <time>2026-07-28T13:36:24.684Z</time>
      </trkpt>
      <trkpt lat="40.0757071058725" lon="116.336953810635">
        <ele>47.1</ele>
        <time>2026-07-28T13:36:25.684Z</time>
      </trkpt>
      <trkpt lat="40.07568561529367" lon="116.33696693917175">
        <ele>47.2</ele>
        <time>2026-07-28T13:36:26.683Z</time>
      </trkpt>
      <trkpt lat="40.075664899065394" lon="116.3369816551312">
        <ele>47.3</ele>
        <time>2026-07-28T13:36:27.683Z</time>
      </trkpt>
      <trkpt lat="40.075645187849794" lon="116.3369983155612">
        <ele>47.3</ele>
        <time>2026-07-28T13:36:28.683Z</time>
      </trkpt>
      <trkpt lat="40.075626645024435" lon="116.33701721256375">
        <ele>47.4</ele>
        <time>2026-07-28T13:36:29.683Z</time>
      </trkpt>
      <trkpt lat="40.07560927455613" lon="116.33703822430331">
        <ele>47.4</ele>
        <time>2026-07-28T13:36:30.684Z</time>
      </trkpt>
      <trkpt lat="40.0755928894093" lon="116.33706073086064">
        <ele>47.5</ele>
        <time>2026-07-28T13:36:31.684Z</time>
      </trkpt>
      <trkpt lat="40.07557785720149" lon="116.33708443670658">
        <ele>47.5</ele>
        <time>2026-07-28T13:36:32.683Z</time>
      </trkpt>
      <trkpt lat="40.07556437159958" lon="116.33710912425812">
        <ele>47.6</ele>
        <time>2026-07-28T13:36:33.684Z</time>
      </trkpt>
      <trkpt lat="40.075551905397624" lon="116.3371345283868">
        <ele>47.6</ele>
        <time>2026-07-28T13:36:34.683Z</time>
      </trkpt>
      <trkpt lat="40.075539912854964" lon="116.33716062786779">
        <ele>47.7</ele>
        <time>2026-07-28T13:36:35.683Z</time>
      </trkpt>
      <trkpt lat="40.07552857841775" lon="116.33718769787855">
        <ele>47.7</ele>
        <time>2026-07-28T13:36:36.683Z</time>
      </trkpt>
      <trkpt lat="40.07551848738286" lon="116.33721593323924">
        <ele>47.7</ele>
        <time>2026-07-28T13:36:37.683Z</time>
      </trkpt>
      <trkpt lat="40.07550994659565" lon="116.33724530858592">
        <ele>47.8</ele>
        <time>2026-07-28T13:36:38.683Z</time>
      </trkpt>
      <trkpt lat="40.07550287368406" lon="116.33727556637801">
        <ele>47.8</ele>
        <time>2026-07-28T13:36:39.684Z</time>
      </trkpt>
      <trkpt lat="40.075496818041074" lon="116.33730641846431">
        <ele>47.8</ele>
        <time>2026-07-28T13:36:40.684Z</time>
      </trkpt>
      <trkpt lat="40.07549222722491" lon="116.33733792793527">
        <ele>47.8</ele>
        <time>2026-07-28T13:36:41.683Z</time>
      </trkpt>
      <trkpt lat="40.07548978869713" lon="116.33737012464245">
        <ele>47.8</ele>
        <time>2026-07-28T13:36:42.683Z</time>
      </trkpt>
      <trkpt lat="40.07548990146179" lon="116.33740269221894">
        <ele>47.8</ele>
        <time>2026-07-28T13:36:43.684Z</time>
      </trkpt>
      <trkpt lat="40.07549260012378" lon="116.33743512555132">
        <ele>47.8</ele>
        <time>2026-07-28T13:36:44.684Z</time>
      </trkpt>
      <trkpt lat="40.075497069813956" lon="116.33746707097298">
        <ele>47.8</ele>
        <time>2026-07-28T13:36:45.684Z</time>
      </trkpt>
      <trkpt lat="40.075502252941604" lon="116.33749825796707">
        <ele>47.8</ele>
        <time>2026-07-28T13:36:46.684Z</time>
      </trkpt>
      <trkpt lat="40.07550802876044" lon="116.33752859727403">
        <ele>47.8</ele>
        <time>2026-07-28T13:36:47.683Z</time>
      </trkpt>
      <trkpt lat="40.075515023663485" lon="116.33755797177731">
        <ele>47.8</ele>
        <time>2026-07-28T13:36:48.683Z</time>
      </trkpt>
      <trkpt lat="40.075523514651984" lon="116.33758641459237">
        <ele>47.7</ele>
        <time>2026-07-28T13:36:49.683Z</time>
      </trkpt>
      <trkpt lat="40.07553372097541" lon="116.33761389216367">
        <ele>47.7</ele>
        <time>2026-07-28T13:36:50.683Z</time>
      </trkpt>
      <trkpt lat="40.075545899113074" lon="116.33764015496311">
        <ele>47.6</ele>
        <time>2026-07-28T13:36:51.683Z</time>
      </trkpt>
      <trkpt lat="40.07555984337671" lon="116.33766485850238">
        <ele>47.6</ele>
        <time>2026-07-28T13:36:52.683Z</time>
      </trkpt>
      <trkpt lat="40.07557516849376" lon="116.33768779960944">
        <ele>47.5</ele>
        <time>2026-07-28T13:36:53.683Z</time>
      </trkpt>
      <trkpt lat="40.075591665347176" lon="116.33770878922451">
        <ele>47.4</ele>
        <time>2026-07-28T13:36:54.684Z</time>
      </trkpt>
      <trkpt lat="40.07560933722105" lon="116.33772804835829">
        <ele>47.4</ele>
        <time>2026-07-28T13:36:55.683Z</time>
      </trkpt>
      <trkpt lat="40.07562794871063" lon="116.33774623741648">
        <ele>47.3</ele>
        <time>2026-07-28T13:36:56.684Z</time>
      </trkpt>
      <trkpt lat="40.075647360956225" lon="116.33776319461079">
        <ele>47.2</ele>
        <time>2026-07-28T13:36:57.683Z</time>
      </trkpt>
      <trkpt lat="40.07566748839915" lon="116.33777813717715">
        <ele>47.2</ele>
        <time>2026-07-28T13:36:58.684Z</time>
      </trkpt>
      <trkpt lat="40.075688175447056" lon="116.3377911285125">
        <ele>47.1</ele>
        <time>2026-07-28T13:36:59.683Z</time>
      </trkpt>
      <trkpt lat="40.075709324309464" lon="116.3378030830086">
        <ele>47.0</ele>
        <time>2026-07-28T13:37:00.684Z</time>
      </trkpt>
      <trkpt lat="40.07573076464052" lon="116.33781416460248">
        <ele>46.9</ele>
        <time>2026-07-28T13:37:01.683Z</time>
      </trkpt>
      <trkpt lat="40.07575255109951" lon="116.33782416819652">
        <ele>46.9</ele>
        <time>2026-07-28T13:37:02.683Z</time>
      </trkpt>
      <trkpt lat="40.075774657318746" lon="116.3378333706024">
        <ele>46.8</ele>
        <time>2026-07-28T13:37:03.683Z</time>
      </trkpt>
      <trkpt lat="40.0757969893249" lon="116.33784104028267">
        <ele>46.7</ele>
        <time>2026-07-28T13:37:04.683Z</time>
      </trkpt>
      <trkpt lat="40.075819449243724" lon="116.33784644648102">
        <ele>46.7</ele>
        <time>2026-07-28T13:37:05.683Z</time>
      </trkpt>
      <trkpt lat="40.075841960093555" lon="116.33784964111734">
        <ele>46.6</ele>
        <time>2026-07-28T13:37:06.683Z</time>
      </trkpt>
      <trkpt lat="40.07586455584033" lon="116.33785073396636">
        <ele>46.5</ele>
        <time>2026-07-28T13:37:07.683Z</time>
      </trkpt>
      <trkpt lat="40.075887281427605" lon="116.3378502802699">
        <ele>46.5</ele>
        <time>2026-07-28T13:37:08.683Z</time>
      </trkpt>
      <trkpt lat="40.07590997184961" lon="116.33784885076324">
        <ele>46.4</ele>
        <time>2026-07-28T13:37:09.683Z</time>
      </trkpt>
      <trkpt lat="40.0759324456071" lon="116.33784721593125">
        <ele>46.4</ele>
        <time>2026-07-28T13:37:10.683Z</time>
      </trkpt>
      <trkpt lat="40.075954619041745" lon="116.33784590243008">
        <ele>46.3</ele>
        <time>2026-07-28T13:37:11.683Z</time>
      </trkpt>
      <trkpt lat="40.075976529864306" lon="116.3378444837067">
        <ele>46.3</ele>
        <time>2026-07-28T13:37:12.683Z</time>
      </trkpt>
      <trkpt lat="40.075998236921166" lon="116.33784244558035">
        <ele>46.2</ele>
        <time>2026-07-28T13:37:13.683Z</time>
      </trkpt>
      <trkpt lat="40.07601991409341" lon="116.33783991783912">
        <ele>46.2</ele>
        <time>2026-07-28T13:37:14.683Z</time>
      </trkpt>
      <trkpt lat="40.07604173049623" lon="116.33783698012829">
        <ele>46.1</ele>
        <time>2026-07-28T13:37:15.683Z</time>
      </trkpt>
      <trkpt lat="40.076063815157696" lon="116.33783404099745">
        <ele>46.1</ele>
        <time>2026-07-28T13:37:16.683Z</time>
      </trkpt>
      <trkpt lat="40.07608617269532" lon="116.3378316032163">
        <ele>46.1</ele>
        <time>2026-07-28T13:37:17.683Z</time>
      </trkpt>
      <trkpt lat="40.07610873831963" lon="116.33783012687826">
        <ele>46.0</ele>
        <time>2026-07-28T13:37:18.683Z</time>
      </trkpt>
      <trkpt lat="40.07613135127035" lon="116.33782974607786">
        <ele>46.0</ele>
        <time>2026-07-28T13:37:19.683Z</time>
      </trkpt>
      <trkpt lat="40.07615385573596" lon="116.337829422074">
        <ele>46.0</ele>
        <time>2026-07-28T13:37:20.683Z</time>
      </trkpt>
      <trkpt lat="40.07617621153294" lon="116.3378290377075">
        <ele>45.9</ele>
        <time>2026-07-28T13:37:21.683Z</time>
      </trkpt>
      <trkpt lat="40.07619855624505" lon="116.33782907205476">
        <ele>45.9</ele>
        <time>2026-07-28T13:37:22.683Z</time>
      </trkpt>
      <trkpt lat="40.07622106637436" lon="116.33782937291788">
        <ele>45.9</ele>
        <time>2026-07-28T13:37:23.683Z</time>
      </trkpt>
      <trkpt lat="40.07624363634299" lon="116.33782985079938">
        <ele>45.9</ele>
        <time>2026-07-28T13:37:24.683Z</time>
      </trkpt>
      <trkpt lat="40.076265982833306" lon="116.33783038992019">
        <ele>45.8</ele>
        <time>2026-07-28T13:37:25.683Z</time>
      </trkpt>
      <trkpt lat="40.07628768345298" lon="116.33783087754118">
        <ele>45.8</ele>
        <time>2026-07-28T13:37:26.683Z</time>
      </trkpt>
      <trkpt lat="40.076308622444564" lon="116.33783104158195">
        <ele>45.8</ele>
        <time>2026-07-28T13:37:27.683Z</time>
      </trkpt>
      <trkpt lat="40.07632912221914" lon="116.33783102538018">
        <ele>45.8</ele>
        <time>2026-07-28T13:37:28.683Z</time>
      </trkpt>
      <trkpt lat="40.07634952409895" lon="116.33783096203045">
        <ele>45.8</ele>
        <time>2026-07-28T13:37:29.683Z</time>
      </trkpt>
      <trkpt lat="40.0763700818496" lon="116.33783085656242">
        <ele>45.8</ele>
        <time>2026-07-28T13:37:30.683Z</time>
      </trkpt>
      <trkpt lat="40.07639105994144" lon="116.3378307131176">
        <ele>45.8</ele>
        <time>2026-07-28T13:37:31.683Z</time>
      </trkpt>
      <trkpt lat="40.07641248725303" lon="116.33783047813773">
        <ele>45.7</ele>
        <time>2026-07-28T13:37:32.683Z</time>
      </trkpt>
      <trkpt lat="40.07643438952795" lon="116.33782994041186">
        <ele>45.7</ele>
        <time>2026-07-28T13:37:33.683Z</time>
      </trkpt>
      <trkpt lat="40.0764567632794" lon="116.33782869008057">
        <ele>45.7</ele>
        <time>2026-07-28T13:37:34.683Z</time>
      </trkpt>
      <trkpt lat="40.076479499062195" lon="116.33782700056041">
        <ele>45.7</ele>
        <time>2026-07-28T13:37:35.683Z</time>
      </trkpt>
      <trkpt lat="40.07650243755051" lon="116.33782542968217">
        <ele>45.7</ele>
        <time>2026-07-28T13:37:36.683Z</time>
      </trkpt>
      <trkpt lat="40.07652542717243" lon="116.33782443738379">
        <ele>45.7</ele>
        <time>2026-07-28T13:37:37.683Z</time>
      </trkpt>
      <trkpt lat="40.076548385657915" lon="116.33782405774285">
        <ele>45.7</ele>
        <time>2026-07-28T13:37:38.683Z</time>
      </trkpt>
      <trkpt lat="40.07657139876079" lon="116.33782429353845">
        <ele>45.7</ele>
        <time>2026-07-28T13:37:39.683Z</time>
      </trkpt>
      <trkpt lat="40.076594628062786" lon="116.33782536479556">
        <ele>45.7</ele>
        <time>2026-07-28T13:37:40.683Z</time>
      </trkpt>
      <trkpt lat="40.076618214485734" lon="116.33782675668634">
        <ele>45.7</ele>
        <time>2026-07-28T13:37:41.683Z</time>
      </trkpt>
      <trkpt lat="40.07664208325195" lon="116.33782752180343">
        <ele>45.7</ele>
        <time>2026-07-28T13:37:42.683Z</time>
      </trkpt>
      <trkpt lat="40.07666598523394" lon="116.33782706000966">
        <ele>45.7</ele>
        <time>2026-07-28T13:37:43.683Z</time>
      </trkpt>
      <trkpt lat="40.07668991371102" lon="116.33782469924597">
        <ele>45.7</ele>
        <time>2026-07-28T13:37:44.683Z</time>
      </trkpt>
      <trkpt lat="40.07671393421497" lon="116.3378199562449">
        <ele>45.7</ele>
        <time>2026-07-28T13:37:45.683Z</time>
      </trkpt>
      <trkpt lat="40.076737774479646" lon="116.33781259991603">
        <ele>45.7</ele>
        <time>2026-07-28T13:37:46.683Z</time>
      </trkpt>
      <trkpt lat="40.076761216757184" lon="116.33780268482383">
        <ele>45.6</ele>
        <time>2026-07-28T13:37:47.683Z</time>
      </trkpt>
      <trkpt lat="40.076784018328674" lon="116.3377905176959">
        <ele>45.6</ele>
        <time>2026-07-28T13:37:48.683Z</time>
      </trkpt>
      <trkpt lat="40.07680600001127" lon="116.33777660111733">
        <ele>45.6</ele>
        <time>2026-07-28T13:37:49.683Z</time>
      </trkpt>
      <trkpt lat="40.07682716687256" lon="116.33776146547628">
        <ele>45.6</ele>
        <time>2026-07-28T13:37:50.683Z</time>
      </trkpt>
      <trkpt lat="40.076847514822354" lon="116.3377451987052">
        <ele>45.6</ele>
        <time>2026-07-28T13:37:51.683Z</time>
      </trkpt>
      <trkpt lat="40.07686687707153" lon="116.3377275698523">
        <ele>45.6</ele>
        <time>2026-07-28T13:37:52.683Z</time>
      </trkpt>
      <trkpt lat="40.0768851997348" lon="116.33770832136148">
        <ele>45.5</ele>
        <time>2026-07-28T13:37:53.683Z</time>
      </trkpt>
      <trkpt lat="40.07690245141549" lon="116.33768726772104">
        <ele>45.5</ele>
        <time>2026-07-28T13:37:54.683Z</time>
      </trkpt>
      <trkpt lat="40.0769185090285" lon="116.33766442882416">
        <ele>45.5</ele>
        <time>2026-07-28T13:37:55.683Z</time>
      </trkpt>
      <trkpt lat="40.076933452443534" lon="116.33764011388772">
        <ele>45.5</ele>
        <time>2026-07-28T13:37:56.683Z</time>
      </trkpt>
      <trkpt lat="40.07694723794355" lon="116.33761427966382">
        <ele>45.4</ele>
        <time>2026-07-28T13:37:57.683Z</time>
      </trkpt>
      <trkpt lat="40.07695963029376" lon="116.33758695095892">
        <ele>45.4</ele>
        <time>2026-07-28T13:37:58.683Z</time>
      </trkpt>
      <trkpt lat="40.07697045210809" lon="116.33755850868422">
        <ele>45.4</ele>
        <time>2026-07-28T13:37:59.683Z</time>
      </trkpt>
      <trkpt lat="40.07697941142684" lon="116.33752920731841">
        <ele>45.4</ele>
        <time>2026-07-28T13:38:00.683Z</time>
      </trkpt>
      <trkpt lat="40.07698616711852" lon="116.33749916570328">
        <ele>45.4</ele>
        <time>2026-07-28T13:38:01.683Z</time>
      </trkpt>
      <trkpt lat="40.0769906739392" lon="116.33746830516786">
        <ele>45.4</ele>
        <time>2026-07-28T13:38:02.683Z</time>
      </trkpt>
      <trkpt lat="40.07699340177304" lon="116.3374366799725">
        <ele>45.4</ele>
        <time>2026-07-28T13:38:03.683Z</time>
      </trkpt>
      <trkpt lat="40.07699481348341" lon="116.33740436834371">
        <ele>45.4</ele>
        <time>2026-07-28T13:38:04.683Z</time>
      </trkpt>
      <trkpt lat="40.07699486553621" lon="116.33737115027131">
        <ele>45.4</ele>
        <time>2026-07-28T13:38:05.683Z</time>
      </trkpt>
      <trkpt lat="40.076993606748054" lon="116.33733711155894">
        <ele>45.4</ele>
        <time>2026-07-28T13:38:06.683Z</time>
      </trkpt>
      <trkpt lat="40.07699143512516" lon="116.33730284128455">
        <ele>45.4</ele>
        <time>2026-07-28T13:38:07.683Z</time>
      </trkpt>
      <trkpt lat="40.07698802240532" lon="116.33726906394551">
        <ele>45.4</ele>
        <time>2026-07-28T13:38:08.683Z</time>
      </trkpt>
      <trkpt lat="40.07698297560638" lon="116.33723621103972">
        <ele>45.4</ele>
        <time>2026-07-28T13:38:09.683Z</time>
      </trkpt>
      <trkpt lat="40.076976818970266" lon="116.33720410942607">
        <ele>45.4</ele>
        <time>2026-07-28T13:38:10.683Z</time>
      </trkpt>
      <trkpt lat="40.07696965295208" lon="116.33717274589644">
        <ele>45.4</ele>
        <time>2026-07-28T13:38:11.683Z</time>
      </trkpt>
      <trkpt lat="40.07696082277032" lon="116.33714230304803">
        <ele>45.5</ele>
        <time>2026-07-28T13:38:12.683Z</time>
      </trkpt>
      <trkpt lat="40.07695020772811" lon="116.33711296327172">
        <ele>45.5</ele>
        <time>2026-07-28T13:38:13.683Z</time>
      </trkpt>
      <trkpt lat="40.076937852860944" lon="116.33708515716242">
        <ele>45.5</ele>
        <time>2026-07-28T13:38:14.683Z</time>
      </trkpt>
      <trkpt lat="40.076923848829175" lon="116.33705913414886">
        <ele>45.5</ele>
        <time>2026-07-28T13:38:15.683Z</time>
      </trkpt>
      <trkpt lat="40.076908390340826" lon="116.33703485713814">
        <ele>45.5</ele>
        <time>2026-07-28T13:38:16.683Z</time>
      </trkpt>
      <trkpt lat="40.07689191206923" lon="116.33701201250892">
        <ele>45.5</ele>
        <time>2026-07-28T13:38:17.683Z</time>
      </trkpt>
      <trkpt lat="40.076874606447106" lon="116.33699086403706">
        <ele>45.5</ele>
        <time>2026-07-28T13:38:18.683Z</time>
      </trkpt>
      <trkpt lat="40.07685611020598" lon="116.33697208918986">
        <ele>45.5</ele>
        <time>2026-07-28T13:38:19.683Z</time>
      </trkpt>
      <trkpt lat="40.07683669541019" lon="116.33695562330263">
        <ele>45.5</ele>
        <time>2026-07-28T13:38:20.683Z</time>
      </trkpt>
      <trkpt lat="40.07681669343242" lon="116.33694098669946">
        <ele>45.5</ele>
        <time>2026-07-28T13:38:21.683Z</time>
      </trkpt>
      <trkpt lat="40.076796224012675" lon="116.33692821891503">
        <ele>45.6</ele>
        <time>2026-07-28T13:38:22.683Z</time>
      </trkpt>
      <trkpt lat="40.076775268931854" lon="116.33691764699049">
        <ele>45.6</ele>
        <time>2026-07-28T13:38:23.683Z</time>
      </trkpt>
      <trkpt lat="40.07675375632324" lon="116.33690968528992">
        <ele>45.6</ele>
        <time>2026-07-28T13:38:24.683Z</time>
      </trkpt>
      <trkpt lat="40.07673165995358" lon="116.33690417665295">
        <ele>45.6</ele>
        <time>2026-07-28T13:38:25.683Z</time>
      </trkpt>
      <trkpt lat="40.07670922899367" lon="116.3369009974635">
        <ele>45.6</ele>
        <time>2026-07-28T13:38:26.683Z</time>
      </trkpt>
      <trkpt lat="40.0766865664779" lon="116.33690057642828">
        <ele>45.7</ele>
        <time>2026-07-28T13:38:27.683Z</time>
      </trkpt>
      <trkpt lat="40.07666386748061" lon="116.33690239529552">
        <ele>45.7</ele>
        <time>2026-07-28T13:38:28.683Z</time>
      </trkpt>
      <trkpt lat="40.076641090520006" lon="116.33690510792229">
        <ele>45.7</ele>
        <time>2026-07-28T13:38:29.683Z</time>
      </trkpt>
      <trkpt lat="40.076617957457565" lon="116.33690715590176">
        <ele>45.7</ele>
        <time>2026-07-28T13:38:30.683Z</time>
      </trkpt>
      <trkpt lat="40.07659455854078" lon="116.33690847428853">
        <ele>45.8</ele>
        <time>2026-07-28T13:38:31.683Z</time>
      </trkpt>
      <trkpt lat="40.07657115268407" lon="116.33691021676687">
        <ele>45.8</ele>
        <time>2026-07-28T13:38:32.683Z</time>
      </trkpt>
      <trkpt lat="40.07654789980862" lon="116.33691266751153">
        <ele>45.8</ele>
        <time>2026-07-28T13:38:33.683Z</time>
      </trkpt>
      <trkpt lat="40.076524744943384" lon="116.33691556426456">
        <ele>45.9</ele>
        <time>2026-07-28T13:38:34.683Z</time>
      </trkpt>
      <trkpt lat="40.07650150525343" lon="116.33691888297999">
        <ele>45.9</ele>
        <time>2026-07-28T13:38:35.683Z</time>
      </trkpt>
      <trkpt lat="40.07647804714237" lon="116.33692260628365">
        <ele>45.9</ele>
        <time>2026-07-28T13:38:36.683Z</time>
      </trkpt>
      <trkpt lat="40.07645435191512" lon="116.33692648341581">
        <ele>45.9</ele>
        <time>2026-07-28T13:38:37.683Z</time>
      </trkpt>
      <trkpt lat="40.076430563844426" lon="116.33693024382329">
        <ele>45.9</ele>
        <time>2026-07-28T13:38:38.683Z</time>
      </trkpt>
      <trkpt lat="40.07640682159114" lon="116.33693344324615">
        <ele>46.0</ele>
        <time>2026-07-28T13:38:39.683Z</time>
      </trkpt>
      <trkpt lat="40.07638313340199" lon="116.33693608203718">
        <ele>46.0</ele>
        <time>2026-07-28T13:38:40.683Z</time>
      </trkpt>
      <trkpt lat="40.07635963676882" lon="116.33693859804308">
        <ele>46.0</ele>
        <time>2026-07-28T13:38:41.682Z</time>
      </trkpt>
      <trkpt lat="40.076336270208245" lon="116.33694092691678">
        <ele>46.0</ele>
        <time>2026-07-28T13:38:42.683Z</time>
      </trkpt>
      <trkpt lat="40.07631301402889" lon="116.33694288093672">
        <ele>46.0</ele>
        <time>2026-07-28T13:38:43.683Z</time>
      </trkpt>
      <trkpt lat="40.07628990934159" lon="116.33694432541661">
        <ele>46.0</ele>
        <time>2026-07-28T13:38:44.683Z</time>
      </trkpt>
      <trkpt lat="40.07626711521293" lon="116.3369453357893">
        <ele>46.0</ele>
        <time>2026-07-28T13:38:45.683Z</time>
      </trkpt>
      <trkpt lat="40.076244748190796" lon="116.3369462811405">
        <ele>46.0</ele>
        <time>2026-07-28T13:38:46.682Z</time>
      </trkpt>
      <trkpt lat="40.07622267011267" lon="116.33694766990214">
        <ele>46.0</ele>
        <time>2026-07-28T13:38:47.683Z</time>
      </trkpt>
      <trkpt lat="40.07620072721907" lon="116.33694893685447">
        <ele>46.0</ele>
        <time>2026-07-28T13:38:48.683Z</time>
      </trkpt>
      <trkpt lat="40.076178717715045" lon="116.33695031621217">
        <ele>46.0</ele>
        <time>2026-07-28T13:38:49.683Z</time>
      </trkpt>
      <trkpt lat="40.07615641652204" lon="116.33695253422167">
        <ele>46.1</ele>
        <time>2026-07-28T13:38:50.683Z</time>
      </trkpt>
      <trkpt lat="40.07613358607846" lon="116.33695502197536">
        <ele>46.1</ele>
        <time>2026-07-28T13:38:51.683Z</time>
      </trkpt>
      <trkpt lat="40.07611029541656" lon="116.33695778000907">
        <ele>46.1</ele>
        <time>2026-07-28T13:38:52.683Z</time>
      </trkpt>
      <trkpt lat="40.0760866384253" lon="116.3369605666056">
        <ele>46.1</ele>
        <time>2026-07-28T13:38:53.683Z</time>
      </trkpt>
      <trkpt lat="40.07606270743932" lon="116.33696316288037">
        <ele>46.1</ele>
        <time>2026-07-28T13:38:54.682Z</time>
      </trkpt>
      <trkpt lat="40.076038645955755" lon="116.33696459720095">
        <ele>46.1</ele>
        <time>2026-07-28T13:38:55.683Z</time>
      </trkpt>
      <trkpt lat="40.076014709512705" lon="116.33696405158653">
        <ele>46.2</ele>
        <time>2026-07-28T13:38:56.683Z</time>
      </trkpt>
      <trkpt lat="40.07599098133577" lon="116.33696256239114">
        <ele>46.2</ele>
        <time>2026-07-28T13:38:57.683Z</time>
      </trkpt>
      <trkpt lat="40.075967476343024" lon="116.33696104060478">
        <ele>46.2</ele>
        <time>2026-07-28T13:38:58.683Z</time>
      </trkpt>
      <trkpt lat="40.07594416842078" lon="116.33695903381047">
        <ele>46.2</ele>
        <time>2026-07-28T13:38:59.683Z</time>
      </trkpt>
      <trkpt lat="40.07592097334848" lon="116.33695599454015">
        <ele>46.3</ele>
        <time>2026-07-28T13:39:00.683Z</time>
      </trkpt>
      <trkpt lat="40.07589789245145" lon="116.33695219071535">
        <ele>46.3</ele>
        <time>2026-07-28T13:39:01.683Z</time>
      </trkpt>
      <trkpt lat="40.075874997018374" lon="116.33694771476756">
        <ele>46.4</ele>
        <time>2026-07-28T13:39:02.683Z</time>
      </trkpt>
      <trkpt lat="40.07585204937576" lon="116.33694383095832">
        <ele>46.4</ele>
        <time>2026-07-28T13:39:03.683Z</time>
      </trkpt>
      <trkpt lat="40.07582881360726" lon="116.33694045720044">
        <ele>46.5</ele>
        <time>2026-07-28T13:39:04.683Z</time>
      </trkpt>
      <trkpt lat="40.075805307186435" lon="116.33693691836312">
        <ele>46.5</ele>
        <time>2026-07-28T13:39:05.682Z</time>
      </trkpt>
      <trkpt lat="40.07578170091049" lon="116.33693362119433">
        <ele>46.6</ele>
        <time>2026-07-28T13:39:06.683Z</time>
      </trkpt>
      <trkpt lat="40.07575820411341" lon="116.33693181843408">
        <ele>46.6</ele>
        <time>2026-07-28T13:39:07.682Z</time>
      </trkpt>
      <trkpt lat="40.07573482418813" lon="116.3369334619407">
        <ele>46.7</ele>
        <time>2026-07-28T13:39:08.683Z</time>
      </trkpt>
      <trkpt lat="40.075711935089096" lon="116.3369391168508">
        <ele>46.8</ele>
        <time>2026-07-28T13:39:09.683Z</time>
      </trkpt>
      <trkpt lat="40.07568994161391" lon="116.33694872937237">
        <ele>46.8</ele>
        <time>2026-07-28T13:39:10.682Z</time>
      </trkpt>
      <trkpt lat="40.075669178057765" lon="116.33696153713404">
        <ele>46.9</ele>
        <time>2026-07-28T13:39:11.683Z</time>
      </trkpt>
      <trkpt lat="40.07564977023418" lon="116.33697648827486">
        <ele>46.9</ele>
        <time>2026-07-28T13:39:12.683Z</time>
      </trkpt>
      <trkpt lat="40.07563184268136" lon="116.33699327100797">
        <ele>47.0</ele>
        <time>2026-07-28T13:39:13.683Z</time>
      </trkpt>
      <trkpt lat="40.075615579839265" lon="116.33701208961979">
        <ele>47.1</ele>
        <time>2026-07-28T13:39:14.683Z</time>
      </trkpt>
      <trkpt lat="40.07560069282252" lon="116.33703261029233">
        <ele>47.1</ele>
        <time>2026-07-28T13:39:15.683Z</time>
      </trkpt>
      <trkpt lat="40.07558689689165" lon="116.33705428844219">
        <ele>47.2</ele>
        <time>2026-07-28T13:39:16.683Z</time>
      </trkpt>
      <trkpt lat="40.07557399066461" lon="116.3370769153027">
        <ele>47.2</ele>
        <time>2026-07-28T13:39:17.683Z</time>
      </trkpt>
      <trkpt lat="40.075561764498524" lon="116.33710061141039">
        <ele>47.3</ele>
        <time>2026-07-28T13:39:18.683Z</time>
      </trkpt>
      <trkpt lat="40.075550338110865" lon="116.33712585886013">
        <ele>47.4</ele>
        <time>2026-07-28T13:39:19.683Z</time>
      </trkpt>
      <trkpt lat="40.07553995310211" lon="116.33715285847089">
        <ele>47.4</ele>
        <time>2026-07-28T13:39:20.683Z</time>
        <extensions>
  <gpxtpx:TrackPointExtension>
    <gpxtpx:hr>174</gpxtpx:hr>
  </gpxtpx:TrackPointExtension>
</extensions>
      </trkpt>
      <trkpt lat="40.07553060197897" lon="116.33718142596396">
        <ele>47.5</ele>
        <time>2026-07-28T13:39:21.682Z</time>
        <extensions>
  <gpxtpx:TrackPointExtension>
    <gpxtpx:hr>174</gpxtpx:hr>
  </gpxtpx:TrackPointExtension>
</extensions>
      </trkpt>
      <trkpt lat="40.07552220609497" lon="116.33721135450084">
        <ele>47.5</ele>
        <time>2026-07-28T13:39:22.683Z</time>
        <extensions>
  <gpxtpx:TrackPointExtension>
    <gpxtpx:hr>174</gpxtpx:hr>
  </gpxtpx:TrackPointExtension>
</extensions>
      </trkpt>
      <trkpt lat="40.07551464195024" lon="116.33724227527456">
        <ele>47.6</ele>
        <time>2026-07-28T13:39:23.683Z</time>
        <extensions>
  <gpxtpx:TrackPointExtension>
    <gpxtpx:hr>174</gpxtpx:hr>
  </gpxtpx:TrackPointExtension>
</extensions>
      </trkpt>
      <trkpt lat="40.07550780080058" lon="116.33727401752664">
        <ele>47.6</ele>
        <time>2026-07-28T13:39:24.683Z</time>
        <extensions>
  <gpxtpx:TrackPointExtension>
    <gpxtpx:hr>174</gpxtpx:hr>
  </gpxtpx:TrackPointExtension>
</extensions>
      </trkpt>
      <trkpt lat="40.07550225513899" lon="116.33730666921858">
        <ele>47.7</ele>
        <time>2026-07-28T13:39:25.683Z</time>
        <extensions>
  <gpxtpx:TrackPointExtension>
    <gpxtpx:hr>174</gpxtpx:hr>
  </gpxtpx:TrackPointExtension>
</extensions>
      </trkpt>
      <trkpt lat="40.07549858165395" lon="116.33734008285826">
        <ele>47.7</ele>
        <time>2026-07-28T13:39:26.683Z</time>
        <extensions>
  <gpxtpx:TrackPointExtension>
    <gpxtpx:hr>174</gpxtpx:hr>
  </gpxtpx:TrackPointExtension>
</extensions>
      </trkpt>
      <trkpt lat="40.07549618693637" lon="116.33737370552946">
        <ele>47.7</ele>
        <time>2026-07-28T13:39:27.682Z</time>
        <extensions>
  <gpxtpx:TrackPointExtension>
    <gpxtpx:hr>174</gpxtpx:hr>
  </gpxtpx:TrackPointExtension>
</extensions>
      </trkpt>
      <trkpt lat="40.07549341827702" lon="116.33740676598404">
        <ele>47.8</ele>
        <time>2026-07-28T13:39:28.683Z</time>
        <extensions>
  <gpxtpx:TrackPointExtension>
    <gpxtpx:hr>174</gpxtpx:hr>
  </gpxtpx:TrackPointExtension>
</extensions>
      </trkpt>
      <trkpt lat="40.07549000928901" lon="116.33743874906872">
        <ele>47.8</ele>
        <time>2026-07-28T13:39:29.683Z</time>
        <extensions>
  <gpxtpx:TrackPointExtension>
    <gpxtpx:hr>174</gpxtpx:hr>
  </gpxtpx:TrackPointExtension>
</extensions>
      </trkpt>
      <trkpt lat="40.07548934014493" lon="116.33747033900111">
        <ele>47.8</ele>
        <time>2026-07-28T13:39:30.683Z</time>
      </trkpt>
      <trkpt lat="40.07549307347048" lon="116.33750203285288">
        <ele>47.8</ele>
        <time>2026-07-28T13:39:31.683Z</time>
      </trkpt>
      <trkpt lat="40.075499749461656" lon="116.33753345064532">
        <ele>47.8</ele>
        <time>2026-07-28T13:39:32.683Z</time>
      </trkpt>
      <trkpt lat="40.07550829113875" lon="116.33756435816305">
        <ele>47.8</ele>
        <time>2026-07-28T13:39:33.683Z</time>
      </trkpt>
      <trkpt lat="40.07551832038962" lon="116.33759443788057">
        <ele>47.8</ele>
        <time>2026-07-28T13:39:34.683Z</time>
      </trkpt>
      <trkpt lat="40.07552964907066" lon="116.3376234665141">
        <ele>47.8</ele>
        <time>2026-07-28T13:39:35.682Z</time>
      </trkpt>
      <trkpt lat="40.07554223047143" lon="116.33765104901437">
        <ele>47.8</ele>
        <time>2026-07-28T13:39:36.682Z</time>
      </trkpt>
      <trkpt lat="40.075556226246" lon="116.33767664572824">
        <ele>47.7</ele>
        <time>2026-07-28T13:39:37.682Z</time>
      </trkpt>
      <trkpt lat="40.075571259394984" lon="116.33770047098955">
        <ele>47.7</ele>
        <time>2026-07-28T13:39:38.682Z</time>
      </trkpt>
      <trkpt lat="40.0755869108321" lon="116.33772278455835">
        <ele>47.7</ele>
        <time>2026-07-28T13:39:39.682Z</time>
      </trkpt>
      <trkpt lat="40.07560330673362" lon="116.33774348460898">
        <ele>47.6</ele>
        <time>2026-07-28T13:39:40.683Z</time>
      </trkpt>
      <trkpt lat="40.07562086089761" lon="116.33776226113656">
        <ele>47.6</ele>
        <time>2026-07-28T13:39:41.683Z</time>
      </trkpt>
      <trkpt lat="40.07563957658185" lon="116.33777924537512">
        <ele>47.5</ele>
        <time>2026-07-28T13:39:42.682Z</time>
      </trkpt>
      <trkpt lat="40.07565911482022" lon="116.33779475327313">
        <ele>47.4</ele>
        <time>2026-07-28T13:39:43.683Z</time>
      </trkpt>
      <trkpt lat="40.07567929979614" lon="116.33780861533309">
        <ele>47.4</ele>
        <time>2026-07-28T13:39:44.683Z</time>
      </trkpt>
      <trkpt lat="40.075700040495526" lon="116.3378204648855">
        <ele>47.3</ele>
        <time>2026-07-28T13:39:45.682Z</time>
      </trkpt>
      <trkpt lat="40.07572132764124" lon="116.33782994405472">
        <ele>47.2</ele>
        <time>2026-07-28T13:39:46.682Z</time>
      </trkpt>
      <trkpt lat="40.07574307932602" lon="116.33783721257913">
        <ele>47.1</ele>
        <time>2026-07-28T13:39:47.682Z</time>
      </trkpt>
      <trkpt lat="40.075765249609816" lon="116.33784273283464">
        <ele>47.1</ele>
        <time>2026-07-28T13:39:48.682Z</time>
      </trkpt>
      <trkpt lat="40.075787831862385" lon="116.337846881077">
        <ele>47.0</ele>
        <time>2026-07-28T13:39:49.682Z</time>
      </trkpt>
      <trkpt lat="40.07581057132879" lon="116.3378502171843">
        <ele>46.9</ele>
        <time>2026-07-28T13:39:50.683Z</time>
      </trkpt>
      <trkpt lat="40.075833349112344" lon="116.33785270450686">
        <ele>46.8</ele>
        <time>2026-07-28T13:39:51.682Z</time>
      </trkpt>
      <trkpt lat="40.075856298450674" lon="116.33785347625081">
        <ele>46.7</ele>
        <time>2026-07-28T13:39:52.682Z</time>
      </trkpt>
      <trkpt lat="40.075879391592544" lon="116.33785231545922">
        <ele>46.7</ele>
        <time>2026-07-28T13:39:53.682Z</time>
      </trkpt>
      <trkpt lat="40.0759025550774" lon="116.33784998069015">
        <ele>46.6</ele>
        <time>2026-07-28T13:39:54.682Z</time>
      </trkpt>
      <trkpt lat="40.07592554022955" lon="116.33784699394822">
        <ele>46.5</ele>
        <time>2026-07-28T13:39:55.682Z</time>
      </trkpt>
      <trkpt lat="40.075948078706595" lon="116.33784384282004">
        <ele>46.5</ele>
        <time>2026-07-28T13:39:56.682Z</time>
      </trkpt>
      <trkpt lat="40.07597013661306" lon="116.33784035285692">
        <ele>46.4</ele>
        <time>2026-07-28T13:39:57.682Z</time>
      </trkpt>
      <trkpt lat="40.07599194588471" lon="116.3378364417388">
        <ele>46.4</ele>
        <time>2026-07-28T13:39:58.683Z</time>
      </trkpt>
      <trkpt lat="40.076013942313594" lon="116.33783292548398">
        <ele>46.3</ele>
        <time>2026-07-28T13:39:59.682Z</time>
      </trkpt>
      <trkpt lat="40.07603636004546" lon="116.33782993139815">
        <ele>46.3</ele>
        <time>2026-07-28T13:40:00.682Z</time>
      </trkpt>
      <trkpt lat="40.07605910264916" lon="116.33782731969322">
        <ele>46.3</ele>
        <time>2026-07-28T13:40:01.682Z</time>
      </trkpt>
      <trkpt lat="40.07608187453987" lon="116.33782519382933">
        <ele>46.2</ele>
        <time>2026-07-28T13:40:02.682Z</time>
      </trkpt>
      <trkpt lat="40.0761044402807" lon="116.33782364926823">
        <ele>46.2</ele>
        <time>2026-07-28T13:40:03.682Z</time>
      </trkpt>
      <trkpt lat="40.076126630465524" lon="116.33782240942571">
        <ele>46.2</ele>
        <time>2026-07-28T13:40:04.683Z</time>
      </trkpt>
      <trkpt lat="40.076148418360724" lon="116.33782119131777">
        <ele>46.1</ele>
        <time>2026-07-28T13:40:05.682Z</time>
      </trkpt>
      <trkpt lat="40.076170093709706" lon="116.33782052479694">
        <ele>46.1</ele>
        <time>2026-07-28T13:40:06.682Z</time>
      </trkpt>
      <trkpt lat="40.076191891635624" lon="116.33782072736153">
        <ele>46.1</ele>
        <time>2026-07-28T13:40:07.682Z</time>
      </trkpt>
      <trkpt lat="40.0762138394128" lon="116.33782103126977">
        <ele>46.1</ele>
        <time>2026-07-28T13:40:08.682Z</time>
      </trkpt>
      <trkpt lat="40.0762358943089" lon="116.33782075452392">
        <ele>46.1</ele>
        <time>2026-07-28T13:40:09.682Z</time>
      </trkpt>
      <trkpt lat="40.07625803779774" lon="116.33782045656369">
        <ele>46.1</ele>
        <time>2026-07-28T13:40:10.682Z</time>
      </trkpt>
      <trkpt lat="40.076280238466474" lon="116.33782095553195">
        <ele>46.1</ele>
        <time>2026-07-28T13:40:11.682Z</time>
      </trkpt>
      <trkpt lat="40.0763025353475" lon="116.33782214045127">
        <ele>46.1</ele>
        <time>2026-07-28T13:40:12.682Z</time>
      </trkpt>
      <trkpt lat="40.07632487642434" lon="116.33782343136322">
        <ele>46.1</ele>
        <time>2026-07-28T13:40:13.682Z</time>
      </trkpt>
      <trkpt lat="40.07634726162174" lon="116.3378242025826">
        <ele>46.1</ele>
        <time>2026-07-28T13:40:14.683Z</time>
      </trkpt>
      <trkpt lat="40.076369701930865" lon="116.33782428768119">
        <ele>46.1</ele>
        <time>2026-07-28T13:40:15.682Z</time>
      </trkpt>
      <trkpt lat="40.076392244516484" lon="116.33782414192845">
        <ele>46.1</ele>
        <time>2026-07-28T13:40:16.682Z</time>
      </trkpt>
      <trkpt lat="40.076414941821184" lon="116.33782409379756">
        <ele>46.1</ele>
        <time>2026-07-28T13:40:17.682Z</time>
      </trkpt>
      <trkpt lat="40.076437921322686" lon="116.3378241146025">
        <ele>46.1</ele>
        <time>2026-07-28T13:40:18.682Z</time>
      </trkpt>
      <trkpt lat="40.076461105199954" lon="116.33782424418708">
        <ele>46.0</ele>
        <time>2026-07-28T13:40:19.682Z</time>
      </trkpt>
      <trkpt lat="40.07648444655271" lon="116.33782447766447">
        <ele>46.0</ele>
        <time>2026-07-28T13:40:20.682Z</time>
      </trkpt>
      <trkpt lat="40.07650784115538" lon="116.33782467143278">
        <ele>46.0</ele>
        <time>2026-07-28T13:40:21.682Z</time>
      </trkpt>
      <trkpt lat="40.076531187954274" lon="116.33782432651444">
        <ele>46.0</ele>
        <time>2026-07-28T13:40:22.682Z</time>
      </trkpt>
      <trkpt lat="40.07655460906171" lon="116.33782349640585">
        <ele>46.0</ele>
        <time>2026-07-28T13:40:23.682Z</time>
      </trkpt>
      <trkpt lat="40.076577891845275" lon="116.33782246636596">
        <ele>46.0</ele>
        <time>2026-07-28T13:40:24.682Z</time>
      </trkpt>
      <trkpt lat="40.07660092856094" lon="116.33782114231282">
        <ele>46.0</ele>
        <time>2026-07-28T13:40:25.682Z</time>
      </trkpt>
      <trkpt lat="40.076623820501034" lon="116.33781967423644">
        <ele>46.0</ele>
        <time>2026-07-28T13:40:26.682Z</time>
      </trkpt>
      <trkpt lat="40.07664667023061" lon="116.33781832578168">
        <ele>46.0</ele>
        <time>2026-07-28T13:40:27.682Z</time>
      </trkpt>
      <trkpt lat="40.07666950979422" lon="116.33781771075543">
        <ele>46.0</ele>
        <time>2026-07-28T13:40:28.682Z</time>
      </trkpt>
      <trkpt lat="40.076692277986226" lon="116.33781768716551">
        <ele>46.0</ele>
        <time>2026-07-28T13:40:29.682Z</time>
      </trkpt>
      <trkpt lat="40.07671492938217" lon="116.33781734146932">
        <ele>46.0</ele>
        <time>2026-07-28T13:40:30.682Z</time>
      </trkpt>
      <trkpt lat="40.07673749422156" lon="116.33781551662122">
        <ele>46.0</ele>
        <time>2026-07-28T13:40:31.682Z</time>
      </trkpt>
      <trkpt lat="40.07675993212553" lon="116.33781119420486">
        <ele>45.9</ele>
        <time>2026-07-28T13:40:32.682Z</time>
      </trkpt>
      <trkpt lat="40.07678219547056" lon="116.33780465211684">
        <ele>45.9</ele>
        <time>2026-07-28T13:40:33.682Z</time>
      </trkpt>
      <trkpt lat="40.076804092138204" lon="116.3377959169988">
        <ele>45.9</ele>
        <time>2026-07-28T13:40:34.682Z</time>
      </trkpt>
      <trkpt lat="40.0768252980496" lon="116.33778413668375">
        <ele>45.9</ele>
        <time>2026-07-28T13:40:35.682Z</time>
      </trkpt>
      <trkpt lat="40.07684546549273" lon="116.33776934488034">
        <ele>45.9</ele>
        <time>2026-07-28T13:40:36.682Z</time>
      </trkpt>
      <trkpt lat="40.07686444790549" lon="116.33775240314597">
        <ele>45.8</ele>
        <time>2026-07-28T13:40:37.682Z</time>
      </trkpt>
      <trkpt lat="40.07688191789605" lon="116.33773333809333">
        <ele>45.8</ele>
        <time>2026-07-28T13:40:38.682Z</time>
      </trkpt>
      <trkpt lat="40.07689782778164" lon="116.33771215438972">
        <ele>45.8</ele>
        <time>2026-07-28T13:40:39.682Z</time>
      </trkpt>
      <trkpt lat="40.07691270003895" lon="116.33768968377741">
        <ele>45.7</ele>
        <time>2026-07-28T13:40:40.682Z</time>
      </trkpt>
      <trkpt lat="40.07692661258513" lon="116.33766613585443">
        <ele>45.7</ele>
        <time>2026-07-28T13:40:41.682Z</time>
      </trkpt>
      <trkpt lat="40.07693964012436" lon="116.33764155622227">
        <ele>45.7</ele>
        <time>2026-07-28T13:40:42.682Z</time>
      </trkpt>
      <trkpt lat="40.07695204839084" lon="116.33761605146947">
        <ele>45.6</ele>
        <time>2026-07-28T13:40:43.682Z</time>
      </trkpt>
      <trkpt lat="40.07696358194901" lon="116.33758970229128">
        <ele>45.6</ele>
        <time>2026-07-28T13:40:44.682Z</time>
      </trkpt>
      <trkpt lat="40.07697400878969" lon="116.33756288017365">
        <ele>45.6</ele>
        <time>2026-07-28T13:40:45.682Z</time>
      </trkpt>
      <trkpt lat="40.076983148457444" lon="116.33753554530398">
        <ele>45.6</ele>
        <time>2026-07-28T13:40:46.682Z</time>
      </trkpt>
      <trkpt lat="40.076990956567045" lon="116.3375076230854">
        <ele>45.5</ele>
        <time>2026-07-28T13:40:47.682Z</time>
      </trkpt>
      <trkpt lat="40.07699785057744" lon="116.33747927952136">
        <ele>45.5</ele>
        <time>2026-07-28T13:40:48.682Z</time>
      </trkpt>
      <trkpt lat="40.0770047608447" lon="116.33745105959974">
        <ele>45.5</ele>
        <time>2026-07-28T13:40:49.682Z</time>
      </trkpt>
      <trkpt lat="40.07701042093861" lon="116.33742246908761">
        <ele>45.5</ele>
        <time>2026-07-28T13:40:50.682Z</time>
      </trkpt>
      <trkpt lat="40.07701341406726" lon="116.33739298456695">
        <ele>45.4</ele>
        <time>2026-07-28T13:40:51.682Z</time>
      </trkpt>
      <trkpt lat="40.077014112737984" lon="116.33736318344907">
        <ele>45.4</ele>
        <time>2026-07-28T13:40:52.682Z</time>
      </trkpt>
      <trkpt lat="40.07701272206032" lon="116.33733314643055">
        <ele>45.4</ele>
        <time>2026-07-28T13:40:53.682Z</time>
      </trkpt>
      <trkpt lat="40.07700957088422" lon="116.33730269505871">
        <ele>45.4</ele>
        <time>2026-07-28T13:40:54.682Z</time>
      </trkpt>
      <trkpt lat="40.07700436564683" lon="116.33727216821924">
        <ele>45.4</ele>
        <time>2026-07-28T13:40:55.682Z</time>
      </trkpt>
      <trkpt lat="40.0769973654016" lon="116.3372420952445">
        <ele>45.4</ele>
        <time>2026-07-28T13:40:56.682Z</time>
      </trkpt>
      <trkpt lat="40.07698918553347" lon="116.33721270991418">
        <ele>45.4</ele>
        <time>2026-07-28T13:40:57.682Z</time>
      </trkpt>
      <trkpt lat="40.07698002698725" lon="116.33718436883076">
        <ele>45.4</ele>
        <time>2026-07-28T13:40:58.682Z</time>
      </trkpt>
      <trkpt lat="40.076969622489415" lon="116.3371574353965">
        <ele>45.4</ele>
        <time>2026-07-28T13:40:59.682Z</time>
      </trkpt>
      <trkpt lat="40.0769580237263" lon="116.33713182206661">
        <ele>45.4</ele>
        <time>2026-07-28T13:41:00.682Z</time>
      </trkpt>
      <trkpt lat="40.076945350340914" lon="116.33710720166141">
        <ele>45.4</ele>
        <time>2026-07-28T13:41:01.682Z</time>
      </trkpt>
      <trkpt lat="40.07693128574161" lon="116.33708361260993">
        <ele>45.4</ele>
        <time>2026-07-28T13:41:02.682Z</time>
      </trkpt>
      <trkpt lat="40.07691577545771" lon="116.3370611097628">
        <ele>45.4</ele>
        <time>2026-07-28T13:41:03.682Z</time>
      </trkpt>
      <trkpt lat="40.076899112911036" lon="116.33703962926612">
        <ele>45.3</ele>
        <time>2026-07-28T13:41:04.682Z</time>
      </trkpt>
      <trkpt lat="40.076881488247025" lon="116.33701923016825">
        <ele>45.4</ele>
        <time>2026-07-28T13:41:05.682Z</time>
      </trkpt>
      <trkpt lat="40.07686282987168" lon="116.33700006522163">
        <ele>45.4</ele>
        <time>2026-07-28T13:41:06.682Z</time>
      </trkpt>
      <trkpt lat="40.07684314148758" lon="116.33698237821848">
        <ele>45.4</ele>
        <time>2026-07-28T13:41:07.682Z</time>
      </trkpt>
      <trkpt lat="40.07682235183957" lon="116.33696638159881">
        <ele>45.4</ele>
        <time>2026-07-28T13:41:08.682Z</time>
      </trkpt>
      <trkpt lat="40.07680054957945" lon="116.33695183047496">
        <ele>45.4</ele>
        <time>2026-07-28T13:41:09.682Z</time>
      </trkpt>
      <trkpt lat="40.076778142288035" lon="116.33693843340008">
        <ele>45.4</ele>
        <time>2026-07-28T13:41:10.682Z</time>
      </trkpt>
      <trkpt lat="40.07675514020344" lon="116.33692650779476">
        <ele>45.4</ele>
        <time>2026-07-28T13:41:11.682Z</time>
      </trkpt>
      <trkpt lat="40.07673150706195" lon="116.33691670381276">
        <ele>45.4</ele>
        <time>2026-07-28T13:41:12.682Z</time>
      </trkpt>
      <trkpt lat="40.07670733579578" lon="116.336909150992">
        <ele>45.5</ele>
        <time>2026-07-28T13:41:13.682Z</time>
      </trkpt>
      <trkpt lat="40.07668268465695" lon="116.33690385090871">
        <ele>45.5</ele>
        <time>2026-07-28T13:41:14.682Z</time>
      </trkpt>
      <trkpt lat="40.076657742062004" lon="116.33690062782556">
        <ele>45.5</ele>
        <time>2026-07-28T13:41:15.682Z</time>
      </trkpt>
      <trkpt lat="40.07663291956044" lon="116.33689871962186">
        <ele>45.5</ele>
        <time>2026-07-28T13:41:16.682Z</time>
      </trkpt>
      <trkpt lat="40.07660842745603" lon="116.33689749848321">
        <ele>45.6</ele>
        <time>2026-07-28T13:41:17.682Z</time>
      </trkpt>
      <trkpt lat="40.076584194713696" lon="116.33689650774525">
        <ele>45.6</ele>
        <time>2026-07-28T13:41:18.682Z</time>
      </trkpt>
      <trkpt lat="40.07656007863416" lon="116.33689556007225">
        <ele>45.6</ele>
        <time>2026-07-28T13:41:19.682Z</time>
      </trkpt>
      <trkpt lat="40.07653610834941" lon="116.3368952783888">
        <ele>45.7</ele>
        <time>2026-07-28T13:41:20.682Z</time>
      </trkpt>
      <trkpt lat="40.07651236242795" lon="116.33689552424164">
        <ele>45.7</ele>
        <time>2026-07-28T13:41:21.682Z</time>
      </trkpt>
      <trkpt lat="40.07648903759266" lon="116.33689625807273">
        <ele>45.7</ele>
        <time>2026-07-28T13:41:22.682Z</time>
      </trkpt>
      <trkpt lat="40.07646595735057" lon="116.33689820048002">
        <ele>45.8</ele>
        <time>2026-07-28T13:41:23.682Z</time>
      </trkpt>
      <trkpt lat="40.07644311435957" lon="116.33690137945666">
        <ele>45.8</ele>
        <time>2026-07-28T13:41:24.682Z</time>
      </trkpt>
      <trkpt lat="40.07642061734426" lon="116.33690510215239">
        <ele>45.8</ele>
        <time>2026-07-28T13:41:25.682Z</time>
      </trkpt>
      <trkpt lat="40.076398442662295" lon="116.33690872433418">
        <ele>45.8</ele>
        <time>2026-07-28T13:41:26.682Z</time>
      </trkpt>
      <trkpt lat="40.07637657607004" lon="116.3369118940358">
        <ele>45.9</ele>
        <time>2026-07-28T13:41:27.682Z</time>
      </trkpt>
      <trkpt lat="40.076355012606506" lon="116.3369147730674">
        <ele>45.9</ele>
        <time>2026-07-28T13:41:28.682Z</time>
      </trkpt>
      <trkpt lat="40.07633375908601" lon="116.33691739687609">
        <ele>45.9</ele>
        <time>2026-07-28T13:41:29.682Z</time>
      </trkpt>
      <trkpt lat="40.076312692508985" lon="116.33691960728582">
        <ele>45.9</ele>
        <time>2026-07-28T13:41:30.682Z</time>
      </trkpt>
      <trkpt lat="40.076291452983384" lon="116.33692142581233">
        <ele>46.0</ele>
        <time>2026-07-28T13:41:31.682Z</time>
      </trkpt>
      <trkpt lat="40.07626957052273" lon="116.33692211552564">
        <ele>46.0</ele>
        <time>2026-07-28T13:41:32.682Z</time>
      </trkpt>
      <trkpt lat="40.076246956744114" lon="116.33692100755853">
        <ele>46.0</ele>
        <time>2026-07-28T13:41:33.682Z</time>
      </trkpt>
      <trkpt lat="40.07622390130393" lon="116.33691782910306">
        <ele>46.0</ele>
        <time>2026-07-28T13:41:34.682Z</time>
      </trkpt>
      <trkpt lat="40.076200590430425" lon="116.3369139675933">
        <ele>46.0</ele>
        <time>2026-07-28T13:41:35.682Z</time>
      </trkpt>
      <trkpt lat="40.07617719713296" lon="116.33691071206287">
        <ele>46.1</ele>
        <time>2026-07-28T13:41:36.682Z</time>
      </trkpt>
      <trkpt lat="40.076153869043935" lon="116.33690814261847">
        <ele>46.1</ele>
        <time>2026-07-28T13:41:37.682Z</time>
      </trkpt>
      <trkpt lat="40.07613055731093" lon="116.33690606064249">
        <ele>46.1</ele>
        <time>2026-07-28T13:41:38.682Z</time>
      </trkpt>
      <trkpt lat="40.07610720135249" lon="116.3369039719835">
        <ele>46.1</ele>
        <time>2026-07-28T13:41:39.682Z</time>
      </trkpt>
      <trkpt lat="40.07608378382383" lon="116.33690204398113">
        <ele>46.2</ele>
        <time>2026-07-28T13:41:40.682Z</time>
      </trkpt>
      <trkpt lat="40.07606029059238" lon="116.33690040761037">
        <ele>46.2</ele>
        <time>2026-07-28T13:41:41.682Z</time>
      </trkpt>
      <trkpt lat="40.076036659677285" lon="116.33689907912972">
        <ele>46.2</ele>
        <time>2026-07-28T13:41:42.682Z</time>
      </trkpt>
      <trkpt lat="40.07601289757203" lon="116.336898217255">
        <ele>46.2</ele>
        <time>2026-07-28T13:41:43.682Z</time>
      </trkpt>
      <trkpt lat="40.075989090218584" lon="116.3368979410294">
        <ele>46.3</ele>
        <time>2026-07-28T13:41:44.682Z</time>
      </trkpt>
      <trkpt lat="40.075965295708144" lon="116.33689870931475">
        <ele>46.3</ele>
        <time>2026-07-28T13:41:45.682Z</time>
      </trkpt>
      <trkpt lat="40.07594147476831" lon="116.33690049580076">
        <ele>46.3</ele>
        <time>2026-07-28T13:41:46.682Z</time>
      </trkpt>
      <trkpt lat="40.07591765784701" lon="116.33690259746496">
        <ele>46.3</ele>
        <time>2026-07-28T13:41:47.682Z</time>
      </trkpt>
      <trkpt lat="40.07589399887604" lon="116.33690452846314">
        <ele>46.4</ele>
        <time>2026-07-28T13:41:48.681Z</time>
      </trkpt>
      <trkpt lat="40.075870526696356" lon="116.33690614662675">
        <ele>46.4</ele>
        <time>2026-07-28T13:41:49.682Z</time>
      </trkpt>
      <trkpt lat="40.07584734726689" lon="116.33690770212407">
        <ele>46.4</ele>
        <time>2026-07-28T13:41:50.682Z</time>
      </trkpt>
      <trkpt lat="40.07582439070398" lon="116.33690956562735">
        <ele>46.5</ele>
        <time>2026-07-28T13:41:51.682Z</time>
      </trkpt>
      <trkpt lat="40.075801461188995" lon="116.33691208395364">
        <ele>46.5</ele>
        <time>2026-07-28T13:41:52.682Z</time>
      </trkpt>
      <trkpt lat="40.075778455183105" lon="116.33691536954665">
        <ele>46.5</ele>
        <time>2026-07-28T13:41:53.682Z</time>
      </trkpt>
      <trkpt lat="40.075755652934504" lon="116.33692057852579">
        <ele>46.6</ele>
        <time>2026-07-28T13:41:54.681Z</time>
      </trkpt>
      <trkpt lat="40.07573328418828" lon="116.33692855350395">
        <ele>46.6</ele>
        <time>2026-07-28T13:41:55.682Z</time>
      </trkpt>
      <trkpt lat="40.07571156918402" lon="116.33693936996832">
        <ele>46.7</ele>
        <time>2026-07-28T13:41:56.682Z</time>
      </trkpt>
      <trkpt lat="40.0756904246855" lon="116.33695306264798">
        <ele>46.7</ele>
        <time>2026-07-28T13:41:57.682Z</time>
      </trkpt>
      <trkpt lat="40.07566976351527" lon="116.33696886803455">
        <ele>46.8</ele>
        <time>2026-07-28T13:41:58.682Z</time>
      </trkpt>
      <trkpt lat="40.07564975869393" lon="116.3369863264086">
        <ele>46.8</ele>
        <time>2026-07-28T13:41:59.682Z</time>
      </trkpt>
      <trkpt lat="40.07563078766942" lon="116.3370053987876">
        <ele>46.9</ele>
        <time>2026-07-28T13:42:00.682Z</time>
      </trkpt>
      <trkpt lat="40.075612930381716" lon="116.3370260293118">
        <ele>46.9</ele>
        <time>2026-07-28T13:42:01.682Z</time>
      </trkpt>
      <trkpt lat="40.0755962713343" lon="116.3370482515634">
        <ele>47.0</ele>
        <time>2026-07-28T13:42:02.682Z</time>
      </trkpt>
      <trkpt lat="40.075581043677104" lon="116.3370721603063">
        <ele>47.0</ele>
        <time>2026-07-28T13:42:03.681Z</time>
      </trkpt>
      <trkpt lat="40.07556685506143" lon="116.33709740514887">
        <ele>47.1</ele>
        <time>2026-07-28T13:42:04.682Z</time>
      </trkpt>
      <trkpt lat="40.07555350233977" lon="116.33712376945518">
        <ele>47.2</ele>
        <time>2026-07-28T13:42:05.682Z</time>
      </trkpt>
      <trkpt lat="40.075541111530455" lon="116.33715112213322">
        <ele>47.2</ele>
        <time>2026-07-28T13:42:06.682Z</time>
      </trkpt>
      <trkpt lat="40.075529851207804" lon="116.33717924154067">
        <ele>47.3</ele>
        <time>2026-07-28T13:42:07.682Z</time>
      </trkpt>
      <trkpt lat="40.075520169434945" lon="116.33720844544668">
        <ele>47.3</ele>
        <time>2026-07-28T13:42:08.682Z</time>
      </trkpt>
      <trkpt lat="40.07551248666393" lon="116.33723888198497">
        <ele>47.4</ele>
        <time>2026-07-28T13:42:09.681Z</time>
      </trkpt>
      <trkpt lat="40.07550664654015" lon="116.33727024264608">
        <ele>47.4</ele>
        <time>2026-07-28T13:42:10.682Z</time>
      </trkpt>
      <trkpt lat="40.07550211726386" lon="116.33730217960917">
        <ele>47.4</ele>
        <time>2026-07-28T13:42:11.682Z</time>
      </trkpt>
      <trkpt lat="40.0754986080934" lon="116.33733452801063">
        <ele>47.5</ele>
        <time>2026-07-28T13:42:12.682Z</time>
      </trkpt>
      <trkpt lat="40.075496931182755" lon="116.33736719636387">
        <ele>47.5</ele>
        <time>2026-07-28T13:42:13.682Z</time>
      </trkpt>
      <trkpt lat="40.075497452382955" lon="116.33740006951409">
        <ele>47.5</ele>
        <time>2026-07-28T13:42:14.682Z</time>
      </trkpt>
      <trkpt lat="40.075499562270984" lon="116.33743271656603">
        <ele>47.6</ele>
        <time>2026-07-28T13:42:15.682Z</time>
      </trkpt>
      <trkpt lat="40.07550273305434" lon="116.3374649169504">
        <ele>47.6</ele>
        <time>2026-07-28T13:42:16.682Z</time>
      </trkpt>
      <trkpt lat="40.075506716760955" lon="116.33749659929339">
        <ele>47.6</ele>
        <time>2026-07-28T13:42:17.682Z</time>
      </trkpt>
      <trkpt lat="40.07551199883652" lon="116.33752753034905">
        <ele>47.6</ele>
        <time>2026-07-28T13:42:18.682Z</time>
      </trkpt>
      <trkpt lat="40.075518880015366" lon="116.3375574512186">
        <ele>47.6</ele>
        <time>2026-07-28T13:42:19.682Z</time>
      </trkpt>
      <trkpt lat="40.07552741754194" lon="116.337586364901">
        <ele>47.6</ele>
        <time>2026-07-28T13:42:20.682Z</time>
      </trkpt>
      <trkpt lat="40.075537861075624" lon="116.33761435848263">
        <ele>47.6</ele>
        <time>2026-07-28T13:42:21.682Z</time>
      </trkpt>
      <trkpt lat="40.07555024458516" lon="116.33764134205461">
        <ele>47.6</ele>
        <time>2026-07-28T13:42:22.682Z</time>
      </trkpt>
      <trkpt lat="40.07556448024368" lon="116.33766726843326">
        <ele>47.5</ele>
        <time>2026-07-28T13:42:23.682Z</time>
      </trkpt>
      <trkpt lat="40.07558040021874" lon="116.33769203331336">
        <ele>47.5</ele>
        <time>2026-07-28T13:42:24.681Z</time>
      </trkpt>
      <trkpt lat="40.075597498819164" lon="116.3377157749379">
        <ele>47.5</ele>
        <time>2026-07-28T13:42:25.682Z</time>
      </trkpt>
      <trkpt lat="40.07561531168261" lon="116.33773850275453">
        <ele>47.5</ele>
        <time>2026-07-28T13:42:26.681Z</time>
      </trkpt>
      <trkpt lat="40.0756339971274" lon="116.33775968832988">
        <ele>47.4</ele>
        <time>2026-07-28T13:42:27.682Z</time>
      </trkpt>
      <trkpt lat="40.07565354397995" lon="116.33777937369926">
        <ele>47.4</ele>
        <time>2026-07-28T13:42:28.682Z</time>
      </trkpt>
      <trkpt lat="40.075673758432785" lon="116.3377979260874">
        <ele>47.3</ele>
        <time>2026-07-28T13:42:29.682Z</time>
      </trkpt>
      <trkpt lat="40.07569505118394" lon="116.33781410282415">
        <ele>47.3</ele>
        <time>2026-07-28T13:42:30.681Z</time>
      </trkpt>
      <trkpt lat="40.07571787810236" lon="116.33782680576665">
        <ele>47.2</ele>
        <time>2026-07-28T13:42:31.682Z</time>
      </trkpt>
      <trkpt lat="40.075741888898165" lon="116.33783623714977">
        <ele>47.2</ele>
        <time>2026-07-28T13:42:32.682Z</time>
      </trkpt>
      <trkpt lat="40.07576661820749" lon="116.33784301616168">
        <ele>47.1</ele>
        <time>2026-07-28T13:42:33.681Z</time>
      </trkpt>
      <trkpt lat="40.07579174553187" lon="116.33784772153372">
        <ele>47.1</ele>
        <time>2026-07-28T13:42:34.682Z</time>
      </trkpt>
      <trkpt lat="40.07581696810147" lon="116.3378507543321">
        <ele>47.0</ele>
        <time>2026-07-28T13:42:35.681Z</time>
      </trkpt>
      <trkpt lat="40.07584220194561" lon="116.33785194932503">
        <ele>46.9</ele>
        <time>2026-07-28T13:42:36.682Z</time>
      </trkpt>
      <trkpt lat="40.075867478151" lon="116.33785108313836">
        <ele>46.9</ele>
        <time>2026-07-28T13:42:37.682Z</time>
      </trkpt>
      <trkpt lat="40.075892789322104" lon="116.33784885851095">
        <ele>46.8</ele>
        <time>2026-07-28T13:42:38.682Z</time>
      </trkpt>
      <trkpt lat="40.075917965872925" lon="116.33784589885892">
        <ele>46.8</ele>
        <time>2026-07-28T13:42:39.682Z</time>
      </trkpt>
      <trkpt lat="40.0759429385947" lon="116.33784272057007">
        <ele>46.7</ele>
        <time>2026-07-28T13:42:40.681Z</time>
      </trkpt>
      <trkpt lat="40.075967711814414" lon="116.33783988195908">
        <ele>46.6</ele>
        <time>2026-07-28T13:42:41.682Z</time>
      </trkpt>
      <trkpt lat="40.075992146486286" lon="116.33783714433844">
        <ele>46.6</ele>
        <time>2026-07-28T13:42:42.682Z</time>
      </trkpt>
      <trkpt lat="40.07601611234087" lon="116.33783407819557">
        <ele>46.5</ele>
        <time>2026-07-28T13:42:43.682Z</time>
      </trkpt>
      <trkpt lat="40.07603966842235" lon="116.33783096151477">
        <ele>46.5</ele>
        <time>2026-07-28T13:42:44.681Z</time>
      </trkpt>
      <trkpt lat="40.076062961453104" lon="116.33782821534383">
        <ele>46.5</ele>
        <time>2026-07-28T13:42:45.681Z</time>
      </trkpt>
      <trkpt lat="40.07608612484915" lon="116.33782575936516">
        <ele>46.4</ele>
        <time>2026-07-28T13:42:46.681Z</time>
      </trkpt>
      <trkpt lat="40.07610926456255" lon="116.3378241408349">
        <ele>46.4</ele>
        <time>2026-07-28T13:42:47.682Z</time>
      </trkpt>
      <trkpt lat="40.07613252945541" lon="116.33782387368777">
        <ele>46.3</ele>
        <time>2026-07-28T13:42:48.681Z</time>
      </trkpt>
      <trkpt lat="40.07615588741241" lon="116.33782540543672">
        <ele>46.3</ele>
        <time>2026-07-28T13:42:49.682Z</time>
      </trkpt>
      <trkpt lat="40.07617897528219" lon="116.33782966775843">
        <ele>46.3</ele>
        <time>2026-07-28T13:42:50.681Z</time>
      </trkpt>
      <trkpt lat="40.07620200514545" lon="116.33783443777719">
        <ele>46.2</ele>
        <time>2026-07-28T13:42:51.681Z</time>
      </trkpt>
      <trkpt lat="40.07622521053727" lon="116.33783752824654">
        <ele>46.2</ele>
        <time>2026-07-28T13:42:52.681Z</time>
      </trkpt>
      <trkpt lat="40.07624852966132" lon="116.3378391166977">
        <ele>46.2</ele>
        <time>2026-07-28T13:42:53.681Z</time>
      </trkpt>
      <trkpt lat="40.07627201962461" lon="116.33783941320455">
        <ele>46.1</ele>
        <time>2026-07-28T13:42:54.682Z</time>
      </trkpt>
      <trkpt lat="40.07629569302496" lon="116.3378388540607">
        <ele>46.1</ele>
        <time>2026-07-28T13:42:55.681Z</time>
      </trkpt>
      <trkpt lat="40.076319526058505" lon="116.33783770386796">
        <ele>46.1</ele>
        <time>2026-07-28T13:42:56.681Z</time>
      </trkpt>
      <trkpt lat="40.076343577011386" lon="116.33783658602624">
        <ele>46.0</ele>
        <time>2026-07-28T13:42:57.681Z</time>
      </trkpt>
      <trkpt lat="40.07636791826132" lon="116.33783594622359">
        <ele>46.0</ele>
        <time>2026-07-28T13:42:58.681Z</time>
      </trkpt>
      <trkpt lat="40.07639238316307" lon="116.33783541047825">
        <ele>46.0</ele>
        <time>2026-07-28T13:42:59.681Z</time>
      </trkpt>
      <trkpt lat="40.07641684095724" lon="116.33783451356277">
        <ele>46.0</ele>
        <time>2026-07-28T13:43:00.681Z</time>
      </trkpt>
      <trkpt lat="40.07644136484045" lon="116.33783332529812">
        <ele>45.9</ele>
        <time>2026-07-28T13:43:01.682Z</time>
      </trkpt>
      <trkpt lat="40.07646606882585" lon="116.3378321918636">
        <ele>45.9</ele>
        <time>2026-07-28T13:43:02.681Z</time>
      </trkpt>
      <trkpt lat="40.07649105550678" lon="116.33783177255687">
        <ele>45.9</ele>
        <time>2026-07-28T13:43:03.681Z</time>
      </trkpt>
      <trkpt lat="40.07651620385499" lon="116.33783218343444">
        <ele>45.9</ele>
        <time>2026-07-28T13:43:04.681Z</time>
      </trkpt>
      <trkpt lat="40.07654132739096" lon="116.33783300374371">
        <ele>45.9</ele>
        <time>2026-07-28T13:43:05.681Z</time>
      </trkpt>
      <trkpt lat="40.076566529238136" lon="116.33783373822867">
        <ele>45.9</ele>
        <time>2026-07-28T13:43:06.682Z</time>
      </trkpt>
      <trkpt lat="40.076591864998576" lon="116.3378341010087">
        <ele>45.9</ele>
        <time>2026-07-28T13:43:07.681Z</time>
      </trkpt>
      <trkpt lat="40.07661712323191" lon="116.33783458862993">
        <ele>45.9</ele>
        <time>2026-07-28T13:43:08.681Z</time>
      </trkpt>
      <trkpt lat="40.07664203579546" lon="116.33783511067129">
        <ele>45.9</ele>
        <time>2026-07-28T13:43:09.681Z</time>
      </trkpt>
      <trkpt lat="40.07666662363241" lon="116.33783489271275">
        <ele>45.9</ele>
        <time>2026-07-28T13:43:10.681Z</time>
      </trkpt>
      <trkpt lat="40.07669099290511" lon="116.33783351906418">
        <ele>45.9</ele>
        <time>2026-07-28T13:43:11.681Z</time>
      </trkpt>
      <trkpt lat="40.07671508355846" lon="116.33783017527114">
        <ele>45.9</ele>
        <time>2026-07-28T13:43:12.681Z</time>
      </trkpt>
      <trkpt lat="40.076738831733486" lon="116.33782417184337">
        <ele>45.9</ele>
        <time>2026-07-28T13:43:13.682Z</time>
      </trkpt>
      <trkpt lat="40.07676227577916" lon="116.3378158454126">
        <ele>45.9</ele>
        <time>2026-07-28T13:43:14.682Z</time>
      </trkpt>
      <trkpt lat="40.07678535291585" lon="116.33780552316665">
        <ele>45.8</ele>
        <time>2026-07-28T13:43:15.681Z</time>
      </trkpt>
      <trkpt lat="40.076807852673475" lon="116.33779290221717">
        <ele>45.8</ele>
        <time>2026-07-28T13:43:16.681Z</time>
      </trkpt>
      <trkpt lat="40.076829597424435" lon="116.33777749263172">
        <ele>45.8</ele>
        <time>2026-07-28T13:43:17.681Z</time>
      </trkpt>
      <trkpt lat="40.07685070062885" lon="116.33775965805158">
        <ele>45.8</ele>
        <time>2026-07-28T13:43:18.681Z</time>
      </trkpt>
      <trkpt lat="40.07687126832629" lon="116.33774040219794">
        <ele>45.8</ele>
        <time>2026-07-28T13:43:19.681Z</time>
      </trkpt>
      <trkpt lat="40.076890978710374" lon="116.33772020167817">
        <ele>45.8</ele>
        <time>2026-07-28T13:43:20.681Z</time>
      </trkpt>
      <trkpt lat="40.07690947558415" lon="116.33769868960196">
        <ele>45.8</ele>
        <time>2026-07-28T13:43:21.681Z</time>
      </trkpt>
      <trkpt lat="40.076926879445644" lon="116.33767545865703">
        <ele>45.8</ele>
        <time>2026-07-28T13:43:22.681Z</time>
      </trkpt>
      <trkpt lat="40.076942961883255" lon="116.33765005970571">
        <ele>45.8</ele>
        <time>2026-07-28T13:43:23.681Z</time>
      </trkpt>
      <trkpt lat="40.07695735164934" lon="116.33762238769802">
        <ele>45.8</ele>
        <time>2026-07-28T13:43:24.681Z</time>
      </trkpt>
      <trkpt lat="40.076970260826265" lon="116.33759293663395">
        <ele>45.8</ele>
        <time>2026-07-28T13:43:25.681Z</time>
      </trkpt>
      <trkpt lat="40.07698196966972" lon="116.3375623468132">
        <ele>45.8</ele>
        <time>2026-07-28T13:43:26.681Z</time>
      </trkpt>
      <trkpt lat="40.07699218279104" lon="116.33753120700663">
        <ele>45.8</ele>
        <time>2026-07-28T13:43:27.681Z</time>
      </trkpt>
      <trkpt lat="40.076999897808065" lon="116.33749959939112">
        <ele>45.7</ele>
        <time>2026-07-28T13:43:28.681Z</time>
      </trkpt>
      <trkpt lat="40.07700517404382" lon="116.33746758903608">
        <ele>45.7</ele>
        <time>2026-07-28T13:43:29.682Z</time>
      </trkpt>
      <trkpt lat="40.07700876960222" lon="116.33743537785274">
        <ele>45.7</ele>
        <time>2026-07-28T13:43:30.681Z</time>
      </trkpt>
      <trkpt lat="40.077011213425806" lon="116.3374029281098">
        <ele>45.7</ele>
        <time>2026-07-28T13:43:31.681Z</time>
      </trkpt>
      <trkpt lat="40.07701268728446" lon="116.33737016826512">
        <ele>45.7</ele>
        <time>2026-07-28T13:43:32.681Z</time>
      </trkpt>
      <trkpt lat="40.07701250195634" lon="116.3373372210964">
        <ele>45.7</ele>
        <time>2026-07-28T13:43:33.681Z</time>
      </trkpt>
      <trkpt lat="40.077010081171025" lon="116.33730440389952">
        <ele>45.7</ele>
        <time>2026-07-28T13:43:34.681Z</time>
      </trkpt>
      <trkpt lat="40.07700568767405" lon="116.33727188932185">
        <ele>45.7</ele>
        <time>2026-07-28T13:43:35.681Z</time>
      </trkpt>
      <trkpt lat="40.07699975523887" lon="116.33723998275937">
        <ele>45.7</ele>
        <time>2026-07-28T13:43:36.681Z</time>
      </trkpt>
      <trkpt lat="40.076991907327816" lon="116.33720900281723">
        <ele>45.7</ele>
        <time>2026-07-28T13:43:37.681Z</time>
      </trkpt>
      <trkpt lat="40.076982057139354" lon="116.33717898319846">
        <ele>45.7</ele>
        <time>2026-07-28T13:43:38.681Z</time>
      </trkpt>
      <trkpt lat="40.07697075729427" lon="116.33714966173886">
        <ele>45.7</ele>
        <time>2026-07-28T13:43:39.681Z</time>
      </trkpt>
      <trkpt lat="40.07695802836871" lon="116.33712114383496">
        <ele>45.7</ele>
        <time>2026-07-28T13:43:40.681Z</time>
      </trkpt>
      <trkpt lat="40.0769436040089" lon="116.33709381523684">
        <ele>45.7</ele>
        <time>2026-07-28T13:43:41.681Z</time>
      </trkpt>
      <trkpt lat="40.076927489316624" lon="116.33706795028819">
        <ele>45.7</ele>
        <time>2026-07-28T13:43:42.681Z</time>
      </trkpt>
      <trkpt lat="40.07690994547529" lon="116.3370436179372">
        <ele>45.7</ele>
        <time>2026-07-28T13:43:43.681Z</time>
      </trkpt>
      <trkpt lat="40.07689130790999" lon="116.33702102593492">
        <ele>45.7</ele>
        <time>2026-07-28T13:43:44.681Z</time>
      </trkpt>
      <trkpt lat="40.076871504078866" lon="116.33700077319276">
        <ele>45.7</ele>
        <time>2026-07-28T13:43:45.681Z</time>
      </trkpt>
      <trkpt lat="40.07685050552994" lon="116.33698282697195">
        <ele>45.7</ele>
        <time>2026-07-28T13:43:46.681Z</time>
      </trkpt>
      <trkpt lat="40.07682883836783" lon="116.3369660175174">
        <ele>45.6</ele>
        <time>2026-07-28T13:43:47.681Z</time>
      </trkpt>
      <trkpt lat="40.07680698713625" lon="116.33694965345666">
        <ele>45.6</ele>
        <time>2026-07-28T13:43:48.681Z</time>
      </trkpt>
      <trkpt lat="40.07678497437825" lon="116.3369343604819">
        <ele>45.6</ele>
        <time>2026-07-28T13:43:49.681Z</time>
      </trkpt>
      <trkpt lat="40.07676252022543" lon="116.33692141616143">
        <ele>45.6</ele>
        <time>2026-07-28T13:43:50.681Z</time>
      </trkpt>
      <trkpt lat="40.07673943255954" lon="116.33691143871084">
        <ele>45.6</ele>
        <time>2026-07-28T13:43:51.681Z</time>
      </trkpt>
      <trkpt lat="40.07671560114529" lon="116.33690446648993">
        <ele>45.6</ele>
        <time>2026-07-28T13:43:52.681Z</time>
      </trkpt>
      <trkpt lat="40.076691019817275" lon="116.33690042931796">
        <ele>45.6</ele>
        <time>2026-07-28T13:43:53.681Z</time>
      </trkpt>
      <trkpt lat="40.07666592973426" lon="116.33689887626085">
        <ele>45.6</ele>
        <time>2026-07-28T13:43:54.681Z</time>
      </trkpt>
      <trkpt lat="40.07664059000201" lon="116.33689869376406">
        <ele>45.6</ele>
        <time>2026-07-28T13:43:55.681Z</time>
      </trkpt>
      <trkpt lat="40.07661505184002" lon="116.33689944648293">
        <ele>45.6</ele>
        <time>2026-07-28T13:43:56.681Z</time>
      </trkpt>
      <trkpt lat="40.0765892886807" lon="116.33690186041908">
        <ele>45.6</ele>
        <time>2026-07-28T13:43:57.681Z</time>
      </trkpt>
      <trkpt lat="40.07656328348382" lon="116.33690587726662">
        <ele>45.6</ele>
        <time>2026-07-28T13:43:58.681Z</time>
      </trkpt>
      <trkpt lat="40.07653723492923" lon="116.33691035743784">
        <ele>45.6</ele>
        <time>2026-07-28T13:43:59.681Z</time>
      </trkpt>
      <trkpt lat="40.076511574856916" lon="116.33691486328838">
        <ele>45.6</ele>
        <time>2026-07-28T13:44:00.681Z</time>
      </trkpt>
      <trkpt lat="40.07648654448353" lon="116.33692017491546">
        <ele>45.6</ele>
        <time>2026-07-28T13:44:01.681Z</time>
      </trkpt>
      <trkpt lat="40.07646207984962" lon="116.33692692191929">
        <ele>45.6</ele>
        <time>2026-07-28T13:44:02.681Z</time>
      </trkpt>
      <trkpt lat="40.07643810238704" lon="116.33693419571884">
        <ele>45.5</ele>
        <time>2026-07-28T13:44:03.681Z</time>
      </trkpt>
      <trkpt lat="40.07641423340677" lon="116.3369408767944">
        <ele>45.5</ele>
        <time>2026-07-28T13:44:04.681Z</time>
      </trkpt>
      <trkpt lat="40.076390209998316" lon="116.33694663094151">
        <ele>45.5</ele>
        <time>2026-07-28T13:44:05.681Z</time>
      </trkpt>
      <trkpt lat="40.07636609893084" lon="116.33695117161764">
        <ele>45.5</ele>
        <time>2026-07-28T13:44:06.681Z</time>
      </trkpt>
      <trkpt lat="40.076341963461" lon="116.33695441604462">
        <ele>45.5</ele>
        <time>2026-07-28T13:44:07.681Z</time>
      </trkpt>
      <trkpt lat="40.07631779309807" lon="116.33695671772398">
        <ele>45.6</ele>
        <time>2026-07-28T13:44:08.681Z</time>
      </trkpt>
      <trkpt lat="40.076293506601814" lon="116.33695868567077">
        <ele>45.6</ele>
        <time>2026-07-28T13:44:09.681Z</time>
      </trkpt>
      <trkpt lat="40.07626902977966" lon="116.33696014225866">
        <ele>45.6</ele>
        <time>2026-07-28T13:44:10.681Z</time>
      </trkpt>
      <trkpt lat="40.0762442021813" lon="116.33696158906223">
        <ele>45.6</ele>
        <time>2026-07-28T13:44:11.681Z</time>
      </trkpt>
      <trkpt lat="40.07621917621965" lon="116.33696386727044">
        <ele>45.6</ele>
        <time>2026-07-28T13:44:12.681Z</time>
      </trkpt>
      <trkpt lat="40.07619415315662" lon="116.33696681383599">
        <ele>45.7</ele>
        <time>2026-07-28T13:44:13.681Z</time>
      </trkpt>
      <trkpt lat="40.076169128784294" lon="116.33696975154712">
        <ele>45.7</ele>
        <time>2026-07-28T13:44:14.681Z</time>
      </trkpt>
      <trkpt lat="40.076143977005565" lon="116.3369716834109">
        <ele>45.7</ele>
        <time>2026-07-28T13:44:15.681Z</time>
      </trkpt>
      <trkpt lat="40.07611872089484" lon="116.33697278425703">
        <ele>45.8</ele>
        <time>2026-07-28T13:44:16.681Z</time>
      </trkpt>
      <trkpt lat="40.07609351865274" lon="116.33697464335607">
        <ele>45.8</ele>
        <time>2026-07-28T13:44:17.681Z</time>
      </trkpt>
      <trkpt lat="40.07606832470896" lon="116.33697732185388">
        <ele>45.9</ele>
        <time>2026-07-28T13:44:18.681Z</time>
      </trkpt>
      <trkpt lat="40.07604304333591" lon="116.3369794029199">
        <ele>45.9</ele>
        <time>2026-07-28T13:44:19.681Z</time>
      </trkpt>
      <trkpt lat="40.076017562132144" lon="116.33698041149735">
        <ele>45.9</ele>
        <time>2026-07-28T13:44:20.681Z</time>
        <extensions>
  <gpxtpx:TrackPointExtension>
    <gpxtpx:hr>179</gpxtpx:hr>
  </gpxtpx:TrackPointExtension>
</extensions>
      </trkpt>
      <trkpt lat="40.07599189111272" lon="116.3369805374509">
        <ele>46.0</ele>
        <time>2026-07-28T13:44:21.681Z</time>
        <extensions>
  <gpxtpx:TrackPointExtension>
    <gpxtpx:hr>179</gpxtpx:hr>
  </gpxtpx:TrackPointExtension>
</extensions>
      </trkpt>
      <trkpt lat="40.07596597730837" lon="116.33697958267268">
        <ele>46.0</ele>
        <time>2026-07-28T13:44:22.681Z</time>
        <extensions>
  <gpxtpx:TrackPointExtension>
    <gpxtpx:hr>179</gpxtpx:hr>
  </gpxtpx:TrackPointExtension>
</extensions>
      </trkpt>
      <trkpt lat="40.07593989194202" lon="116.33697745093224">
        <ele>46.1</ele>
        <time>2026-07-28T13:44:23.681Z</time>
        <extensions>
  <gpxtpx:TrackPointExtension>
    <gpxtpx:hr>179</gpxtpx:hr>
  </gpxtpx:TrackPointExtension>
</extensions>
      </trkpt>
      <trkpt lat="40.07591390332536" lon="116.33697440225438">
        <ele>46.1</ele>
        <time>2026-07-28T13:44:24.681Z</time>
        <extensions>
  <gpxtpx:TrackPointExtension>
    <gpxtpx:hr>179</gpxtpx:hr>
  </gpxtpx:TrackPointExtension>
</extensions>
      </trkpt>
      <trkpt lat="40.075888050967926" lon="116.33697123016644">
        <ele>46.2</ele>
        <time>2026-07-28T13:44:25.681Z</time>
        <extensions>
  <gpxtpx:TrackPointExtension>
    <gpxtpx:hr>179</gpxtpx:hr>
  </gpxtpx:TrackPointExtension>
</extensions>
      </trkpt>
      <trkpt lat="40.075862289992564" lon="116.33696863076646">
        <ele>46.2</ele>
        <time>2026-07-28T13:44:26.681Z</time>
        <extensions>
  <gpxtpx:TrackPointExtension>
    <gpxtpx:hr>179</gpxtpx:hr>
  </gpxtpx:TrackPointExtension>
</extensions>
      </trkpt>
      <trkpt lat="40.07583644934893" lon="116.3369676765675">
        <ele>46.3</ele>
        <time>2026-07-28T13:44:27.681Z</time>
        <extensions>
  <gpxtpx:TrackPointExtension>
    <gpxtpx:hr>179</gpxtpx:hr>
  </gpxtpx:TrackPointExtension>
</extensions>
      </trkpt>
      <trkpt lat="40.07581039501432" lon="116.33696830486211">
        <ele>46.3</ele>
        <time>2026-07-28T13:44:28.681Z</time>
        <extensions>
  <gpxtpx:TrackPointExtension>
    <gpxtpx:hr>179</gpxtpx:hr>
  </gpxtpx:TrackPointExtension>
</extensions>
      </trkpt>
      <trkpt lat="40.075784260947636" lon="116.33697016569417">
        <ele>46.4</ele>
        <time>2026-07-28T13:44:29.681Z</time>
        <extensions>
  <gpxtpx:TrackPointExtension>
    <gpxtpx:hr>179</gpxtpx:hr>
  </gpxtpx:TrackPointExtension>
</extensions>
      </trkpt>
      <trkpt lat="40.07575835306683" lon="116.33697289580728">
        <ele>46.4</ele>
        <time>2026-07-28T13:44:30.681Z</time>
      </trkpt>
      <trkpt lat="40.07573293212877" lon="116.3369758289206">
        <ele>46.5</ele>
        <time>2026-07-28T13:44:31.681Z</time>
      </trkpt>
      <trkpt lat="40.07570801765798" lon="116.33697858427273">
        <ele>46.5</ele>
        <time>2026-07-28T13:44:32.681Z</time>
      </trkpt>
      <trkpt lat="40.07568359157466" lon="116.33698267398779">
        <ele>46.6</ele>
        <time>2026-07-28T13:44:33.681Z</time>
      </trkpt>
      <trkpt lat="40.075659864624406" lon="116.33698969225668">
        <ele>46.7</ele>
        <time>2026-07-28T13:44:34.681Z</time>
      </trkpt>
      <trkpt lat="40.075637136589876" lon="116.3369999085564">
        <ele>46.7</ele>
        <time>2026-07-28T13:44:35.681Z</time>
      </trkpt>
      <trkpt lat="40.07561559939366" lon="116.33701315512734">
        <ele>46.8</ele>
        <time>2026-07-28T13:44:36.681Z</time>
      </trkpt>
      <trkpt lat="40.07559529694898" lon="116.33702925266662">
        <ele>46.8</ele>
        <time>2026-07-28T13:44:37.681Z</time>
      </trkpt>
      <trkpt lat="40.075576043239984" lon="116.33704743827005">
        <ele>46.9</ele>
        <time>2026-07-28T13:44:38.681Z</time>
      </trkpt>
      <trkpt lat="40.07555793671867" lon="116.33706739815572">
        <ele>47.0</ele>
        <time>2026-07-28T13:44:39.681Z</time>
      </trkpt>
      <trkpt lat="40.075540952750025" lon="116.33708901105506">
        <ele>47.0</ele>
        <time>2026-07-28T13:44:40.681Z</time>
      </trkpt>
      <trkpt lat="40.07552547047376" lon="116.33711274212928">
        <ele>47.1</ele>
        <time>2026-07-28T13:44:41.681Z</time>
      </trkpt>
      <trkpt lat="40.07551234804725" lon="116.33713920270449">
        <ele>47.1</ele>
        <time>2026-07-28T13:44:42.681Z</time>
      </trkpt>
      <trkpt lat="40.075501752402644" lon="116.33716788480862">
        <ele>47.2</ele>
        <time>2026-07-28T13:44:43.681Z</time>
      </trkpt>
      <trkpt lat="40.075493220722926" lon="116.33719837725694">
        <ele>47.2</ele>
        <time>2026-07-28T13:44:44.681Z</time>
      </trkpt>
      <trkpt lat="40.07548630376356" lon="116.33723026732137">
        <ele>47.2</ele>
        <time>2026-07-28T13:44:45.681Z</time>
      </trkpt>
      <trkpt lat="40.07548099983891" lon="116.3372630348926">
        <ele>47.3</ele>
        <time>2026-07-28T13:44:46.681Z</time>
      </trkpt>
      <trkpt lat="40.07547743050757" lon="116.33729631949495">
        <ele>47.3</ele>
        <time>2026-07-28T13:44:47.681Z</time>
      </trkpt>
      <trkpt lat="40.07547580272376" lon="116.33732990308874">
        <ele>47.4</ele>
        <time>2026-07-28T13:44:48.681Z</time>
      </trkpt>
      <trkpt lat="40.07547634495092" lon="116.33736378688624">
        <ele>47.4</ele>
        <time>2026-07-28T13:44:49.681Z</time>
      </trkpt>
      <trkpt lat="40.07547918365198" lon="116.3373979917526">
        <ele>47.4</ele>
        <time>2026-07-28T13:44:50.680Z</time>
      </trkpt>
      <trkpt lat="40.07548405000382" lon="116.33743226658866">
        <ele>47.4</ele>
        <time>2026-07-28T13:44:51.681Z</time>
      </trkpt>
      <trkpt lat="40.07549061584783" lon="116.33746627424581">
        <ele>47.5</ele>
        <time>2026-07-28T13:44:52.681Z</time>
      </trkpt>
      <trkpt lat="40.07549912902824" lon="116.33749968963706">
        <ele>47.5</ele>
        <time>2026-07-28T13:44:53.681Z</time>
      </trkpt>
      <trkpt lat="40.075509315233724" lon="116.33753243446898">
        <ele>47.5</ele>
        <time>2026-07-28T13:44:54.681Z</time>
      </trkpt>
      <trkpt lat="40.07552071913955" lon="116.33756452940641">
        <ele>47.5</ele>
        <time>2026-07-28T13:44:55.681Z</time>
      </trkpt>
      <trkpt lat="40.075533290771354" lon="116.33759580638554">
        <ele>47.5</ele>
        <time>2026-07-28T13:44:56.681Z</time>
      </trkpt>
      <trkpt lat="40.07554758859737" lon="116.33762559802547">
        <ele>47.4</ele>
        <time>2026-07-28T13:44:57.681Z</time>
      </trkpt>
      <trkpt lat="40.07556395580705" lon="116.33765340676706">
        <ele>47.4</ele>
        <time>2026-07-28T13:44:58.680Z</time>
      </trkpt>
      <trkpt lat="40.07558162137444" lon="116.33767980862736">
        <ele>47.4</ele>
        <time>2026-07-28T13:44:59.681Z</time>
      </trkpt>
      <trkpt lat="40.075599954243174" lon="116.33770507846103">
        <ele>47.4</ele>
        <time>2026-07-28T13:45:00.681Z</time>
      </trkpt>
      <trkpt lat="40.075619227603234" lon="116.33772847556108">
        <ele>47.3</ele>
        <time>2026-07-28T13:45:01.681Z</time>
      </trkpt>
      <trkpt lat="40.07563982793465" lon="116.33774945486718">
        <ele>47.3</ele>
        <time>2026-07-28T13:45:02.680Z</time>
      </trkpt>
      <trkpt lat="40.07566177340198" lon="116.33776765157297">
        <ele>47.2</ele>
        <time>2026-07-28T13:45:03.681Z</time>
      </trkpt>
      <trkpt lat="40.07568478234323" lon="116.33778298229107">
        <ele>47.2</ele>
        <time>2026-07-28T13:45:04.681Z</time>
      </trkpt>
      <trkpt lat="40.075708448304624" lon="116.3377960620286">
        <ele>47.1</ele>
        <time>2026-07-28T13:45:05.681Z</time>
      </trkpt>
      <trkpt lat="40.075732591588256" lon="116.3378073777286">
        <ele>47.0</ele>
        <time>2026-07-28T13:45:06.681Z</time>
      </trkpt>
      <trkpt lat="40.07575716629166" lon="116.33781729031139">
        <ele>47.0</ele>
        <time>2026-07-28T13:45:07.681Z</time>
      </trkpt>
      <trkpt lat="40.07578211654063" lon="116.33782581813178">
        <ele>46.9</ele>
        <time>2026-07-28T13:45:08.681Z</time>
      </trkpt>
      <trkpt lat="40.07580725138082" lon="116.33783302414713">
        <ele>46.8</ele>
        <time>2026-07-28T13:45:09.681Z</time>
      </trkpt>
      <trkpt lat="40.07583239810447" lon="116.33783888942132">
        <ele>46.8</ele>
        <time>2026-07-28T13:45:10.680Z</time>
      </trkpt>
      <trkpt lat="40.075857638617535" lon="116.33784314382449">
        <ele>46.7</ele>
        <time>2026-07-28T13:45:11.680Z</time>
      </trkpt>
      <trkpt lat="40.07588292767191" lon="116.33784582593687">
        <ele>46.7</ele>
        <time>2026-07-28T13:45:12.680Z</time>
      </trkpt>
      <trkpt lat="40.075908006166195" lon="116.33784694483501">
        <ele>46.6</ele>
        <time>2026-07-28T13:45:13.680Z</time>
      </trkpt>
      <trkpt lat="40.0759327771349" lon="116.33784698894922">
        <ele>46.5</ele>
        <time>2026-07-28T13:45:14.680Z</time>
      </trkpt>
      <trkpt lat="40.075957659510856" lon="116.33784583680169">
        <ele>46.5</ele>
        <time>2026-07-28T13:45:15.681Z</time>
      </trkpt>
      <trkpt lat="40.07598297689317" lon="116.33784396037211">
        <ele>46.4</ele>
        <time>2026-07-28T13:45:16.680Z</time>
      </trkpt>
      <trkpt lat="40.076008757449685" lon="116.33784250241509">
        <ele>46.4</ele>
        <time>2026-07-28T13:45:17.680Z</time>
      </trkpt>
      <trkpt lat="40.076034920988725" lon="116.33784110939816">
        <ele>46.4</ele>
        <time>2026-07-28T13:45:18.680Z</time>
      </trkpt>
      <trkpt lat="40.076061200780536" lon="116.33783952154513">
        <ele>46.3</ele>
        <time>2026-07-28T13:45:19.680Z</time>
      </trkpt>
      <trkpt lat="40.07608763889346" lon="116.33783816251514">
        <ele>46.3</ele>
        <time>2026-07-28T13:45:20.681Z</time>
      </trkpt>
      <trkpt lat="40.07611433332467" lon="116.33783687646938">
        <ele>46.3</ele>
        <time>2026-07-28T13:45:21.681Z</time>
      </trkpt>
      <trkpt lat="40.0761408631089" lon="116.3378350410152">
        <ele>46.2</ele>
        <time>2026-07-28T13:45:22.681Z</time>
      </trkpt>
      <trkpt lat="40.076166992059974" lon="116.33783263099915">
        <ele>46.2</ele>
        <time>2026-07-28T13:45:23.681Z</time>
      </trkpt>
      <trkpt lat="40.076192783296136" lon="116.33782994919518">
        <ele>46.2</ele>
        <time>2026-07-28T13:45:24.681Z</time>
      </trkpt>
      <trkpt lat="40.07621850375302" lon="116.33782761178959">
        <ele>46.1</ele>
        <time>2026-07-28T13:45:25.681Z</time>
      </trkpt>
      <trkpt lat="40.07624426490352" lon="116.3378264363767">
        <ele>46.1</ele>
        <time>2026-07-28T13:45:26.681Z</time>
      </trkpt>
      <trkpt lat="40.076269891827025" lon="116.33782617102538">
        <ele>46.1</ele>
        <time>2026-07-28T13:45:27.680Z</time>
      </trkpt>
      <trkpt lat="40.07629540903535" lon="116.33782574727452">
        <ele>46.1</ele>
        <time>2026-07-28T13:45:28.681Z</time>
      </trkpt>
      <trkpt lat="40.076320934791134" lon="116.33782496269974">
        <ele>46.1</ele>
        <time>2026-07-28T13:45:29.681Z</time>
      </trkpt>
      <trkpt lat="40.07634658905241" lon="116.33782441378527">
        <ele>46.1</ele>
        <time>2026-07-28T13:45:30.681Z</time>
      </trkpt>
      <trkpt lat="40.076372269827566" lon="116.33782467966529">
        <ele>46.0</ele>
        <time>2026-07-28T13:45:31.681Z</time>
      </trkpt>
      <trkpt lat="40.07639804626215" lon="116.33782485256057">
        <ele>46.0</ele>
        <time>2026-07-28T13:45:32.681Z</time>
      </trkpt>
      <trkpt lat="40.076423905537716" lon="116.3378240157158">
        <ele>46.0</ele>
        <time>2026-07-28T13:45:33.681Z</time>
      </trkpt>
      <trkpt lat="40.07644977063171" lon="116.33782273709255">
        <ele>46.0</ele>
        <time>2026-07-28T13:45:34.680Z</time>
      </trkpt>
      <trkpt lat="40.07647571518136" lon="116.33782207111601">
        <ele>46.0</ele>
        <time>2026-07-28T13:45:35.680Z</time>
      </trkpt>
      <trkpt lat="40.07650187423246" lon="116.33782229031465">
        <ele>46.0</ele>
        <time>2026-07-28T13:45:36.681Z</time>
      </trkpt>
      <trkpt lat="40.07652810347215" lon="116.33782273963489">
        <ele>46.0</ele>
        <time>2026-07-28T13:45:37.680Z</time>
      </trkpt>
      <trkpt lat="40.07655421834267" lon="116.33782297126372">
        <ele>46.0</ele>
        <time>2026-07-28T13:45:38.680Z</time>
      </trkpt>
      <trkpt lat="40.07658008536059" lon="116.33782309923674">
        <ele>45.9</ele>
        <time>2026-07-28T13:45:39.680Z</time>
      </trkpt>
      <trkpt lat="40.07660574635192" lon="116.337823134539">
        <ele>45.9</ele>
        <time>2026-07-28T13:45:40.680Z</time>
      </trkpt>
      <trkpt lat="40.0766313195212" lon="116.33782296517106">
        <ele>45.9</ele>
        <time>2026-07-28T13:45:41.680Z</time>
      </trkpt>
      <trkpt lat="40.076656796304526" lon="116.3378222135901">
        <ele>45.9</ele>
        <time>2026-07-28T13:45:42.680Z</time>
      </trkpt>
      <trkpt lat="40.076682153849184" lon="116.33782061897753">
        <ele>45.9</ele>
        <time>2026-07-28T13:45:43.680Z</time>
      </trkpt>
      <trkpt lat="40.07670747697102" lon="116.33781849336806">
        <ele>45.9</ele>
        <time>2026-07-28T13:45:44.681Z</time>
      </trkpt>
      <trkpt lat="40.07673273990199" lon="116.33781487749314">
        <ele>45.8</ele>
        <time>2026-07-28T13:45:45.680Z</time>
      </trkpt>
      <trkpt lat="40.076757912487075" lon="116.33780933662362">
        <ele>45.8</ele>
        <time>2026-07-28T13:45:46.680Z</time>
      </trkpt>
      <trkpt lat="40.07678284092998" lon="116.33780222623214">
        <ele>45.8</ele>
        <time>2026-07-28T13:45:47.681Z</time>
      </trkpt>
      <trkpt lat="40.07680690601533" lon="116.33779186254796">
        <ele>45.8</ele>
        <time>2026-07-28T13:45:48.680Z</time>
      </trkpt>
      <trkpt lat="40.076829775629825" lon="116.33777771911609">
        <ele>45.8</ele>
        <time>2026-07-28T13:45:49.680Z</time>
      </trkpt>
      <trkpt lat="40.076851347124155" lon="116.33776051536397">
        <ele>45.8</ele>
        <time>2026-07-28T13:45:50.681Z</time>
      </trkpt>
      <trkpt lat="40.07687149847942" lon="116.33774051349026">
        <ele>45.7</ele>
        <time>2026-07-28T13:45:51.681Z</time>
      </trkpt>
      <trkpt lat="40.076890362726935" lon="116.33771840942751">
        <ele>45.7</ele>
        <time>2026-07-28T13:45:52.680Z</time>
      </trkpt>
      <trkpt lat="40.07690791427877" lon="116.33769432324456">
        <ele>45.7</ele>
        <time>2026-07-28T13:45:53.681Z</time>
      </trkpt>
      <trkpt lat="40.076924091792755" lon="116.33766851296485">
        <ele>45.7</ele>
        <time>2026-07-28T13:45:54.680Z</time>
      </trkpt>
      <trkpt lat="40.07693891036021" lon="116.33764139796092">
        <ele>45.7</ele>
        <time>2026-07-28T13:45:55.681Z</time>
      </trkpt>
      <trkpt lat="40.07695234090076" lon="116.33761325508111">
        <ele>45.7</ele>
        <time>2026-07-28T13:45:56.681Z</time>
      </trkpt>
      <trkpt lat="40.076964466010075" lon="116.33758429597952">
        <ele>45.7</ele>
        <time>2026-07-28T13:45:57.681Z</time>
      </trkpt>
      <trkpt lat="40.076975130993404" lon="116.33755454098176">
        <ele>45.7</ele>
        <time>2026-07-28T13:45:58.681Z</time>
      </trkpt>
      <trkpt lat="40.07698409572638" lon="116.33752381002908">
        <ele>45.6</ele>
        <time>2026-07-28T13:45:59.680Z</time>
      </trkpt>
      <trkpt lat="40.07699161003111" lon="116.33749215010745">
        <ele>45.6</ele>
        <time>2026-07-28T13:46:00.680Z</time>
      </trkpt>
      <trkpt lat="40.07699805187803" lon="116.3374600103676">
        <ele>45.6</ele>
        <time>2026-07-28T13:46:01.681Z</time>
      </trkpt>
      <trkpt lat="40.07700310988828" lon="116.33742779794167">
        <ele>45.6</ele>
        <time>2026-07-28T13:46:02.681Z</time>
      </trkpt>
      <trkpt lat="40.077006252754295" lon="116.33739554115326">
        <ele>45.6</ele>
        <time>2026-07-28T13:46:03.681Z</time>
      </trkpt>
      <trkpt lat="40.07700728215665" lon="116.33736304711353">
        <ele>45.6</ele>
        <time>2026-07-28T13:46:04.680Z</time>
      </trkpt>
      <trkpt lat="40.07700664371911" lon="116.33733037416118">
        <ele>45.6</ele>
        <time>2026-07-28T13:46:05.680Z</time>
      </trkpt>
      <trkpt lat="40.07700440228134" lon="116.33729785366491">
        <ele>45.6</ele>
        <time>2026-07-28T13:46:06.680Z</time>
      </trkpt>
      <trkpt lat="40.077000159672664" lon="116.33726576306567">
        <ele>45.6</ele>
        <time>2026-07-28T13:46:07.680Z</time>
      </trkpt>
      <trkpt lat="40.07699386182971" lon="116.3372342735795">
        <ele>45.6</ele>
        <time>2026-07-28T13:46:08.680Z</time>
      </trkpt>
      <trkpt lat="40.076985148174494" lon="116.33720360242489">
        <ele>45.7</ele>
        <time>2026-07-28T13:46:09.680Z</time>
      </trkpt>
      <trkpt lat="40.076974400249306" lon="116.3371736260412">
        <ele>45.7</ele>
        <time>2026-07-28T13:46:10.680Z</time>
      </trkpt>
      <trkpt lat="40.07696243716666" lon="116.33714437576589">
        <ele>45.7</ele>
        <time>2026-07-28T13:46:11.680Z</time>
      </trkpt>
      <trkpt lat="40.07694945942276" lon="116.33711618035285">
        <ele>45.7</ele>
        <time>2026-07-28T13:46:12.680Z</time>
      </trkpt>
      <trkpt lat="40.076935302231234" lon="116.3370894630385">
        <ele>45.7</ele>
        <time>2026-07-28T13:46:13.680Z</time>
      </trkpt>
      <trkpt lat="40.07691941717683" lon="116.33706465920989">
        <ele>45.7</ele>
        <time>2026-07-28T13:46:14.680Z</time>
      </trkpt>
      <trkpt lat="40.07690207851044" lon="116.33704130032122">
        <ele>45.7</ele>
        <time>2026-07-28T13:46:15.680Z</time>
      </trkpt>
      <trkpt lat="40.076883707710586" lon="116.33701921202459">
        <ele>45.7</ele>
        <time>2026-07-28T13:46:16.680Z</time>
      </trkpt>
      <trkpt lat="40.07686426106715" lon="116.33699879030578">
        <ele>45.7</ele>
        <time>2026-07-28T13:46:17.680Z</time>
      </trkpt>
      <trkpt lat="40.07684402798754" lon="116.33698015270232">
        <ele>45.7</ele>
        <time>2026-07-28T13:46:18.680Z</time>
      </trkpt>
      <trkpt lat="40.07682316335445" lon="116.336963557365">
        <ele>45.7</ele>
        <time>2026-07-28T13:46:19.680Z</time>
      </trkpt>
      <trkpt lat="40.076801597138825" lon="116.33694943136">
        <ele>45.7</ele>
        <time>2026-07-28T13:46:20.680Z</time>
      </trkpt>
      <trkpt lat="40.07677926513947" lon="116.33693751565731">
        <ele>45.7</ele>
        <time>2026-07-28T13:46:21.680Z</time>
      </trkpt>
      <trkpt lat="40.07675639543968" lon="116.33692697024887">
        <ele>45.7</ele>
        <time>2026-07-28T13:46:22.680Z</time>
      </trkpt>
      <trkpt lat="40.07673300887987" lon="116.33691746081796">
        <ele>45.7</ele>
        <time>2026-07-28T13:46:23.680Z</time>
      </trkpt>
      <trkpt lat="40.076709119234955" lon="116.33690916823845">
        <ele>45.8</ele>
        <time>2026-07-28T13:46:24.680Z</time>
      </trkpt>
      <trkpt lat="40.07668486462221" lon="116.33690211325887">
        <ele>45.8</ele>
        <time>2026-07-28T13:46:25.680Z</time>
      </trkpt>
      <trkpt lat="40.07666043912614" lon="116.33689679816949">
        <ele>45.8</ele>
        <time>2026-07-28T13:46:26.680Z</time>
      </trkpt>
      <trkpt lat="40.076635950003386" lon="116.33689403181401">
        <ele>45.8</ele>
        <time>2026-07-28T13:46:27.680Z</time>
      </trkpt>
      <trkpt lat="40.07661153005676" lon="116.3368935937838">
        <ele>45.8</ele>
        <time>2026-07-28T13:46:28.680Z</time>
      </trkpt>
      <trkpt lat="40.07658709940243" lon="116.33689457688129">
        <ele>45.8</ele>
        <time>2026-07-28T13:46:29.680Z</time>
      </trkpt>
      <trkpt lat="40.0765625164522" lon="116.33689606405274">
        <ele>45.8</ele>
        <time>2026-07-28T13:46:30.680Z</time>
      </trkpt>
      <trkpt lat="40.07653782663034" lon="116.33689736410481">
        <ele>45.9</ele>
        <time>2026-07-28T13:46:31.680Z</time>
      </trkpt>
      <trkpt lat="40.076513183520156" lon="116.33689837047999">
        <ele>45.9</ele>
        <time>2026-07-28T13:46:32.680Z</time>
      </trkpt>
      <trkpt lat="40.076488642709265" lon="116.33689968152322">
        <ele>45.9</ele>
        <time>2026-07-28T13:46:33.680Z</time>
      </trkpt>
      <trkpt lat="40.07646418804962" lon="116.336901533823">
        <ele>45.9</ele>
        <time>2026-07-28T13:46:34.680Z</time>
      </trkpt>
      <trkpt lat="40.07643979011611" lon="116.33690349133207">
        <ele>45.9</ele>
        <time>2026-07-28T13:46:35.680Z</time>
      </trkpt>
      <trkpt lat="40.076415234486895" lon="116.33690524057008">
        <ele>45.9</ele>
        <time>2026-07-28T13:46:36.681Z</time>
      </trkpt>
      <trkpt lat="40.07639060350189" lon="116.33690658346393">
        <ele>46.0</ele>
        <time>2026-07-28T13:46:37.680Z</time>
      </trkpt>
      <trkpt lat="40.07636604429017" lon="116.3369076366902">
        <ele>46.0</ele>
        <time>2026-07-28T13:46:38.680Z</time>
      </trkpt>
      <trkpt lat="40.07634153196316" lon="116.33690876768324">
        <ele>46.0</ele>
        <time>2026-07-28T13:46:39.680Z</time>
      </trkpt>
      <trkpt lat="40.076317063645064" lon="116.33690995730699">
        <ele>46.0</ele>
        <time>2026-07-28T13:46:40.680Z</time>
      </trkpt>
      <trkpt lat="40.076292791026326" lon="116.33691152791364">
        <ele>46.0</ele>
        <time>2026-07-28T13:46:41.680Z</time>
      </trkpt>
      <trkpt lat="40.07626880243752" lon="116.33691381924923">
        <ele>46.0</ele>
        <time>2026-07-28T13:46:42.680Z</time>
      </trkpt>
      <trkpt lat="40.07624497921416" lon="116.33691572231591">
        <ele>46.0</ele>
        <time>2026-07-28T13:46:43.680Z</time>
      </trkpt>
      <trkpt lat="40.07622113177118" lon="116.33691658828909">
        <ele>46.0</ele>
        <time>2026-07-28T13:46:44.680Z</time>
      </trkpt>
      <trkpt lat="40.076197276724024" lon="116.33691702089718">
        <ele>46.0</ele>
        <time>2026-07-28T13:46:45.680Z</time>
      </trkpt>
      <trkpt lat="40.07617324999197" lon="116.33691737155638">
        <ele>46.0</ele>
        <time>2026-07-28T13:46:46.680Z</time>
      </trkpt>
      <trkpt lat="40.07614907131723" lon="116.33691785878501">
        <ele>46.0</ele>
        <time>2026-07-28T13:46:47.680Z</time>
      </trkpt>
      <trkpt lat="40.07612485327283" lon="116.33691885958024">
        <ele>46.0</ele>
        <time>2026-07-28T13:46:48.680Z</time>
      </trkpt>
      <trkpt lat="40.076100585370035" lon="116.33692002240912">
        <ele>46.0</ele>
        <time>2026-07-28T13:46:49.680Z</time>
      </trkpt>
      <trkpt lat="40.07607634472819" lon="116.33692059752724">
        <ele>46.0</ele>
        <time>2026-07-28T13:46:50.680Z</time>
      </trkpt>
      <trkpt lat="40.07605217001399" lon="116.336920513802">
        <ele>46.0</ele>
        <time>2026-07-28T13:46:51.680Z</time>
      </trkpt>
      <trkpt lat="40.076028071572836" lon="116.33692005621765">
        <ele>46.0</ele>
        <time>2026-07-28T13:46:52.680Z</time>
      </trkpt>
      <trkpt lat="40.07600389634004" lon="116.33691900452126">
        <ele>46.0</ele>
        <time>2026-07-28T13:46:53.680Z</time>
      </trkpt>
      <trkpt lat="40.07597924761046" lon="116.33691718130466">
        <ele>46.0</ele>
        <time>2026-07-28T13:46:54.680Z</time>
      </trkpt>
      <trkpt lat="40.075954017266994" lon="116.3369149598724">
        <ele>46.0</ele>
        <time>2026-07-28T13:46:55.680Z</time>
      </trkpt>
      <trkpt lat="40.07592850635567" lon="116.33691291943116">
        <ele>46.1</ele>
        <time>2026-07-28T13:46:56.680Z</time>
      </trkpt>
      <trkpt lat="40.075902937771694" lon="116.3369115224613">
        <ele>46.1</ele>
        <time>2026-07-28T13:46:57.680Z</time>
      </trkpt>
      <trkpt lat="40.075877397367826" lon="116.33691110955148">
        <ele>46.1</ele>
        <time>2026-07-28T13:46:58.680Z</time>
      </trkpt>
      <trkpt lat="40.0758519463292" lon="116.33691162424795">
        <ele>46.1</ele>
        <time>2026-07-28T13:46:59.680Z</time>
      </trkpt>
      <trkpt lat="40.075826683967186" lon="116.3369130598009">
        <ele>46.1</ele>
        <time>2026-07-28T13:47:00.680Z</time>
      </trkpt>
      <trkpt lat="40.075801607993036" lon="116.33691601778341">
        <ele>46.1</ele>
        <time>2026-07-28T13:47:01.680Z</time>
      </trkpt>
      <trkpt lat="40.07577667504149" lon="116.33692094227492">
        <ele>46.1</ele>
        <time>2026-07-28T13:47:02.680Z</time>
      </trkpt>
      <trkpt lat="40.0757519652059" lon="116.33692811279876">
        <ele>46.2</ele>
        <time>2026-07-28T13:47:03.680Z</time>
      </trkpt>
      <trkpt lat="40.07572782611169" lon="116.33693790579295">
        <ele>46.2</ele>
        <time>2026-07-28T13:47:04.680Z</time>
      </trkpt>
      <trkpt lat="40.07570467661168" lon="116.33695085414739">
        <ele>46.2</ele>
        <time>2026-07-28T13:47:05.680Z</time>
      </trkpt>
      <trkpt lat="40.07568264300359" lon="116.33696666349323">
        <ele>46.2</ele>
        <time>2026-07-28T13:47:06.680Z</time>
      </trkpt>
      <trkpt lat="40.075661711242624" lon="116.33698469910091">
        <ele>46.2</ele>
        <time>2026-07-28T13:47:07.680Z</time>
      </trkpt>
      <trkpt lat="40.075641778937175" lon="116.33700431118008">
        <ele>46.3</ele>
        <time>2026-07-28T13:47:08.680Z</time>
      </trkpt>
      <trkpt lat="40.075622872234135" lon="116.33702488302394">
        <ele>46.3</ele>
        <time>2026-07-28T13:47:09.680Z</time>
      </trkpt>
      <trkpt lat="40.075605102346806" lon="116.33704626376344">
        <ele>46.3</ele>
        <time>2026-07-28T13:47:10.680Z</time>
        <extensions>
  <gpxtpx:TrackPointExtension>
    <gpxtpx:hr>179</gpxtpx:hr>
  </gpxtpx:TrackPointExtension>
</extensions>
      </trkpt>
      <trkpt lat="40.0755881728602" lon="116.33706852298505">
        <ele>46.3</ele>
        <time>2026-07-28T13:47:11.680Z</time>
        <extensions>
  <gpxtpx:TrackPointExtension>
    <gpxtpx:hr>179</gpxtpx:hr>
  </gpxtpx:TrackPointExtension>
</extensions>
      </trkpt>
      <trkpt lat="40.07557229114463" lon="116.33709215568761">
        <ele>46.3</ele>
        <time>2026-07-28T13:47:12.680Z</time>
        <extensions>
  <gpxtpx:TrackPointExtension>
    <gpxtpx:hr>179</gpxtpx:hr>
  </gpxtpx:TrackPointExtension>
</extensions>
      </trkpt>
      <trkpt lat="40.07555776196494" lon="116.33711756531478">
        <ele>46.3</ele>
        <time>2026-07-28T13:47:13.680Z</time>
        <extensions>
  <gpxtpx:TrackPointExtension>
    <gpxtpx:hr>179</gpxtpx:hr>
  </gpxtpx:TrackPointExtension>
</extensions>
      </trkpt>
      <trkpt lat="40.07554406506622" lon="116.33714417215765">
        <ele>46.3</ele>
        <time>2026-07-28T13:47:14.680Z</time>
        <extensions>
  <gpxtpx:TrackPointExtension>
    <gpxtpx:hr>179</gpxtpx:hr>
  </gpxtpx:TrackPointExtension>
</extensions>
      </trkpt>
      <trkpt lat="40.075530917937535" lon="116.33717157307774">
        <ele>46.3</ele>
        <time>2026-07-28T13:47:15.679Z</time>
        <extensions>
  <gpxtpx:TrackPointExtension>
    <gpxtpx:hr>179</gpxtpx:hr>
  </gpxtpx:TrackPointExtension>
</extensions>
      </trkpt>
      <trkpt lat="40.07551552612782" lon="116.33720885990776">
        <ele>46.3</ele>
        <time>2026-07-28T13:47:16.999Z</time>
        <extensions>
  <gpxtpx:TrackPointExtension>
    <gpxtpx:hr>179</gpxtpx:hr>
  </gpxtpx:TrackPointExtension>
</extensions>
      </trkpt>    </trkseg>
  </trk>
</gpx>