<?xml version="1.0" encoding="UTF-8"?>
<gpx version="1.1" creator="HealthSync iOS"
     xmlns="http://www.topografix.com/GPX/1/1"
     xmlns:gpxtpx="http://www.garmin.com/xmlschemas/TrackPointExtension/v1"
     xmlns:xsi="http://www.w3.org/2001/XMLSchema-instance"
     xsi:schemaLocation="http://www.topografix.com/GPX/1/1 http://www.topografix.com/GPX/1/1/gpx.xsd http://www.garmin.com/xmlschemas/TrackPointExtension/v1 http://www.garmin.com/xmlschemas/TrackPointExtensionv1.xsd">
  <trk>
    <name>Running 2026/7/30, 21:11</name>
    <type>running</type>
    <trkseg>
      <trkpt lat="40.07690848420352" lon="116.3375112902555">
        <ele>45.2</ele>
        <time>2026-07-30T13:12:29.521Z</time>
      </trkpt>
      <trkpt lat="40.07691857933763" lon="116.33747112648248">
        <ele>45.2</ele>
        <time>2026-07-30T13:12:30.521Z</time>
      </trkpt>
      <trkpt lat="40.076926278886184" lon="116.33743081091069">
        <ele>45.2</ele>
        <time>2026-07-30T13:12:31.522Z</time>
      </trkpt>
      <trkpt lat="40.07693179092983" lon="116.33739080841274">
        <ele>45.2</ele>
        <time>2026-07-30T13:12:32.522Z</time>
      </trkpt>
      <trkpt lat="40.07693526985175" lon="116.33735123167187">
        <ele>45.2</ele>
        <time>2026-07-30T13:12:33.522Z</time>
      </trkpt>
      <trkpt lat="40.07693644018251" lon="116.3373120284986">
        <ele>45.2</ele>
        <time>2026-07-30T13:12:34.522Z</time>
      </trkpt>
      <trkpt lat="40.07693507212271" lon="116.33727351549308">
        <ele>45.2</ele>
        <time>2026-07-30T13:12:35.521Z</time>
      </trkpt>
      <trkpt lat="40.07693100528003" lon="116.33723590898158">
        <ele>45.3</ele>
        <time>2026-07-30T13:12:36.521Z</time>
      </trkpt>
      <trkpt lat="40.07692389723997" lon="116.33719966395405">
        <ele>45.3</ele>
        <time>2026-07-30T13:12:37.522Z</time>
      </trkpt>
      <trkpt lat="40.07691413061568" lon="116.33716501307572">
        <ele>45.3</ele>
        <time>2026-07-30T13:12:38.522Z</time>
      </trkpt>
      <trkpt lat="40.076902166032035" lon="116.33713169932389">
        <ele>45.3</ele>
        <time>2026-07-30T13:12:39.522Z</time>
      </trkpt>
      <trkpt lat="40.0768881919533" lon="116.33710000419057">
        <ele>45.3</ele>
        <time>2026-07-30T13:12:40.522Z</time>
      </trkpt>
      <trkpt lat="40.07687233480715" lon="116.33707038706285">
        <ele>45.4</ele>
        <time>2026-07-30T13:12:41.521Z</time>
      </trkpt>
      <trkpt lat="40.076855260087285" lon="116.33704251297111">
        <ele>45.4</ele>
        <time>2026-07-30T13:12:42.521Z</time>
      </trkpt>
      <trkpt lat="40.076837349726894" lon="116.3370160803107">
        <ele>45.4</ele>
        <time>2026-07-30T13:12:43.522Z</time>
      </trkpt>
      <trkpt lat="40.07681828720163" lon="116.33699179338285">
        <ele>45.4</ele>
        <time>2026-07-30T13:12:44.522Z</time>
      </trkpt>
      <trkpt lat="40.07679815374959" lon="116.33697035973042">
        <ele>45.5</ele>
        <time>2026-07-30T13:12:45.521Z</time>
      </trkpt>
      <trkpt lat="40.0767770398299" lon="116.33695178552502">
        <ele>45.5</ele>
        <time>2026-07-30T13:12:46.522Z</time>
      </trkpt>
      <trkpt lat="40.076755090626264" lon="116.33693592518611">
        <ele>45.5</ele>
        <time>2026-07-30T13:12:47.521Z</time>
      </trkpt>
      <trkpt lat="40.07673228812752" lon="116.33692306862982">
        <ele>45.6</ele>
        <time>2026-07-30T13:12:48.522Z</time>
      </trkpt>
      <trkpt lat="40.07670882867619" lon="116.33691332950173">
        <ele>45.6</ele>
        <time>2026-07-30T13:12:49.522Z</time>
      </trkpt>
      <trkpt lat="40.076684754275654" lon="116.33690619152539">
        <ele>45.7</ele>
        <time>2026-07-30T13:12:50.522Z</time>
      </trkpt>
      <trkpt lat="40.076660009971675" lon="116.33690102365951">
        <ele>45.7</ele>
        <time>2026-07-30T13:12:51.521Z</time>
      </trkpt>
      <trkpt lat="40.07663448180806" lon="116.3368978204447">
        <ele>45.7</ele>
        <time>2026-07-30T13:12:52.521Z</time>
      </trkpt>
      <trkpt lat="40.07660820896449" lon="116.33689643153355">
        <ele>45.8</ele>
        <time>2026-07-30T13:12:53.521Z</time>
      </trkpt>
      <trkpt lat="40.07658122102717" lon="116.33689633356572">
        <ele>45.8</ele>
        <time>2026-07-30T13:12:54.521Z</time>
      </trkpt>
      <trkpt lat="40.07655353077797" lon="116.33689698802227">
        <ele>45.8</ele>
        <time>2026-07-30T13:12:55.521Z</time>
      </trkpt>
      <trkpt lat="40.07652530367934" lon="116.336897711491">
        <ele>45.8</ele>
        <time>2026-07-30T13:12:56.521Z</time>
      </trkpt>
      <trkpt lat="40.07649667907227" lon="116.33689809276048">
        <ele>45.8</ele>
        <time>2026-07-30T13:12:57.521Z</time>
      </trkpt>
      <trkpt lat="40.07646791128467" lon="116.33689807207246">
        <ele>45.9</ele>
        <time>2026-07-30T13:12:58.521Z</time>
      </trkpt>
      <trkpt lat="40.076439282787064" lon="116.3368979960445">
        <ele>45.9</ele>
        <time>2026-07-30T13:12:59.521Z</time>
      </trkpt>
      <trkpt lat="40.07641087517067" lon="116.33689796737427">
        <ele>45.9</ele>
        <time>2026-07-30T13:13:00.522Z</time>
      </trkpt>
      <trkpt lat="40.07638283874635" lon="116.33689789921857">
        <ele>45.9</ele>
        <time>2026-07-30T13:13:01.521Z</time>
      </trkpt>
      <trkpt lat="40.076355315177125" lon="116.33689797464227">
        <ele>45.9</ele>
        <time>2026-07-30T13:13:02.522Z</time>
      </trkpt>
      <trkpt lat="40.07632826094538" lon="116.33689822372251">
        <ele>45.8</ele>
        <time>2026-07-30T13:13:03.522Z</time>
      </trkpt>
      <trkpt lat="40.07630144259854" lon="116.3368988168873">
        <ele>45.8</ele>
        <time>2026-07-30T13:13:04.521Z</time>
      </trkpt>
      <trkpt lat="40.0762746456821" lon="116.33689991408052">
        <ele>45.8</ele>
        <time>2026-07-30T13:13:05.521Z</time>
      </trkpt>
      <trkpt lat="40.076247741970796" lon="116.33690135826195">
        <ele>45.8</ele>
        <time>2026-07-30T13:13:06.521Z</time>
      </trkpt>
      <trkpt lat="40.07622059064935" lon="116.33690315351986">
        <ele>45.8</ele>
        <time>2026-07-30T13:13:07.522Z</time>
      </trkpt>
      <trkpt lat="40.076193224531885" lon="116.33690488844294">
        <ele>45.7</ele>
        <time>2026-07-30T13:13:08.521Z</time>
      </trkpt>
      <trkpt lat="40.076165647009866" lon="116.33690633650006">
        <ele>45.7</ele>
        <time>2026-07-30T13:13:09.521Z</time>
      </trkpt>
      <trkpt lat="40.076137929434985" lon="116.33690776307235">
        <ele>45.7</ele>
        <time>2026-07-30T13:13:10.522Z</time>
      </trkpt>
      <trkpt lat="40.0761099565621" lon="116.33690853898736">
        <ele>45.6</ele>
        <time>2026-07-30T13:13:11.521Z</time>
      </trkpt>
      <trkpt lat="40.07608163565773" lon="116.33690832208971">
        <ele>45.6</ele>
        <time>2026-07-30T13:13:12.521Z</time>
      </trkpt>
      <trkpt lat="40.07605317974381" lon="116.33690775390394">
        <ele>45.6</ele>
        <time>2026-07-30T13:13:13.521Z</time>
      </trkpt>
      <trkpt lat="40.07602477012975" lon="116.33690721389938">
        <ele>45.5</ele>
        <time>2026-07-30T13:13:14.521Z</time>
      </trkpt>
      <trkpt lat="40.07599659821836" lon="116.33690632734447">
        <ele>45.5</ele>
        <time>2026-07-30T13:13:15.521Z</time>
      </trkpt>
      <trkpt lat="40.07596865867677" lon="116.33690501387451">
        <ele>45.5</ele>
        <time>2026-07-30T13:13:16.521Z</time>
      </trkpt>
      <trkpt lat="40.07594095466117" lon="116.33690357253718">
        <ele>45.5</ele>
        <time>2026-07-30T13:13:17.521Z</time>
      </trkpt>
      <trkpt lat="40.07591359207997" lon="116.33690213810628">
        <ele>45.5</ele>
        <time>2026-07-30T13:13:18.522Z</time>
      </trkpt>
      <trkpt lat="40.07588657252734" lon="116.33690100094339">
        <ele>45.4</ele>
        <time>2026-07-30T13:13:19.522Z</time>
      </trkpt>
      <trkpt lat="40.07585974926336" lon="116.33690084289806">
        <ele>45.4</ele>
        <time>2026-07-30T13:13:20.521Z</time>
      </trkpt>
      <trkpt lat="40.07583290049789" lon="116.33690229827609">
        <ele>45.5</ele>
        <time>2026-07-30T13:13:21.521Z</time>
      </trkpt>
      <trkpt lat="40.07580606514133" lon="116.33690547819548">
        <ele>45.5</ele>
        <time>2026-07-30T13:13:22.522Z</time>
      </trkpt>
      <trkpt lat="40.07577934268297" lon="116.33691084664973">
        <ele>45.5</ele>
        <time>2026-07-30T13:13:23.522Z</time>
      </trkpt>
      <trkpt lat="40.07575254021829" lon="116.33691858137243">
        <ele>45.5</ele>
        <time>2026-07-30T13:13:24.521Z</time>
      </trkpt>
      <trkpt lat="40.07572575945505" lon="116.33692863590947">
        <ele>45.6</ele>
        <time>2026-07-30T13:13:25.522Z</time>
      </trkpt>
      <trkpt lat="40.075699529058426" lon="116.33694108975217">
        <ele>45.6</ele>
        <time>2026-07-30T13:13:26.521Z</time>
      </trkpt>
      <trkpt lat="40.07567431805398" lon="116.33695588822151">
        <ele>45.6</ele>
        <time>2026-07-30T13:13:27.521Z</time>
      </trkpt>
      <trkpt lat="40.07565069548324" lon="116.33697341746816">
        <ele>45.7</ele>
        <time>2026-07-30T13:13:28.521Z</time>
      </trkpt>
      <trkpt lat="40.075628686957415" lon="116.33699353459654">
        <ele>45.7</ele>
        <time>2026-07-30T13:13:29.522Z</time>
      </trkpt>
      <trkpt lat="40.075608293654454" lon="116.33701576227315">
        <ele>45.7</ele>
        <time>2026-07-30T13:13:30.522Z</time>
      </trkpt>
      <trkpt lat="40.07558963007892" lon="116.33703988929646">
        <ele>45.8</ele>
        <time>2026-07-30T13:13:31.521Z</time>
      </trkpt>
      <trkpt lat="40.075572636161326" lon="116.33706559876401">
        <ele>45.8</ele>
        <time>2026-07-30T13:13:32.521Z</time>
      </trkpt>
      <trkpt lat="40.07555753860928" lon="116.33709292148602">
        <ele>45.8</ele>
        <time>2026-07-30T13:13:33.521Z</time>
      </trkpt>
      <trkpt lat="40.07554444123384" lon="116.33712190135178">
        <ele>45.8</ele>
        <time>2026-07-30T13:13:34.522Z</time>
      </trkpt>
      <trkpt lat="40.07553320340646" lon="116.33715262921127">
        <ele>45.9</ele>
        <time>2026-07-30T13:13:35.522Z</time>
      </trkpt>
      <trkpt lat="40.07552381659029" lon="116.3371853304416">
        <ele>45.9</ele>
        <time>2026-07-30T13:13:36.521Z</time>
      </trkpt>
      <trkpt lat="40.07551623001433" lon="116.33722003798913">
        <ele>45.9</ele>
        <time>2026-07-30T13:13:37.521Z</time>
      </trkpt>
      <trkpt lat="40.07551041532357" lon="116.33725645994541">
        <ele>45.9</ele>
        <time>2026-07-30T13:13:38.521Z</time>
      </trkpt>
      <trkpt lat="40.0755064342092" lon="116.3372942839372">
        <ele>45.9</ele>
        <time>2026-07-30T13:13:39.521Z</time>
      </trkpt>
      <trkpt lat="40.07550456866852" lon="116.33733320385514">
        <ele>45.9</ele>
        <time>2026-07-30T13:13:40.522Z</time>
      </trkpt>
      <trkpt lat="40.075505025852095" lon="116.33737255342339">
        <ele>45.9</ele>
        <time>2026-07-30T13:13:41.521Z</time>
      </trkpt>
      <trkpt lat="40.07550769594411" lon="116.33741155872602">
        <ele>45.9</ele>
        <time>2026-07-30T13:13:42.521Z</time>
      </trkpt>
      <trkpt lat="40.07551239261302" lon="116.33744944849028">
        <ele>45.8</ele>
        <time>2026-07-30T13:13:43.521Z</time>
      </trkpt>
      <trkpt lat="40.07551885104349" lon="116.3374858218813">
        <ele>45.8</ele>
        <time>2026-07-30T13:13:44.521Z</time>
      </trkpt>
      <trkpt lat="40.07552691563954" lon="116.33752074598506">
        <ele>45.8</ele>
        <time>2026-07-30T13:13:45.521Z</time>
      </trkpt>
      <trkpt lat="40.07553675088649" lon="116.33755458495065">
        <ele>45.7</ele>
        <time>2026-07-30T13:13:46.521Z</time>
      </trkpt>
      <trkpt lat="40.07554856580366" lon="116.33758797465954">
        <ele>45.7</ele>
        <time>2026-07-30T13:13:47.521Z</time>
      </trkpt>
      <trkpt lat="40.07556216522984" lon="116.33762093300861">
        <ele>45.6</ele>
        <time>2026-07-30T13:13:48.521Z</time>
      </trkpt>
      <trkpt lat="40.075577320075304" lon="116.33765282253059">
        <ele>45.6</ele>
        <time>2026-07-30T13:13:49.521Z</time>
      </trkpt>
      <trkpt lat="40.07559373394087" lon="116.33768304366033">
        <ele>45.5</ele>
        <time>2026-07-30T13:13:50.521Z</time>
      </trkpt>
      <trkpt lat="40.07561142747338" lon="116.33771095117953">
        <ele>45.5</ele>
        <time>2026-07-30T13:13:51.521Z</time>
      </trkpt>
      <trkpt lat="40.07563075382063" lon="116.33773614694945">
        <ele>45.5</ele>
        <time>2026-07-30T13:13:52.521Z</time>
      </trkpt>
      <trkpt lat="40.0756517599932" lon="116.3377584791907">
        <ele>45.4</ele>
        <time>2026-07-30T13:13:53.521Z</time>
      </trkpt>
      <trkpt lat="40.07567445520403" lon="116.33777759459015">
        <ele>45.4</ele>
        <time>2026-07-30T13:13:54.521Z</time>
      </trkpt>
      <trkpt lat="40.07569847836488" lon="116.33779375543139">
        <ele>45.4</ele>
        <time>2026-07-30T13:13:55.521Z</time>
      </trkpt>
      <trkpt lat="40.07572323826073" lon="116.33780737823125">
        <ele>45.4</ele>
        <time>2026-07-30T13:13:56.521Z</time>
      </trkpt>
      <trkpt lat="40.07574833930936" lon="116.33781858065416">
        <ele>45.4</ele>
        <time>2026-07-30T13:13:57.521Z</time>
      </trkpt>
      <trkpt lat="40.07577361899814" lon="116.33782769768256">
        <ele>45.4</ele>
        <time>2026-07-30T13:13:58.521Z</time>
      </trkpt>
      <trkpt lat="40.075799276372656" lon="116.33783483297304">
        <ele>45.4</ele>
        <time>2026-07-30T13:13:59.521Z</time>
      </trkpt>
      <trkpt lat="40.0758254948677" lon="116.33784006573323">
        <ele>45.4</ele>
        <time>2026-07-30T13:14:00.521Z</time>
      </trkpt>
      <trkpt lat="40.075852380001145" lon="116.33784358341534">
        <ele>45.4</ele>
        <time>2026-07-30T13:14:01.522Z</time>
      </trkpt>
      <trkpt lat="40.07587981713143" lon="116.33784531836619">
        <ele>45.5</ele>
        <time>2026-07-30T13:14:02.521Z</time>
      </trkpt>
      <trkpt lat="40.07590749417136" lon="116.33784579804572">
        <ele>45.5</ele>
        <time>2026-07-30T13:14:03.521Z</time>
      </trkpt>
      <trkpt lat="40.07593516348088" lon="116.3378459274518">
        <ele>45.5</ele>
        <time>2026-07-30T13:14:04.521Z</time>
      </trkpt>
      <trkpt lat="40.07596263838454" lon="116.33784605922281">
        <ele>45.5</ele>
        <time>2026-07-30T13:14:05.521Z</time>
      </trkpt>
      <trkpt lat="40.07599004482833" lon="116.3378465020917">
        <ele>45.5</ele>
        <time>2026-07-30T13:14:06.521Z</time>
      </trkpt>
      <trkpt lat="40.07601743111927" lon="116.33784730121965">
        <ele>45.5</ele>
        <time>2026-07-30T13:14:07.521Z</time>
      </trkpt>
      <trkpt lat="40.07604469672038" lon="116.33784844663214">
        <ele>45.6</ele>
        <time>2026-07-30T13:14:08.521Z</time>
      </trkpt>
      <trkpt lat="40.07607163274374" lon="116.33784982721518">
        <ele>45.6</ele>
        <time>2026-07-30T13:14:09.521Z</time>
      </trkpt>
      <trkpt lat="40.076098214872395" lon="116.33785088440833">
        <ele>45.6</ele>
        <time>2026-07-30T13:14:10.521Z</time>
      </trkpt>
      <trkpt lat="40.07612472860406" lon="116.33785107180046">
        <ele>45.6</ele>
        <time>2026-07-30T13:14:11.522Z</time>
      </trkpt>
      <trkpt lat="40.076151396847905" lon="116.3378506628136">
        <ele>45.6</ele>
        <time>2026-07-30T13:14:12.522Z</time>
      </trkpt>
      <trkpt lat="40.0761784129109" lon="116.33785026952569">
        <ele>45.6</ele>
        <time>2026-07-30T13:14:13.522Z</time>
      </trkpt>
      <trkpt lat="40.07620580888655" lon="116.33785006127093">
        <ele>45.6</ele>
        <time>2026-07-30T13:14:14.521Z</time>
      </trkpt>
      <trkpt lat="40.07623350436818" lon="116.3378498049597">
        <ele>45.6</ele>
        <time>2026-07-30T13:14:15.522Z</time>
      </trkpt>
      <trkpt lat="40.07626119157656" lon="116.33784917443619">
        <ele>45.6</ele>
        <time>2026-07-30T13:14:16.521Z</time>
      </trkpt>
      <trkpt lat="40.07628864794207" lon="116.33784849411788">
        <ele>45.6</ele>
        <time>2026-07-30T13:14:17.522Z</time>
      </trkpt>
      <trkpt lat="40.07631573038714" lon="116.33784785038355">
        <ele>45.5</ele>
        <time>2026-07-30T13:14:18.521Z</time>
      </trkpt>
      <trkpt lat="40.07634252222805" lon="116.3378471136232">
        <ele>45.5</ele>
        <time>2026-07-30T13:14:19.522Z</time>
      </trkpt>
      <trkpt lat="40.07636924296962" lon="116.33784632141958">
        <ele>45.5</ele>
        <time>2026-07-30T13:14:20.521Z</time>
      </trkpt>
      <trkpt lat="40.07639627915494" lon="116.33784529525394">
        <ele>45.5</ele>
        <time>2026-07-30T13:14:21.521Z</time>
      </trkpt>
      <trkpt lat="40.07642350998198" lon="116.3378440892372">
        <ele>45.5</ele>
        <time>2026-07-30T13:14:22.522Z</time>
      </trkpt>
      <trkpt lat="40.07645043075362" lon="116.33784313751335">
        <ele>45.5</ele>
        <time>2026-07-30T13:14:23.521Z</time>
      </trkpt>
      <trkpt lat="40.076476544936476" lon="116.33784243107354">
        <ele>45.5</ele>
        <time>2026-07-30T13:14:24.521Z</time>
      </trkpt>
      <trkpt lat="40.076501661814866" lon="116.33784182438468">
        <ele>45.5</ele>
        <time>2026-07-30T13:14:25.521Z</time>
      </trkpt>
      <trkpt lat="40.076526013988875" lon="116.33784120745705">
        <ele>45.5</ele>
        <time>2026-07-30T13:14:26.521Z</time>
      </trkpt>
      <trkpt lat="40.07655006666032" lon="116.33784031240766">
        <ele>45.5</ele>
        <time>2026-07-30T13:14:27.521Z</time>
      </trkpt>
      <trkpt lat="40.07657418669695" lon="116.33783900959214">
        <ele>45.6</ele>
        <time>2026-07-30T13:14:28.521Z</time>
      </trkpt>
      <trkpt lat="40.0765985757199" lon="116.3378367430074">
        <ele>45.6</ele>
        <time>2026-07-30T13:14:29.522Z</time>
      </trkpt>
      <trkpt lat="40.07662313980446" lon="116.33783287955096">
        <ele>45.6</ele>
        <time>2026-07-30T13:14:30.521Z</time>
      </trkpt>
      <trkpt lat="40.07664773379528" lon="116.3378270347831">
        <ele>45.6</ele>
        <time>2026-07-30T13:14:31.521Z</time>
      </trkpt>
      <trkpt lat="40.0766722903743" lon="116.3378189100666">
        <ele>45.6</ele>
        <time>2026-07-30T13:14:32.521Z</time>
      </trkpt>
      <trkpt lat="40.07669674487003" lon="116.33780915157239">
        <ele>45.7</ele>
        <time>2026-07-30T13:14:33.521Z</time>
      </trkpt>
      <trkpt lat="40.07672081448722" lon="116.33779831149877">
        <ele>45.7</ele>
        <time>2026-07-30T13:14:34.521Z</time>
      </trkpt>
      <trkpt lat="40.076744142513135" lon="116.33778599346662">
        <ele>45.7</ele>
        <time>2026-07-30T13:14:35.521Z</time>
      </trkpt>
      <trkpt lat="40.0767665779636" lon="116.33777159767027">
        <ele>45.7</ele>
        <time>2026-07-30T13:14:36.521Z</time>
      </trkpt>
      <trkpt lat="40.07678819312005" lon="116.33775507677892">
        <ele>45.7</ele>
        <time>2026-07-30T13:14:37.521Z</time>
      </trkpt>
      <trkpt lat="40.07680901433665" lon="116.33773670955694">
        <ele>45.7</ele>
        <time>2026-07-30T13:14:38.521Z</time>
      </trkpt>
      <trkpt lat="40.076828888028984" lon="116.3377165807017">
        <ele>45.7</ele>
        <time>2026-07-30T13:14:39.521Z</time>
      </trkpt>
      <trkpt lat="40.07684747308555" lon="116.33769484737236">
        <ele>45.7</ele>
        <time>2026-07-30T13:14:40.521Z</time>
      </trkpt>
      <trkpt lat="40.07686457370264" lon="116.33767117904435">
        <ele>45.7</ele>
        <time>2026-07-30T13:14:41.521Z</time>
      </trkpt>
      <trkpt lat="40.07688044499939" lon="116.33764521948238">
        <ele>45.7</ele>
        <time>2026-07-30T13:14:42.521Z</time>
      </trkpt>
      <trkpt lat="40.07689508224759" lon="116.33761662321778">
        <ele>45.7</ele>
        <time>2026-07-30T13:14:43.521Z</time>
      </trkpt>
      <trkpt lat="40.07690795456327" lon="116.33758547284688">
        <ele>45.6</ele>
        <time>2026-07-30T13:14:44.521Z</time>
      </trkpt>
      <trkpt lat="40.07691915586015" lon="116.33755304863051">
        <ele>45.6</ele>
        <time>2026-07-30T13:14:45.521Z</time>
      </trkpt>
      <trkpt lat="40.0769290532999" lon="116.3375205490423">
        <ele>45.6</ele>
        <time>2026-07-30T13:14:46.521Z</time>
      </trkpt>
      <trkpt lat="40.076937415492104" lon="116.33748822343074">
        <ele>45.6</ele>
        <time>2026-07-30T13:14:47.522Z</time>
      </trkpt>
      <trkpt lat="40.076944051251644" lon="116.33745596440133">
        <ele>45.6</ele>
        <time>2026-07-30T13:14:48.521Z</time>
      </trkpt>
      <trkpt lat="40.07694892601841" lon="116.33742333056391">
        <ele>45.5</ele>
        <time>2026-07-30T13:14:49.521Z</time>
      </trkpt>
      <trkpt lat="40.076952115809654" lon="116.33739013777847">
        <ele>45.5</ele>
        <time>2026-07-30T13:14:50.522Z</time>
      </trkpt>
      <trkpt lat="40.076953624728134" lon="116.3373565944521">
        <ele>45.5</ele>
        <time>2026-07-30T13:14:51.522Z</time>
      </trkpt>
      <trkpt lat="40.0769531217603" lon="116.33732287153141">
        <ele>45.5</ele>
        <time>2026-07-30T13:14:52.522Z</time>
      </trkpt>
      <trkpt lat="40.07695063376422" lon="116.33728926236861">
        <ele>45.4</ele>
        <time>2026-07-30T13:14:53.521Z</time>
      </trkpt>
      <trkpt lat="40.07694639723584" lon="116.33725618328641">
        <ele>45.4</ele>
        <time>2026-07-30T13:14:54.521Z</time>
      </trkpt>
      <trkpt lat="40.07694032057273" lon="116.33722391768947">
        <ele>45.4</ele>
        <time>2026-07-30T13:14:55.522Z</time>
      </trkpt>
      <trkpt lat="40.07693220356816" lon="116.33719244423261">
        <ele>45.4</ele>
        <time>2026-07-30T13:14:56.521Z</time>
      </trkpt>
      <trkpt lat="40.07692195071344" lon="116.33716156464277">
        <ele>45.4</ele>
        <time>2026-07-30T13:14:57.521Z</time>
      </trkpt>
      <trkpt lat="40.07690960305245" lon="116.33713131181308">
        <ele>45.3</ele>
        <time>2026-07-30T13:14:58.521Z</time>
      </trkpt>
      <trkpt lat="40.07689538259861" lon="116.337101978789">
        <ele>45.3</ele>
        <time>2026-07-30T13:14:59.521Z</time>
      </trkpt>
      <trkpt lat="40.0768795775102" lon="116.33707382513218">
        <ele>45.3</ele>
        <time>2026-07-30T13:15:00.522Z</time>
      </trkpt>
      <trkpt lat="40.07686221732076" lon="116.33704710889485">
        <ele>45.3</ele>
        <time>2026-07-30T13:15:01.521Z</time>
      </trkpt>
      <trkpt lat="40.07684330660763" lon="116.33702215403667">
        <ele>45.3</ele>
        <time>2026-07-30T13:15:02.522Z</time>
      </trkpt>
      <trkpt lat="40.0768230305457" lon="116.33699942117165">
        <ele>45.3</ele>
        <time>2026-07-30T13:15:03.521Z</time>
      </trkpt>
      <trkpt lat="40.076801477192866" lon="116.33697924779247">
        <ele>45.3</ele>
        <time>2026-07-30T13:15:04.521Z</time>
      </trkpt>
      <trkpt lat="40.076778763050434" lon="116.33696162704727">
        <ele>45.3</ele>
        <time>2026-07-30T13:15:05.521Z</time>
      </trkpt>
      <trkpt lat="40.07675511072719" lon="116.3369464830182">
        <ele>45.3</ele>
        <time>2026-07-30T13:15:06.521Z</time>
      </trkpt>
      <trkpt lat="40.07673071197614" lon="116.33693359678838">
        <ele>45.4</ele>
        <time>2026-07-30T13:15:07.522Z</time>
      </trkpt>
      <trkpt lat="40.07670579401385" lon="116.33692299596134">
        <ele>45.4</ele>
        <time>2026-07-30T13:15:08.521Z</time>
      </trkpt>
      <trkpt lat="40.07668083910349" lon="116.33691473428229">
        <ele>45.4</ele>
        <time>2026-07-30T13:15:09.521Z</time>
      </trkpt>
      <trkpt lat="40.07665643822622" lon="116.33690893300195">
        <ele>45.4</ele>
        <time>2026-07-30T13:15:10.521Z</time>
      </trkpt>
      <trkpt lat="40.07663285651827" lon="116.3369056306676">
        <ele>45.5</ele>
        <time>2026-07-30T13:15:11.521Z</time>
      </trkpt>
      <trkpt lat="40.076610139026506" lon="116.33690394301753">
        <ele>45.5</ele>
        <time>2026-07-30T13:15:12.521Z</time>
      </trkpt>
      <trkpt lat="40.07658809354694" lon="116.33690283119145">
        <ele>45.6</ele>
        <time>2026-07-30T13:15:13.522Z</time>
      </trkpt>
      <trkpt lat="40.076566303511036" lon="116.33690200713743">
        <ele>45.6</ele>
        <time>2026-07-30T13:15:14.521Z</time>
      </trkpt>
      <trkpt lat="40.07654426223348" lon="116.33690156463233">
        <ele>45.6</ele>
        <time>2026-07-30T13:15:15.522Z</time>
      </trkpt>
      <trkpt lat="40.07652160061254" lon="116.3369014713282">
        <ele>45.7</ele>
        <time>2026-07-30T13:15:16.521Z</time>
      </trkpt>
      <trkpt lat="40.07649799940401" lon="116.3369013974913">
        <ele>45.7</ele>
        <time>2026-07-30T13:15:17.522Z</time>
      </trkpt>
      <trkpt lat="40.07647353427988" lon="116.33690113362927">
        <ele>45.7</ele>
        <time>2026-07-30T13:15:18.521Z</time>
      </trkpt>
      <trkpt lat="40.076448195751524" lon="116.33690076667695">
        <ele>45.7</ele>
        <time>2026-07-30T13:15:19.521Z</time>
      </trkpt>
      <trkpt lat="40.076421882363384" lon="116.33690036002284">
        <ele>45.8</ele>
        <time>2026-07-30T13:15:20.521Z</time>
      </trkpt>
      <trkpt lat="40.07639462397301" lon="116.33689993822881">
        <ele>45.8</ele>
        <time>2026-07-30T13:15:21.521Z</time>
      </trkpt>
      <trkpt lat="40.07636661345656" lon="116.33689969572193">
        <ele>45.8</ele>
        <time>2026-07-30T13:15:22.521Z</time>
      </trkpt>
      <trkpt lat="40.07633818374216" lon="116.33689970905995">
        <ele>45.8</ele>
        <time>2026-07-30T13:15:23.521Z</time>
      </trkpt>
      <trkpt lat="40.07630955320143" lon="116.33689995969326">
        <ele>45.8</ele>
        <time>2026-07-30T13:15:24.521Z</time>
      </trkpt>
      <trkpt lat="40.07628063649661" lon="116.33690073143858">
        <ele>45.8</ele>
        <time>2026-07-30T13:15:25.521Z</time>
      </trkpt>
      <trkpt lat="40.07625167803581" lon="116.3369023932756">
        <ele>45.7</ele>
        <time>2026-07-30T13:15:26.521Z</time>
      </trkpt>
      <trkpt lat="40.07622304892163" lon="116.33690476872982">
        <ele>45.7</ele>
        <time>2026-07-30T13:15:27.521Z</time>
      </trkpt>
      <trkpt lat="40.07619487289316" lon="116.33690696596116">
        <ele>45.7</ele>
        <time>2026-07-30T13:15:28.521Z</time>
      </trkpt>
      <trkpt lat="40.07616718851123" lon="116.33690849878461">
        <ele>45.7</ele>
        <time>2026-07-30T13:15:29.521Z</time>
      </trkpt>
      <trkpt lat="40.07613998332864" lon="116.33690956182005">
        <ele>45.7</ele>
        <time>2026-07-30T13:15:30.521Z</time>
      </trkpt>
      <trkpt lat="40.076113151359934" lon="116.33691024232395">
        <ele>45.7</ele>
        <time>2026-07-30T13:15:31.521Z</time>
      </trkpt>
      <trkpt lat="40.07608667951656" lon="116.33691043625016">
        <ele>45.7</ele>
        <time>2026-07-30T13:15:32.521Z</time>
      </trkpt>
      <trkpt lat="40.07606048783156" lon="116.33691008483594">
        <ele>45.6</ele>
        <time>2026-07-30T13:15:33.521Z</time>
      </trkpt>
      <trkpt lat="40.07603456604315" lon="116.3369093050148">
        <ele>45.6</ele>
        <time>2026-07-30T13:15:34.521Z</time>
      </trkpt>
      <trkpt lat="40.07600910567394" lon="116.33690815694084">
        <ele>45.6</ele>
        <time>2026-07-30T13:15:35.521Z</time>
      </trkpt>
      <trkpt lat="40.075984137574316" lon="116.3369067025033">
        <ele>45.6</ele>
        <time>2026-07-30T13:15:36.521Z</time>
      </trkpt>
      <trkpt lat="40.07595964471829" lon="116.33690517488748">
        <ele>45.6</ele>
        <time>2026-07-30T13:15:37.521Z</time>
      </trkpt>
      <trkpt lat="40.07593544505358" lon="116.33690391293658">
        <ele>45.6</ele>
        <time>2026-07-30T13:15:38.521Z</time>
      </trkpt>
      <trkpt lat="40.075911303732354" lon="116.33690313217686">
        <ele>45.6</ele>
        <time>2026-07-30T13:15:39.521Z</time>
      </trkpt>
      <trkpt lat="40.075887163966925" lon="116.33690283392671">
        <ele>45.6</ele>
        <time>2026-07-30T13:15:40.521Z</time>
      </trkpt>
      <trkpt lat="40.075863061133425" lon="116.33690318748722">
        <ele>45.6</ele>
        <time>2026-07-30T13:15:41.521Z</time>
      </trkpt>
      <trkpt lat="40.075838915451634" lon="116.33690458830067">
        <ele>45.6</ele>
        <time>2026-07-30T13:15:42.521Z</time>
      </trkpt>
      <trkpt lat="40.07581439337135" lon="116.33690759109533">
        <ele>45.7</ele>
        <time>2026-07-30T13:15:43.521Z</time>
      </trkpt>
      <trkpt lat="40.075789234864025" lon="116.33691268230444">
        <ele>45.7</ele>
        <time>2026-07-30T13:15:44.521Z</time>
      </trkpt>
      <trkpt lat="40.07576361976911" lon="116.33692000725874">
        <ele>45.7</ele>
        <time>2026-07-30T13:15:45.521Z</time>
      </trkpt>
      <trkpt lat="40.075737911548295" lon="116.33692939870333">
        <ele>45.7</ele>
        <time>2026-07-30T13:15:46.521Z</time>
      </trkpt>
      <trkpt lat="40.07571262966847" lon="116.33694074386544">
        <ele>45.8</ele>
        <time>2026-07-30T13:15:47.521Z</time>
      </trkpt>
      <trkpt lat="40.075688242570116" lon="116.33695407475484">
        <ele>45.8</ele>
        <time>2026-07-30T13:15:48.521Z</time>
      </trkpt>
      <trkpt lat="40.075665055363054" lon="116.3369693353066">
        <ele>45.9</ele>
        <time>2026-07-30T13:15:49.521Z</time>
      </trkpt>
      <trkpt lat="40.075643225441404" lon="116.33698661780629">
        <ele>45.9</ele>
        <time>2026-07-30T13:15:50.521Z</time>
      </trkpt>
      <trkpt lat="40.07562286586194" lon="116.33700619673978">
        <ele>46.0</ele>
        <time>2026-07-30T13:15:51.520Z</time>
      </trkpt>
      <trkpt lat="40.07560378513625" lon="116.33702832191187">
        <ele>46.0</ele>
        <time>2026-07-30T13:15:52.521Z</time>
      </trkpt>
      <trkpt lat="40.07558577558823" lon="116.33705292305604">
        <ele>46.1</ele>
        <time>2026-07-30T13:15:53.521Z</time>
      </trkpt>
      <trkpt lat="40.07556882345298" lon="116.33708000612037">
        <ele>46.1</ele>
        <time>2026-07-30T13:15:54.521Z</time>
      </trkpt>
      <trkpt lat="40.075553332745606" lon="116.33710963388624">
        <ele>46.2</ele>
        <time>2026-07-30T13:15:55.521Z</time>
      </trkpt>
      <trkpt lat="40.07553965424283" lon="116.33714168054576">
        <ele>46.2</ele>
        <time>2026-07-30T13:15:56.521Z</time>
      </trkpt>
      <trkpt lat="40.075527921796905" lon="116.33717574114446">
        <ele>46.2</ele>
        <time>2026-07-30T13:15:57.521Z</time>
      </trkpt>
      <trkpt lat="40.07551812288093" lon="116.33721144498324">
        <ele>46.2</ele>
        <time>2026-07-30T13:15:58.521Z</time>
      </trkpt>
      <trkpt lat="40.07551034590932" lon="116.33724815611">
        <ele>46.2</ele>
        <time>2026-07-30T13:15:59.521Z</time>
      </trkpt>
      <trkpt lat="40.07550469621285" lon="116.33728517377459">
        <ele>46.1</ele>
        <time>2026-07-30T13:16:00.521Z</time>
      </trkpt>
      <trkpt lat="40.075501217165375" lon="116.33732180334258">
        <ele>46.1</ele>
        <time>2026-07-30T13:16:01.521Z</time>
      </trkpt>
      <trkpt lat="40.075499805198554" lon="116.33735772139072">
        <ele>46.0</ele>
        <time>2026-07-30T13:16:02.521Z</time>
      </trkpt>
      <trkpt lat="40.07550027607273" lon="116.3373928206679">
        <ele>46.0</ele>
        <time>2026-07-30T13:16:03.521Z</time>
      </trkpt>
      <trkpt lat="40.07550254936866" lon="116.3374271105201">
        <ele>45.9</ele>
        <time>2026-07-30T13:16:04.521Z</time>
      </trkpt>
      <trkpt lat="40.075506697307695" lon="116.33746056025142">
        <ele>45.8</ele>
        <time>2026-07-30T13:16:05.521Z</time>
      </trkpt>
      <trkpt lat="40.07551274572836" lon="116.33749293764026">
        <ele>45.7</ele>
        <time>2026-07-30T13:16:06.521Z</time>
      </trkpt>
      <trkpt lat="40.075520590728274" lon="116.33752405336108">
        <ele>45.7</ele>
        <time>2026-07-30T13:16:07.521Z</time>
      </trkpt>
      <trkpt lat="40.075530271714825" lon="116.33755423767637">
        <ele>45.6</ele>
        <time>2026-07-30T13:16:08.521Z</time>
      </trkpt>
      <trkpt lat="40.07554202380518" lon="116.33758412666555">
        <ele>45.5</ele>
        <time>2026-07-30T13:16:09.521Z</time>
      </trkpt>
      <trkpt lat="40.075556116744295" lon="116.33761410023635">
        <ele>45.5</ele>
        <time>2026-07-30T13:16:10.521Z</time>
      </trkpt>
      <trkpt lat="40.075572667112276" lon="116.33764408536776">
        <ele>45.4</ele>
        <time>2026-07-30T13:16:11.521Z</time>
      </trkpt>
      <trkpt lat="40.07559136432615" lon="116.33767354565045">
        <ele>45.4</ele>
        <time>2026-07-30T13:16:12.521Z</time>
      </trkpt>
      <trkpt lat="40.0756117527512" lon="116.33770186896584">
        <ele>45.3</ele>
        <time>2026-07-30T13:16:13.521Z</time>
      </trkpt>
      <trkpt lat="40.07563344856617" lon="116.33772830193391">
        <ele>45.3</ele>
        <time>2026-07-30T13:16:14.521Z</time>
      </trkpt>
      <trkpt lat="40.075656136789846" lon="116.33775217455945">
        <ele>45.3</ele>
        <time>2026-07-30T13:16:15.521Z</time>
      </trkpt>
      <trkpt lat="40.07567947025536" lon="116.33777329027913">
        <ele>45.3</ele>
        <time>2026-07-30T13:16:16.521Z</time>
      </trkpt>
      <trkpt lat="40.07570317079169" lon="116.33779179092508">
        <ele>45.3</ele>
        <time>2026-07-30T13:16:17.521Z</time>
      </trkpt>
      <trkpt lat="40.075727293122746" lon="116.33780765490121">
        <ele>45.3</ele>
        <time>2026-07-30T13:16:18.521Z</time>
      </trkpt>
      <trkpt lat="40.07575205053343" lon="116.33782051166338">
        <ele>45.3</ele>
        <time>2026-07-30T13:16:19.521Z</time>
      </trkpt>
      <trkpt lat="40.07577766938549" lon="116.33783049726459">
        <ele>45.3</ele>
        <time>2026-07-30T13:16:20.521Z</time>
      </trkpt>
      <trkpt lat="40.07580407929943" lon="116.33783842289178">
        <ele>45.3</ele>
        <time>2026-07-30T13:16:21.521Z</time>
      </trkpt>
      <trkpt lat="40.07583102104437" lon="116.33784468102685">
        <ele>45.3</ele>
        <time>2026-07-30T13:16:22.521Z</time>
      </trkpt>
      <trkpt lat="40.07585810547949" lon="116.33784949153227">
        <ele>45.3</ele>
        <time>2026-07-30T13:16:23.521Z</time>
      </trkpt>
      <trkpt lat="40.07588504179035" lon="116.33785322311499">
        <ele>45.3</ele>
        <time>2026-07-30T13:16:24.521Z</time>
      </trkpt>
      <trkpt lat="40.07591172497296" lon="116.33785596752558">
        <ele>45.3</ele>
        <time>2026-07-30T13:16:25.521Z</time>
      </trkpt>
      <trkpt lat="40.07593817589269" lon="116.33785768759657">
        <ele>45.4</ele>
        <time>2026-07-30T13:16:26.521Z</time>
      </trkpt>
      <trkpt lat="40.075964303079445" lon="116.3378586720686">
        <ele>45.4</ele>
        <time>2026-07-30T13:16:27.521Z</time>
      </trkpt>
      <trkpt lat="40.075990211340724" lon="116.33785941977484">
        <ele>45.4</ele>
        <time>2026-07-30T13:16:28.521Z</time>
      </trkpt>
      <trkpt lat="40.076015886079674" lon="116.33786008827887">
        <ele>45.4</ele>
        <time>2026-07-30T13:16:29.521Z</time>
      </trkpt>
      <trkpt lat="40.076041172856804" lon="116.33786056855212">
        <ele>45.4</ele>
        <time>2026-07-30T13:16:30.521Z</time>
      </trkpt>
      <trkpt lat="40.07606618383837" lon="116.3378608543519">
        <ele>45.4</ele>
        <time>2026-07-30T13:16:31.521Z</time>
      </trkpt>
      <trkpt lat="40.076091285422315" lon="116.33786082366863">
        <ele>45.4</ele>
        <time>2026-07-30T13:16:32.521Z</time>
      </trkpt>
      <trkpt lat="40.07611653654981" lon="116.337860290276">
        <ele>45.4</ele>
        <time>2026-07-30T13:16:33.521Z</time>
      </trkpt>
      <trkpt lat="40.07614183344418" lon="116.33785934686584">
        <ele>45.4</ele>
        <time>2026-07-30T13:16:34.521Z</time>
      </trkpt>
      <trkpt lat="40.07616711846824" lon="116.33785805329126">
        <ele>45.4</ele>
        <time>2026-07-30T13:16:35.521Z</time>
      </trkpt>
      <trkpt lat="40.07619236424688" lon="116.33785578080219">
        <ele>45.4</ele>
        <time>2026-07-30T13:16:36.521Z</time>
      </trkpt>
      <trkpt lat="40.07621755035412" lon="116.33785249888383">
        <ele>45.4</ele>
        <time>2026-07-30T13:16:37.521Z</time>
      </trkpt>
      <trkpt lat="40.07624253595098" lon="116.33784909422516">
        <ele>45.4</ele>
        <time>2026-07-30T13:16:38.521Z</time>
        <extensions>
  <gpxtpx:TrackPointExtension>
    <gpxtpx:hr>174</gpxtpx:hr>
  </gpxtpx:TrackPointExtension>
</extensions>
      </trkpt>
      <trkpt lat="40.07626728640295" lon="116.3378458090438">
        <ele>45.3</ele>
        <time>2026-07-30T13:16:39.521Z</time>
        <extensions>
  <gpxtpx:TrackPointExtension>
    <gpxtpx:hr>174</gpxtpx:hr>
  </gpxtpx:TrackPointExtension>
</extensions>
      </trkpt>
      <trkpt lat="40.07629192452425" lon="116.33784248396371">
        <ele>45.3</ele>
        <time>2026-07-30T13:16:40.521Z</time>
        <extensions>
  <gpxtpx:TrackPointExtension>
    <gpxtpx:hr>174</gpxtpx:hr>
  </gpxtpx:TrackPointExtension>
</extensions>
      </trkpt>
      <trkpt lat="40.07631652973141" lon="116.33783907009507">
        <ele>45.3</ele>
        <time>2026-07-30T13:16:41.521Z</time>
        <extensions>
  <gpxtpx:TrackPointExtension>
    <gpxtpx:hr>174</gpxtpx:hr>
  </gpxtpx:TrackPointExtension>
</extensions>
      </trkpt>
      <trkpt lat="40.0763412525212" lon="116.33783548632857">
        <ele>45.2</ele>
        <time>2026-07-30T13:16:42.521Z</time>
        <extensions>
  <gpxtpx:TrackPointExtension>
    <gpxtpx:hr>174</gpxtpx:hr>
  </gpxtpx:TrackPointExtension>
</extensions>
      </trkpt>
      <trkpt lat="40.07636629142109" lon="116.33783122026848">
        <ele>45.2</ele>
        <time>2026-07-30T13:16:43.521Z</time>
        <extensions>
  <gpxtpx:TrackPointExtension>
    <gpxtpx:hr>174</gpxtpx:hr>
  </gpxtpx:TrackPointExtension>
</extensions>
      </trkpt>
      <trkpt lat="40.076391726516974" lon="116.33782662141815">
        <ele>45.2</ele>
        <time>2026-07-30T13:16:44.521Z</time>
        <extensions>
  <gpxtpx:TrackPointExtension>
    <gpxtpx:hr>174</gpxtpx:hr>
  </gpxtpx:TrackPointExtension>
</extensions>
      </trkpt>
      <trkpt lat="40.076417622068256" lon="116.33782226974193">
        <ele>45.1</ele>
        <time>2026-07-30T13:16:45.521Z</time>
        <extensions>
  <gpxtpx:TrackPointExtension>
    <gpxtpx:hr>174</gpxtpx:hr>
  </gpxtpx:TrackPointExtension>
</extensions>
      </trkpt>
      <trkpt lat="40.076443811221026" lon="116.33781806868956">
        <ele>45.1</ele>
        <time>2026-07-30T13:16:46.521Z</time>
        <extensions>
  <gpxtpx:TrackPointExtension>
    <gpxtpx:hr>174</gpxtpx:hr>
  </gpxtpx:TrackPointExtension>
</extensions>
      </trkpt>
      <trkpt lat="40.076469830971575" lon="116.337814260171">
        <ele>45.1</ele>
        <time>2026-07-30T13:16:47.521Z</time>
        <extensions>
  <gpxtpx:TrackPointExtension>
    <gpxtpx:hr>174</gpxtpx:hr>
  </gpxtpx:TrackPointExtension>
</extensions>
      </trkpt>
      <trkpt lat="40.07649535000106" lon="116.33781104833197">
        <ele>45.1</ele>
        <time>2026-07-30T13:16:48.521Z</time>
      </trkpt>
      <trkpt lat="40.076520589796715" lon="116.33780814927043">
        <ele>45.0</ele>
        <time>2026-07-30T13:16:49.521Z</time>
      </trkpt>
      <trkpt lat="40.07654597793058" lon="116.33780540499933">
        <ele>45.0</ele>
        <time>2026-07-30T13:16:50.521Z</time>
      </trkpt>
      <trkpt lat="40.076571891574126" lon="116.33780280500142">
        <ele>45.0</ele>
        <time>2026-07-30T13:16:51.521Z</time>
      </trkpt>
      <trkpt lat="40.076598475046865" lon="116.33780019937976">
        <ele>45.0</ele>
        <time>2026-07-30T13:16:52.521Z</time>
      </trkpt>
      <trkpt lat="40.07662539995883" lon="116.33779732041786">
        <ele>44.9</ele>
        <time>2026-07-30T13:16:53.521Z</time>
      </trkpt>
      <trkpt lat="40.076652253698676" lon="116.33779370165841">
        <ele>44.9</ele>
        <time>2026-07-30T13:16:54.521Z</time>
      </trkpt>
      <trkpt lat="40.07667862027581" lon="116.33778884160131">
        <ele>44.9</ele>
        <time>2026-07-30T13:16:55.521Z</time>
      </trkpt>
      <trkpt lat="40.07670411302014" lon="116.33778225408484">
        <ele>44.9</ele>
        <time>2026-07-30T13:16:56.521Z</time>
      </trkpt>
      <trkpt lat="40.07672863315563" lon="116.33777359968266">
        <ele>44.9</ele>
        <time>2026-07-30T13:16:57.521Z</time>
      </trkpt>
      <trkpt lat="40.076752113197266" lon="116.33776279820518">
        <ele>44.9</ele>
        <time>2026-07-30T13:16:58.521Z</time>
      </trkpt>
      <trkpt lat="40.07677455644405" lon="116.3377499100317">
        <ele>44.9</ele>
        <time>2026-07-30T13:16:59.521Z</time>
      </trkpt>
      <trkpt lat="40.07679607383416" lon="116.33773466121326">
        <ele>44.9</ele>
        <time>2026-07-30T13:17:00.521Z</time>
      </trkpt>
      <trkpt lat="40.07681679558116" lon="116.33771683758029">
        <ele>44.9</ele>
        <time>2026-07-30T13:17:01.521Z</time>
      </trkpt>
      <trkpt lat="40.07683684966328" lon="116.33769642191079">
        <ele>44.9</ele>
        <time>2026-07-30T13:17:02.521Z</time>
      </trkpt>
      <trkpt lat="40.0768561694974" lon="116.33767317412303">
        <ele>44.9</ele>
        <time>2026-07-30T13:17:03.521Z</time>
      </trkpt>
      <trkpt lat="40.07687467543136" lon="116.33764735917009">
        <ele>44.9</ele>
        <time>2026-07-30T13:17:04.521Z</time>
      </trkpt>
      <trkpt lat="40.076892139453946" lon="116.33761946462873">
        <ele>44.9</ele>
        <time>2026-07-30T13:17:05.521Z</time>
      </trkpt>
      <trkpt lat="40.07690812499255" lon="116.33758965516273">
        <ele>44.9</ele>
        <time>2026-07-30T13:17:06.521Z</time>
      </trkpt>
      <trkpt lat="40.0769224721515" lon="116.33755826693395">
        <ele>44.9</ele>
        <time>2026-07-30T13:17:07.521Z</time>
      </trkpt>
      <trkpt lat="40.076935126607744" lon="116.33752566090682">
        <ele>44.9</ele>
        <time>2026-07-30T13:17:08.521Z</time>
      </trkpt>
      <trkpt lat="40.07694587565051" lon="116.33749200365762">
        <ele>44.9</ele>
        <time>2026-07-30T13:17:09.521Z</time>
      </trkpt>
      <trkpt lat="40.07695485252941" lon="116.33745762917151">
        <ele>44.9</ele>
        <time>2026-07-30T13:17:10.521Z</time>
      </trkpt>
      <trkpt lat="40.0769620968132" lon="116.33742307361939">
        <ele>44.9</ele>
        <time>2026-07-30T13:17:11.521Z</time>
      </trkpt>
      <trkpt lat="40.07696731973193" lon="116.33738862639294">
        <ele>44.9</ele>
        <time>2026-07-30T13:17:12.521Z</time>
      </trkpt>
      <trkpt lat="40.07697035089928" lon="116.33735467894182">
        <ele>44.9</ele>
        <time>2026-07-30T13:17:13.521Z</time>
      </trkpt>
      <trkpt lat="40.07697103180191" lon="116.33732145787012">
        <ele>45.0</ele>
        <time>2026-07-30T13:17:14.521Z</time>
      </trkpt>
      <trkpt lat="40.07696950893959" lon="116.33728907353908">
        <ele>45.0</ele>
        <time>2026-07-30T13:17:15.521Z</time>
      </trkpt>
      <trkpt lat="40.076966099346194" lon="116.33725785603849">
        <ele>45.0</ele>
        <time>2026-07-30T13:17:16.521Z</time>
      </trkpt>
      <trkpt lat="40.07696091578782" lon="116.33722792859633">
        <ele>45.0</ele>
        <time>2026-07-30T13:17:17.521Z</time>
      </trkpt>
      <trkpt lat="40.07695401675828" lon="116.33719921509591">
        <ele>45.1</ele>
        <time>2026-07-30T13:17:18.521Z</time>
      </trkpt>
      <trkpt lat="40.07694533554302" lon="116.33717168376658">
        <ele>45.1</ele>
        <time>2026-07-30T13:17:19.521Z</time>
      </trkpt>
      <trkpt lat="40.076934549974716" lon="116.3371447019744">
        <ele>45.1</ele>
        <time>2026-07-30T13:17:20.521Z</time>
      </trkpt>
      <trkpt lat="40.07692133816345" lon="116.33711733460572">
        <ele>45.1</ele>
        <time>2026-07-30T13:17:21.521Z</time>
      </trkpt>
      <trkpt lat="40.076905734611984" lon="116.3370894271428">
        <ele>45.1</ele>
        <time>2026-07-30T13:17:22.521Z</time>
      </trkpt>
      <trkpt lat="40.07688814731671" lon="116.33706174534734">
        <ele>45.1</ele>
        <time>2026-07-30T13:17:23.521Z</time>
      </trkpt>
      <trkpt lat="40.076869065416645" lon="116.33703526638018">
        <ele>45.1</ele>
        <time>2026-07-30T13:17:24.521Z</time>
      </trkpt>
      <trkpt lat="40.07684883702972" lon="116.33701060885859">
        <ele>45.1</ele>
        <time>2026-07-30T13:17:25.521Z</time>
      </trkpt>
      <trkpt lat="40.076827725785904" lon="116.3369882378296">
        <ele>45.1</ele>
        <time>2026-07-30T13:17:26.520Z</time>
      </trkpt>
      <trkpt lat="40.07680590539889" lon="116.33696836818099">
        <ele>45.1</ele>
        <time>2026-07-30T13:17:27.521Z</time>
      </trkpt>
      <trkpt lat="40.07678359473309" lon="116.33695085342396">
        <ele>45.1</ele>
        <time>2026-07-30T13:17:28.521Z</time>
      </trkpt>
      <trkpt lat="40.0767609807617" lon="116.33693551943084">
        <ele>45.1</ele>
        <time>2026-07-30T13:17:29.521Z</time>
      </trkpt>
      <trkpt lat="40.07673814145782" lon="116.33692231478953">
        <ele>45.1</ele>
        <time>2026-07-30T13:17:30.521Z</time>
      </trkpt>
      <trkpt lat="40.0767152057878" lon="116.3369111000291">
        <ele>45.1</ele>
        <time>2026-07-30T13:17:31.521Z</time>
      </trkpt>
      <trkpt lat="40.07669230410559" lon="116.33690203702204">
        <ele>45.2</ele>
        <time>2026-07-30T13:17:32.521Z</time>
      </trkpt>
      <trkpt lat="40.076669191395254" lon="116.3368951315909">
        <ele>45.2</ele>
        <time>2026-07-30T13:17:33.521Z</time>
      </trkpt>
      <trkpt lat="40.076645648209194" lon="116.33689008864313">
        <ele>45.2</ele>
        <time>2026-07-30T13:17:34.521Z</time>
      </trkpt>
      <trkpt lat="40.07662157519857" lon="116.33688665323366">
        <ele>45.2</ele>
        <time>2026-07-30T13:17:35.521Z</time>
      </trkpt>
      <trkpt lat="40.076597232969526" lon="116.33688459361835">
        <ele>45.3</ele>
        <time>2026-07-30T13:17:36.521Z</time>
      </trkpt>
      <trkpt lat="40.07657278852924" lon="116.33688348281451">
        <ele>45.3</ele>
        <time>2026-07-30T13:17:37.521Z</time>
      </trkpt>
      <trkpt lat="40.07654828734569" lon="116.33688289383917">
        <ele>45.3</ele>
        <time>2026-07-30T13:17:38.521Z</time>
      </trkpt>
      <trkpt lat="40.076523579104325" lon="116.33688276239741">
        <ele>45.3</ele>
        <time>2026-07-30T13:17:39.521Z</time>
      </trkpt>
      <trkpt lat="40.07649811361764" lon="116.33688301951767">
        <ele>45.4</ele>
        <time>2026-07-30T13:17:40.520Z</time>
      </trkpt>
      <trkpt lat="40.076471764360896" lon="116.3368833734713">
        <ele>45.4</ele>
        <time>2026-07-30T13:17:41.521Z</time>
      </trkpt>
      <trkpt lat="40.07644497735433" lon="116.33688376387072">
        <ele>45.4</ele>
        <time>2026-07-30T13:17:42.521Z</time>
      </trkpt>
      <trkpt lat="40.076418179502966" lon="116.33688415085759">
        <ele>45.4</ele>
        <time>2026-07-30T13:17:43.521Z</time>
      </trkpt>
      <trkpt lat="40.076391804487585" lon="116.33688432352656">
        <ele>45.4</ele>
        <time>2026-07-30T13:17:44.521Z</time>
      </trkpt>
      <trkpt lat="40.07636586816469" lon="116.33688430311356">
        <ele>45.4</ele>
        <time>2026-07-30T13:17:45.521Z</time>
      </trkpt>
      <trkpt lat="40.076339951367984" lon="116.33688431620658">
        <ele>45.4</ele>
        <time>2026-07-30T13:17:46.521Z</time>
      </trkpt>
      <trkpt lat="40.076313754069524" lon="116.33688425533178">
        <ele>45.4</ele>
        <time>2026-07-30T13:17:47.520Z</time>
      </trkpt>
      <trkpt lat="40.076287156822445" lon="116.33688390640303">
        <ele>45.5</ele>
        <time>2026-07-30T13:17:48.521Z</time>
      </trkpt>
      <trkpt lat="40.07626019471871" lon="116.33688340091084">
        <ele>45.5</ele>
        <time>2026-07-30T13:17:49.521Z</time>
      </trkpt>
      <trkpt lat="40.07623303694843" lon="116.33688290624855">
        <ele>45.5</ele>
        <time>2026-07-30T13:17:50.521Z</time>
      </trkpt>
      <trkpt lat="40.07620588295294" lon="116.33688259060479">
        <ele>45.5</ele>
        <time>2026-07-30T13:17:51.520Z</time>
      </trkpt>
      <trkpt lat="40.07617866594534" lon="116.33688254037536">
        <ele>45.5</ele>
        <time>2026-07-30T13:17:52.521Z</time>
      </trkpt>
      <trkpt lat="40.07615126628208" lon="116.33688285415292">
        <ele>45.5</ele>
        <time>2026-07-30T13:17:53.521Z</time>
      </trkpt>
      <trkpt lat="40.076123350041776" lon="116.3368836174784">
        <ele>45.5</ele>
        <time>2026-07-30T13:17:54.521Z</time>
      </trkpt>
      <trkpt lat="40.076094828702544" lon="116.33688479443634">
        <ele>45.5</ele>
        <time>2026-07-30T13:17:55.521Z</time>
      </trkpt>
      <trkpt lat="40.07606599656757" lon="116.33688606821418">
        <ele>45.5</ele>
        <time>2026-07-30T13:17:56.521Z</time>
      </trkpt>
      <trkpt lat="40.076037345344325" lon="116.33688724063694">
        <ele>45.5</ele>
        <time>2026-07-30T13:17:57.521Z</time>
      </trkpt>
      <trkpt lat="40.076009084494835" lon="116.3368882475515">
        <ele>45.5</ele>
        <time>2026-07-30T13:17:58.521Z</time>
      </trkpt>
      <trkpt lat="40.07598143488456" lon="116.33688892276794">
        <ele>45.5</ele>
        <time>2026-07-30T13:17:59.521Z</time>
      </trkpt>
      <trkpt lat="40.0759545245935" lon="116.3368893156596">
        <ele>45.6</ele>
        <time>2026-07-30T13:18:00.521Z</time>
      </trkpt>
      <trkpt lat="40.075928461488786" lon="116.33688963571251">
        <ele>45.6</ele>
        <time>2026-07-30T13:18:01.520Z</time>
      </trkpt>
      <trkpt lat="40.075903072497056" lon="116.33688996620548">
        <ele>45.6</ele>
        <time>2026-07-30T13:18:02.521Z</time>
      </trkpt>
      <trkpt lat="40.07587829073404" lon="116.33689026110615">
        <ele>45.6</ele>
        <time>2026-07-30T13:18:03.521Z</time>
      </trkpt>
      <trkpt lat="40.07585419678441" lon="116.33689081627087">
        <ele>45.6</ele>
        <time>2026-07-30T13:18:04.521Z</time>
      </trkpt>
      <trkpt lat="40.07583072550262" lon="116.33689196896559">
        <ele>45.7</ele>
        <time>2026-07-30T13:18:05.521Z</time>
      </trkpt>
      <trkpt lat="40.07580768366159" lon="116.33689408986562">
        <ele>45.7</ele>
        <time>2026-07-30T13:18:06.521Z</time>
      </trkpt>
      <trkpt lat="40.07578520497808" lon="116.3368976588914">
        <ele>45.7</ele>
        <time>2026-07-30T13:18:07.521Z</time>
      </trkpt>
      <trkpt lat="40.07576358595234" lon="116.33690294096675">
        <ele>45.7</ele>
        <time>2026-07-30T13:18:08.521Z</time>
      </trkpt>
      <trkpt lat="40.07574285635347" lon="116.33690998795976">
        <ele>45.8</ele>
        <time>2026-07-30T13:18:09.521Z</time>
      </trkpt>
      <trkpt lat="40.07572272100795" lon="116.33691891519541">
        <ele>45.8</ele>
        <time>2026-07-30T13:18:10.521Z</time>
      </trkpt>
      <trkpt lat="40.07570268756208" lon="116.33693013902221">
        <ele>45.8</ele>
        <time>2026-07-30T13:18:11.521Z</time>
      </trkpt>
      <trkpt lat="40.07568247599219" lon="116.33694423018895">
        <ele>45.8</ele>
        <time>2026-07-30T13:18:12.521Z</time>
      </trkpt>
      <trkpt lat="40.07566211544796" lon="116.33696175114005">
        <ele>45.8</ele>
        <time>2026-07-30T13:18:13.521Z</time>
      </trkpt>
      <trkpt lat="40.0756417962415" lon="116.33698272282679">
        <ele>45.9</ele>
        <time>2026-07-30T13:18:14.521Z</time>
      </trkpt>
      <trkpt lat="40.0756219561912" lon="116.33700671024512">
        <ele>45.9</ele>
        <time>2026-07-30T13:18:15.521Z</time>
      </trkpt>
      <trkpt lat="40.07560296984998" lon="116.33703320290269">
        <ele>45.9</ele>
        <time>2026-07-30T13:18:16.521Z</time>
      </trkpt>
      <trkpt lat="40.07558483203425" lon="116.33706154993266">
        <ele>45.9</ele>
        <time>2026-07-30T13:18:17.521Z</time>
      </trkpt>
      <trkpt lat="40.075568045174734" lon="116.33709149318751">
        <ele>45.9</ele>
        <time>2026-07-30T13:18:18.521Z</time>
      </trkpt>
      <trkpt lat="40.07555334860807" lon="116.33712299406889">
        <ele>45.9</ele>
        <time>2026-07-30T13:18:19.521Z</time>
      </trkpt>
      <trkpt lat="40.07554087954695" lon="116.33715582879887">
        <ele>45.9</ele>
        <time>2026-07-30T13:18:20.521Z</time>
      </trkpt>
      <trkpt lat="40.07553048670596" lon="116.3371899128337">
        <ele>46.0</ele>
        <time>2026-07-30T13:18:21.521Z</time>
      </trkpt>
      <trkpt lat="40.07552204366375" lon="116.33722520831843">
        <ele>46.0</ele>
        <time>2026-07-30T13:18:22.520Z</time>
      </trkpt>
      <trkpt lat="40.07551549414457" lon="116.3372616124457">
        <ele>46.0</ele>
        <time>2026-07-30T13:18:23.521Z</time>
      </trkpt>
      <trkpt lat="40.07551079075213" lon="116.337298852588">
        <ele>46.0</ele>
        <time>2026-07-30T13:18:24.521Z</time>
      </trkpt>
      <trkpt lat="40.075508003499195" lon="116.33733658741154">
        <ele>46.0</ele>
        <time>2026-07-30T13:18:25.521Z</time>
      </trkpt>
      <trkpt lat="40.07550736152493" lon="116.337374277192">
        <ele>46.0</ele>
        <time>2026-07-30T13:18:26.521Z</time>
      </trkpt>
      <trkpt lat="40.07550905947671" lon="116.33741147174085">
        <ele>45.9</ele>
        <time>2026-07-30T13:18:27.521Z</time>
      </trkpt>
      <trkpt lat="40.075513126859214" lon="116.3374478449615">
        <ele>45.9</ele>
        <time>2026-07-30T13:18:28.521Z</time>
      </trkpt>
      <trkpt lat="40.07551954914421" lon="116.33748310463034">
        <ele>45.9</ele>
        <time>2026-07-30T13:18:29.521Z</time>
      </trkpt>
      <trkpt lat="40.07552848274056" lon="116.33751706220337">
        <ele>45.9</ele>
        <time>2026-07-30T13:18:30.520Z</time>
      </trkpt>
      <trkpt lat="40.07554014542535" lon="116.33755034460053">
        <ele>45.8</ele>
        <time>2026-07-30T13:18:31.521Z</time>
      </trkpt>
      <trkpt lat="40.075554225192434" lon="116.33758327527129">
        <ele>45.8</ele>
        <time>2026-07-30T13:18:32.521Z</time>
      </trkpt>
      <trkpt lat="40.075570133897244" lon="116.33761513587554">
        <ele>45.8</ele>
        <time>2026-07-30T13:18:33.520Z</time>
      </trkpt>
      <trkpt lat="40.075587599838" lon="116.33764511066482">
        <ele>45.7</ele>
        <time>2026-07-30T13:18:34.521Z</time>
      </trkpt>
      <trkpt lat="40.075606324093" lon="116.33767260193763">
        <ele>45.7</ele>
        <time>2026-07-30T13:18:35.521Z</time>
      </trkpt>
      <trkpt lat="40.075626023313156" lon="116.33769734026036">
        <ele>45.6</ele>
        <time>2026-07-30T13:18:36.521Z</time>
      </trkpt>
      <trkpt lat="40.07564679415577" lon="116.33771917412417">
        <ele>45.6</ele>
        <time>2026-07-30T13:18:37.521Z</time>
      </trkpt>
      <trkpt lat="40.07566877267321" lon="116.33773860424483">
        <ele>45.6</ele>
        <time>2026-07-30T13:18:38.521Z</time>
      </trkpt>
      <trkpt lat="40.07569171044062" lon="116.33775624020775">
        <ele>45.5</ele>
        <time>2026-07-30T13:18:39.520Z</time>
      </trkpt>
      <trkpt lat="40.07571542757508" lon="116.3377720246503">
        <ele>45.5</ele>
        <time>2026-07-30T13:18:40.521Z</time>
      </trkpt>
      <trkpt lat="40.07573972381804" lon="116.33778586162441">
        <ele>45.5</ele>
        <time>2026-07-30T13:18:41.521Z</time>
      </trkpt>
      <trkpt lat="40.07576453570471" lon="116.33779767189182">
        <ele>45.5</ele>
        <time>2026-07-30T13:18:42.521Z</time>
      </trkpt>
      <trkpt lat="40.07578993740995" lon="116.33780740882551">
        <ele>45.4</ele>
        <time>2026-07-30T13:18:43.520Z</time>
      </trkpt>
      <trkpt lat="40.07581587404431" lon="116.33781496475757">
        <ele>45.4</ele>
        <time>2026-07-30T13:18:44.520Z</time>
      </trkpt>
      <trkpt lat="40.07584233571413" lon="116.33782024401106">
        <ele>45.4</ele>
        <time>2026-07-30T13:18:45.520Z</time>
      </trkpt>
      <trkpt lat="40.07586901498145" lon="116.33782384070116">
        <ele>45.4</ele>
        <time>2026-07-30T13:18:46.521Z</time>
      </trkpt>
      <trkpt lat="40.07589545564562" lon="116.33782618951027">
        <ele>45.4</ele>
        <time>2026-07-30T13:18:47.520Z</time>
      </trkpt>
      <trkpt lat="40.07592163274794" lon="116.33782736047024">
        <ele>45.3</ele>
        <time>2026-07-30T13:18:48.521Z</time>
      </trkpt>
      <trkpt lat="40.07594763021387" lon="116.33782776774923">
        <ele>45.3</ele>
        <time>2026-07-30T13:18:49.520Z</time>
      </trkpt>
      <trkpt lat="40.07597341945966" lon="116.33782784128007">
        <ele>45.3</ele>
        <time>2026-07-30T13:18:50.521Z</time>
      </trkpt>
      <trkpt lat="40.07599893798196" lon="116.33782772897295">
        <ele>45.3</ele>
        <time>2026-07-30T13:18:51.521Z</time>
      </trkpt>
      <trkpt lat="40.07602430009205" lon="116.33782753411762">
        <ele>45.3</ele>
        <time>2026-07-30T13:18:52.521Z</time>
      </trkpt>
      <trkpt lat="40.076049654058785" lon="116.33782719897296">
        <ele>45.2</ele>
        <time>2026-07-30T13:18:53.521Z</time>
      </trkpt>
      <trkpt lat="40.07607519591518" lon="116.3378264001128">
        <ele>45.2</ele>
        <time>2026-07-30T13:18:54.521Z</time>
      </trkpt>
      <trkpt lat="40.076100987464855" lon="116.33782513483445">
        <ele>45.2</ele>
        <time>2026-07-30T13:18:55.521Z</time>
      </trkpt>
      <trkpt lat="40.076126807697136" lon="116.33782380994256">
        <ele>45.1</ele>
        <time>2026-07-30T13:18:56.521Z</time>
      </trkpt>
      <trkpt lat="40.07615235090269" lon="116.33782245953239">
        <ele>45.1</ele>
        <time>2026-07-30T13:18:57.521Z</time>
      </trkpt>
      <trkpt lat="40.0761777208304" lon="116.33782085691013">
        <ele>45.1</ele>
        <time>2026-07-30T13:18:58.521Z</time>
      </trkpt>
      <trkpt lat="40.07620329863758" lon="116.33781896505626">
        <ele>45.1</ele>
        <time>2026-07-30T13:18:59.520Z</time>
      </trkpt>
      <trkpt lat="40.076229257942074" lon="116.33781712122611">
        <ele>45.0</ele>
        <time>2026-07-30T13:19:00.521Z</time>
      </trkpt>
      <trkpt lat="40.07625529698137" lon="116.33781576563183">
        <ele>45.0</ele>
        <time>2026-07-30T13:19:01.521Z</time>
      </trkpt>
      <trkpt lat="40.0762809555724" lon="116.33781496985901">
        <ele>45.0</ele>
        <time>2026-07-30T13:19:02.521Z</time>
      </trkpt>
      <trkpt lat="40.076305958533105" lon="116.33781454799517">
        <ele>45.0</ele>
        <time>2026-07-30T13:19:03.521Z</time>
      </trkpt>
      <trkpt lat="40.07633046439123" lon="116.33781418076684">
        <ele>44.9</ele>
        <time>2026-07-30T13:19:04.520Z</time>
      </trkpt>
      <trkpt lat="40.0763550544104" lon="116.33781350787453">
        <ele>44.9</ele>
        <time>2026-07-30T13:19:05.521Z</time>
      </trkpt>
      <trkpt lat="40.0763799353873" lon="116.33781269605332">
        <ele>44.9</ele>
        <time>2026-07-30T13:19:06.521Z</time>
      </trkpt>
      <trkpt lat="40.07640486653728" lon="116.33781209473383">
        <ele>44.9</ele>
        <time>2026-07-30T13:19:07.521Z</time>
      </trkpt>
      <trkpt lat="40.07642967314789" lon="116.33781158873626">
        <ele>44.9</ele>
        <time>2026-07-30T13:19:08.521Z</time>
      </trkpt>
      <trkpt lat="40.0764543675496" lon="116.33781090452854">
        <ele>44.9</ele>
        <time>2026-07-30T13:19:09.520Z</time>
      </trkpt>
      <trkpt lat="40.076479055046825" lon="116.33780977654787">
        <ele>44.9</ele>
        <time>2026-07-30T13:19:10.520Z</time>
      </trkpt>
      <trkpt lat="40.07650393683268" lon="116.33780826554901">
        <ele>44.9</ele>
        <time>2026-07-30T13:19:11.521Z</time>
      </trkpt>
      <trkpt lat="40.076529028257845" lon="116.33780659932059">
        <ele>44.9</ele>
        <time>2026-07-30T13:19:12.521Z</time>
      </trkpt>
      <trkpt lat="40.07655421639169" lon="116.33780479229488">
        <ele>44.9</ele>
        <time>2026-07-30T13:19:13.521Z</time>
      </trkpt>
      <trkpt lat="40.07657952728712" lon="116.33780232747563">
        <ele>44.9</ele>
        <time>2026-07-30T13:19:14.521Z</time>
      </trkpt>
      <trkpt lat="40.07660504602444" lon="116.33779873389092">
        <ele>44.9</ele>
        <time>2026-07-30T13:19:15.521Z</time>
      </trkpt>
      <trkpt lat="40.07663070271952" lon="116.33779395538392">
        <ele>44.9</ele>
        <time>2026-07-30T13:19:16.521Z</time>
      </trkpt>
      <trkpt lat="40.07665626672288" lon="116.3377875917134">
        <ele>44.9</ele>
        <time>2026-07-30T13:19:17.521Z</time>
      </trkpt>
      <trkpt lat="40.076681504723254" lon="116.33777909194765">
        <ele>44.9</ele>
        <time>2026-07-30T13:19:18.520Z</time>
      </trkpt>
      <trkpt lat="40.076706314573265" lon="116.33776831169511">
        <ele>44.9</ele>
        <time>2026-07-30T13:19:19.520Z</time>
      </trkpt>
      <trkpt lat="40.07673065669271" lon="116.33775532854402">
        <ele>44.9</ele>
        <time>2026-07-30T13:19:20.520Z</time>
      </trkpt>
      <trkpt lat="40.07675428235039" lon="116.33774008288982">
        <ele>44.9</ele>
        <time>2026-07-30T13:19:21.520Z</time>
      </trkpt>
      <trkpt lat="40.07677696339041" lon="116.33772257438801">
        <ele>45.0</ele>
        <time>2026-07-30T13:19:22.520Z</time>
      </trkpt>
      <trkpt lat="40.076798560993254" lon="116.33770286335492">
        <ele>45.0</ele>
        <time>2026-07-30T13:19:23.521Z</time>
      </trkpt>
      <trkpt lat="40.076818832282214" lon="116.33768095164972">
        <ele>45.0</ele>
        <time>2026-07-30T13:19:24.521Z</time>
      </trkpt>
      <trkpt lat="40.07683771958568" lon="116.33765697583759">
        <ele>45.0</ele>
        <time>2026-07-30T13:19:25.521Z</time>
      </trkpt>
      <trkpt lat="40.07685505691642" lon="116.33763104349815">
        <ele>45.0</ele>
        <time>2026-07-30T13:19:26.520Z</time>
      </trkpt>
      <trkpt lat="40.07687101857637" lon="116.33760355339275">
        <ele>45.0</ele>
        <time>2026-07-30T13:19:27.521Z</time>
      </trkpt>
      <trkpt lat="40.07688598560812" lon="116.33757504350223">
        <ele>45.0</ele>
        <time>2026-07-30T13:19:28.520Z</time>
      </trkpt>
      <trkpt lat="40.07689983689295" lon="116.33754568168332">
        <ele>45.0</ele>
        <time>2026-07-30T13:19:29.520Z</time>
      </trkpt>
      <trkpt lat="40.07691229498274" lon="116.3375157154694">
        <ele>45.0</ele>
        <time>2026-07-30T13:19:30.520Z</time>
      </trkpt>
      <trkpt lat="40.07692309048118" lon="116.33748541560526">
        <ele>45.0</ele>
        <time>2026-07-30T13:19:31.520Z</time>
      </trkpt>
      <trkpt lat="40.07693193287682" lon="116.3374547845001">
        <ele>45.0</ele>
        <time>2026-07-30T13:19:32.520Z</time>
      </trkpt>
      <trkpt lat="40.076938707247116" lon="116.33742368690322">
        <ele>45.0</ele>
        <time>2026-07-30T13:19:33.521Z</time>
      </trkpt>
      <trkpt lat="40.076943428552234" lon="116.33739211060983">
        <ele>45.0</ele>
        <time>2026-07-30T13:19:34.520Z</time>
      </trkpt>
      <trkpt lat="40.076946147795724" lon="116.33736013355288">
        <ele>45.0</ele>
        <time>2026-07-30T13:19:35.520Z</time>
      </trkpt>
      <trkpt lat="40.076946805070335" lon="116.33732818523434">
        <ele>45.1</ele>
        <time>2026-07-30T13:19:36.520Z</time>
      </trkpt>
      <trkpt lat="40.07694529851352" lon="116.33729666134964">
        <ele>45.1</ele>
        <time>2026-07-30T13:19:37.521Z</time>
      </trkpt>
      <trkpt lat="40.076941752227626" lon="116.33726576054738">
        <ele>45.1</ele>
        <time>2026-07-30T13:19:38.521Z</time>
      </trkpt>
      <trkpt lat="40.07693620407209" lon="116.33723557580538">
        <ele>45.1</ele>
        <time>2026-07-30T13:19:39.520Z</time>
      </trkpt>
      <trkpt lat="40.076928738994816" lon="116.33720620513604">
        <ele>45.1</ele>
        <time>2026-07-30T13:19:40.520Z</time>
      </trkpt>
      <trkpt lat="40.076919521441994" lon="116.33717742127249">
        <ele>45.1</ele>
        <time>2026-07-30T13:19:41.520Z</time>
      </trkpt>
      <trkpt lat="40.07690863764712" lon="116.33714913834697">
        <ele>45.1</ele>
        <time>2026-07-30T13:19:42.520Z</time>
      </trkpt>
      <trkpt lat="40.07689618480722" lon="116.33712136210214">
        <ele>45.1</ele>
        <time>2026-07-30T13:19:43.521Z</time>
      </trkpt>
      <trkpt lat="40.076882202345786" lon="116.33709421739468">
        <ele>45.1</ele>
        <time>2026-07-30T13:19:44.520Z</time>
      </trkpt>
      <trkpt lat="40.07686647913544" lon="116.3370682617641">
        <ele>45.1</ele>
        <time>2026-07-30T13:19:45.521Z</time>
      </trkpt>
      <trkpt lat="40.07684908702162" lon="116.33704377659329">
        <ele>45.1</ele>
        <time>2026-07-30T13:19:46.520Z</time>
      </trkpt>
      <trkpt lat="40.0768306003907" lon="116.33702067856153">
        <ele>45.1</ele>
        <time>2026-07-30T13:19:47.520Z</time>
      </trkpt>
      <trkpt lat="40.07681138602323" lon="116.33699927022252">
        <ele>45.1</ele>
        <time>2026-07-30T13:19:48.520Z</time>
      </trkpt>
      <trkpt lat="40.0767912514069" lon="116.33697975148601">
        <ele>45.1</ele>
        <time>2026-07-30T13:19:49.521Z</time>
      </trkpt>
      <trkpt lat="40.07677021600874" lon="116.33696232723311">
        <ele>45.2</ele>
        <time>2026-07-30T13:19:50.521Z</time>
      </trkpt>
      <trkpt lat="40.07674839927543" lon="116.33694710001741">
        <ele>45.2</ele>
        <time>2026-07-30T13:19:51.520Z</time>
      </trkpt>
      <trkpt lat="40.076725845119256" lon="116.33693398664987">
        <ele>45.2</ele>
        <time>2026-07-30T13:19:52.520Z</time>
      </trkpt>
      <trkpt lat="40.07670268234021" lon="116.33692308777864">
        <ele>45.3</ele>
        <time>2026-07-30T13:19:53.521Z</time>
      </trkpt>
      <trkpt lat="40.07667896891327" lon="116.33691453813637">
        <ele>45.3</ele>
        <time>2026-07-30T13:19:54.521Z</time>
      </trkpt>
      <trkpt lat="40.0766548474869" lon="116.33690793767315">
        <ele>45.4</ele>
        <time>2026-07-30T13:19:55.520Z</time>
      </trkpt>
      <trkpt lat="40.076630594856965" lon="116.3369027641228">
        <ele>45.4</ele>
        <time>2026-07-30T13:19:56.521Z</time>
      </trkpt>
      <trkpt lat="40.076606391344086" lon="116.33689892783111">
        <ele>45.4</ele>
        <time>2026-07-30T13:19:57.520Z</time>
      </trkpt>
      <trkpt lat="40.076582067576375" lon="116.33689647900111">
        <ele>45.5</ele>
        <time>2026-07-30T13:19:58.520Z</time>
      </trkpt>
      <trkpt lat="40.07655754272926" lon="116.33689514507222">
        <ele>45.5</ele>
        <time>2026-07-30T13:19:59.521Z</time>
      </trkpt>
      <trkpt lat="40.07653278618089" lon="116.33689439810662">
        <ele>45.6</ele>
        <time>2026-07-30T13:20:00.520Z</time>
      </trkpt>
      <trkpt lat="40.07650777527632" lon="116.33689382841551">
        <ele>45.6</ele>
        <time>2026-07-30T13:20:01.520Z</time>
      </trkpt>
      <trkpt lat="40.07648264014775" lon="116.33689326445818">
        <ele>45.6</ele>
        <time>2026-07-30T13:20:02.520Z</time>
      </trkpt>
      <trkpt lat="40.07645763837724" lon="116.33689270199108">
        <ele>45.6</ele>
        <time>2026-07-30T13:20:03.521Z</time>
      </trkpt>
      <trkpt lat="40.076432960236595" lon="116.33689200166292">
        <ele>45.7</ele>
        <time>2026-07-30T13:20:04.521Z</time>
      </trkpt>
      <trkpt lat="40.07640867446241" lon="116.3368909190867">
        <ele>45.7</ele>
        <time>2026-07-30T13:20:05.520Z</time>
      </trkpt>
      <trkpt lat="40.076384779056895" lon="116.33688944379422">
        <ele>45.7</ele>
        <time>2026-07-30T13:20:06.520Z</time>
      </trkpt>
      <trkpt lat="40.07636124424287" lon="116.33688772412206">
        <ele>45.7</ele>
        <time>2026-07-30T13:20:07.520Z</time>
      </trkpt>
      <trkpt lat="40.076338015780514" lon="116.3368857654183">
        <ele>45.7</ele>
        <time>2026-07-30T13:20:08.521Z</time>
      </trkpt>
      <trkpt lat="40.07631478520497" lon="116.3368835064952">
        <ele>45.7</ele>
        <time>2026-07-30T13:20:09.520Z</time>
      </trkpt>
      <trkpt lat="40.07629117929151" lon="116.33688123273225">
        <ele>45.7</ele>
        <time>2026-07-30T13:20:10.521Z</time>
      </trkpt>
      <trkpt lat="40.076267156052715" lon="116.33687946943587">
        <ele>45.6</ele>
        <time>2026-07-30T13:20:11.520Z</time>
      </trkpt>
      <trkpt lat="40.076242762140346" lon="116.33687814984447">
        <ele>45.6</ele>
        <time>2026-07-30T13:20:12.520Z</time>
      </trkpt>
      <trkpt lat="40.076218121480906" lon="116.33687686304461">
        <ele>45.6</ele>
        <time>2026-07-30T13:20:13.520Z</time>
      </trkpt>
      <trkpt lat="40.07619355752038" lon="116.33687561124346">
        <ele>45.6</ele>
        <time>2026-07-30T13:20:14.521Z</time>
      </trkpt>
      <trkpt lat="40.076169311002246" lon="116.33687466105118">
        <ele>45.6</ele>
        <time>2026-07-30T13:20:15.520Z</time>
      </trkpt>
      <trkpt lat="40.07614533705258" lon="116.33687429075925">
        <ele>45.6</ele>
        <time>2026-07-30T13:20:16.520Z</time>
      </trkpt>
      <trkpt lat="40.07612159738045" lon="116.33687414906977">
        <ele>45.6</ele>
        <time>2026-07-30T13:20:17.520Z</time>
      </trkpt>
      <trkpt lat="40.0760979047638" lon="116.33687368225976">
        <ele>45.6</ele>
        <time>2026-07-30T13:20:18.521Z</time>
      </trkpt>
      <trkpt lat="40.07607412950115" lon="116.33687305203476">
        <ele>45.6</ele>
        <time>2026-07-30T13:20:19.520Z</time>
      </trkpt>
      <trkpt lat="40.0760503466622" lon="116.3368724760706">
        <ele>45.6</ele>
        <time>2026-07-30T13:20:20.520Z</time>
      </trkpt>
      <trkpt lat="40.07602666451274" lon="116.33687187683846">
        <ele>45.6</ele>
        <time>2026-07-30T13:20:21.520Z</time>
      </trkpt>
      <trkpt lat="40.07600292712069" lon="116.33687127820855">
        <ele>45.6</ele>
        <time>2026-07-30T13:20:22.520Z</time>
      </trkpt>
      <trkpt lat="40.07597882680449" lon="116.33687080163436">
        <ele>45.6</ele>
        <time>2026-07-30T13:20:23.520Z</time>
      </trkpt>
      <trkpt lat="40.07595405169575" lon="116.3368704877111">
        <ele>45.6</ele>
        <time>2026-07-30T13:20:24.520Z</time>
      </trkpt>
      <trkpt lat="40.07592856486272" lon="116.33687050098754">
        <ele>45.6</ele>
        <time>2026-07-30T13:20:25.519Z</time>
      </trkpt>
      <trkpt lat="40.075902283469205" lon="116.3368714934607">
        <ele>45.6</ele>
        <time>2026-07-30T13:20:26.520Z</time>
      </trkpt>
      <trkpt lat="40.07587533758595" lon="116.3368738569535">
        <ele>45.6</ele>
        <time>2026-07-30T13:20:27.520Z</time>
      </trkpt>
      <trkpt lat="40.07584786419659" lon="116.33687731135247">
        <ele>45.6</ele>
        <time>2026-07-30T13:20:28.520Z</time>
      </trkpt>
      <trkpt lat="40.075820097235194" lon="116.3368817511801">
        <ele>45.6</ele>
        <time>2026-07-30T13:20:29.521Z</time>
      </trkpt>
      <trkpt lat="40.07579225846581" lon="116.33688754008223">
        <ele>45.6</ele>
        <time>2026-07-30T13:20:30.520Z</time>
      </trkpt>
      <trkpt lat="40.07576460849343" lon="116.33689573210138">
        <ele>45.6</ele>
        <time>2026-07-30T13:20:31.520Z</time>
      </trkpt>
      <trkpt lat="40.07573731404152" lon="116.33690660506815">
        <ele>45.6</ele>
        <time>2026-07-30T13:20:32.520Z</time>
      </trkpt>
      <trkpt lat="40.0757105052354" lon="116.3369196073897">
        <ele>45.6</ele>
        <time>2026-07-30T13:20:33.521Z</time>
      </trkpt>
      <trkpt lat="40.075684456263296" lon="116.33693476654126">
        <ele>45.6</ele>
        <time>2026-07-30T13:20:34.520Z</time>
      </trkpt>
      <trkpt lat="40.07565963119071" lon="116.33695253903664">
        <ele>45.7</ele>
        <time>2026-07-30T13:20:35.520Z</time>
      </trkpt>
      <trkpt lat="40.07563640477275" lon="116.33697294803359">
        <ele>45.7</ele>
        <time>2026-07-30T13:20:36.520Z</time>
      </trkpt>
      <trkpt lat="40.0756148573113" lon="116.33699568678601">
        <ele>45.7</ele>
        <time>2026-07-30T13:20:37.520Z</time>
      </trkpt>
      <trkpt lat="40.07559514376011" lon="116.33702095438105">
        <ele>45.8</ele>
        <time>2026-07-30T13:20:38.521Z</time>
      </trkpt>
      <trkpt lat="40.07557708524618" lon="116.33704886458267">
        <ele>45.8</ele>
        <time>2026-07-30T13:20:39.520Z</time>
      </trkpt>
      <trkpt lat="40.07556028402729" lon="116.33707945650951">
        <ele>45.8</ele>
        <time>2026-07-30T13:20:40.520Z</time>
      </trkpt>
      <trkpt lat="40.075544715163055" lon="116.33711252314752">
        <ele>45.8</ele>
        <time>2026-07-30T13:20:41.520Z</time>
      </trkpt>
      <trkpt lat="40.075530384750834" lon="116.33714752082818">
        <ele>45.9</ele>
        <time>2026-07-30T13:20:42.520Z</time>
      </trkpt>
      <trkpt lat="40.07551759321359" lon="116.33718398896495">
        <ele>45.9</ele>
        <time>2026-07-30T13:20:43.520Z</time>
      </trkpt>
      <trkpt lat="40.07550701149967" lon="116.33722159489697">
        <ele>45.9</ele>
        <time>2026-07-30T13:20:44.520Z</time>
      </trkpt>
      <trkpt lat="40.07549884775622" lon="116.33725972072776">
        <ele>45.9</ele>
        <time>2026-07-30T13:20:45.520Z</time>
      </trkpt>
      <trkpt lat="40.07549280001272" lon="116.33729768259062">
        <ele>45.9</ele>
        <time>2026-07-30T13:20:46.520Z</time>
      </trkpt>
      <trkpt lat="40.07548883058425" lon="116.33733547695307">
        <ele>45.9</ele>
        <time>2026-07-30T13:20:47.520Z</time>
      </trkpt>
      <trkpt lat="40.075487257208074" lon="116.33737348740284">
        <ele>45.9</ele>
        <time>2026-07-30T13:20:48.520Z</time>
      </trkpt>
      <trkpt lat="40.07548778637274" lon="116.33741177828354">
        <ele>45.9</ele>
        <time>2026-07-30T13:20:49.520Z</time>
      </trkpt>
      <trkpt lat="40.07548982908598" lon="116.3374498827438">
        <ele>45.9</ele>
        <time>2026-07-30T13:20:50.520Z</time>
      </trkpt>
      <trkpt lat="40.07549354883679" lon="116.3374874980426">
        <ele>45.8</ele>
        <time>2026-07-30T13:20:51.520Z</time>
      </trkpt>
      <trkpt lat="40.075499377106055" lon="116.33752445951495">
        <ele>45.8</ele>
        <time>2026-07-30T13:20:52.520Z</time>
      </trkpt>
      <trkpt lat="40.07550739453734" lon="116.33756059361396">
        <ele>45.7</ele>
        <time>2026-07-30T13:20:53.520Z</time>
      </trkpt>
      <trkpt lat="40.075517413294584" lon="116.33759556429207">
        <ele>45.7</ele>
        <time>2026-07-30T13:20:54.520Z</time>
      </trkpt>
      <trkpt lat="40.075529384605495" lon="116.33762861122406">
        <ele>45.6</ele>
        <time>2026-07-30T13:20:55.520Z</time>
      </trkpt>
      <trkpt lat="40.075543572221385" lon="116.33765903001888">
        <ele>45.6</ele>
        <time>2026-07-30T13:20:56.520Z</time>
      </trkpt>
      <trkpt lat="40.07555963329322" lon="116.3376870548675">
        <ele>45.5</ele>
        <time>2026-07-30T13:20:57.520Z</time>
      </trkpt>
      <trkpt lat="40.07557716623528" lon="116.33771342643188">
        <ele>45.4</ele>
        <time>2026-07-30T13:20:58.520Z</time>
      </trkpt>
      <trkpt lat="40.07559613627744" lon="116.33773835888812">
        <ele>45.4</ele>
        <time>2026-07-30T13:20:59.520Z</time>
      </trkpt>
      <trkpt lat="40.075616610115375" lon="116.33776151500007">
        <ele>45.3</ele>
        <time>2026-07-30T13:21:00.520Z</time>
      </trkpt>
      <trkpt lat="40.07563842875575" lon="116.3377825806678">
        <ele>45.3</ele>
        <time>2026-07-30T13:21:01.520Z</time>
      </trkpt>
      <trkpt lat="40.075661284143415" lon="116.33780129031172">
        <ele>45.2</ele>
        <time>2026-07-30T13:21:02.520Z</time>
      </trkpt>
      <trkpt lat="40.07568500430049" lon="116.33781735219965">
        <ele>45.2</ele>
        <time>2026-07-30T13:21:03.520Z</time>
      </trkpt>
      <trkpt lat="40.07570937416741" lon="116.33783075920282">
        <ele>45.1</ele>
        <time>2026-07-30T13:21:04.520Z</time>
      </trkpt>
      <trkpt lat="40.075734466222585" lon="116.33784120634681">
        <ele>45.1</ele>
        <time>2026-07-30T13:21:05.520Z</time>
      </trkpt>
      <trkpt lat="40.07576034614804" lon="116.33784830074376">
        <ele>45.0</ele>
        <time>2026-07-30T13:21:06.520Z</time>
      </trkpt>
      <trkpt lat="40.07578662010883" lon="116.3378527244425">
        <ele>45.0</ele>
        <time>2026-07-30T13:21:07.520Z</time>
      </trkpt>
      <trkpt lat="40.07581284054927" lon="116.33785516654993">
        <ele>44.9</ele>
        <time>2026-07-30T13:21:08.520Z</time>
      </trkpt>
      <trkpt lat="40.07583894484418" lon="116.33785565189089">
        <ele>44.9</ele>
        <time>2026-07-30T13:21:09.520Z</time>
      </trkpt>
      <trkpt lat="40.07586518086016" lon="116.33785446680703">
        <ele>44.8</ele>
        <time>2026-07-30T13:21:10.520Z</time>
      </trkpt>
      <trkpt lat="40.07589158175996" lon="116.33785192300975">
        <ele>44.8</ele>
        <time>2026-07-30T13:21:11.520Z</time>
      </trkpt>
      <trkpt lat="40.075918094575286" lon="116.33784848299405">
        <ele>44.7</ele>
        <time>2026-07-30T13:21:12.520Z</time>
      </trkpt>
      <trkpt lat="40.07594462235859" lon="116.3378456358032">
        <ele>44.7</ele>
        <time>2026-07-30T13:21:13.520Z</time>
      </trkpt>
      <trkpt lat="40.07597084964488" lon="116.33784407625434">
        <ele>44.7</ele>
        <time>2026-07-30T13:21:14.520Z</time>
      </trkpt>
      <trkpt lat="40.075996634188876" lon="116.33784282432886">
        <ele>44.6</ele>
        <time>2026-07-30T13:21:15.520Z</time>
      </trkpt>
      <trkpt lat="40.0760221801819" lon="116.33784151849393">
        <ele>44.6</ele>
        <time>2026-07-30T13:21:16.520Z</time>
      </trkpt>
      <trkpt lat="40.07604762101692" lon="116.33784027244018">
        <ele>44.6</ele>
        <time>2026-07-30T13:21:17.520Z</time>
      </trkpt>
      <trkpt lat="40.076072810106" lon="116.33783928537048">
        <ele>44.6</ele>
        <time>2026-07-30T13:21:18.520Z</time>
      </trkpt>
      <trkpt lat="40.07609764070991" lon="116.33783837527045">
        <ele>44.5</ele>
        <time>2026-07-30T13:21:19.520Z</time>
      </trkpt>
      <trkpt lat="40.076122368390784" lon="116.3378368777498">
        <ele>44.5</ele>
        <time>2026-07-30T13:21:20.520Z</time>
      </trkpt>
      <trkpt lat="40.07614710783103" lon="116.33783464661713">
        <ele>44.5</ele>
        <time>2026-07-30T13:21:21.520Z</time>
      </trkpt>
      <trkpt lat="40.076171864561765" lon="116.33783221207493">
        <ele>44.4</ele>
        <time>2026-07-30T13:21:22.520Z</time>
      </trkpt>
      <trkpt lat="40.07619663828836" lon="116.3378297542526">
        <ele>44.4</ele>
        <time>2026-07-30T13:21:23.520Z</time>
      </trkpt>
      <trkpt lat="40.0762214483492" lon="116.3378269597728">
        <ele>44.4</ele>
        <time>2026-07-30T13:21:24.520Z</time>
      </trkpt>
      <trkpt lat="40.07624635074852" lon="116.33782349918985">
        <ele>44.3</ele>
        <time>2026-07-30T13:21:25.520Z</time>
      </trkpt>
      <trkpt lat="40.07627138810922" lon="116.33781934475415">
        <ele>44.3</ele>
        <time>2026-07-30T13:21:26.520Z</time>
      </trkpt>
      <trkpt lat="40.076296499192004" lon="116.3378142198066">
        <ele>44.3</ele>
        <time>2026-07-30T13:21:27.520Z</time>
      </trkpt>
      <trkpt lat="40.07632168851786" lon="116.33780838290507">
        <ele>44.2</ele>
        <time>2026-07-30T13:21:28.520Z</time>
      </trkpt>
      <trkpt lat="40.07634704898119" lon="116.33780303178504">
        <ele>44.2</ele>
        <time>2026-07-30T13:21:29.520Z</time>
      </trkpt>
      <trkpt lat="40.076372637706406" lon="116.33779836412683">
        <ele>44.2</ele>
        <time>2026-07-30T13:21:30.520Z</time>
      </trkpt>
      <trkpt lat="40.076398651105386" lon="116.33779365602746">
        <ele>44.1</ele>
        <time>2026-07-30T13:21:31.520Z</time>
      </trkpt>
      <trkpt lat="40.07642520567479" lon="116.33778884119411">
        <ele>44.1</ele>
        <time>2026-07-30T13:21:32.520Z</time>
      </trkpt>
      <trkpt lat="40.076452230857655" lon="116.3377847867241">
        <ele>44.1</ele>
        <time>2026-07-30T13:21:33.520Z</time>
      </trkpt>
      <trkpt lat="40.07647950115503" lon="116.33778186476711">
        <ele>44.0</ele>
        <time>2026-07-30T13:21:34.520Z</time>
      </trkpt>
      <trkpt lat="40.07650690176031" lon="116.33777956347247">
        <ele>44.0</ele>
        <time>2026-07-30T13:21:35.520Z</time>
      </trkpt>
      <trkpt lat="40.0765343026265" lon="116.3377768070955">
        <ele>44.0</ele>
        <time>2026-07-30T13:21:36.520Z</time>
      </trkpt>
      <trkpt lat="40.07656170254187" lon="116.33777331082753">
        <ele>44.0</ele>
        <time>2026-07-30T13:21:37.520Z</time>
      </trkpt>
      <trkpt lat="40.07658903766527" lon="116.33776989156507">
        <ele>44.0</ele>
        <time>2026-07-30T13:21:38.520Z</time>
      </trkpt>
      <trkpt lat="40.07661608841124" lon="116.33776638539149">
        <ele>44.0</ele>
        <time>2026-07-30T13:21:39.520Z</time>
      </trkpt>
      <trkpt lat="40.076642698332776" lon="116.33776199566884">
        <ele>44.0</ele>
        <time>2026-07-30T13:21:40.520Z</time>
      </trkpt>
      <trkpt lat="40.076668853566304" lon="116.3377564802377">
        <ele>44.0</ele>
        <time>2026-07-30T13:21:41.520Z</time>
      </trkpt>
      <trkpt lat="40.07669459509559" lon="116.33774940040612">
        <ele>44.0</ele>
        <time>2026-07-30T13:21:42.520Z</time>
      </trkpt>
      <trkpt lat="40.07671989444809" lon="116.33774013887924">
        <ele>44.0</ele>
        <time>2026-07-30T13:21:43.520Z</time>
      </trkpt>
      <trkpt lat="40.07674477679707" lon="116.33772896759729">
        <ele>44.0</ele>
        <time>2026-07-30T13:21:44.520Z</time>
      </trkpt>
      <trkpt lat="40.076769259087904" lon="116.33771651221755">
        <ele>44.0</ele>
        <time>2026-07-30T13:21:45.520Z</time>
        <extensions>
  <gpxtpx:TrackPointExtension>
    <gpxtpx:hr>177</gpxtpx:hr>
  </gpxtpx:TrackPointExtension>
</extensions>
      </trkpt>
      <trkpt lat="40.076793110895665" lon="116.33770252738903">
        <ele>44.0</ele>
        <time>2026-07-30T13:21:46.520Z</time>
        <extensions>
  <gpxtpx:TrackPointExtension>
    <gpxtpx:hr>177</gpxtpx:hr>
  </gpxtpx:TrackPointExtension>
</extensions>
      </trkpt>
      <trkpt lat="40.076815948500276" lon="116.3376863220032">
        <ele>44.0</ele>
        <time>2026-07-30T13:21:47.520Z</time>
        <extensions>
  <gpxtpx:TrackPointExtension>
    <gpxtpx:hr>177</gpxtpx:hr>
  </gpxtpx:TrackPointExtension>
</extensions>
      </trkpt>
      <trkpt lat="40.076837491937866" lon="116.33766780375365">
        <ele>44.0</ele>
        <time>2026-07-30T13:21:48.520Z</time>
        <extensions>
  <gpxtpx:TrackPointExtension>
    <gpxtpx:hr>177</gpxtpx:hr>
  </gpxtpx:TrackPointExtension>
</extensions>
      </trkpt>
      <trkpt lat="40.076857617311276" lon="116.33764732511487">
        <ele>44.0</ele>
        <time>2026-07-30T13:21:49.520Z</time>
        <extensions>
  <gpxtpx:TrackPointExtension>
    <gpxtpx:hr>177</gpxtpx:hr>
  </gpxtpx:TrackPointExtension>
</extensions>
      </trkpt>
      <trkpt lat="40.07687608580887" lon="116.33762466152291">
        <ele>44.0</ele>
        <time>2026-07-30T13:21:50.520Z</time>
        <extensions>
  <gpxtpx:TrackPointExtension>
    <gpxtpx:hr>177</gpxtpx:hr>
  </gpxtpx:TrackPointExtension>
</extensions>
      </trkpt>
      <trkpt lat="40.076892679793644" lon="116.33759943581082">
        <ele>44.0</ele>
        <time>2026-07-30T13:21:51.520Z</time>
        <extensions>
  <gpxtpx:TrackPointExtension>
    <gpxtpx:hr>177</gpxtpx:hr>
  </gpxtpx:TrackPointExtension>
</extensions>
      </trkpt>
      <trkpt lat="40.07690727789471" lon="116.3375719125149">
        <ele>44.0</ele>
        <time>2026-07-30T13:21:52.520Z</time>
        <extensions>
  <gpxtpx:TrackPointExtension>
    <gpxtpx:hr>177</gpxtpx:hr>
  </gpxtpx:TrackPointExtension>
</extensions>
      </trkpt>
      <trkpt lat="40.07692030671513" lon="116.33754296760854">
        <ele>43.9</ele>
        <time>2026-07-30T13:21:53.520Z</time>
        <extensions>
  <gpxtpx:TrackPointExtension>
    <gpxtpx:hr>177</gpxtpx:hr>
  </gpxtpx:TrackPointExtension>
</extensions>
      </trkpt>
      <trkpt lat="40.07693218148787" lon="116.33751328316977">
        <ele>43.9</ele>
        <time>2026-07-30T13:21:54.520Z</time>
        <extensions>
  <gpxtpx:TrackPointExtension>
    <gpxtpx:hr>177</gpxtpx:hr>
  </gpxtpx:TrackPointExtension>
</extensions>
      </trkpt>
      <trkpt lat="40.076942396287016" lon="116.33748258871411">
        <ele>43.9</ele>
        <time>2026-07-30T13:21:55.520Z</time>
      </trkpt>
      <trkpt lat="40.076950755517295" lon="116.337450691705">
        <ele>44.0</ele>
        <time>2026-07-30T13:21:56.520Z</time>
      </trkpt>
      <trkpt lat="40.07695760552292" lon="116.33741787424019">
        <ele>44.0</ele>
        <time>2026-07-30T13:21:57.520Z</time>
      </trkpt>
      <trkpt lat="40.07696319676349" lon="116.33738436807269">
        <ele>44.0</ele>
        <time>2026-07-30T13:21:58.520Z</time>
      </trkpt>
      <trkpt lat="40.07696716488961" lon="116.33735011194814">
        <ele>44.0</ele>
        <time>2026-07-30T13:21:59.520Z</time>
      </trkpt>
      <trkpt lat="40.076968864804755" lon="116.33731536605735">
        <ele>44.0</ele>
        <time>2026-07-30T13:22:00.520Z</time>
      </trkpt>
      <trkpt lat="40.07696821215275" lon="116.3372806389296">
        <ele>44.0</ele>
        <time>2026-07-30T13:22:01.520Z</time>
      </trkpt>
      <trkpt lat="40.07696491633843" lon="116.33724625155246">
        <ele>44.0</ele>
        <time>2026-07-30T13:22:02.520Z</time>
      </trkpt>
      <trkpt lat="40.0769592089076" lon="116.33721251192644">
        <ele>44.1</ele>
        <time>2026-07-30T13:22:03.520Z</time>
      </trkpt>
      <trkpt lat="40.07695150022948" lon="116.33717971723142">
        <ele>44.1</ele>
        <time>2026-07-30T13:22:04.520Z</time>
      </trkpt>
      <trkpt lat="40.07694152108163" lon="116.33714817460002">
        <ele>44.1</ele>
        <time>2026-07-30T13:22:05.520Z</time>
      </trkpt>
      <trkpt lat="40.0769295934284" lon="116.33711806114539">
        <ele>44.1</ele>
        <time>2026-07-30T13:22:06.520Z</time>
      </trkpt>
      <trkpt lat="40.07691627926895" lon="116.3370894824117">
        <ele>44.2</ele>
        <time>2026-07-30T13:22:07.520Z</time>
      </trkpt>
      <trkpt lat="40.076901530338525" lon="116.33706269666064">
        <ele>44.2</ele>
        <time>2026-07-30T13:22:08.520Z</time>
      </trkpt>
      <trkpt lat="40.0768851717874" lon="116.33703802945143">
        <ele>44.2</ele>
        <time>2026-07-30T13:22:09.520Z</time>
      </trkpt>
      <trkpt lat="40.076867480334926" lon="116.33701530147668">
        <ele>44.2</ele>
        <time>2026-07-30T13:22:10.520Z</time>
      </trkpt>
      <trkpt lat="40.07684879908695" lon="116.33699396565099">
        <ele>44.3</ele>
        <time>2026-07-30T13:22:11.520Z</time>
      </trkpt>
      <trkpt lat="40.07682900829124" lon="116.33697385740862">
        <ele>44.3</ele>
        <time>2026-07-30T13:22:12.520Z</time>
      </trkpt>
      <trkpt lat="40.076807970711556" lon="116.33695533370286">
        <ele>44.3</ele>
        <time>2026-07-30T13:22:13.520Z</time>
      </trkpt>
      <trkpt lat="40.076785897728605" lon="116.33693844169709">
        <ele>44.3</ele>
        <time>2026-07-30T13:22:14.520Z</time>
      </trkpt>
      <trkpt lat="40.076763102510796" lon="116.33692283465432">
        <ele>44.4</ele>
        <time>2026-07-30T13:22:15.520Z</time>
      </trkpt>
      <trkpt lat="40.076739603137526" lon="116.33690887490512">
        <ele>44.4</ele>
        <time>2026-07-30T13:22:16.520Z</time>
      </trkpt>
      <trkpt lat="40.07671481975828" lon="116.33689771993284">
        <ele>44.4</ele>
        <time>2026-07-30T13:22:17.520Z</time>
      </trkpt>
      <trkpt lat="40.076688540418836" lon="116.33688970086807">
        <ele>44.4</ele>
        <time>2026-07-30T13:22:18.520Z</time>
      </trkpt>
      <trkpt lat="40.07666131023473" lon="116.33688379757221">
        <ele>44.4</ele>
        <time>2026-07-30T13:22:19.520Z</time>
      </trkpt>
      <trkpt lat="40.07663373554437" lon="116.33687989295755">
        <ele>44.5</ele>
        <time>2026-07-30T13:22:20.520Z</time>
      </trkpt>
      <trkpt lat="40.07660612493473" lon="116.33687847083368">
        <ele>44.5</ele>
        <time>2026-07-30T13:22:21.520Z</time>
      </trkpt>
      <trkpt lat="40.07657845783984" lon="116.33687900861337">
        <ele>44.5</ele>
        <time>2026-07-30T13:22:22.520Z</time>
      </trkpt>
      <trkpt lat="40.076550850438714" lon="116.33688101256894">
        <ele>44.5</ele>
        <time>2026-07-30T13:22:23.520Z</time>
      </trkpt>
      <trkpt lat="40.07652353143553" lon="116.3368846475701">
        <ele>44.6</ele>
        <time>2026-07-30T13:22:24.520Z</time>
      </trkpt>
      <trkpt lat="40.07649663638702" lon="116.33688889899776">
        <ele>44.6</ele>
        <time>2026-07-30T13:22:25.520Z</time>
      </trkpt>
      <trkpt lat="40.07647017335348" lon="116.33689246303">
        <ele>44.6</ele>
        <time>2026-07-30T13:22:26.520Z</time>
      </trkpt>
      <trkpt lat="40.07644406920386" lon="116.33689563089989">
        <ele>44.6</ele>
        <time>2026-07-30T13:22:27.520Z</time>
      </trkpt>
      <trkpt lat="40.07641832512935" lon="116.33689915656745">
        <ele>44.6</ele>
        <time>2026-07-30T13:22:28.520Z</time>
      </trkpt>
      <trkpt lat="40.07639281944548" lon="116.33690309697535">
        <ele>44.6</ele>
        <time>2026-07-30T13:22:29.520Z</time>
      </trkpt>
      <trkpt lat="40.07636732200073" lon="116.33690628890629">
        <ele>44.7</ele>
        <time>2026-07-30T13:22:30.520Z</time>
      </trkpt>
      <trkpt lat="40.07634190597402" lon="116.3369076857747">
        <ele>44.7</ele>
        <time>2026-07-30T13:22:31.520Z</time>
      </trkpt>
      <trkpt lat="40.076316894070494" lon="116.33690763102884">
        <ele>44.7</ele>
        <time>2026-07-30T13:22:32.520Z</time>
      </trkpt>
      <trkpt lat="40.07629242165166" lon="116.33690721646278">
        <ele>44.7</ele>
        <time>2026-07-30T13:22:33.520Z</time>
      </trkpt>
      <trkpt lat="40.076268512411296" lon="116.33690665865238">
        <ele>44.7</ele>
        <time>2026-07-30T13:22:34.520Z</time>
      </trkpt>
      <trkpt lat="40.07624520431656" lon="116.33690580013709">
        <ele>44.7</ele>
        <time>2026-07-30T13:22:35.520Z</time>
      </trkpt>
      <trkpt lat="40.076222383251825" lon="116.33690479557958">
        <ele>44.8</ele>
        <time>2026-07-30T13:22:36.520Z</time>
      </trkpt>
      <trkpt lat="40.076199764726475" lon="116.33690372496437">
        <ele>44.8</ele>
        <time>2026-07-30T13:22:37.520Z</time>
      </trkpt>
      <trkpt lat="40.07617710560634" lon="116.33690256653574">
        <ele>44.8</ele>
        <time>2026-07-30T13:22:38.520Z</time>
      </trkpt>
      <trkpt lat="40.076154284933416" lon="116.33690107658069">
        <ele>44.8</ele>
        <time>2026-07-30T13:22:39.520Z</time>
      </trkpt>
      <trkpt lat="40.07613120379693" lon="116.33689965190149">
        <ele>44.8</ele>
        <time>2026-07-30T13:22:40.520Z</time>
      </trkpt>
      <trkpt lat="40.07610774265552" lon="116.33689845082792">
        <ele>44.8</ele>
        <time>2026-07-30T13:22:41.520Z</time>
      </trkpt>
      <trkpt lat="40.076083791521704" lon="116.33689712121273">
        <ele>44.9</ele>
        <time>2026-07-30T13:22:42.520Z</time>
      </trkpt>
      <trkpt lat="40.076059301174766" lon="116.33689602379964">
        <ele>44.9</ele>
        <time>2026-07-30T13:22:43.520Z</time>
      </trkpt>
      <trkpt lat="40.07603440512439" lon="116.33689579028854">
        <ele>44.9</ele>
        <time>2026-07-30T13:22:44.520Z</time>
      </trkpt>
      <trkpt lat="40.07600931784378" lon="116.33689585738155">
        <ele>44.9</ele>
        <time>2026-07-30T13:22:45.520Z</time>
      </trkpt>
      <trkpt lat="40.07598418828769" lon="116.33689541955646">
        <ele>45.0</ele>
        <time>2026-07-30T13:22:46.520Z</time>
      </trkpt>
      <trkpt lat="40.07595909090176" lon="116.33689496255182">
        <ele>45.0</ele>
        <time>2026-07-30T13:22:47.520Z</time>
      </trkpt>
      <trkpt lat="40.07593384287953" lon="116.33689496090724">
        <ele>45.0</ele>
        <time>2026-07-30T13:22:48.520Z</time>
      </trkpt>
      <trkpt lat="40.07590823313231" lon="116.33689499833449">
        <ele>45.1</ele>
        <time>2026-07-30T13:22:49.520Z</time>
      </trkpt>
      <trkpt lat="40.0758822074929" lon="116.33689501518963">
        <ele>45.1</ele>
        <time>2026-07-30T13:22:50.520Z</time>
      </trkpt>
      <trkpt lat="40.07585571203029" lon="116.33689549136295">
        <ele>45.2</ele>
        <time>2026-07-30T13:22:51.520Z</time>
      </trkpt>
      <trkpt lat="40.07582880745349" lon="116.33689651962801">
        <ele>45.2</ele>
        <time>2026-07-30T13:22:52.520Z</time>
      </trkpt>
      <trkpt lat="40.075801695022875" lon="116.33689806815791">
        <ele>45.3</ele>
        <time>2026-07-30T13:22:53.520Z</time>
      </trkpt>
      <trkpt lat="40.07577466981183" lon="116.33690105904863">
        <ele>45.3</ele>
        <time>2026-07-30T13:22:54.520Z</time>
      </trkpt>
      <trkpt lat="40.07574804592606" lon="116.33690667100905">
        <ele>45.4</ele>
        <time>2026-07-30T13:22:55.520Z</time>
      </trkpt>
      <trkpt lat="40.07572194752694" lon="116.33691499762784">
        <ele>45.5</ele>
        <time>2026-07-30T13:22:56.520Z</time>
      </trkpt>
      <trkpt lat="40.07569631911201" lon="116.33692492800783">
        <ele>45.5</ele>
        <time>2026-07-30T13:22:57.520Z</time>
      </trkpt>
      <trkpt lat="40.07567130740665" lon="116.3369361358253">
        <ele>45.6</ele>
        <time>2026-07-30T13:22:58.520Z</time>
      </trkpt>
      <trkpt lat="40.075647501156176" lon="116.33695000799003">
        <ele>45.7</ele>
        <time>2026-07-30T13:22:59.520Z</time>
      </trkpt>
      <trkpt lat="40.075625259439946" lon="116.33696703322495">
        <ele>45.7</ele>
        <time>2026-07-30T13:23:00.520Z</time>
      </trkpt>
      <trkpt lat="40.07560452593394" lon="116.33698623371474">
        <ele>45.8</ele>
        <time>2026-07-30T13:23:01.520Z</time>
      </trkpt>
      <trkpt lat="40.0755854043631" lon="116.33700742500099">
        <ele>45.9</ele>
        <time>2026-07-30T13:23:02.520Z</time>
      </trkpt>
      <trkpt lat="40.075568371586506" lon="116.33703121140914">
        <ele>45.9</ele>
        <time>2026-07-30T13:23:03.520Z</time>
      </trkpt>
      <trkpt lat="40.075553247081004" lon="116.33705745400398">
        <ele>46.0</ele>
        <time>2026-07-30T13:23:04.520Z</time>
      </trkpt>
      <trkpt lat="40.075539564396124" lon="116.33708562158513">
        <ele>46.0</ele>
        <time>2026-07-30T13:23:05.520Z</time>
      </trkpt>
      <trkpt lat="40.07552728423411" lon="116.33711542771174">
        <ele>46.1</ele>
        <time>2026-07-30T13:23:06.520Z</time>
      </trkpt>
      <trkpt lat="40.075516799982466" lon="116.33714672853478">
        <ele>46.1</ele>
        <time>2026-07-30T13:23:07.520Z</time>
      </trkpt>
      <trkpt lat="40.075508360498915" lon="116.33717928594706">
        <ele>46.2</ele>
        <time>2026-07-30T13:23:08.520Z</time>
      </trkpt>
      <trkpt lat="40.075501912219245" lon="116.33721260779">
        <ele>46.2</ele>
        <time>2026-07-30T13:23:09.520Z</time>
      </trkpt>
      <trkpt lat="40.075497417611544" lon="116.3372458922098">
        <ele>46.2</ele>
        <time>2026-07-30T13:23:10.520Z</time>
      </trkpt>
      <trkpt lat="40.07549477470248" lon="116.33727860983377">
        <ele>46.2</ele>
        <time>2026-07-30T13:23:11.520Z</time>
      </trkpt>
      <trkpt lat="40.07549386354583" lon="116.33731073636308">
        <ele>46.2</ele>
        <time>2026-07-30T13:23:12.520Z</time>
      </trkpt>
      <trkpt lat="40.07549448171416" lon="116.33734243444007">
        <ele>46.2</ele>
        <time>2026-07-30T13:23:13.520Z</time>
      </trkpt>
      <trkpt lat="40.075496448141706" lon="116.33737396821584">
        <ele>46.2</ele>
        <time>2026-07-30T13:23:14.520Z</time>
      </trkpt>
      <trkpt lat="40.07549960162927" lon="116.33740537610036">
        <ele>46.2</ele>
        <time>2026-07-30T13:23:15.519Z</time>
      </trkpt>
      <trkpt lat="40.075503804849646" lon="116.3374365594536">
        <ele>46.2</ele>
        <time>2026-07-30T13:23:16.520Z</time>
      </trkpt>
      <trkpt lat="40.0755090842733" lon="116.33746741789334">
        <ele>46.2</ele>
        <time>2026-07-30T13:23:17.520Z</time>
      </trkpt>
      <trkpt lat="40.07551552433065" lon="116.33749801805904">
        <ele>46.1</ele>
        <time>2026-07-30T13:23:18.520Z</time>
      </trkpt>
      <trkpt lat="40.075523252820524" lon="116.3375286377313">
        <ele>46.1</ele>
        <time>2026-07-30T13:23:19.520Z</time>
      </trkpt>
      <trkpt lat="40.07553265908713" lon="116.337559378976">
        <ele>46.0</ele>
        <time>2026-07-30T13:23:20.520Z</time>
      </trkpt>
      <trkpt lat="40.07554423193545" lon="116.33759053590347">
        <ele>46.0</ele>
        <time>2026-07-30T13:23:21.520Z</time>
      </trkpt>
      <trkpt lat="40.07555832803573" lon="116.33762211019011">
        <ele>45.9</ele>
        <time>2026-07-30T13:23:22.520Z</time>
      </trkpt>
      <trkpt lat="40.07557496254449" lon="116.33765300112817">
        <ele>45.8</ele>
        <time>2026-07-30T13:23:23.520Z</time>
      </trkpt>
      <trkpt lat="40.0755936314647" lon="116.33768215527314">
        <ele>45.8</ele>
        <time>2026-07-30T13:23:24.520Z</time>
      </trkpt>
      <trkpt lat="40.07561373088814" lon="116.3377091615795">
        <ele>45.7</ele>
        <time>2026-07-30T13:23:25.520Z</time>
      </trkpt>
      <trkpt lat="40.07563471039571" lon="116.3377336742112">
        <ele>45.6</ele>
        <time>2026-07-30T13:23:26.520Z</time>
      </trkpt>
      <trkpt lat="40.07565643569455" lon="116.33775509518308">
        <ele>45.5</ele>
        <time>2026-07-30T13:23:27.520Z</time>
      </trkpt>
      <trkpt lat="40.07567905211126" lon="116.33777357750468">
        <ele>45.5</ele>
        <time>2026-07-30T13:23:28.520Z</time>
      </trkpt>
      <trkpt lat="40.07570239160735" lon="116.33778979651508">
        <ele>45.4</ele>
        <time>2026-07-30T13:23:29.520Z</time>
      </trkpt>
      <trkpt lat="40.07572635489505" lon="116.33780367059515">
        <ele>45.4</ele>
        <time>2026-07-30T13:23:30.520Z</time>
      </trkpt>
      <trkpt lat="40.07575091475418" lon="116.33781486479418">
        <ele>45.3</ele>
        <time>2026-07-30T13:23:31.519Z</time>
      </trkpt>
      <trkpt lat="40.07577599388999" lon="116.33782302422782">
        <ele>45.3</ele>
        <time>2026-07-30T13:23:32.520Z</time>
      </trkpt>
      <trkpt lat="40.07580125005594" lon="116.33782833420213">
        <ele>45.2</ele>
        <time>2026-07-30T13:23:33.520Z</time>
      </trkpt>
      <trkpt lat="40.07582647226465" lon="116.33783154620197">
        <ele>45.2</ele>
        <time>2026-07-30T13:23:34.520Z</time>
      </trkpt>
      <trkpt lat="40.075851624165416" lon="116.33783293735867">
        <ele>45.1</ele>
        <time>2026-07-30T13:23:35.520Z</time>
      </trkpt>
      <trkpt lat="40.07587679838254" lon="116.33783255952754">
        <ele>45.1</ele>
        <time>2026-07-30T13:23:36.520Z</time>
      </trkpt>
      <trkpt lat="40.075902109701325" lon="116.33783090965723">
        <ele>45.0</ele>
        <time>2026-07-30T13:23:37.520Z</time>
      </trkpt>
      <trkpt lat="40.07592757553034" lon="116.33782913194977">
        <ele>45.0</ele>
        <time>2026-07-30T13:23:38.520Z</time>
      </trkpt>
      <trkpt lat="40.07595312708183" lon="116.33782772261854">
        <ele>45.0</ele>
        <time>2026-07-30T13:23:39.519Z</time>
      </trkpt>
      <trkpt lat="40.07597869150703" lon="116.33782589700313">
        <ele>44.9</ele>
        <time>2026-07-30T13:23:40.519Z</time>
      </trkpt>
      <trkpt lat="40.07600415470615" lon="116.3378236625007">
        <ele>44.9</ele>
        <time>2026-07-30T13:23:41.520Z</time>
      </trkpt>
      <trkpt lat="40.07602944031588" lon="116.33782182608742">
        <ele>44.9</ele>
        <time>2026-07-30T13:23:42.519Z</time>
      </trkpt>
      <trkpt lat="40.076054618961365" lon="116.33782026067719">
        <ele>44.8</ele>
        <time>2026-07-30T13:23:43.520Z</time>
      </trkpt>
      <trkpt lat="40.07607989977355" lon="116.33781853515266">
        <ele>44.8</ele>
        <time>2026-07-30T13:23:44.520Z</time>
      </trkpt>
      <trkpt lat="40.076105286846015" lon="116.33781648997558">
        <ele>44.7</ele>
        <time>2026-07-30T13:23:45.519Z</time>
      </trkpt>
      <trkpt lat="40.07613035727677" lon="116.33781450540489">
        <ele>44.7</ele>
        <time>2026-07-30T13:23:46.519Z</time>
      </trkpt>
      <trkpt lat="40.0761547367573" lon="116.33781260188836">
        <ele>44.6</ele>
        <time>2026-07-30T13:23:47.519Z</time>
      </trkpt>
      <trkpt lat="40.07617864294619" lon="116.33781000886202">
        <ele>44.6</ele>
        <time>2026-07-30T13:23:48.520Z</time>
      </trkpt>
      <trkpt lat="40.076202604867305" lon="116.33780729503722">
        <ele>44.5</ele>
        <time>2026-07-30T13:23:49.520Z</time>
      </trkpt>
      <trkpt lat="40.07622696276314" lon="116.33780504864568">
        <ele>44.5</ele>
        <time>2026-07-30T13:23:50.520Z</time>
      </trkpt>
      <trkpt lat="40.07625183166302" lon="116.33780284910614">
        <ele>44.4</ele>
        <time>2026-07-30T13:23:51.519Z</time>
      </trkpt>
      <trkpt lat="40.07627724440184" lon="116.33780047241527">
        <ele>44.4</ele>
        <time>2026-07-30T13:23:52.520Z</time>
      </trkpt>
      <trkpt lat="40.07630304348779" lon="116.33779761776097">
        <ele>44.3</ele>
        <time>2026-07-30T13:23:53.519Z</time>
      </trkpt>
      <trkpt lat="40.07632912022518" lon="116.33779379471923">
        <ele>44.2</ele>
        <time>2026-07-30T13:23:54.520Z</time>
      </trkpt>
      <trkpt lat="40.07635539258663" lon="116.33778918185368">
        <ele>44.2</ele>
        <time>2026-07-30T13:23:55.520Z</time>
      </trkpt>
      <trkpt lat="40.07638175995013" lon="116.33778478566306">
        <ele>44.1</ele>
        <time>2026-07-30T13:23:56.519Z</time>
      </trkpt>
      <trkpt lat="40.076408043471886" lon="116.33778083879602">
        <ele>44.1</ele>
        <time>2026-07-30T13:23:57.520Z</time>
      </trkpt>
      <trkpt lat="40.07643413641006" lon="116.33777691395653">
        <ele>44.0</ele>
        <time>2026-07-30T13:23:58.519Z</time>
      </trkpt>
      <trkpt lat="40.07646012838252" lon="116.33777328176502">
        <ele>44.0</ele>
        <time>2026-07-30T13:23:59.520Z</time>
      </trkpt>
      <trkpt lat="40.076486082584346" lon="116.33777068262113">
        <ele>43.9</ele>
        <time>2026-07-30T13:24:00.520Z</time>
      </trkpt>
      <trkpt lat="40.07651209333651" lon="116.33776882275156">
        <ele>43.9</ele>
        <time>2026-07-30T13:24:01.519Z</time>
      </trkpt>
      <trkpt lat="40.0765382707829" lon="116.3377664169245">
        <ele>43.8</ele>
        <time>2026-07-30T13:24:02.520Z</time>
      </trkpt>
      <trkpt lat="40.07656475127825" lon="116.33776332022745">
        <ele>43.8</ele>
        <time>2026-07-30T13:24:03.519Z</time>
      </trkpt>
      <trkpt lat="40.07659167791018" lon="116.337760450731">
        <ele>43.7</ele>
        <time>2026-07-30T13:24:04.520Z</time>
      </trkpt>
      <trkpt lat="40.07661896176255" lon="116.33775800870806">
        <ele>43.7</ele>
        <time>2026-07-30T13:24:05.519Z</time>
      </trkpt>
      <trkpt lat="40.07664639510408" lon="116.33775502534739">
        <ele>43.7</ele>
        <time>2026-07-30T13:24:06.519Z</time>
      </trkpt>
      <trkpt lat="40.07667382176053" lon="116.3377504414526">
        <ele>43.7</ele>
        <time>2026-07-30T13:24:07.520Z</time>
      </trkpt>
      <trkpt lat="40.07670093997165" lon="116.33774361216696">
        <ele>43.7</ele>
        <time>2026-07-30T13:24:08.519Z</time>
      </trkpt>
      <trkpt lat="40.07672727226423" lon="116.33773394911707">
        <ele>43.7</ele>
        <time>2026-07-30T13:24:09.519Z</time>
      </trkpt>
      <trkpt lat="40.07675239264914" lon="116.33772120345922">
        <ele>43.7</ele>
        <time>2026-07-30T13:24:10.519Z</time>
      </trkpt>
      <trkpt lat="40.07677607581746" lon="116.33770525360778">
        <ele>43.7</ele>
        <time>2026-07-30T13:24:11.520Z</time>
      </trkpt>
      <trkpt lat="40.07679843094896" lon="116.33768673705704">
        <ele>43.7</ele>
        <time>2026-07-30T13:24:12.520Z</time>
      </trkpt>
      <trkpt lat="40.07681960015743" lon="116.33766640379727">
        <ele>43.7</ele>
        <time>2026-07-30T13:24:13.520Z</time>
      </trkpt>
      <trkpt lat="40.076839448215395" lon="116.33764446891762">
        <ele>43.7</ele>
        <time>2026-07-30T13:24:14.519Z</time>
      </trkpt>
      <trkpt lat="40.076857831351965" lon="116.33762123329636">
        <ele>43.8</ele>
        <time>2026-07-30T13:24:15.520Z</time>
      </trkpt>
      <trkpt lat="40.07687461995355" lon="116.33759658721968">
        <ele>43.8</ele>
        <time>2026-07-30T13:24:16.519Z</time>
      </trkpt>
      <trkpt lat="40.07689005317051" lon="116.33757039586797">
        <ele>43.8</ele>
        <time>2026-07-30T13:24:17.520Z</time>
      </trkpt>
      <trkpt lat="40.07690435193202" lon="116.33754273075266">
        <ele>43.9</ele>
        <time>2026-07-30T13:24:18.520Z</time>
      </trkpt>
      <trkpt lat="40.07691751699474" lon="116.33751359284508">
        <ele>43.9</ele>
        <time>2026-07-30T13:24:19.519Z</time>
      </trkpt>
      <trkpt lat="40.076929833488556" lon="116.33748305093978">
        <ele>43.9</ele>
        <time>2026-07-30T13:24:20.520Z</time>
      </trkpt>
      <trkpt lat="40.07694099969589" lon="116.33745124737409">
        <ele>44.0</ele>
        <time>2026-07-30T13:24:21.519Z</time>
      </trkpt>
      <trkpt lat="40.07695018981371" lon="116.33741821010878">
        <ele>44.0</ele>
        <time>2026-07-30T13:24:22.520Z</time>
      </trkpt>
      <trkpt lat="40.07695706233306" lon="116.33738421497286">
        <ele>44.0</ele>
        <time>2026-07-30T13:24:23.520Z</time>
      </trkpt>
      <trkpt lat="40.07696151532163" lon="116.33734954462865">
        <ele>44.1</ele>
        <time>2026-07-30T13:24:24.520Z</time>
      </trkpt>
      <trkpt lat="40.07696365216219" lon="116.33731444209835">
        <ele>44.1</ele>
        <time>2026-07-30T13:24:25.520Z</time>
      </trkpt>
      <trkpt lat="40.07696307209884" lon="116.33727937246935">
        <ele>44.2</ele>
        <time>2026-07-30T13:24:26.519Z</time>
      </trkpt>
      <trkpt lat="40.07695975263241" lon="116.33724479257742">
        <ele>44.2</ele>
        <time>2026-07-30T13:24:27.519Z</time>
      </trkpt>
      <trkpt lat="40.07695433425213" lon="116.33721097297891">
        <ele>44.2</ele>
        <time>2026-07-30T13:24:28.520Z</time>
      </trkpt>
      <trkpt lat="40.07694696989781" lon="116.33717810364267">
        <ele>44.3</ele>
        <time>2026-07-30T13:24:29.520Z</time>
      </trkpt>
      <trkpt lat="40.07693772335615" lon="116.33714618455612">
        <ele>44.3</ele>
        <time>2026-07-30T13:24:30.520Z</time>
      </trkpt>
      <trkpt lat="40.076926386479435" lon="116.33711535102378">
        <ele>44.4</ele>
        <time>2026-07-30T13:24:31.519Z</time>
      </trkpt>
      <trkpt lat="40.07691338258862" lon="116.33708562765266">
        <ele>44.4</ele>
        <time>2026-07-30T13:24:32.519Z</time>
      </trkpt>
      <trkpt lat="40.07689906329927" lon="116.33705717972349">
        <ele>44.4</ele>
        <time>2026-07-30T13:24:33.520Z</time>
      </trkpt>
      <trkpt lat="40.07688306567514" lon="116.33703032553059">
        <ele>44.5</ele>
        <time>2026-07-30T13:24:34.519Z</time>
      </trkpt>
      <trkpt lat="40.076865039986785" lon="116.33700513993861">
        <ele>44.5</ele>
        <time>2026-07-30T13:24:35.520Z</time>
      </trkpt>
      <trkpt lat="40.07684519660194" lon="116.33698178145711">
        <ele>44.6</ele>
        <time>2026-07-30T13:24:36.519Z</time>
      </trkpt>
      <trkpt lat="40.07682383103503" lon="116.33696083544454">
        <ele>44.6</ele>
        <time>2026-07-30T13:24:37.519Z</time>
      </trkpt>
      <trkpt lat="40.07680106989555" lon="116.33694285385208">
        <ele>44.6</ele>
        <time>2026-07-30T13:24:38.520Z</time>
      </trkpt>
      <trkpt lat="40.07677739629956" lon="116.33692731540039">
        <ele>44.6</ele>
        <time>2026-07-30T13:24:39.519Z</time>
      </trkpt>
      <trkpt lat="40.07675308785174" lon="116.33691394361236">
        <ele>44.7</ele>
        <time>2026-07-30T13:24:40.520Z</time>
      </trkpt>
      <trkpt lat="40.07672807149894" lon="116.33690327630882">
        <ele>44.7</ele>
        <time>2026-07-30T13:24:41.519Z</time>
      </trkpt>
      <trkpt lat="40.076702227511106" lon="116.3368954314653">
        <ele>44.7</ele>
        <time>2026-07-30T13:24:42.519Z</time>
      </trkpt>
      <trkpt lat="40.07667555207732" lon="116.33688985887142">
        <ele>44.7</ele>
        <time>2026-07-30T13:24:43.519Z</time>
      </trkpt>
      <trkpt lat="40.07664812731162" lon="116.33688595608245">
        <ele>44.8</ele>
        <time>2026-07-30T13:24:44.519Z</time>
      </trkpt>
      <trkpt lat="40.0766201022452" lon="116.33688387365522">
        <ele>44.8</ele>
        <time>2026-07-30T13:24:45.520Z</time>
      </trkpt>
      <trkpt lat="40.07659164383002" lon="116.33688388536251">
        <ele>44.8</ele>
        <time>2026-07-30T13:24:46.520Z</time>
      </trkpt>
      <trkpt lat="40.07656305639115" lon="116.33688530248563">
        <ele>44.8</ele>
        <time>2026-07-30T13:24:47.519Z</time>
      </trkpt>
      <trkpt lat="40.076534495514714" lon="116.33688731092023">
        <ele>44.8</ele>
        <time>2026-07-30T13:24:48.519Z</time>
      </trkpt>
      <trkpt lat="40.07650596724466" lon="116.33688978896234">
        <ele>44.8</ele>
        <time>2026-07-30T13:24:49.520Z</time>
      </trkpt>
      <trkpt lat="40.076477543479534" lon="116.33689307886674">
        <ele>44.8</ele>
        <time>2026-07-30T13:24:50.520Z</time>
      </trkpt>
      <trkpt lat="40.07644930190793" lon="116.3368965375326">
        <ele>44.8</ele>
        <time>2026-07-30T13:24:51.519Z</time>
      </trkpt>
      <trkpt lat="40.076421299866944" lon="116.3368993048729">
        <ele>44.8</ele>
        <time>2026-07-30T13:24:52.519Z</time>
      </trkpt>
      <trkpt lat="40.07639374833705" lon="116.3369019366332">
        <ele>44.8</ele>
        <time>2026-07-30T13:24:53.519Z</time>
      </trkpt>
      <trkpt lat="40.07636665487056" lon="116.33690481949435">
        <ele>44.8</ele>
        <time>2026-07-30T13:24:54.519Z</time>
      </trkpt>
      <trkpt lat="40.076339691845206" lon="116.33690725401642">
        <ele>44.8</ele>
        <time>2026-07-30T13:24:55.519Z</time>
      </trkpt>
      <trkpt lat="40.07631251895853" lon="116.33690879074004">
        <ele>44.8</ele>
        <time>2026-07-30T13:24:56.519Z</time>
      </trkpt>
      <trkpt lat="40.07628514920831" lon="116.33690987346546">
        <ele>44.8</ele>
        <time>2026-07-30T13:24:57.519Z</time>
      </trkpt>
      <trkpt lat="40.07625767345873" lon="116.33691035061607">
        <ele>44.8</ele>
        <time>2026-07-30T13:24:58.519Z</time>
      </trkpt>
      <trkpt lat="40.07623015816364" lon="116.33690955350416">
        <ele>44.8</ele>
        <time>2026-07-30T13:24:59.519Z</time>
      </trkpt>
      <trkpt lat="40.07620276386105" lon="116.33690788767615">
        <ele>44.8</ele>
        <time>2026-07-30T13:25:00.519Z</time>
      </trkpt>
      <trkpt lat="40.07617575774973" lon="116.33690674029162">
        <ele>44.9</ele>
        <time>2026-07-30T13:25:01.519Z</time>
      </trkpt>
      <trkpt lat="40.07614928286963" lon="116.33690647787276">
        <ele>44.9</ele>
        <time>2026-07-30T13:25:02.519Z</time>
      </trkpt>
      <trkpt lat="40.07612332530939" lon="116.33690646954729">
        <ele>44.9</ele>
        <time>2026-07-30T13:25:03.519Z</time>
      </trkpt>
      <trkpt lat="40.076097944981065" lon="116.33690706731974">
        <ele>44.9</ele>
        <time>2026-07-30T13:25:04.519Z</time>
      </trkpt>
      <trkpt lat="40.07607295398612" lon="116.33690821538505">
        <ele>44.9</ele>
        <time>2026-07-30T13:25:05.519Z</time>
      </trkpt>
      <trkpt lat="40.07604813649492" lon="116.33690888071209">
        <ele>44.9</ele>
        <time>2026-07-30T13:25:06.519Z</time>
      </trkpt>
      <trkpt lat="40.07602341788702" lon="116.33690874171454">
        <ele>44.9</ele>
        <time>2026-07-30T13:25:07.520Z</time>
      </trkpt>
      <trkpt lat="40.07599866575979" lon="116.3369084994547">
        <ele>45.0</ele>
        <time>2026-07-30T13:25:08.519Z</time>
      </trkpt>
      <trkpt lat="40.07597370217989" lon="116.33690774839235">
        <ele>45.0</ele>
        <time>2026-07-30T13:25:09.519Z</time>
      </trkpt>
      <trkpt lat="40.07594843784161" lon="116.33690577172307">
        <ele>45.0</ele>
        <time>2026-07-30T13:25:10.519Z</time>
      </trkpt>
      <trkpt lat="40.075922712635844" lon="116.33690336472554">
        <ele>45.0</ele>
        <time>2026-07-30T13:25:11.519Z</time>
      </trkpt>
      <trkpt lat="40.07589651915065" lon="116.33690138870034">
        <ele>45.1</ele>
        <time>2026-07-30T13:25:12.519Z</time>
      </trkpt>
      <trkpt lat="40.07587011432937" lon="116.33690012590343">
        <ele>45.1</ele>
        <time>2026-07-30T13:25:13.519Z</time>
      </trkpt>
      <trkpt lat="40.0758437266255" lon="116.33689924029319">
        <ele>45.1</ele>
        <time>2026-07-30T13:25:14.519Z</time>
      </trkpt>
      <trkpt lat="40.075817461917175" lon="116.33689880970236">
        <ele>45.2</ele>
        <time>2026-07-30T13:25:15.519Z</time>
      </trkpt>
      <trkpt lat="40.07579125352812" lon="116.3369005860919">
        <ele>45.2</ele>
        <time>2026-07-30T13:25:16.519Z</time>
      </trkpt>
      <trkpt lat="40.07576504375661" lon="116.33690525233561">
        <ele>45.3</ele>
        <time>2026-07-30T13:25:17.519Z</time>
      </trkpt>
      <trkpt lat="40.07573903057891" lon="116.33691193218611">
        <ele>45.3</ele>
        <time>2026-07-30T13:25:18.519Z</time>
      </trkpt>
      <trkpt lat="40.07571360165505" lon="116.33692059392706">
        <ele>45.4</ele>
        <time>2026-07-30T13:25:19.519Z</time>
      </trkpt>
      <trkpt lat="40.075689126781526" lon="116.33693173859845">
        <ele>45.5</ele>
        <time>2026-07-30T13:25:20.519Z</time>
      </trkpt>
      <trkpt lat="40.07566587700446" lon="116.3369459728862">
        <ele>45.5</ele>
        <time>2026-07-30T13:25:21.519Z</time>
      </trkpt>
      <trkpt lat="40.07564376661548" lon="116.33696301569603">
        <ele>45.6</ele>
        <time>2026-07-30T13:25:22.519Z</time>
      </trkpt>
      <trkpt lat="40.075622525363364" lon="116.33698216684608">
        <ele>45.6</ele>
        <time>2026-07-30T13:25:23.519Z</time>
      </trkpt>
      <trkpt lat="40.07560236781607" lon="116.33700378711674">
        <ele>45.7</ele>
        <time>2026-07-30T13:25:24.519Z</time>
      </trkpt>
      <trkpt lat="40.07558382496829" lon="116.33702851289019">
        <ele>45.7</ele>
        <time>2026-07-30T13:25:25.519Z</time>
      </trkpt>
      <trkpt lat="40.07556696212336" lon="116.33705569780797">
        <ele>45.8</ele>
        <time>2026-07-30T13:25:26.519Z</time>
      </trkpt>
      <trkpt lat="40.07555175708347" lon="116.33708453149802">
        <ele>45.9</ele>
        <time>2026-07-30T13:25:27.519Z</time>
      </trkpt>
      <trkpt lat="40.07553852639242" lon="116.33711505251033">
        <ele>45.9</ele>
        <time>2026-07-30T13:25:28.519Z</time>
      </trkpt>
      <trkpt lat="40.075527612817126" lon="116.33714732164634">
        <ele>45.9</ele>
        <time>2026-07-30T13:25:29.519Z</time>
      </trkpt>
      <trkpt lat="40.07551899221485" lon="116.33718113122673">
        <ele>46.0</ele>
        <time>2026-07-30T13:25:30.519Z</time>
      </trkpt>
      <trkpt lat="40.07551229697064" lon="116.33721614965258">
        <ele>46.0</ele>
        <time>2026-07-30T13:25:31.519Z</time>
      </trkpt>
      <trkpt lat="40.075507324494595" lon="116.33725219327657">
        <ele>46.1</ele>
        <time>2026-07-30T13:25:32.519Z</time>
      </trkpt>
      <trkpt lat="40.07550404027681" lon="116.33728875537294">
        <ele>46.1</ele>
        <time>2026-07-30T13:25:33.519Z</time>
      </trkpt>
      <trkpt lat="40.07550251349428" lon="116.33732515227949">
        <ele>46.1</ele>
        <time>2026-07-30T13:25:34.519Z</time>
      </trkpt>
      <trkpt lat="40.07550259569462" lon="116.33736073906692">
        <ele>46.1</ele>
        <time>2026-07-30T13:25:35.519Z</time>
      </trkpt>
      <trkpt lat="40.0755040277952" lon="116.33739495549693">
        <ele>46.1</ele>
        <time>2026-07-30T13:25:36.519Z</time>
      </trkpt>
      <trkpt lat="40.075506727722505" lon="116.33742745565135">
        <ele>46.1</ele>
        <time>2026-07-30T13:25:37.519Z</time>
      </trkpt>
      <trkpt lat="40.07551065891366" lon="116.33745819902305">
        <ele>46.1</ele>
        <time>2026-07-30T13:25:38.519Z</time>
      </trkpt>
      <trkpt lat="40.075515762849854" lon="116.33748736726216">
        <ele>46.0</ele>
        <time>2026-07-30T13:25:39.519Z</time>
      </trkpt>
      <trkpt lat="40.075522201515206" lon="116.33751527694338">
        <ele>46.0</ele>
        <time>2026-07-30T13:25:40.519Z</time>
      </trkpt>
      <trkpt lat="40.07553026158678" lon="116.33754232319501">
        <ele>45.9</ele>
        <time>2026-07-30T13:25:41.519Z</time>
      </trkpt>
      <trkpt lat="40.07554024077316" lon="116.33756889258292">
        <ele>45.8</ele>
        <time>2026-07-30T13:25:42.520Z</time>
      </trkpt>
      <trkpt lat="40.07555239589848" lon="116.33759541714086">
        <ele>45.8</ele>
        <time>2026-07-30T13:25:43.519Z</time>
      </trkpt>
      <trkpt lat="40.07556701511463" lon="116.33762273698724">
        <ele>45.7</ele>
        <time>2026-07-30T13:25:44.519Z</time>
      </trkpt>
      <trkpt lat="40.07558389332966" lon="116.3376509331644">
        <ele>45.6</ele>
        <time>2026-07-30T13:25:45.519Z</time>
      </trkpt>
      <trkpt lat="40.07560236051765" lon="116.33767912985827">
        <ele>45.5</ele>
        <time>2026-07-30T13:25:46.519Z</time>
      </trkpt>
      <trkpt lat="40.075622042062086" lon="116.33770636075047">
        <ele>45.4</ele>
        <time>2026-07-30T13:25:47.519Z</time>
      </trkpt>
      <trkpt lat="40.07564319561159" lon="116.33773116464582">
        <ele>45.3</ele>
        <time>2026-07-30T13:25:48.519Z</time>
      </trkpt>
      <trkpt lat="40.0756658997717" lon="116.33775275850955">
        <ele>45.2</ele>
        <time>2026-07-30T13:25:49.519Z</time>
      </trkpt>
      <trkpt lat="40.07568978145342" lon="116.33777122085517">
        <ele>45.2</ele>
        <time>2026-07-30T13:25:50.519Z</time>
      </trkpt>
      <trkpt lat="40.07571455834699" lon="116.33778679236285">
        <ele>45.1</ele>
        <time>2026-07-30T13:25:51.519Z</time>
      </trkpt>
      <trkpt lat="40.07573984885304" lon="116.33779995343845">
        <ele>45.0</ele>
        <time>2026-07-30T13:25:52.519Z</time>
      </trkpt>
      <trkpt lat="40.07576538496966" lon="116.33781050991483">
        <ele>45.0</ele>
        <time>2026-07-30T13:25:53.519Z</time>
      </trkpt>
      <trkpt lat="40.07579077072427" lon="116.33781861525023">
        <ele>44.9</ele>
        <time>2026-07-30T13:25:54.519Z</time>
      </trkpt>
      <trkpt lat="40.07581577255635" lon="116.33782477265031">
        <ele>44.8</ele>
        <time>2026-07-30T13:25:55.519Z</time>
      </trkpt>
      <trkpt lat="40.07584076973604" lon="116.33782876911306">
        <ele>44.8</ele>
        <time>2026-07-30T13:25:56.519Z</time>
      </trkpt>
      <trkpt lat="40.07586588676586" lon="116.33783000734287">
        <ele>44.7</ele>
        <time>2026-07-30T13:25:57.519Z</time>
      </trkpt>
      <trkpt lat="40.07589096035109" lon="116.33782886472093">
        <ele>44.7</ele>
        <time>2026-07-30T13:25:58.519Z</time>
      </trkpt>
      <trkpt lat="40.07591596403769" lon="116.33782659810142">
        <ele>44.6</ele>
        <time>2026-07-30T13:25:59.519Z</time>
      </trkpt>
      <trkpt lat="40.07594085352851" lon="116.33782351573268">
        <ele>44.5</ele>
        <time>2026-07-30T13:26:00.519Z</time>
      </trkpt>
      <trkpt lat="40.07596553951116" lon="116.33781924574937">
        <ele>44.5</ele>
        <time>2026-07-30T13:26:01.519Z</time>
      </trkpt>
      <trkpt lat="40.07599009749744" lon="116.33781468470093">
        <ele>44.4</ele>
        <time>2026-07-30T13:26:02.519Z</time>
      </trkpt>
      <trkpt lat="40.0760146387558" lon="116.33781096280322">
        <ele>44.4</ele>
        <time>2026-07-30T13:26:03.519Z</time>
      </trkpt>
      <trkpt lat="40.07603903416226" lon="116.3378083645503">
        <ele>44.3</ele>
        <time>2026-07-30T13:26:04.519Z</time>
      </trkpt>
      <trkpt lat="40.076063281324444" lon="116.33780682992068">
        <ele>44.3</ele>
        <time>2026-07-30T13:26:05.519Z</time>
      </trkpt>
      <trkpt lat="40.07608758481465" lon="116.33780586903666">
        <ele>44.2</ele>
        <time>2026-07-30T13:26:06.519Z</time>
      </trkpt>
      <trkpt lat="40.07611209415903" lon="116.3378045143526">
        <ele>44.2</ele>
        <time>2026-07-30T13:26:07.519Z</time>
      </trkpt>
      <trkpt lat="40.076136764241326" lon="116.33780217219">
        <ele>44.1</ele>
        <time>2026-07-30T13:26:08.519Z</time>
      </trkpt>
      <trkpt lat="40.07616147253218" lon="116.33779931553288">
        <ele>44.0</ele>
        <time>2026-07-30T13:26:09.519Z</time>
      </trkpt>
      <trkpt lat="40.076186219550976" lon="116.33779650716107">
        <ele>44.0</ele>
        <time>2026-07-30T13:26:10.519Z</time>
      </trkpt>
      <trkpt lat="40.07621111090789" lon="116.33779362878927">
        <ele>43.9</ele>
        <time>2026-07-30T13:26:11.519Z</time>
      </trkpt>
      <trkpt lat="40.07623606557242" lon="116.33779031402906">
        <ele>43.9</ele>
        <time>2026-07-30T13:26:12.519Z</time>
      </trkpt>
      <trkpt lat="40.0762609550487" lon="116.33778676870472">
        <ele>43.9</ele>
        <time>2026-07-30T13:26:13.519Z</time>
      </trkpt>
      <trkpt lat="40.07628580110713" lon="116.33778359229078">
        <ele>43.8</ele>
        <time>2026-07-30T13:26:14.519Z</time>
      </trkpt>
      <trkpt lat="40.07631073575042" lon="116.33778093261523">
        <ele>43.8</ele>
        <time>2026-07-30T13:26:15.519Z</time>
      </trkpt>
      <trkpt lat="40.076335821211494" lon="116.33777851124003">
        <ele>43.8</ele>
        <time>2026-07-30T13:26:16.519Z</time>
      </trkpt>
      <trkpt lat="40.07636096865377" lon="116.33777599251816">
        <ele>43.7</ele>
        <time>2026-07-30T13:26:17.519Z</time>
      </trkpt>
      <trkpt lat="40.076386026651946" lon="116.33777270556767">
        <ele>43.7</ele>
        <time>2026-07-30T13:26:18.519Z</time>
      </trkpt>
      <trkpt lat="40.076410820482266" lon="116.33776913196292">
        <ele>43.7</ele>
        <time>2026-07-30T13:26:19.519Z</time>
      </trkpt>
      <trkpt lat="40.07643503666289" lon="116.33776618402986">
        <ele>43.7</ele>
        <time>2026-07-30T13:26:20.519Z</time>
      </trkpt>
      <trkpt lat="40.07645865559337" lon="116.33776389727063">
        <ele>43.7</ele>
        <time>2026-07-30T13:26:21.519Z</time>
      </trkpt>
      <trkpt lat="40.07648223623548" lon="116.33776215493204">
        <ele>43.7</ele>
        <time>2026-07-30T13:26:22.519Z</time>
      </trkpt>
      <trkpt lat="40.076506331552714" lon="116.33776056630948">
        <ele>43.7</ele>
        <time>2026-07-30T13:26:23.519Z</time>
      </trkpt>
      <trkpt lat="40.07653113935376" lon="116.3377590844556">
        <ele>43.7</ele>
        <time>2026-07-30T13:26:24.519Z</time>
      </trkpt>
      <trkpt lat="40.076556503220985" lon="116.33775781680538">
        <ele>43.7</ele>
        <time>2026-07-30T13:26:25.519Z</time>
      </trkpt>
      <trkpt lat="40.0765822060907" lon="116.33775700420706">
        <ele>43.8</ele>
        <time>2026-07-30T13:26:26.519Z</time>
      </trkpt>
      <trkpt lat="40.076607967766655" lon="116.33775663533261">
        <ele>43.8</ele>
        <time>2026-07-30T13:26:27.519Z</time>
      </trkpt>
      <trkpt lat="40.076633850865896" lon="116.33775570147544">
        <ele>43.8</ele>
        <time>2026-07-30T13:26:28.519Z</time>
      </trkpt>
      <trkpt lat="40.076660057618895" lon="116.33775274611071">
        <ele>43.8</ele>
        <time>2026-07-30T13:26:29.519Z</time>
      </trkpt>
      <trkpt lat="40.07668645974544" lon="116.33774717928465">
        <ele>43.9</ele>
        <time>2026-07-30T13:26:30.519Z</time>
      </trkpt>
      <trkpt lat="40.076712746264185" lon="116.3377393391612">
        <ele>43.9</ele>
        <time>2026-07-30T13:26:31.519Z</time>
      </trkpt>
      <trkpt lat="40.07673852512416" lon="116.33772928807487">
        <ele>43.9</ele>
        <time>2026-07-30T13:26:32.519Z</time>
      </trkpt>
      <trkpt lat="40.07676349187981" lon="116.33771681507922">
        <ele>43.9</ele>
        <time>2026-07-30T13:26:33.519Z</time>
      </trkpt>
      <trkpt lat="40.07678760816218" lon="116.33770181680546">
        <ele>44.0</ele>
        <time>2026-07-30T13:26:34.519Z</time>
      </trkpt>
      <trkpt lat="40.07681084864823" lon="116.33768450732862">
        <ele>44.0</ele>
        <time>2026-07-30T13:26:35.519Z</time>
      </trkpt>
      <trkpt lat="40.07683301294419" lon="116.33766493561518">
        <ele>44.0</ele>
        <time>2026-07-30T13:26:36.519Z</time>
      </trkpt>
      <trkpt lat="40.07685368509621" lon="116.33764269980271">
        <ele>44.0</ele>
        <time>2026-07-30T13:26:37.519Z</time>
      </trkpt>
      <trkpt lat="40.07687286375256" lon="116.33761785567827">
        <ele>44.1</ele>
        <time>2026-07-30T13:26:38.519Z</time>
      </trkpt>
      <trkpt lat="40.07689104352227" lon="116.33759129136268">
        <ele>44.1</ele>
        <time>2026-07-30T13:26:39.519Z</time>
      </trkpt>
      <trkpt lat="40.07690821907863" lon="116.33756345297978">
        <ele>44.1</ele>
        <time>2026-07-30T13:26:40.519Z</time>
      </trkpt>
      <trkpt lat="40.07692396308228" lon="116.33753416107837">
        <ele>44.1</ele>
        <time>2026-07-30T13:26:41.519Z</time>
      </trkpt>
      <trkpt lat="40.07693776347802" lon="116.33750342449743">
        <ele>44.1</ele>
        <time>2026-07-30T13:26:42.519Z</time>
      </trkpt>
      <trkpt lat="40.076949392572935" lon="116.33747161815313">
        <ele>44.1</ele>
        <time>2026-07-30T13:26:43.519Z</time>
      </trkpt>
      <trkpt lat="40.07695884357222" lon="116.33743910363312">
        <ele>44.1</ele>
        <time>2026-07-30T13:26:44.519Z</time>
      </trkpt>
      <trkpt lat="40.076966400762025" lon="116.33740629199579">
        <ele>44.1</ele>
        <time>2026-07-30T13:26:45.519Z</time>
        <extensions>
  <gpxtpx:TrackPointExtension>
    <gpxtpx:hr>178</gpxtpx:hr>
  </gpxtpx:TrackPointExtension>
</extensions>
      </trkpt>
      <trkpt lat="40.07697229015522" lon="116.33737328738243">
        <ele>44.1</ele>
        <time>2026-07-30T13:26:46.519Z</time>
        <extensions>
  <gpxtpx:TrackPointExtension>
    <gpxtpx:hr>178</gpxtpx:hr>
  </gpxtpx:TrackPointExtension>
</extensions>
      </trkpt>
      <trkpt lat="40.076975970504954" lon="116.33733989087014">
        <ele>44.1</ele>
        <time>2026-07-30T13:26:47.519Z</time>
        <extensions>
  <gpxtpx:TrackPointExtension>
    <gpxtpx:hr>178</gpxtpx:hr>
  </gpxtpx:TrackPointExtension>
</extensions>
      </trkpt>
      <trkpt lat="40.07697681518695" lon="116.33730598208994">
        <ele>44.1</ele>
        <time>2026-07-30T13:26:48.519Z</time>
        <extensions>
  <gpxtpx:TrackPointExtension>
    <gpxtpx:hr>178</gpxtpx:hr>
  </gpxtpx:TrackPointExtension>
</extensions>
      </trkpt>
      <trkpt lat="40.07697497930377" lon="116.3372716935462">
        <ele>44.1</ele>
        <time>2026-07-30T13:26:49.519Z</time>
        <extensions>
  <gpxtpx:TrackPointExtension>
    <gpxtpx:hr>178</gpxtpx:hr>
  </gpxtpx:TrackPointExtension>
</extensions>
      </trkpt>
      <trkpt lat="40.07697090783841" lon="116.33723736523493">
        <ele>44.1</ele>
        <time>2026-07-30T13:26:50.519Z</time>
        <extensions>
  <gpxtpx:TrackPointExtension>
    <gpxtpx:hr>178</gpxtpx:hr>
  </gpxtpx:TrackPointExtension>
</extensions>
      </trkpt>
      <trkpt lat="40.076964984036316" lon="116.33720338588367">
        <ele>44.1</ele>
        <time>2026-07-30T13:26:51.519Z</time>
        <extensions>
  <gpxtpx:TrackPointExtension>
    <gpxtpx:hr>178</gpxtpx:hr>
  </gpxtpx:TrackPointExtension>
</extensions>
      </trkpt>
      <trkpt lat="40.076957802657844" lon="116.33716997163425">
        <ele>44.1</ele>
        <time>2026-07-30T13:26:52.519Z</time>
        <extensions>
  <gpxtpx:TrackPointExtension>
    <gpxtpx:hr>178</gpxtpx:hr>
  </gpxtpx:TrackPointExtension>
</extensions>
      </trkpt>
      <trkpt lat="40.076949425853016" lon="116.337137379468">
        <ele>44.2</ele>
        <time>2026-07-30T13:26:53.519Z</time>
        <extensions>
  <gpxtpx:TrackPointExtension>
    <gpxtpx:hr>178</gpxtpx:hr>
  </gpxtpx:TrackPointExtension>
</extensions>
      </trkpt>
      <trkpt lat="40.076939315986095" lon="116.33710604732077">
        <ele>44.2</ele>
        <time>2026-07-30T13:26:54.519Z</time>
        <extensions>
  <gpxtpx:TrackPointExtension>
    <gpxtpx:hr>178</gpxtpx:hr>
  </gpxtpx:TrackPointExtension>
</extensions>
      </trkpt>
      <trkpt lat="40.07692740654616" lon="116.33707621502838">
        <ele>44.2</ele>
        <time>2026-07-30T13:26:55.519Z</time>
      </trkpt>
      <trkpt lat="40.07691439978765" lon="116.33704758972623">
        <ele>44.3</ele>
        <time>2026-07-30T13:26:56.519Z</time>
      </trkpt>
      <trkpt lat="40.07690025574264" lon="116.33702039123715">
        <ele>44.3</ele>
        <time>2026-07-30T13:26:57.519Z</time>
      </trkpt>
      <trkpt lat="40.076884764331965" lon="116.33699478898387">
        <ele>44.3</ele>
        <time>2026-07-30T13:26:58.519Z</time>
      </trkpt>
      <trkpt lat="40.076868347199245" lon="116.33697029941288">
        <ele>44.3</ele>
        <time>2026-07-30T13:26:59.519Z</time>
      </trkpt>
      <trkpt lat="40.076850825956015" lon="116.33694720306374">
        <ele>44.4</ele>
        <time>2026-07-30T13:27:00.519Z</time>
      </trkpt>
      <trkpt lat="40.07683166366222" lon="116.33692625443366">
        <ele>44.4</ele>
        <time>2026-07-30T13:27:01.519Z</time>
      </trkpt>
      <trkpt lat="40.0768110110645" lon="116.33690738304493">
        <ele>44.4</ele>
        <time>2026-07-30T13:27:02.519Z</time>
      </trkpt>
      <trkpt lat="40.07678927888881" lon="116.33689031616814">
        <ele>44.4</ele>
        <time>2026-07-30T13:27:03.519Z</time>
      </trkpt>
      <trkpt lat="40.07676656972789" lon="116.33687532980983">
        <ele>44.5</ele>
        <time>2026-07-30T13:27:04.519Z</time>
      </trkpt>
      <trkpt lat="40.076743085056926" lon="116.33686258261426">
        <ele>44.5</ele>
        <time>2026-07-30T13:27:05.519Z</time>
      </trkpt>
      <trkpt lat="40.07671898343098" lon="116.336852270905">
        <ele>44.5</ele>
        <time>2026-07-30T13:27:06.519Z</time>
      </trkpt>
      <trkpt lat="40.0766941915626" lon="116.3368452806219">
        <ele>44.5</ele>
        <time>2026-07-30T13:27:07.519Z</time>
      </trkpt>
      <trkpt lat="40.076668873461756" lon="116.3368414645327">
        <ele>44.5</ele>
        <time>2026-07-30T13:27:08.519Z</time>
      </trkpt>
      <trkpt lat="40.07664334198112" lon="116.33683983692873">
        <ele>44.6</ele>
        <time>2026-07-30T13:27:09.519Z</time>
      </trkpt>
      <trkpt lat="40.076617894560265" lon="116.33683993145853">
        <ele>44.6</ele>
        <time>2026-07-30T13:27:10.519Z</time>
      </trkpt>
      <trkpt lat="40.07659268046801" lon="116.33684109709307">
        <ele>44.6</ele>
        <time>2026-07-30T13:27:11.518Z</time>
      </trkpt>
      <trkpt lat="40.07656756461044" lon="116.33684299271833">
        <ele>44.7</ele>
        <time>2026-07-30T13:27:12.519Z</time>
      </trkpt>
      <trkpt lat="40.076542326002155" lon="116.33684560758864">
        <ele>44.7</ele>
        <time>2026-07-30T13:27:13.519Z</time>
      </trkpt>
      <trkpt lat="40.07651677998194" lon="116.3368488748256">
        <ele>44.7</ele>
        <time>2026-07-30T13:27:14.519Z</time>
      </trkpt>
      <trkpt lat="40.07649087118338" lon="116.33685177773013">
        <ele>44.8</ele>
        <time>2026-07-30T13:27:15.519Z</time>
      </trkpt>
      <trkpt lat="40.07646483535548" lon="116.33685388875253">
        <ele>44.8</ele>
        <time>2026-07-30T13:27:16.519Z</time>
      </trkpt>
      <trkpt lat="40.07643905797734" lon="116.33685588524256">
        <ele>44.8</ele>
        <time>2026-07-30T13:27:17.519Z</time>
      </trkpt>
      <trkpt lat="40.07641357770314" lon="116.33685822068934">
        <ele>44.9</ele>
        <time>2026-07-30T13:27:18.519Z</time>
      </trkpt>
      <trkpt lat="40.07638807623293" lon="116.33686081860975">
        <ele>44.9</ele>
        <time>2026-07-30T13:27:19.519Z</time>
      </trkpt>
      <trkpt lat="40.076362293661866" lon="116.33686320193027">
        <ele>44.9</ele>
        <time>2026-07-30T13:27:20.519Z</time>
      </trkpt>
      <trkpt lat="40.076336254831695" lon="116.336865656771">
        <ele>45.0</ele>
        <time>2026-07-30T13:27:21.518Z</time>
      </trkpt>
      <trkpt lat="40.07630997928377" lon="116.33686872327671">
        <ele>45.0</ele>
        <time>2026-07-30T13:27:22.519Z</time>
      </trkpt>
      <trkpt lat="40.07628355278818" lon="116.33687255801891">
        <ele>45.0</ele>
        <time>2026-07-30T13:27:23.519Z</time>
      </trkpt>
      <trkpt lat="40.07625715731449" lon="116.33687710364502">
        <ele>45.0</ele>
        <time>2026-07-30T13:27:24.519Z</time>
      </trkpt>
      <trkpt lat="40.07623093881164" lon="116.33688189516818">
        <ele>45.1</ele>
        <time>2026-07-30T13:27:25.519Z</time>
      </trkpt>
      <trkpt lat="40.07620472904261" lon="116.33688650471301">
        <ele>45.1</ele>
        <time>2026-07-30T13:27:26.519Z</time>
      </trkpt>
      <trkpt lat="40.07617824587739" lon="116.3368909370168">
        <ele>45.1</ele>
        <time>2026-07-30T13:27:27.519Z</time>
      </trkpt>
      <trkpt lat="40.07615150610102" lon="116.3368949641987">
        <ele>45.1</ele>
        <time>2026-07-30T13:27:28.519Z</time>
      </trkpt>
      <trkpt lat="40.07612461057604" lon="116.33689836717512">
        <ele>45.1</ele>
        <time>2026-07-30T13:27:29.519Z</time>
      </trkpt>
      <trkpt lat="40.07609755157819" lon="116.33690095629956">
        <ele>45.1</ele>
        <time>2026-07-30T13:27:30.519Z</time>
      </trkpt>
      <trkpt lat="40.076070404974054" lon="116.33690268101398">
        <ele>45.1</ele>
        <time>2026-07-30T13:27:31.519Z</time>
      </trkpt>
      <trkpt lat="40.076043070695476" lon="116.336903469042">
        <ele>45.1</ele>
        <time>2026-07-30T13:27:32.519Z</time>
      </trkpt>
      <trkpt lat="40.076015544172144" lon="116.33690340461148">
        <ele>45.2</ele>
        <time>2026-07-30T13:27:33.519Z</time>
      </trkpt>
      <trkpt lat="40.07598831124124" lon="116.33690264123507">
        <ele>45.2</ele>
        <time>2026-07-30T13:27:34.518Z</time>
      </trkpt>
      <trkpt lat="40.07596183112056" lon="116.33690078890427">
        <ele>45.2</ele>
        <time>2026-07-30T13:27:35.519Z</time>
      </trkpt>
      <trkpt lat="40.07593608235494" lon="116.33689846213755">
        <ele>45.2</ele>
        <time>2026-07-30T13:27:36.519Z</time>
      </trkpt>
      <trkpt lat="40.075910752806365" lon="116.3368967352223">
        <ele>45.2</ele>
        <time>2026-07-30T13:27:37.519Z</time>
      </trkpt>
      <trkpt lat="40.075885628066516" lon="116.33689581423859">
        <ele>45.3</ele>
        <time>2026-07-30T13:27:38.519Z</time>
      </trkpt>
      <trkpt lat="40.075860427675195" lon="116.33689543346078">
        <ele>45.3</ele>
        <time>2026-07-30T13:27:39.519Z</time>
      </trkpt>
      <trkpt lat="40.07583495873853" lon="116.33689536791171">
        <ele>45.3</ele>
        <time>2026-07-30T13:27:40.519Z</time>
      </trkpt>
      <trkpt lat="40.07580914952118" lon="116.33689557059404">
        <ele>45.4</ele>
        <time>2026-07-30T13:27:41.519Z</time>
      </trkpt>
      <trkpt lat="40.07578312422451" lon="116.33689686209368">
        <ele>45.4</ele>
        <time>2026-07-30T13:27:42.518Z</time>
      </trkpt>
      <trkpt lat="40.075757064221065" lon="116.33690015901686">
        <ele>45.5</ele>
        <time>2026-07-30T13:27:43.519Z</time>
      </trkpt>
      <trkpt lat="40.075731323276976" lon="116.3369058741516">
        <ele>45.5</ele>
        <time>2026-07-30T13:27:44.519Z</time>
      </trkpt>
      <trkpt lat="40.07570610079822" lon="116.33691397334724">
        <ele>45.6</ele>
        <time>2026-07-30T13:27:45.519Z</time>
      </trkpt>
      <trkpt lat="40.07568153870037" lon="116.33692461019943">
        <ele>45.7</ele>
        <time>2026-07-30T13:27:46.519Z</time>
      </trkpt>
      <trkpt lat="40.075657752143364" lon="116.33693839212107">
        <ele>45.7</ele>
        <time>2026-07-30T13:27:47.519Z</time>
      </trkpt>
      <trkpt lat="40.07563491246129" lon="116.33695524419376">
        <ele>45.8</ele>
        <time>2026-07-30T13:27:48.519Z</time>
      </trkpt>
      <trkpt lat="40.07561328428616" lon="116.33697454983397">
        <ele>45.8</ele>
        <time>2026-07-30T13:27:49.518Z</time>
      </trkpt>
      <trkpt lat="40.07559317405951" lon="116.336995864164">
        <ele>45.9</ele>
        <time>2026-07-30T13:27:50.519Z</time>
      </trkpt>
      <trkpt lat="40.07557468375584" lon="116.33701889242462">
        <ele>45.9</ele>
        <time>2026-07-30T13:27:51.519Z</time>
      </trkpt>
      <trkpt lat="40.07555745974101" lon="116.33704337652155">
        <ele>46.0</ele>
        <time>2026-07-30T13:27:52.519Z</time>
      </trkpt>
      <trkpt lat="40.07554167397179" lon="116.33706964698897">
        <ele>46.0</ele>
        <time>2026-07-30T13:27:53.519Z</time>
      </trkpt>
      <trkpt lat="40.075527864847345" lon="116.33709825199159">
        <ele>46.0</ele>
        <time>2026-07-30T13:27:54.519Z</time>
      </trkpt>
      <trkpt lat="40.0755162913787" lon="116.33712936073634">
        <ele>46.1</ele>
        <time>2026-07-30T13:27:55.519Z</time>
      </trkpt>
      <trkpt lat="40.07550681283547" lon="116.33716248558774">
        <ele>46.1</ele>
        <time>2026-07-30T13:27:56.519Z</time>
      </trkpt>
      <trkpt lat="40.07549929488372" lon="116.33719675218579">
        <ele>46.1</ele>
        <time>2026-07-30T13:27:57.519Z</time>
      </trkpt>
      <trkpt lat="40.07549365688417" lon="116.33723122399144">
        <ele>46.1</ele>
        <time>2026-07-30T13:27:58.519Z</time>
      </trkpt>
      <trkpt lat="40.075490131675345" lon="116.33726526121943">
        <ele>46.1</ele>
        <time>2026-07-30T13:27:59.519Z</time>
      </trkpt>
      <trkpt lat="40.075488856911925" lon="116.33729883455806">
        <ele>46.1</ele>
        <time>2026-07-30T13:28:00.519Z</time>
      </trkpt>
      <trkpt lat="40.07548937931451" lon="116.3373320947787">
        <ele>46.1</ele>
        <time>2026-07-30T13:28:01.519Z</time>
      </trkpt>
      <trkpt lat="40.075491509619305" lon="116.33736504224484">
        <ele>46.1</ele>
        <time>2026-07-30T13:28:02.519Z</time>
      </trkpt>
      <trkpt lat="40.07549502347942" lon="116.33739756910396">
        <ele>46.0</ele>
        <time>2026-07-30T13:28:03.519Z</time>
      </trkpt>
      <trkpt lat="40.075499549071544" lon="116.3374294842479">
        <ele>46.0</ele>
        <time>2026-07-30T13:28:04.519Z</time>
      </trkpt>
      <trkpt lat="40.07550503193824" lon="116.33746064390174">
        <ele>45.9</ele>
        <time>2026-07-30T13:28:05.519Z</time>
      </trkpt>
      <trkpt lat="40.075511686947706" lon="116.33749102926593">
        <ele>45.9</ele>
        <time>2026-07-30T13:28:06.519Z</time>
      </trkpt>
      <trkpt lat="40.07551971256423" lon="116.33752073594422">
        <ele>45.8</ele>
        <time>2026-07-30T13:28:07.519Z</time>
      </trkpt>
      <trkpt lat="40.0755291575759" lon="116.33754989562098">
        <ele>45.7</ele>
        <time>2026-07-30T13:28:08.519Z</time>
      </trkpt>
      <trkpt lat="40.075540161154194" lon="116.33757866437921">
        <ele>45.7</ele>
        <time>2026-07-30T13:28:09.519Z</time>
      </trkpt>
      <trkpt lat="40.075553162990474" lon="116.33760746091397">
        <ele>45.6</ele>
        <time>2026-07-30T13:28:10.519Z</time>
      </trkpt>
      <trkpt lat="40.075568928078255" lon="116.33763578593742">
        <ele>45.5</ele>
        <time>2026-07-30T13:28:11.519Z</time>
      </trkpt>
      <trkpt lat="40.07558750275878" lon="116.33766281401532">
        <ele>45.4</ele>
        <time>2026-07-30T13:28:12.519Z</time>
      </trkpt>
      <trkpt lat="40.075607833626556" lon="116.33768865156819">
        <ele>45.4</ele>
        <time>2026-07-30T13:28:13.519Z</time>
      </trkpt>
      <trkpt lat="40.075629125023106" lon="116.33771336820628">
        <ele>45.3</ele>
        <time>2026-07-30T13:28:14.519Z</time>
      </trkpt>
      <trkpt lat="40.07565114122224" lon="116.33773663715232">
        <ele>45.2</ele>
        <time>2026-07-30T13:28:15.519Z</time>
      </trkpt>
      <trkpt lat="40.07567389513321" lon="116.33775797324795">
        <ele>45.2</ele>
        <time>2026-07-30T13:28:16.519Z</time>
      </trkpt>
      <trkpt lat="40.075697361108034" lon="116.33777710035243">
        <ele>45.1</ele>
        <time>2026-07-30T13:28:17.519Z</time>
      </trkpt>
      <trkpt lat="40.07572156766008" lon="116.33779340970688">
        <ele>45.1</ele>
        <time>2026-07-30T13:28:18.519Z</time>
      </trkpt>
      <trkpt lat="40.07574648106173" lon="116.33780672876614">
        <ele>45.0</ele>
        <time>2026-07-30T13:28:19.519Z</time>
      </trkpt>
      <trkpt lat="40.075771864927034" lon="116.33781744603968">
        <ele>45.0</ele>
        <time>2026-07-30T13:28:20.519Z</time>
      </trkpt>
      <trkpt lat="40.075797611638166" lon="116.33782558197002">
        <ele>44.9</ele>
        <time>2026-07-30T13:28:21.519Z</time>
      </trkpt>
      <trkpt lat="40.07582370732617" lon="116.33783164962182">
        <ele>44.9</ele>
        <time>2026-07-30T13:28:22.519Z</time>
      </trkpt>
      <trkpt lat="40.07585028199494" lon="116.33783617058735">
        <ele>44.9</ele>
        <time>2026-07-30T13:28:23.519Z</time>
      </trkpt>
      <trkpt lat="40.07587735177427" lon="116.33783857869767">
        <ele>44.9</ele>
        <time>2026-07-30T13:28:24.519Z</time>
      </trkpt>
      <trkpt lat="40.075904740749266" lon="116.33783867444266">
        <ele>44.8</ele>
        <time>2026-07-30T13:28:25.519Z</time>
      </trkpt>
      <trkpt lat="40.07593229764632" lon="116.3378372298486">
        <ele>44.8</ele>
        <time>2026-07-30T13:28:26.519Z</time>
      </trkpt>
      <trkpt lat="40.07595998634287" lon="116.33783516948255">
        <ele>44.8</ele>
        <time>2026-07-30T13:28:27.519Z</time>
      </trkpt>
      <trkpt lat="40.075987816221634" lon="116.33783331537859">
        <ele>44.7</ele>
        <time>2026-07-30T13:28:28.519Z</time>
      </trkpt>
      <trkpt lat="40.07601572543054" lon="116.33783167782278">
        <ele>44.7</ele>
        <time>2026-07-30T13:28:29.519Z</time>
      </trkpt>
      <trkpt lat="40.07604361391401" lon="116.33782969834567">
        <ele>44.7</ele>
        <time>2026-07-30T13:28:30.519Z</time>
      </trkpt>
      <trkpt lat="40.07607128986047" lon="116.3378276986585">
        <ele>44.6</ele>
        <time>2026-07-30T13:28:31.519Z</time>
      </trkpt>
      <trkpt lat="40.076098658704005" lon="116.3378260100303">
        <ele>44.6</ele>
        <time>2026-07-30T13:28:32.519Z</time>
      </trkpt>
      <trkpt lat="40.07612568373921" lon="116.33782395306648">
        <ele>44.5</ele>
        <time>2026-07-30T13:28:33.519Z</time>
      </trkpt>
      <trkpt lat="40.07615235281132" lon="116.33782147572884">
        <ele>44.5</ele>
        <time>2026-07-30T13:28:34.519Z</time>
      </trkpt>
      <trkpt lat="40.07617880211363" lon="116.33781904694689">
        <ele>44.5</ele>
        <time>2026-07-30T13:28:35.518Z</time>
      </trkpt>
      <trkpt lat="40.07620526304797" lon="116.33781675809988">
        <ele>44.4</ele>
        <time>2026-07-30T13:28:36.519Z</time>
      </trkpt>
      <trkpt lat="40.07623202370286" lon="116.3378144973744">
        <ele>44.4</ele>
        <time>2026-07-30T13:28:37.518Z</time>
      </trkpt>
      <trkpt lat="40.07625921347165" lon="116.33781201648554">
        <ele>44.3</ele>
        <time>2026-07-30T13:28:38.519Z</time>
      </trkpt>
      <trkpt lat="40.07628650063572" lon="116.3378094770322">
        <ele>44.3</ele>
        <time>2026-07-30T13:28:39.519Z</time>
      </trkpt>
      <trkpt lat="40.076313662191616" lon="116.33780703565935">
        <ele>44.2</ele>
        <time>2026-07-30T13:28:40.519Z</time>
      </trkpt>
      <trkpt lat="40.07634054734103" lon="116.33780374044227">
        <ele>44.2</ele>
        <time>2026-07-30T13:28:41.519Z</time>
      </trkpt>
      <trkpt lat="40.076367216910896" lon="116.33779935633737">
        <ele>44.1</ele>
        <time>2026-07-30T13:28:42.519Z</time>
      </trkpt>
      <trkpt lat="40.076393858908816" lon="116.33779478504422">
        <ele>44.1</ele>
        <time>2026-07-30T13:28:43.519Z</time>
      </trkpt>
      <trkpt lat="40.07642044467714" lon="116.33778963994435">
        <ele>44.0</ele>
        <time>2026-07-30T13:28:44.519Z</time>
      </trkpt>
      <trkpt lat="40.07644699784488" lon="116.33778312201694">
        <ele>44.0</ele>
        <time>2026-07-30T13:28:45.519Z</time>
      </trkpt>
      <trkpt lat="40.076473829753986" lon="116.33777592499155">
        <ele>44.0</ele>
        <time>2026-07-30T13:28:46.518Z</time>
      </trkpt>
      <trkpt lat="40.07650117343066" lon="116.33776902675035">
        <ele>43.9</ele>
        <time>2026-07-30T13:28:47.519Z</time>
      </trkpt>
      <trkpt lat="40.07652896343544" lon="116.33776247232073">
        <ele>43.9</ele>
        <time>2026-07-30T13:28:48.519Z</time>
      </trkpt>
      <trkpt lat="40.076556977936896" lon="116.33775585844401">
        <ele>43.9</ele>
        <time>2026-07-30T13:28:49.519Z</time>
      </trkpt>
      <trkpt lat="40.076584864135754" lon="116.33774905519758">
        <ele>43.9</ele>
        <time>2026-07-30T13:28:50.519Z</time>
      </trkpt>
      <trkpt lat="40.076612211152195" lon="116.3377420412511">
        <ele>43.9</ele>
        <time>2026-07-30T13:28:51.519Z</time>
      </trkpt>
      <trkpt lat="40.07663894640958" lon="116.33773483839626">
        <ele>43.9</ele>
        <time>2026-07-30T13:28:52.519Z</time>
      </trkpt>
      <trkpt lat="40.07666508677578" lon="116.33772756482234">
        <ele>43.9</ele>
        <time>2026-07-30T13:28:53.519Z</time>
      </trkpt>
      <trkpt lat="40.07669056703053" lon="116.33772005498933">
        <ele>43.9</ele>
        <time>2026-07-30T13:28:54.519Z</time>
      </trkpt>
      <trkpt lat="40.07671539263292" lon="116.33771180273388">
        <ele>43.9</ele>
        <time>2026-07-30T13:28:55.519Z</time>
      </trkpt>
      <trkpt lat="40.076739645405674" lon="116.3377019458707">
        <ele>43.9</ele>
        <time>2026-07-30T13:28:56.519Z</time>
      </trkpt>
      <trkpt lat="40.07676325439784" lon="116.3376894965135">
        <ele>43.9</ele>
        <time>2026-07-30T13:28:57.519Z</time>
      </trkpt>
      <trkpt lat="40.076786165732784" lon="116.33767402849635">
        <ele>44.0</ele>
        <time>2026-07-30T13:28:58.519Z</time>
      </trkpt>
      <trkpt lat="40.07680846741608" lon="116.33765597301422">
        <ele>44.0</ele>
        <time>2026-07-30T13:28:59.519Z</time>
      </trkpt>
      <trkpt lat="40.07682996390176" lon="116.33763571424419">
        <ele>44.0</ele>
        <time>2026-07-30T13:29:00.519Z</time>
      </trkpt>
      <trkpt lat="40.07685001957224" lon="116.33761302522954">
        <ele>44.1</ele>
        <time>2026-07-30T13:29:01.519Z</time>
      </trkpt>
      <trkpt lat="40.076868353759636" lon="116.33758778963951">
        <ele>44.1</ele>
        <time>2026-07-30T13:29:02.519Z</time>
      </trkpt>
      <trkpt lat="40.07688532824089" lon="116.33756073843392">
        <ele>44.1</ele>
        <time>2026-07-30T13:29:03.519Z</time>
      </trkpt>
      <trkpt lat="40.07690116073426" lon="116.33753264206621">
        <ele>44.2</ele>
        <time>2026-07-30T13:29:04.519Z</time>
      </trkpt>
      <trkpt lat="40.07691566304605" lon="116.33750355024544">
        <ele>44.2</ele>
        <time>2026-07-30T13:29:05.519Z</time>
      </trkpt>
      <trkpt lat="40.076928945152595" lon="116.33747349324815">
        <ele>44.2</ele>
        <time>2026-07-30T13:29:06.518Z</time>
      </trkpt>
      <trkpt lat="40.076940723823924" lon="116.33744241330089">
        <ele>44.3</ele>
        <time>2026-07-30T13:29:07.519Z</time>
      </trkpt>
      <trkpt lat="40.07695015200442" lon="116.33741002535123">
        <ele>44.3</ele>
        <time>2026-07-30T13:29:08.519Z</time>
      </trkpt>
      <trkpt lat="40.076956560353224" lon="116.33737603859196">
        <ele>44.3</ele>
        <time>2026-07-30T13:29:09.519Z</time>
      </trkpt>
      <trkpt lat="40.076959967959205" lon="116.33734037293455">
        <ele>44.4</ele>
        <time>2026-07-30T13:29:10.519Z</time>
      </trkpt>
      <trkpt lat="40.07696101426303" lon="116.33730338990212">
        <ele>44.4</ele>
        <time>2026-07-30T13:29:11.519Z</time>
      </trkpt>
      <trkpt lat="40.07696011370156" lon="116.33726552705097">
        <ele>44.4</ele>
        <time>2026-07-30T13:29:12.519Z</time>
      </trkpt>
      <trkpt lat="40.0769574432278" lon="116.33722723260665">
        <ele>44.5</ele>
        <time>2026-07-30T13:29:13.519Z</time>
      </trkpt>
      <trkpt lat="40.07695289211513" lon="116.33718886832696">
        <ele>44.5</ele>
        <time>2026-07-30T13:29:14.519Z</time>
      </trkpt>
      <trkpt lat="40.07694602823798" lon="116.33715097780983">
        <ele>44.5</ele>
        <time>2026-07-30T13:29:15.519Z</time>
      </trkpt>
      <trkpt lat="40.076936881150154" lon="116.33711409508722">
        <ele>44.5</ele>
        <time>2026-07-30T13:29:16.519Z</time>
      </trkpt>
      <trkpt lat="40.07692578639227" lon="116.33707876606516">
        <ele>44.6</ele>
        <time>2026-07-30T13:29:17.519Z</time>
      </trkpt>
      <trkpt lat="40.076912768896406" lon="116.33704537704433">
        <ele>44.6</ele>
        <time>2026-07-30T13:29:18.518Z</time>
      </trkpt>
      <trkpt lat="40.07689773723945" lon="116.33701376521707">
        <ele>44.6</ele>
        <time>2026-07-30T13:29:19.518Z</time>
      </trkpt>
      <trkpt lat="40.07688098960503" lon="116.33698376060416">
        <ele>44.7</ele>
        <time>2026-07-30T13:29:20.519Z</time>
      </trkpt>
      <trkpt lat="40.07686285714384" lon="116.33695550218212">
        <ele>44.7</ele>
        <time>2026-07-30T13:29:21.518Z</time>
      </trkpt>
      <trkpt lat="40.07684337019725" lon="116.3369294032793">
        <ele>44.8</ele>
        <time>2026-07-30T13:29:22.519Z</time>
      </trkpt>
      <trkpt lat="40.07682214706556" lon="116.33690631219986">
        <ele>44.8</ele>
        <time>2026-07-30T13:29:23.518Z</time>
      </trkpt>
      <trkpt lat="40.076799088071205" lon="116.33688655390068">
        <ele>44.8</ele>
        <time>2026-07-30T13:29:24.518Z</time>
      </trkpt>
      <trkpt lat="40.076774788451715" lon="116.33686924870635">
        <ele>44.9</ele>
        <time>2026-07-30T13:29:25.518Z</time>
      </trkpt>
      <trkpt lat="40.07674956047221" lon="116.33685395537256">
        <ele>44.9</ele>
        <time>2026-07-30T13:29:26.518Z</time>
      </trkpt>
      <trkpt lat="40.07672343302345" lon="116.33684056364558">
        <ele>44.9</ele>
        <time>2026-07-30T13:29:27.519Z</time>
      </trkpt>
      <trkpt lat="40.07669641721932" lon="116.33682919286179">
        <ele>45.0</ele>
        <time>2026-07-30T13:29:28.519Z</time>
      </trkpt>
      <trkpt lat="40.076668329563574" lon="116.33682103007236">
        <ele>45.0</ele>
        <time>2026-07-30T13:29:29.518Z</time>
      </trkpt>
      <trkpt lat="40.07663911315968" lon="116.33681668783056">
        <ele>45.0</ele>
        <time>2026-07-30T13:29:30.519Z</time>
      </trkpt>
      <trkpt lat="40.07660924001215" lon="116.33681550793888">
        <ele>45.0</ele>
        <time>2026-07-30T13:29:31.519Z</time>
      </trkpt>
      <trkpt lat="40.076579232723006" lon="116.33681705266744">
        <ele>45.1</ele>
        <time>2026-07-30T13:29:32.519Z</time>
      </trkpt>
      <trkpt lat="40.0765494128146" lon="116.3368209713219">
        <ele>45.1</ele>
        <time>2026-07-30T13:29:33.519Z</time>
      </trkpt>
      <trkpt lat="40.07651987719299" lon="116.33682700239444">
        <ele>45.1</ele>
        <time>2026-07-30T13:29:34.518Z</time>
      </trkpt>
      <trkpt lat="40.07649052381577" lon="116.33683398899568">
        <ele>45.1</ele>
        <time>2026-07-30T13:29:35.518Z</time>
      </trkpt>
      <trkpt lat="40.07646128993715" lon="116.33684048088513">
        <ele>45.1</ele>
        <time>2026-07-30T13:29:36.518Z</time>
      </trkpt>
      <trkpt lat="40.07643235823286" lon="116.3368461493796">
        <ele>45.1</ele>
        <time>2026-07-30T13:29:37.518Z</time>
      </trkpt>
      <trkpt lat="40.07640438832763" lon="116.33685034453549">
        <ele>45.2</ele>
        <time>2026-07-30T13:29:38.519Z</time>
      </trkpt>
      <trkpt lat="40.07637786865947" lon="116.3368521466581">
        <ele>45.2</ele>
        <time>2026-07-30T13:29:39.518Z</time>
      </trkpt>
      <trkpt lat="40.07635297892531" lon="116.33685181847117">
        <ele>45.2</ele>
        <time>2026-07-30T13:29:40.518Z</time>
      </trkpt>
      <trkpt lat="40.07632938980796" lon="116.33684993357346">
        <ele>45.2</ele>
        <time>2026-07-30T13:29:41.519Z</time>
      </trkpt>
      <trkpt lat="40.07630604714971" lon="116.3368467689803">
        <ele>45.2</ele>
        <time>2026-07-30T13:29:42.519Z</time>
      </trkpt>
      <trkpt lat="40.07628204359187" lon="116.33684317920472">
        <ele>45.2</ele>
        <time>2026-07-30T13:29:43.519Z</time>
      </trkpt>
      <trkpt lat="40.07625724476626" lon="116.33683947555323">
        <ele>45.2</ele>
        <time>2026-07-30T13:29:44.519Z</time>
      </trkpt>
      <trkpt lat="40.076232126391794" lon="116.33683530428354">
        <ele>45.2</ele>
        <time>2026-07-30T13:29:45.519Z</time>
      </trkpt>
      <trkpt lat="40.07620701193617" lon="116.33683073846505">
        <ele>45.2</ele>
        <time>2026-07-30T13:29:46.518Z</time>
      </trkpt>
      <trkpt lat="40.07618181453301" lon="116.33682607643149">
        <ele>45.2</ele>
        <time>2026-07-30T13:29:47.518Z</time>
      </trkpt>
      <trkpt lat="40.076156460159005" lon="116.33682181847803">
        <ele>45.1</ele>
        <time>2026-07-30T13:29:48.519Z</time>
      </trkpt>
      <trkpt lat="40.0761311798734" lon="116.33681778527541">
        <ele>45.1</ele>
        <time>2026-07-30T13:29:49.519Z</time>
      </trkpt>
      <trkpt lat="40.076106397062766" lon="116.33681327312114">
        <ele>45.1</ele>
        <time>2026-07-30T13:29:50.519Z</time>
      </trkpt>
      <trkpt lat="40.0760823069096" lon="116.33680957935144">
        <ele>45.1</ele>
        <time>2026-07-30T13:29:51.518Z</time>
      </trkpt>
      <trkpt lat="40.076047907347274" lon="116.3368095119966">
        <ele>45.1</ele>
        <time>2026-07-30T13:29:53.000Z</time>
      </trkpt>
      <trkpt lat="40.076025402498715" lon="116.33681061070581">
        <ele>45.1</ele>
        <time>2026-07-30T13:29:54.000Z</time>
        <extensions>
  <gpxtpx:TrackPointExtension>
    <gpxtpx:hr>177</gpxtpx:hr>
  </gpxtpx:TrackPointExtension>
</extensions>
      </trkpt>
      <trkpt lat="40.076013946242355" lon="116.33681043129232">
        <ele>45.1</ele>
        <time>2026-07-30T13:29:54.518Z</time>
        <extensions>
  <gpxtpx:TrackPointExtension>
    <gpxtpx:hr>177</gpxtpx:hr>
  </gpxtpx:TrackPointExtension>
</extensions>
      </trkpt>
      <trkpt lat="40.07599385802382" lon="116.33681099465305">
        <ele>45.1</ele>
        <time>2026-07-30T13:29:55.519Z</time>
        <extensions>
  <gpxtpx:TrackPointExtension>
    <gpxtpx:hr>177</gpxtpx:hr>
  </gpxtpx:TrackPointExtension>
</extensions>
      </trkpt>
      <trkpt lat="40.07597663708546" lon="116.33681312878723">
        <ele>45.1</ele>
        <time>2026-07-30T13:29:56.518Z</time>
        <extensions>
  <gpxtpx:TrackPointExtension>
    <gpxtpx:hr>177</gpxtpx:hr>
  </gpxtpx:TrackPointExtension>
</extensions>
      </trkpt>
      <trkpt lat="40.07596112702162" lon="116.33681637279854">
        <ele>45.1</ele>
        <time>2026-07-30T13:29:57.518Z</time>
        <extensions>
  <gpxtpx:TrackPointExtension>
    <gpxtpx:hr>177</gpxtpx:hr>
  </gpxtpx:TrackPointExtension>
</extensions>
      </trkpt>
      <trkpt lat="40.075946302115575" lon="116.3368201124436">
        <ele>45.1</ele>
        <time>2026-07-30T13:29:58.518Z</time>
        <extensions>
  <gpxtpx:TrackPointExtension>
    <gpxtpx:hr>177</gpxtpx:hr>
  </gpxtpx:TrackPointExtension>
</extensions>
      </trkpt>    </trkseg>
  </trk>
</gpx>