<?xml version="1.0" encoding="UTF-8"?>
<gpx version="1.1" creator="HealthSync iOS"
     xmlns="http://www.topografix.com/GPX/1/1"
     xmlns:gpxtpx="http://www.garmin.com/xmlschemas/TrackPointExtension/v1"
     xmlns:xsi="http://www.w3.org/2001/XMLSchema-instance"
     xsi:schemaLocation="http://www.topografix.com/GPX/1/1 http://www.topografix.com/GPX/1/1/gpx.xsd http://www.garmin.com/xmlschemas/TrackPointExtension/v1 http://www.garmin.com/xmlschemas/TrackPointExtensionv1.xsd">
  <trk>
    <name>Running 2026/8/15, 18:17</name>
    <type>running</type>
    <trkseg>
      <trkpt lat="40.069837351524804" lon="116.34754457308937">
        <ele>47.3</ele>
        <time>2026-08-15T10:17:23.000Z</time>
      </trkpt>
      <trkpt lat="40.06983746101761" lon="116.34754055540786">
        <ele>47.0</ele>
        <time>2026-08-15T10:17:24.000Z</time>
      </trkpt>
      <trkpt lat="40.069837612904266" lon="116.34753540660408">
        <ele>46.7</ele>
        <time>2026-08-15T10:17:25.000Z</time>
      </trkpt>
      <trkpt lat="40.06983783733874" lon="116.34752837161281">
        <ele>46.4</ele>
        <time>2026-08-15T10:17:26.000Z</time>
      </trkpt>
      <trkpt lat="40.0698381615189" lon="116.34751859310136">
        <ele>46.0</ele>
        <time>2026-08-15T10:17:27.000Z</time>
      </trkpt>
      <trkpt lat="40.069838603775516" lon="116.3475051135276">
        <ele>45.7</ele>
        <time>2026-08-15T10:17:28.000Z</time>
      </trkpt>
      <trkpt lat="40.069839185097635" lon="116.34748661611268">
        <ele>45.5</ele>
        <time>2026-08-15T10:17:29.000Z</time>
      </trkpt>
      <trkpt lat="40.06983992953508" lon="116.34746262174771">
        <ele>45.3</ele>
        <time>2026-08-15T10:17:30.000Z</time>
      </trkpt>
      <trkpt lat="40.06984077615147" lon="116.34743440215773">
        <ele>45.2</ele>
        <time>2026-08-15T10:17:31.000Z</time>
      </trkpt>
      <trkpt lat="40.06984159876602" lon="116.34740363138484">
        <ele>45.1</ele>
        <time>2026-08-15T10:17:32.000Z</time>
      </trkpt>
      <trkpt lat="40.069842315704115" lon="116.34737130264743">
        <ele>45.0</ele>
        <time>2026-08-15T10:17:33.000Z</time>
      </trkpt>
      <trkpt lat="40.06984288316843" lon="116.34733788248349">
        <ele>45.0</ele>
        <time>2026-08-15T10:17:34.000Z</time>
      </trkpt>
      <trkpt lat="40.06984330126828" lon="116.34730380002406">
        <ele>44.9</ele>
        <time>2026-08-15T10:17:35.000Z</time>
      </trkpt>
      <trkpt lat="40.06984358291816" lon="116.34726939606534">
        <ele>44.9</ele>
        <time>2026-08-15T10:17:36.000Z</time>
      </trkpt>
      <trkpt lat="40.06984376769398" lon="116.34723481039566">
        <ele>45.0</ele>
        <time>2026-08-15T10:17:37.000Z</time>
      </trkpt>
      <trkpt lat="40.0698439812212" lon="116.34720004359323">
        <ele>45.0</ele>
        <time>2026-08-15T10:17:38.000Z</time>
      </trkpt>
      <trkpt lat="40.069844431691074" lon="116.34716496011939">
        <ele>45.0</ele>
        <time>2026-08-15T10:17:39.000Z</time>
      </trkpt>
      <trkpt lat="40.069845331755715" lon="116.34712928134432">
        <ele>45.0</ele>
        <time>2026-08-15T10:17:40.000Z</time>
      </trkpt>
      <trkpt lat="40.06984687212852" lon="116.34709244939226">
        <ele>45.0</ele>
        <time>2026-08-15T10:17:41.000Z</time>
      </trkpt>
      <trkpt lat="40.06984925469007" lon="116.34705376569171">
        <ele>45.0</ele>
        <time>2026-08-15T10:17:42.000Z</time>
      </trkpt>
      <trkpt lat="40.06985270385258" lon="116.34701278496591">
        <ele>45.0</ele>
        <time>2026-08-15T10:17:43.000Z</time>
      </trkpt>
      <trkpt lat="40.0698572466499" lon="116.34696992782888">
        <ele>45.0</ele>
        <time>2026-08-15T10:17:44.000Z</time>
      </trkpt>
      <trkpt lat="40.06986254975858" lon="116.34692672819305">
        <ele>45.0</ele>
        <time>2026-08-15T10:17:45.000Z</time>
      </trkpt>
      <trkpt lat="40.069868108927835" lon="116.34688476241807">
        <ele>45.1</ele>
        <time>2026-08-15T10:17:46.000Z</time>
      </trkpt>
      <trkpt lat="40.06987324486824" lon="116.3468456032468">
        <ele>45.1</ele>
        <time>2026-08-15T10:17:47.000Z</time>
      </trkpt>
      <trkpt lat="40.06987714953874" lon="116.3468106698585">
        <ele>45.1</ele>
        <time>2026-08-15T10:17:48.000Z</time>
      </trkpt>
      <trkpt lat="40.06987920733717" lon="116.34678015840404">
        <ele>45.0</ele>
        <time>2026-08-15T10:17:49.000Z</time>
      </trkpt>
      <trkpt lat="40.0698794875618" lon="116.34675326491865">
        <ele>45.0</ele>
        <time>2026-08-15T10:17:50.000Z</time>
      </trkpt>
      <trkpt lat="40.0698785989212" lon="116.34672830391531">
        <ele>45.0</ele>
        <time>2026-08-15T10:17:51.000Z</time>
      </trkpt>
      <trkpt lat="40.069876994834125" lon="116.34670358876518">
        <ele>45.0</ele>
        <time>2026-08-15T10:17:52.000Z</time>
      </trkpt>
      <trkpt lat="40.069874935359564" lon="116.3466784239728">
        <ele>45.0</ele>
        <time>2026-08-15T10:17:53.000Z</time>
      </trkpt>
      <trkpt lat="40.069872607298215" lon="116.34665223958493">
        <ele>45.0</ele>
        <time>2026-08-15T10:17:54.000Z</time>
      </trkpt>
      <trkpt lat="40.06987010664977" lon="116.34662455621859">
        <ele>45.0</ele>
        <time>2026-08-15T10:17:55.000Z</time>
      </trkpt>
      <trkpt lat="40.06986765092162" lon="116.34659562621812">
        <ele>45.0</ele>
        <time>2026-08-15T10:17:56.000Z</time>
      </trkpt>
      <trkpt lat="40.06986558797402" lon="116.34656604346294">
        <ele>45.0</ele>
        <time>2026-08-15T10:17:57.000Z</time>
      </trkpt>
      <trkpt lat="40.06986408947424" lon="116.34653599908528">
        <ele>45.0</ele>
        <time>2026-08-15T10:17:58.000Z</time>
      </trkpt>
      <trkpt lat="40.06986320344931" lon="116.34650542875507">
        <ele>45.0</ele>
        <time>2026-08-15T10:17:59.000Z</time>
      </trkpt>
      <trkpt lat="40.06986265665251" lon="116.34647392052399">
        <ele>45.0</ele>
        <time>2026-08-15T10:18:00.000Z</time>
      </trkpt>
      <trkpt lat="40.06986203139157" lon="116.34644097145951">
        <ele>45.0</ele>
        <time>2026-08-15T10:18:01.000Z</time>
      </trkpt>
      <trkpt lat="40.06986123323679" lon="116.34640673960438">
        <ele>45.0</ele>
        <time>2026-08-15T10:18:02.000Z</time>
      </trkpt>
      <trkpt lat="40.06986031660032" lon="116.34637191940512">
        <ele>45.0</ele>
        <time>2026-08-15T10:18:03.000Z</time>
      </trkpt>
      <trkpt lat="40.069859374615376" lon="116.3463374588704">
        <ele>45.0</ele>
        <time>2026-08-15T10:18:04.000Z</time>
      </trkpt>
      <trkpt lat="40.069858445385414" lon="116.34630410887756">
        <ele>45.0</ele>
        <time>2026-08-15T10:18:05.000Z</time>
      </trkpt>
      <trkpt lat="40.0698575131856" lon="116.34627203444961">
        <ele>45.0</ele>
        <time>2026-08-15T10:18:06.000Z</time>
      </trkpt>
      <trkpt lat="40.069856601516044" lon="116.34624100810562">
        <ele>45.0</ele>
        <time>2026-08-15T10:18:07.000Z</time>
      </trkpt>
      <trkpt lat="40.069855769360295" lon="116.34621083437011">
        <ele>45.0</ele>
        <time>2026-08-15T10:18:08.000Z</time>
      </trkpt>
      <trkpt lat="40.06985502139254" lon="116.34618149719451">
        <ele>45.0</ele>
        <time>2026-08-15T10:18:09.000Z</time>
      </trkpt>
      <trkpt lat="40.069854394917904" lon="116.3461531701848">
        <ele>45.0</ele>
        <time>2026-08-15T10:18:10.000Z</time>
      </trkpt>
      <trkpt lat="40.069853955809386" lon="116.34612578318801">
        <ele>45.0</ele>
        <time>2026-08-15T10:18:11.000Z</time>
      </trkpt>
      <trkpt lat="40.06985374846273" lon="116.34609861934777">
        <ele>45.0</ele>
        <time>2026-08-15T10:18:12.000Z</time>
      </trkpt>
      <trkpt lat="40.06985377559635" lon="116.34607148430278">
        <ele>45.0</ele>
        <time>2026-08-15T10:18:13.000Z</time>
      </trkpt>
      <trkpt lat="40.069853950281825" lon="116.34604508882164">
        <ele>45.0</ele>
        <time>2026-08-15T10:18:14.000Z</time>
      </trkpt>
      <trkpt lat="40.06985416719609" lon="116.34601990480387">
        <ele>45.0</ele>
        <time>2026-08-15T10:18:15.000Z</time>
      </trkpt>
      <trkpt lat="40.069854376559476" lon="116.34599598984737">
        <ele>45.0</ele>
        <time>2026-08-15T10:18:16.000Z</time>
      </trkpt>
      <trkpt lat="40.069854612392625" lon="116.34597305639915">
        <ele>45.0</ele>
        <time>2026-08-15T10:18:17.000Z</time>
      </trkpt>
      <trkpt lat="40.06985488432385" lon="116.34595113567029">
        <ele>45.0</ele>
        <time>2026-08-15T10:18:18.000Z</time>
      </trkpt>
      <trkpt lat="40.06985515439127" lon="116.3459305205083">
        <ele>45.0</ele>
        <time>2026-08-15T10:18:19.000Z</time>
      </trkpt>
      <trkpt lat="40.06985552056574" lon="116.34591089524824">
        <ele>45.0</ele>
        <time>2026-08-15T10:18:20.000Z</time>
      </trkpt>
      <trkpt lat="40.06985610934991" lon="116.3458917947342">
        <ele>45.0</ele>
        <time>2026-08-15T10:18:21.000Z</time>
      </trkpt>
      <trkpt lat="40.06985688414317" lon="116.34587288009963">
        <ele>45.0</ele>
        <time>2026-08-15T10:18:22.000Z</time>
      </trkpt>
      <trkpt lat="40.06985771634322" lon="116.34585366202259">
        <ele>45.0</ele>
        <time>2026-08-15T10:18:23.000Z</time>
      </trkpt>
      <trkpt lat="40.069858550139855" lon="116.34583373621393">
        <ele>45.0</ele>
        <time>2026-08-15T10:18:24.000Z</time>
      </trkpt>
      <trkpt lat="40.06985935591073" lon="116.34581315773576">
        <ele>45.0</ele>
        <time>2026-08-15T10:18:25.000Z</time>
      </trkpt>
      <trkpt lat="40.06986010509792" lon="116.34579219808646">
        <ele>45.0</ele>
        <time>2026-08-15T10:18:26.000Z</time>
      </trkpt>
      <trkpt lat="40.06986058481151" lon="116.34577086217342">
        <ele>45.0</ele>
        <time>2026-08-15T10:18:27.000Z</time>
      </trkpt>
      <trkpt lat="40.069860489813415" lon="116.34574839971951">
        <ele>45.0</ele>
        <time>2026-08-15T10:18:28.000Z</time>
      </trkpt>
      <trkpt lat="40.06985981239687" lon="116.3457239703238">
        <ele>45.0</ele>
        <time>2026-08-15T10:18:29.000Z</time>
      </trkpt>
      <trkpt lat="40.06985873873843" lon="116.34569729141239">
        <ele>45.0</ele>
        <time>2026-08-15T10:18:30.000Z</time>
      </trkpt>
      <trkpt lat="40.069857550551404" lon="116.34566852905732">
        <ele>45.0</ele>
        <time>2026-08-15T10:18:31.000Z</time>
      </trkpt>
      <trkpt lat="40.06985652260834" lon="116.34563817399061">
        <ele>45.0</ele>
        <time>2026-08-15T10:18:32.000Z</time>
      </trkpt>
      <trkpt lat="40.06985586469615" lon="116.34560693146861">
        <ele>45.0</ele>
        <time>2026-08-15T10:18:33.000Z</time>
      </trkpt>
      <trkpt lat="40.069855725018535" lon="116.34557532179234">
        <ele>45.0</ele>
        <time>2026-08-15T10:18:34.000Z</time>
      </trkpt>
      <trkpt lat="40.06985606404774" lon="116.3455432455843">
        <ele>45.1</ele>
        <time>2026-08-15T10:18:35.000Z</time>
      </trkpt>
      <trkpt lat="40.06985667591103" lon="116.34551019343199">
        <ele>45.1</ele>
        <time>2026-08-15T10:18:36.000Z</time>
      </trkpt>
      <trkpt lat="40.069857309419326" lon="116.34547572477132">
        <ele>45.1</ele>
        <time>2026-08-15T10:18:37.000Z</time>
      </trkpt>
      <trkpt lat="40.06985784410749" lon="116.34544010006574">
        <ele>45.1</ele>
        <time>2026-08-15T10:18:38.000Z</time>
      </trkpt>
      <trkpt lat="40.06985833813581" lon="116.34540447020927">
        <ele>45.1</ele>
        <time>2026-08-15T10:18:39.000Z</time>
      </trkpt>
      <trkpt lat="40.0698588542161" lon="116.34537011537847">
        <ele>45.1</ele>
        <time>2026-08-15T10:18:40.000Z</time>
      </trkpt>
      <trkpt lat="40.069859441746424" lon="116.34533782687122">
        <ele>45.1</ele>
        <time>2026-08-15T10:18:41.000Z</time>
      </trkpt>
      <trkpt lat="40.06986014552044" lon="116.34530816633638">
        <ele>45.1</ele>
        <time>2026-08-15T10:18:42.000Z</time>
      </trkpt>
      <trkpt lat="40.06986096395756" lon="116.34528059668511">
        <ele>45.2</ele>
        <time>2026-08-15T10:18:43.000Z</time>
      </trkpt>
      <trkpt lat="40.06986185907089" lon="116.34525322834268">
        <ele>45.2</ele>
        <time>2026-08-15T10:18:44.000Z</time>
      </trkpt>
      <trkpt lat="40.06986306188408" lon="116.34522428999217">
        <ele>45.1</ele>
        <time>2026-08-15T10:18:45.000Z</time>
      </trkpt>
      <trkpt lat="40.06986492969562" lon="116.34519329625692">
        <ele>45.1</ele>
        <time>2026-08-15T10:18:46.000Z</time>
      </trkpt>
      <trkpt lat="40.06986756555404" lon="116.34516084148616">
        <ele>45.1</ele>
        <time>2026-08-15T10:18:47.000Z</time>
      </trkpt>
      <trkpt lat="40.069870863241384" lon="116.34512766019125">
        <ele>45.1</ele>
        <time>2026-08-15T10:18:48.000Z</time>
      </trkpt>
      <trkpt lat="40.069874527397566" lon="116.34509421120568">
        <ele>45.1</ele>
        <time>2026-08-15T10:18:49.000Z</time>
      </trkpt>
      <trkpt lat="40.06987822166862" lon="116.34506081534587">
        <ele>45.1</ele>
        <time>2026-08-15T10:18:50.000Z</time>
      </trkpt>
      <trkpt lat="40.069881742424805" lon="116.3450277479919">
        <ele>45.1</ele>
        <time>2026-08-15T10:18:51.000Z</time>
      </trkpt>
      <trkpt lat="40.06988494036474" lon="116.34499502492018">
        <ele>45.1</ele>
        <time>2026-08-15T10:18:52.000Z</time>
      </trkpt>
      <trkpt lat="40.069887676973366" lon="116.34496230478932">
        <ele>45.1</ele>
        <time>2026-08-15T10:18:53.000Z</time>
      </trkpt>
      <trkpt lat="40.06988994086962" lon="116.34492931707798">
        <ele>45.1</ele>
        <time>2026-08-15T10:18:54.000Z</time>
      </trkpt>
      <trkpt lat="40.06989185068271" lon="116.34489614972384">
        <ele>45.1</ele>
        <time>2026-08-15T10:18:55.000Z</time>
      </trkpt>
      <trkpt lat="40.069893519524705" lon="116.34486323274962">
        <ele>45.1</ele>
        <time>2026-08-15T10:18:56.000Z</time>
      </trkpt>
      <trkpt lat="40.0698950260589" lon="116.34483082810434">
        <ele>45.0</ele>
        <time>2026-08-15T10:18:57.000Z</time>
      </trkpt>
      <trkpt lat="40.06989640713854" lon="116.34479884366944">
        <ele>45.0</ele>
        <time>2026-08-15T10:18:58.000Z</time>
      </trkpt>
      <trkpt lat="40.0698977230258" lon="116.3447670622327">
        <ele>45.0</ele>
        <time>2026-08-15T10:18:59.000Z</time>
      </trkpt>
      <trkpt lat="40.06989901504271" lon="116.34473512837035">
        <ele>45.1</ele>
        <time>2026-08-15T10:18:59.999Z</time>
      </trkpt>
      <trkpt lat="40.06990018015392" lon="116.34470296189681">
        <ele>45.1</ele>
        <time>2026-08-15T10:19:00.999Z</time>
      </trkpt>
      <trkpt lat="40.069901105010054" lon="116.34467060872515">
        <ele>45.1</ele>
        <time>2026-08-15T10:19:01.999Z</time>
      </trkpt>
      <trkpt lat="40.069901776634175" lon="116.34463798554985">
        <ele>45.1</ele>
        <time>2026-08-15T10:19:02.999Z</time>
      </trkpt>
      <trkpt lat="40.06990228209192" lon="116.34460519113931">
        <ele>45.1</ele>
        <time>2026-08-15T10:19:03.999Z</time>
      </trkpt>
      <trkpt lat="40.06990271833056" lon="116.34457271842061">
        <ele>45.1</ele>
        <time>2026-08-15T10:19:04.999Z</time>
      </trkpt>
      <trkpt lat="40.06990325355321" lon="116.34454108378941">
        <ele>45.1</ele>
        <time>2026-08-15T10:19:05.999Z</time>
      </trkpt>
      <trkpt lat="40.0699040916544" lon="116.34451036495516">
        <ele>45.1</ele>
        <time>2026-08-15T10:19:06.999Z</time>
      </trkpt>
      <trkpt lat="40.06990534451029" lon="116.34447986825356">
        <ele>45.1</ele>
        <time>2026-08-15T10:19:07.999Z</time>
      </trkpt>
      <trkpt lat="40.069907073891656" lon="116.34444886618623">
        <ele>45.1</ele>
        <time>2026-08-15T10:19:08.999Z</time>
      </trkpt>
      <trkpt lat="40.0699091520117" lon="116.34441714703384">
        <ele>45.1</ele>
        <time>2026-08-15T10:19:09.999Z</time>
      </trkpt>
      <trkpt lat="40.06991115371555" lon="116.3443846723028">
        <ele>45.1</ele>
        <time>2026-08-15T10:19:10.999Z</time>
      </trkpt>
      <trkpt lat="40.06991258003424" lon="116.344351531072">
        <ele>45.1</ele>
        <time>2026-08-15T10:19:11.999Z</time>
      </trkpt>
      <trkpt lat="40.069913159136604" lon="116.3443179528545">
        <ele>45.1</ele>
        <time>2026-08-15T10:19:12.999Z</time>
      </trkpt>
      <trkpt lat="40.0699128547577" lon="116.34428407751453">
        <ele>45.1</ele>
        <time>2026-08-15T10:19:13.999Z</time>
      </trkpt>
      <trkpt lat="40.069911862828924" lon="116.34424993298032">
        <ele>45.0</ele>
        <time>2026-08-15T10:19:14.999Z</time>
      </trkpt>
      <trkpt lat="40.069910552395896" lon="116.34421585197197">
        <ele>45.0</ele>
        <time>2026-08-15T10:19:15.999Z</time>
      </trkpt>
      <trkpt lat="40.06990920320768" lon="116.34418209469915">
        <ele>45.0</ele>
        <time>2026-08-15T10:19:16.999Z</time>
      </trkpt>
      <trkpt lat="40.069907887158955" lon="116.34414853569632">
        <ele>45.0</ele>
        <time>2026-08-15T10:19:17.999Z</time>
      </trkpt>
      <trkpt lat="40.069906591634606" lon="116.34411488172032">
        <ele>45.0</ele>
        <time>2026-08-15T10:19:18.999Z</time>
      </trkpt>
      <trkpt lat="40.06990536007081" lon="116.34408090264792">
        <ele>44.9</ele>
        <time>2026-08-15T10:19:20.000Z</time>
      </trkpt>
      <trkpt lat="40.06990431431026" lon="116.34404657856301">
        <ele>44.9</ele>
        <time>2026-08-15T10:19:21.000Z</time>
      </trkpt>
      <trkpt lat="40.06990362969892" lon="116.34401199978937">
        <ele>44.9</ele>
        <time>2026-08-15T10:19:22.000Z</time>
      </trkpt>
      <trkpt lat="40.06990357710974" lon="116.34397732876454">
        <ele>44.9</ele>
        <time>2026-08-15T10:19:23.000Z</time>
      </trkpt>
      <trkpt lat="40.06990432480937" lon="116.3439428997822">
        <ele>44.9</ele>
        <time>2026-08-15T10:19:24.000Z</time>
      </trkpt>
      <trkpt lat="40.06990577254632" lon="116.34390889509373">
        <ele>44.9</ele>
        <time>2026-08-15T10:19:25.000Z</time>
      </trkpt>
      <trkpt lat="40.06990769361756" lon="116.34387539042109">
        <ele>44.9</ele>
        <time>2026-08-15T10:19:26.000Z</time>
      </trkpt>
      <trkpt lat="40.06990962598077" lon="116.34384236828922">
        <ele>44.9</ele>
        <time>2026-08-15T10:19:27.000Z</time>
      </trkpt>
      <trkpt lat="40.069910993708795" lon="116.34380961297562">
        <ele>44.9</ele>
        <time>2026-08-15T10:19:28.000Z</time>
      </trkpt>
      <trkpt lat="40.06991125982669" lon="116.34377699786171">
        <ele>44.9</ele>
        <time>2026-08-15T10:19:29.000Z</time>
      </trkpt>
      <trkpt lat="40.0699102907757" lon="116.34374448274343">
        <ele>44.8</ele>
        <time>2026-08-15T10:19:30.000Z</time>
      </trkpt>
      <trkpt lat="40.06990844098243" lon="116.34371208278891">
        <ele>44.8</ele>
        <time>2026-08-15T10:19:31.000Z</time>
      </trkpt>
      <trkpt lat="40.06990627259899" lon="116.34367994780128">
        <ele>44.8</ele>
        <time>2026-08-15T10:19:32.000Z</time>
      </trkpt>
      <trkpt lat="40.06990431489481" lon="116.34364833023771">
        <ele>44.8</ele>
        <time>2026-08-15T10:19:33.000Z</time>
      </trkpt>
      <trkpt lat="40.069902790467076" lon="116.3436172794101">
        <ele>44.8</ele>
        <time>2026-08-15T10:19:34.000Z</time>
      </trkpt>
      <trkpt lat="40.06990169807981" lon="116.34358686511817">
        <ele>44.8</ele>
        <time>2026-08-15T10:19:35.000Z</time>
      </trkpt>
      <trkpt lat="40.06990092120685" lon="116.34355713844663">
        <ele>44.8</ele>
        <time>2026-08-15T10:19:36.000Z</time>
      </trkpt>
      <trkpt lat="40.069900333812186" lon="116.34352766373753">
        <ele>44.8</ele>
        <time>2026-08-15T10:19:37.000Z</time>
      </trkpt>
      <trkpt lat="40.069899971586985" lon="116.34349806308292">
        <ele>44.8</ele>
        <time>2026-08-15T10:19:38.000Z</time>
      </trkpt>
      <trkpt lat="40.06990003656622" lon="116.34346843770268">
        <ele>44.8</ele>
        <time>2026-08-15T10:19:39.000Z</time>
      </trkpt>
      <trkpt lat="40.069900656057165" lon="116.34343908402855">
        <ele>44.8</ele>
        <time>2026-08-15T10:19:40.000Z</time>
      </trkpt>
      <trkpt lat="40.06990179697554" lon="116.34341019827518">
        <ele>44.8</ele>
        <time>2026-08-15T10:19:41.000Z</time>
      </trkpt>
      <trkpt lat="40.06990333495061" lon="116.34338169326765">
        <ele>44.8</ele>
        <time>2026-08-15T10:19:42.000Z</time>
      </trkpt>
      <trkpt lat="40.069905123513266" lon="116.34335330616415">
        <ele>44.8</ele>
        <time>2026-08-15T10:19:43.000Z</time>
      </trkpt>
      <trkpt lat="40.06990700788776" lon="116.34332519058717">
        <ele>44.8</ele>
        <time>2026-08-15T10:19:44.000Z</time>
      </trkpt>
      <trkpt lat="40.0699088450427" lon="116.34329776851249">
        <ele>44.8</ele>
        <time>2026-08-15T10:19:45.000Z</time>
      </trkpt>
      <trkpt lat="40.06991054620583" lon="116.34327100206777">
        <ele>44.8</ele>
        <time>2026-08-15T10:19:46.000Z</time>
      </trkpt>
      <trkpt lat="40.069912152278114" lon="116.34324407763367">
        <ele>44.8</ele>
        <time>2026-08-15T10:19:47.000Z</time>
      </trkpt>
      <trkpt lat="40.069913628038066" lon="116.34321613740053">
        <ele>44.8</ele>
        <time>2026-08-15T10:19:48.000Z</time>
      </trkpt>
      <trkpt lat="40.06991481300912" lon="116.34318715244316">
        <ele>44.8</ele>
        <time>2026-08-15T10:19:49.000Z</time>
      </trkpt>
      <trkpt lat="40.06991556046319" lon="116.34315754484187">
        <ele>44.8</ele>
        <time>2026-08-15T10:19:50.000Z</time>
      </trkpt>
      <trkpt lat="40.06991567682734" lon="116.34312766609528">
        <ele>44.8</ele>
        <time>2026-08-15T10:19:51.000Z</time>
      </trkpt>
      <trkpt lat="40.069915021769724" lon="116.34309746080365">
        <ele>44.8</ele>
        <time>2026-08-15T10:19:52.000Z</time>
      </trkpt>
      <trkpt lat="40.069913569162644" lon="116.34306665004289">
        <ele>44.8</ele>
        <time>2026-08-15T10:19:53.000Z</time>
      </trkpt>
      <trkpt lat="40.06991139608516" lon="116.3430349703792">
        <ele>44.8</ele>
        <time>2026-08-15T10:19:54.000Z</time>
      </trkpt>
      <trkpt lat="40.06990871430511" lon="116.34300264690758">
        <ele>44.8</ele>
        <time>2026-08-15T10:19:55.000Z</time>
      </trkpt>
      <trkpt lat="40.06990579327187" lon="116.34297038588811">
        <ele>44.8</ele>
        <time>2026-08-15T10:19:56.000Z</time>
      </trkpt>
      <trkpt lat="40.06990286378026" lon="116.34293879560232">
        <ele>44.8</ele>
        <time>2026-08-15T10:19:57.000Z</time>
      </trkpt>
      <trkpt lat="40.06990014780378" lon="116.34290837557637">
        <ele>44.8</ele>
        <time>2026-08-15T10:19:58.000Z</time>
      </trkpt>
      <trkpt lat="40.0698977612641" lon="116.34287912427249">
        <ele>44.8</ele>
        <time>2026-08-15T10:19:59.000Z</time>
      </trkpt>
      <trkpt lat="40.06989568660174" lon="116.34285043560682">
        <ele>44.8</ele>
        <time>2026-08-15T10:20:00.000Z</time>
      </trkpt>
      <trkpt lat="40.06989387577298" lon="116.34282151591405">
        <ele>44.8</ele>
        <time>2026-08-15T10:20:01.000Z</time>
      </trkpt>
      <trkpt lat="40.06989223733287" lon="116.34279133854278">
        <ele>44.8</ele>
        <time>2026-08-15T10:20:02.000Z</time>
      </trkpt>
      <trkpt lat="40.06989080768151" lon="116.34275942455754">
        <ele>44.8</ele>
        <time>2026-08-15T10:20:03.000Z</time>
      </trkpt>
      <trkpt lat="40.06988968441649" lon="116.34272613396736">
        <ele>44.8</ele>
        <time>2026-08-15T10:20:04.000Z</time>
      </trkpt>
      <trkpt lat="40.06988879063537" lon="116.34269192200335">
        <ele>44.8</ele>
        <time>2026-08-15T10:20:05.000Z</time>
      </trkpt>
      <trkpt lat="40.069888001018974" lon="116.34265742169666">
        <ele>44.7</ele>
        <time>2026-08-15T10:20:06.000Z</time>
      </trkpt>
      <trkpt lat="40.06988725141671" lon="116.34262315240633">
        <ele>44.7</ele>
        <time>2026-08-15T10:20:07.000Z</time>
      </trkpt>
      <trkpt lat="40.0698864508173" lon="116.34258919995297">
        <ele>44.7</ele>
        <time>2026-08-15T10:20:08.000Z</time>
      </trkpt>
      <trkpt lat="40.069885529426735" lon="116.34255552074865">
        <ele>44.7</ele>
        <time>2026-08-15T10:20:09.000Z</time>
      </trkpt>
      <trkpt lat="40.06988455389704" lon="116.34252174141491">
        <ele>44.7</ele>
        <time>2026-08-15T10:20:10.000Z</time>
      </trkpt>
      <trkpt lat="40.06988377519213" lon="116.34248768660049">
        <ele>44.7</ele>
        <time>2026-08-15T10:20:11.000Z</time>
      </trkpt>
      <trkpt lat="40.06988352837537" lon="116.34245369221881">
        <ele>44.7</ele>
        <time>2026-08-15T10:20:12.000Z</time>
      </trkpt>
      <trkpt lat="40.06988399218173" lon="116.34242015401749">
        <ele>44.7</ele>
        <time>2026-08-15T10:20:13.000Z</time>
      </trkpt>
      <trkpt lat="40.06988504802215" lon="116.3423874539586">
        <ele>44.7</ele>
        <time>2026-08-15T10:20:14.000Z</time>
      </trkpt>
      <trkpt lat="40.06988641599632" lon="116.34235559306143">
        <ele>44.7</ele>
        <time>2026-08-15T10:20:15.000Z</time>
      </trkpt>
      <trkpt lat="40.069887850577075" lon="116.34232408119468">
        <ele>44.7</ele>
        <time>2026-08-15T10:20:16.000Z</time>
      </trkpt>
      <trkpt lat="40.06988919541615" lon="116.34229253929698">
        <ele>44.7</ele>
        <time>2026-08-15T10:20:17.000Z</time>
      </trkpt>
      <trkpt lat="40.069890340798565" lon="116.34226089815813">
        <ele>44.7</ele>
        <time>2026-08-15T10:20:18.000Z</time>
      </trkpt>
      <trkpt lat="40.06989125041136" lon="116.3422290151903">
        <ele>44.7</ele>
        <time>2026-08-15T10:20:19.000Z</time>
      </trkpt>
      <trkpt lat="40.0698920052027" lon="116.34219682643764">
        <ele>44.7</ele>
        <time>2026-08-15T10:20:20.000Z</time>
      </trkpt>
      <trkpt lat="40.06989265032304" lon="116.34216444437524">
        <ele>44.7</ele>
        <time>2026-08-15T10:20:21.000Z</time>
      </trkpt>
      <trkpt lat="40.06989316954349" lon="116.3421318353824">
        <ele>44.7</ele>
        <time>2026-08-15T10:20:22.000Z</time>
      </trkpt>
      <trkpt lat="40.06989356337087" lon="116.34209911809656">
        <ele>44.7</ele>
        <time>2026-08-15T10:20:23.000Z</time>
      </trkpt>
      <trkpt lat="40.069893877850625" lon="116.34206653118265">
        <ele>44.7</ele>
        <time>2026-08-15T10:20:24.000Z</time>
      </trkpt>
      <trkpt lat="40.06989423053834" lon="116.34203426551842">
        <ele>44.7</ele>
        <time>2026-08-15T10:20:25.000Z</time>
      </trkpt>
      <trkpt lat="40.06989473133048" lon="116.34200241373092">
        <ele>44.7</ele>
        <time>2026-08-15T10:20:26.000Z</time>
      </trkpt>
      <trkpt lat="40.06989542243089" lon="116.34197077849097">
        <ele>44.7</ele>
        <time>2026-08-15T10:20:27.000Z</time>
      </trkpt>
      <trkpt lat="40.06989634976933" lon="116.3419392498342">
        <ele>44.7</ele>
        <time>2026-08-15T10:20:28.000Z</time>
      </trkpt>
      <trkpt lat="40.069897557396544" lon="116.34190800730885">
        <ele>44.7</ele>
        <time>2026-08-15T10:20:29.000Z</time>
      </trkpt>
      <trkpt lat="40.06989895677369" lon="116.34187737837243">
        <ele>44.6</ele>
        <time>2026-08-15T10:20:30.000Z</time>
      </trkpt>
      <trkpt lat="40.069900366169044" lon="116.34184703156204">
        <ele>44.6</ele>
        <time>2026-08-15T10:20:31.000Z</time>
      </trkpt>
      <trkpt lat="40.06990169572574" lon="116.34181649996718">
        <ele>44.6</ele>
        <time>2026-08-15T10:20:32.000Z</time>
      </trkpt>
      <trkpt lat="40.06990292774787" lon="116.34178597903215">
        <ele>44.6</ele>
        <time>2026-08-15T10:20:33.000Z</time>
      </trkpt>
      <trkpt lat="40.069904074386514" lon="116.341755560133">
        <ele>44.6</ele>
        <time>2026-08-15T10:20:34.000Z</time>
      </trkpt>
      <trkpt lat="40.06990512150288" lon="116.3417249738499">
        <ele>44.6</ele>
        <time>2026-08-15T10:20:35.000Z</time>
      </trkpt>
      <trkpt lat="40.069906046045034" lon="116.34169386937019">
        <ele>44.6</ele>
        <time>2026-08-15T10:20:36.000Z</time>
      </trkpt>
      <trkpt lat="40.06990686995074" lon="116.34166183611225">
        <ele>44.5</ele>
        <time>2026-08-15T10:20:37.000Z</time>
      </trkpt>
      <trkpt lat="40.06990760914371" lon="116.34162866680636">
        <ele>44.5</ele>
        <time>2026-08-15T10:20:38.000Z</time>
      </trkpt>
      <trkpt lat="40.06990827728553" lon="116.34159446540691">
        <ele>44.5</ele>
        <time>2026-08-15T10:20:39.000Z</time>
      </trkpt>
      <trkpt lat="40.06990883475872" lon="116.34155957929605">
        <ele>44.5</ele>
        <time>2026-08-15T10:20:40.000Z</time>
      </trkpt>
      <trkpt lat="40.06990922303818" lon="116.34152440360788">
        <ele>44.5</ele>
        <time>2026-08-15T10:20:41.000Z</time>
      </trkpt>
      <trkpt lat="40.06990948989363" lon="116.34148909698872">
        <ele>44.5</ele>
        <time>2026-08-15T10:20:42.000Z</time>
      </trkpt>
      <trkpt lat="40.06990967979877" lon="116.34145390604404">
        <ele>44.5</ele>
        <time>2026-08-15T10:20:43.000Z</time>
      </trkpt>
      <trkpt lat="40.069909744569905" lon="116.34141913234431">
        <ele>44.5</ele>
        <time>2026-08-15T10:20:44.000Z</time>
      </trkpt>
      <trkpt lat="40.06990962079442" lon="116.34138491371948">
        <ele>44.5</ele>
        <time>2026-08-15T10:20:45.000Z</time>
      </trkpt>
      <trkpt lat="40.06990928992795" lon="116.3413512526972">
        <ele>44.5</ele>
        <time>2026-08-15T10:20:46.000Z</time>
      </trkpt>
      <trkpt lat="40.06990882716956" lon="116.34131806288909">
        <ele>44.5</ele>
        <time>2026-08-15T10:20:47.000Z</time>
      </trkpt>
      <trkpt lat="40.06990832856688" lon="116.34128537011574">
        <ele>44.5</ele>
        <time>2026-08-15T10:20:48.000Z</time>
      </trkpt>
      <trkpt lat="40.06990784155718" lon="116.34125309461729">
        <ele>44.5</ele>
        <time>2026-08-15T10:20:49.000Z</time>
      </trkpt>
      <trkpt lat="40.06990734969727" lon="116.34122072814553">
        <ele>44.5</ele>
        <time>2026-08-15T10:20:50.000Z</time>
      </trkpt>
      <trkpt lat="40.06990676148446" lon="116.34118803599439">
        <ele>44.5</ele>
        <time>2026-08-15T10:20:51.000Z</time>
      </trkpt>
      <trkpt lat="40.06990603319976" lon="116.34115506809155">
        <ele>44.5</ele>
        <time>2026-08-15T10:20:52.000Z</time>
      </trkpt>
      <trkpt lat="40.06990527450602" lon="116.34112207472805">
        <ele>44.6</ele>
        <time>2026-08-15T10:20:53.000Z</time>
      </trkpt>
      <trkpt lat="40.06990468928095" lon="116.34108954775856">
        <ele>44.6</ele>
        <time>2026-08-15T10:20:54.000Z</time>
      </trkpt>
      <trkpt lat="40.06990436746651" lon="116.34105761185926">
        <ele>44.6</ele>
        <time>2026-08-15T10:20:55.000Z</time>
      </trkpt>
      <trkpt lat="40.069904276173865" lon="116.341026035082">
        <ele>44.6</ele>
        <time>2026-08-15T10:20:56.000Z</time>
      </trkpt>
      <trkpt lat="40.069904428835706" lon="116.3409943718034">
        <ele>44.6</ele>
        <time>2026-08-15T10:20:57.000Z</time>
      </trkpt>
      <trkpt lat="40.069904867363135" lon="116.34096221278786">
        <ele>44.6</ele>
        <time>2026-08-15T10:20:58.000Z</time>
      </trkpt>
      <trkpt lat="40.06990558489584" lon="116.34092965974551">
        <ele>44.6</ele>
        <time>2026-08-15T10:20:59.000Z</time>
      </trkpt>
      <trkpt lat="40.06990653368746" lon="116.34089712393725">
        <ele>44.6</ele>
        <time>2026-08-15T10:21:00.000Z</time>
      </trkpt>
      <trkpt lat="40.069907601472075" lon="116.34086481728085">
        <ele>44.6</ele>
        <time>2026-08-15T10:21:01.000Z</time>
      </trkpt>
      <trkpt lat="40.06990865488165" lon="116.34083271334637">
        <ele>44.6</ele>
        <time>2026-08-15T10:21:02.000Z</time>
      </trkpt>
      <trkpt lat="40.069909567418726" lon="116.3408008665794">
        <ele>44.6</ele>
        <time>2026-08-15T10:21:03.000Z</time>
      </trkpt>
      <trkpt lat="40.0699101614631" lon="116.34076936755123">
        <ele>44.7</ele>
        <time>2026-08-15T10:21:04.000Z</time>
      </trkpt>
      <trkpt lat="40.06991036859154" lon="116.34073795396736">
        <ele>44.7</ele>
        <time>2026-08-15T10:21:04.999Z</time>
      </trkpt>
      <trkpt lat="40.0699102570212" lon="116.34070647683396">
        <ele>44.7</ele>
        <time>2026-08-15T10:21:05.999Z</time>
      </trkpt>
      <trkpt lat="40.069909871987505" lon="116.34067494845526">
        <ele>44.7</ele>
        <time>2026-08-15T10:21:06.999Z</time>
      </trkpt>
      <trkpt lat="40.06990929622071" lon="116.34064318176291">
        <ele>44.7</ele>
        <time>2026-08-15T10:21:07.999Z</time>
      </trkpt>
      <trkpt lat="40.069908689812735" lon="116.34061132111431">
        <ele>44.7</ele>
        <time>2026-08-15T10:21:08.999Z</time>
      </trkpt>
      <trkpt lat="40.06990816333207" lon="116.3405794347469">
        <ele>44.7</ele>
        <time>2026-08-15T10:21:09.999Z</time>
      </trkpt>
      <trkpt lat="40.06990776113048" lon="116.34054715838437">
        <ele>44.7</ele>
        <time>2026-08-15T10:21:10.999Z</time>
      </trkpt>
      <trkpt lat="40.06990748390968" lon="116.3405141764068">
        <ele>44.7</ele>
        <time>2026-08-15T10:21:11.999Z</time>
      </trkpt>
      <trkpt lat="40.069907264806176" lon="116.34048048247429">
        <ele>44.7</ele>
        <time>2026-08-15T10:21:12.999Z</time>
      </trkpt>
      <trkpt lat="40.06990708867712" lon="116.3404464127044">
        <ele>44.7</ele>
        <time>2026-08-15T10:21:13.999Z</time>
      </trkpt>
      <trkpt lat="40.069907021349486" lon="116.34041221095059">
        <ele>44.7</ele>
        <time>2026-08-15T10:21:14.999Z</time>
      </trkpt>
      <trkpt lat="40.069907124983274" lon="116.34037785140279">
        <ele>44.7</ele>
        <time>2026-08-15T10:21:15.999Z</time>
      </trkpt>
      <trkpt lat="40.06990744348703" lon="116.34034330324415">
        <ele>44.7</ele>
        <time>2026-08-15T10:21:16.999Z</time>
      </trkpt>
      <trkpt lat="40.06990797825445" lon="116.34030873634484">
        <ele>44.7</ele>
        <time>2026-08-15T10:21:17.999Z</time>
      </trkpt>
      <trkpt lat="40.069908701853045" lon="116.34027464794138">
        <ele>44.7</ele>
        <time>2026-08-15T10:21:18.999Z</time>
      </trkpt>
      <trkpt lat="40.069909498786544" lon="116.34024193348883">
        <ele>44.7</ele>
        <time>2026-08-15T10:21:19.999Z</time>
      </trkpt>
      <trkpt lat="40.0699102720538" lon="116.34021090750925">
        <ele>44.7</ele>
        <time>2026-08-15T10:21:20.999Z</time>
      </trkpt>
      <trkpt lat="40.06991109450233" lon="116.34018123056593">
        <ele>44.7</ele>
        <time>2026-08-15T10:21:21.999Z</time>
      </trkpt>
      <trkpt lat="40.06991199541702" lon="116.34015221962616">
        <ele>44.7</ele>
        <time>2026-08-15T10:21:22.999Z</time>
      </trkpt>
      <trkpt lat="40.069912945985" lon="116.34012298212906">
        <ele>44.7</ele>
        <time>2026-08-15T10:21:23.999Z</time>
      </trkpt>
      <trkpt lat="40.069914068975514" lon="116.34009312030527">
        <ele>44.7</ele>
        <time>2026-08-15T10:21:24.999Z</time>
      </trkpt>
      <trkpt lat="40.06991550869691" lon="116.34006288187462">
        <ele>44.7</ele>
        <time>2026-08-15T10:21:26.000Z</time>
      </trkpt>
      <trkpt lat="40.069917257740215" lon="116.34003304881801">
        <ele>44.7</ele>
        <time>2026-08-15T10:21:27.000Z</time>
      </trkpt>
      <trkpt lat="40.069919196272714" lon="116.34000439624204">
        <ele>44.7</ele>
        <time>2026-08-15T10:21:28.000Z</time>
      </trkpt>
      <trkpt lat="40.06992115398341" lon="116.33997732027044">
        <ele>44.7</ele>
        <time>2026-08-15T10:21:29.000Z</time>
      </trkpt>
      <trkpt lat="40.06992296916029" lon="116.33995161653495">
        <ele>44.7</ele>
        <time>2026-08-15T10:21:30.000Z</time>
      </trkpt>
      <trkpt lat="40.069924600897885" lon="116.33992673079857">
        <ele>44.7</ele>
        <time>2026-08-15T10:21:31.000Z</time>
      </trkpt>
      <trkpt lat="40.06992614817178" lon="116.3399012251726">
        <ele>44.7</ele>
        <time>2026-08-15T10:21:32.000Z</time>
      </trkpt>
      <trkpt lat="40.06992774919537" lon="116.33987403019367">
        <ele>44.7</ele>
        <time>2026-08-15T10:21:33.000Z</time>
      </trkpt>
      <trkpt lat="40.06992948097934" lon="116.33984528822404">
        <ele>44.7</ele>
        <time>2026-08-15T10:21:34.000Z</time>
      </trkpt>
      <trkpt lat="40.06993135001846" lon="116.33981517942112">
        <ele>44.7</ele>
        <time>2026-08-15T10:21:35.000Z</time>
      </trkpt>
      <trkpt lat="40.06993338073587" lon="116.33978393034181">
        <ele>44.7</ele>
        <time>2026-08-15T10:21:36.000Z</time>
      </trkpt>
      <trkpt lat="40.069935525656824" lon="116.33975209746075">
        <ele>44.7</ele>
        <time>2026-08-15T10:21:37.000Z</time>
      </trkpt>
      <trkpt lat="40.06993758576672" lon="116.33972041740806">
        <ele>44.8</ele>
        <time>2026-08-15T10:21:38.000Z</time>
      </trkpt>
      <trkpt lat="40.069939373215604" lon="116.33968928228586">
        <ele>44.8</ele>
        <time>2026-08-15T10:21:39.000Z</time>
      </trkpt>
      <trkpt lat="40.06994078338025" lon="116.33965839414114">
        <ele>44.8</ele>
        <time>2026-08-15T10:21:40.000Z</time>
      </trkpt>
      <trkpt lat="40.069941794899044" lon="116.33962716986686">
        <ele>44.8</ele>
        <time>2026-08-15T10:21:41.000Z</time>
      </trkpt>
      <trkpt lat="40.069942498070525" lon="116.3395952978373">
        <ele>44.7</ele>
        <time>2026-08-15T10:21:42.000Z</time>
      </trkpt>
      <trkpt lat="40.06994303416288" lon="116.33956281298254">
        <ele>44.7</ele>
        <time>2026-08-15T10:21:43.000Z</time>
      </trkpt>
      <trkpt lat="40.06994353100378" lon="116.33953004474492">
        <ele>44.7</ele>
        <time>2026-08-15T10:21:44.000Z</time>
      </trkpt>
      <trkpt lat="40.069944064039916" lon="116.33949709607721">
        <ele>44.7</ele>
        <time>2026-08-15T10:21:45.000Z</time>
      </trkpt>
      <trkpt lat="40.069944678070094" lon="116.33946381119546">
        <ele>44.7</ele>
        <time>2026-08-15T10:21:46.000Z</time>
      </trkpt>
      <trkpt lat="40.069945375868436" lon="116.33943026103177">
        <ele>44.7</ele>
        <time>2026-08-15T10:21:47.000Z</time>
      </trkpt>
      <trkpt lat="40.06994610773889" lon="116.3393967925271">
        <ele>44.7</ele>
        <time>2026-08-15T10:21:48.000Z</time>
      </trkpt>
      <trkpt lat="40.06994686194993" lon="116.33936352827709">
        <ele>44.7</ele>
        <time>2026-08-15T10:21:49.000Z</time>
      </trkpt>
      <trkpt lat="40.06994772526528" lon="116.33933038512038">
        <ele>44.7</ele>
        <time>2026-08-15T10:21:50.000Z</time>
      </trkpt>
      <trkpt lat="40.0699487410359" lon="116.33929770735728">
        <ele>44.7</ele>
        <time>2026-08-15T10:21:51.000Z</time>
      </trkpt>
      <trkpt lat="40.06994993322402" lon="116.33926591403079">
        <ele>44.7</ele>
        <time>2026-08-15T10:21:52.000Z</time>
      </trkpt>
      <trkpt lat="40.06995143165887" lon="116.33923506650102">
        <ele>44.7</ele>
        <time>2026-08-15T10:21:53.000Z</time>
      </trkpt>
      <trkpt lat="40.069953343034534" lon="116.33920496222247">
        <ele>44.7</ele>
        <time>2026-08-15T10:21:54.000Z</time>
      </trkpt>
      <trkpt lat="40.06995583794224" lon="116.33917501417966">
        <ele>44.6</ele>
        <time>2026-08-15T10:21:55.000Z</time>
      </trkpt>
      <trkpt lat="40.069959087686016" lon="116.33914483778575">
        <ele>44.6</ele>
        <time>2026-08-15T10:21:56.000Z</time>
      </trkpt>
      <trkpt lat="40.06996318507126" lon="116.33911474477802">
        <ele>44.6</ele>
        <time>2026-08-15T10:21:57.000Z</time>
      </trkpt>
      <trkpt lat="40.06996834322323" lon="116.33908536926394">
        <ele>44.6</ele>
        <time>2026-08-15T10:21:58.000Z</time>
      </trkpt>
      <trkpt lat="40.0699750147386" lon="116.33905748983325">
        <ele>44.6</ele>
        <time>2026-08-15T10:21:59.000Z</time>
      </trkpt>
      <trkpt lat="40.069983742615925" lon="116.33903168798054">
        <ele>44.6</ele>
        <time>2026-08-15T10:22:00.000Z</time>
      </trkpt>
      <trkpt lat="40.06999492549572" lon="116.33900813696044">
        <ele>44.6</ele>
        <time>2026-08-15T10:22:01.000Z</time>
      </trkpt>
      <trkpt lat="40.070008792553075" lon="116.33898649789535">
        <ele>44.6</ele>
        <time>2026-08-15T10:22:02.000Z</time>
      </trkpt>
      <trkpt lat="40.070025012357426" lon="116.33896642476905">
        <ele>44.6</ele>
        <time>2026-08-15T10:22:03.000Z</time>
      </trkpt>
      <trkpt lat="40.07004284534716" lon="116.3389481427551">
        <ele>44.6</ele>
        <time>2026-08-15T10:22:04.000Z</time>
      </trkpt>
      <trkpt lat="40.070062039549015" lon="116.33893213315467">
        <ele>44.6</ele>
        <time>2026-08-15T10:22:05.000Z</time>
      </trkpt>
      <trkpt lat="40.07008269674537" lon="116.33891876438541">
        <ele>44.6</ele>
        <time>2026-08-15T10:22:06.000Z</time>
      </trkpt>
      <trkpt lat="40.070105043661975" lon="116.33890806319785">
        <ele>44.6</ele>
        <time>2026-08-15T10:22:07.000Z</time>
      </trkpt>
      <trkpt lat="40.07012929239881" lon="116.33889989275673">
        <ele>44.5</ele>
        <time>2026-08-15T10:22:08.000Z</time>
      </trkpt>
      <trkpt lat="40.070155091238775" lon="116.3388939799049">
        <ele>44.5</ele>
        <time>2026-08-15T10:22:09.000Z</time>
      </trkpt>
      <trkpt lat="40.0701818016742" lon="116.33888969787495">
        <ele>44.5</ele>
        <time>2026-08-15T10:22:10.000Z</time>
      </trkpt>
      <trkpt lat="40.07020877495419" lon="116.33888646857048">
        <ele>44.5</ele>
        <time>2026-08-15T10:22:11.000Z</time>
      </trkpt>
      <trkpt lat="40.07023547014547" lon="116.33888404596759">
        <ele>44.5</ele>
        <time>2026-08-15T10:22:12.000Z</time>
      </trkpt>
      <trkpt lat="40.07026171640408" lon="116.33888227541225">
        <ele>44.4</ele>
        <time>2026-08-15T10:22:13.000Z</time>
      </trkpt>
      <trkpt lat="40.07028758163761" lon="116.33888100774311">
        <ele>44.4</ele>
        <time>2026-08-15T10:22:14.000Z</time>
      </trkpt>
      <trkpt lat="40.070313119603725" lon="116.33888002243516">
        <ele>44.4</ele>
        <time>2026-08-15T10:22:15.000Z</time>
      </trkpt>
      <trkpt lat="40.07033836827138" lon="116.33887913129155">
        <ele>44.3</ele>
        <time>2026-08-15T10:22:16.000Z</time>
      </trkpt>
      <trkpt lat="40.07036333969019" lon="116.33887828219889">
        <ele>44.3</ele>
        <time>2026-08-15T10:22:17.000Z</time>
      </trkpt>
      <trkpt lat="40.07038796610432" lon="116.33887742299993">
        <ele>44.3</ele>
        <time>2026-08-15T10:22:18.000Z</time>
      </trkpt>
      <trkpt lat="40.070412234656736" lon="116.33887648539819">
        <ele>44.2</ele>
        <time>2026-08-15T10:22:19.000Z</time>
      </trkpt>
      <trkpt lat="40.07043622441201" lon="116.33887531313367">
        <ele>44.2</ele>
        <time>2026-08-15T10:22:20.000Z</time>
        <extensions>
  <gpxtpx:TrackPointExtension>
    <gpxtpx:hr>162</gpxtpx:hr>
  </gpxtpx:TrackPointExtension>
</extensions>
      </trkpt>
      <trkpt lat="40.07046007682698" lon="116.33887356829982">
        <ele>44.2</ele>
        <time>2026-08-15T10:22:21.000Z</time>
        <extensions>
  <gpxtpx:TrackPointExtension>
    <gpxtpx:hr>162</gpxtpx:hr>
  </gpxtpx:TrackPointExtension>
</extensions>
      </trkpt>
      <trkpt lat="40.07048406069053" lon="116.33887088913788">
        <ele>44.1</ele>
        <time>2026-08-15T10:22:22.000Z</time>
        <extensions>
  <gpxtpx:TrackPointExtension>
    <gpxtpx:hr>162</gpxtpx:hr>
  </gpxtpx:TrackPointExtension>
</extensions>
      </trkpt>
      <trkpt lat="40.07050823028586" lon="116.33886709633579">
        <ele>44.1</ele>
        <time>2026-08-15T10:22:23.000Z</time>
        <extensions>
  <gpxtpx:TrackPointExtension>
    <gpxtpx:hr>162</gpxtpx:hr>
  </gpxtpx:TrackPointExtension>
</extensions>
      </trkpt>
      <trkpt lat="40.070532362735236" lon="116.33886241376675">
        <ele>44.1</ele>
        <time>2026-08-15T10:22:24.000Z</time>
        <extensions>
  <gpxtpx:TrackPointExtension>
    <gpxtpx:hr>162</gpxtpx:hr>
  </gpxtpx:TrackPointExtension>
</extensions>
      </trkpt>
      <trkpt lat="40.07055620935124" lon="116.33885717244466">
        <ele>44.1</ele>
        <time>2026-08-15T10:22:25.000Z</time>
        <extensions>
  <gpxtpx:TrackPointExtension>
    <gpxtpx:hr>162</gpxtpx:hr>
  </gpxtpx:TrackPointExtension>
</extensions>
      </trkpt>
      <trkpt lat="40.07057966367585" lon="116.33885146493137">
        <ele>44.1</ele>
        <time>2026-08-15T10:22:26.000Z</time>
        <extensions>
  <gpxtpx:TrackPointExtension>
    <gpxtpx:hr>162</gpxtpx:hr>
  </gpxtpx:TrackPointExtension>
</extensions>
      </trkpt>
      <trkpt lat="40.07060288550433" lon="116.33884538404425">
        <ele>44.1</ele>
        <time>2026-08-15T10:22:27.000Z</time>
        <extensions>
  <gpxtpx:TrackPointExtension>
    <gpxtpx:hr>162</gpxtpx:hr>
  </gpxtpx:TrackPointExtension>
</extensions>
      </trkpt>
      <trkpt lat="40.070626081767905" lon="116.33883929594708">
        <ele>44.0</ele>
        <time>2026-08-15T10:22:28.000Z</time>
        <extensions>
  <gpxtpx:TrackPointExtension>
    <gpxtpx:hr>162</gpxtpx:hr>
  </gpxtpx:TrackPointExtension>
</extensions>
      </trkpt>
      <trkpt lat="40.07064931065529" lon="116.33883369158394">
        <ele>44.0</ele>
        <time>2026-08-15T10:22:29.000Z</time>
        <extensions>
  <gpxtpx:TrackPointExtension>
    <gpxtpx:hr>162</gpxtpx:hr>
  </gpxtpx:TrackPointExtension>
</extensions>
      </trkpt>
      <trkpt lat="40.070672376782824" lon="116.3388288802373">
        <ele>44.0</ele>
        <time>2026-08-15T10:22:30.000Z</time>
      </trkpt>
      <trkpt lat="40.070694953738254" lon="116.33882507849789">
        <ele>44.1</ele>
        <time>2026-08-15T10:22:31.000Z</time>
      </trkpt>
      <trkpt lat="40.07071676360355" lon="116.33882250609327">
        <ele>44.1</ele>
        <time>2026-08-15T10:22:32.000Z</time>
      </trkpt>
      <trkpt lat="40.070737616197455" lon="116.33882120446812">
        <ele>44.1</ele>
        <time>2026-08-15T10:22:33.000Z</time>
      </trkpt>
      <trkpt lat="40.07075765036248" lon="116.33882104085859">
        <ele>44.1</ele>
        <time>2026-08-15T10:22:34.000Z</time>
      </trkpt>
      <trkpt lat="40.07077734852076" lon="116.33882180482703">
        <ele>44.1</ele>
        <time>2026-08-15T10:22:35.000Z</time>
      </trkpt>
      <trkpt lat="40.07079722357761" lon="116.33882317751113">
        <ele>44.1</ele>
        <time>2026-08-15T10:22:36.000Z</time>
      </trkpt>
      <trkpt lat="40.07081729397847" lon="116.33882490167466">
        <ele>44.1</ele>
        <time>2026-08-15T10:22:37.000Z</time>
      </trkpt>
      <trkpt lat="40.070837145070605" lon="116.33882689683114">
        <ele>44.1</ele>
        <time>2026-08-15T10:22:38.000Z</time>
      </trkpt>
      <trkpt lat="40.07085642341585" lon="116.33882910648282">
        <ele>44.1</ele>
        <time>2026-08-15T10:22:39.000Z</time>
      </trkpt>
      <trkpt lat="40.070875039282136" lon="116.33883149612116">
        <ele>44.1</ele>
        <time>2026-08-15T10:22:40.000Z</time>
      </trkpt>
      <trkpt lat="40.07089341023674" lon="116.3388339857545">
        <ele>44.1</ele>
        <time>2026-08-15T10:22:41.000Z</time>
      </trkpt>
      <trkpt lat="40.07091197530843" lon="116.33883631847557">
        <ele>44.1</ele>
        <time>2026-08-15T10:22:42.000Z</time>
      </trkpt>
      <trkpt lat="40.07093107971289" lon="116.33883826667592">
        <ele>44.1</ele>
        <time>2026-08-15T10:22:43.000Z</time>
      </trkpt>
      <trkpt lat="40.070951384015935" lon="116.33883981780134">
        <ele>44.1</ele>
        <time>2026-08-15T10:22:44.000Z</time>
      </trkpt>
      <trkpt lat="40.07097338288275" lon="116.33884123171792">
        <ele>44.1</ele>
        <time>2026-08-15T10:22:45.000Z</time>
      </trkpt>
      <trkpt lat="40.0709973921475" lon="116.33884300975534">
        <ele>44.1</ele>
        <time>2026-08-15T10:22:46.000Z</time>
      </trkpt>
      <trkpt lat="40.071023528350274" lon="116.33884563066705">
        <ele>44.1</ele>
        <time>2026-08-15T10:22:47.000Z</time>
      </trkpt>
      <trkpt lat="40.07105119174878" lon="116.33884939457029">
        <ele>44.1</ele>
        <time>2026-08-15T10:22:48.000Z</time>
      </trkpt>
      <trkpt lat="40.071079476260124" lon="116.33885450815444">
        <ele>44.1</ele>
        <time>2026-08-15T10:22:49.000Z</time>
      </trkpt>
      <trkpt lat="40.07110782491833" lon="116.33886080168246">
        <ele>44.0</ele>
        <time>2026-08-15T10:22:50.000Z</time>
      </trkpt>
      <trkpt lat="40.071136059144244" lon="116.33886764113429">
        <ele>44.0</ele>
        <time>2026-08-15T10:22:51.000Z</time>
      </trkpt>
      <trkpt lat="40.07116411798352" lon="116.33887470789146">
        <ele>44.0</ele>
        <time>2026-08-15T10:22:52.000Z</time>
      </trkpt>
      <trkpt lat="40.07119195226222" lon="116.33888175412206">
        <ele>44.0</ele>
        <time>2026-08-15T10:22:53.000Z</time>
      </trkpt>
      <trkpt lat="40.07121958086455" lon="116.33888797476753">
        <ele>44.0</ele>
        <time>2026-08-15T10:22:54.000Z</time>
      </trkpt>
      <trkpt lat="40.07124703247113" lon="116.33889259564701">
        <ele>43.9</ele>
        <time>2026-08-15T10:22:55.000Z</time>
      </trkpt>
      <trkpt lat="40.07127430614811" lon="116.33889559172448">
        <ele>43.9</ele>
        <time>2026-08-15T10:22:56.000Z</time>
      </trkpt>
      <trkpt lat="40.07130140876441" lon="116.33889752075831">
        <ele>43.9</ele>
        <time>2026-08-15T10:22:57.000Z</time>
      </trkpt>
      <trkpt lat="40.07132848756862" lon="116.33889881539625">
        <ele>43.9</ele>
        <time>2026-08-15T10:22:58.000Z</time>
      </trkpt>
      <trkpt lat="40.071355693354654" lon="116.33889944825003">
        <ele>43.9</ele>
        <time>2026-08-15T10:22:59.000Z</time>
      </trkpt>
      <trkpt lat="40.07138292727771" lon="116.33889908276876">
        <ele>43.9</ele>
        <time>2026-08-15T10:23:00.000Z</time>
      </trkpt>
      <trkpt lat="40.071410088720775" lon="116.33889748182757">
        <ele>43.9</ele>
        <time>2026-08-15T10:23:01.000Z</time>
      </trkpt>
      <trkpt lat="40.07143717766968" lon="116.33889447618857">
        <ele>43.9</ele>
        <time>2026-08-15T10:23:02.000Z</time>
      </trkpt>
      <trkpt lat="40.07146408331936" lon="116.33889031664503">
        <ele>43.8</ele>
        <time>2026-08-15T10:23:03.000Z</time>
      </trkpt>
      <trkpt lat="40.071490782852514" lon="116.33888540636808">
        <ele>43.8</ele>
        <time>2026-08-15T10:23:04.000Z</time>
      </trkpt>
      <trkpt lat="40.07151734436225" lon="116.33887989428283">
        <ele>43.8</ele>
        <time>2026-08-15T10:23:05.000Z</time>
      </trkpt>
      <trkpt lat="40.071543696476915" lon="116.33887368288302">
        <ele>43.8</ele>
        <time>2026-08-15T10:23:06.000Z</time>
      </trkpt>
      <trkpt lat="40.0715696567075" lon="116.33886649306407">
        <ele>43.8</ele>
        <time>2026-08-15T10:23:07.000Z</time>
      </trkpt>
      <trkpt lat="40.07159519153211" lon="116.33885844146903">
        <ele>43.8</ele>
        <time>2026-08-15T10:23:08.000Z</time>
      </trkpt>
      <trkpt lat="40.07162051696617" lon="116.33885012271737">
        <ele>43.8</ele>
        <time>2026-08-15T10:23:09.000Z</time>
      </trkpt>
      <trkpt lat="40.07164579667962" lon="116.33884200439326">
        <ele>43.8</ele>
        <time>2026-08-15T10:23:10.000Z</time>
      </trkpt>
      <trkpt lat="40.07167102442249" lon="116.33883413354197">
        <ele>43.8</ele>
        <time>2026-08-15T10:23:11.000Z</time>
      </trkpt>
      <trkpt lat="40.071696125092465" lon="116.33882643408134">
        <ele>43.8</ele>
        <time>2026-08-15T10:23:12.000Z</time>
      </trkpt>
      <trkpt lat="40.071721194550854" lon="116.3388189739767">
        <ele>43.8</ele>
        <time>2026-08-15T10:23:13.000Z</time>
      </trkpt>
      <trkpt lat="40.07174637627557" lon="116.33881218487798">
        <ele>43.8</ele>
        <time>2026-08-15T10:23:14.000Z</time>
      </trkpt>
      <trkpt lat="40.07177170417694" lon="116.33880673692653">
        <ele>43.8</ele>
        <time>2026-08-15T10:23:15.000Z</time>
      </trkpt>
      <trkpt lat="40.071797143985656" lon="116.33880303219492">
        <ele>43.8</ele>
        <time>2026-08-15T10:23:15.999Z</time>
      </trkpt>
      <trkpt lat="40.07182265685002" lon="116.33880084858477">
        <ele>43.8</ele>
        <time>2026-08-15T10:23:16.999Z</time>
      </trkpt>
      <trkpt lat="40.07184824420203" lon="116.33879941363587">
        <ele>43.8</ele>
        <time>2026-08-15T10:23:17.999Z</time>
      </trkpt>
      <trkpt lat="40.07187384445145" lon="116.33879822101895">
        <ele>43.8</ele>
        <time>2026-08-15T10:23:18.999Z</time>
      </trkpt>
      <trkpt lat="40.071899356765215" lon="116.3387976485511">
        <ele>43.8</ele>
        <time>2026-08-15T10:23:19.999Z</time>
      </trkpt>
      <trkpt lat="40.071924615250346" lon="116.33879862719357">
        <ele>43.8</ele>
        <time>2026-08-15T10:23:20.999Z</time>
      </trkpt>
      <trkpt lat="40.07194947986058" lon="116.33880168068133">
        <ele>43.8</ele>
        <time>2026-08-15T10:23:21.999Z</time>
      </trkpt>
      <trkpt lat="40.0719739523384" lon="116.3388066304802">
        <ele>43.7</ele>
        <time>2026-08-15T10:23:22.999Z</time>
      </trkpt>
      <trkpt lat="40.0719981521776" lon="116.33881284000029">
        <ele>43.7</ele>
        <time>2026-08-15T10:23:23.999Z</time>
      </trkpt>
      <trkpt lat="40.072022184312175" lon="116.33881979338962">
        <ele>43.7</ele>
        <time>2026-08-15T10:23:24.999Z</time>
      </trkpt>
      <trkpt lat="40.07204615040147" lon="116.33882733885847">
        <ele>43.7</ele>
        <time>2026-08-15T10:23:25.999Z</time>
      </trkpt>
      <trkpt lat="40.07207031411521" lon="116.33883516116009">
        <ele>43.7</ele>
        <time>2026-08-15T10:23:26.999Z</time>
      </trkpt>
      <trkpt lat="40.07209495126066" lon="116.33884254440534">
        <ele>43.7</ele>
        <time>2026-08-15T10:23:27.999Z</time>
      </trkpt>
      <trkpt lat="40.07212010230611" lon="116.3388489646993">
        <ele>43.7</ele>
        <time>2026-08-15T10:23:28.999Z</time>
      </trkpt>
      <trkpt lat="40.072145633318996" lon="116.33885452211646">
        <ele>43.7</ele>
        <time>2026-08-15T10:23:29.999Z</time>
      </trkpt>
      <trkpt lat="40.072171375321226" lon="116.33885960332785">
        <ele>43.7</ele>
        <time>2026-08-15T10:23:30.999Z</time>
      </trkpt>
      <trkpt lat="40.07219715447996" lon="116.33886423876251">
        <ele>43.7</ele>
        <time>2026-08-15T10:23:32.000Z</time>
      </trkpt>
      <trkpt lat="40.07222286814091" lon="116.33886806694848">
        <ele>43.7</ele>
        <time>2026-08-15T10:23:33.000Z</time>
      </trkpt>
      <trkpt lat="40.07224853751661" lon="116.33887094146945">
        <ele>43.7</ele>
        <time>2026-08-15T10:23:34.000Z</time>
      </trkpt>
      <trkpt lat="40.07227413625662" lon="116.33887293360894">
        <ele>43.6</ele>
        <time>2026-08-15T10:23:35.000Z</time>
      </trkpt>
      <trkpt lat="40.07229958917336" lon="116.33887428148068">
        <ele>43.6</ele>
        <time>2026-08-15T10:23:36.000Z</time>
      </trkpt>
      <trkpt lat="40.07232484255497" lon="116.33887518334767">
        <ele>43.6</ele>
        <time>2026-08-15T10:23:37.000Z</time>
      </trkpt>
      <trkpt lat="40.072349888034054" lon="116.33887608325989">
        <ele>43.6</ele>
        <time>2026-08-15T10:23:38.000Z</time>
      </trkpt>
      <trkpt lat="40.07237478526402" lon="116.33887757137424">
        <ele>43.6</ele>
        <time>2026-08-15T10:23:39.000Z</time>
      </trkpt>
      <trkpt lat="40.0723997615901" lon="116.3388796419396">
        <ele>43.6</ele>
        <time>2026-08-15T10:23:40.000Z</time>
      </trkpt>
      <trkpt lat="40.07242496666145" lon="116.33888155674374">
        <ele>43.6</ele>
        <time>2026-08-15T10:23:41.000Z</time>
      </trkpt>
      <trkpt lat="40.072450298387416" lon="116.33888241766176">
        <ele>43.6</ele>
        <time>2026-08-15T10:23:42.000Z</time>
      </trkpt>
      <trkpt lat="40.072475592598074" lon="116.33888249133791">
        <ele>43.6</ele>
        <time>2026-08-15T10:23:43.000Z</time>
      </trkpt>
      <trkpt lat="40.07250068261554" lon="116.33888270502497">
        <ele>43.6</ele>
        <time>2026-08-15T10:23:44.000Z</time>
      </trkpt>
      <trkpt lat="40.07252535114196" lon="116.33888387942403">
        <ele>43.6</ele>
        <time>2026-08-15T10:23:45.000Z</time>
      </trkpt>
      <trkpt lat="40.07254942014268" lon="116.33888711736617">
        <ele>43.5</ele>
        <time>2026-08-15T10:23:46.000Z</time>
      </trkpt>
      <trkpt lat="40.07257272068642" lon="116.33889360412941">
        <ele>43.5</ele>
        <time>2026-08-15T10:23:47.000Z</time>
      </trkpt>
      <trkpt lat="40.07259518344655" lon="116.33890369301722">
        <ele>43.5</ele>
        <time>2026-08-15T10:23:48.000Z</time>
      </trkpt>
      <trkpt lat="40.07261681679623" lon="116.33891660367277">
        <ele>43.5</ele>
        <time>2026-08-15T10:23:49.000Z</time>
      </trkpt>
      <trkpt lat="40.07263788840507" lon="116.33893086365401">
        <ele>43.5</ele>
        <time>2026-08-15T10:23:50.000Z</time>
      </trkpt>
      <trkpt lat="40.07265908862396" lon="116.33894436243172">
        <ele>43.4</ele>
        <time>2026-08-15T10:23:51.000Z</time>
      </trkpt>
      <trkpt lat="40.072680901479494" lon="116.3389554952587">
        <ele>43.4</ele>
        <time>2026-08-15T10:23:52.000Z</time>
      </trkpt>
      <trkpt lat="40.07270339524214" lon="116.33896372578906">
        <ele>43.4</ele>
        <time>2026-08-15T10:23:53.000Z</time>
      </trkpt>
      <trkpt lat="40.07272634477528" lon="116.33896918571092">
        <ele>43.4</ele>
        <time>2026-08-15T10:23:54.000Z</time>
      </trkpt>
      <trkpt lat="40.07274953049513" lon="116.33897244847472">
        <ele>43.4</ele>
        <time>2026-08-15T10:23:55.000Z</time>
      </trkpt>
      <trkpt lat="40.072773061055436" lon="116.3389740624011">
        <ele>43.4</ele>
        <time>2026-08-15T10:23:56.000Z</time>
      </trkpt>
      <trkpt lat="40.07279688338822" lon="116.33897416318027">
        <ele>43.4</ele>
        <time>2026-08-15T10:23:57.000Z</time>
      </trkpt>
      <trkpt lat="40.07282067467684" lon="116.33897248858082">
        <ele>43.4</ele>
        <time>2026-08-15T10:23:58.000Z</time>
      </trkpt>
      <trkpt lat="40.07284423469234" lon="116.33896903982198">
        <ele>43.4</ele>
        <time>2026-08-15T10:23:59.000Z</time>
      </trkpt>
      <trkpt lat="40.07286750237431" lon="116.33896411172799">
        <ele>43.4</ele>
        <time>2026-08-15T10:24:00.000Z</time>
      </trkpt>
      <trkpt lat="40.07289048322917" lon="116.33895790921287">
        <ele>43.4</ele>
        <time>2026-08-15T10:24:01.000Z</time>
      </trkpt>
      <trkpt lat="40.07291320215882" lon="116.33895074458015">
        <ele>43.4</ele>
        <time>2026-08-15T10:24:02.000Z</time>
      </trkpt>
      <trkpt lat="40.072935725617555" lon="116.33894301848562">
        <ele>43.4</ele>
        <time>2026-08-15T10:24:03.000Z</time>
      </trkpt>
      <trkpt lat="40.07295819029879" lon="116.33893492312673">
        <ele>43.4</ele>
        <time>2026-08-15T10:24:04.000Z</time>
      </trkpt>
      <trkpt lat="40.0729807731149" lon="116.33892659638401">
        <ele>43.4</ele>
        <time>2026-08-15T10:24:05.000Z</time>
      </trkpt>
      <trkpt lat="40.07300348667326" lon="116.33891831679432">
        <ele>43.4</ele>
        <time>2026-08-15T10:24:06.000Z</time>
      </trkpt>
      <trkpt lat="40.07302630701206" lon="116.33891052460204">
        <ele>43.4</ele>
        <time>2026-08-15T10:24:07.000Z</time>
      </trkpt>
      <trkpt lat="40.07304924794511" lon="116.33890361655294">
        <ele>43.4</ele>
        <time>2026-08-15T10:24:08.000Z</time>
      </trkpt>
      <trkpt lat="40.07307231003448" lon="116.33889762237932">
        <ele>43.4</ele>
        <time>2026-08-15T10:24:09.000Z</time>
      </trkpt>
      <trkpt lat="40.07309542525233" lon="116.33889244523678">
        <ele>43.4</ele>
        <time>2026-08-15T10:24:10.000Z</time>
      </trkpt>
      <trkpt lat="40.07311851037452" lon="116.33888785066013">
        <ele>43.3</ele>
        <time>2026-08-15T10:24:11.000Z</time>
      </trkpt>
      <trkpt lat="40.07314157158992" lon="116.33888358946423">
        <ele>43.3</ele>
        <time>2026-08-15T10:24:12.000Z</time>
      </trkpt>
      <trkpt lat="40.073164571455976" lon="116.33887958138678">
        <ele>43.3</ele>
        <time>2026-08-15T10:24:13.000Z</time>
      </trkpt>
      <trkpt lat="40.07318750293773" lon="116.33887581298652">
        <ele>43.3</ele>
        <time>2026-08-15T10:24:14.000Z</time>
      </trkpt>
      <trkpt lat="40.07321048378261" lon="116.33887238726757">
        <ele>43.3</ele>
        <time>2026-08-15T10:24:15.000Z</time>
      </trkpt>
      <trkpt lat="40.07323366242234" lon="116.33886935101036">
        <ele>43.3</ele>
        <time>2026-08-15T10:24:16.000Z</time>
      </trkpt>
      <trkpt lat="40.073257201376705" lon="116.33886690736792">
        <ele>43.3</ele>
        <time>2026-08-15T10:24:17.000Z</time>
      </trkpt>
      <trkpt lat="40.07328111723226" lon="116.33886565118033">
        <ele>43.4</ele>
        <time>2026-08-15T10:24:18.000Z</time>
      </trkpt>
      <trkpt lat="40.07330522749755" lon="116.33886610710745">
        <ele>43.4</ele>
        <time>2026-08-15T10:24:19.000Z</time>
      </trkpt>
      <trkpt lat="40.07332914728698" lon="116.33886849769802">
        <ele>43.4</ele>
        <time>2026-08-15T10:24:20.000Z</time>
      </trkpt>
      <trkpt lat="40.07335254663409" lon="116.33887270251373">
        <ele>43.4</ele>
        <time>2026-08-15T10:24:21.000Z</time>
      </trkpt>
      <trkpt lat="40.07337556893361" lon="116.33887851686164">
        <ele>43.5</ele>
        <time>2026-08-15T10:24:22.000Z</time>
      </trkpt>
      <trkpt lat="40.07339848765571" lon="116.33888548218755">
        <ele>43.5</ele>
        <time>2026-08-15T10:24:23.000Z</time>
      </trkpt>
      <trkpt lat="40.073421512585846" lon="116.33889293879179">
        <ele>43.5</ele>
        <time>2026-08-15T10:24:24.000Z</time>
      </trkpt>
      <trkpt lat="40.073444740005755" lon="116.33890031142522">
        <ele>43.5</ele>
        <time>2026-08-15T10:24:25.000Z</time>
      </trkpt>
      <trkpt lat="40.07346807932971" lon="116.33890713592591">
        <ele>43.5</ele>
        <time>2026-08-15T10:24:26.000Z</time>
      </trkpt>
      <trkpt lat="40.07349131386755" lon="116.33891362582618">
        <ele>43.6</ele>
        <time>2026-08-15T10:24:27.000Z</time>
      </trkpt>
      <trkpt lat="40.073514449701" lon="116.33892014691864">
        <ele>43.6</ele>
        <time>2026-08-15T10:24:28.000Z</time>
      </trkpt>
      <trkpt lat="40.07353761882328" lon="116.338926606216">
        <ele>43.6</ele>
        <time>2026-08-15T10:24:29.000Z</time>
      </trkpt>
      <trkpt lat="40.07356077911451" lon="116.33893286872674">
        <ele>43.6</ele>
        <time>2026-08-15T10:24:30.000Z</time>
      </trkpt>
      <trkpt lat="40.07358375630257" lon="116.33893911142724">
        <ele>43.6</ele>
        <time>2026-08-15T10:24:31.000Z</time>
      </trkpt>
      <trkpt lat="40.073606345261645" lon="116.33894573434529">
        <ele>43.6</ele>
        <time>2026-08-15T10:24:32.000Z</time>
      </trkpt>
      <trkpt lat="40.07362874109467" lon="116.33895281628574">
        <ele>43.6</ele>
        <time>2026-08-15T10:24:33.000Z</time>
      </trkpt>
      <trkpt lat="40.0736513702321" lon="116.33896027476344">
        <ele>43.6</ele>
        <time>2026-08-15T10:24:34.000Z</time>
      </trkpt>
      <trkpt lat="40.07367424215798" lon="116.33896825951152">
        <ele>43.6</ele>
        <time>2026-08-15T10:24:35.000Z</time>
      </trkpt>
      <trkpt lat="40.07369713212339" lon="116.33897692274118">
        <ele>43.6</ele>
        <time>2026-08-15T10:24:36.000Z</time>
      </trkpt>
      <trkpt lat="40.07371990896367" lon="116.33898617088566">
        <ele>43.6</ele>
        <time>2026-08-15T10:24:37.000Z</time>
      </trkpt>
      <trkpt lat="40.07374230854537" lon="116.33899590032041">
        <ele>43.6</ele>
        <time>2026-08-15T10:24:38.000Z</time>
      </trkpt>
      <trkpt lat="40.07376396436811" lon="116.33900565134427">
        <ele>43.6</ele>
        <time>2026-08-15T10:24:39.000Z</time>
      </trkpt>
      <trkpt lat="40.073785052904405" lon="116.3390142381407">
        <ele>43.6</ele>
        <time>2026-08-15T10:24:40.000Z</time>
      </trkpt>
      <trkpt lat="40.07380606876238" lon="116.33902070092975">
        <ele>43.6</ele>
        <time>2026-08-15T10:24:41.000Z</time>
      </trkpt>
      <trkpt lat="40.07382736678458" lon="116.33902482088178">
        <ele>43.5</ele>
        <time>2026-08-15T10:24:42.000Z</time>
      </trkpt>
      <trkpt lat="40.0738491762379" lon="116.33902673016864">
        <ele>43.5</ele>
        <time>2026-08-15T10:24:43.000Z</time>
      </trkpt>
      <trkpt lat="40.073871571260824" lon="116.33902682292495">
        <ele>43.5</ele>
        <time>2026-08-15T10:24:44.000Z</time>
      </trkpt>
      <trkpt lat="40.07389449079506" lon="116.33902571480145">
        <ele>43.5</ele>
        <time>2026-08-15T10:24:45.000Z</time>
      </trkpt>
      <trkpt lat="40.073917764137654" lon="116.33902394372654">
        <ele>43.5</ele>
        <time>2026-08-15T10:24:46.000Z</time>
      </trkpt>
      <trkpt lat="40.073941097743585" lon="116.33902244642992">
        <ele>43.5</ele>
        <time>2026-08-15T10:24:47.000Z</time>
      </trkpt>
      <trkpt lat="40.07396412597845" lon="116.33902212210128">
        <ele>43.5</ele>
        <time>2026-08-15T10:24:48.000Z</time>
      </trkpt>
      <trkpt lat="40.07398669494043" lon="116.3390230802896">
        <ele>43.5</ele>
        <time>2026-08-15T10:24:49.000Z</time>
      </trkpt>
      <trkpt lat="40.074008911866535" lon="116.33902471589286">
        <ele>43.5</ele>
        <time>2026-08-15T10:24:50.000Z</time>
      </trkpt>
      <trkpt lat="40.07403097604441" lon="116.33902623803912">
        <ele>43.5</ele>
        <time>2026-08-15T10:24:51.000Z</time>
      </trkpt>
      <trkpt lat="40.07405308410686" lon="116.33902691585999">
        <ele>43.5</ele>
        <time>2026-08-15T10:24:52.000Z</time>
      </trkpt>
      <trkpt lat="40.074075269805554" lon="116.33902594907073">
        <ele>43.5</ele>
        <time>2026-08-15T10:24:53.000Z</time>
      </trkpt>
      <trkpt lat="40.074097395861756" lon="116.3390224968097">
        <ele>43.5</ele>
        <time>2026-08-15T10:24:54.000Z</time>
      </trkpt>
      <trkpt lat="40.074119234070125" lon="116.33901552470903">
        <ele>43.5</ele>
        <time>2026-08-15T10:24:55.000Z</time>
      </trkpt>
      <trkpt lat="40.074140440790835" lon="116.33900414940726">
        <ele>43.6</ele>
        <time>2026-08-15T10:24:56.000Z</time>
      </trkpt>
      <trkpt lat="40.074160745857924" lon="116.33898838402675">
        <ele>43.6</ele>
        <time>2026-08-15T10:24:57.000Z</time>
      </trkpt>
      <trkpt lat="40.07418031634309" lon="116.3389693758245">
        <ele>43.6</ele>
        <time>2026-08-15T10:24:58.000Z</time>
      </trkpt>
      <trkpt lat="40.0741996111331" lon="116.33894880694433">
        <ele>43.6</ele>
        <time>2026-08-15T10:24:58.999Z</time>
      </trkpt>
      <trkpt lat="40.07421903852054" lon="116.3389280303684">
        <ele>43.7</ele>
        <time>2026-08-15T10:24:59.999Z</time>
      </trkpt>
      <trkpt lat="40.07423888874685" lon="116.33890782977488">
        <ele>43.7</ele>
        <time>2026-08-15T10:25:00.999Z</time>
      </trkpt>
      <trkpt lat="40.07425937533465" lon="116.33888875342997">
        <ele>43.7</ele>
        <time>2026-08-15T10:25:01.999Z</time>
      </trkpt>
      <trkpt lat="40.07428091337461" lon="116.3388722324814">
        <ele>43.7</ele>
        <time>2026-08-15T10:25:02.999Z</time>
      </trkpt>
      <trkpt lat="40.074303644991815" lon="116.33885980766487">
        <ele>43.8</ele>
        <time>2026-08-15T10:25:03.999Z</time>
      </trkpt>
      <trkpt lat="40.07432729192736" lon="116.33885177624414">
        <ele>43.8</ele>
        <time>2026-08-15T10:25:04.999Z</time>
      </trkpt>
      <trkpt lat="40.07435136947062" lon="116.33884737917131">
        <ele>43.8</ele>
        <time>2026-08-15T10:25:05.999Z</time>
      </trkpt>
      <trkpt lat="40.07437505921723" lon="116.33884459801556">
        <ele>43.8</ele>
        <time>2026-08-15T10:25:06.999Z</time>
      </trkpt>
      <trkpt lat="40.0743973319034" lon="116.33884045120205">
        <ele>43.8</ele>
        <time>2026-08-15T10:25:07.999Z</time>
      </trkpt>
      <trkpt lat="40.07441701873447" lon="116.3388320049577">
        <ele>43.9</ele>
        <time>2026-08-15T10:25:08.999Z</time>
      </trkpt>
      <trkpt lat="40.07443289067138" lon="116.33881736892859">
        <ele>43.9</ele>
        <time>2026-08-15T10:25:09.999Z</time>
      </trkpt>
      <trkpt lat="40.074443914976904" lon="116.33879635381072">
        <ele>43.9</ele>
        <time>2026-08-15T10:25:10.999Z</time>
      </trkpt>
      <trkpt lat="40.07444987205208" lon="116.33877059259042">
        <ele>43.9</ele>
        <time>2026-08-15T10:25:11.999Z</time>
      </trkpt>
      <trkpt lat="40.07445170420399" lon="116.33874226054368">
        <ele>43.9</ele>
        <time>2026-08-15T10:25:12.999Z</time>
      </trkpt>
      <trkpt lat="40.07445101664322" lon="116.33871306358566">
        <ele>43.8</ele>
        <time>2026-08-15T10:25:13.999Z</time>
      </trkpt>
      <trkpt lat="40.074449240467125" lon="116.33868413346994">
        <ele>43.8</ele>
        <time>2026-08-15T10:25:14.999Z</time>
      </trkpt>
      <trkpt lat="40.07444723281104" lon="116.33865678228915">
        <ele>43.8</ele>
        <time>2026-08-15T10:25:15.999Z</time>
      </trkpt>
      <trkpt lat="40.07444564766593" lon="116.33863380151332">
        <ele>43.8</ele>
        <time>2026-08-15T10:25:16.999Z</time>
      </trkpt>
      <trkpt lat="40.074445048940994" lon="116.338615056273">
        <ele>43.8</ele>
        <time>2026-08-15T10:25:17.999Z</time>
      </trkpt>
      <trkpt lat="40.0744458835845" lon="116.33859754675542">
        <ele>43.8</ele>
        <time>2026-08-15T10:25:18.999Z</time>
      </trkpt>
      <trkpt lat="40.07444850449411" lon="116.33858095264165">
        <ele>43.8</ele>
        <time>2026-08-15T10:25:19.999Z</time>
      </trkpt>
      <trkpt lat="40.07445324121841" lon="116.33856478245939">
        <ele>43.8</ele>
        <time>2026-08-15T10:25:20.999Z</time>
      </trkpt>
      <trkpt lat="40.07446025877381" lon="116.33854829172073">
        <ele>43.8</ele>
        <time>2026-08-15T10:25:21.999Z</time>
      </trkpt>
      <trkpt lat="40.074469331543696" lon="116.33853223038733">
        <ele>43.8</ele>
        <time>2026-08-15T10:25:22.999Z</time>
      </trkpt>
      <trkpt lat="40.07447990915021" lon="116.33851734594006">
        <ele>43.8</ele>
        <time>2026-08-15T10:25:23.999Z</time>
      </trkpt>
      <trkpt lat="40.074491541319176" lon="116.33850420963367">
        <ele>43.8</ele>
        <time>2026-08-15T10:25:24.999Z</time>
      </trkpt>
      <trkpt lat="40.07450456021221" lon="116.33849288185108">
        <ele>43.8</ele>
        <time>2026-08-15T10:25:25.999Z</time>
      </trkpt>
      <trkpt lat="40.07451970815411" lon="116.33848333999674">
        <ele>43.8</ele>
        <time>2026-08-15T10:25:26.999Z</time>
      </trkpt>
      <trkpt lat="40.074537196047416" lon="116.33847592732246">
        <ele>43.7</ele>
        <time>2026-08-15T10:25:27.999Z</time>
      </trkpt>
      <trkpt lat="40.074556557040786" lon="116.33847105122017">
        <ele>43.7</ele>
        <time>2026-08-15T10:25:28.999Z</time>
      </trkpt>
      <trkpt lat="40.07457688637124" lon="116.33846820302077">
        <ele>43.7</ele>
        <time>2026-08-15T10:25:29.999Z</time>
      </trkpt>
      <trkpt lat="40.07459745653343" lon="116.33846639660197">
        <ele>43.7</ele>
        <time>2026-08-15T10:25:30.999Z</time>
      </trkpt>
      <trkpt lat="40.07461816068873" lon="116.33846515227211">
        <ele>43.8</ele>
        <time>2026-08-15T10:25:31.999Z</time>
      </trkpt>
      <trkpt lat="40.074638988609564" lon="116.33846440092105">
        <ele>43.8</ele>
        <time>2026-08-15T10:25:32.999Z</time>
      </trkpt>
      <trkpt lat="40.07465986261027" lon="116.33846428987461">
        <ele>43.8</ele>
        <time>2026-08-15T10:25:33.999Z</time>
      </trkpt>
      <trkpt lat="40.074680808049806" lon="116.33846486792922">
        <ele>43.8</ele>
        <time>2026-08-15T10:25:34.999Z</time>
      </trkpt>
      <trkpt lat="40.07470208835662" lon="116.33846578143341">
        <ele>43.8</ele>
        <time>2026-08-15T10:25:35.999Z</time>
      </trkpt>
      <trkpt lat="40.07472435280667" lon="116.33846655532241">
        <ele>43.8</ele>
        <time>2026-08-15T10:25:36.999Z</time>
      </trkpt>
      <trkpt lat="40.07474867104751" lon="116.33846678692167">
        <ele>43.8</ele>
        <time>2026-08-15T10:25:38.000Z</time>
      </trkpt>
      <trkpt lat="40.07477520647099" lon="116.33846601864037">
        <ele>43.8</ele>
        <time>2026-08-15T10:25:39.000Z</time>
      </trkpt>
      <trkpt lat="40.074803219708905" lon="116.33846426012416">
        <ele>43.8</ele>
        <time>2026-08-15T10:25:40.000Z</time>
      </trkpt>
      <trkpt lat="40.074832069375674" lon="116.33846200001362">
        <ele>43.8</ele>
        <time>2026-08-15T10:25:41.000Z</time>
      </trkpt>
      <trkpt lat="40.07486121913347" lon="116.33845975552214">
        <ele>43.8</ele>
        <time>2026-08-15T10:25:42.000Z</time>
      </trkpt>
      <trkpt lat="40.07489024325864" lon="116.33845800796466">
        <ele>43.8</ele>
        <time>2026-08-15T10:25:43.000Z</time>
      </trkpt>
      <trkpt lat="40.07491881453105" lon="116.3384569984275">
        <ele>43.8</ele>
        <time>2026-08-15T10:25:44.000Z</time>
      </trkpt>
      <trkpt lat="40.074946714334644" lon="116.33845648111904">
        <ele>43.8</ele>
        <time>2026-08-15T10:25:45.000Z</time>
      </trkpt>
      <trkpt lat="40.07497388617746" lon="116.33845609792424">
        <ele>43.8</ele>
        <time>2026-08-15T10:25:46.000Z</time>
      </trkpt>
      <trkpt lat="40.07500036459947" lon="116.33845533658705">
        <ele>43.8</ele>
        <time>2026-08-15T10:25:47.000Z</time>
      </trkpt>
      <trkpt lat="40.07502626902989" lon="116.3384534891266">
        <ele>43.8</ele>
        <time>2026-08-15T10:25:48.000Z</time>
      </trkpt>
      <trkpt lat="40.07505157242167" lon="116.3384499375938">
        <ele>43.7</ele>
        <time>2026-08-15T10:25:49.000Z</time>
      </trkpt>
      <trkpt lat="40.0750760584447" lon="116.3384439202398">
        <ele>43.7</ele>
        <time>2026-08-15T10:25:50.000Z</time>
      </trkpt>
      <trkpt lat="40.075099459382386" lon="116.33843446116963">
        <ele>43.7</ele>
        <time>2026-08-15T10:25:51.000Z</time>
      </trkpt>
      <trkpt lat="40.075121202746494" lon="116.3384204102609">
        <ele>43.7</ele>
        <time>2026-08-15T10:25:52.000Z</time>
      </trkpt>
      <trkpt lat="40.075140345368965" lon="116.33840084712618">
        <ele>43.6</ele>
        <time>2026-08-15T10:25:53.000Z</time>
      </trkpt>
      <trkpt lat="40.0751563444356" lon="116.33837668052935">
        <ele>43.6</ele>
        <time>2026-08-15T10:25:54.000Z</time>
      </trkpt>
      <trkpt lat="40.07516987796663" lon="116.33835013292436">
        <ele>43.6</ele>
        <time>2026-08-15T10:25:55.000Z</time>
      </trkpt>
      <trkpt lat="40.07518214131655" lon="116.3383225443715">
        <ele>43.7</ele>
        <time>2026-08-15T10:25:56.000Z</time>
      </trkpt>
      <trkpt lat="40.075194189147666" lon="116.33829444966786">
        <ele>43.7</ele>
        <time>2026-08-15T10:25:57.000Z</time>
      </trkpt>
      <trkpt lat="40.07520678630183" lon="116.33826634957487">
        <ele>43.8</ele>
        <time>2026-08-15T10:25:58.000Z</time>
      </trkpt>
      <trkpt lat="40.075220613729044" lon="116.33823904449731">
        <ele>43.9</ele>
        <time>2026-08-15T10:25:59.000Z</time>
      </trkpt>
      <trkpt lat="40.075236104728845" lon="116.33821320400868">
        <ele>44.0</ele>
        <time>2026-08-15T10:26:00.000Z</time>
      </trkpt>
      <trkpt lat="40.07525300149811" lon="116.33818906771549">
        <ele>44.1</ele>
        <time>2026-08-15T10:26:01.000Z</time>
      </trkpt>
      <trkpt lat="40.07527115369973" lon="116.33816690025296">
        <ele>44.3</ele>
        <time>2026-08-15T10:26:02.000Z</time>
      </trkpt>
      <trkpt lat="40.07529066569822" lon="116.33814714780289">
        <ele>44.5</ele>
        <time>2026-08-15T10:26:03.000Z</time>
      </trkpt>
      <trkpt lat="40.075311291512364" lon="116.3381298205372">
        <ele>44.7</ele>
        <time>2026-08-15T10:26:04.000Z</time>
      </trkpt>
      <trkpt lat="40.07533241636139" lon="116.33811453334089">
        <ele>44.9</ele>
        <time>2026-08-15T10:26:05.000Z</time>
      </trkpt>
      <trkpt lat="40.07535307396681" lon="116.33810069615002">
        <ele>45.1</ele>
        <time>2026-08-15T10:26:06.000Z</time>
      </trkpt>
      <trkpt lat="40.075372459900294" lon="116.33808716078664">
        <ele>45.3</ele>
        <time>2026-08-15T10:26:07.000Z</time>
      </trkpt>
      <trkpt lat="40.07539007912366" lon="116.33807225334859">
        <ele>45.4</ele>
        <time>2026-08-15T10:26:08.000Z</time>
      </trkpt>
      <trkpt lat="40.07540534094285" lon="116.33805458947818">
        <ele>45.5</ele>
        <time>2026-08-15T10:26:09.000Z</time>
      </trkpt>
      <trkpt lat="40.0754176930372" lon="116.3380335794089">
        <ele>45.6</ele>
        <time>2026-08-15T10:26:10.000Z</time>
      </trkpt>
      <trkpt lat="40.07542680091526" lon="116.3380093036241">
        <ele>45.7</ele>
        <time>2026-08-15T10:26:11.000Z</time>
      </trkpt>
      <trkpt lat="40.07543287599163" lon="116.33798252062881">
        <ele>45.8</ele>
        <time>2026-08-15T10:26:12.000Z</time>
      </trkpt>
      <trkpt lat="40.07543671514108" lon="116.337954319534">
        <ele>45.8</ele>
        <time>2026-08-15T10:26:13.000Z</time>
      </trkpt>
      <trkpt lat="40.07543952575801" lon="116.33792587804876">
        <ele>45.8</ele>
        <time>2026-08-15T10:26:14.000Z</time>
      </trkpt>
      <trkpt lat="40.07544277599219" lon="116.33789854936026">
        <ele>45.9</ele>
        <time>2026-08-15T10:26:15.000Z</time>
      </trkpt>
      <trkpt lat="40.07544826729354" lon="116.33787363242944">
        <ele>45.9</ele>
        <time>2026-08-15T10:26:16.000Z</time>
      </trkpt>
      <trkpt lat="40.07545740573923" lon="116.3378523478182">
        <ele>45.9</ele>
        <time>2026-08-15T10:26:17.000Z</time>
      </trkpt>
      <trkpt lat="40.075470717315774" lon="116.33783600039953">
        <ele>45.9</ele>
        <time>2026-08-15T10:26:18.000Z</time>
      </trkpt>
      <trkpt lat="40.07548798531345" lon="116.3378252534702">
        <ele>45.9</ele>
        <time>2026-08-15T10:26:19.000Z</time>
      </trkpt>
      <trkpt lat="40.07550796542268" lon="116.33781974525024">
        <ele>45.9</ele>
        <time>2026-08-15T10:26:20.000Z</time>
      </trkpt>
      <trkpt lat="40.07552941967646" lon="116.33781834742899">
        <ele>45.9</ele>
        <time>2026-08-15T10:26:21.000Z</time>
      </trkpt>
      <trkpt lat="40.07555177944451" lon="116.33781929638448">
        <ele>45.8</ele>
        <time>2026-08-15T10:26:22.000Z</time>
      </trkpt>
      <trkpt lat="40.07557470049413" lon="116.33782006962119">
        <ele>45.8</ele>
        <time>2026-08-15T10:26:23.000Z</time>
      </trkpt>
      <trkpt lat="40.075597812081384" lon="116.33781852280134">
        <ele>45.8</ele>
        <time>2026-08-15T10:26:24.000Z</time>
      </trkpt>
      <trkpt lat="40.07562065322394" lon="116.3378142907217">
        <ele>45.8</ele>
        <time>2026-08-15T10:26:25.000Z</time>
      </trkpt>
      <trkpt lat="40.07564312174243" lon="116.3378084180619">
        <ele>45.8</ele>
        <time>2026-08-15T10:26:26.000Z</time>
      </trkpt>
      <trkpt lat="40.075665474568" lon="116.33780239418411">
        <ele>45.8</ele>
        <time>2026-08-15T10:26:27.000Z</time>
      </trkpt>
      <trkpt lat="40.075688034309714" lon="116.33779753528341">
        <ele>45.8</ele>
        <time>2026-08-15T10:26:28.000Z</time>
      </trkpt>
      <trkpt lat="40.075710872410866" lon="116.33779454084714">
        <ele>45.8</ele>
        <time>2026-08-15T10:26:29.000Z</time>
      </trkpt>
      <trkpt lat="40.07573382309968" lon="116.33779347610661">
        <ele>45.8</ele>
        <time>2026-08-15T10:26:30.000Z</time>
      </trkpt>
      <trkpt lat="40.07575673586791" lon="116.33779441896927">
        <ele>45.8</ele>
        <time>2026-08-15T10:26:31.000Z</time>
      </trkpt>
      <trkpt lat="40.07577963457465" lon="116.33779718447356">
        <ele>45.8</ele>
        <time>2026-08-15T10:26:32.000Z</time>
      </trkpt>
      <trkpt lat="40.07580264021657" lon="116.33780103922852">
        <ele>45.8</ele>
        <time>2026-08-15T10:26:33.000Z</time>
      </trkpt>
      <trkpt lat="40.0758259090211" lon="116.33780492676911">
        <ele>45.8</ele>
        <time>2026-08-15T10:26:34.000Z</time>
      </trkpt>
      <trkpt lat="40.07584944711688" lon="116.33780802316441">
        <ele>45.8</ele>
        <time>2026-08-15T10:26:35.000Z</time>
      </trkpt>
      <trkpt lat="40.07587301689059" lon="116.33781018963407">
        <ele>45.8</ele>
        <time>2026-08-15T10:26:36.000Z</time>
      </trkpt>
      <trkpt lat="40.07589642524546" lon="116.33781147011021">
        <ele>45.8</ele>
        <time>2026-08-15T10:26:37.000Z</time>
      </trkpt>
      <trkpt lat="40.07591946449614" lon="116.33781206725612">
        <ele>45.8</ele>
        <time>2026-08-15T10:26:38.000Z</time>
      </trkpt>
      <trkpt lat="40.075942092098344" lon="116.33781248228121">
        <ele>45.8</ele>
        <time>2026-08-15T10:26:39.000Z</time>
      </trkpt>
      <trkpt lat="40.07596452164911" lon="116.3378131060959">
        <ele>45.7</ele>
        <time>2026-08-15T10:26:40.000Z</time>
      </trkpt>
      <trkpt lat="40.075986959385254" lon="116.33781367001855">
        <ele>45.7</ele>
        <time>2026-08-15T10:26:41.000Z</time>
      </trkpt>
      <trkpt lat="40.076009577797784" lon="116.3378138658374">
        <ele>45.7</ele>
        <time>2026-08-15T10:26:42.000Z</time>
      </trkpt>
      <trkpt lat="40.076032587497245" lon="116.33781386278166">
        <ele>45.7</ele>
        <time>2026-08-15T10:26:43.000Z</time>
      </trkpt>
      <trkpt lat="40.07605606437115" lon="116.33781378693403">
        <ele>45.7</ele>
        <time>2026-08-15T10:26:44.000Z</time>
      </trkpt>
      <trkpt lat="40.076079816313296" lon="116.33781378526162">
        <ele>45.7</ele>
        <time>2026-08-15T10:26:45.000Z</time>
      </trkpt>
      <trkpt lat="40.076103548378306" lon="116.33781404462023">
        <ele>45.7</ele>
        <time>2026-08-15T10:26:46.000Z</time>
      </trkpt>
      <trkpt lat="40.076127071892316" lon="116.33781451895288">
        <ele>45.7</ele>
        <time>2026-08-15T10:26:47.000Z</time>
      </trkpt>
      <trkpt lat="40.07615042842639" lon="116.33781493937632">
        <ele>45.7</ele>
        <time>2026-08-15T10:26:48.000Z</time>
      </trkpt>
      <trkpt lat="40.076173648208155" lon="116.3378148688423">
        <ele>45.7</ele>
        <time>2026-08-15T10:26:49.000Z</time>
      </trkpt>
      <trkpt lat="40.076196774096644" lon="116.33781397664221">
        <ele>45.7</ele>
        <time>2026-08-15T10:26:50.000Z</time>
      </trkpt>
      <trkpt lat="40.076219925342954" lon="116.3378125751403">
        <ele>45.7</ele>
        <time>2026-08-15T10:26:51.000Z</time>
      </trkpt>
      <trkpt lat="40.076243019901916" lon="116.33781130883311">
        <ele>45.7</ele>
        <time>2026-08-15T10:26:52.000Z</time>
      </trkpt>
      <trkpt lat="40.07626599590684" lon="116.33781047675328">
        <ele>45.7</ele>
        <time>2026-08-15T10:26:52.999Z</time>
      </trkpt>
      <trkpt lat="40.076288901884816" lon="116.33781006802447">
        <ele>45.7</ele>
        <time>2026-08-15T10:26:53.999Z</time>
      </trkpt>
      <trkpt lat="40.076311800839" lon="116.3378103764065">
        <ele>45.7</ele>
        <time>2026-08-15T10:26:54.999Z</time>
      </trkpt>
      <trkpt lat="40.076334730091105" lon="116.33781166219218">
        <ele>45.7</ele>
        <time>2026-08-15T10:26:55.999Z</time>
      </trkpt>
      <trkpt lat="40.076357757152806" lon="116.33781364355264">
        <ele>45.7</ele>
        <time>2026-08-15T10:26:56.999Z</time>
      </trkpt>
      <trkpt lat="40.076380963720936" lon="116.33781580297047">
        <ele>45.7</ele>
        <time>2026-08-15T10:26:57.999Z</time>
      </trkpt>
      <trkpt lat="40.07640439605075" lon="116.33781751068078">
        <ele>45.7</ele>
        <time>2026-08-15T10:26:58.999Z</time>
      </trkpt>
      <trkpt lat="40.076428028784065" lon="116.33781836214948">
        <ele>45.7</ele>
        <time>2026-08-15T10:26:59.999Z</time>
      </trkpt>
      <trkpt lat="40.07645165801906" lon="116.33781841182085">
        <ele>45.7</ele>
        <time>2026-08-15T10:27:00.999Z</time>
      </trkpt>
      <trkpt lat="40.07647513643325" lon="116.33781791396649">
        <ele>45.7</ele>
        <time>2026-08-15T10:27:01.999Z</time>
      </trkpt>
      <trkpt lat="40.07649853427016" lon="116.33781708811445">
        <ele>45.7</ele>
        <time>2026-08-15T10:27:02.999Z</time>
      </trkpt>
      <trkpt lat="40.076521968769015" lon="116.33781615522166">
        <ele>45.7</ele>
        <time>2026-08-15T10:27:03.999Z</time>
      </trkpt>
      <trkpt lat="40.076545549784875" lon="116.33781511712093">
        <ele>45.7</ele>
        <time>2026-08-15T10:27:04.999Z</time>
      </trkpt>
      <trkpt lat="40.07656942490173" lon="116.33781412920072">
        <ele>45.7</ele>
        <time>2026-08-15T10:27:05.999Z</time>
      </trkpt>
      <trkpt lat="40.07659362843666" lon="116.33781364462426">
        <ele>45.7</ele>
        <time>2026-08-15T10:27:06.999Z</time>
      </trkpt>
      <trkpt lat="40.07661809013691" lon="116.33781373752984">
        <ele>45.7</ele>
        <time>2026-08-15T10:27:07.999Z</time>
      </trkpt>
      <trkpt lat="40.07664275723463" lon="116.33781424316734">
        <ele>45.7</ele>
        <time>2026-08-15T10:27:08.999Z</time>
      </trkpt>
      <trkpt lat="40.076667582303564" lon="116.33781510563819">
        <ele>45.7</ele>
        <time>2026-08-15T10:27:09.999Z</time>
      </trkpt>
      <trkpt lat="40.07669238665416" lon="116.33781626310984">
        <ele>45.7</ele>
        <time>2026-08-15T10:27:10.999Z</time>
      </trkpt>
      <trkpt lat="40.076716953151745" lon="116.33781751700447">
        <ele>45.7</ele>
        <time>2026-08-15T10:27:11.999Z</time>
      </trkpt>
      <trkpt lat="40.076741139598234" lon="116.33781853129197">
        <ele>45.7</ele>
        <time>2026-08-15T10:27:12.999Z</time>
      </trkpt>
      <trkpt lat="40.076764837158194" lon="116.33781877006075">
        <ele>45.7</ele>
        <time>2026-08-15T10:27:13.999Z</time>
      </trkpt>
      <trkpt lat="40.076787817638056" lon="116.33781760478513">
        <ele>45.7</ele>
        <time>2026-08-15T10:27:14.999Z</time>
      </trkpt>
      <trkpt lat="40.07680999154585" lon="116.33781449969672">
        <ele>45.7</ele>
        <time>2026-08-15T10:27:15.999Z</time>
      </trkpt>
      <trkpt lat="40.076831390989234" lon="116.33780885514581">
        <ele>45.7</ele>
        <time>2026-08-15T10:27:16.999Z</time>
      </trkpt>
      <trkpt lat="40.07685188635461" lon="116.33780001852463">
        <ele>45.7</ele>
        <time>2026-08-15T10:27:17.999Z</time>
      </trkpt>
      <trkpt lat="40.076871374706414" lon="116.33778742779694">
        <ele>45.7</ele>
        <time>2026-08-15T10:27:18.999Z</time>
      </trkpt>
      <trkpt lat="40.07688992103588" lon="116.33777121355563">
        <ele>45.7</ele>
        <time>2026-08-15T10:27:19.999Z</time>
      </trkpt>
      <trkpt lat="40.076907571395004" lon="116.33775199675487">
        <ele>45.7</ele>
        <time>2026-08-15T10:27:20.999Z</time>
      </trkpt>
      <trkpt lat="40.076924357902506" lon="116.33773030544128">
        <ele>45.7</ele>
        <time>2026-08-15T10:27:21.999Z</time>
      </trkpt>
      <trkpt lat="40.07694021274921" lon="116.3377065749403">
        <ele>45.8</ele>
        <time>2026-08-15T10:27:22.999Z</time>
      </trkpt>
      <trkpt lat="40.076954781632544" lon="116.33768100815539">
        <ele>45.8</ele>
        <time>2026-08-15T10:27:23.999Z</time>
      </trkpt>
      <trkpt lat="40.076967638132" lon="116.33765359018378">
        <ele>45.8</ele>
        <time>2026-08-15T10:27:24.999Z</time>
      </trkpt>
      <trkpt lat="40.07697865054342" lon="116.33762434601991">
        <ele>45.8</ele>
        <time>2026-08-15T10:27:25.999Z</time>
      </trkpt>
      <trkpt lat="40.0769880550049" lon="116.3375935584649">
        <ele>45.8</ele>
        <time>2026-08-15T10:27:26.999Z</time>
        <extensions>
  <gpxtpx:TrackPointExtension>
    <gpxtpx:hr>164</gpxtpx:hr>
  </gpxtpx:TrackPointExtension>
</extensions>
      </trkpt>
      <trkpt lat="40.07699607265052" lon="116.33756169818349">
        <ele>45.8</ele>
        <time>2026-08-15T10:27:27.999Z</time>
        <extensions>
  <gpxtpx:TrackPointExtension>
    <gpxtpx:hr>164</gpxtpx:hr>
  </gpxtpx:TrackPointExtension>
</extensions>
      </trkpt>
      <trkpt lat="40.07700284661949" lon="116.33752913039068">
        <ele>45.8</ele>
        <time>2026-08-15T10:27:28.999Z</time>
        <extensions>
  <gpxtpx:TrackPointExtension>
    <gpxtpx:hr>164</gpxtpx:hr>
  </gpxtpx:TrackPointExtension>
</extensions>
      </trkpt>
      <trkpt lat="40.0770085076698" lon="116.33749597395344">
        <ele>45.8</ele>
        <time>2026-08-15T10:27:29.999Z</time>
        <extensions>
  <gpxtpx:TrackPointExtension>
    <gpxtpx:hr>164</gpxtpx:hr>
  </gpxtpx:TrackPointExtension>
</extensions>
      </trkpt>
      <trkpt lat="40.07701307708397" lon="116.3374623898941">
        <ele>45.8</ele>
        <time>2026-08-15T10:27:30.999Z</time>
        <extensions>
  <gpxtpx:TrackPointExtension>
    <gpxtpx:hr>164</gpxtpx:hr>
  </gpxtpx:TrackPointExtension>
</extensions>
      </trkpt>
      <trkpt lat="40.07701651537117" lon="116.33742865185893">
        <ele>45.8</ele>
        <time>2026-08-15T10:27:31.999Z</time>
        <extensions>
  <gpxtpx:TrackPointExtension>
    <gpxtpx:hr>164</gpxtpx:hr>
  </gpxtpx:TrackPointExtension>
</extensions>
      </trkpt>
      <trkpt lat="40.0770186437042" lon="116.3373949824693">
        <ele>45.7</ele>
        <time>2026-08-15T10:27:32.999Z</time>
        <extensions>
  <gpxtpx:TrackPointExtension>
    <gpxtpx:hr>164</gpxtpx:hr>
  </gpxtpx:TrackPointExtension>
</extensions>
      </trkpt>
      <trkpt lat="40.077019328589195" lon="116.33736142040492">
        <ele>45.7</ele>
        <time>2026-08-15T10:27:33.999Z</time>
        <extensions>
  <gpxtpx:TrackPointExtension>
    <gpxtpx:hr>164</gpxtpx:hr>
  </gpxtpx:TrackPointExtension>
</extensions>
      </trkpt>
      <trkpt lat="40.07701840296718" lon="116.33732788785338">
        <ele>45.7</ele>
        <time>2026-08-15T10:27:34.999Z</time>
        <extensions>
  <gpxtpx:TrackPointExtension>
    <gpxtpx:hr>164</gpxtpx:hr>
  </gpxtpx:TrackPointExtension>
</extensions>
      </trkpt>
      <trkpt lat="40.077015594277924" lon="116.33729444546388">
        <ele>45.7</ele>
        <time>2026-08-15T10:27:35.999Z</time>
        <extensions>
  <gpxtpx:TrackPointExtension>
    <gpxtpx:hr>164</gpxtpx:hr>
  </gpxtpx:TrackPointExtension>
</extensions>
      </trkpt>
      <trkpt lat="40.07701079957206" lon="116.33726141927812">
        <ele>45.7</ele>
        <time>2026-08-15T10:27:36.999Z</time>
      </trkpt>
      <trkpt lat="40.07700390575043" lon="116.33722919849643">
        <ele>45.7</ele>
        <time>2026-08-15T10:27:37.999Z</time>
      </trkpt>
      <trkpt lat="40.076994902546964" lon="116.33719794816042">
        <ele>45.7</ele>
        <time>2026-08-15T10:27:38.999Z</time>
      </trkpt>
      <trkpt lat="40.07698405897116" lon="116.33716766904378">
        <ele>45.7</ele>
        <time>2026-08-15T10:27:39.999Z</time>
      </trkpt>
      <trkpt lat="40.07697155966112" lon="116.33713855258821">
        <ele>45.7</ele>
        <time>2026-08-15T10:27:40.999Z</time>
      </trkpt>
      <trkpt lat="40.076957472352596" lon="116.33711117266577">
        <ele>45.7</ele>
        <time>2026-08-15T10:27:41.999Z</time>
      </trkpt>
      <trkpt lat="40.07694173532226" lon="116.3370862677296">
        <ele>45.7</ele>
        <time>2026-08-15T10:27:42.999Z</time>
      </trkpt>
      <trkpt lat="40.07692412603384" lon="116.33706463052172">
        <ele>45.7</ele>
        <time>2026-08-15T10:27:44.000Z</time>
      </trkpt>
      <trkpt lat="40.07690467664836" lon="116.33704672533747">
        <ele>45.7</ele>
        <time>2026-08-15T10:27:45.000Z</time>
      </trkpt>
      <trkpt lat="40.07688396124926" lon="116.33703181759762">
        <ele>45.7</ele>
        <time>2026-08-15T10:27:46.000Z</time>
      </trkpt>
      <trkpt lat="40.076863024671816" lon="116.33701833165267">
        <ele>45.7</ele>
        <time>2026-08-15T10:27:47.000Z</time>
      </trkpt>
      <trkpt lat="40.076842769776974" lon="116.33700476335376">
        <ele>45.7</ele>
        <time>2026-08-15T10:27:48.000Z</time>
      </trkpt>
      <trkpt lat="40.07682368367572" lon="116.33699064203445">
        <ele>45.7</ele>
        <time>2026-08-15T10:27:49.000Z</time>
      </trkpt>
      <trkpt lat="40.076806167016" lon="116.33697684461175">
        <ele>45.7</ele>
        <time>2026-08-15T10:27:50.000Z</time>
      </trkpt>
      <trkpt lat="40.076791133574" lon="116.33696477783334">
        <ele>45.7</ele>
        <time>2026-08-15T10:27:51.000Z</time>
      </trkpt>
      <trkpt lat="40.076778453586904" lon="116.33695437127251">
        <ele>45.7</ele>
        <time>2026-08-15T10:27:52.000Z</time>
      </trkpt>
      <trkpt lat="40.07676663849027" lon="116.3369443755665">
        <ele>45.7</ele>
        <time>2026-08-15T10:27:53.000Z</time>
      </trkpt>
      <trkpt lat="40.07675448261028" lon="116.33693423910186">
        <ele>45.7</ele>
        <time>2026-08-15T10:27:54.000Z</time>
      </trkpt>
      <trkpt lat="40.076741570751494" lon="116.33692424451577">
        <ele>45.7</ele>
        <time>2026-08-15T10:27:55.000Z</time>
      </trkpt>
      <trkpt lat="40.07672754420773" lon="116.33691503744923">
        <ele>45.7</ele>
        <time>2026-08-15T10:27:56.000Z</time>
      </trkpt>
      <trkpt lat="40.07671245017386" lon="116.33690709991333">
        <ele>45.7</ele>
        <time>2026-08-15T10:27:57.000Z</time>
      </trkpt>
      <trkpt lat="40.076696379982025" lon="116.33690032350238">
        <ele>45.8</ele>
        <time>2026-08-15T10:27:58.000Z</time>
      </trkpt>
      <trkpt lat="40.07667953511259" lon="116.33689461415081">
        <ele>45.8</ele>
        <time>2026-08-15T10:27:59.000Z</time>
      </trkpt>
      <trkpt lat="40.076661730327764" lon="116.33689001241623">
        <ele>45.8</ele>
        <time>2026-08-15T10:28:00.000Z</time>
      </trkpt>
      <trkpt lat="40.07664177400575" lon="116.33688628911084">
        <ele>45.8</ele>
        <time>2026-08-15T10:28:01.000Z</time>
      </trkpt>
      <trkpt lat="40.076619309871376" lon="116.33688372843282">
        <ele>45.8</ele>
        <time>2026-08-15T10:28:02.000Z</time>
      </trkpt>
      <trkpt lat="40.0765948600876" lon="116.33688257180671">
        <ele>45.8</ele>
        <time>2026-08-15T10:28:03.000Z</time>
      </trkpt>
      <trkpt lat="40.07656937853078" lon="116.33688247615682">
        <ele>45.8</ele>
        <time>2026-08-15T10:28:04.000Z</time>
      </trkpt>
      <trkpt lat="40.076543577135716" lon="116.33688291506859">
        <ele>45.8</ele>
        <time>2026-08-15T10:28:05.000Z</time>
      </trkpt>
      <trkpt lat="40.07651785420465" lon="116.33688335867625">
        <ele>45.8</ele>
        <time>2026-08-15T10:28:06.000Z</time>
      </trkpt>
      <trkpt lat="40.076492362165986" lon="116.33688351082772">
        <ele>45.8</ele>
        <time>2026-08-15T10:28:07.000Z</time>
      </trkpt>
      <trkpt lat="40.07646704213426" lon="116.33688346281652">
        <ele>45.8</ele>
        <time>2026-08-15T10:28:08.000Z</time>
      </trkpt>
      <trkpt lat="40.076441829057835" lon="116.33688354002697">
        <ele>45.8</ele>
        <time>2026-08-15T10:28:09.000Z</time>
      </trkpt>
      <trkpt lat="40.07641671363062" lon="116.33688383266245">
        <ele>45.8</ele>
        <time>2026-08-15T10:28:10.000Z</time>
      </trkpt>
      <trkpt lat="40.076391690338326" lon="116.33688411983634">
        <ele>45.8</ele>
        <time>2026-08-15T10:28:11.000Z</time>
      </trkpt>
      <trkpt lat="40.07636677828486" lon="116.33688421352451">
        <ele>45.8</ele>
        <time>2026-08-15T10:28:12.000Z</time>
      </trkpt>
      <trkpt lat="40.076342030624204" lon="116.33688422207405">
        <ele>45.8</ele>
        <time>2026-08-15T10:28:13.000Z</time>
      </trkpt>
      <trkpt lat="40.076317422490376" lon="116.33688447098162">
        <ele>45.8</ele>
        <time>2026-08-15T10:28:14.000Z</time>
      </trkpt>
      <trkpt lat="40.076292913367865" lon="116.33688523557589">
        <ele>45.8</ele>
        <time>2026-08-15T10:28:15.000Z</time>
      </trkpt>
      <trkpt lat="40.076268470674236" lon="116.33688659294563">
        <ele>45.8</ele>
        <time>2026-08-15T10:28:16.000Z</time>
      </trkpt>
      <trkpt lat="40.07624408688407" lon="116.3368882562386">
        <ele>45.8</ele>
        <time>2026-08-15T10:28:17.000Z</time>
      </trkpt>
      <trkpt lat="40.0762198102358" lon="116.33688979018612">
        <ele>45.8</ele>
        <time>2026-08-15T10:28:18.000Z</time>
      </trkpt>
      <trkpt lat="40.07619564369848" lon="116.33689107350601">
        <ele>45.8</ele>
        <time>2026-08-15T10:28:19.000Z</time>
      </trkpt>
      <trkpt lat="40.07617154370609" lon="116.33689235839734">
        <ele>45.8</ele>
        <time>2026-08-15T10:28:20.000Z</time>
      </trkpt>
      <trkpt lat="40.07614746922992" lon="116.33689378146289">
        <ele>45.8</ele>
        <time>2026-08-15T10:28:21.000Z</time>
      </trkpt>
      <trkpt lat="40.076123408989666" lon="116.33689521623302">
        <ele>45.8</ele>
        <time>2026-08-15T10:28:22.000Z</time>
      </trkpt>
      <trkpt lat="40.076099314931916" lon="116.33689650798443">
        <ele>45.8</ele>
        <time>2026-08-15T10:28:23.000Z</time>
      </trkpt>
      <trkpt lat="40.07607515248449" lon="116.33689748100835">
        <ele>45.8</ele>
        <time>2026-08-15T10:28:24.000Z</time>
      </trkpt>
      <trkpt lat="40.076050962939036" lon="116.33689791290129">
        <ele>45.8</ele>
        <time>2026-08-15T10:28:25.000Z</time>
      </trkpt>
      <trkpt lat="40.076026765946146" lon="116.33689786083316">
        <ele>45.8</ele>
        <time>2026-08-15T10:28:26.000Z</time>
      </trkpt>
      <trkpt lat="40.07600254037977" lon="116.33689774435517">
        <ele>45.8</ele>
        <time>2026-08-15T10:28:27.000Z</time>
      </trkpt>
      <trkpt lat="40.07597831101879" lon="116.33689797751032">
        <ele>45.8</ele>
        <time>2026-08-15T10:28:28.000Z</time>
      </trkpt>
      <trkpt lat="40.075954083432606" lon="116.33689868856908">
        <ele>45.8</ele>
        <time>2026-08-15T10:28:29.000Z</time>
      </trkpt>
      <trkpt lat="40.075929904098196" lon="116.33689957667887">
        <ele>45.8</ele>
        <time>2026-08-15T10:28:30.000Z</time>
      </trkpt>
      <trkpt lat="40.075905838234455" lon="116.33690024891155">
        <ele>45.8</ele>
        <time>2026-08-15T10:28:31.000Z</time>
      </trkpt>
      <trkpt lat="40.075881900804546" lon="116.33690063695015">
        <ele>45.8</ele>
        <time>2026-08-15T10:28:32.000Z</time>
      </trkpt>
      <trkpt lat="40.07585801059054" lon="116.33690110962891">
        <ele>45.8</ele>
        <time>2026-08-15T10:28:33.000Z</time>
      </trkpt>
      <trkpt lat="40.075834013807615" lon="116.33690227100337">
        <ele>45.8</ele>
        <time>2026-08-15T10:28:34.000Z</time>
      </trkpt>
      <trkpt lat="40.075809886316904" lon="116.33690463336994">
        <ele>45.8</ele>
        <time>2026-08-15T10:28:35.000Z</time>
      </trkpt>
      <trkpt lat="40.07578574446414" lon="116.3369084094893">
        <ele>45.8</ele>
        <time>2026-08-15T10:28:36.000Z</time>
      </trkpt>
      <trkpt lat="40.075761726120504" lon="116.33691361339213">
        <ele>45.8</ele>
        <time>2026-08-15T10:28:37.000Z</time>
      </trkpt>
      <trkpt lat="40.075737904410026" lon="116.33692022365106">
        <ele>45.8</ele>
        <time>2026-08-15T10:28:38.000Z</time>
      </trkpt>
      <trkpt lat="40.07571429648459" lon="116.33692826234216">
        <ele>45.8</ele>
        <time>2026-08-15T10:28:39.000Z</time>
      </trkpt>
      <trkpt lat="40.07569096805572" lon="116.33693791925354">
        <ele>45.8</ele>
        <time>2026-08-15T10:28:40.000Z</time>
      </trkpt>
      <trkpt lat="40.075668055243845" lon="116.336949276225">
        <ele>45.8</ele>
        <time>2026-08-15T10:28:41.000Z</time>
      </trkpt>
      <trkpt lat="40.07564568072878" lon="116.33696240052451">
        <ele>45.8</ele>
        <time>2026-08-15T10:28:42.000Z</time>
      </trkpt>
      <trkpt lat="40.07562401175997" lon="116.33697755915765">
        <ele>45.8</ele>
        <time>2026-08-15T10:28:43.000Z</time>
      </trkpt>
      <trkpt lat="40.07560335664375" lon="116.33699513723339">
        <ele>45.9</ele>
        <time>2026-08-15T10:28:44.000Z</time>
      </trkpt>
      <trkpt lat="40.07558401937252" lon="116.33701527059988">
        <ele>45.9</ele>
        <time>2026-08-15T10:28:45.000Z</time>
      </trkpt>
      <trkpt lat="40.07556614161146" lon="116.33703774198293">
        <ele>45.9</ele>
        <time>2026-08-15T10:28:46.000Z</time>
      </trkpt>
      <trkpt lat="40.07554973521722" lon="116.33706227559608">
        <ele>45.9</ele>
        <time>2026-08-15T10:28:47.000Z</time>
      </trkpt>
      <trkpt lat="40.07553481121517" lon="116.33708866076067">
        <ele>45.9</ele>
        <time>2026-08-15T10:28:48.000Z</time>
      </trkpt>
      <trkpt lat="40.0755213630635" lon="116.33711674470901">
        <ele>45.9</ele>
        <time>2026-08-15T10:28:49.000Z</time>
      </trkpt>
      <trkpt lat="40.07550929837056" lon="116.33714622861909">
        <ele>45.9</ele>
        <time>2026-08-15T10:28:50.000Z</time>
      </trkpt>
      <trkpt lat="40.075498629679394" lon="116.33717682128025">
        <ele>45.9</ele>
        <time>2026-08-15T10:28:51.000Z</time>
      </trkpt>
      <trkpt lat="40.07548943130221" lon="116.33720832186424">
        <ele>46.0</ele>
        <time>2026-08-15T10:28:52.000Z</time>
      </trkpt>
      <trkpt lat="40.075481811696335" lon="116.33724060753487">
        <ele>46.0</ele>
        <time>2026-08-15T10:28:53.000Z</time>
      </trkpt>
      <trkpt lat="40.0754759610659" lon="116.33727363135198">
        <ele>46.0</ele>
        <time>2026-08-15T10:28:54.000Z</time>
      </trkpt>
      <trkpt lat="40.075472115155065" lon="116.33730739487788">
        <ele>46.0</ele>
        <time>2026-08-15T10:28:55.000Z</time>
      </trkpt>
      <trkpt lat="40.07547047481657" lon="116.33734180207888">
        <ele>46.0</ele>
        <time>2026-08-15T10:28:56.000Z</time>
      </trkpt>
      <trkpt lat="40.07547074876517" lon="116.33737651507039">
        <ele>46.0</ele>
        <time>2026-08-15T10:28:57.000Z</time>
      </trkpt>
      <trkpt lat="40.07547238942063" lon="116.33741112536467">
        <ele>46.0</ele>
        <time>2026-08-15T10:28:58.000Z</time>
      </trkpt>
      <trkpt lat="40.07547520001773" lon="116.33744540233039">
        <ele>46.0</ele>
        <time>2026-08-15T10:28:59.000Z</time>
      </trkpt>
      <trkpt lat="40.07547957940968" lon="116.33747923089847">
        <ele>46.0</ele>
        <time>2026-08-15T10:29:00.000Z</time>
      </trkpt>
      <trkpt lat="40.0754861443731" lon="116.33751244879487">
        <ele>46.0</ele>
        <time>2026-08-15T10:29:01.000Z</time>
      </trkpt>
      <trkpt lat="40.07549528432583" lon="116.33754477547843">
        <ele>46.0</ele>
        <time>2026-08-15T10:29:02.000Z</time>
      </trkpt>
      <trkpt lat="40.075507022080224" lon="116.33757591638093">
        <ele>46.0</ele>
        <time>2026-08-15T10:29:03.000Z</time>
      </trkpt>
      <trkpt lat="40.0755206352778" lon="116.33760595947263">
        <ele>46.0</ele>
        <time>2026-08-15T10:29:04.000Z</time>
      </trkpt>
      <trkpt lat="40.075535258875604" lon="116.33763507850288">
        <ele>46.0</ele>
        <time>2026-08-15T10:29:05.000Z</time>
      </trkpt>
      <trkpt lat="40.07555054712004" lon="116.3376631963259">
        <ele>46.0</ele>
        <time>2026-08-15T10:29:05.999Z</time>
      </trkpt>
      <trkpt lat="40.07556634200281" lon="116.33769028029194">
        <ele>46.0</ele>
        <time>2026-08-15T10:29:06.999Z</time>
      </trkpt>
      <trkpt lat="40.07558278957162" lon="116.33771621358424">
        <ele>46.0</ele>
        <time>2026-08-15T10:29:07.999Z</time>
      </trkpt>
      <trkpt lat="40.075600192180204" lon="116.33774088735724">
        <ele>46.0</ele>
        <time>2026-08-15T10:29:08.999Z</time>
      </trkpt>
      <trkpt lat="40.075618522376026" lon="116.33776438176137">
        <ele>46.0</ele>
        <time>2026-08-15T10:29:09.999Z</time>
      </trkpt>
      <trkpt lat="40.07563773977011" lon="116.33778657317994">
        <ele>46.0</ele>
        <time>2026-08-15T10:29:10.999Z</time>
      </trkpt>
      <trkpt lat="40.07565800010869" lon="116.33780697632375">
        <ele>46.0</ele>
        <time>2026-08-15T10:29:11.999Z</time>
      </trkpt>
      <trkpt lat="40.075679441653016" lon="116.33782496999623">
        <ele>46.0</ele>
        <time>2026-08-15T10:29:12.999Z</time>
      </trkpt>
      <trkpt lat="40.07570198318702" lon="116.33784023121625">
        <ele>46.0</ele>
        <time>2026-08-15T10:29:13.999Z</time>
      </trkpt>
      <trkpt lat="40.07572528958057" lon="116.33785278187302">
        <ele>46.0</ele>
        <time>2026-08-15T10:29:14.999Z</time>
      </trkpt>
      <trkpt lat="40.07574890645427" lon="116.33786292116004">
        <ele>46.0</ele>
        <time>2026-08-15T10:29:15.999Z</time>
      </trkpt>
      <trkpt lat="40.07577274364692" lon="116.33787080120214">
        <ele>46.0</ele>
        <time>2026-08-15T10:29:16.999Z</time>
      </trkpt>
      <trkpt lat="40.075797124759944" lon="116.33787600241851">
        <ele>46.0</ele>
        <time>2026-08-15T10:29:17.999Z</time>
      </trkpt>
      <trkpt lat="40.075822284430735" lon="116.33787792470993">
        <ele>46.0</ele>
        <time>2026-08-15T10:29:18.999Z</time>
      </trkpt>
      <trkpt lat="40.075847836103925" lon="116.33787701717432">
        <ele>46.0</ele>
        <time>2026-08-15T10:29:19.999Z</time>
      </trkpt>
      <trkpt lat="40.07587317160593" lon="116.3378749325182">
        <ele>46.0</ele>
        <time>2026-08-15T10:29:20.999Z</time>
      </trkpt>
      <trkpt lat="40.075898104838714" lon="116.3378729644733">
        <ele>45.9</ele>
        <time>2026-08-15T10:29:21.999Z</time>
      </trkpt>
      <trkpt lat="40.075922680493136" lon="116.33787118135331">
        <ele>45.9</ele>
        <time>2026-08-15T10:29:22.999Z</time>
      </trkpt>
      <trkpt lat="40.07594714141077" lon="116.33786896538336">
        <ele>45.9</ele>
        <time>2026-08-15T10:29:23.999Z</time>
      </trkpt>
      <trkpt lat="40.075971713912914" lon="116.33786599901738">
        <ele>45.9</ele>
        <time>2026-08-15T10:29:24.999Z</time>
      </trkpt>
      <trkpt lat="40.0759964995229" lon="116.33786258027592">
        <ele>45.9</ele>
        <time>2026-08-15T10:29:25.999Z</time>
      </trkpt>
      <trkpt lat="40.07602135932765" lon="116.33785933334055">
        <ele>45.9</ele>
        <time>2026-08-15T10:29:26.999Z</time>
      </trkpt>
      <trkpt lat="40.0760461118967" lon="116.33785652669626">
        <ele>45.9</ele>
        <time>2026-08-15T10:29:27.999Z</time>
      </trkpt>
      <trkpt lat="40.076070774424075" lon="116.33785422441707">
        <ele>45.9</ele>
        <time>2026-08-15T10:29:28.999Z</time>
      </trkpt>
      <trkpt lat="40.07609527156127" lon="116.33785254440141">
        <ele>45.9</ele>
        <time>2026-08-15T10:29:29.999Z</time>
      </trkpt>
      <trkpt lat="40.07611949183079" lon="116.33785137204316">
        <ele>45.9</ele>
        <time>2026-08-15T10:29:30.999Z</time>
      </trkpt>
      <trkpt lat="40.076143407441606" lon="116.33785039903599">
        <ele>45.9</ele>
        <time>2026-08-15T10:29:31.999Z</time>
      </trkpt>
      <trkpt lat="40.07616716051576" lon="116.33784928013489">
        <ele>45.9</ele>
        <time>2026-08-15T10:29:32.999Z</time>
      </trkpt>
      <trkpt lat="40.076190959661474" lon="116.3378479647708">
        <ele>45.9</ele>
        <time>2026-08-15T10:29:33.999Z</time>
      </trkpt>
      <trkpt lat="40.07621486552482" lon="116.33784698302298">
        <ele>45.9</ele>
        <time>2026-08-15T10:29:34.999Z</time>
      </trkpt>
      <trkpt lat="40.07623886749151" lon="116.33784674599441">
        <ele>45.9</ele>
        <time>2026-08-15T10:29:35.999Z</time>
      </trkpt>
      <trkpt lat="40.07626285798845" lon="116.33784716207353">
        <ele>45.8</ele>
        <time>2026-08-15T10:29:36.999Z</time>
      </trkpt>
      <trkpt lat="40.07628670564874" lon="116.33784772453176">
        <ele>45.8</ele>
        <time>2026-08-15T10:29:37.999Z</time>
      </trkpt>
      <trkpt lat="40.07631047918149" lon="116.33784781018959">
        <ele>45.8</ele>
        <time>2026-08-15T10:29:38.999Z</time>
      </trkpt>
      <trkpt lat="40.076334321387165" lon="116.33784745559008">
        <ele>45.8</ele>
        <time>2026-08-15T10:29:39.999Z</time>
      </trkpt>
      <trkpt lat="40.07635828298078" lon="116.33784717188972">
        <ele>45.8</ele>
        <time>2026-08-15T10:29:40.999Z</time>
      </trkpt>
      <trkpt lat="40.0763822919132" lon="116.33784739764992">
        <ele>45.9</ele>
        <time>2026-08-15T10:29:41.999Z</time>
      </trkpt>
      <trkpt lat="40.076406223059266" lon="116.33784809371531">
        <ele>45.9</ele>
        <time>2026-08-15T10:29:42.999Z</time>
      </trkpt>
      <trkpt lat="40.076430062154444" lon="116.33784892992657">
        <ele>45.9</ele>
        <time>2026-08-15T10:29:43.999Z</time>
      </trkpt>
      <trkpt lat="40.07645376907789" lon="116.33784957556273">
        <ele>45.9</ele>
        <time>2026-08-15T10:29:44.999Z</time>
      </trkpt>
      <trkpt lat="40.07647728166943" lon="116.3378497779605">
        <ele>45.9</ele>
        <time>2026-08-15T10:29:45.999Z</time>
      </trkpt>
      <trkpt lat="40.07650073918936" lon="116.33784950801346">
        <ele>45.9</ele>
        <time>2026-08-15T10:29:46.999Z</time>
      </trkpt>
      <trkpt lat="40.07652431196251" lon="116.33784866370696">
        <ele>45.9</ele>
        <time>2026-08-15T10:29:47.999Z</time>
      </trkpt>
      <trkpt lat="40.07654804340397" lon="116.33784693171809">
        <ele>45.9</ele>
        <time>2026-08-15T10:29:48.999Z</time>
      </trkpt>
      <trkpt lat="40.07657200137954" lon="116.33784413967949">
        <ele>45.9</ele>
        <time>2026-08-15T10:29:50.000Z</time>
      </trkpt>
      <trkpt lat="40.07659618334886" lon="116.33784055858881">
        <ele>45.9</ele>
        <time>2026-08-15T10:29:51.000Z</time>
      </trkpt>
      <trkpt lat="40.0766205051273" lon="116.33783673787369">
        <ele>45.9</ele>
        <time>2026-08-15T10:29:52.000Z</time>
      </trkpt>
      <trkpt lat="40.07664476286634" lon="116.33783299126273">
        <ele>45.9</ele>
        <time>2026-08-15T10:29:53.000Z</time>
      </trkpt>
      <trkpt lat="40.076668771322076" lon="116.33782891242936">
        <ele>45.9</ele>
        <time>2026-08-15T10:29:54.000Z</time>
      </trkpt>
      <trkpt lat="40.076692496105416" lon="116.3378236012759">
        <ele>45.9</ele>
        <time>2026-08-15T10:29:55.000Z</time>
      </trkpt>
      <trkpt lat="40.07671614002547" lon="116.33781646923589">
        <ele>45.9</ele>
        <time>2026-08-15T10:29:56.000Z</time>
      </trkpt>
      <trkpt lat="40.07673985209905" lon="116.33780750955455">
        <ele>45.9</ele>
        <time>2026-08-15T10:29:57.000Z</time>
      </trkpt>
      <trkpt lat="40.07676345195537" lon="116.33779683913404">
        <ele>45.9</ele>
        <time>2026-08-15T10:29:58.000Z</time>
      </trkpt>
      <trkpt lat="40.076786551750146" lon="116.33778450528106">
        <ele>45.9</ele>
        <time>2026-08-15T10:29:59.000Z</time>
      </trkpt>
      <trkpt lat="40.07680883190556" lon="116.33777045438677">
        <ele>45.9</ele>
        <time>2026-08-15T10:30:00.000Z</time>
      </trkpt>
      <trkpt lat="40.076830068276756" lon="116.33775441651235">
        <ele>45.9</ele>
        <time>2026-08-15T10:30:01.000Z</time>
      </trkpt>
      <trkpt lat="40.07685015163042" lon="116.33773630098523">
        <ele>45.9</ele>
        <time>2026-08-15T10:30:02.000Z</time>
      </trkpt>
      <trkpt lat="40.07686919165002" lon="116.33771638524445">
        <ele>45.9</ele>
        <time>2026-08-15T10:30:03.000Z</time>
      </trkpt>
      <trkpt lat="40.07688740390405" lon="116.33769510285245">
        <ele>45.9</ele>
        <time>2026-08-15T10:30:04.000Z</time>
      </trkpt>
      <trkpt lat="40.0769049451157" lon="116.3376728916845">
        <ele>45.9</ele>
        <time>2026-08-15T10:30:05.000Z</time>
      </trkpt>
      <trkpt lat="40.076921789091934" lon="116.33764989818522">
        <ele>45.9</ele>
        <time>2026-08-15T10:30:06.000Z</time>
      </trkpt>
      <trkpt lat="40.07693767134743" lon="116.33762580257263">
        <ele>45.9</ele>
        <time>2026-08-15T10:30:07.000Z</time>
      </trkpt>
      <trkpt lat="40.07695235358419" lon="116.33760019042647">
        <ele>45.9</ele>
        <time>2026-08-15T10:30:08.000Z</time>
      </trkpt>
      <trkpt lat="40.07696562802728" lon="116.33757284679554">
        <ele>45.9</ele>
        <time>2026-08-15T10:30:09.000Z</time>
      </trkpt>
      <trkpt lat="40.07697722369084" lon="116.33754393012957">
        <ele>45.9</ele>
        <time>2026-08-15T10:30:10.000Z</time>
      </trkpt>
      <trkpt lat="40.07698733422137" lon="116.33751410115887">
        <ele>45.9</ele>
        <time>2026-08-15T10:30:11.000Z</time>
      </trkpt>
      <trkpt lat="40.076996382570776" lon="116.33748396186635">
        <ele>45.9</ele>
        <time>2026-08-15T10:30:12.000Z</time>
      </trkpt>
      <trkpt lat="40.07700427639874" lon="116.33745360603406">
        <ele>45.9</ele>
        <time>2026-08-15T10:30:13.000Z</time>
      </trkpt>
      <trkpt lat="40.077010589712785" lon="116.3374227378025">
        <ele>45.9</ele>
        <time>2026-08-15T10:30:14.000Z</time>
      </trkpt>
      <trkpt lat="40.077015122083324" lon="116.33739113056617">
        <ele>45.9</ele>
        <time>2026-08-15T10:30:15.000Z</time>
      </trkpt>
      <trkpt lat="40.0770178633911" lon="116.33735885945933">
        <ele>45.9</ele>
        <time>2026-08-15T10:30:16.000Z</time>
      </trkpt>
      <trkpt lat="40.07701888713449" lon="116.33732619386679">
        <ele>45.9</ele>
        <time>2026-08-15T10:30:17.000Z</time>
      </trkpt>
      <trkpt lat="40.07701836990845" lon="116.33729344177395">
        <ele>45.9</ele>
        <time>2026-08-15T10:30:18.000Z</time>
      </trkpt>
      <trkpt lat="40.07701642793726" lon="116.3372610658464">
        <ele>45.9</ele>
        <time>2026-08-15T10:30:19.000Z</time>
      </trkpt>
      <trkpt lat="40.07701284259963" lon="116.33722935301806">
        <ele>45.9</ele>
        <time>2026-08-15T10:30:20.000Z</time>
      </trkpt>
      <trkpt lat="40.07700721328335" lon="116.33719835277181">
        <ele>45.9</ele>
        <time>2026-08-15T10:30:21.000Z</time>
      </trkpt>
      <trkpt lat="40.0769994190719" lon="116.33716821971835">
        <ele>45.9</ele>
        <time>2026-08-15T10:30:22.000Z</time>
      </trkpt>
      <trkpt lat="40.07698955187777" lon="116.33713898149513">
        <ele>45.9</ele>
        <time>2026-08-15T10:30:23.000Z</time>
      </trkpt>
      <trkpt lat="40.07697782757004" lon="116.33711068934727">
        <ele>45.9</ele>
        <time>2026-08-15T10:30:24.000Z</time>
      </trkpt>
      <trkpt lat="40.07696454650556" lon="116.33708340837305">
        <ele>45.9</ele>
        <time>2026-08-15T10:30:25.000Z</time>
      </trkpt>
      <trkpt lat="40.07694981031388" lon="116.33705730501345">
        <ele>45.9</ele>
        <time>2026-08-15T10:30:26.000Z</time>
      </trkpt>
      <trkpt lat="40.076933596789885" lon="116.33703263455341">
        <ele>45.9</ele>
        <time>2026-08-15T10:30:27.000Z</time>
      </trkpt>
      <trkpt lat="40.076915983798685" lon="116.33700959808262">
        <ele>45.9</ele>
        <time>2026-08-15T10:30:28.000Z</time>
      </trkpt>
      <trkpt lat="40.076897335336575" lon="116.3369880878759">
        <ele>45.9</ele>
        <time>2026-08-15T10:30:29.000Z</time>
      </trkpt>
      <trkpt lat="40.07687803556376" lon="116.33696784525486">
        <ele>45.9</ele>
        <time>2026-08-15T10:30:30.000Z</time>
      </trkpt>
      <trkpt lat="40.076858176166" lon="116.33694874681669">
        <ele>45.9</ele>
        <time>2026-08-15T10:30:31.000Z</time>
      </trkpt>
      <trkpt lat="40.07683777426159" lon="116.33693081206061">
        <ele>45.9</ele>
        <time>2026-08-15T10:30:32.000Z</time>
      </trkpt>
      <trkpt lat="40.07681670276907" lon="116.33691422559609">
        <ele>45.9</ele>
        <time>2026-08-15T10:30:33.000Z</time>
      </trkpt>
      <trkpt lat="40.07679476608889" lon="116.33689934957295">
        <ele>45.9</ele>
        <time>2026-08-15T10:30:34.000Z</time>
      </trkpt>
      <trkpt lat="40.076772057536445" lon="116.33688677965486">
        <ele>45.9</ele>
        <time>2026-08-15T10:30:35.000Z</time>
      </trkpt>
      <trkpt lat="40.0767486310798" lon="116.33687678257903">
        <ele>45.9</ele>
        <time>2026-08-15T10:30:36.000Z</time>
      </trkpt>
      <trkpt lat="40.0767244806325" lon="116.33686909298977">
        <ele>46.0</ele>
        <time>2026-08-15T10:30:37.000Z</time>
      </trkpt>
      <trkpt lat="40.076699776389354" lon="116.33686324790116">
        <ele>46.0</ele>
        <time>2026-08-15T10:30:38.000Z</time>
      </trkpt>
      <trkpt lat="40.076674569341485" lon="116.33685913221395">
        <ele>46.0</ele>
        <time>2026-08-15T10:30:39.000Z</time>
      </trkpt>
      <trkpt lat="40.0766489148368" lon="116.33685719205768">
        <ele>46.0</ele>
        <time>2026-08-15T10:30:40.000Z</time>
      </trkpt>
      <trkpt lat="40.07662291021951" lon="116.3368578084247">
        <ele>46.0</ele>
        <time>2026-08-15T10:30:41.000Z</time>
      </trkpt>
      <trkpt lat="40.07659657287467" lon="116.33686040872345">
        <ele>46.0</ele>
        <time>2026-08-15T10:30:42.000Z</time>
      </trkpt>
      <trkpt lat="40.076570019502796" lon="116.33686390255842">
        <ele>46.0</ele>
        <time>2026-08-15T10:30:43.000Z</time>
      </trkpt>
      <trkpt lat="40.07654339548468" lon="116.33686757454043">
        <ele>46.0</ele>
        <time>2026-08-15T10:30:44.000Z</time>
      </trkpt>
      <trkpt lat="40.076516811255864" lon="116.33687111064461">
        <ele>46.0</ele>
        <time>2026-08-15T10:30:45.000Z</time>
      </trkpt>
      <trkpt lat="40.076490414254074" lon="116.33687471590848">
        <ele>46.0</ele>
        <time>2026-08-15T10:30:46.000Z</time>
      </trkpt>
      <trkpt lat="40.07646427635551" lon="116.33687872785394">
        <ele>46.0</ele>
        <time>2026-08-15T10:30:47.000Z</time>
      </trkpt>
      <trkpt lat="40.07643835516717" lon="116.33688300352146">
        <ele>46.0</ele>
        <time>2026-08-15T10:30:48.000Z</time>
      </trkpt>
      <trkpt lat="40.07641253897641" lon="116.3368871840839">
        <ele>46.0</ele>
        <time>2026-08-15T10:30:49.000Z</time>
      </trkpt>
      <trkpt lat="40.07638669469982" lon="116.33689078127449">
        <ele>46.0</ele>
        <time>2026-08-15T10:30:50.000Z</time>
      </trkpt>
      <trkpt lat="40.076360821892294" lon="116.33689348034143">
        <ele>45.9</ele>
        <time>2026-08-15T10:30:51.000Z</time>
      </trkpt>
      <trkpt lat="40.07633499583614" lon="116.33689543030798">
        <ele>45.9</ele>
        <time>2026-08-15T10:30:52.000Z</time>
      </trkpt>
      <trkpt lat="40.07630930913322" lon="116.33689711812634">
        <ele>45.9</ele>
        <time>2026-08-15T10:30:53.000Z</time>
      </trkpt>
      <trkpt lat="40.07628389188222" lon="116.33689909204871">
        <ele>45.9</ele>
        <time>2026-08-15T10:30:54.000Z</time>
      </trkpt>
      <trkpt lat="40.07625881102637" lon="116.33690155346687">
        <ele>45.9</ele>
        <time>2026-08-15T10:30:55.000Z</time>
      </trkpt>
      <trkpt lat="40.07623409011682" lon="116.33690440670853">
        <ele>45.9</ele>
        <time>2026-08-15T10:30:56.000Z</time>
      </trkpt>
      <trkpt lat="40.07620963341681" lon="116.33690715961642">
        <ele>45.9</ele>
        <time>2026-08-15T10:30:56.999Z</time>
      </trkpt>
      <trkpt lat="40.07618520689937" lon="116.33690905985698">
        <ele>45.9</ele>
        <time>2026-08-15T10:30:57.999Z</time>
      </trkpt>
      <trkpt lat="40.076160683478115" lon="116.336909970883">
        <ele>45.9</ele>
        <time>2026-08-15T10:30:58.999Z</time>
      </trkpt>
      <trkpt lat="40.07613605114541" lon="116.33691058788537">
        <ele>45.9</ele>
        <time>2026-08-15T10:30:59.999Z</time>
      </trkpt>
      <trkpt lat="40.0761113703594" lon="116.33691144298436">
        <ele>45.9</ele>
        <time>2026-08-15T10:31:00.999Z</time>
      </trkpt>
      <trkpt lat="40.076086706435625" lon="116.33691259612444">
        <ele>45.9</ele>
        <time>2026-08-15T10:31:01.999Z</time>
      </trkpt>
      <trkpt lat="40.07606201031666" lon="116.33691379481512">
        <ele>45.9</ele>
        <time>2026-08-15T10:31:02.999Z</time>
      </trkpt>
      <trkpt lat="40.07603723820307" lon="116.33691470184651">
        <ele>45.9</ele>
        <time>2026-08-15T10:31:03.999Z</time>
      </trkpt>
      <trkpt lat="40.076012413213384" lon="116.33691523678286">
        <ele>45.9</ele>
        <time>2026-08-15T10:31:04.999Z</time>
      </trkpt>
      <trkpt lat="40.075987598465694" lon="116.33691551358714">
        <ele>45.9</ele>
        <time>2026-08-15T10:31:05.999Z</time>
      </trkpt>
      <trkpt lat="40.075962859521745" lon="116.33691532745068">
        <ele>45.9</ele>
        <time>2026-08-15T10:31:06.999Z</time>
      </trkpt>
      <trkpt lat="40.07593828785692" lon="116.33691429268863">
        <ele>45.8</ele>
        <time>2026-08-15T10:31:07.999Z</time>
      </trkpt>
      <trkpt lat="40.07591398950444" lon="116.33691246093305">
        <ele>45.8</ele>
        <time>2026-08-15T10:31:08.999Z</time>
      </trkpt>
      <trkpt lat="40.07589003120161" lon="116.33691033488856">
        <ele>45.8</ele>
        <time>2026-08-15T10:31:09.999Z</time>
      </trkpt>
      <trkpt lat="40.075866609307624" lon="116.33690842456699">
        <ele>45.8</ele>
        <time>2026-08-15T10:31:10.999Z</time>
      </trkpt>
      <trkpt lat="40.07584374507077" lon="116.33690675079787">
        <ele>45.8</ele>
        <time>2026-08-15T10:31:11.999Z</time>
      </trkpt>
      <trkpt lat="40.075821105178946" lon="116.33690551364734">
        <ele>45.8</ele>
        <time>2026-08-15T10:31:12.999Z</time>
      </trkpt>
      <trkpt lat="40.075798471414906" lon="116.33690520989762">
        <ele>45.8</ele>
        <time>2026-08-15T10:31:13.999Z</time>
      </trkpt>
      <trkpt lat="40.075775817573906" lon="116.3369061747545">
        <ele>45.8</ele>
        <time>2026-08-15T10:31:14.999Z</time>
      </trkpt>
      <trkpt lat="40.07575323697769" lon="116.33690868766226">
        <ele>45.8</ele>
        <time>2026-08-15T10:31:15.999Z</time>
      </trkpt>
      <trkpt lat="40.07573091755834" lon="116.33691301435168">
        <ele>45.8</ele>
        <time>2026-08-15T10:31:16.999Z</time>
      </trkpt>
      <trkpt lat="40.07570902632426" lon="116.33691919440237">
        <ele>45.8</ele>
        <time>2026-08-15T10:31:17.999Z</time>
      </trkpt>
      <trkpt lat="40.07568775872921" lon="116.33692698650292">
        <ele>45.8</ele>
        <time>2026-08-15T10:31:18.999Z</time>
      </trkpt>
      <trkpt lat="40.07566738664523" lon="116.3369360951696">
        <ele>45.8</ele>
        <time>2026-08-15T10:31:19.999Z</time>
      </trkpt>
      <trkpt lat="40.07564804462125" lon="116.33694638236557">
        <ele>45.8</ele>
        <time>2026-08-15T10:31:20.999Z</time>
      </trkpt>
      <trkpt lat="40.07562966474675" lon="116.33695812472733">
        <ele>45.8</ele>
        <time>2026-08-15T10:31:21.999Z</time>
      </trkpt>
      <trkpt lat="40.07561221283409" lon="116.33697161332768">
        <ele>45.8</ele>
        <time>2026-08-15T10:31:22.999Z</time>
      </trkpt>
      <trkpt lat="40.075595760604834" lon="116.33698700657513">
        <ele>45.8</ele>
        <time>2026-08-15T10:31:23.999Z</time>
      </trkpt>
      <trkpt lat="40.07558038090108" lon="116.33700444489284">
        <ele>45.8</ele>
        <time>2026-08-15T10:31:24.999Z</time>
      </trkpt>
      <trkpt lat="40.07556610696378" lon="116.33702386526896">
        <ele>45.8</ele>
        <time>2026-08-15T10:31:25.999Z</time>
      </trkpt>
      <trkpt lat="40.07555295961265" lon="116.33704506608532">
        <ele>45.8</ele>
        <time>2026-08-15T10:31:26.999Z</time>
      </trkpt>
      <trkpt lat="40.07554094143078" lon="116.33706791999643">
        <ele>45.8</ele>
        <time>2026-08-15T10:31:27.999Z</time>
      </trkpt>
      <trkpt lat="40.07552996446693" lon="116.33709243971656">
        <ele>45.8</ele>
        <time>2026-08-15T10:31:28.999Z</time>
      </trkpt>
      <trkpt lat="40.07552004730472" lon="116.33711879665115">
        <ele>45.8</ele>
        <time>2026-08-15T10:31:29.999Z</time>
      </trkpt>
      <trkpt lat="40.07551126841486" lon="116.33714717271947">
        <ele>45.8</ele>
        <time>2026-08-15T10:31:30.999Z</time>
      </trkpt>
      <trkpt lat="40.07550349397774" lon="116.33717756464947">
        <ele>45.8</ele>
        <time>2026-08-15T10:31:31.999Z</time>
      </trkpt>
      <trkpt lat="40.07549669211324" lon="116.33720961742024">
        <ele>45.8</ele>
        <time>2026-08-15T10:31:32.999Z</time>
      </trkpt>
      <trkpt lat="40.075491010040814" lon="116.33724285347752">
        <ele>45.8</ele>
        <time>2026-08-15T10:31:33.999Z</time>
      </trkpt>
      <trkpt lat="40.075486646949415" lon="116.33727694522989">
        <ele>45.9</ele>
        <time>2026-08-15T10:31:34.999Z</time>
      </trkpt>
      <trkpt lat="40.07548373824955" lon="116.33731151646485">
        <ele>45.9</ele>
        <time>2026-08-15T10:31:35.999Z</time>
      </trkpt>
      <trkpt lat="40.07548225109007" lon="116.33734616743692">
        <ele>45.9</ele>
        <time>2026-08-15T10:31:36.999Z</time>
      </trkpt>
      <trkpt lat="40.075482258420514" lon="116.33738081354498">
        <ele>45.9</ele>
        <time>2026-08-15T10:31:37.999Z</time>
      </trkpt>
      <trkpt lat="40.07548385826645" lon="116.3374154471878">
        <ele>45.9</ele>
        <time>2026-08-15T10:31:38.999Z</time>
      </trkpt>
      <trkpt lat="40.07548698673198" lon="116.33745006309866">
        <ele>45.9</ele>
        <time>2026-08-15T10:31:39.999Z</time>
      </trkpt>
      <trkpt lat="40.07549168335125" lon="116.3374850114892">
        <ele>45.9</ele>
        <time>2026-08-15T10:31:40.999Z</time>
      </trkpt>
      <trkpt lat="40.07549824093125" lon="116.33752041900136">
        <ele>45.9</ele>
        <time>2026-08-15T10:31:41.999Z</time>
      </trkpt>
      <trkpt lat="40.0755069552098" lon="116.33755557857872">
        <ele>45.9</ele>
        <time>2026-08-15T10:31:42.999Z</time>
      </trkpt>
      <trkpt lat="40.07551802166491" lon="116.33758958111528">
        <ele>45.9</ele>
        <time>2026-08-15T10:31:43.999Z</time>
      </trkpt>
      <trkpt lat="40.07553139341753" lon="116.3376220735988">
        <ele>45.9</ele>
        <time>2026-08-15T10:31:44.999Z</time>
      </trkpt>
      <trkpt lat="40.075546845163004" lon="116.33765291975641">
        <ele>45.9</ele>
        <time>2026-08-15T10:31:45.999Z</time>
      </trkpt>
      <trkpt lat="40.07556394352791" lon="116.33768213275522">
        <ele>45.9</ele>
        <time>2026-08-15T10:31:46.999Z</time>
      </trkpt>
      <trkpt lat="40.075582184167395" lon="116.33770978768402">
        <ele>45.9</ele>
        <time>2026-08-15T10:31:47.999Z</time>
      </trkpt>
      <trkpt lat="40.07560121925186" lon="116.33773584965746">
        <ele>45.9</ele>
        <time>2026-08-15T10:31:48.999Z</time>
      </trkpt>
      <trkpt lat="40.075620884727165" lon="116.33776021915799">
        <ele>45.9</ele>
        <time>2026-08-15T10:31:49.999Z</time>
      </trkpt>
      <trkpt lat="40.07564137878941" lon="116.3377825361674">
        <ele>45.9</ele>
        <time>2026-08-15T10:31:50.999Z</time>
      </trkpt>
      <trkpt lat="40.0756629747478" lon="116.33780230253136">
        <ele>45.9</ele>
        <time>2026-08-15T10:31:51.999Z</time>
      </trkpt>
      <trkpt lat="40.07568561963387" lon="116.33781920342035">
        <ele>45.9</ele>
        <time>2026-08-15T10:31:52.999Z</time>
      </trkpt>
      <trkpt lat="40.07570900085426" lon="116.3378332973497">
        <ele>45.9</ele>
        <time>2026-08-15T10:31:53.999Z</time>
      </trkpt>
      <trkpt lat="40.075732879732385" lon="116.33784489886314">
        <ele>45.9</ele>
        <time>2026-08-15T10:31:54.999Z</time>
      </trkpt>
      <trkpt lat="40.07575703625664" lon="116.33785441537881">
        <ele>45.9</ele>
        <time>2026-08-15T10:31:56.000Z</time>
      </trkpt>
      <trkpt lat="40.07578123995347" lon="116.33786217145737">
        <ele>45.9</ele>
        <time>2026-08-15T10:31:57.000Z</time>
      </trkpt>
      <trkpt lat="40.07580537611658" lon="116.33786827092014">
        <ele>45.9</ele>
        <time>2026-08-15T10:31:58.000Z</time>
      </trkpt>
      <trkpt lat="40.07582913215447" lon="116.33787258967759">
        <ele>45.9</ele>
        <time>2026-08-15T10:31:59.000Z</time>
      </trkpt>
      <trkpt lat="40.07585233706086" lon="116.33787503235345">
        <ele>45.9</ele>
        <time>2026-08-15T10:32:00.000Z</time>
      </trkpt>
      <trkpt lat="40.07587516420227" lon="116.33787578255813">
        <ele>45.9</ele>
        <time>2026-08-15T10:32:01.000Z</time>
      </trkpt>
      <trkpt lat="40.07589781413931" lon="116.3378753927959">
        <ele>45.8</ele>
        <time>2026-08-15T10:32:02.000Z</time>
      </trkpt>
      <trkpt lat="40.07592054416417" lon="116.33787429822154">
        <ele>45.8</ele>
        <time>2026-08-15T10:32:03.000Z</time>
      </trkpt>
      <trkpt lat="40.07594365046668" lon="116.3378726806388">
        <ele>45.8</ele>
        <time>2026-08-15T10:32:04.000Z</time>
      </trkpt>
      <trkpt lat="40.07596720993821" lon="116.3378707568113">
        <ele>45.8</ele>
        <time>2026-08-15T10:32:05.000Z</time>
      </trkpt>
      <trkpt lat="40.075991002925115" lon="116.33786865189177">
        <ele>45.8</ele>
        <time>2026-08-15T10:32:06.000Z</time>
      </trkpt>
      <trkpt lat="40.07601490892788" lon="116.33786623002942">
        <ele>45.8</ele>
        <time>2026-08-15T10:32:07.000Z</time>
      </trkpt>
      <trkpt lat="40.07603899587393" lon="116.33786331680066">
        <ele>45.8</ele>
        <time>2026-08-15T10:32:08.000Z</time>
      </trkpt>
      <trkpt lat="40.07606324123897" lon="116.33785999228296">
        <ele>45.8</ele>
        <time>2026-08-15T10:32:09.000Z</time>
      </trkpt>
      <trkpt lat="40.07608761970902" lon="116.3378567304775">
        <ele>45.8</ele>
        <time>2026-08-15T10:32:10.000Z</time>
      </trkpt>
      <trkpt lat="40.07611207228063" lon="116.33785388667702">
        <ele>45.8</ele>
        <time>2026-08-15T10:32:11.000Z</time>
      </trkpt>
      <trkpt lat="40.076136501200374" lon="116.33785118303717">
        <ele>45.8</ele>
        <time>2026-08-15T10:32:12.000Z</time>
      </trkpt>
      <trkpt lat="40.07616094352174" lon="116.33784832076772">
        <ele>45.8</ele>
        <time>2026-08-15T10:32:13.000Z</time>
      </trkpt>
      <trkpt lat="40.07618545838629" lon="116.33784516908075">
        <ele>45.8</ele>
        <time>2026-08-15T10:32:14.000Z</time>
      </trkpt>
      <trkpt lat="40.07621004910508" lon="116.33784175081752">
        <ele>45.8</ele>
        <time>2026-08-15T10:32:15.000Z</time>
      </trkpt>
      <trkpt lat="40.07623471132995" lon="116.3378383703437">
        <ele>45.8</ele>
        <time>2026-08-15T10:32:16.000Z</time>
      </trkpt>
      <trkpt lat="40.07625938189285" lon="116.33783550854828">
        <ele>45.8</ele>
        <time>2026-08-15T10:32:17.000Z</time>
      </trkpt>
      <trkpt lat="40.07628396612779" lon="116.33783363413922">
        <ele>45.8</ele>
        <time>2026-08-15T10:32:18.000Z</time>
      </trkpt>
      <trkpt lat="40.0763084155471" lon="116.33783272655133">
        <ele>45.8</ele>
        <time>2026-08-15T10:32:19.000Z</time>
      </trkpt>
      <trkpt lat="40.076332813127266" lon="116.33783250995708">
        <ele>45.8</ele>
        <time>2026-08-15T10:32:20.000Z</time>
      </trkpt>
      <trkpt lat="40.076357270790076" lon="116.33783283911431">
        <ele>45.8</ele>
        <time>2026-08-15T10:32:21.000Z</time>
      </trkpt>
      <trkpt lat="40.07638178611957" lon="116.33783335781736">
        <ele>45.8</ele>
        <time>2026-08-15T10:32:22.000Z</time>
      </trkpt>
      <trkpt lat="40.07640640332695" lon="116.3378335919979">
        <ele>45.8</ele>
        <time>2026-08-15T10:32:23.000Z</time>
      </trkpt>
      <trkpt lat="40.0764312317603" lon="116.33783326786845">
        <ele>45.8</ele>
        <time>2026-08-15T10:32:24.000Z</time>
      </trkpt>
      <trkpt lat="40.076456239602706" lon="116.33783248108006">
        <ele>45.8</ele>
        <time>2026-08-15T10:32:25.000Z</time>
      </trkpt>
      <trkpt lat="40.07648133245769" lon="116.3378315250232">
        <ele>45.8</ele>
        <time>2026-08-15T10:32:26.000Z</time>
      </trkpt>
      <trkpt lat="40.076506453476355" lon="116.3378307214958">
        <ele>45.8</ele>
        <time>2026-08-15T10:32:27.000Z</time>
      </trkpt>
      <trkpt lat="40.076531529953634" lon="116.33783053283365">
        <ele>45.8</ele>
        <time>2026-08-15T10:32:28.000Z</time>
      </trkpt>
      <trkpt lat="40.07655657161348" lon="116.33783129996462">
        <ele>45.8</ele>
        <time>2026-08-15T10:32:29.000Z</time>
      </trkpt>
      <trkpt lat="40.07658155642741" lon="116.33783309254692">
        <ele>45.9</ele>
        <time>2026-08-15T10:32:30.000Z</time>
        <extensions>
  <gpxtpx:TrackPointExtension>
    <gpxtpx:hr>165</gpxtpx:hr>
  </gpxtpx:TrackPointExtension>
</extensions>
      </trkpt>
      <trkpt lat="40.076606459025825" lon="116.33783556484497">
        <ele>45.9</ele>
        <time>2026-08-15T10:32:31.000Z</time>
        <extensions>
  <gpxtpx:TrackPointExtension>
    <gpxtpx:hr>165</gpxtpx:hr>
  </gpxtpx:TrackPointExtension>
</extensions>
      </trkpt>
      <trkpt lat="40.076631365530204" lon="116.33783806655897">
        <ele>45.9</ele>
        <time>2026-08-15T10:32:32.000Z</time>
        <extensions>
  <gpxtpx:TrackPointExtension>
    <gpxtpx:hr>165</gpxtpx:hr>
  </gpxtpx:TrackPointExtension>
</extensions>
      </trkpt>
      <trkpt lat="40.076656223309215" lon="116.33783969319079">
        <ele>45.9</ele>
        <time>2026-08-15T10:32:33.000Z</time>
        <extensions>
  <gpxtpx:TrackPointExtension>
    <gpxtpx:hr>165</gpxtpx:hr>
  </gpxtpx:TrackPointExtension>
</extensions>
      </trkpt>
      <trkpt lat="40.0766808480761" lon="116.33783957601374">
        <ele>45.9</ele>
        <time>2026-08-15T10:32:34.000Z</time>
        <extensions>
  <gpxtpx:TrackPointExtension>
    <gpxtpx:hr>165</gpxtpx:hr>
  </gpxtpx:TrackPointExtension>
</extensions>
      </trkpt>
      <trkpt lat="40.0767050930054" lon="116.33783724974849">
        <ele>45.9</ele>
        <time>2026-08-15T10:32:35.000Z</time>
        <extensions>
  <gpxtpx:TrackPointExtension>
    <gpxtpx:hr>165</gpxtpx:hr>
  </gpxtpx:TrackPointExtension>
</extensions>
      </trkpt>
      <trkpt lat="40.07672890420275" lon="116.337832507978">
        <ele>45.9</ele>
        <time>2026-08-15T10:32:36.000Z</time>
        <extensions>
  <gpxtpx:TrackPointExtension>
    <gpxtpx:hr>165</gpxtpx:hr>
  </gpxtpx:TrackPointExtension>
</extensions>
      </trkpt>
      <trkpt lat="40.07675219257829" lon="116.33782505991246">
        <ele>45.9</ele>
        <time>2026-08-15T10:32:37.000Z</time>
        <extensions>
  <gpxtpx:TrackPointExtension>
    <gpxtpx:hr>165</gpxtpx:hr>
  </gpxtpx:TrackPointExtension>
</extensions>
      </trkpt>
      <trkpt lat="40.07677472254308" lon="116.3378144292663">
        <ele>45.9</ele>
        <time>2026-08-15T10:32:38.000Z</time>
        <extensions>
  <gpxtpx:TrackPointExtension>
    <gpxtpx:hr>165</gpxtpx:hr>
  </gpxtpx:TrackPointExtension>
</extensions>
      </trkpt>
      <trkpt lat="40.076796300805285" lon="116.3378006189665">
        <ele>45.9</ele>
        <time>2026-08-15T10:32:38.999Z</time>
        <extensions>
  <gpxtpx:TrackPointExtension>
    <gpxtpx:hr>165</gpxtpx:hr>
  </gpxtpx:TrackPointExtension>
</extensions>
      </trkpt>
      <trkpt lat="40.076816918276734" lon="116.33778416050168">
        <ele>45.8</ele>
        <time>2026-08-15T10:32:39.999Z</time>
      </trkpt>
      <trkpt lat="40.07683663110737" lon="116.33776555132297">
        <ele>45.8</ele>
        <time>2026-08-15T10:32:40.999Z</time>
      </trkpt>
      <trkpt lat="40.07685543098966" lon="116.33774512161979">
        <ele>45.8</ele>
        <time>2026-08-15T10:32:41.999Z</time>
      </trkpt>
      <trkpt lat="40.07687322804454" lon="116.33772334107215">
        <ele>45.8</ele>
        <time>2026-08-15T10:32:42.999Z</time>
      </trkpt>
      <trkpt lat="40.07688996560634" lon="116.33770051722779">
        <ele>45.8</ele>
        <time>2026-08-15T10:32:43.999Z</time>
      </trkpt>
      <trkpt lat="40.07690553830368" lon="116.33767659964352">
        <ele>45.8</ele>
        <time>2026-08-15T10:32:44.999Z</time>
      </trkpt>
      <trkpt lat="40.07691981023303" lon="116.33765143288672">
        <ele>45.8</ele>
        <time>2026-08-15T10:32:45.999Z</time>
      </trkpt>
      <trkpt lat="40.07693280390465" lon="116.33762512128688">
        <ele>45.8</ele>
        <time>2026-08-15T10:32:46.999Z</time>
      </trkpt>
      <trkpt lat="40.07694471291481" lon="116.33759798960689">
        <ele>45.8</ele>
        <time>2026-08-15T10:32:47.999Z</time>
      </trkpt>
      <trkpt lat="40.07695576739412" lon="116.33757023022582">
        <ele>45.8</ele>
        <time>2026-08-15T10:32:48.999Z</time>
      </trkpt>
      <trkpt lat="40.07696621057762" lon="116.3375420795713">
        <ele>45.8</ele>
        <time>2026-08-15T10:32:49.999Z</time>
      </trkpt>
      <trkpt lat="40.07697634360335" lon="116.33751379717174">
        <ele>45.8</ele>
        <time>2026-08-15T10:32:50.999Z</time>
      </trkpt>
      <trkpt lat="40.07698621096748" lon="116.33748546991755">
        <ele>45.8</ele>
        <time>2026-08-15T10:32:51.999Z</time>
      </trkpt>
      <trkpt lat="40.076995440418116" lon="116.33745691130999">
        <ele>45.8</ele>
        <time>2026-08-15T10:32:52.999Z</time>
      </trkpt>
      <trkpt lat="40.077003710413294" lon="116.3374279902542">
        <ele>45.8</ele>
        <time>2026-08-15T10:32:53.999Z</time>
      </trkpt>
      <trkpt lat="40.077010890847056" lon="116.33739874457636">
        <ele>45.8</ele>
        <time>2026-08-15T10:32:54.999Z</time>
      </trkpt>
      <trkpt lat="40.077016789179076" lon="116.33736913656887">
        <ele>45.8</ele>
        <time>2026-08-15T10:32:55.999Z</time>
      </trkpt>
      <trkpt lat="40.077020996932475" lon="116.33733895282434">
        <ele>45.8</ele>
        <time>2026-08-15T10:32:56.999Z</time>
      </trkpt>
      <trkpt lat="40.07702303027986" lon="116.33730796292126">
        <ele>45.8</ele>
        <time>2026-08-15T10:32:57.999Z</time>
      </trkpt>
      <trkpt lat="40.0770226915663" lon="116.33727623402416">
        <ele>45.8</ele>
        <time>2026-08-15T10:32:58.999Z</time>
      </trkpt>
      <trkpt lat="40.07702015718154" lon="116.33724426630594">
        <ele>45.8</ele>
        <time>2026-08-15T10:32:59.999Z</time>
      </trkpt>
      <trkpt lat="40.077015692869466" lon="116.33721291120605">
        <ele>45.8</ele>
        <time>2026-08-15T10:33:00.999Z</time>
      </trkpt>
      <trkpt lat="40.07700932281401" lon="116.3371828125138">
        <ele>45.8</ele>
        <time>2026-08-15T10:33:01.999Z</time>
      </trkpt>
      <trkpt lat="40.07700100429188" lon="116.3371540312196">
        <ele>45.8</ele>
        <time>2026-08-15T10:33:02.999Z</time>
      </trkpt>
      <trkpt lat="40.0769908232535" lon="116.33712630036146">
        <ele>45.8</ele>
        <time>2026-08-15T10:33:03.999Z</time>
      </trkpt>
      <trkpt lat="40.0769788087184" lon="116.33709951810913">
        <ele>45.8</ele>
        <time>2026-08-15T10:33:04.999Z</time>
      </trkpt>
      <trkpt lat="40.07696498117885" lon="116.33707391229974">
        <ele>45.8</ele>
        <time>2026-08-15T10:33:05.999Z</time>
      </trkpt>
      <trkpt lat="40.07694957090509" lon="116.33704960532373">
        <ele>45.8</ele>
        <time>2026-08-15T10:33:06.999Z</time>
      </trkpt>
      <trkpt lat="40.07693288798203" lon="116.33702642335514">
        <ele>45.8</ele>
        <time>2026-08-15T10:33:07.999Z</time>
      </trkpt>
      <trkpt lat="40.07691528987625" lon="116.33700409237115">
        <ele>45.8</ele>
        <time>2026-08-15T10:33:08.999Z</time>
      </trkpt>
      <trkpt lat="40.07689701484555" lon="116.33698258247716">
        <ele>45.8</ele>
        <time>2026-08-15T10:33:09.999Z</time>
      </trkpt>
      <trkpt lat="40.07687800781603" lon="116.33696232995325">
        <ele>45.8</ele>
        <time>2026-08-15T10:33:10.999Z</time>
      </trkpt>
      <trkpt lat="40.076858015015816" lon="116.33694385176909">
        <ele>45.8</ele>
        <time>2026-08-15T10:33:11.999Z</time>
      </trkpt>
      <trkpt lat="40.07683704819097" lon="116.33692732888885">
        <ele>45.8</ele>
        <time>2026-08-15T10:33:12.999Z</time>
      </trkpt>
      <trkpt lat="40.076815372762965" lon="116.33691266935078">
        <ele>45.8</ele>
        <time>2026-08-15T10:33:13.999Z</time>
      </trkpt>
      <trkpt lat="40.07679325647305" lon="116.33689965223286">
        <ele>45.8</ele>
        <time>2026-08-15T10:33:14.999Z</time>
      </trkpt>
      <trkpt lat="40.07677091427216" lon="116.33688809053194">
        <ele>45.8</ele>
        <time>2026-08-15T10:33:15.999Z</time>
      </trkpt>
      <trkpt lat="40.07674832345167" lon="116.3368780582178">
        <ele>45.8</ele>
        <time>2026-08-15T10:33:16.999Z</time>
      </trkpt>
      <trkpt lat="40.07672534282335" lon="116.33686975470988">
        <ele>45.8</ele>
        <time>2026-08-15T10:33:17.999Z</time>
      </trkpt>
      <trkpt lat="40.07670191105912" lon="116.33686332432877">
        <ele>45.8</ele>
        <time>2026-08-15T10:33:18.999Z</time>
      </trkpt>
      <trkpt lat="40.07667799860294" lon="116.33685893146824">
        <ele>45.8</ele>
        <time>2026-08-15T10:33:19.999Z</time>
      </trkpt>
      <trkpt lat="40.07665364373384" lon="116.3368566324445">
        <ele>45.8</ele>
        <time>2026-08-15T10:33:20.999Z</time>
      </trkpt>
      <trkpt lat="40.07662896365582" lon="116.33685643769918">
        <ele>45.8</ele>
        <time>2026-08-15T10:33:21.999Z</time>
      </trkpt>
      <trkpt lat="40.07660401067929" lon="116.33685834826721">
        <ele>45.8</ele>
        <time>2026-08-15T10:33:22.999Z</time>
      </trkpt>
      <trkpt lat="40.07657882774202" lon="116.33686213704406">
        <ele>45.8</ele>
        <time>2026-08-15T10:33:23.999Z</time>
      </trkpt>
      <trkpt lat="40.07655358428911" lon="116.33686724353349">
        <ele>45.8</ele>
        <time>2026-08-15T10:33:24.999Z</time>
      </trkpt>
      <trkpt lat="40.07652852567013" lon="116.33687293447079">
        <ele>45.8</ele>
        <time>2026-08-15T10:33:25.999Z</time>
      </trkpt>
      <trkpt lat="40.0765036771328" lon="116.33687849044287">
        <ele>45.8</ele>
        <time>2026-08-15T10:33:26.999Z</time>
      </trkpt>
      <trkpt lat="40.07647890185769" lon="116.33688310009501">
        <ele>45.8</ele>
        <time>2026-08-15T10:33:27.999Z</time>
      </trkpt>
      <trkpt lat="40.07645421428273" lon="116.33688632583238">
        <ele>45.8</ele>
        <time>2026-08-15T10:33:28.999Z</time>
      </trkpt>
      <trkpt lat="40.07642967691137" lon="116.33688848621117">
        <ele>45.8</ele>
        <time>2026-08-15T10:33:29.999Z</time>
      </trkpt>
      <trkpt lat="40.07640526170419" lon="116.33689017581634">
        <ele>45.8</ele>
        <time>2026-08-15T10:33:30.999Z</time>
      </trkpt>
      <trkpt lat="40.07638089212847" lon="116.33689172249568">
        <ele>45.8</ele>
        <time>2026-08-15T10:33:31.999Z</time>
      </trkpt>
      <trkpt lat="40.076356553686146" lon="116.33689343823134">
        <ele>45.8</ele>
        <time>2026-08-15T10:33:32.999Z</time>
      </trkpt>
      <trkpt lat="40.07633227474363" lon="116.33689580028359">
        <ele>45.8</ele>
        <time>2026-08-15T10:33:33.999Z</time>
      </trkpt>
      <trkpt lat="40.0763081184857" lon="116.3368990355356">
        <ele>45.8</ele>
        <time>2026-08-15T10:33:34.999Z</time>
      </trkpt>
      <trkpt lat="40.076284144534725" lon="116.3369028228689">
        <ele>45.8</ele>
        <time>2026-08-15T10:33:35.999Z</time>
      </trkpt>
      <trkpt lat="40.07626031824203" lon="116.33690635622764">
        <ele>45.8</ele>
        <time>2026-08-15T10:33:36.999Z</time>
      </trkpt>
      <trkpt lat="40.07623651108276" lon="116.3369088485091">
        <ele>45.8</ele>
        <time>2026-08-15T10:33:37.999Z</time>
      </trkpt>
      <trkpt lat="40.076212737783365" lon="116.33691001705867">
        <ele>45.8</ele>
        <time>2026-08-15T10:33:38.999Z</time>
      </trkpt>
      <trkpt lat="40.07618912955556" lon="116.336910102845">
        <ele>45.8</ele>
        <time>2026-08-15T10:33:39.999Z</time>
      </trkpt>
      <trkpt lat="40.07616573254064" lon="116.33690947809639">
        <ele>45.8</ele>
        <time>2026-08-15T10:33:40.999Z</time>
      </trkpt>
      <trkpt lat="40.07614251340614" lon="116.33690860827248">
        <ele>45.8</ele>
        <time>2026-08-15T10:33:41.999Z</time>
      </trkpt>
      <trkpt lat="40.07611934863469" lon="116.33690833144558">
        <ele>45.8</ele>
        <time>2026-08-15T10:33:42.999Z</time>
      </trkpt>
      <trkpt lat="40.07609610046848" lon="116.33690951584587">
        <ele>45.8</ele>
        <time>2026-08-15T10:33:43.999Z</time>
      </trkpt>
      <trkpt lat="40.07607272766804" lon="116.33691220806905">
        <ele>45.8</ele>
        <time>2026-08-15T10:33:44.999Z</time>
      </trkpt>
      <trkpt lat="40.07604926267347" lon="116.33691567518902">
        <ele>45.8</ele>
        <time>2026-08-15T10:33:45.999Z</time>
      </trkpt>
      <trkpt lat="40.076025747121456" lon="116.33691928965942">
        <ele>45.8</ele>
        <time>2026-08-15T10:33:46.999Z</time>
      </trkpt>
      <trkpt lat="40.07600219586337" lon="116.33692269894756">
        <ele>45.8</ele>
        <time>2026-08-15T10:33:47.999Z</time>
      </trkpt>
      <trkpt lat="40.07597863403636" lon="116.33692559539355">
        <ele>45.8</ele>
        <time>2026-08-15T10:33:48.999Z</time>
      </trkpt>
      <trkpt lat="40.07595507536031" lon="116.33692777772775">
        <ele>45.8</ele>
        <time>2026-08-15T10:33:49.999Z</time>
      </trkpt>
      <trkpt lat="40.07593154339348" lon="116.33692909635494">
        <ele>45.8</ele>
        <time>2026-08-15T10:33:50.999Z</time>
      </trkpt>
      <trkpt lat="40.075908078692144" lon="116.33692928780374">
        <ele>45.8</ele>
        <time>2026-08-15T10:33:51.999Z</time>
      </trkpt>
      <trkpt lat="40.07588476085926" lon="116.33692829482116">
        <ele>45.8</ele>
        <time>2026-08-15T10:33:52.999Z</time>
      </trkpt>
      <trkpt lat="40.075861636986744" lon="116.33692644982432">
        <ele>45.8</ele>
        <time>2026-08-15T10:33:53.999Z</time>
      </trkpt>
      <trkpt lat="40.07583863642078" lon="116.33692417418793">
        <ele>45.8</ele>
        <time>2026-08-15T10:33:54.999Z</time>
      </trkpt>
      <trkpt lat="40.07581571441916" lon="116.33692183281987">
        <ele>45.8</ele>
        <time>2026-08-15T10:33:55.999Z</time>
      </trkpt>
      <trkpt lat="40.075792897896044" lon="116.33691978962028">
        <ele>45.8</ele>
        <time>2026-08-15T10:33:56.999Z</time>
      </trkpt>
      <trkpt lat="40.07577015028396" lon="116.3369184250003">
        <ele>45.8</ele>
        <time>2026-08-15T10:33:57.999Z</time>
      </trkpt>
      <trkpt lat="40.075747420685865" lon="116.3369182318337">
        <ele>45.8</ele>
        <time>2026-08-15T10:33:58.999Z</time>
      </trkpt>
      <trkpt lat="40.0757248419583" lon="116.33691968203989">
        <ele>45.8</ele>
        <time>2026-08-15T10:33:59.999Z</time>
      </trkpt>
      <trkpt lat="40.075702766779635" lon="116.33692298933342">
        <ele>45.8</ele>
        <time>2026-08-15T10:34:00.999Z</time>
      </trkpt>
      <trkpt lat="40.07568162880147" lon="116.33692803233515">
        <ele>45.8</ele>
        <time>2026-08-15T10:34:02.000Z</time>
      </trkpt>
      <trkpt lat="40.075661696223065" lon="116.3369344994568">
        <ele>45.8</ele>
        <time>2026-08-15T10:34:03.000Z</time>
      </trkpt>
      <trkpt lat="40.075643009626" lon="116.33694218159614">
        <ele>45.8</ele>
        <time>2026-08-15T10:34:04.000Z</time>
      </trkpt>
      <trkpt lat="40.075625581742386" lon="116.33695122668878">
        <ele>45.8</ele>
        <time>2026-08-15T10:34:05.000Z</time>
      </trkpt>
      <trkpt lat="40.075609345688065" lon="116.33696200413232">
        <ele>45.8</ele>
        <time>2026-08-15T10:34:06.000Z</time>
      </trkpt>
      <trkpt lat="40.07559418215565" lon="116.3369749225873">
        <ele>45.8</ele>
        <time>2026-08-15T10:34:07.000Z</time>
      </trkpt>
      <trkpt lat="40.075579905927164" lon="116.33699042906456">
        <ele>45.7</ele>
        <time>2026-08-15T10:34:08.000Z</time>
      </trkpt>
      <trkpt lat="40.07556620410977" lon="116.33700893005843">
        <ele>45.7</ele>
        <time>2026-08-15T10:34:09.000Z</time>
      </trkpt>
      <trkpt lat="40.07555291785776" lon="116.33703064408668">
        <ele>45.7</ele>
        <time>2026-08-15T10:34:10.000Z</time>
      </trkpt>
      <trkpt lat="40.07554024159904" lon="116.33705510684428">
        <ele>45.8</ele>
        <time>2026-08-15T10:34:11.000Z</time>
      </trkpt>
      <trkpt lat="40.075528388670556" lon="116.33708158060395">
        <ele>45.8</ele>
        <time>2026-08-15T10:34:12.000Z</time>
      </trkpt>
      <trkpt lat="40.0755174595886" lon="116.33710955886612">
        <ele>45.8</ele>
        <time>2026-08-15T10:34:13.000Z</time>
      </trkpt>
      <trkpt lat="40.07550767829002" lon="116.33713870111067">
        <ele>45.8</ele>
        <time>2026-08-15T10:34:14.000Z</time>
      </trkpt>
      <trkpt lat="40.0754994134491" lon="116.33716883657004">
        <ele>45.8</ele>
        <time>2026-08-15T10:34:15.000Z</time>
      </trkpt>
      <trkpt lat="40.07549300815353" lon="116.33719989386543">
        <ele>45.8</ele>
        <time>2026-08-15T10:34:16.000Z</time>
      </trkpt>
      <trkpt lat="40.07548869497724" lon="116.33723182438297">
        <ele>45.8</ele>
        <time>2026-08-15T10:34:17.000Z</time>
      </trkpt>
      <trkpt lat="40.075486473980185" lon="116.33726439731292">
        <ele>45.8</ele>
        <time>2026-08-15T10:34:18.000Z</time>
      </trkpt>
      <trkpt lat="40.07548590534574" lon="116.33729728299318">
        <ele>45.8</ele>
        <time>2026-08-15T10:34:19.000Z</time>
      </trkpt>
      <trkpt lat="40.07548629967544" lon="116.33733020299645">
        <ele>45.8</ele>
        <time>2026-08-15T10:34:20.000Z</time>
      </trkpt>
      <trkpt lat="40.07548719307624" lon="116.33736307903841">
        <ele>45.8</ele>
        <time>2026-08-15T10:34:21.000Z</time>
      </trkpt>
      <trkpt lat="40.07548846631885" lon="116.33739589246858">
        <ele>45.8</ele>
        <time>2026-08-15T10:34:22.000Z</time>
      </trkpt>
      <trkpt lat="40.07549026377026" lon="116.33742848477439">
        <ele>45.8</ele>
        <time>2026-08-15T10:34:23.000Z</time>
      </trkpt>
      <trkpt lat="40.075492987173135" lon="116.3374606727425">
        <ele>45.8</ele>
        <time>2026-08-15T10:34:24.000Z</time>
      </trkpt>
      <trkpt lat="40.07549709675068" lon="116.33749233969148">
        <ele>45.8</ele>
        <time>2026-08-15T10:34:25.000Z</time>
      </trkpt>
      <trkpt lat="40.07550287819986" lon="116.33752342136515">
        <ele>45.8</ele>
        <time>2026-08-15T10:34:26.000Z</time>
      </trkpt>
      <trkpt lat="40.075510452126046" lon="116.3375538399732">
        <ele>45.8</ele>
        <time>2026-08-15T10:34:27.000Z</time>
      </trkpt>
      <trkpt lat="40.07551979428479" lon="116.33758345343288">
        <ele>45.8</ele>
        <time>2026-08-15T10:34:28.000Z</time>
      </trkpt>
      <trkpt lat="40.07553081427316" lon="116.3376120627501">
        <ele>45.8</ele>
        <time>2026-08-15T10:34:29.000Z</time>
      </trkpt>
      <trkpt lat="40.07554335065752" lon="116.33763972445921">
        <ele>45.8</ele>
        <time>2026-08-15T10:34:30.000Z</time>
      </trkpt>
      <trkpt lat="40.07555716445584" lon="116.33766670432613">
        <ele>45.8</ele>
        <time>2026-08-15T10:34:31.000Z</time>
      </trkpt>
      <trkpt lat="40.07557215319348" lon="116.33769316147496">
        <ele>45.8</ele>
        <time>2026-08-15T10:34:32.000Z</time>
      </trkpt>
      <trkpt lat="40.07558843191031" lon="116.33771930588593">
        <ele>45.8</ele>
        <time>2026-08-15T10:34:33.000Z</time>
      </trkpt>
      <trkpt lat="40.07560605351088" lon="116.3377449163846">
        <ele>45.8</ele>
        <time>2026-08-15T10:34:34.000Z</time>
      </trkpt>
      <trkpt lat="40.07562499622506" lon="116.33776923841269">
        <ele>45.8</ele>
        <time>2026-08-15T10:34:35.000Z</time>
      </trkpt>
      <trkpt lat="40.07564533060293" lon="116.33779160788686">
        <ele>45.8</ele>
        <time>2026-08-15T10:34:36.000Z</time>
      </trkpt>
      <trkpt lat="40.075667110697225" lon="116.33781147811735">
        <ele>45.8</ele>
        <time>2026-08-15T10:34:37.000Z</time>
      </trkpt>
      <trkpt lat="40.07569036492346" lon="116.33782832172031">
        <ele>45.8</ele>
        <time>2026-08-15T10:34:38.000Z</time>
      </trkpt>
      <trkpt lat="40.07571472970918" lon="116.3378417718634">
        <ele>45.8</ele>
        <time>2026-08-15T10:34:39.000Z</time>
      </trkpt>
      <trkpt lat="40.07573964593952" lon="116.33785216438416">
        <ele>45.8</ele>
        <time>2026-08-15T10:34:40.000Z</time>
      </trkpt>
      <trkpt lat="40.07576468867148" lon="116.33786042879287">
        <ele>45.8</ele>
        <time>2026-08-15T10:34:41.000Z</time>
      </trkpt>
      <trkpt lat="40.075789551740115" lon="116.33786742697471">
        <ele>45.8</ele>
        <time>2026-08-15T10:34:41.999Z</time>
      </trkpt>
      <trkpt lat="40.075814200616925" lon="116.3378734561668">
        <ele>45.8</ele>
        <time>2026-08-15T10:34:42.999Z</time>
      </trkpt>
      <trkpt lat="40.075838806090026" lon="116.33787839989536">
        <ele>45.8</ele>
        <time>2026-08-15T10:34:43.999Z</time>
      </trkpt>
      <trkpt lat="40.075863634685476" lon="116.33788209465762">
        <ele>45.8</ele>
        <time>2026-08-15T10:34:44.999Z</time>
      </trkpt>
      <trkpt lat="40.07588880256707" lon="116.33788446898323">
        <ele>45.8</ele>
        <time>2026-08-15T10:34:45.999Z</time>
      </trkpt>
      <trkpt lat="40.075914176547776" lon="116.33788578524536">
        <ele>45.7</ele>
        <time>2026-08-15T10:34:46.999Z</time>
      </trkpt>
      <trkpt lat="40.07593956127842" lon="116.3378865091867">
        <ele>45.7</ele>
        <time>2026-08-15T10:34:47.999Z</time>
      </trkpt>
      <trkpt lat="40.07596478648835" lon="116.33788676870799">
        <ele>45.7</ele>
        <time>2026-08-15T10:34:48.999Z</time>
      </trkpt>
      <trkpt lat="40.075989777322384" lon="116.33788624136636">
        <ele>45.7</ele>
        <time>2026-08-15T10:34:49.999Z</time>
      </trkpt>
      <trkpt lat="40.07601464101884" lon="116.33788465642417">
        <ele>45.7</ele>
        <time>2026-08-15T10:34:50.999Z</time>
      </trkpt>
      <trkpt lat="40.0760394263126" lon="116.33788221981038">
        <ele>45.7</ele>
        <time>2026-08-15T10:34:51.999Z</time>
      </trkpt>
      <trkpt lat="40.076064136141284" lon="116.33787933117607">
        <ele>45.7</ele>
        <time>2026-08-15T10:34:52.999Z</time>
      </trkpt>
      <trkpt lat="40.07608873490476" lon="116.33787628611775">
        <ele>45.7</ele>
        <time>2026-08-15T10:34:53.999Z</time>
      </trkpt>
      <trkpt lat="40.07611318049454" lon="116.3378733940634">
        <ele>45.7</ele>
        <time>2026-08-15T10:34:54.999Z</time>
      </trkpt>
      <trkpt lat="40.07613751643328" lon="116.3378709195525">
        <ele>45.7</ele>
        <time>2026-08-15T10:34:55.999Z</time>
      </trkpt>
      <trkpt lat="40.076161766485974" lon="116.33786903499673">
        <ele>45.7</ele>
        <time>2026-08-15T10:34:56.999Z</time>
      </trkpt>
      <trkpt lat="40.07618588038772" lon="116.3378677766939">
        <ele>45.7</ele>
        <time>2026-08-15T10:34:57.999Z</time>
      </trkpt>
      <trkpt lat="40.07620977801199" lon="116.33786689606448">
        <ele>45.7</ele>
        <time>2026-08-15T10:34:58.999Z</time>
      </trkpt>
      <trkpt lat="40.07623351426503" lon="116.33786587121801">
        <ele>45.7</ele>
        <time>2026-08-15T10:34:59.999Z</time>
      </trkpt>
      <trkpt lat="40.07625724057442" lon="116.33786429422125">
        <ele>45.7</ele>
        <time>2026-08-15T10:35:00.999Z</time>
      </trkpt>
      <trkpt lat="40.07628096952903" lon="116.3378622078471">
        <ele>45.7</ele>
        <time>2026-08-15T10:35:01.999Z</time>
      </trkpt>
      <trkpt lat="40.07630469444003" lon="116.33785992559345">
        <ele>45.7</ele>
        <time>2026-08-15T10:35:02.999Z</time>
      </trkpt>
      <trkpt lat="40.07632840193685" lon="116.33785789287403">
        <ele>45.7</ele>
        <time>2026-08-15T10:35:03.999Z</time>
      </trkpt>
      <trkpt lat="40.07635191357174" lon="116.33785654621896">
        <ele>45.7</ele>
        <time>2026-08-15T10:35:04.999Z</time>
      </trkpt>
      <trkpt lat="40.07637513516021" lon="116.33785574887112">
        <ele>45.7</ele>
        <time>2026-08-15T10:35:05.999Z</time>
      </trkpt>
      <trkpt lat="40.07639819062802" lon="116.33785498790398">
        <ele>45.7</ele>
        <time>2026-08-15T10:35:06.999Z</time>
      </trkpt>
      <trkpt lat="40.07642127124555" lon="116.33785397974616">
        <ele>45.7</ele>
        <time>2026-08-15T10:35:07.999Z</time>
      </trkpt>
      <trkpt lat="40.07644451591414" lon="116.3378524285394">
        <ele>45.7</ele>
        <time>2026-08-15T10:35:08.999Z</time>
      </trkpt>
      <trkpt lat="40.076468058047716" lon="116.33785010153967">
        <ele>45.7</ele>
        <time>2026-08-15T10:35:09.999Z</time>
      </trkpt>
      <trkpt lat="40.07649203108706" lon="116.33784714970295">
        <ele>45.7</ele>
        <time>2026-08-15T10:35:10.999Z</time>
      </trkpt>
      <trkpt lat="40.076516271186065" lon="116.3378439252209">
        <ele>45.7</ele>
        <time>2026-08-15T10:35:11.999Z</time>
      </trkpt>
      <trkpt lat="40.07654048925124" lon="116.33784058087818">
        <ele>45.7</ele>
        <time>2026-08-15T10:35:12.999Z</time>
      </trkpt>
      <trkpt lat="40.07656451187215" lon="116.33783692353839">
        <ele>45.7</ele>
        <time>2026-08-15T10:35:13.999Z</time>
      </trkpt>
      <trkpt lat="40.07658825391668" lon="116.33783269777311">
        <ele>45.7</ele>
        <time>2026-08-15T10:35:14.999Z</time>
      </trkpt>
      <trkpt lat="40.076611678363555" lon="116.33782764810094">
        <ele>45.7</ele>
        <time>2026-08-15T10:35:15.999Z</time>
      </trkpt>
      <trkpt lat="40.076634899749386" lon="116.33782189416516">
        <ele>45.7</ele>
        <time>2026-08-15T10:35:16.999Z</time>
      </trkpt>
      <trkpt lat="40.076658194046146" lon="116.33781607941403">
        <ele>45.7</ele>
        <time>2026-08-15T10:35:17.999Z</time>
      </trkpt>
      <trkpt lat="40.076681636626766" lon="116.33781071591585">
        <ele>45.7</ele>
        <time>2026-08-15T10:35:18.999Z</time>
      </trkpt>
      <trkpt lat="40.07670520810082" lon="116.33780575605307">
        <ele>45.7</ele>
        <time>2026-08-15T10:35:19.999Z</time>
      </trkpt>
      <trkpt lat="40.07672880691038" lon="116.33780061117065">
        <ele>45.7</ele>
        <time>2026-08-15T10:35:20.999Z</time>
      </trkpt>
      <trkpt lat="40.07675215126212" lon="116.33779460577642">
        <ele>45.8</ele>
        <time>2026-08-15T10:35:21.999Z</time>
      </trkpt>
      <trkpt lat="40.07677503530492" lon="116.33778719398887">
        <ele>45.8</ele>
        <time>2026-08-15T10:35:22.999Z</time>
      </trkpt>
      <trkpt lat="40.07679725978061" lon="116.33777786855607">
        <ele>45.8</ele>
        <time>2026-08-15T10:35:23.999Z</time>
      </trkpt>
      <trkpt lat="40.07681859075256" lon="116.33776625678965">
        <ele>45.8</ele>
        <time>2026-08-15T10:35:24.999Z</time>
      </trkpt>
      <trkpt lat="40.07683900299185" lon="116.33775218931738">
        <ele>45.8</ele>
        <time>2026-08-15T10:35:25.999Z</time>
      </trkpt>
      <trkpt lat="40.0768585446993" lon="116.33773571185598">
        <ele>45.8</ele>
        <time>2026-08-15T10:35:26.999Z</time>
      </trkpt>
      <trkpt lat="40.076877149409675" lon="116.33771703718419">
        <ele>45.8</ele>
        <time>2026-08-15T10:35:27.999Z</time>
      </trkpt>
      <trkpt lat="40.076894661052464" lon="116.33769639601903">
        <ele>45.8</ele>
        <time>2026-08-15T10:35:28.999Z</time>
      </trkpt>
      <trkpt lat="40.076910807907936" lon="116.33767397398475">
        <ele>45.8</ele>
        <time>2026-08-15T10:35:29.999Z</time>
      </trkpt>
      <trkpt lat="40.076925441959354" lon="116.33764984192936">
        <ele>45.8</ele>
        <time>2026-08-15T10:35:30.999Z</time>
      </trkpt>
      <trkpt lat="40.076938672301075" lon="116.33762403590865">
        <ele>45.8</ele>
        <time>2026-08-15T10:35:31.999Z</time>
      </trkpt>
      <trkpt lat="40.07695080615703" lon="116.33759690165711">
        <ele>45.8</ele>
        <time>2026-08-15T10:35:32.999Z</time>
      </trkpt>
      <trkpt lat="40.07696229442145" lon="116.33756891533814">
        <ele>45.8</ele>
        <time>2026-08-15T10:35:33.999Z</time>
      </trkpt>
      <trkpt lat="40.07697343818251" lon="116.33754030155858">
        <ele>45.8</ele>
        <time>2026-08-15T10:35:34.999Z</time>
      </trkpt>
      <trkpt lat="40.076983995265074" lon="116.33751109021398">
        <ele>45.8</ele>
        <time>2026-08-15T10:35:35.999Z</time>
      </trkpt>
      <trkpt lat="40.076993343108164" lon="116.33748126913403">
        <ele>45.8</ele>
        <time>2026-08-15T10:35:36.999Z</time>
      </trkpt>
      <trkpt lat="40.07700090105734" lon="116.33745077912837">
        <ele>45.8</ele>
        <time>2026-08-15T10:35:37.999Z</time>
      </trkpt>
      <trkpt lat="40.07700646492927" lon="116.3374195539977">
        <ele>45.8</ele>
        <time>2026-08-15T10:35:38.999Z</time>
      </trkpt>
      <trkpt lat="40.07701009647659" lon="116.33738768660162">
        <ele>45.8</ele>
        <time>2026-08-15T10:35:39.999Z</time>
      </trkpt>
      <trkpt lat="40.07701192670168" lon="116.33735534446376">
        <ele>45.8</ele>
        <time>2026-08-15T10:35:40.999Z</time>
      </trkpt>
      <trkpt lat="40.077012086579586" lon="116.33732287281585">
        <ele>45.7</ele>
        <time>2026-08-15T10:35:41.999Z</time>
      </trkpt>
      <trkpt lat="40.077010461851344" lon="116.33729064833894">
        <ele>45.7</ele>
        <time>2026-08-15T10:35:42.999Z</time>
      </trkpt>
      <trkpt lat="40.07700674161318" lon="116.33725891699352">
        <ele>45.7</ele>
        <time>2026-08-15T10:35:43.999Z</time>
      </trkpt>
      <trkpt lat="40.07700085358529" lon="116.33722770429495">
        <ele>45.7</ele>
        <time>2026-08-15T10:35:44.999Z</time>
      </trkpt>
      <trkpt lat="40.07699319237459" lon="116.3371968404349">
        <ele>45.7</ele>
        <time>2026-08-15T10:35:45.999Z</time>
      </trkpt>
      <trkpt lat="40.07698423796662" lon="116.3371662436308">
        <ele>45.7</ele>
        <time>2026-08-15T10:35:46.999Z</time>
      </trkpt>
      <trkpt lat="40.076974241295794" lon="116.33713607850007">
        <ele>45.7</ele>
        <time>2026-08-15T10:35:47.999Z</time>
      </trkpt>
      <trkpt lat="40.076963194732244" lon="116.33710669666107">
        <ele>45.7</ele>
        <time>2026-08-15T10:35:48.999Z</time>
      </trkpt>
      <trkpt lat="40.076950894774015" lon="116.33707847458098">
        <ele>45.7</ele>
        <time>2026-08-15T10:35:49.999Z</time>
      </trkpt>
      <trkpt lat="40.07693701047396" lon="116.33705172558157">
        <ele>45.7</ele>
        <time>2026-08-15T10:35:50.999Z</time>
      </trkpt>
      <trkpt lat="40.07692132947367" lon="116.33702670976588">
        <ele>45.7</ele>
        <time>2026-08-15T10:35:51.999Z</time>
      </trkpt>
      <trkpt lat="40.07690397156922" lon="116.33700350008932">
        <ele>45.7</ele>
        <time>2026-08-15T10:35:52.999Z</time>
      </trkpt>
      <trkpt lat="40.07688529880439" lon="116.3369819486438">
        <ele>45.7</ele>
        <time>2026-08-15T10:35:53.999Z</time>
      </trkpt>
      <trkpt lat="40.07686557476081" lon="116.33696196500316">
        <ele>45.7</ele>
        <time>2026-08-15T10:35:54.999Z</time>
      </trkpt>
      <trkpt lat="40.07684492396894" lon="116.3369436527819">
        <ele>45.7</ele>
        <time>2026-08-15T10:35:55.999Z</time>
      </trkpt>
      <trkpt lat="40.076823415030034" lon="116.33692736228821">
        <ele>45.7</ele>
        <time>2026-08-15T10:35:56.999Z</time>
      </trkpt>
      <trkpt lat="40.076801032378775" lon="116.33691338504077">
        <ele>45.7</ele>
        <time>2026-08-15T10:35:57.999Z</time>
      </trkpt>
      <trkpt lat="40.076777803292806" lon="116.3369016297695">
        <ele>45.7</ele>
        <time>2026-08-15T10:35:58.999Z</time>
      </trkpt>
      <trkpt lat="40.07675375060595" lon="116.33689185978962">
        <ele>45.7</ele>
        <time>2026-08-15T10:35:59.999Z</time>
      </trkpt>
      <trkpt lat="40.076728882220735" lon="116.33688392092107">
        <ele>45.6</ele>
        <time>2026-08-15T10:36:00.999Z</time>
      </trkpt>
      <trkpt lat="40.07670317937194" lon="116.33687774905484">
        <ele>45.6</ele>
        <time>2026-08-15T10:36:01.999Z</time>
      </trkpt>
      <trkpt lat="40.076676746291454" lon="116.33687322866416">
        <ele>45.6</ele>
        <time>2026-08-15T10:36:02.999Z</time>
      </trkpt>
      <trkpt lat="40.07664979486437" lon="116.33687025710684">
        <ele>45.6</ele>
        <time>2026-08-15T10:36:03.999Z</time>
      </trkpt>
      <trkpt lat="40.07662246921869" lon="116.33686881325589">
        <ele>45.6</ele>
        <time>2026-08-15T10:36:04.999Z</time>
      </trkpt>
      <trkpt lat="40.07659498795328" lon="116.33686884429683">
        <ele>45.6</ele>
        <time>2026-08-15T10:36:05.999Z</time>
      </trkpt>
      <trkpt lat="40.076567600851845" lon="116.3368703090893">
        <ele>45.6</ele>
        <time>2026-08-15T10:36:06.999Z</time>
      </trkpt>
      <trkpt lat="40.07654045783123" lon="116.33687314509598">
        <ele>45.6</ele>
        <time>2026-08-15T10:36:08.000Z</time>
      </trkpt>
      <trkpt lat="40.0765136878858" lon="116.3368772446172">
        <ele>45.6</ele>
        <time>2026-08-15T10:36:09.000Z</time>
      </trkpt>
      <trkpt lat="40.07648726737634" lon="116.33688213707173">
        <ele>45.6</ele>
        <time>2026-08-15T10:36:10.000Z</time>
      </trkpt>
      <trkpt lat="40.0764610936425" lon="116.3368871067949">
        <ele>45.6</ele>
        <time>2026-08-15T10:36:11.000Z</time>
      </trkpt>
      <trkpt lat="40.07643504822778" lon="116.33689162599768">
        <ele>45.6</ele>
        <time>2026-08-15T10:36:12.000Z</time>
      </trkpt>
      <trkpt lat="40.07640907503434" lon="116.33689540704991">
        <ele>45.6</ele>
        <time>2026-08-15T10:36:13.000Z</time>
      </trkpt>
      <trkpt lat="40.076383195138085" lon="116.33689822126227">
        <ele>45.6</ele>
        <time>2026-08-15T10:36:14.000Z</time>
      </trkpt>
      <trkpt lat="40.07635751694436" lon="116.33690013718804">
        <ele>45.6</ele>
        <time>2026-08-15T10:36:15.000Z</time>
      </trkpt>
      <trkpt lat="40.07633210307576" lon="116.33690185099348">
        <ele>45.6</ele>
        <time>2026-08-15T10:36:16.000Z</time>
      </trkpt>
      <trkpt lat="40.076306884683035" lon="116.33690407131299">
        <ele>45.6</ele>
        <time>2026-08-15T10:36:17.000Z</time>
      </trkpt>
      <trkpt lat="40.07628178847454" lon="116.33690694041346">
        <ele>45.6</ele>
        <time>2026-08-15T10:36:18.000Z</time>
      </trkpt>
      <trkpt lat="40.076256809441766" lon="116.3369098929758">
        <ele>45.6</ele>
        <time>2026-08-15T10:36:19.000Z</time>
      </trkpt>
      <trkpt lat="40.07623195863119" lon="116.33691218961374">
        <ele>45.6</ele>
        <time>2026-08-15T10:36:20.000Z</time>
      </trkpt>
      <trkpt lat="40.07620727476691" lon="116.33691331831255">
        <ele>45.6</ele>
        <time>2026-08-15T10:36:21.000Z</time>
      </trkpt>
      <trkpt lat="40.076182879188956" lon="116.33691302546563">
        <ele>45.6</ele>
        <time>2026-08-15T10:36:22.000Z</time>
      </trkpt>
      <trkpt lat="40.076158819011816" lon="116.33691108238783">
        <ele>45.6</ele>
        <time>2026-08-15T10:36:23.000Z</time>
      </trkpt>
      <trkpt lat="40.076135030363325" lon="116.33690753471325">
        <ele>45.6</ele>
        <time>2026-08-15T10:36:24.000Z</time>
      </trkpt>
      <trkpt lat="40.07611140818746" lon="116.33690273580838">
        <ele>45.6</ele>
        <time>2026-08-15T10:36:25.000Z</time>
      </trkpt>
      <trkpt lat="40.07608780552835" lon="116.33689725198707">
        <ele>45.6</ele>
        <time>2026-08-15T10:36:26.000Z</time>
      </trkpt>
      <trkpt lat="40.076064099553214" lon="116.33689219763241">
        <ele>45.6</ele>
        <time>2026-08-15T10:36:27.000Z</time>
      </trkpt>
      <trkpt lat="40.07604029688491" lon="116.33688858073158">
        <ele>45.6</ele>
        <time>2026-08-15T10:36:28.000Z</time>
      </trkpt>
      <trkpt lat="40.076016469666804" lon="116.33688666997381">
        <ele>45.6</ele>
        <time>2026-08-15T10:36:29.000Z</time>
      </trkpt>
      <trkpt lat="40.075992706262284" lon="116.33688637736692">
        <ele>45.6</ele>
        <time>2026-08-15T10:36:30.000Z</time>
      </trkpt>
      <trkpt lat="40.07596911264786" lon="116.33688755737266">
        <ele>45.5</ele>
        <time>2026-08-15T10:36:31.000Z</time>
      </trkpt>
      <trkpt lat="40.07594583982401" lon="116.33688995805855">
        <ele>45.5</ele>
        <time>2026-08-15T10:36:32.000Z</time>
      </trkpt>
      <trkpt lat="40.0759228496094" lon="116.33689299651743">
        <ele>45.5</ele>
        <time>2026-08-15T10:36:33.000Z</time>
      </trkpt>
      <trkpt lat="40.07589974922744" lon="116.3368960212284">
        <ele>45.5</ele>
        <time>2026-08-15T10:36:34.000Z</time>
      </trkpt>
      <trkpt lat="40.0758763352724" lon="116.33689879992488">
        <ele>45.5</ele>
        <time>2026-08-15T10:36:35.000Z</time>
      </trkpt>
      <trkpt lat="40.075852676714014" lon="116.33690135470655">
        <ele>45.5</ele>
        <time>2026-08-15T10:36:36.000Z</time>
      </trkpt>
      <trkpt lat="40.07582887136054" lon="116.33690379781564">
        <ele>45.5</ele>
        <time>2026-08-15T10:36:37.000Z</time>
      </trkpt>
      <trkpt lat="40.07580507197674" lon="116.33690645813954">
        <ele>45.5</ele>
        <time>2026-08-15T10:36:38.000Z</time>
      </trkpt>
      <trkpt lat="40.075781404696976" lon="116.33690976526192">
        <ele>45.5</ele>
        <time>2026-08-15T10:36:39.000Z</time>
      </trkpt>
      <trkpt lat="40.07575785954736" lon="116.3369138605008">
        <ele>45.5</ele>
        <time>2026-08-15T10:36:40.000Z</time>
      </trkpt>
      <trkpt lat="40.0757343936373" lon="116.33691872009014">
        <ele>45.5</ele>
        <time>2026-08-15T10:36:41.000Z</time>
      </trkpt>
      <trkpt lat="40.07571102387725" lon="116.33692413096423">
        <ele>45.5</ele>
        <time>2026-08-15T10:36:42.000Z</time>
      </trkpt>
      <trkpt lat="40.07568777313227" lon="116.33692989612271">
        <ele>45.5</ele>
        <time>2026-08-15T10:36:42.999Z</time>
      </trkpt>
      <trkpt lat="40.075664782066134" lon="116.33693620650867">
        <ele>45.5</ele>
        <time>2026-08-15T10:36:43.999Z</time>
      </trkpt>
      <trkpt lat="40.07564220850556" lon="116.33694331243906">
        <ele>45.5</ele>
        <time>2026-08-15T10:36:44.999Z</time>
      </trkpt>
      <trkpt lat="40.07562022620037" lon="116.3369513802276">
        <ele>45.5</ele>
        <time>2026-08-15T10:36:45.999Z</time>
      </trkpt>
      <trkpt lat="40.07559900112543" lon="116.3369607132204">
        <ele>45.5</ele>
        <time>2026-08-15T10:36:46.999Z</time>
      </trkpt>
      <trkpt lat="40.07557888835052" lon="116.33697187778714">
        <ele>45.5</ele>
        <time>2026-08-15T10:36:47.999Z</time>
      </trkpt>
      <trkpt lat="40.07556061605874" lon="116.33698549048711">
        <ele>45.5</ele>
        <time>2026-08-15T10:36:48.999Z</time>
      </trkpt>
      <trkpt lat="40.07554434635919" lon="116.33700215566033">
        <ele>45.5</ele>
        <time>2026-08-15T10:36:49.999Z</time>
      </trkpt>
      <trkpt lat="40.07552952888171" lon="116.33702222533779">
        <ele>45.5</ele>
        <time>2026-08-15T10:36:50.999Z</time>
      </trkpt>
      <trkpt lat="40.075515978489086" lon="116.3370454178574">
        <ele>45.5</ele>
        <time>2026-08-15T10:36:51.999Z</time>
      </trkpt>
      <trkpt lat="40.07550404812478" lon="116.33707128801015">
        <ele>45.5</ele>
        <time>2026-08-15T10:36:52.999Z</time>
      </trkpt>
      <trkpt lat="40.07549391742331" lon="116.33709937233499">
        <ele>45.5</ele>
        <time>2026-08-15T10:36:53.999Z</time>
      </trkpt>
      <trkpt lat="40.07548556035738" lon="116.33712912632592">
        <ele>45.5</ele>
        <time>2026-08-15T10:36:54.999Z</time>
      </trkpt>
      <trkpt lat="40.07547909940653" lon="116.33716011881242">
        <ele>45.5</ele>
        <time>2026-08-15T10:36:55.999Z</time>
      </trkpt>
      <trkpt lat="40.07547467915905" lon="116.33719202434148">
        <ele>45.5</ele>
        <time>2026-08-15T10:36:56.999Z</time>
      </trkpt>
      <trkpt lat="40.07547226064937" lon="116.33722454576407">
        <ele>45.5</ele>
        <time>2026-08-15T10:36:57.999Z</time>
      </trkpt>
      <trkpt lat="40.07547148478394" lon="116.33725740417513">
        <ele>45.5</ele>
        <time>2026-08-15T10:36:58.999Z</time>
      </trkpt>
      <trkpt lat="40.07547195493429" lon="116.33729036958879">
        <ele>45.5</ele>
        <time>2026-08-15T10:36:59.999Z</time>
      </trkpt>
      <trkpt lat="40.075473532671786" lon="116.3373233052006">
        <ele>45.5</ele>
        <time>2026-08-15T10:37:00.999Z</time>
      </trkpt>
      <trkpt lat="40.07547610353367" lon="116.3373562811624">
        <ele>45.5</ele>
        <time>2026-08-15T10:37:01.999Z</time>
      </trkpt>
      <trkpt lat="40.075479490632105" lon="116.33738938754232">
        <ele>45.6</ele>
        <time>2026-08-15T10:37:02.999Z</time>
      </trkpt>
      <trkpt lat="40.07548337086219" lon="116.3374225539513">
        <ele>45.6</ele>
        <time>2026-08-15T10:37:03.999Z</time>
      </trkpt>
      <trkpt lat="40.07548755159408" lon="116.3374556516171">
        <ele>45.6</ele>
        <time>2026-08-15T10:37:04.999Z</time>
      </trkpt>
      <trkpt lat="40.07549232976741" lon="116.33748857804663">
        <ele>45.6</ele>
        <time>2026-08-15T10:37:05.999Z</time>
      </trkpt>
      <trkpt lat="40.075498242232115" lon="116.33752108545798">
        <ele>45.6</ele>
        <time>2026-08-15T10:37:06.999Z</time>
      </trkpt>
      <trkpt lat="40.07550580022461" lon="116.33755274247915">
        <ele>45.6</ele>
        <time>2026-08-15T10:37:07.999Z</time>
      </trkpt>
      <trkpt lat="40.07551529853799" lon="116.33758319696834">
        <ele>45.5</ele>
        <time>2026-08-15T10:37:08.999Z</time>
      </trkpt>
      <trkpt lat="40.07552678225469" lon="116.33761228891878">
        <ele>45.5</ele>
        <time>2026-08-15T10:37:09.999Z</time>
      </trkpt>
      <trkpt lat="40.07553995100128" lon="116.33764009173869">
        <ele>45.5</ele>
        <time>2026-08-15T10:37:10.999Z</time>
      </trkpt>
      <trkpt lat="40.07555431655974" lon="116.33766679176618">
        <ele>45.5</ele>
        <time>2026-08-15T10:37:11.999Z</time>
      </trkpt>
      <trkpt lat="40.075569390508676" lon="116.33769259522666">
        <ele>45.5</ele>
        <time>2026-08-15T10:37:12.999Z</time>
      </trkpt>
      <trkpt lat="40.075584893040535" lon="116.33771765472272">
        <ele>45.5</ele>
        <time>2026-08-15T10:37:13.999Z</time>
      </trkpt>
      <trkpt lat="40.075600876768384" lon="116.33774186814918">
        <ele>45.4</ele>
        <time>2026-08-15T10:37:14.999Z</time>
      </trkpt>
      <trkpt lat="40.075617614519444" lon="116.33776494571677">
        <ele>45.4</ele>
        <time>2026-08-15T10:37:15.999Z</time>
      </trkpt>
      <trkpt lat="40.075635357271594" lon="116.33778651020646">
        <ele>45.4</ele>
        <time>2026-08-15T10:37:16.999Z</time>
      </trkpt>
      <trkpt lat="40.07565427294878" lon="116.3378060319481">
        <ele>45.4</ele>
        <time>2026-08-15T10:37:17.999Z</time>
      </trkpt>
      <trkpt lat="40.07567456881424" lon="116.33782289956932">
        <ele>45.4</ele>
        <time>2026-08-15T10:37:18.999Z</time>
      </trkpt>
      <trkpt lat="40.07569617813166" lon="116.33783675731725">
        <ele>45.4</ele>
        <time>2026-08-15T10:37:19.999Z</time>
      </trkpt>
      <trkpt lat="40.075718683451065" lon="116.33784787014392">
        <ele>45.4</ele>
        <time>2026-08-15T10:37:20.999Z</time>
      </trkpt>
      <trkpt lat="40.07574166213164" lon="116.3378568646306">
        <ele>45.4</ele>
        <time>2026-08-15T10:37:21.999Z</time>
      </trkpt>
      <trkpt lat="40.07576490363146" lon="116.3378642093078">
        <ele>45.4</ele>
        <time>2026-08-15T10:37:22.999Z</time>
      </trkpt>
      <trkpt lat="40.07578828518038" lon="116.33787018970675">
        <ele>45.4</ele>
        <time>2026-08-15T10:37:23.999Z</time>
      </trkpt>
      <trkpt lat="40.075811638894095" lon="116.33787498081605">
        <ele>45.3</ele>
        <time>2026-08-15T10:37:24.999Z</time>
      </trkpt>
      <trkpt lat="40.07583487483512" lon="116.3378785466822">
        <ele>45.3</ele>
        <time>2026-08-15T10:37:25.999Z</time>
      </trkpt>
      <trkpt lat="40.07585804786247" lon="116.33788083028954">
        <ele>45.3</ele>
        <time>2026-08-15T10:37:26.999Z</time>
      </trkpt>
      <trkpt lat="40.07588121316001" lon="116.33788182691677">
        <ele>45.3</ele>
        <time>2026-08-15T10:37:27.999Z</time>
      </trkpt>
      <trkpt lat="40.07590437024531" lon="116.33788142722565">
        <ele>45.3</ele>
        <time>2026-08-15T10:37:28.999Z</time>
      </trkpt>
      <trkpt lat="40.07592759234708" lon="116.33787960861935">
        <ele>45.3</ele>
        <time>2026-08-15T10:37:29.999Z</time>
      </trkpt>
      <trkpt lat="40.07595100680782" lon="116.33787673483522">
        <ele>45.3</ele>
        <time>2026-08-15T10:37:30.999Z</time>
      </trkpt>
      <trkpt lat="40.0759747346701" lon="116.33787350589442">
        <ele>45.3</ele>
        <time>2026-08-15T10:37:31.999Z</time>
      </trkpt>
      <trkpt lat="40.07599863085373" lon="116.33787041562262">
        <ele>45.3</ele>
        <time>2026-08-15T10:37:32.999Z</time>
      </trkpt>
      <trkpt lat="40.07602246529392" lon="116.33786754160859">
        <ele>45.3</ele>
        <time>2026-08-15T10:37:33.999Z</time>
      </trkpt>
      <trkpt lat="40.07604622010598" lon="116.33786489325918">
        <ele>45.3</ele>
        <time>2026-08-15T10:37:34.999Z</time>
        <extensions>
  <gpxtpx:TrackPointExtension>
    <gpxtpx:hr>165</gpxtpx:hr>
  </gpxtpx:TrackPointExtension>
</extensions>
      </trkpt>
      <trkpt lat="40.07606989631979" lon="116.3378625722779">
        <ele>45.3</ele>
        <time>2026-08-15T10:37:35.999Z</time>
        <extensions>
  <gpxtpx:TrackPointExtension>
    <gpxtpx:hr>165</gpxtpx:hr>
  </gpxtpx:TrackPointExtension>
</extensions>
      </trkpt>
      <trkpt lat="40.07609353707507" lon="116.33786068374036">
        <ele>45.3</ele>
        <time>2026-08-15T10:37:36.999Z</time>
        <extensions>
  <gpxtpx:TrackPointExtension>
    <gpxtpx:hr>165</gpxtpx:hr>
  </gpxtpx:TrackPointExtension>
</extensions>
      </trkpt>
      <trkpt lat="40.07611717279075" lon="116.33785911484289">
        <ele>45.3</ele>
        <time>2026-08-15T10:37:37.999Z</time>
        <extensions>
  <gpxtpx:TrackPointExtension>
    <gpxtpx:hr>165</gpxtpx:hr>
  </gpxtpx:TrackPointExtension>
</extensions>
      </trkpt>
      <trkpt lat="40.07614079538999" lon="116.3378575984269">
        <ele>45.3</ele>
        <time>2026-08-15T10:37:38.999Z</time>
        <extensions>
  <gpxtpx:TrackPointExtension>
    <gpxtpx:hr>165</gpxtpx:hr>
  </gpxtpx:TrackPointExtension>
</extensions>
      </trkpt>
      <trkpt lat="40.07616446705665" lon="116.33785600181147">
        <ele>45.3</ele>
        <time>2026-08-15T10:37:39.999Z</time>
        <extensions>
  <gpxtpx:TrackPointExtension>
    <gpxtpx:hr>165</gpxtpx:hr>
  </gpxtpx:TrackPointExtension>
</extensions>
      </trkpt>
      <trkpt lat="40.076188140295244" lon="116.33785421695595">
        <ele>45.3</ele>
        <time>2026-08-15T10:37:40.999Z</time>
        <extensions>
  <gpxtpx:TrackPointExtension>
    <gpxtpx:hr>165</gpxtpx:hr>
  </gpxtpx:TrackPointExtension>
</extensions>
      </trkpt>
      <trkpt lat="40.07621175738456" lon="116.33785225012191">
        <ele>45.3</ele>
        <time>2026-08-15T10:37:41.999Z</time>
        <extensions>
  <gpxtpx:TrackPointExtension>
    <gpxtpx:hr>165</gpxtpx:hr>
  </gpxtpx:TrackPointExtension>
</extensions>
      </trkpt>
      <trkpt lat="40.076235348520655" lon="116.3378502572108">
        <ele>45.3</ele>
        <time>2026-08-15T10:37:42.999Z</time>
        <extensions>
  <gpxtpx:TrackPointExtension>
    <gpxtpx:hr>165</gpxtpx:hr>
  </gpxtpx:TrackPointExtension>
</extensions>
      </trkpt>
      <trkpt lat="40.076258930408414" lon="116.33784858391803">
        <ele>45.3</ele>
        <time>2026-08-15T10:37:43.999Z</time>
        <extensions>
  <gpxtpx:TrackPointExtension>
    <gpxtpx:hr>165</gpxtpx:hr>
  </gpxtpx:TrackPointExtension>
</extensions>
      </trkpt>
      <trkpt lat="40.076282506063876" lon="116.33784739177398">
        <ele>45.3</ele>
        <time>2026-08-15T10:37:44.999Z</time>
      </trkpt>
      <trkpt lat="40.076306036489534" lon="116.33784660872519">
        <ele>45.3</ele>
        <time>2026-08-15T10:37:45.999Z</time>
      </trkpt>
      <trkpt lat="40.07632946971068" lon="116.33784625914238">
        <ele>45.3</ele>
        <time>2026-08-15T10:37:46.999Z</time>
      </trkpt>
      <trkpt lat="40.07635266974391" lon="116.3378463526697">
        <ele>45.3</ele>
        <time>2026-08-15T10:37:47.999Z</time>
      </trkpt>
      <trkpt lat="40.07637559156162" lon="116.3378466792877">
        <ele>45.3</ele>
        <time>2026-08-15T10:37:48.999Z</time>
      </trkpt>
      <trkpt lat="40.07639840360622" lon="116.33784675131538">
        <ele>45.3</ele>
        <time>2026-08-15T10:37:49.999Z</time>
      </trkpt>
      <trkpt lat="40.07642128722574" lon="116.33784631583183">
        <ele>45.3</ele>
        <time>2026-08-15T10:37:50.999Z</time>
      </trkpt>
      <trkpt lat="40.07644435933545" lon="116.33784543251046">
        <ele>45.3</ele>
        <time>2026-08-15T10:37:51.999Z</time>
      </trkpt>
      <trkpt lat="40.076467668622506" lon="116.3378441904744">
        <ele>45.3</ele>
        <time>2026-08-15T10:37:52.999Z</time>
      </trkpt>
      <trkpt lat="40.07649119793199" lon="116.33784271668974">
        <ele>45.3</ele>
        <time>2026-08-15T10:37:53.999Z</time>
      </trkpt>
      <trkpt lat="40.07651483591649" lon="116.33784118546407">
        <ele>45.3</ele>
        <time>2026-08-15T10:37:54.999Z</time>
      </trkpt>
      <trkpt lat="40.076538428379166" lon="116.33783977752005">
        <ele>45.3</ele>
        <time>2026-08-15T10:37:55.999Z</time>
      </trkpt>
      <trkpt lat="40.076561870816676" lon="116.33783867991566">
        <ele>45.3</ele>
        <time>2026-08-15T10:37:56.999Z</time>
      </trkpt>
      <trkpt lat="40.07658515872789" lon="116.33783794544773">
        <ele>45.3</ele>
        <time>2026-08-15T10:37:57.999Z</time>
      </trkpt>
      <trkpt lat="40.07660832511738" lon="116.33783746534307">
        <ele>45.3</ele>
        <time>2026-08-15T10:37:58.999Z</time>
      </trkpt>
      <trkpt lat="40.07663142578277" lon="116.33783732208597">
        <ele>45.3</ele>
        <time>2026-08-15T10:37:59.999Z</time>
      </trkpt>
      <trkpt lat="40.07665450866397" lon="116.33783769547341">
        <ele>45.3</ele>
        <time>2026-08-15T10:38:00.999Z</time>
      </trkpt>
      <trkpt lat="40.0766775122355" lon="116.33783849595709">
        <ele>45.3</ele>
        <time>2026-08-15T10:38:01.999Z</time>
      </trkpt>
      <trkpt lat="40.07670036198096" lon="116.33783942778865">
        <ele>45.3</ele>
        <time>2026-08-15T10:38:02.999Z</time>
      </trkpt>
      <trkpt lat="40.076723085662145" lon="116.33784012731252">
        <ele>45.3</ele>
        <time>2026-08-15T10:38:03.999Z</time>
      </trkpt>
      <trkpt lat="40.07674571976208" lon="116.33783996260183">
        <ele>45.4</ele>
        <time>2026-08-15T10:38:04.999Z</time>
      </trkpt>
      <trkpt lat="40.07676818426392" lon="116.33783781739122">
        <ele>45.4</ele>
        <time>2026-08-15T10:38:05.999Z</time>
      </trkpt>
      <trkpt lat="40.07679010913786" lon="116.3378319250866">
        <ele>45.4</ele>
        <time>2026-08-15T10:38:06.999Z</time>
      </trkpt>
      <trkpt lat="40.07681116637243" lon="116.33782097527917">
        <ele>45.4</ele>
        <time>2026-08-15T10:38:07.999Z</time>
      </trkpt>
      <trkpt lat="40.076831373325305" lon="116.33780596908107">
        <ele>45.4</ele>
        <time>2026-08-15T10:38:08.999Z</time>
      </trkpt>
      <trkpt lat="40.07685081098457" lon="116.33778872832951">
        <ele>45.4</ele>
        <time>2026-08-15T10:38:09.999Z</time>
      </trkpt>
      <trkpt lat="40.07686951554408" lon="116.33777010258281">
        <ele>45.4</ele>
        <time>2026-08-15T10:38:10.999Z</time>
      </trkpt>
      <trkpt lat="40.07688738659939" lon="116.33775023648353">
        <ele>45.4</ele>
        <time>2026-08-15T10:38:11.999Z</time>
      </trkpt>
      <trkpt lat="40.076904157915145" lon="116.33772876127969">
        <ele>45.3</ele>
        <time>2026-08-15T10:38:12.999Z</time>
      </trkpt>
      <trkpt lat="40.07691946523626" lon="116.33770523507813">
        <ele>45.3</ele>
        <time>2026-08-15T10:38:14.000Z</time>
      </trkpt>
      <trkpt lat="40.07693306487573" lon="116.33767959159488">
        <ele>45.3</ele>
        <time>2026-08-15T10:38:15.000Z</time>
      </trkpt>
      <trkpt lat="40.076945248799554" lon="116.33765233010368">
        <ele>45.3</ele>
        <time>2026-08-15T10:38:16.000Z</time>
      </trkpt>
      <trkpt lat="40.07695654535013" lon="116.33762426655252">
        <ele>45.3</ele>
        <time>2026-08-15T10:38:17.000Z</time>
      </trkpt>
      <trkpt lat="40.07696697858881" lon="116.33759581159755">
        <ele>45.3</ele>
        <time>2026-08-15T10:38:18.000Z</time>
      </trkpt>
      <trkpt lat="40.07697585866214" lon="116.33756665618287">
        <ele>45.2</ele>
        <time>2026-08-15T10:38:19.000Z</time>
      </trkpt>
      <trkpt lat="40.07698261228043" lon="116.3375362697425">
        <ele>45.2</ele>
        <time>2026-08-15T10:38:20.000Z</time>
      </trkpt>
      <trkpt lat="40.07698745617693" lon="116.33750465335424">
        <ele>45.2</ele>
        <time>2026-08-15T10:38:21.000Z</time>
      </trkpt>
      <trkpt lat="40.07699104247954" lon="116.33747225526551">
        <ele>45.2</ele>
        <time>2026-08-15T10:38:22.000Z</time>
      </trkpt>
      <trkpt lat="40.076993889079695" lon="116.33743951358832">
        <ele>45.2</ele>
        <time>2026-08-15T10:38:23.000Z</time>
      </trkpt>
      <trkpt lat="40.076996194911764" lon="116.33740676188117">
        <ele>45.2</ele>
        <time>2026-08-15T10:38:24.000Z</time>
      </trkpt>
      <trkpt lat="40.076998131323066" lon="116.337374291713">
        <ele>45.2</ele>
        <time>2026-08-15T10:38:25.000Z</time>
      </trkpt>
      <trkpt lat="40.07699942176825" lon="116.33734223563278">
        <ele>45.2</ele>
        <time>2026-08-15T10:38:26.000Z</time>
      </trkpt>
      <trkpt lat="40.07699942391782" lon="116.33731050726256">
        <ele>45.1</ele>
        <time>2026-08-15T10:38:27.000Z</time>
      </trkpt>
      <trkpt lat="40.07699788833708" lon="116.33727900770353">
        <ele>45.1</ele>
        <time>2026-08-15T10:38:28.000Z</time>
      </trkpt>
      <trkpt lat="40.07699503389513" lon="116.33724768785964">
        <ele>45.1</ele>
        <time>2026-08-15T10:38:29.000Z</time>
      </trkpt>
      <trkpt lat="40.0769914390143" lon="116.33721643614015">
        <ele>45.1</ele>
        <time>2026-08-15T10:38:30.000Z</time>
      </trkpt>
      <trkpt lat="40.07698783130704" lon="116.33718504690222">
        <ele>45.1</ele>
        <time>2026-08-15T10:38:31.000Z</time>
      </trkpt>
      <trkpt lat="40.07698487290183" lon="116.33715344199871">
        <ele>45.1</ele>
        <time>2026-08-15T10:38:32.001Z</time>
      </trkpt>
      <trkpt lat="40.076982921742" lon="116.33712173869164">
        <ele>45.1</ele>
        <time>2026-08-15T10:38:33.001Z</time>
      </trkpt>
      <trkpt lat="40.0769814771432" lon="116.33709017920553">
        <ele>45.0</ele>
        <time>2026-08-15T10:38:34.001Z</time>
      </trkpt>
      <trkpt lat="40.07697924908378" lon="116.3370594205945">
        <ele>45.0</ele>
        <time>2026-08-15T10:38:35.001Z</time>
      </trkpt>
      <trkpt lat="40.076974741742575" lon="116.33703024462">
        <ele>45.0</ele>
        <time>2026-08-15T10:38:36.001Z</time>
      </trkpt>
      <trkpt lat="40.076966365616315" lon="116.33700357308992">
        <ele>45.0</ele>
        <time>2026-08-15T10:38:37.001Z</time>
      </trkpt>
      <trkpt lat="40.0769528957883" lon="116.33698031528063">
        <ele>45.0</ele>
        <time>2026-08-15T10:38:38.001Z</time>
      </trkpt>
      <trkpt lat="40.076934337578685" lon="116.33696077933718">
        <ele>45.0</ele>
        <time>2026-08-15T10:38:39.001Z</time>
      </trkpt>
      <trkpt lat="40.076912001725184" lon="116.33694422234305">
        <ele>45.0</ele>
        <time>2026-08-15T10:38:40.001Z</time>
      </trkpt>
      <trkpt lat="40.07688756933255" lon="116.33692960889817">
        <ele>44.9</ele>
        <time>2026-08-15T10:38:41.001Z</time>
      </trkpt>
      <trkpt lat="40.07686232690044" lon="116.3369163064737">
        <ele>44.9</ele>
        <time>2026-08-15T10:38:42.001Z</time>
      </trkpt>
      <trkpt lat="40.0768368861015" lon="116.33690409552024">
        <ele>44.9</ele>
        <time>2026-08-15T10:38:43.001Z</time>
      </trkpt>
      <trkpt lat="40.07681124881763" lon="116.33689324504637">
        <ele>44.9</ele>
        <time>2026-08-15T10:38:44.001Z</time>
      </trkpt>
      <trkpt lat="40.076785222380174" lon="116.33688423992037">
        <ele>44.9</ele>
        <time>2026-08-15T10:38:45.001Z</time>
      </trkpt>
      <trkpt lat="40.076758663913" lon="116.33687726977954">
        <ele>44.9</ele>
        <time>2026-08-15T10:38:46.001Z</time>
      </trkpt>
      <trkpt lat="40.07673153024119" lon="116.33687214782205">
        <ele>44.9</ele>
        <time>2026-08-15T10:38:47.001Z</time>
      </trkpt>
      <trkpt lat="40.076703934518086" lon="116.33686849297895">
        <ele>44.9</ele>
        <time>2026-08-15T10:38:48.000Z</time>
      </trkpt>
      <trkpt lat="40.076676167155036" lon="116.33686605535698">
        <ele>44.9</ele>
        <time>2026-08-15T10:38:49.000Z</time>
      </trkpt>
      <trkpt lat="40.07664857482823" lon="116.3368649511195">
        <ele>44.9</ele>
        <time>2026-08-15T10:38:50.000Z</time>
      </trkpt>
      <trkpt lat="40.076621299228385" lon="116.33686575961868">
        <ele>44.9</ele>
        <time>2026-08-15T10:38:51.000Z</time>
      </trkpt>
      <trkpt lat="40.076594226930624" lon="116.33686866306708">
        <ele>44.9</ele>
        <time>2026-08-15T10:38:52.000Z</time>
      </trkpt>
      <trkpt lat="40.07656724774765" lon="116.33687275105927">
        <ele>44.9</ele>
        <time>2026-08-15T10:38:53.000Z</time>
      </trkpt>
      <trkpt lat="40.0765403544552" lon="116.33687676871699">
        <ele>44.9</ele>
        <time>2026-08-15T10:38:54.000Z</time>
      </trkpt>
      <trkpt lat="40.076513703971926" lon="116.33688006532675">
        <ele>44.9</ele>
        <time>2026-08-15T10:38:55.000Z</time>
      </trkpt>
      <trkpt lat="40.07648745135587" lon="116.33688281301418">
        <ele>44.9</ele>
        <time>2026-08-15T10:38:56.000Z</time>
      </trkpt>
      <trkpt lat="40.076461603413506" lon="116.33688542600578">
        <ele>44.9</ele>
        <time>2026-08-15T10:38:57.000Z</time>
      </trkpt>
      <trkpt lat="40.0764361173748" lon="116.33688814119299">
        <ele>44.9</ele>
        <time>2026-08-15T10:38:58.000Z</time>
      </trkpt>
      <trkpt lat="40.076410927014194" lon="116.33689101681843">
        <ele>44.9</ele>
        <time>2026-08-15T10:38:59.000Z</time>
      </trkpt>
      <trkpt lat="40.07638585439663" lon="116.33689388433353">
        <ele>44.9</ele>
        <time>2026-08-15T10:39:00.000Z</time>
      </trkpt>
      <trkpt lat="40.07636077930349" lon="116.33689634550466">
        <ele>44.9</ele>
        <time>2026-08-15T10:39:01.000Z</time>
      </trkpt>
      <trkpt lat="40.076335764747704" lon="116.33689811574109">
        <ele>44.9</ele>
        <time>2026-08-15T10:39:02.000Z</time>
      </trkpt>
      <trkpt lat="40.076310909308624" lon="116.33689941523242">
        <ele>44.9</ele>
        <time>2026-08-15T10:39:03.000Z</time>
      </trkpt>
      <trkpt lat="40.0762861851001" lon="116.33690071017628">
        <ele>44.9</ele>
        <time>2026-08-15T10:39:04.000Z</time>
      </trkpt>
      <trkpt lat="40.07626144918473" lon="116.33690229219822">
        <ele>44.9</ele>
        <time>2026-08-15T10:39:05.000Z</time>
      </trkpt>
      <trkpt lat="40.076236647957515" lon="116.3369040564798">
        <ele>44.9</ele>
        <time>2026-08-15T10:39:06.000Z</time>
      </trkpt>
      <trkpt lat="40.076211821372596" lon="116.33690557844757">
        <ele>44.9</ele>
        <time>2026-08-15T10:39:07.000Z</time>
      </trkpt>
      <trkpt lat="40.07618701724342" lon="116.33690658926629">
        <ele>44.9</ele>
        <time>2026-08-15T10:39:08.000Z</time>
      </trkpt>
      <trkpt lat="40.076162328947206" lon="116.33690704739416">
        <ele>44.9</ele>
        <time>2026-08-15T10:39:09.000Z</time>
      </trkpt>
      <trkpt lat="40.076137822136204" lon="116.33690707662514">
        <ele>44.9</ele>
        <time>2026-08-15T10:39:10.000Z</time>
      </trkpt>
      <trkpt lat="40.076113491533995" lon="116.33690683818">
        <ele>44.9</ele>
        <time>2026-08-15T10:39:11.000Z</time>
      </trkpt>
      <trkpt lat="40.07608934823026" lon="116.33690632814846">
        <ele>44.9</ele>
        <time>2026-08-15T10:39:12.000Z</time>
      </trkpt>
      <trkpt lat="40.07606529541152" lon="116.33690535096433">
        <ele>44.9</ele>
        <time>2026-08-15T10:39:13.000Z</time>
      </trkpt>
      <trkpt lat="40.07604117348513" lon="116.33690392836428">
        <ele>44.8</ele>
        <time>2026-08-15T10:39:14.000Z</time>
      </trkpt>
      <trkpt lat="40.07601691592536" lon="116.3369024264899">
        <ele>44.8</ele>
        <time>2026-08-15T10:39:15.000Z</time>
      </trkpt>
      <trkpt lat="40.07599257912767" lon="116.33690108707319">
        <ele>44.8</ele>
        <time>2026-08-15T10:39:16.000Z</time>
      </trkpt>
      <trkpt lat="40.075968272677216" lon="116.33689992308047">
        <ele>44.8</ele>
        <time>2026-08-15T10:39:17.000Z</time>
      </trkpt>
      <trkpt lat="40.07594405416046" lon="116.33689892657155">
        <ele>44.8</ele>
        <time>2026-08-15T10:39:18.000Z</time>
      </trkpt>
      <trkpt lat="40.07591990163053" lon="116.33689803084249">
        <ele>44.8</ele>
        <time>2026-08-15T10:39:19.000Z</time>
      </trkpt>
      <trkpt lat="40.075895810242386" lon="116.33689696554944">
        <ele>44.8</ele>
        <time>2026-08-15T10:39:20.000Z</time>
      </trkpt>
      <trkpt lat="40.075871803294525" lon="116.33689543493288">
        <ele>44.8</ele>
        <time>2026-08-15T10:39:21.000Z</time>
      </trkpt>
      <trkpt lat="40.07584787764295" lon="116.33689328884405">
        <ele>44.8</ele>
        <time>2026-08-15T10:39:22.000Z</time>
      </trkpt>
      <trkpt lat="40.07582399540324" lon="116.33689073645388">
        <ele>44.8</ele>
        <time>2026-08-15T10:39:23.000Z</time>
      </trkpt>
      <trkpt lat="40.07580013217226" lon="116.33688834582232">
        <ele>44.8</ele>
        <time>2026-08-15T10:39:24.000Z</time>
      </trkpt>
      <trkpt lat="40.07577625637929" lon="116.33688681013548">
        <ele>44.8</ele>
        <time>2026-08-15T10:39:25.000Z</time>
      </trkpt>
      <trkpt lat="40.07575238096185" lon="116.3368867326501">
        <ele>44.8</ele>
        <time>2026-08-15T10:39:26.000Z</time>
      </trkpt>
      <trkpt lat="40.07572861344773" lon="116.33688841540456">
        <ele>44.8</ele>
        <time>2026-08-15T10:39:27.000Z</time>
      </trkpt>
      <trkpt lat="40.07570507505819" lon="116.33689202743055">
        <ele>44.8</ele>
        <time>2026-08-15T10:39:28.000Z</time>
      </trkpt>
      <trkpt lat="40.075681828155986" lon="116.33689774950955">
        <ele>44.8</ele>
        <time>2026-08-15T10:39:29.000Z</time>
      </trkpt>
      <trkpt lat="40.07565897897384" lon="116.33690562476006">
        <ele>44.8</ele>
        <time>2026-08-15T10:39:30.000Z</time>
      </trkpt>
      <trkpt lat="40.075636690652075" lon="116.33691561258038">
        <ele>44.8</ele>
        <time>2026-08-15T10:39:31.000Z</time>
      </trkpt>
      <trkpt lat="40.07561511819453" lon="116.33692747833624">
        <ele>44.8</ele>
        <time>2026-08-15T10:39:32.000Z</time>
      </trkpt>
      <trkpt lat="40.07559441180501" lon="116.33694067814912">
        <ele>44.7</ele>
        <time>2026-08-15T10:39:33.000Z</time>
      </trkpt>
      <trkpt lat="40.07557478874548" lon="116.336954856781">
        <ele>44.7</ele>
        <time>2026-08-15T10:39:34.000Z</time>
      </trkpt>
      <trkpt lat="40.07555685408404" lon="116.33697021080631">
        <ele>44.7</ele>
        <time>2026-08-15T10:39:35.000Z</time>
      </trkpt>
      <trkpt lat="40.07554093365842" lon="116.33698723324291">
        <ele>44.7</ele>
        <time>2026-08-15T10:39:36.000Z</time>
      </trkpt>
      <trkpt lat="40.075526612831844" lon="116.33700636641323">
        <ele>44.7</ele>
        <time>2026-08-15T10:39:37.000Z</time>
      </trkpt>
      <trkpt lat="40.075513306138035" lon="116.33702800244495">
        <ele>44.7</ele>
        <time>2026-08-15T10:39:38.000Z</time>
      </trkpt>
      <trkpt lat="40.07550114204054" lon="116.3370523255562">
        <ele>44.7</ele>
        <time>2026-08-15T10:39:39.000Z</time>
      </trkpt>
      <trkpt lat="40.075490869585686" lon="116.33707913406411">
        <ele>44.7</ele>
        <time>2026-08-15T10:39:40.000Z</time>
      </trkpt>
      <trkpt lat="40.075482769466234" lon="116.3371078546995">
        <ele>44.7</ele>
        <time>2026-08-15T10:39:41.000Z</time>
      </trkpt>
      <trkpt lat="40.07547674575482" lon="116.3371379560605">
        <ele>44.7</ele>
        <time>2026-08-15T10:39:42.000Z</time>
      </trkpt>
      <trkpt lat="40.07547257198423" lon="116.33716907231738">
        <ele>44.7</ele>
        <time>2026-08-15T10:39:43.000Z</time>
      </trkpt>
      <trkpt lat="40.07546993191116" lon="116.33720081939418">
        <ele>44.7</ele>
        <time>2026-08-15T10:39:44.000Z</time>
      </trkpt>
      <trkpt lat="40.07546852280058" lon="116.33723295791097">
        <ele>44.7</ele>
        <time>2026-08-15T10:39:45.000Z</time>
      </trkpt>
      <trkpt lat="40.07546809477577" lon="116.33726526483106">
        <ele>44.7</ele>
        <time>2026-08-15T10:39:46.000Z</time>
      </trkpt>
      <trkpt lat="40.07546861802165" lon="116.33729750882627">
        <ele>44.7</ele>
        <time>2026-08-15T10:39:47.000Z</time>
      </trkpt>
      <trkpt lat="40.07547023508558" lon="116.33732958507588">
        <ele>44.8</ele>
        <time>2026-08-15T10:39:48.000Z</time>
      </trkpt>
      <trkpt lat="40.07547298869063" lon="116.33736155599176">
        <ele>44.8</ele>
        <time>2026-08-15T10:39:49.000Z</time>
      </trkpt>
      <trkpt lat="40.075476643891186" lon="116.33739348080321">
        <ele>44.8</ele>
        <time>2026-08-15T10:39:50.000Z</time>
      </trkpt>
      <trkpt lat="40.07548092327351" lon="116.33742526845046">
        <ele>44.8</ele>
        <time>2026-08-15T10:39:51.000Z</time>
      </trkpt>
      <trkpt lat="40.075485937250406" lon="116.33745677071882">
        <ele>44.8</ele>
        <time>2026-08-15T10:39:52.000Z</time>
      </trkpt>
      <trkpt lat="40.07549201753227" lon="116.33748776508294">
        <ele>44.8</ele>
        <time>2026-08-15T10:39:53.000Z</time>
      </trkpt>
      <trkpt lat="40.07549939009346" lon="116.33751803853684">
        <ele>44.8</ele>
        <time>2026-08-15T10:39:54.000Z</time>
      </trkpt>
      <trkpt lat="40.07550813183243" lon="116.33754753046661">
        <ele>44.8</ele>
        <time>2026-08-15T10:39:55.000Z</time>
      </trkpt>
      <trkpt lat="40.07551808062678" lon="116.33757635240245">
        <ele>44.9</ele>
        <time>2026-08-15T10:39:56.000Z</time>
      </trkpt>
      <trkpt lat="40.075528986998265" lon="116.33760450897272">
        <ele>44.9</ele>
        <time>2026-08-15T10:39:57.000Z</time>
      </trkpt>
      <trkpt lat="40.07554065350936" lon="116.33763184120846">
        <ele>44.9</ele>
        <time>2026-08-15T10:39:58.000Z</time>
      </trkpt>
      <trkpt lat="40.075552963170956" lon="116.33765833683739">
        <ele>44.9</ele>
        <time>2026-08-15T10:39:59.000Z</time>
      </trkpt>
      <trkpt lat="40.07556582613388" lon="116.33768409971934">
        <ele>44.9</ele>
        <time>2026-08-15T10:40:00.000Z</time>
      </trkpt>
      <trkpt lat="40.0755793508532" lon="116.3377091169945">
        <ele>44.9</ele>
        <time>2026-08-15T10:40:01.000Z</time>
      </trkpt>
      <trkpt lat="40.07559383887047" lon="116.3377331537141">
        <ele>44.9</ele>
        <time>2026-08-15T10:40:02.000Z</time>
      </trkpt>
      <trkpt lat="40.07560942632497" lon="116.33775596223231">
        <ele>44.9</ele>
        <time>2026-08-15T10:40:03.000Z</time>
      </trkpt>
      <trkpt lat="40.075626028913796" lon="116.33777751359477">
        <ele>44.9</ele>
        <time>2026-08-15T10:40:04.000Z</time>
      </trkpt>
      <trkpt lat="40.07564354301545" lon="116.33779775514644">
        <ele>44.9</ele>
        <time>2026-08-15T10:40:05.000Z</time>
      </trkpt>
      <trkpt lat="40.075661906164356" lon="116.33781659112337">
        <ele>44.9</ele>
        <time>2026-08-15T10:40:06.000Z</time>
      </trkpt>
      <trkpt lat="40.075680986936106" lon="116.33783397474426">
        <ele>45.0</ele>
        <time>2026-08-15T10:40:07.000Z</time>
      </trkpt>
      <trkpt lat="40.07570058383296" lon="116.33784985366532">
        <ele>45.0</ele>
        <time>2026-08-15T10:40:08.000Z</time>
      </trkpt>
      <trkpt lat="40.07572063569164" lon="116.33786394062822">
        <ele>45.0</ele>
        <time>2026-08-15T10:40:09.000Z</time>
      </trkpt>
      <trkpt lat="40.075741403648095" lon="116.33787541021611">
        <ele>45.0</ele>
        <time>2026-08-15T10:40:10.000Z</time>
      </trkpt>
      <trkpt lat="40.07576311244543" lon="116.33788342201481">
        <ele>45.0</ele>
        <time>2026-08-15T10:40:11.000Z</time>
      </trkpt>
      <trkpt lat="40.0757855767739" lon="116.33788827558159">
        <ele>45.0</ele>
        <time>2026-08-15T10:40:12.000Z</time>
      </trkpt>
      <trkpt lat="40.075808374044605" lon="116.33789097579961">
        <ele>45.0</ele>
        <time>2026-08-15T10:40:13.000Z</time>
      </trkpt>
      <trkpt lat="40.07583124546037" lon="116.33789210490711">
        <ele>45.0</ele>
        <time>2026-08-15T10:40:14.000Z</time>
      </trkpt>
      <trkpt lat="40.0758541244865" lon="116.33789199152199">
        <ele>45.0</ele>
        <time>2026-08-15T10:40:15.000Z</time>
      </trkpt>
      <trkpt lat="40.075876969332576" lon="116.33789071741468">
        <ele>45.0</ele>
        <time>2026-08-15T10:40:16.000Z</time>
      </trkpt>
      <trkpt lat="40.0758997402186" lon="116.33788853397651">
        <ele>45.0</ele>
        <time>2026-08-15T10:40:17.000Z</time>
      </trkpt>
      <trkpt lat="40.07592238298472" lon="116.33788589918932">
        <ele>45.0</ele>
        <time>2026-08-15T10:40:18.000Z</time>
      </trkpt>
      <trkpt lat="40.07594485006481" lon="116.33788291781809">
        <ele>45.0</ele>
        <time>2026-08-15T10:40:19.000Z</time>
      </trkpt>
      <trkpt lat="40.075967217504" lon="116.33787965046363">
        <ele>45.0</ele>
        <time>2026-08-15T10:40:20.001Z</time>
      </trkpt>
      <trkpt lat="40.07598956188915" lon="116.33787639055305">
        <ele>45.0</ele>
        <time>2026-08-15T10:40:21.001Z</time>
      </trkpt>
      <trkpt lat="40.07601195374855" lon="116.33787352603767">
        <ele>44.9</ele>
        <time>2026-08-15T10:40:22.001Z</time>
      </trkpt>
      <trkpt lat="40.07603434223738" lon="116.33787126059292">
        <ele>44.9</ele>
        <time>2026-08-15T10:40:23.001Z</time>
      </trkpt>
      <trkpt lat="40.07605667473813" lon="116.3378695149682">
        <ele>44.9</ele>
        <time>2026-08-15T10:40:24.001Z</time>
      </trkpt>
      <trkpt lat="40.076079045950344" lon="116.33786814592195">
        <ele>44.9</ele>
        <time>2026-08-15T10:40:25.001Z</time>
      </trkpt>
      <trkpt lat="40.076101443862555" lon="116.33786721505771">
        <ele>44.9</ele>
        <time>2026-08-15T10:40:26.001Z</time>
      </trkpt>
      <trkpt lat="40.07612384336794" lon="116.33786688257996">
        <ele>44.9</ele>
        <time>2026-08-15T10:40:27.001Z</time>
      </trkpt>
      <trkpt lat="40.076146339596264" lon="116.33786673213311">
        <ele>44.9</ele>
        <time>2026-08-15T10:40:28.001Z</time>
      </trkpt>
      <trkpt lat="40.076169030226026" lon="116.33786606019927">
        <ele>44.9</ele>
        <time>2026-08-15T10:40:29.001Z</time>
      </trkpt>
      <trkpt lat="40.07619190397044" lon="116.33786481406224">
        <ele>44.9</ele>
        <time>2026-08-15T10:40:30.001Z</time>
      </trkpt>
      <trkpt lat="40.07621485854658" lon="116.33786345769008">
        <ele>44.9</ele>
        <time>2026-08-15T10:40:31.001Z</time>
      </trkpt>
      <trkpt lat="40.07623777022839" lon="116.33786241599185">
        <ele>44.9</ele>
        <time>2026-08-15T10:40:32.001Z</time>
      </trkpt>
      <trkpt lat="40.076260524988086" lon="116.33786166346519">
        <ele>44.8</ele>
        <time>2026-08-15T10:40:33.001Z</time>
      </trkpt>
      <trkpt lat="40.07628310824493" lon="116.33786093131391">
        <ele>44.8</ele>
        <time>2026-08-15T10:40:34.001Z</time>
      </trkpt>
      <trkpt lat="40.0763056504529" lon="116.33786011426575">
        <ele>44.8</ele>
        <time>2026-08-15T10:40:35.001Z</time>
      </trkpt>
      <trkpt lat="40.07632839827668" lon="116.33785915313236">
        <ele>44.8</ele>
        <time>2026-08-15T10:40:36.001Z</time>
      </trkpt>
      <trkpt lat="40.0763514622999" lon="116.33785818379523">
        <ele>44.8</ele>
        <time>2026-08-15T10:40:37.001Z</time>
      </trkpt>
      <trkpt lat="40.07637465840937" lon="116.33785727223095">
        <ele>44.8</ele>
        <time>2026-08-15T10:40:38.001Z</time>
      </trkpt>
      <trkpt lat="40.076397860226855" lon="116.33785594965491">
        <ele>44.8</ele>
        <time>2026-08-15T10:40:39.001Z</time>
      </trkpt>
      <trkpt lat="40.076421054754576" lon="116.33785367800591">
        <ele>44.8</ele>
        <time>2026-08-15T10:40:40.001Z</time>
      </trkpt>
      <trkpt lat="40.076444147117925" lon="116.33785010494303">
        <ele>44.8</ele>
        <time>2026-08-15T10:40:41.001Z</time>
      </trkpt>
      <trkpt lat="40.07646718894052" lon="116.33784519960025">
        <ele>44.8</ele>
        <time>2026-08-15T10:40:42.001Z</time>
      </trkpt>
      <trkpt lat="40.07649031322769" lon="116.3378393359919">
        <ele>44.8</ele>
        <time>2026-08-15T10:40:43.001Z</time>
      </trkpt>
      <trkpt lat="40.07651355486202" lon="116.33783332573623">
        <ele>44.8</ele>
        <time>2026-08-15T10:40:44.001Z</time>
      </trkpt>
      <trkpt lat="40.07653695237308" lon="116.33782827397361">
        <ele>44.8</ele>
        <time>2026-08-15T10:40:45.001Z</time>
      </trkpt>
      <trkpt lat="40.076560494431284" lon="116.3378248717069">
        <ele>44.8</ele>
        <time>2026-08-15T10:40:46.001Z</time>
      </trkpt>
      <trkpt lat="40.076584026555075" lon="116.33782285137235">
        <ele>44.8</ele>
        <time>2026-08-15T10:40:47.000Z</time>
      </trkpt>
      <trkpt lat="40.07660734194676" lon="116.33782145220324">
        <ele>44.8</ele>
        <time>2026-08-15T10:40:48.000Z</time>
      </trkpt>
      <trkpt lat="40.07663040978857" lon="116.3378200130389">
        <ele>44.8</ele>
        <time>2026-08-15T10:40:49.000Z</time>
      </trkpt>
      <trkpt lat="40.07665334224147" lon="116.33781803812145">
        <ele>44.8</ele>
        <time>2026-08-15T10:40:50.000Z</time>
      </trkpt>
      <trkpt lat="40.07667622344814" lon="116.33781531310461">
        <ele>44.8</ele>
        <time>2026-08-15T10:40:51.000Z</time>
      </trkpt>
      <trkpt lat="40.07669908202995" lon="116.33781167252171">
        <ele>44.8</ele>
        <time>2026-08-15T10:40:52.000Z</time>
      </trkpt>
      <trkpt lat="40.07672178884239" lon="116.33780650721961">
        <ele>44.8</ele>
        <time>2026-08-15T10:40:53.000Z</time>
      </trkpt>
      <trkpt lat="40.07674413514884" lon="116.33779876895704">
        <ele>44.8</ele>
        <time>2026-08-15T10:40:54.000Z</time>
      </trkpt>
      <trkpt lat="40.07676596968258" lon="116.33778757617124">
        <ele>44.8</ele>
        <time>2026-08-15T10:40:55.000Z</time>
      </trkpt>
      <trkpt lat="40.07678736744138" lon="116.33777344823886">
        <ele>44.8</ele>
        <time>2026-08-15T10:40:56.000Z</time>
      </trkpt>
      <trkpt lat="40.076808600607315" lon="116.33775803579873">
        <ele>44.9</ele>
        <time>2026-08-15T10:40:57.000Z</time>
      </trkpt>
      <trkpt lat="40.07682966953704" lon="116.33774208878408">
        <ele>44.9</ele>
        <time>2026-08-15T10:40:58.000Z</time>
      </trkpt>
      <trkpt lat="40.07685035993361" lon="116.33772531225674">
        <ele>44.9</ele>
        <time>2026-08-15T10:40:59.000Z</time>
      </trkpt>
      <trkpt lat="40.07687063999633" lon="116.33770748703857">
        <ele>44.9</ele>
        <time>2026-08-15T10:41:00.000Z</time>
      </trkpt>
      <trkpt lat="40.0768902907437" lon="116.33768857871732">
        <ele>44.9</ele>
        <time>2026-08-15T10:41:01.000Z</time>
      </trkpt>
      <trkpt lat="40.07690875278296" lon="116.33766850588802">
        <ele>44.9</ele>
        <time>2026-08-15T10:41:02.000Z</time>
      </trkpt>
      <trkpt lat="40.07692564193276" lon="116.3376471386373">
        <ele>44.9</ele>
        <time>2026-08-15T10:41:03.000Z</time>
      </trkpt>
      <trkpt lat="40.076940821847586" lon="116.3376241529968">
        <ele>44.9</ele>
        <time>2026-08-15T10:41:04.000Z</time>
      </trkpt>
      <trkpt lat="40.076954334365844" lon="116.33759932905643">
        <ele>44.9</ele>
        <time>2026-08-15T10:41:05.000Z</time>
      </trkpt>
      <trkpt lat="40.07696653046985" lon="116.33757305341524">
        <ele>44.9</ele>
        <time>2026-08-15T10:41:06.000Z</time>
      </trkpt>
      <trkpt lat="40.076977904098534" lon="116.3375460145928">
        <ele>44.9</ele>
        <time>2026-08-15T10:41:07.000Z</time>
      </trkpt>
      <trkpt lat="40.07698854387027" lon="116.33751854085105">
        <ele>44.9</ele>
        <time>2026-08-15T10:41:08.000Z</time>
      </trkpt>
      <trkpt lat="40.07699820999246" lon="116.3374905718508">
        <ele>44.9</ele>
        <time>2026-08-15T10:41:09.000Z</time>
      </trkpt>
      <trkpt lat="40.077006673884036" lon="116.33746184375067">
        <ele>44.9</ele>
        <time>2026-08-15T10:41:10.000Z</time>
      </trkpt>
      <trkpt lat="40.07701386167634" lon="116.33743222369058">
        <ele>44.9</ele>
        <time>2026-08-15T10:41:11.000Z</time>
      </trkpt>
      <trkpt lat="40.077019866433766" lon="116.33740200247475">
        <ele>44.9</ele>
        <time>2026-08-15T10:41:12.000Z</time>
      </trkpt>
      <trkpt lat="40.077024613853915" lon="116.33737138493635">
        <ele>44.9</ele>
        <time>2026-08-15T10:41:13.000Z</time>
      </trkpt>
      <trkpt lat="40.07702790180796" lon="116.337340396713">
        <ele>44.9</ele>
        <time>2026-08-15T10:41:14.000Z</time>
      </trkpt>
      <trkpt lat="40.07702964762251" lon="116.33730909993251">
        <ele>44.9</ele>
        <time>2026-08-15T10:41:15.000Z</time>
      </trkpt>
      <trkpt lat="40.077029916142656" lon="116.337277658979">
        <ele>44.9</ele>
        <time>2026-08-15T10:41:16.000Z</time>
      </trkpt>
      <trkpt lat="40.07702883992916" lon="116.33724641435225">
        <ele>44.9</ele>
        <time>2026-08-15T10:41:17.000Z</time>
      </trkpt>
      <trkpt lat="40.077026609607515" lon="116.3372156493899">
        <ele>44.9</ele>
        <time>2026-08-15T10:41:18.000Z</time>
      </trkpt>
      <trkpt lat="40.07702316928591" lon="116.33718550781062">
        <ele>44.9</ele>
        <time>2026-08-15T10:41:19.000Z</time>
      </trkpt>
      <trkpt lat="40.077018370117834" lon="116.33715596250237">
        <ele>44.9</ele>
        <time>2026-08-15T10:41:20.000Z</time>
      </trkpt>
      <trkpt lat="40.07701202872223" lon="116.33712692677516">
        <ele>44.9</ele>
        <time>2026-08-15T10:41:21.000Z</time>
      </trkpt>
      <trkpt lat="40.07700367706178" lon="116.33709864203762">
        <ele>44.9</ele>
        <time>2026-08-15T10:41:22.000Z</time>
      </trkpt>
      <trkpt lat="40.07699288602491" lon="116.33707154242295">
        <ele>44.8</ele>
        <time>2026-08-15T10:41:23.000Z</time>
      </trkpt>
      <trkpt lat="40.07697944698313" lon="116.3370458489245">
        <ele>44.8</ele>
        <time>2026-08-15T10:41:24.000Z</time>
      </trkpt>
      <trkpt lat="40.076963423006895" lon="116.33702179925814">
        <ele>44.8</ele>
        <time>2026-08-15T10:41:25.000Z</time>
      </trkpt>
      <trkpt lat="40.07694534880945" lon="116.33699952376004">
        <ele>44.8</ele>
        <time>2026-08-15T10:41:26.000Z</time>
      </trkpt>
      <trkpt lat="40.07692588264076" lon="116.33697906369217">
        <ele>44.8</ele>
        <time>2026-08-15T10:41:27.000Z</time>
      </trkpt>
      <trkpt lat="40.07690523119796" lon="116.3369607068707">
        <ele>44.8</ele>
        <time>2026-08-15T10:41:28.000Z</time>
      </trkpt>
      <trkpt lat="40.07688342063716" lon="116.33694445303372">
        <ele>44.8</ele>
        <time>2026-08-15T10:41:29.000Z</time>
      </trkpt>
      <trkpt lat="40.076860815735756" lon="116.33692971844414">
        <ele>44.8</ele>
        <time>2026-08-15T10:41:30.000Z</time>
      </trkpt>
      <trkpt lat="40.07683774724902" lon="116.33691608274245">
        <ele>44.8</ele>
        <time>2026-08-15T10:41:31.000Z</time>
      </trkpt>
      <trkpt lat="40.0768142934574" lon="116.33690347431185">
        <ele>44.8</ele>
        <time>2026-08-15T10:41:32.000Z</time>
      </trkpt>
      <trkpt lat="40.07679048872541" lon="116.33689176328339">
        <ele>44.8</ele>
        <time>2026-08-15T10:41:33.000Z</time>
      </trkpt>
      <trkpt lat="40.076766294165104" lon="116.33688101397101">
        <ele>44.8</ele>
        <time>2026-08-15T10:41:34.000Z</time>
      </trkpt>
      <trkpt lat="40.07674161886422" lon="116.33687178952366">
        <ele>44.8</ele>
        <time>2026-08-15T10:41:35.000Z</time>
      </trkpt>
      <trkpt lat="40.076716432579545" lon="116.33686469337411">
        <ele>44.8</ele>
        <time>2026-08-15T10:41:36.000Z</time>
      </trkpt>
      <trkpt lat="40.076690727568476" lon="116.33686007641175">
        <ele>44.8</ele>
        <time>2026-08-15T10:41:37.000Z</time>
      </trkpt>
      <trkpt lat="40.07666455076155" lon="116.33685810993079">
        <ele>44.8</ele>
        <time>2026-08-15T10:41:38.000Z</time>
      </trkpt>
      <trkpt lat="40.07663811157993" lon="116.3368584519004">
        <ele>44.8</ele>
        <time>2026-08-15T10:41:39.000Z</time>
      </trkpt>
      <trkpt lat="40.076611613967565" lon="116.33686046836796">
        <ele>44.8</ele>
        <time>2026-08-15T10:41:40.000Z</time>
      </trkpt>
      <trkpt lat="40.076585138663106" lon="116.3368634797878">
        <ele>44.8</ele>
        <time>2026-08-15T10:41:41.000Z</time>
      </trkpt>
      <trkpt lat="40.07655869984251" lon="116.33686685169788">
        <ele>44.8</ele>
        <time>2026-08-15T10:41:42.000Z</time>
      </trkpt>
      <trkpt lat="40.07653233894553" lon="116.33687014678505">
        <ele>44.8</ele>
        <time>2026-08-15T10:41:43.000Z</time>
      </trkpt>
      <trkpt lat="40.07650609493234" lon="116.33687317123085">
        <ele>44.8</ele>
        <time>2026-08-15T10:41:44.000Z</time>
      </trkpt>
      <trkpt lat="40.07647997975923" lon="116.33687596411824">
        <ele>44.9</ele>
        <time>2026-08-15T10:41:45.000Z</time>
      </trkpt>
      <trkpt lat="40.076453985786976" lon="116.33687874361817">
        <ele>44.9</ele>
        <time>2026-08-15T10:41:46.000Z</time>
      </trkpt>
      <trkpt lat="40.07642810097514" lon="116.33688196864581">
        <ele>44.9</ele>
        <time>2026-08-15T10:41:47.000Z</time>
      </trkpt>
      <trkpt lat="40.07640235101286" lon="116.33688573043081">
        <ele>44.9</ele>
        <time>2026-08-15T10:41:48.000Z</time>
      </trkpt>
      <trkpt lat="40.07637678643873" lon="116.3368894518964">
        <ele>44.9</ele>
        <time>2026-08-15T10:41:49.000Z</time>
      </trkpt>
      <trkpt lat="40.076351454013235" lon="116.33689264239314">
        <ele>44.9</ele>
        <time>2026-08-15T10:41:50.000Z</time>
      </trkpt>
      <trkpt lat="40.07632642485637" lon="116.3368952383323">
        <ele>44.9</ele>
        <time>2026-08-15T10:41:51.000Z</time>
      </trkpt>
      <trkpt lat="40.07630168328043" lon="116.33689733570463">
        <ele>44.9</ele>
        <time>2026-08-15T10:41:52.000Z</time>
      </trkpt>
      <trkpt lat="40.07627710997029" lon="116.33689889719716">
        <ele>44.9</ele>
        <time>2026-08-15T10:41:53.000Z</time>
      </trkpt>
      <trkpt lat="40.07625261530882" lon="116.33689982134199">
        <ele>44.9</ele>
        <time>2026-08-15T10:41:54.000Z</time>
      </trkpt>
      <trkpt lat="40.07622818180414" lon="116.33690015706588">
        <ele>44.9</ele>
        <time>2026-08-15T10:41:55.000Z</time>
      </trkpt>
      <trkpt lat="40.07620389238951" lon="116.33689990536541">
        <ele>44.9</ele>
        <time>2026-08-15T10:41:56.000Z</time>
      </trkpt>
      <trkpt lat="40.07617977105797" lon="116.33689905982976">
        <ele>44.9</ele>
        <time>2026-08-15T10:41:57.000Z</time>
      </trkpt>
      <trkpt lat="40.07615579527738" lon="116.33689784877667">
        <ele>44.9</ele>
        <time>2026-08-15T10:41:58.000Z</time>
      </trkpt>
      <trkpt lat="40.07613188371248" lon="116.33689661471962">
        <ele>44.9</ele>
        <time>2026-08-15T10:41:59.000Z</time>
      </trkpt>
      <trkpt lat="40.07610798058958" lon="116.33689543411144">
        <ele>44.9</ele>
        <time>2026-08-15T10:42:00.000Z</time>
      </trkpt>
      <trkpt lat="40.076084083628665" lon="116.33689409938371">
        <ele>44.9</ele>
        <time>2026-08-15T10:42:01.000Z</time>
      </trkpt>
      <trkpt lat="40.07606015745373" lon="116.3368924848346">
        <ele>44.9</ele>
        <time>2026-08-15T10:42:02.000Z</time>
      </trkpt>
      <trkpt lat="40.07603622819985" lon="116.33689077572076">
        <ele>44.9</ele>
        <time>2026-08-15T10:42:03.000Z</time>
      </trkpt>
      <trkpt lat="40.07601236289525" lon="116.33688940127517">
        <ele>44.9</ele>
        <time>2026-08-15T10:42:04.000Z</time>
      </trkpt>
      <trkpt lat="40.07598855932164" lon="116.33688881673054">
        <ele>44.9</ele>
        <time>2026-08-15T10:42:05.000Z</time>
      </trkpt>
      <trkpt lat="40.07596469686444" lon="116.33688934680993">
        <ele>44.9</ele>
        <time>2026-08-15T10:42:06.000Z</time>
      </trkpt>
      <trkpt lat="40.07594073441011" lon="116.33689088356795">
        <ele>44.9</ele>
        <time>2026-08-15T10:42:07.000Z</time>
      </trkpt>
      <trkpt lat="40.07591670759196" lon="116.33689297405348">
        <ele>44.9</ele>
        <time>2026-08-15T10:42:08.000Z</time>
      </trkpt>
      <trkpt lat="40.07589267813802" lon="116.336895077713">
        <ele>44.9</ele>
        <time>2026-08-15T10:42:09.000Z</time>
      </trkpt>
      <trkpt lat="40.07586875482287" lon="116.33689652089201">
        <ele>44.9</ele>
        <time>2026-08-15T10:42:10.000Z</time>
      </trkpt>
      <trkpt lat="40.07584496732956" lon="116.33689686375372">
        <ele>44.9</ele>
        <time>2026-08-15T10:42:11.000Z</time>
      </trkpt>
      <trkpt lat="40.07582126455641" lon="116.336896550661">
        <ele>44.9</ele>
        <time>2026-08-15T10:42:12.000Z</time>
      </trkpt>
      <trkpt lat="40.07579757557527" lon="116.33689641036952">
        <ele>44.9</ele>
        <time>2026-08-15T10:42:13.000Z</time>
      </trkpt>
      <trkpt lat="40.07577384269216" lon="116.33689686480066">
        <ele>44.9</ele>
        <time>2026-08-15T10:42:14.000Z</time>
      </trkpt>
      <trkpt lat="40.07575005337453" lon="116.33689825269916">
        <ele>44.9</ele>
        <time>2026-08-15T10:42:15.000Z</time>
      </trkpt>
      <trkpt lat="40.07572631418246" lon="116.33690104754102">
        <ele>44.9</ele>
        <time>2026-08-15T10:42:16.000Z</time>
      </trkpt>
      <trkpt lat="40.07570282526519" lon="116.3369054022926">
        <ele>44.9</ele>
        <time>2026-08-15T10:42:17.000Z</time>
      </trkpt>
      <trkpt lat="40.07567971368622" lon="116.33691094587554">
        <ele>44.9</ele>
        <time>2026-08-15T10:42:18.000Z</time>
      </trkpt>
      <trkpt lat="40.075657019170215" lon="116.33691743425409">
        <ele>44.9</ele>
        <time>2026-08-15T10:42:19.000Z</time>
      </trkpt>
      <trkpt lat="40.07563497331301" lon="116.33692567419463">
        <ele>44.9</ele>
        <time>2026-08-15T10:42:20.000Z</time>
      </trkpt>
      <trkpt lat="40.075613683083134" lon="116.33693658351386">
        <ele>44.9</ele>
        <time>2026-08-15T10:42:21.000Z</time>
      </trkpt>
      <trkpt lat="40.075593106302264" lon="116.33695041147904">
        <ele>44.9</ele>
        <time>2026-08-15T10:42:22.000Z</time>
      </trkpt>
      <trkpt lat="40.07557350926194" lon="116.3369671311612">
        <ele>44.9</ele>
        <time>2026-08-15T10:42:23.000Z</time>
      </trkpt>
      <trkpt lat="40.07555527775697" lon="116.33698657743126">
        <ele>44.9</ele>
        <time>2026-08-15T10:42:24.000Z</time>
      </trkpt>
      <trkpt lat="40.075538683569704" lon="116.337008611097">
        <ele>44.9</ele>
        <time>2026-08-15T10:42:25.000Z</time>
      </trkpt>
      <trkpt lat="40.07552381147729" lon="116.33703297320486">
        <ele>44.9</ele>
        <time>2026-08-15T10:42:26.001Z</time>
      </trkpt>
      <trkpt lat="40.07551054124726" lon="116.33705929421527">
        <ele>44.9</ele>
        <time>2026-08-15T10:42:27.001Z</time>
      </trkpt>
      <trkpt lat="40.07549856395176" lon="116.33708730119957">
        <ele>45.0</ele>
        <time>2026-08-15T10:42:28.001Z</time>
      </trkpt>
      <trkpt lat="40.075487879720846" lon="116.33711678782323">
        <ele>45.0</ele>
        <time>2026-08-15T10:42:29.001Z</time>
      </trkpt>
      <trkpt lat="40.07547895096938" lon="116.33714766834815">
        <ele>45.0</ele>
        <time>2026-08-15T10:42:30.001Z</time>
      </trkpt>
      <trkpt lat="40.07547213213931" lon="116.33717981345447">
        <ele>45.0</ele>
        <time>2026-08-15T10:42:31.001Z</time>
      </trkpt>
      <trkpt lat="40.0754672496046" lon="116.33721295869104">
        <ele>45.0</ele>
        <time>2026-08-15T10:42:32.001Z</time>
      </trkpt>
      <trkpt lat="40.0754637453611" lon="116.33724668995985">
        <ele>45.0</ele>
        <time>2026-08-15T10:42:33.001Z</time>
      </trkpt>
      <trkpt lat="40.075461339059636" lon="116.33728066983207">
        <ele>45.0</ele>
        <time>2026-08-15T10:42:34.001Z</time>
      </trkpt>
      <trkpt lat="40.07546028475194" lon="116.33731486584688">
        <ele>45.1</ele>
        <time>2026-08-15T10:42:35.001Z</time>
      </trkpt>
      <trkpt lat="40.07546082107975" lon="116.33734921382377">
        <ele>45.1</ele>
        <time>2026-08-15T10:42:36.001Z</time>
      </trkpt>
      <trkpt lat="40.07546312445782" lon="116.33738357204764">
        <ele>45.1</ele>
        <time>2026-08-15T10:42:37.001Z</time>
        <extensions>
  <gpxtpx:TrackPointExtension>
    <gpxtpx:hr>166</gpxtpx:hr>
  </gpxtpx:TrackPointExtension>
</extensions>
      </trkpt>
      <trkpt lat="40.07546728724783" lon="116.33741782842783">
        <ele>45.1</ele>
        <time>2026-08-15T10:42:38.001Z</time>
        <extensions>
  <gpxtpx:TrackPointExtension>
    <gpxtpx:hr>166</gpxtpx:hr>
  </gpxtpx:TrackPointExtension>
</extensions>
      </trkpt>
      <trkpt lat="40.07547330648896" lon="116.3374518251632">
        <ele>45.1</ele>
        <time>2026-08-15T10:42:39.001Z</time>
        <extensions>
  <gpxtpx:TrackPointExtension>
    <gpxtpx:hr>166</gpxtpx:hr>
  </gpxtpx:TrackPointExtension>
</extensions>
      </trkpt>
      <trkpt lat="40.075481237225304" lon="116.33748539272">
        <ele>45.1</ele>
        <time>2026-08-15T10:42:40.001Z</time>
        <extensions>
  <gpxtpx:TrackPointExtension>
    <gpxtpx:hr>166</gpxtpx:hr>
  </gpxtpx:TrackPointExtension>
</extensions>
      </trkpt>
      <trkpt lat="40.07549099810782" lon="116.33751837250875">
        <ele>45.1</ele>
        <time>2026-08-15T10:42:41.001Z</time>
        <extensions>
  <gpxtpx:TrackPointExtension>
    <gpxtpx:hr>166</gpxtpx:hr>
  </gpxtpx:TrackPointExtension>
</extensions>
      </trkpt>
      <trkpt lat="40.07550232523115" lon="116.33755057387468">
        <ele>45.1</ele>
        <time>2026-08-15T10:42:42.001Z</time>
        <extensions>
  <gpxtpx:TrackPointExtension>
    <gpxtpx:hr>166</gpxtpx:hr>
  </gpxtpx:TrackPointExtension>
</extensions>
      </trkpt>
      <trkpt lat="40.075515011541384" lon="116.33758182589344">
        <ele>45.1</ele>
        <time>2026-08-15T10:42:43.001Z</time>
        <extensions>
  <gpxtpx:TrackPointExtension>
    <gpxtpx:hr>166</gpxtpx:hr>
  </gpxtpx:TrackPointExtension>
</extensions>
      </trkpt>
      <trkpt lat="40.07552897368665" lon="116.33761201504898">
        <ele>45.1</ele>
        <time>2026-08-15T10:42:44.001Z</time>
        <extensions>
  <gpxtpx:TrackPointExtension>
    <gpxtpx:hr>166</gpxtpx:hr>
  </gpxtpx:TrackPointExtension>
</extensions>
      </trkpt>
      <trkpt lat="40.07554406065095" lon="116.3376410619655">
        <ele>45.1</ele>
        <time>2026-08-15T10:42:45.001Z</time>
        <extensions>
  <gpxtpx:TrackPointExtension>
    <gpxtpx:hr>166</gpxtpx:hr>
  </gpxtpx:TrackPointExtension>
</extensions>
      </trkpt>
      <trkpt lat="40.07556001651698" lon="116.33766901630669">
        <ele>45.1</ele>
        <time>2026-08-15T10:42:46.001Z</time>
        <extensions>
  <gpxtpx:TrackPointExtension>
    <gpxtpx:hr>166</gpxtpx:hr>
  </gpxtpx:TrackPointExtension>
</extensions>
      </trkpt>
      <trkpt lat="40.07557655259103" lon="116.33769601251537">
        <ele>45.1</ele>
        <time>2026-08-15T10:42:47.001Z</time>
      </trkpt>
      <trkpt lat="40.07559357217249" lon="116.33772202813765">
        <ele>45.1</ele>
        <time>2026-08-15T10:42:48.001Z</time>
      </trkpt>
      <trkpt lat="40.07561117745697" lon="116.33774680904934">
        <ele>45.1</ele>
        <time>2026-08-15T10:42:49.001Z</time>
      </trkpt>
      <trkpt lat="40.07562961921441" lon="116.33777005317812">
        <ele>45.1</ele>
        <time>2026-08-15T10:42:50.001Z</time>
      </trkpt>
      <trkpt lat="40.07564929159099" lon="116.33779129701728">
        <ele>45.1</ele>
        <time>2026-08-15T10:42:51.000Z</time>
      </trkpt>
      <trkpt lat="40.075670371997916" lon="116.33781002213748">
        <ele>45.1</ele>
        <time>2026-08-15T10:42:52.000Z</time>
      </trkpt>
      <trkpt lat="40.075692717883356" lon="116.3378258855017">
        <ele>45.1</ele>
        <time>2026-08-15T10:42:53.000Z</time>
      </trkpt>
      <trkpt lat="40.075716074697866" lon="116.33783869604036">
        <ele>45.1</ele>
        <time>2026-08-15T10:42:54.000Z</time>
      </trkpt>
      <trkpt lat="40.07574006814522" lon="116.33784886235489">
        <ele>45.2</ele>
        <time>2026-08-15T10:42:55.000Z</time>
      </trkpt>
      <trkpt lat="40.075764270649074" lon="116.33785704926181">
        <ele>45.2</ele>
        <time>2026-08-15T10:42:56.000Z</time>
      </trkpt>
      <trkpt lat="40.07578859677288" lon="116.3378635503989">
        <ele>45.2</ele>
        <time>2026-08-15T10:42:57.000Z</time>
      </trkpt>
      <trkpt lat="40.075813136900955" lon="116.3378686842535">
        <ele>45.2</ele>
        <time>2026-08-15T10:42:58.000Z</time>
      </trkpt>
      <trkpt lat="40.075837792029965" lon="116.33787271833506">
        <ele>45.2</ele>
        <time>2026-08-15T10:42:59.000Z</time>
      </trkpt>
      <trkpt lat="40.07586244676144" lon="116.33787550658705">
        <ele>45.2</ele>
        <time>2026-08-15T10:43:00.000Z</time>
      </trkpt>
      <trkpt lat="40.07588707277378" lon="116.33787686654107">
        <ele>45.2</ele>
        <time>2026-08-15T10:43:01.000Z</time>
      </trkpt>
      <trkpt lat="40.07591165436301" lon="116.33787716725406">
        <ele>45.2</ele>
        <time>2026-08-15T10:43:02.000Z</time>
      </trkpt>
      <trkpt lat="40.07593613394772" lon="116.3378769683833">
        <ele>45.2</ele>
        <time>2026-08-15T10:43:03.000Z</time>
      </trkpt>
      <trkpt lat="40.075960460760015" lon="116.33787647906806">
        <ele>45.2</ele>
        <time>2026-08-15T10:43:04.000Z</time>
      </trkpt>
      <trkpt lat="40.07598464630307" lon="116.337875630694">
        <ele>45.2</ele>
        <time>2026-08-15T10:43:05.000Z</time>
      </trkpt>
      <trkpt lat="40.07600868424526" lon="116.3378743768706">
        <ele>45.2</ele>
        <time>2026-08-15T10:43:06.000Z</time>
      </trkpt>
      <trkpt lat="40.07603256069735" lon="116.33787279833948">
        <ele>45.2</ele>
        <time>2026-08-15T10:43:07.000Z</time>
      </trkpt>
      <trkpt lat="40.07605639675785" lon="116.33787077118475">
        <ele>45.2</ele>
        <time>2026-08-15T10:43:08.000Z</time>
      </trkpt>
      <trkpt lat="40.07608038442641" lon="116.33786820808513">
        <ele>45.2</ele>
        <time>2026-08-15T10:43:09.000Z</time>
      </trkpt>
      <trkpt lat="40.07610452571533" lon="116.33786543292975">
        <ele>45.2</ele>
        <time>2026-08-15T10:43:10.000Z</time>
      </trkpt>
      <trkpt lat="40.076128528093975" lon="116.33786302254791">
        <ele>45.2</ele>
        <time>2026-08-15T10:43:11.000Z</time>
      </trkpt>
      <trkpt lat="40.076152252920295" lon="116.3378610325872">
        <ele>45.2</ele>
        <time>2026-08-15T10:43:12.000Z</time>
      </trkpt>
      <trkpt lat="40.07617583326441" lon="116.3378588641111">
        <ele>45.2</ele>
        <time>2026-08-15T10:43:13.000Z</time>
      </trkpt>
      <trkpt lat="40.07619941835884" lon="116.33785594830722">
        <ele>45.2</ele>
        <time>2026-08-15T10:43:14.000Z</time>
      </trkpt>
      <trkpt lat="40.07622315677229" lon="116.33785185930566">
        <ele>45.2</ele>
        <time>2026-08-15T10:43:15.000Z</time>
      </trkpt>
      <trkpt lat="40.07624706468549" lon="116.33784674485705">
        <ele>45.2</ele>
        <time>2026-08-15T10:43:16.000Z</time>
      </trkpt>
      <trkpt lat="40.07627104811694" lon="116.33784115685076">
        <ele>45.2</ele>
        <time>2026-08-15T10:43:17.000Z</time>
      </trkpt>
      <trkpt lat="40.07629497871478" lon="116.33783536688568">
        <ele>45.2</ele>
        <time>2026-08-15T10:43:18.000Z</time>
      </trkpt>
      <trkpt lat="40.076318671309096" lon="116.33782936021294">
        <ele>45.2</ele>
        <time>2026-08-15T10:43:19.000Z</time>
      </trkpt>
      <trkpt lat="40.076342146172344" lon="116.33782348210535">
        <ele>45.2</ele>
        <time>2026-08-15T10:43:20.000Z</time>
      </trkpt>
      <trkpt lat="40.07636569295021" lon="116.33781852636507">
        <ele>45.2</ele>
        <time>2026-08-15T10:43:21.000Z</time>
      </trkpt>
      <trkpt lat="40.07638937412502" lon="116.3378146912403">
        <ele>45.2</ele>
        <time>2026-08-15T10:43:22.000Z</time>
      </trkpt>
      <trkpt lat="40.07641301244654" lon="116.33781143634927">
        <ele>45.2</ele>
        <time>2026-08-15T10:43:23.000Z</time>
      </trkpt>
      <trkpt lat="40.076436483984196" lon="116.33780780679662">
        <ele>45.2</ele>
        <time>2026-08-15T10:43:24.000Z</time>
      </trkpt>
      <trkpt lat="40.07645980834656" lon="116.3378030601661">
        <ele>45.2</ele>
        <time>2026-08-15T10:43:25.000Z</time>
      </trkpt>
      <trkpt lat="40.076483086115275" lon="116.33779736086981">
        <ele>45.2</ele>
        <time>2026-08-15T10:43:26.000Z</time>
      </trkpt>
      <trkpt lat="40.07650645003753" lon="116.33779167141691">
        <ele>45.2</ele>
        <time>2026-08-15T10:43:27.000Z</time>
      </trkpt>
      <trkpt lat="40.07653003671518" lon="116.33778703092534">
        <ele>45.2</ele>
        <time>2026-08-15T10:43:28.000Z</time>
      </trkpt>
      <trkpt lat="40.07655382995537" lon="116.33778379292369">
        <ele>45.2</ele>
        <time>2026-08-15T10:43:29.000Z</time>
      </trkpt>
      <trkpt lat="40.07657768345586" lon="116.33778165159951">
        <ele>45.2</ele>
        <time>2026-08-15T10:43:30.000Z</time>
      </trkpt>
      <trkpt lat="40.07660147360272" lon="116.33778029951117">
        <ele>45.2</ele>
        <time>2026-08-15T10:43:31.000Z</time>
      </trkpt>
      <trkpt lat="40.07662518222076" lon="116.33777956866057">
        <ele>45.2</ele>
        <time>2026-08-15T10:43:32.000Z</time>
      </trkpt>
      <trkpt lat="40.07664883071871" lon="116.33777908016411">
        <ele>45.2</ele>
        <time>2026-08-15T10:43:33.000Z</time>
      </trkpt>
      <trkpt lat="40.07667237041407" lon="116.33777845688844">
        <ele>45.2</ele>
        <time>2026-08-15T10:43:34.000Z</time>
      </trkpt>
      <trkpt lat="40.0766956701357" lon="116.33777743280774">
        <ele>45.3</ele>
        <time>2026-08-15T10:43:35.000Z</time>
      </trkpt>
      <trkpt lat="40.07671869597069" lon="116.33777551036323">
        <ele>45.3</ele>
        <time>2026-08-15T10:43:36.000Z</time>
      </trkpt>
      <trkpt lat="40.07674165460486" lon="116.33777218716084">
        <ele>45.3</ele>
        <time>2026-08-15T10:43:37.000Z</time>
      </trkpt>
      <trkpt lat="40.0767647450425" lon="116.33776705526492">
        <ele>45.3</ele>
        <time>2026-08-15T10:43:38.000Z</time>
      </trkpt>
      <trkpt lat="40.076787584979" lon="116.33775981468672">
        <ele>45.3</ele>
        <time>2026-08-15T10:43:39.000Z</time>
      </trkpt>
      <trkpt lat="40.0768096022872" lon="116.33775051237127">
        <ele>45.3</ele>
        <time>2026-08-15T10:43:40.000Z</time>
      </trkpt>
      <trkpt lat="40.07683074383832" lon="116.33773936455094">
        <ele>45.3</ele>
        <time>2026-08-15T10:43:41.000Z</time>
      </trkpt>
      <trkpt lat="40.076851216939914" lon="116.33772649055382">
        <ele>45.3</ele>
        <time>2026-08-15T10:43:42.000Z</time>
      </trkpt>
      <trkpt lat="40.07687106913853" lon="116.33771167614587">
        <ele>45.3</ele>
        <time>2026-08-15T10:43:43.000Z</time>
      </trkpt>
      <trkpt lat="40.07689007292733" lon="116.33769461842395">
        <ele>45.3</ele>
        <time>2026-08-15T10:43:44.000Z</time>
      </trkpt>
      <trkpt lat="40.07690782415453" lon="116.33767508166477">
        <ele>45.3</ele>
        <time>2026-08-15T10:43:45.000Z</time>
      </trkpt>
      <trkpt lat="40.076924176238784" lon="116.33765310460211">
        <ele>45.3</ele>
        <time>2026-08-15T10:43:46.000Z</time>
      </trkpt>
      <trkpt lat="40.07693935229198" lon="116.3376291656627">
        <ele>45.3</ele>
        <time>2026-08-15T10:43:47.000Z</time>
      </trkpt>
      <trkpt lat="40.076953473968075" lon="116.33760367085952">
        <ele>45.3</ele>
        <time>2026-08-15T10:43:48.000Z</time>
      </trkpt>
      <trkpt lat="40.07696634352088" lon="116.33757672903974">
        <ele>45.3</ele>
        <time>2026-08-15T10:43:49.000Z</time>
      </trkpt>
      <trkpt lat="40.076977762571914" lon="116.3375484463433">
        <ele>45.3</ele>
        <time>2026-08-15T10:43:50.000Z</time>
      </trkpt>
      <trkpt lat="40.07698782325016" lon="116.33751912586203">
        <ele>45.3</ele>
        <time>2026-08-15T10:43:51.000Z</time>
      </trkpt>
      <trkpt lat="40.07699666587386" lon="116.33748939109381">
        <ele>45.3</ele>
        <time>2026-08-15T10:43:52.000Z</time>
      </trkpt>
      <trkpt lat="40.07700444288172" lon="116.33746011754086">
        <ele>45.3</ele>
        <time>2026-08-15T10:43:53.000Z</time>
      </trkpt>
      <trkpt lat="40.07701131708568" lon="116.33743221742077">
        <ele>45.3</ele>
        <time>2026-08-15T10:43:54.000Z</time>
      </trkpt>
      <trkpt lat="40.07701739711848" lon="116.33740614240732">
        <ele>45.3</ele>
        <time>2026-08-15T10:43:55.000Z</time>
      </trkpt>
      <trkpt lat="40.07702260723019" lon="116.33738176843488">
        <ele>45.3</ele>
        <time>2026-08-15T10:43:56.000Z</time>
      </trkpt>
      <trkpt lat="40.07702679998691" lon="116.33735850875804">
        <ele>45.3</ele>
        <time>2026-08-15T10:43:57.000Z</time>
      </trkpt>
      <trkpt lat="40.07702991323705" lon="116.33733581260479">
        <ele>45.3</ele>
        <time>2026-08-15T10:43:58.000Z</time>
      </trkpt>
      <trkpt lat="40.07703182495525" lon="116.33731326629697">
        <ele>45.3</ele>
        <time>2026-08-15T10:43:59.000Z</time>
      </trkpt>
      <trkpt lat="40.07703216425038" lon="116.33729048468678">
        <ele>45.3</ele>
        <time>2026-08-15T10:44:00.000Z</time>
      </trkpt>
      <trkpt lat="40.07703044433267" lon="116.33726735035394">
        <ele>45.3</ele>
        <time>2026-08-15T10:44:01.000Z</time>
      </trkpt>
      <trkpt lat="40.0770265301184" lon="116.33724406288354">
        <ele>45.2</ele>
        <time>2026-08-15T10:44:02.000Z</time>
      </trkpt>
      <trkpt lat="40.077020564105915" lon="116.33722095411919">
        <ele>45.2</ele>
        <time>2026-08-15T10:44:03.000Z</time>
      </trkpt>
      <trkpt lat="40.077012812127386" lon="116.3371980921777">
        <ele>45.2</ele>
        <time>2026-08-15T10:44:04.000Z</time>
      </trkpt>
      <trkpt lat="40.07700352617165" lon="116.33717542643222">
        <ele>45.2</ele>
        <time>2026-08-15T10:44:05.000Z</time>
      </trkpt>
      <trkpt lat="40.07699275570337" lon="116.33715273407131">
        <ele>45.2</ele>
        <time>2026-08-15T10:44:06.000Z</time>
      </trkpt>
      <trkpt lat="40.07698026998735" lon="116.33712968634481">
        <ele>45.2</ele>
        <time>2026-08-15T10:44:07.000Z</time>
      </trkpt>
      <trkpt lat="40.076965759335536" lon="116.33710583699693">
        <ele>45.2</ele>
        <time>2026-08-15T10:44:08.000Z</time>
      </trkpt>
      <trkpt lat="40.07694928195095" lon="116.3370813231623">
        <ele>45.2</ele>
        <time>2026-08-15T10:44:09.000Z</time>
      </trkpt>
      <trkpt lat="40.07693137540423" lon="116.33705690049766">
        <ele>45.2</ele>
        <time>2026-08-15T10:44:10.000Z</time>
      </trkpt>
      <trkpt lat="40.076912589532064" lon="116.33703310901335">
        <ele>45.3</ele>
        <time>2026-08-15T10:44:11.000Z</time>
      </trkpt>
      <trkpt lat="40.07689305793168" lon="116.3370102816196">
        <ele>45.3</ele>
        <time>2026-08-15T10:44:12.000Z</time>
      </trkpt>
      <trkpt lat="40.07687286884771" lon="116.33698857239213">
        <ele>45.3</ele>
        <time>2026-08-15T10:44:13.000Z</time>
      </trkpt>
      <trkpt lat="40.07685238521978" lon="116.33696791427928">
        <ele>45.3</ele>
        <time>2026-08-15T10:44:14.000Z</time>
      </trkpt>
      <trkpt lat="40.076831671011995" lon="116.33694855369336">
        <ele>45.3</ele>
        <time>2026-08-15T10:44:15.000Z</time>
      </trkpt>
      <trkpt lat="40.076810487068784" lon="116.33693096973875">
        <ele>45.3</ele>
        <time>2026-08-15T10:44:16.000Z</time>
      </trkpt>
      <trkpt lat="40.076788658671056" lon="116.33691553572068">
        <ele>45.3</ele>
        <time>2026-08-15T10:44:17.000Z</time>
      </trkpt>
      <trkpt lat="40.07676614681796" lon="116.33690259688296">
        <ele>45.3</ele>
        <time>2026-08-15T10:44:18.000Z</time>
      </trkpt>
      <trkpt lat="40.076743178433205" lon="116.33689214592697">
        <ele>45.3</ele>
        <time>2026-08-15T10:44:19.000Z</time>
      </trkpt>
      <trkpt lat="40.07671991773045" lon="116.3368836582981">
        <ele>45.3</ele>
        <time>2026-08-15T10:44:20.000Z</time>
      </trkpt>
      <trkpt lat="40.0766962822257" lon="116.33687666317847">
        <ele>45.3</ele>
        <time>2026-08-15T10:44:21.000Z</time>
      </trkpt>
      <trkpt lat="40.076672223391235" lon="116.33687119678325">
        <ele>45.3</ele>
        <time>2026-08-15T10:44:22.000Z</time>
      </trkpt>
      <trkpt lat="40.076647790931" lon="116.33686748067547">
        <ele>45.3</ele>
        <time>2026-08-15T10:44:23.000Z</time>
      </trkpt>
      <trkpt lat="40.07662315800842" lon="116.33686534828189">
        <ele>45.3</ele>
        <time>2026-08-15T10:44:24.000Z</time>
      </trkpt>
      <trkpt lat="40.07659847405427" lon="116.3368643436678">
        <ele>45.3</ele>
        <time>2026-08-15T10:44:25.000Z</time>
      </trkpt>
      <trkpt lat="40.076573713840794" lon="116.33686438424233">
        <ele>45.3</ele>
        <time>2026-08-15T10:44:26.000Z</time>
      </trkpt>
      <trkpt lat="40.07654883084693" lon="116.3368657985848">
        <ele>45.3</ele>
        <time>2026-08-15T10:44:27.000Z</time>
      </trkpt>
      <trkpt lat="40.07652393883964" lon="116.33686895066805">
        <ele>45.3</ele>
        <time>2026-08-15T10:44:28.000Z</time>
      </trkpt>
      <trkpt lat="40.07649914811568" lon="116.33687362217412">
        <ele>45.3</ele>
        <time>2026-08-15T10:44:29.000Z</time>
      </trkpt>
      <trkpt lat="40.07647451528594" lon="116.33687907598377">
        <ele>45.3</ele>
        <time>2026-08-15T10:44:30.000Z</time>
      </trkpt>
      <trkpt lat="40.07645010471021" lon="116.33688432105367">
        <ele>45.2</ele>
        <time>2026-08-15T10:44:31.000Z</time>
      </trkpt>
      <trkpt lat="40.07642600381861" lon="116.33688831550492">
        <ele>45.2</ele>
        <time>2026-08-15T10:44:32.000Z</time>
      </trkpt>
      <trkpt lat="40.076402303191564" lon="116.33689039041138">
        <ele>45.2</ele>
        <time>2026-08-15T10:44:33.000Z</time>
      </trkpt>
      <trkpt lat="40.07637895449162" lon="116.33689041162734">
        <ele>45.2</ele>
        <time>2026-08-15T10:44:34.000Z</time>
      </trkpt>
      <trkpt lat="40.07635577708757" lon="116.33688868954277">
        <ele>45.2</ele>
        <time>2026-08-15T10:44:35.000Z</time>
      </trkpt>
      <trkpt lat="40.076332553938855" lon="116.33688576983546">
        <ele>45.2</ele>
        <time>2026-08-15T10:44:36.000Z</time>
      </trkpt>
      <trkpt lat="40.07630918414903" lon="116.3368824276235">
        <ele>45.2</ele>
        <time>2026-08-15T10:44:37.000Z</time>
      </trkpt>
      <trkpt lat="40.07628567293103" lon="116.33687962454857">
        <ele>45.2</ele>
        <time>2026-08-15T10:44:38.000Z</time>
      </trkpt>
      <trkpt lat="40.07626210476121" lon="116.33687800972136">
        <ele>45.2</ele>
        <time>2026-08-15T10:44:39.000Z</time>
      </trkpt>
      <trkpt lat="40.07623858816541" lon="116.33687748632246">
        <ele>45.2</ele>
        <time>2026-08-15T10:44:40.000Z</time>
      </trkpt>
      <trkpt lat="40.076215216182966" lon="116.33687744356894">
        <ele>45.2</ele>
        <time>2026-08-15T10:44:41.000Z</time>
      </trkpt>
      <trkpt lat="40.076192079820686" lon="116.33687761848543">
        <ele>45.2</ele>
        <time>2026-08-15T10:44:42.000Z</time>
      </trkpt>
      <trkpt lat="40.07616925235955" lon="116.33687830231655">
        <ele>45.2</ele>
        <time>2026-08-15T10:44:43.000Z</time>
      </trkpt>
      <trkpt lat="40.07614674297717" lon="116.33687978424464">
        <ele>45.2</ele>
        <time>2026-08-15T10:44:44.000Z</time>
      </trkpt>
      <trkpt lat="40.07612441518854" lon="116.33688208087143">
        <ele>45.2</ele>
        <time>2026-08-15T10:44:45.000Z</time>
      </trkpt>
      <trkpt lat="40.07610203095218" lon="116.33688472564681">
        <ele>45.2</ele>
        <time>2026-08-15T10:44:46.000Z</time>
      </trkpt>
      <trkpt lat="40.07607950963228" lon="116.33688721166098">
        <ele>45.1</ele>
        <time>2026-08-15T10:44:47.000Z</time>
      </trkpt>
      <trkpt lat="40.076056903118165" lon="116.33688935100062">
        <ele>45.1</ele>
        <time>2026-08-15T10:44:48.000Z</time>
      </trkpt>
      <trkpt lat="40.07603428822749" lon="116.336891278048">
        <ele>45.1</ele>
        <time>2026-08-15T10:44:49.000Z</time>
      </trkpt>
      <trkpt lat="40.07601172771703" lon="116.33689311049135">
        <ele>45.1</ele>
        <time>2026-08-15T10:44:50.000Z</time>
      </trkpt>
      <trkpt lat="40.0759892470335" lon="116.33689469543619">
        <ele>45.1</ele>
        <time>2026-08-15T10:44:51.000Z</time>
      </trkpt>
      <trkpt lat="40.07596686536529" lon="116.33689599455401">
        <ele>45.1</ele>
        <time>2026-08-15T10:44:52.000Z</time>
      </trkpt>
      <trkpt lat="40.07594458470724" lon="116.3368969353643">
        <ele>45.1</ele>
        <time>2026-08-15T10:44:53.000Z</time>
      </trkpt>
      <trkpt lat="40.07592235246833" lon="116.33689715341704">
        <ele>45.1</ele>
        <time>2026-08-15T10:44:54.000Z</time>
      </trkpt>
      <trkpt lat="40.075900077693575" lon="116.33689649720768">
        <ele>45.1</ele>
        <time>2026-08-15T10:44:55.000Z</time>
      </trkpt>
      <trkpt lat="40.07587772171885" lon="116.33689510402058">
        <ele>45.1</ele>
        <time>2026-08-15T10:44:56.000Z</time>
      </trkpt>
      <trkpt lat="40.075855351143886" lon="116.33689300062811">
        <ele>45.1</ele>
        <time>2026-08-15T10:44:57.000Z</time>
      </trkpt>
      <trkpt lat="40.07583306745846" lon="116.33689036682468">
        <ele>45.1</ele>
        <time>2026-08-15T10:44:58.000Z</time>
      </trkpt>
      <trkpt lat="40.075810889216484" lon="116.33688784453685">
        <ele>45.1</ele>
        <time>2026-08-15T10:44:59.000Z</time>
      </trkpt>
      <trkpt lat="40.07578868835393" lon="116.33688599601489">
        <ele>45.1</ele>
        <time>2026-08-15T10:45:00.000Z</time>
      </trkpt>
      <trkpt lat="40.07576637543179" lon="116.33688468196269">
        <ele>45.2</ele>
        <time>2026-08-15T10:45:01.000Z</time>
      </trkpt>
      <trkpt lat="40.07574401903588" lon="116.33688381502165">
        <ele>45.2</ele>
        <time>2026-08-15T10:45:02.000Z</time>
      </trkpt>
      <trkpt lat="40.075721736348584" lon="116.33688380076502">
        <ele>45.2</ele>
        <time>2026-08-15T10:45:03.000Z</time>
      </trkpt>
      <trkpt lat="40.07569968690523" lon="116.33688484468414">
        <ele>45.2</ele>
        <time>2026-08-15T10:45:04.000Z</time>
      </trkpt>
      <trkpt lat="40.0756779760586" lon="116.33688663277854">
        <ele>45.2</ele>
        <time>2026-08-15T10:45:05.000Z</time>
      </trkpt>
      <trkpt lat="40.07565657628141" lon="116.33688881582569">
        <ele>45.2</ele>
        <time>2026-08-15T10:45:06.000Z</time>
      </trkpt>
      <trkpt lat="40.0756355948934" lon="116.33689176583867">
        <ele>45.2</ele>
        <time>2026-08-15T10:45:07.000Z</time>
      </trkpt>
      <trkpt lat="40.075615244875145" lon="116.33689671559917">
        <ele>45.2</ele>
        <time>2026-08-15T10:45:08.000Z</time>
      </trkpt>
      <trkpt lat="40.07559544811706" lon="116.3369046662574">
        <ele>45.2</ele>
        <time>2026-08-15T10:45:09.000Z</time>
      </trkpt>
      <trkpt lat="40.075576261924795" lon="116.33691620045144">
        <ele>45.2</ele>
        <time>2026-08-15T10:45:10.000Z</time>
      </trkpt>
      <trkpt lat="40.07555824836053" lon="116.33693177313476">
        <ele>45.2</ele>
        <time>2026-08-15T10:45:11.000Z</time>
      </trkpt>
      <trkpt lat="40.07554211252598" lon="116.33695152862923">
        <ele>45.2</ele>
        <time>2026-08-15T10:45:12.000Z</time>
      </trkpt>
      <trkpt lat="40.075527785987966" lon="116.33697490316868">
        <ele>45.2</ele>
        <time>2026-08-15T10:45:13.000Z</time>
      </trkpt>
      <trkpt lat="40.075514716101914" lon="116.3370005984074">
        <ele>45.2</ele>
        <time>2026-08-15T10:45:14.000Z</time>
      </trkpt>
      <trkpt lat="40.07550263984063" lon="116.33702754440465">
        <ele>45.2</ele>
        <time>2026-08-15T10:45:15.000Z</time>
      </trkpt>
      <trkpt lat="40.07549150418485" lon="116.33705534105393">
        <ele>45.2</ele>
        <time>2026-08-15T10:45:16.000Z</time>
      </trkpt>
      <trkpt lat="40.075481696996626" lon="116.33708415998713">
        <ele>45.2</ele>
        <time>2026-08-15T10:45:17.000Z</time>
      </trkpt>
      <trkpt lat="40.07547368074626" lon="116.33711417313795">
        <ele>45.2</ele>
        <time>2026-08-15T10:45:18.000Z</time>
      </trkpt>
      <trkpt lat="40.075467665261705" lon="116.33714529259663">
        <ele>45.2</ele>
        <time>2026-08-15T10:45:19.000Z</time>
      </trkpt>
      <trkpt lat="40.07546388829654" lon="116.33717744100046">
        <ele>45.2</ele>
        <time>2026-08-15T10:45:20.000Z</time>
      </trkpt>
      <trkpt lat="40.07546245479723" lon="116.33721039373623">
        <ele>45.3</ele>
        <time>2026-08-15T10:45:21.000Z</time>
      </trkpt>
      <trkpt lat="40.07546278823925" lon="116.33724359875895">
        <ele>45.3</ele>
        <time>2026-08-15T10:45:22.000Z</time>
      </trkpt>
      <trkpt lat="40.075464149877504" lon="116.33727664449562">
        <ele>45.3</ele>
        <time>2026-08-15T10:45:23.000Z</time>
      </trkpt>
      <trkpt lat="40.075466309287485" lon="116.33730942769355">
        <ele>45.3</ele>
        <time>2026-08-15T10:45:24.000Z</time>
      </trkpt>
      <trkpt lat="40.07546919421017" lon="116.33734200036028">
        <ele>45.3</ele>
        <time>2026-08-15T10:45:25.000Z</time>
      </trkpt>
      <trkpt lat="40.075472761969486" lon="116.33737443100752">
        <ele>45.3</ele>
        <time>2026-08-15T10:45:26.000Z</time>
      </trkpt>
      <trkpt lat="40.07547724435773" lon="116.33740663903518">
        <ele>45.3</ele>
        <time>2026-08-15T10:45:27.000Z</time>
      </trkpt>
      <trkpt lat="40.07548294846349" lon="116.33743849244853">
        <ele>45.3</ele>
        <time>2026-08-15T10:45:28.000Z</time>
      </trkpt>
      <trkpt lat="40.07548999291526" lon="116.33746990855614">
        <ele>45.3</ele>
        <time>2026-08-15T10:45:29.000Z</time>
      </trkpt>
      <trkpt lat="40.07549822146953" lon="116.33750081678652">
        <ele>45.3</ele>
        <time>2026-08-15T10:45:30.000Z</time>
      </trkpt>
      <trkpt lat="40.07550734769166" lon="116.337531236041">
        <ele>45.3</ele>
        <time>2026-08-15T10:45:31.000Z</time>
      </trkpt>
      <trkpt lat="40.07551714510889" lon="116.33756114212225">
        <ele>45.3</ele>
        <time>2026-08-15T10:45:32.000Z</time>
      </trkpt>
      <trkpt lat="40.07552757386564" lon="116.33759031676912">
        <ele>45.3</ele>
        <time>2026-08-15T10:45:33.000Z</time>
      </trkpt>
      <trkpt lat="40.07553891479518" lon="116.33761842727601">
        <ele>45.2</ele>
        <time>2026-08-15T10:45:34.000Z</time>
      </trkpt>
      <trkpt lat="40.07555153947095" lon="116.33764514390067">
        <ele>45.2</ele>
        <time>2026-08-15T10:45:35.000Z</time>
      </trkpt>
      <trkpt lat="40.07556548488575" lon="116.33767040823925">
        <ele>45.2</ele>
        <time>2026-08-15T10:45:36.000Z</time>
      </trkpt>
      <trkpt lat="40.075580499904696" lon="116.33769444279388">
        <ele>45.3</ele>
        <time>2026-08-15T10:45:37.000Z</time>
      </trkpt>
      <trkpt lat="40.07559638591873" lon="116.33771762181993">
        <ele>45.3</ele>
        <time>2026-08-15T10:45:38.000Z</time>
      </trkpt>
      <trkpt lat="40.075613221749165" lon="116.33773995163669">
        <ele>45.3</ele>
        <time>2026-08-15T10:45:39.000Z</time>
      </trkpt>
      <trkpt lat="40.07563110541817" lon="116.33776100949588">
        <ele>45.3</ele>
        <time>2026-08-15T10:45:40.000Z</time>
      </trkpt>
      <trkpt lat="40.07564991996119" lon="116.33778048597335">
        <ele>45.3</ele>
        <time>2026-08-15T10:45:41.000Z</time>
      </trkpt>
      <trkpt lat="40.075669557791116" lon="116.3377982090924">
        <ele>45.3</ele>
        <time>2026-08-15T10:45:42.000Z</time>
      </trkpt>
      <trkpt lat="40.075689865426995" lon="116.33781410069405">
        <ele>45.3</ele>
        <time>2026-08-15T10:45:43.000Z</time>
      </trkpt>
      <trkpt lat="40.075710667789984" lon="116.33782813020439">
        <ele>45.3</ele>
        <time>2026-08-15T10:45:44.000Z</time>
      </trkpt>
      <trkpt lat="40.075731797893" lon="116.33784037179788">
        <ele>45.3</ele>
        <time>2026-08-15T10:45:45.000Z</time>
      </trkpt>
      <trkpt lat="40.0757530678443" lon="116.33785086847598">
        <ele>45.3</ele>
        <time>2026-08-15T10:45:46.000Z</time>
      </trkpt>
      <trkpt lat="40.075774383604035" lon="116.33785960921813">
        <ele>45.3</ele>
        <time>2026-08-15T10:45:47.000Z</time>
      </trkpt>
      <trkpt lat="40.07579588011722" lon="116.33786646587505">
        <ele>45.3</ele>
        <time>2026-08-15T10:45:48.000Z</time>
      </trkpt>
      <trkpt lat="40.07581771091951" lon="116.33787124192085">
        <ele>45.3</ele>
        <time>2026-08-15T10:45:49.000Z</time>
      </trkpt>
      <trkpt lat="40.0758399073284" lon="116.33787393955669">
        <ele>45.3</ele>
        <time>2026-08-15T10:45:50.000Z</time>
      </trkpt>
      <trkpt lat="40.075862489635185" lon="116.33787467711396">
        <ele>45.3</ele>
        <time>2026-08-15T10:45:51.000Z</time>
      </trkpt>
      <trkpt lat="40.07588536157592" lon="116.33787388983389">
        <ele>45.3</ele>
        <time>2026-08-15T10:45:52.000Z</time>
      </trkpt>
      <trkpt lat="40.07590821019604" lon="116.33787241427628">
        <ele>45.3</ele>
        <time>2026-08-15T10:45:53.000Z</time>
      </trkpt>
      <trkpt lat="40.0759307388762" lon="116.3378709398999">
        <ele>45.3</ele>
        <time>2026-08-15T10:45:54.000Z</time>
      </trkpt>
      <trkpt lat="40.07595282575733" lon="116.33786961421436">
        <ele>45.3</ele>
        <time>2026-08-15T10:45:55.000Z</time>
      </trkpt>
      <trkpt lat="40.07597454985168" lon="116.33786805860707">
        <ele>45.2</ele>
        <time>2026-08-15T10:45:56.000Z</time>
      </trkpt>
      <trkpt lat="40.07599613176897" lon="116.33786573509114">
        <ele>45.2</ele>
        <time>2026-08-15T10:45:57.000Z</time>
      </trkpt>
      <trkpt lat="40.07601777614501" lon="116.33786248638899">
        <ele>45.2</ele>
        <time>2026-08-15T10:45:58.000Z</time>
      </trkpt>
      <trkpt lat="40.07603963211263" lon="116.33785860590444">
        <ele>45.2</ele>
        <time>2026-08-15T10:45:59.000Z</time>
      </trkpt>
      <trkpt lat="40.0760617006268" lon="116.33785458639997">
        <ele>45.2</ele>
        <time>2026-08-15T10:46:00.000Z</time>
      </trkpt>
      <trkpt lat="40.07608393307765" lon="116.33785101321295">
        <ele>45.2</ele>
        <time>2026-08-15T10:46:01.000Z</time>
      </trkpt>
      <trkpt lat="40.076106194425364" lon="116.33784831828147">
        <ele>45.2</ele>
        <time>2026-08-15T10:46:02.000Z</time>
      </trkpt>
      <trkpt lat="40.07612832392726" lon="116.337846670401">
        <ele>45.2</ele>
        <time>2026-08-15T10:46:03.000Z</time>
      </trkpt>
      <trkpt lat="40.07615036955437" lon="116.33784577190242">
        <ele>45.2</ele>
        <time>2026-08-15T10:46:04.000Z</time>
      </trkpt>
      <trkpt lat="40.07617248406464" lon="116.33784509808336">
        <ele>45.2</ele>
        <time>2026-08-15T10:46:05.000Z</time>
      </trkpt>
      <trkpt lat="40.07619467589775" lon="116.33784458388169">
        <ele>45.2</ele>
        <time>2026-08-15T10:46:06.000Z</time>
      </trkpt>
      <trkpt lat="40.076216754746035" lon="116.33784427822435">
        <ele>45.2</ele>
        <time>2026-08-15T10:46:07.000Z</time>
      </trkpt>
      <trkpt lat="40.076238654115855" lon="116.33784407768152">
        <ele>45.2</ele>
        <time>2026-08-15T10:46:08.000Z</time>
      </trkpt>
      <trkpt lat="40.0762605183619" lon="116.33784404151521">
        <ele>45.2</ele>
        <time>2026-08-15T10:46:09.000Z</time>
      </trkpt>
      <trkpt lat="40.076282444254595" lon="116.33784420787163">
        <ele>45.2</ele>
        <time>2026-08-15T10:46:10.000Z</time>
      </trkpt>
      <trkpt lat="40.0763044481731" lon="116.33784433971834">
        <ele>45.2</ele>
        <time>2026-08-15T10:46:11.000Z</time>
      </trkpt>
      <trkpt lat="40.076326552709006" lon="116.33784424118463">
        <ele>45.2</ele>
        <time>2026-08-15T10:46:12.000Z</time>
      </trkpt>
      <trkpt lat="40.0763486869114" lon="116.33784387969246">
        <ele>45.2</ele>
        <time>2026-08-15T10:46:13.000Z</time>
      </trkpt>
      <trkpt lat="40.07637078880942" lon="116.33784316871656">
        <ele>45.2</ele>
        <time>2026-08-15T10:46:14.000Z</time>
      </trkpt>
      <trkpt lat="40.07639293496671" lon="116.33784208176276">
        <ele>45.2</ele>
        <time>2026-08-15T10:46:15.000Z</time>
      </trkpt>
      <trkpt lat="40.076415101816266" lon="116.33784098463164">
        <ele>45.2</ele>
        <time>2026-08-15T10:46:16.000Z</time>
      </trkpt>
      <trkpt lat="40.07643725857558" lon="116.33784022383502">
        <ele>45.2</ele>
        <time>2026-08-15T10:46:17.000Z</time>
      </trkpt>
      <trkpt lat="40.07645945223538" lon="116.33783980951844">
        <ele>45.2</ele>
        <time>2026-08-15T10:46:18.000Z</time>
      </trkpt>
      <trkpt lat="40.07648163525988" lon="116.33783964622471">
        <ele>45.1</ele>
        <time>2026-08-15T10:46:19.000Z</time>
      </trkpt>
      <trkpt lat="40.07650377555141" lon="116.33783950949248">
        <ele>45.1</ele>
        <time>2026-08-15T10:46:20.000Z</time>
      </trkpt>
      <trkpt lat="40.07652585695128" lon="116.3378390944415">
        <ele>45.1</ele>
        <time>2026-08-15T10:46:21.000Z</time>
      </trkpt>
      <trkpt lat="40.0765479805122" lon="116.33783834583267">
        <ele>45.1</ele>
        <time>2026-08-15T10:46:22.000Z</time>
      </trkpt>
      <trkpt lat="40.07657025038822" lon="116.33783756217798">
        <ele>45.1</ele>
        <time>2026-08-15T10:46:23.000Z</time>
      </trkpt>
      <trkpt lat="40.07659259685341" lon="116.33783730974298">
        <ele>45.1</ele>
        <time>2026-08-15T10:46:24.000Z</time>
      </trkpt>
      <trkpt lat="40.07661487745177" lon="116.3378379408088">
        <ele>45.1</ele>
        <time>2026-08-15T10:46:25.000Z</time>
      </trkpt>
      <trkpt lat="40.07663702884303" lon="116.33783920387576">
        <ele>45.1</ele>
        <time>2026-08-15T10:46:26.000Z</time>
      </trkpt>
      <trkpt lat="40.076659082865945" lon="116.33784044018185">
        <ele>45.1</ele>
        <time>2026-08-15T10:46:27.000Z</time>
      </trkpt>
      <trkpt lat="40.07668111847879" lon="116.33784065584943">
        <ele>45.1</ele>
        <time>2026-08-15T10:46:28.000Z</time>
      </trkpt>
      <trkpt lat="40.07670322159469" lon="116.33783909859024">
        <ele>45.1</ele>
        <time>2026-08-15T10:46:29.000Z</time>
      </trkpt>
      <trkpt lat="40.07672538490398" lon="116.33783541539543">
        <ele>45.1</ele>
        <time>2026-08-15T10:46:30.000Z</time>
      </trkpt>
      <trkpt lat="40.076747466777434" lon="116.33782937125189">
        <ele>45.1</ele>
        <time>2026-08-15T10:46:31.000Z</time>
      </trkpt>
      <trkpt lat="40.076769149705456" lon="116.33782103463253">
        <ele>45.1</ele>
        <time>2026-08-15T10:46:32.000Z</time>
      </trkpt>
      <trkpt lat="40.076790099800434" lon="116.33781064818888">
        <ele>45.1</ele>
        <time>2026-08-15T10:46:33.000Z</time>
      </trkpt>
      <trkpt lat="40.07680999700869" lon="116.33779786456846">
        <ele>45.1</ele>
        <time>2026-08-15T10:46:34.000Z</time>
      </trkpt>
      <trkpt lat="40.076828701154504" lon="116.33778193839223">
        <ele>45.1</ele>
        <time>2026-08-15T10:46:35.000Z</time>
      </trkpt>
      <trkpt lat="40.076846612912284" lon="116.33776365277151">
        <ele>45.1</ele>
        <time>2026-08-15T10:46:36.000Z</time>
      </trkpt>
      <trkpt lat="40.076864317818284" lon="116.33774454222518">
        <ele>45.1</ele>
        <time>2026-08-15T10:46:37.000Z</time>
      </trkpt>
      <trkpt lat="40.07688204158549" lon="116.33772523540601">
        <ele>45.1</ele>
        <time>2026-08-15T10:46:38.000Z</time>
      </trkpt>
      <trkpt lat="40.076899358669294" lon="116.33770577560966">
        <ele>45.1</ele>
        <time>2026-08-15T10:46:39.000Z</time>
      </trkpt>
      <trkpt lat="40.07691579004923" lon="116.337685741624">
        <ele>45.1</ele>
        <time>2026-08-15T10:46:40.000Z</time>
      </trkpt>
      <trkpt lat="40.07693130828928" lon="116.33766478556485">
        <ele>45.1</ele>
        <time>2026-08-15T10:46:41.000Z</time>
      </trkpt>
      <trkpt lat="40.07694601652013" lon="116.33764274866984">
        <ele>45.1</ele>
        <time>2026-08-15T10:46:42.000Z</time>
      </trkpt>
      <trkpt lat="40.0769598055827" lon="116.33761942385">
        <ele>45.1</ele>
        <time>2026-08-15T10:46:43.000Z</time>
      </trkpt>
      <trkpt lat="40.07697230892884" lon="116.33759451014669">
        <ele>45.1</ele>
        <time>2026-08-15T10:46:44.000Z</time>
      </trkpt>
      <trkpt lat="40.07698322225248" lon="116.33756799784355">
        <ele>45.1</ele>
        <time>2026-08-15T10:46:45.000Z</time>
      </trkpt>
      <trkpt lat="40.07699251610679" lon="116.33754023654093">
        <ele>45.1</ele>
        <time>2026-08-15T10:46:46.000Z</time>
      </trkpt>
      <trkpt lat="40.07700015412248" lon="116.3375114428561">
        <ele>45.1</ele>
        <time>2026-08-15T10:46:47.000Z</time>
      </trkpt>
      <trkpt lat="40.07700603842164" lon="116.33748180052577">
        <ele>45.1</ele>
        <time>2026-08-15T10:46:48.000Z</time>
      </trkpt>
      <trkpt lat="40.0770102528038" lon="116.33745154777532">
        <ele>45.1</ele>
        <time>2026-08-15T10:46:49.000Z</time>
      </trkpt>
      <trkpt lat="40.07701292316541" lon="116.33742088408925">
        <ele>45.1</ele>
        <time>2026-08-15T10:46:50.000Z</time>
      </trkpt>
      <trkpt lat="40.07701410811886" lon="116.33739002382427">
        <ele>45.1</ele>
        <time>2026-08-15T10:46:51.000Z</time>
      </trkpt>
      <trkpt lat="40.07701386868029" lon="116.33735915612735">
        <ele>45.1</ele>
        <time>2026-08-15T10:46:52.000Z</time>
      </trkpt>
      <trkpt lat="40.07701212210359" lon="116.33732855931383">
        <ele>45.1</ele>
        <time>2026-08-15T10:46:53.000Z</time>
      </trkpt>
      <trkpt lat="40.07700853198961" lon="116.33729860739146">
        <ele>45.1</ele>
        <time>2026-08-15T10:46:54.000Z</time>
      </trkpt>
      <trkpt lat="40.07700298436311" lon="116.33726958728286">
        <ele>45.2</ele>
        <time>2026-08-15T10:46:55.000Z</time>
      </trkpt>
      <trkpt lat="40.076995556679414" lon="116.33724128814448">
        <ele>45.2</ele>
        <time>2026-08-15T10:46:56.000Z</time>
      </trkpt>
      <trkpt lat="40.076986253719205" lon="116.33721323333319">
        <ele>45.2</ele>
        <time>2026-08-15T10:46:57.000Z</time>
      </trkpt>
      <trkpt lat="40.07697535249059" lon="116.33718545071032">
        <ele>45.2</ele>
        <time>2026-08-15T10:46:58.000Z</time>
      </trkpt>
      <trkpt lat="40.07696327862406" lon="116.33715809971866">
        <ele>45.2</ele>
        <time>2026-08-15T10:46:59.000Z</time>
      </trkpt>
      <trkpt lat="40.07695021579611" lon="116.33713124817798">
        <ele>45.2</ele>
        <time>2026-08-15T10:47:00.000Z</time>
      </trkpt>
      <trkpt lat="40.07693606244236" lon="116.33710509273227">
        <ele>45.2</ele>
        <time>2026-08-15T10:47:01.000Z</time>
      </trkpt>
      <trkpt lat="40.07692087343363" lon="116.33707979705456">
        <ele>45.2</ele>
        <time>2026-08-15T10:47:02.000Z</time>
      </trkpt>
      <trkpt lat="40.07690515639689" lon="116.33705539737755">
        <ele>45.1</ele>
        <time>2026-08-15T10:47:03.000Z</time>
      </trkpt>
      <trkpt lat="40.07688925655894" lon="116.33703182966615">
        <ele>45.1</ele>
        <time>2026-08-15T10:47:04.000Z</time>
      </trkpt>
      <trkpt lat="40.076873016754234" lon="116.33700917081832">
        <ele>45.1</ele>
        <time>2026-08-15T10:47:05.000Z</time>
      </trkpt>
      <trkpt lat="40.07685634132908" lon="116.33698781589656">
        <ele>45.1</ele>
        <time>2026-08-15T10:47:06.000Z</time>
      </trkpt>
      <trkpt lat="40.07683900512106" lon="116.3369681629054">
        <ele>45.0</ele>
        <time>2026-08-15T10:47:07.000Z</time>
      </trkpt>
      <trkpt lat="40.07682048465816" lon="116.33695061166216">
        <ele>45.0</ele>
        <time>2026-08-15T10:47:08.000Z</time>
      </trkpt>
      <trkpt lat="40.07680045128516" lon="116.33693538141243">
        <ele>45.0</ele>
        <time>2026-08-15T10:47:09.000Z</time>
      </trkpt>
      <trkpt lat="40.07677901491334" lon="116.33692213495455">
        <ele>45.0</ele>
        <time>2026-08-15T10:47:10.000Z</time>
      </trkpt>
      <trkpt lat="40.0767566818682" lon="116.33691025844593">
        <ele>44.9</ele>
        <time>2026-08-15T10:47:11.000Z</time>
      </trkpt>
      <trkpt lat="40.07673416072404" lon="116.3368992942594">
        <ele>44.9</ele>
        <time>2026-08-15T10:47:12.000Z</time>
      </trkpt>
      <trkpt lat="40.076711980587184" lon="116.33688909340185">
        <ele>44.9</ele>
        <time>2026-08-15T10:47:13.000Z</time>
      </trkpt>
      <trkpt lat="40.076690146910245" lon="116.33687969314039">
        <ele>44.9</ele>
        <time>2026-08-15T10:47:14.000Z</time>
      </trkpt>
      <trkpt lat="40.07666814892163" lon="116.33687149450824">
        <ele>44.9</ele>
        <time>2026-08-15T10:47:15.000Z</time>
      </trkpt>
      <trkpt lat="40.07664540985288" lon="116.33686545285734">
        <ele>44.9</ele>
        <time>2026-08-15T10:47:16.000Z</time>
      </trkpt>
      <trkpt lat="40.07662176640017" lon="116.33686219932122">
        <ele>44.9</ele>
        <time>2026-08-15T10:47:17.000Z</time>
      </trkpt>
      <trkpt lat="40.076597424052615" lon="116.33686129041948">
        <ele>44.9</ele>
        <time>2026-08-15T10:47:18.000Z</time>
      </trkpt>
      <trkpt lat="40.076572695313416" lon="116.3368617287979">
        <ele>44.9</ele>
        <time>2026-08-15T10:47:19.000Z</time>
      </trkpt>
      <trkpt lat="40.07654790437812" lon="116.33686266970751">
        <ele>44.9</ele>
        <time>2026-08-15T10:47:20.000Z</time>
      </trkpt>
      <trkpt lat="40.07652330352362" lon="116.33686381006268">
        <ele>44.9</ele>
        <time>2026-08-15T10:47:21.000Z</time>
      </trkpt>
      <trkpt lat="40.0764989816787" lon="116.33686531240465">
        <ele>44.9</ele>
        <time>2026-08-15T10:47:22.000Z</time>
      </trkpt>
      <trkpt lat="40.0764748963343" lon="116.336867420835">
        <ele>44.9</ele>
        <time>2026-08-15T10:47:23.000Z</time>
      </trkpt>
      <trkpt lat="40.07645096149692" lon="116.33687006692539">
        <ele>44.9</ele>
        <time>2026-08-15T10:47:24.000Z</time>
      </trkpt>
      <trkpt lat="40.076426976220525" lon="116.33687297838235">
        <ele>44.9</ele>
        <time>2026-08-15T10:47:25.000Z</time>
      </trkpt>
      <trkpt lat="40.07640279511814" lon="116.33687601861394">
        <ele>44.9</ele>
        <time>2026-08-15T10:47:26.000Z</time>
      </trkpt>
      <trkpt lat="40.07637844867142" lon="116.33687912877765">
        <ele>44.9</ele>
        <time>2026-08-15T10:47:27.000Z</time>
      </trkpt>
      <trkpt lat="40.07635405713937" lon="116.33688197734966">
        <ele>44.9</ele>
        <time>2026-08-15T10:47:28.000Z</time>
      </trkpt>
      <trkpt lat="40.076329807337466" lon="116.33688430132169">
        <ele>44.9</ele>
        <time>2026-08-15T10:47:29.000Z</time>
      </trkpt>
      <trkpt lat="40.076305796684785" lon="116.33688617650954">
        <ele>44.9</ele>
        <time>2026-08-15T10:47:30.000Z</time>
      </trkpt>
      <trkpt lat="40.076281988279305" lon="116.33688759693078">
        <ele>44.9</ele>
        <time>2026-08-15T10:47:31.000Z</time>
      </trkpt>
      <trkpt lat="40.076258300573656" lon="116.33688846075292">
        <ele>44.9</ele>
        <time>2026-08-15T10:47:32.000Z</time>
      </trkpt>
      <trkpt lat="40.076234659153954" lon="116.33688880883766">
        <ele>44.9</ele>
        <time>2026-08-15T10:47:33.000Z</time>
      </trkpt>
      <trkpt lat="40.07621105208422" lon="116.3368888998809">
        <ele>44.8</ele>
        <time>2026-08-15T10:47:34.000Z</time>
      </trkpt>
      <trkpt lat="40.076187507379174" lon="116.33688911830218">
        <ele>44.8</ele>
        <time>2026-08-15T10:47:35.000Z</time>
      </trkpt>
      <trkpt lat="40.07616402059285" lon="116.33688946079594">
        <ele>44.8</ele>
        <time>2026-08-15T10:47:36.000Z</time>
      </trkpt>
      <trkpt lat="40.07614060765388" lon="116.33688963154394">
        <ele>44.8</ele>
        <time>2026-08-15T10:47:37.000Z</time>
      </trkpt>
      <trkpt lat="40.076117291632634" lon="116.33688958907341">
        <ele>44.8</ele>
        <time>2026-08-15T10:47:38.000Z</time>
      </trkpt>
      <trkpt lat="40.07609410095212" lon="116.3368895064212">
        <ele>44.8</ele>
        <time>2026-08-15T10:47:39.000Z</time>
        <extensions>
  <gpxtpx:TrackPointExtension>
    <gpxtpx:hr>167</gpxtpx:hr>
  </gpxtpx:TrackPointExtension>
</extensions>
      </trkpt>
      <trkpt lat="40.07607102893926" lon="116.33688956117865">
        <ele>44.8</ele>
        <time>2026-08-15T10:47:40.000Z</time>
        <extensions>
  <gpxtpx:TrackPointExtension>
    <gpxtpx:hr>167</gpxtpx:hr>
  </gpxtpx:TrackPointExtension>
</extensions>
      </trkpt>
      <trkpt lat="40.07604802878729" lon="116.33688964716225">
        <ele>44.8</ele>
        <time>2026-08-15T10:47:41.000Z</time>
        <extensions>
  <gpxtpx:TrackPointExtension>
    <gpxtpx:hr>167</gpxtpx:hr>
  </gpxtpx:TrackPointExtension>
</extensions>
      </trkpt>
      <trkpt lat="40.07602506675468" lon="116.33688980616792">
        <ele>44.8</ele>
        <time>2026-08-15T10:47:42.000Z</time>
        <extensions>
  <gpxtpx:TrackPointExtension>
    <gpxtpx:hr>167</gpxtpx:hr>
  </gpxtpx:TrackPointExtension>
</extensions>
      </trkpt>
      <trkpt lat="40.07600212920262" lon="116.33689043562363">
        <ele>44.8</ele>
        <time>2026-08-15T10:47:43.000Z</time>
        <extensions>
  <gpxtpx:TrackPointExtension>
    <gpxtpx:hr>167</gpxtpx:hr>
  </gpxtpx:TrackPointExtension>
</extensions>
      </trkpt>
      <trkpt lat="40.07597924651923" lon="116.33689156399917">
        <ele>44.8</ele>
        <time>2026-08-15T10:47:44.000Z</time>
        <extensions>
  <gpxtpx:TrackPointExtension>
    <gpxtpx:hr>167</gpxtpx:hr>
  </gpxtpx:TrackPointExtension>
</extensions>
      </trkpt>
      <trkpt lat="40.07595643274721" lon="116.33689266955642">
        <ele>44.8</ele>
        <time>2026-08-15T10:47:45.000Z</time>
        <extensions>
  <gpxtpx:TrackPointExtension>
    <gpxtpx:hr>167</gpxtpx:hr>
  </gpxtpx:TrackPointExtension>
</extensions>
      </trkpt>
      <trkpt lat="40.075933761946466" lon="116.33689322849845">
        <ele>44.8</ele>
        <time>2026-08-15T10:47:46.000Z</time>
        <extensions>
  <gpxtpx:TrackPointExtension>
    <gpxtpx:hr>167</gpxtpx:hr>
  </gpxtpx:TrackPointExtension>
</extensions>
      </trkpt>
      <trkpt lat="40.075911381417235" lon="116.33689290985018">
        <ele>44.8</ele>
        <time>2026-08-15T10:47:47.000Z</time>
        <extensions>
  <gpxtpx:TrackPointExtension>
    <gpxtpx:hr>167</gpxtpx:hr>
  </gpxtpx:TrackPointExtension>
</extensions>
      </trkpt>
      <trkpt lat="40.075889396421296" lon="116.3368916643044">
        <ele>44.8</ele>
        <time>2026-08-15T10:47:48.000Z</time>
        <extensions>
  <gpxtpx:TrackPointExtension>
    <gpxtpx:hr>167</gpxtpx:hr>
  </gpxtpx:TrackPointExtension>
</extensions>
      </trkpt>
      <trkpt lat="40.07586796266535" lon="116.33688980019932">
        <ele>44.8</ele>
        <time>2026-08-15T10:47:49.000Z</time>
      </trkpt>
      <trkpt lat="40.075846783138786" lon="116.33688778222263">
        <ele>44.8</ele>
        <time>2026-08-15T10:47:50.000Z</time>
      </trkpt>
      <trkpt lat="40.07582542285134" lon="116.3368859950918">
        <ele>44.8</ele>
        <time>2026-08-15T10:47:51.000Z</time>
      </trkpt>
      <trkpt lat="40.07580399008579" lon="116.33688470171569">
        <ele>44.8</ele>
        <time>2026-08-15T10:47:52.000Z</time>
      </trkpt>
      <trkpt lat="40.07578255135881" lon="116.33688404402803">
        <ele>44.8</ele>
        <time>2026-08-15T10:47:53.000Z</time>
      </trkpt>
      <trkpt lat="40.07576097404524" lon="116.33688394757543">
        <ele>44.8</ele>
        <time>2026-08-15T10:47:54.000Z</time>
      </trkpt>
      <trkpt lat="40.075739211206994" lon="116.33688452269672">
        <ele>44.8</ele>
        <time>2026-08-15T10:47:55.000Z</time>
      </trkpt>
      <trkpt lat="40.07571735735881" lon="116.33688615706998">
        <ele>44.8</ele>
        <time>2026-08-15T10:47:56.000Z</time>
      </trkpt>
      <trkpt lat="40.0756955824911" lon="116.33688876368512">
        <ele>44.8</ele>
        <time>2026-08-15T10:47:57.000Z</time>
      </trkpt>
      <trkpt lat="40.0756740233223" lon="116.33689193010595">
        <ele>44.8</ele>
        <time>2026-08-15T10:47:58.000Z</time>
      </trkpt>
      <trkpt lat="40.07565282667003" lon="116.33689571707517">
        <ele>44.8</ele>
        <time>2026-08-15T10:47:59.000Z</time>
      </trkpt>
      <trkpt lat="40.07563230009014" lon="116.33690087356833">
        <ele>44.8</ele>
        <time>2026-08-15T10:48:00.000Z</time>
      </trkpt>
      <trkpt lat="40.07561258681702" lon="116.33690828809068">
        <ele>44.9</ele>
        <time>2026-08-15T10:48:01.000Z</time>
      </trkpt>
      <trkpt lat="40.0755936777122" lon="116.33691864167469">
        <ele>44.9</ele>
        <time>2026-08-15T10:48:02.000Z</time>
      </trkpt>
      <trkpt lat="40.075575712803925" lon="116.33693221595564">
        <ele>44.9</ele>
        <time>2026-08-15T10:48:03.000Z</time>
      </trkpt>
      <trkpt lat="40.07555880093034" lon="116.33694853699461">
        <ele>44.9</ele>
        <time>2026-08-15T10:48:04.000Z</time>
      </trkpt>
      <trkpt lat="40.075543065905826" lon="116.33696696610308">
        <ele>44.9</ele>
        <time>2026-08-15T10:48:05.000Z</time>
      </trkpt>
      <trkpt lat="40.075528737193096" lon="116.3369872735709">
        <ele>44.9</ele>
        <time>2026-08-15T10:48:06.000Z</time>
      </trkpt>
      <trkpt lat="40.07551581189231" lon="116.3370093963479">
        <ele>44.9</ele>
        <time>2026-08-15T10:48:07.000Z</time>
      </trkpt>
      <trkpt lat="40.0755042711771" lon="116.33703347669469">
        <ele>44.9</ele>
        <time>2026-08-15T10:48:08.000Z</time>
      </trkpt>
      <trkpt lat="40.0754938329024" lon="116.33705927913802">
        <ele>44.8</ele>
        <time>2026-08-15T10:48:09.000Z</time>
      </trkpt>
      <trkpt lat="40.07548391922375" lon="116.3370859899513">
        <ele>44.8</ele>
        <time>2026-08-15T10:48:10.000Z</time>
      </trkpt>
      <trkpt lat="40.0754745875731" lon="116.33711314593873">
        <ele>44.8</ele>
        <time>2026-08-15T10:48:11.000Z</time>
      </trkpt>
      <trkpt lat="40.075466526742034" lon="116.3371408002393">
        <ele>44.8</ele>
        <time>2026-08-15T10:48:12.000Z</time>
      </trkpt>
      <trkpt lat="40.07546065550755" lon="116.33716943413943">
        <ele>44.8</ele>
        <time>2026-08-15T10:48:13.000Z</time>
      </trkpt>
      <trkpt lat="40.0754573114947" lon="116.33719945539353">
        <ele>44.8</ele>
        <time>2026-08-15T10:48:14.000Z</time>
      </trkpt>
      <trkpt lat="40.075456031139105" lon="116.3372306613646">
        <ele>44.8</ele>
        <time>2026-08-15T10:48:15.000Z</time>
      </trkpt>
      <trkpt lat="40.07545592888451" lon="116.33726232667114">
        <ele>44.8</ele>
        <time>2026-08-15T10:48:16.000Z</time>
      </trkpt>
      <trkpt lat="40.07545601679196" lon="116.33729380662258">
        <ele>44.8</ele>
        <time>2026-08-15T10:48:17.000Z</time>
      </trkpt>
      <trkpt lat="40.07545578764271" lon="116.33732500093792">
        <ele>44.8</ele>
        <time>2026-08-15T10:48:18.000Z</time>
      </trkpt>
      <trkpt lat="40.07545555394944" lon="116.33735602696962">
        <ele>44.8</ele>
        <time>2026-08-15T10:48:19.000Z</time>
      </trkpt>
      <trkpt lat="40.075456113118086" lon="116.33738697584782">
        <ele>44.8</ele>
        <time>2026-08-15T10:48:20.000Z</time>
      </trkpt>
      <trkpt lat="40.07545794040373" lon="116.33741794332335">
        <ele>44.8</ele>
        <time>2026-08-15T10:48:21.000Z</time>
      </trkpt>
      <trkpt lat="40.075461118671804" lon="116.33744895622125">
        <ele>44.8</ele>
        <time>2026-08-15T10:48:22.000Z</time>
      </trkpt>
      <trkpt lat="40.075465579267316" lon="116.3374800073436">
        <ele>44.8</ele>
        <time>2026-08-15T10:48:23.000Z</time>
      </trkpt>
      <trkpt lat="40.075471225901296" lon="116.3375109012686">
        <ele>44.8</ele>
        <time>2026-08-15T10:48:24.000Z</time>
      </trkpt>
      <trkpt lat="40.07547822298333" lon="116.33754118703703">
        <ele>44.8</ele>
        <time>2026-08-15T10:48:25.000Z</time>
      </trkpt>
      <trkpt lat="40.075486837807915" lon="116.33757058876888">
        <ele>44.8</ele>
        <time>2026-08-15T10:48:26.000Z</time>
      </trkpt>
      <trkpt lat="40.075497155696524" lon="116.33759909533472">
        <ele>44.8</ele>
        <time>2026-08-15T10:48:27.000Z</time>
      </trkpt>
      <trkpt lat="40.075508928905194" lon="116.33762677868712">
        <ele>44.8</ele>
        <time>2026-08-15T10:48:28.000Z</time>
      </trkpt>
      <trkpt lat="40.075521913153366" lon="116.33765365505373">
        <ele>44.8</ele>
        <time>2026-08-15T10:48:29.000Z</time>
      </trkpt>
      <trkpt lat="40.075536209730075" lon="116.3376794073674">
        <ele>44.8</ele>
        <time>2026-08-15T10:48:30.000Z</time>
      </trkpt>
      <trkpt lat="40.0755519124205" lon="116.3377036692946">
        <ele>44.8</ele>
        <time>2026-08-15T10:48:31.000Z</time>
      </trkpt>
      <trkpt lat="40.075568944121244" lon="116.33772636247714">
        <ele>44.8</ele>
        <time>2026-08-15T10:48:32.000Z</time>
      </trkpt>
      <trkpt lat="40.075586997499464" lon="116.33774774896987">
        <ele>44.8</ele>
        <time>2026-08-15T10:48:33.000Z</time>
      </trkpt>
      <trkpt lat="40.07560569253656" lon="116.33776807280897">
        <ele>44.8</ele>
        <time>2026-08-15T10:48:34.000Z</time>
      </trkpt>
      <trkpt lat="40.07562492528802" lon="116.33778711619082">
        <ele>44.8</ele>
        <time>2026-08-15T10:48:35.000Z</time>
      </trkpt>
      <trkpt lat="40.07564487421117" lon="116.3378043273527">
        <ele>44.8</ele>
        <time>2026-08-15T10:48:36.000Z</time>
      </trkpt>
      <trkpt lat="40.07566566872109" lon="116.33781930506409">
        <ele>44.8</ele>
        <time>2026-08-15T10:48:37.000Z</time>
      </trkpt>
      <trkpt lat="40.07568727406632" lon="116.33783189138725">
        <ele>44.8</ele>
        <time>2026-08-15T10:48:38.000Z</time>
      </trkpt>
      <trkpt lat="40.07570957230396" lon="116.33784209462206">
        <ele>44.8</ele>
        <time>2026-08-15T10:48:39.000Z</time>
      </trkpt>
      <trkpt lat="40.075732360053934" lon="116.33785040566312">
        <ele>44.8</ele>
        <time>2026-08-15T10:48:40.000Z</time>
      </trkpt>
      <trkpt lat="40.07575547030606" lon="116.33785739475107">
        <ele>44.8</ele>
        <time>2026-08-15T10:48:41.000Z</time>
      </trkpt>
      <trkpt lat="40.075778750922666" lon="116.33786326804567">
        <ele>44.9</ele>
        <time>2026-08-15T10:48:42.000Z</time>
      </trkpt>
      <trkpt lat="40.075801936080374" lon="116.33786806424868">
        <ele>44.9</ele>
        <time>2026-08-15T10:48:43.000Z</time>
      </trkpt>
      <trkpt lat="40.07582482669477" lon="116.33787170703279">
        <ele>44.9</ele>
        <time>2026-08-15T10:48:44.000Z</time>
      </trkpt>
      <trkpt lat="40.07584737018096" lon="116.33787396903202">
        <ele>44.9</ele>
        <time>2026-08-15T10:48:45.000Z</time>
      </trkpt>
      <trkpt lat="40.07586976086279" lon="116.3378745493479">
        <ele>44.9</ele>
        <time>2026-08-15T10:48:46.000Z</time>
      </trkpt>
      <trkpt lat="40.07589217558893" lon="116.33787345582232">
        <ele>44.8</ele>
        <time>2026-08-15T10:48:47.000Z</time>
      </trkpt>
      <trkpt lat="40.075914566653296" lon="116.33787122062327">
        <ele>44.8</ele>
        <time>2026-08-15T10:48:48.000Z</time>
      </trkpt>
      <trkpt lat="40.075936784421515" lon="116.33786858506123">
        <ele>44.8</ele>
        <time>2026-08-15T10:48:49.000Z</time>
      </trkpt>
      <trkpt lat="40.075958737800825" lon="116.33786602585819">
        <ele>44.8</ele>
        <time>2026-08-15T10:48:50.000Z</time>
      </trkpt>
      <trkpt lat="40.07598044796867" lon="116.33786346327584">
        <ele>44.8</ele>
        <time>2026-08-15T10:48:51.000Z</time>
      </trkpt>
      <trkpt lat="40.07600213722627" lon="116.33786070913085">
        <ele>44.8</ele>
        <time>2026-08-15T10:48:52.000Z</time>
      </trkpt>
      <trkpt lat="40.07602399365858" lon="116.33785797145602">
        <ele>44.8</ele>
        <time>2026-08-15T10:48:53.000Z</time>
      </trkpt>
      <trkpt lat="40.07604605087489" lon="116.33785557889455">
        <ele>44.8</ele>
        <time>2026-08-15T10:48:54.000Z</time>
      </trkpt>
      <trkpt lat="40.076068259530636" lon="116.33785361104789">
        <ele>44.8</ele>
        <time>2026-08-15T10:48:55.000Z</time>
      </trkpt>
      <trkpt lat="40.076090484980114" lon="116.33785216804412">
        <ele>44.8</ele>
        <time>2026-08-15T10:48:56.000Z</time>
      </trkpt>
      <trkpt lat="40.07611250921362" lon="116.3378516865945">
        <ele>44.8</ele>
        <time>2026-08-15T10:48:57.000Z</time>
      </trkpt>
      <trkpt lat="40.076134138394394" lon="116.33785220686573">
        <ele>44.8</ele>
        <time>2026-08-15T10:48:58.000Z</time>
      </trkpt>
      <trkpt lat="40.07615544571549" lon="116.33785321232742">
        <ele>44.8</ele>
        <time>2026-08-15T10:48:59.000Z</time>
      </trkpt>
      <trkpt lat="40.076176685323084" lon="116.33785420615975">
        <ele>44.8</ele>
        <time>2026-08-15T10:49:00.000Z</time>
      </trkpt>
      <trkpt lat="40.07619802435286" lon="116.33785479046153">
        <ele>44.8</ele>
        <time>2026-08-15T10:49:01.000Z</time>
      </trkpt>
      <trkpt lat="40.0762194977949" lon="116.33785486126821">
        <ele>44.8</ele>
        <time>2026-08-15T10:49:02.000Z</time>
      </trkpt>
      <trkpt lat="40.076241190320346" lon="116.33785443372619">
        <ele>44.9</ele>
        <time>2026-08-15T10:49:03.000Z</time>
      </trkpt>
      <trkpt lat="40.076263171079894" lon="116.33785349540216">
        <ele>44.9</ele>
        <time>2026-08-15T10:49:04.000Z</time>
      </trkpt>
      <trkpt lat="40.07628536567524" lon="116.33785226270633">
        <ele>44.9</ele>
        <time>2026-08-15T10:49:05.000Z</time>
      </trkpt>
      <trkpt lat="40.07630764631734" lon="116.3378511698215">
        <ele>44.9</ele>
        <time>2026-08-15T10:49:06.000Z</time>
      </trkpt>
      <trkpt lat="40.07632995655256" lon="116.3378504792076">
        <ele>44.9</ele>
        <time>2026-08-15T10:49:07.000Z</time>
      </trkpt>
      <trkpt lat="40.07635225231984" lon="116.33784999388371">
        <ele>44.9</ele>
        <time>2026-08-15T10:49:08.000Z</time>
      </trkpt>
      <trkpt lat="40.07637439537713" lon="116.33784902702722">
        <ele>44.9</ele>
        <time>2026-08-15T10:49:09.000Z</time>
      </trkpt>
      <trkpt lat="40.076396272155726" lon="116.33784687132894">
        <ele>44.9</ele>
        <time>2026-08-15T10:49:10.000Z</time>
      </trkpt>
      <trkpt lat="40.07641798600658" lon="116.33784346226557">
        <ele>44.9</ele>
        <time>2026-08-15T10:49:11.000Z</time>
      </trkpt>
      <trkpt lat="40.07643968865945" lon="116.33783918466139">
        <ele>44.9</ele>
        <time>2026-08-15T10:49:12.000Z</time>
      </trkpt>
      <trkpt lat="40.076461521236496" lon="116.33783469174585">
        <ele>44.9</ele>
        <time>2026-08-15T10:49:13.000Z</time>
      </trkpt>
      <trkpt lat="40.07648364333144" lon="116.33783092594398">
        <ele>44.9</ele>
        <time>2026-08-15T10:49:14.000Z</time>
      </trkpt>
      <trkpt lat="40.07650604215994" lon="116.33782866322076">
        <ele>44.9</ele>
        <time>2026-08-15T10:49:15.000Z</time>
      </trkpt>
      <trkpt lat="40.076528499424725" lon="116.33782816185881">
        <ele>44.9</ele>
        <time>2026-08-15T10:49:16.000Z</time>
      </trkpt>
      <trkpt lat="40.076550820570645" lon="116.3378291097741">
        <ele>44.9</ele>
        <time>2026-08-15T10:49:17.000Z</time>
      </trkpt>
      <trkpt lat="40.07657306120507" lon="116.33783087097508">
        <ele>44.9</ele>
        <time>2026-08-15T10:49:18.000Z</time>
      </trkpt>
      <trkpt lat="40.07659536853501" lon="116.3378329801468">
        <ele>44.9</ele>
        <time>2026-08-15T10:49:19.000Z</time>
      </trkpt>
      <trkpt lat="40.076617809786825" lon="116.33783520621142">
        <ele>44.9</ele>
        <time>2026-08-15T10:49:20.000Z</time>
      </trkpt>
      <trkpt lat="40.0766404150056" lon="116.33783724945503">
        <ele>44.9</ele>
        <time>2026-08-15T10:49:21.000Z</time>
      </trkpt>
      <trkpt lat="40.07666303888153" lon="116.33783875586741">
        <ele>44.9</ele>
        <time>2026-08-15T10:49:22.000Z</time>
      </trkpt>
      <trkpt lat="40.076685430987816" lon="116.33783964008263">
        <ele>44.9</ele>
        <time>2026-08-15T10:49:23.000Z</time>
      </trkpt>
      <trkpt lat="40.076707479221575" lon="116.33783964073616">
        <ele>44.9</ele>
        <time>2026-08-15T10:49:24.000Z</time>
      </trkpt>
      <trkpt lat="40.076729174723006" lon="116.33783787905176">
        <ele>44.9</ele>
        <time>2026-08-15T10:49:25.000Z</time>
      </trkpt>
      <trkpt lat="40.07675047622077" lon="116.33783339188652">
        <ele>44.9</ele>
        <time>2026-08-15T10:49:26.000Z</time>
      </trkpt>
      <trkpt lat="40.07677140806777" lon="116.33782543402484">
        <ele>44.9</ele>
        <time>2026-08-15T10:49:27.000Z</time>
      </trkpt>
      <trkpt lat="40.07679207726129" lon="116.33781392859181">
        <ele>44.9</ele>
        <time>2026-08-15T10:49:28.000Z</time>
      </trkpt>
      <trkpt lat="40.07681238163289" lon="116.337799578707">
        <ele>44.8</ele>
        <time>2026-08-15T10:49:29.000Z</time>
      </trkpt>
      <trkpt lat="40.07683204087977" lon="116.3377831639884">
        <ele>44.8</ele>
        <time>2026-08-15T10:49:30.000Z</time>
      </trkpt>
      <trkpt lat="40.07685091690496" lon="116.33776513995508">
        <ele>44.8</ele>
        <time>2026-08-15T10:49:31.000Z</time>
      </trkpt>
      <trkpt lat="40.07686892844509" lon="116.3377455271513">
        <ele>44.8</ele>
        <time>2026-08-15T10:49:32.000Z</time>
      </trkpt>
      <trkpt lat="40.076885897125706" lon="116.33772418038129">
        <ele>44.8</ele>
        <time>2026-08-15T10:49:33.000Z</time>
      </trkpt>
      <trkpt lat="40.07690168463626" lon="116.33770120736932">
        <ele>44.8</ele>
        <time>2026-08-15T10:49:34.000Z</time>
      </trkpt>
      <trkpt lat="40.07691632159405" lon="116.33767701688835">
        <ele>44.8</ele>
        <time>2026-08-15T10:49:35.000Z</time>
      </trkpt>
      <trkpt lat="40.07692991611182" lon="116.33765196684706">
        <ele>44.8</ele>
        <time>2026-08-15T10:49:36.000Z</time>
      </trkpt>
      <trkpt lat="40.07694237923733" lon="116.33762592557021">
        <ele>44.8</ele>
        <time>2026-08-15T10:49:37.000Z</time>
      </trkpt>
      <trkpt lat="40.07695357054415" lon="116.33759863023893">
        <ele>44.8</ele>
        <time>2026-08-15T10:49:38.000Z</time>
      </trkpt>
      <trkpt lat="40.076963536864625" lon="116.33757022843987">
        <ele>44.8</ele>
        <time>2026-08-15T10:49:39.000Z</time>
      </trkpt>
      <trkpt lat="40.07697236498776" lon="116.33754108869942">
        <ele>44.7</ele>
        <time>2026-08-15T10:49:40.000Z</time>
      </trkpt>
      <trkpt lat="40.076980131119896" lon="116.33751155119936">
        <ele>44.7</ele>
        <time>2026-08-15T10:49:41.000Z</time>
      </trkpt>
      <trkpt lat="40.07698672049006" lon="116.33748180868076">
        <ele>44.7</ele>
        <time>2026-08-15T10:49:42.000Z</time>
      </trkpt>
      <trkpt lat="40.07699172611755" lon="116.33745171128707">
        <ele>44.7</ele>
        <time>2026-08-15T10:49:43.000Z</time>
      </trkpt>
      <trkpt lat="40.07699497497068" lon="116.33742095551133">
        <ele>44.7</ele>
        <time>2026-08-15T10:49:44.000Z</time>
      </trkpt>
      <trkpt lat="40.07699677960582" lon="116.33738955676299">
        <ele>44.7</ele>
        <time>2026-08-15T10:49:45.000Z</time>
      </trkpt>
      <trkpt lat="40.07699777925302" lon="116.33735789926013">
        <ele>44.7</ele>
        <time>2026-08-15T10:49:46.000Z</time>
      </trkpt>
      <trkpt lat="40.076998238046706" lon="116.33732627913263">
        <ele>44.7</ele>
        <time>2026-08-15T10:49:47.000Z</time>
      </trkpt>
      <trkpt lat="40.076997949478105" lon="116.33729481841357">
        <ele>44.7</ele>
        <time>2026-08-15T10:49:48.000Z</time>
      </trkpt>
      <trkpt lat="40.07699685712385" lon="116.33726368041575">
        <ele>44.7</ele>
        <time>2026-08-15T10:49:49.000Z</time>
      </trkpt>
      <trkpt lat="40.07699501860973" lon="116.33723290610739">
        <ele>44.7</ele>
        <time>2026-08-15T10:49:50.000Z</time>
      </trkpt>
      <trkpt lat="40.07699217629133" lon="116.33720252502438">
        <ele>44.7</ele>
        <time>2026-08-15T10:49:51.000Z</time>
      </trkpt>
      <trkpt lat="40.076987742577025" lon="116.33717273866185">
        <ele>44.7</ele>
        <time>2026-08-15T10:49:52.000Z</time>
      </trkpt>
      <trkpt lat="40.07698094255651" lon="116.3371440480554">
        <ele>44.7</ele>
        <time>2026-08-15T10:49:53.000Z</time>
      </trkpt>
      <trkpt lat="40.07697100538352" lon="116.33711668950032">
        <ele>44.7</ele>
        <time>2026-08-15T10:49:54.000Z</time>
      </trkpt>
      <trkpt lat="40.07695797621498" lon="116.33709041475194">
        <ele>44.7</ele>
        <time>2026-08-15T10:49:55.000Z</time>
      </trkpt>
      <trkpt lat="40.07694265611822" lon="116.3370650949169">
        <ele>44.7</ele>
        <time>2026-08-15T10:49:56.000Z</time>
      </trkpt>
      <trkpt lat="40.076925790545246" lon="116.33704068211559">
        <ele>44.7</ele>
        <time>2026-08-15T10:49:57.000Z</time>
      </trkpt>
      <trkpt lat="40.07690783966041" lon="116.33701721761989">
        <ele>44.7</ele>
        <time>2026-08-15T10:49:58.000Z</time>
      </trkpt>
      <trkpt lat="40.076888974369965" lon="116.33699500175604">
        <ele>44.7</ele>
        <time>2026-08-15T10:49:59.000Z</time>
      </trkpt>
      <trkpt lat="40.076869160115564" lon="116.33697434858374">
        <ele>44.7</ele>
        <time>2026-08-15T10:50:00.000Z</time>
      </trkpt>
      <trkpt lat="40.0768484912531" lon="116.3369553037756">
        <ele>44.7</ele>
        <time>2026-08-15T10:50:01.000Z</time>
      </trkpt>
      <trkpt lat="40.07682721852763" lon="116.33693779886084">
        <ele>44.7</ele>
        <time>2026-08-15T10:50:02.000Z</time>
      </trkpt>
      <trkpt lat="40.07680551172909" lon="116.336921904939">
        <ele>44.7</ele>
        <time>2026-08-15T10:50:03.000Z</time>
      </trkpt>
      <trkpt lat="40.076783276133035" lon="116.33690784468176">
        <ele>44.7</ele>
        <time>2026-08-15T10:50:04.000Z</time>
      </trkpt>
      <trkpt lat="40.076760256404974" lon="116.33689578423623">
        <ele>44.7</ele>
        <time>2026-08-15T10:50:05.000Z</time>
      </trkpt>
      <trkpt lat="40.07673614776514" lon="116.33688584222296">
        <ele>44.7</ele>
        <time>2026-08-15T10:50:06.000Z</time>
      </trkpt>
      <trkpt lat="40.076710871822755" lon="116.33687772339896">
        <ele>44.7</ele>
        <time>2026-08-15T10:50:07.000Z</time>
      </trkpt>
      <trkpt lat="40.0766848003856" lon="116.33687087796363">
        <ele>44.7</ele>
        <time>2026-08-15T10:50:08.000Z</time>
      </trkpt>
      <trkpt lat="40.07665818414877" lon="116.33686534773685">
        <ele>44.7</ele>
        <time>2026-08-15T10:50:09.000Z</time>
      </trkpt>
      <trkpt lat="40.076631042193895" lon="116.33686173559774">
        <ele>44.7</ele>
        <time>2026-08-15T10:50:10.000Z</time>
      </trkpt>
      <trkpt lat="40.07660350010311" lon="116.33686035704822">
        <ele>44.7</ele>
        <time>2026-08-15T10:50:11.000Z</time>
      </trkpt>
      <trkpt lat="40.076575798135906" lon="116.33686080370136">
        <ele>44.7</ele>
        <time>2026-08-15T10:50:12.000Z</time>
      </trkpt>
      <trkpt lat="40.076548134855905" lon="116.3368623369336">
        <ele>44.7</ele>
        <time>2026-08-15T10:50:13.000Z</time>
      </trkpt>
      <trkpt lat="40.076520649682166" lon="116.33686452589244">
        <ele>44.7</ele>
        <time>2026-08-15T10:50:14.000Z</time>
      </trkpt>
      <trkpt lat="40.076493381519455" lon="116.33686727558118">
        <ele>44.7</ele>
        <time>2026-08-15T10:50:15.000Z</time>
      </trkpt>
      <trkpt lat="40.07646625860754" lon="116.33687055317355">
        <ele>44.7</ele>
        <time>2026-08-15T10:50:16.000Z</time>
      </trkpt>
      <trkpt lat="40.07643921899562" lon="116.3368741542384">
        <ele>44.7</ele>
        <time>2026-08-15T10:50:17.000Z</time>
      </trkpt>
      <trkpt lat="40.07641227622861" lon="116.33687755331016">
        <ele>44.7</ele>
        <time>2026-08-15T10:50:18.000Z</time>
      </trkpt>
      <trkpt lat="40.07638540427682" lon="116.3368804454078">
        <ele>44.7</ele>
        <time>2026-08-15T10:50:19.000Z</time>
      </trkpt>
      <trkpt lat="40.07635856311591" lon="116.33688296638442">
        <ele>44.7</ele>
        <time>2026-08-15T10:50:20.000Z</time>
      </trkpt>
      <trkpt lat="40.07633181662145" lon="116.33688544556325">
        <ele>44.6</ele>
        <time>2026-08-15T10:50:21.000Z</time>
      </trkpt>
      <trkpt lat="40.07630520791496" lon="116.33688812126574">
        <ele>44.6</ele>
        <time>2026-08-15T10:50:22.000Z</time>
      </trkpt>
      <trkpt lat="40.07627875974962" lon="116.3368909168251">
        <ele>44.6</ele>
        <time>2026-08-15T10:50:23.000Z</time>
      </trkpt>
      <trkpt lat="40.07625245250762" lon="116.33689351810841">
        <ele>44.6</ele>
        <time>2026-08-15T10:50:24.000Z</time>
      </trkpt>
      <trkpt lat="40.07622628981317" lon="116.33689588315744">
        <ele>44.6</ele>
        <time>2026-08-15T10:50:25.000Z</time>
      </trkpt>
      <trkpt lat="40.07620032291297" lon="116.3368984086025">
        <ele>44.6</ele>
        <time>2026-08-15T10:50:26.000Z</time>
      </trkpt>
      <trkpt lat="40.0761745051864" lon="116.33690142265134">
        <ele>44.6</ele>
        <time>2026-08-15T10:50:27.000Z</time>
      </trkpt>
      <trkpt lat="40.07614875751403" lon="116.33690491559295">
        <ele>44.6</ele>
        <time>2026-08-15T10:50:28.000Z</time>
      </trkpt>
      <trkpt lat="40.07612306292103" lon="116.33690860379743">
        <ele>44.6</ele>
        <time>2026-08-15T10:50:29.000Z</time>
      </trkpt>
      <trkpt lat="40.07609744482943" lon="116.33691224113517">
        <ele>44.6</ele>
        <time>2026-08-15T10:50:30.000Z</time>
      </trkpt>
      <trkpt lat="40.076071918312714" lon="116.33691561417842">
        <ele>44.6</ele>
        <time>2026-08-15T10:50:31.000Z</time>
      </trkpt>
      <trkpt lat="40.076046503891604" lon="116.33691865213436">
        <ele>44.6</ele>
        <time>2026-08-15T10:50:32.000Z</time>
      </trkpt>
      <trkpt lat="40.076021306532205" lon="116.33692157784053">
        <ele>44.6</ele>
        <time>2026-08-15T10:50:33.000Z</time>
      </trkpt>
      <trkpt lat="40.07599636899497" lon="116.33692468930953">
        <ele>44.6</ele>
        <time>2026-08-15T10:50:34.000Z</time>
      </trkpt>
      <trkpt lat="40.07597163235282" lon="116.33692801666014">
        <ele>44.6</ele>
        <time>2026-08-15T10:50:35.000Z</time>
      </trkpt>
      <trkpt lat="40.07594703847228" lon="116.33693120840897">
        <ele>44.6</ele>
        <time>2026-08-15T10:50:36.000Z</time>
      </trkpt>
      <trkpt lat="40.07592255410477" lon="116.33693386050042">
        <ele>44.6</ele>
        <time>2026-08-15T10:50:37.000Z</time>
      </trkpt>
      <trkpt lat="40.075898118199774" lon="116.3369357312342">
        <ele>44.6</ele>
        <time>2026-08-15T10:50:38.000Z</time>
      </trkpt>
      <trkpt lat="40.07587366423193" lon="116.33693675035003">
        <ele>44.6</ele>
        <time>2026-08-15T10:50:39.000Z</time>
      </trkpt>
      <trkpt lat="40.07584924322513" lon="116.33693706612927">
        <ele>44.6</ele>
        <time>2026-08-15T10:50:40.000Z</time>
      </trkpt>
      <trkpt lat="40.07582494442645" lon="116.33693678163738">
        <ele>44.6</ele>
        <time>2026-08-15T10:50:41.000Z</time>
      </trkpt>
      <trkpt lat="40.075800919532604" lon="116.33693580510602">
        <ele>44.6</ele>
        <time>2026-08-15T10:50:42.000Z</time>
      </trkpt>
      <trkpt lat="40.07577726446163" lon="116.33693423674866">
        <ele>44.6</ele>
        <time>2026-08-15T10:50:43.000Z</time>
      </trkpt>
      <trkpt lat="40.0757538716652" lon="116.33693241024385">
        <ele>44.6</ele>
        <time>2026-08-15T10:50:44.000Z</time>
      </trkpt>
      <trkpt lat="40.07573061719197" lon="116.33693069802288">
        <ele>44.6</ele>
        <time>2026-08-15T10:50:45.000Z</time>
      </trkpt>
      <trkpt lat="40.07570743743277" lon="116.33692960253714">
        <ele>44.6</ele>
        <time>2026-08-15T10:50:46.000Z</time>
      </trkpt>
      <trkpt lat="40.07568430894064" lon="116.3369296354136">
        <ele>44.6</ele>
        <time>2026-08-15T10:50:47.000Z</time>
      </trkpt>
      <trkpt lat="40.075661310732" lon="116.33693112820625">
        <ele>44.6</ele>
        <time>2026-08-15T10:50:48.000Z</time>
      </trkpt>
      <trkpt lat="40.07563864969382" lon="116.33693407400818">
        <ele>44.6</ele>
        <time>2026-08-15T10:50:49.000Z</time>
      </trkpt>
      <trkpt lat="40.07561666373519" lon="116.33693786983663">
        <ele>44.6</ele>
        <time>2026-08-15T10:50:50.000Z</time>
      </trkpt>
      <trkpt lat="40.0755960729711" lon="116.33694186237562">
        <ele>44.6</ele>
        <time>2026-08-15T10:50:51.000Z</time>
      </trkpt>
      <trkpt lat="40.075577490515265" lon="116.33694631683187">
        <ele>44.6</ele>
        <time>2026-08-15T10:50:52.000Z</time>
      </trkpt>
      <trkpt lat="40.07556100241752" lon="116.33695206115303">
        <ele>44.6</ele>
        <time>2026-08-15T10:50:53.000Z</time>
      </trkpt>
      <trkpt lat="40.07554657199714" lon="116.33695983115359">
        <ele>44.6</ele>
        <time>2026-08-15T10:50:54.000Z</time>
      </trkpt>
      <trkpt lat="40.07553417376236" lon="116.33697018803024">
        <ele>44.6</ele>
        <time>2026-08-15T10:50:55.000Z</time>
      </trkpt>
      <trkpt lat="40.075523565752704" lon="116.33698326823126">
        <ele>44.6</ele>
        <time>2026-08-15T10:50:56.000Z</time>
      </trkpt>
      <trkpt lat="40.07551412123906" lon="116.33699901651897">
        <ele>44.6</ele>
        <time>2026-08-15T10:50:57.000Z</time>
      </trkpt>
      <trkpt lat="40.075505228102365" lon="116.33701735396792">
        <ele>44.6</ele>
        <time>2026-08-15T10:50:58.000Z</time>
      </trkpt>
      <trkpt lat="40.075496423146" lon="116.3370379758455">
        <ele>44.6</ele>
        <time>2026-08-15T10:50:59.000Z</time>
      </trkpt>
      <trkpt lat="40.07548695512216" lon="116.33706058361885">
        <ele>44.6</ele>
        <time>2026-08-15T10:51:00.000Z</time>
      </trkpt>
      <trkpt lat="40.07547677579285" lon="116.33708507886993">
        <ele>44.6</ele>
        <time>2026-08-15T10:51:01.000Z</time>
      </trkpt>
      <trkpt lat="40.075466791784606" lon="116.33711144652028">
        <ele>44.6</ele>
        <time>2026-08-15T10:51:02.000Z</time>
      </trkpt>
      <trkpt lat="40.07545791926151" lon="116.3371396978923">
        <ele>44.6</ele>
        <time>2026-08-15T10:51:03.000Z</time>
      </trkpt>
      <trkpt lat="40.07545074635102" lon="116.33716963698986">
        <ele>44.6</ele>
        <time>2026-08-15T10:51:04.000Z</time>
      </trkpt>
      <trkpt lat="40.07544539005428" lon="116.33720089680577">
        <ele>44.6</ele>
        <time>2026-08-15T10:51:05.000Z</time>
      </trkpt>
      <trkpt lat="40.07544183114086" lon="116.33723322302825">
        <ele>44.6</ele>
        <time>2026-08-15T10:51:06.000Z</time>
      </trkpt>
      <trkpt lat="40.07543999829947" lon="116.3372664059796">
        <ele>44.6</ele>
        <time>2026-08-15T10:51:07.000Z</time>
      </trkpt>
      <trkpt lat="40.075439841700565" lon="116.33730023328117">
        <ele>44.6</ele>
        <time>2026-08-15T10:51:08.000Z</time>
      </trkpt>
      <trkpt lat="40.07544143238279" lon="116.33733449999201">
        <ele>44.6</ele>
        <time>2026-08-15T10:51:09.000Z</time>
      </trkpt>
      <trkpt lat="40.07544467666027" lon="116.3373689183947">
        <ele>44.6</ele>
        <time>2026-08-15T10:51:10.000Z</time>
      </trkpt>
      <trkpt lat="40.07544928616078" lon="116.33740324345942">
        <ele>44.6</ele>
        <time>2026-08-15T10:51:11.000Z</time>
      </trkpt>
      <trkpt lat="40.07545497814329" lon="116.3374373049656">
        <ele>44.6</ele>
        <time>2026-08-15T10:51:12.000Z</time>
      </trkpt>
      <trkpt lat="40.0754617904257" lon="116.33747090485123">
        <ele>44.6</ele>
        <time>2026-08-15T10:51:13.000Z</time>
      </trkpt>
      <trkpt lat="40.07547001035075" lon="116.3375039288322">
        <ele>44.6</ele>
        <time>2026-08-15T10:51:14.000Z</time>
      </trkpt>
      <trkpt lat="40.07547974982908" lon="116.33753636211999">
        <ele>44.6</ele>
        <time>2026-08-15T10:51:15.000Z</time>
      </trkpt>
      <trkpt lat="40.07549081160263" lon="116.3375682293293">
        <ele>44.6</ele>
        <time>2026-08-15T10:51:16.000Z</time>
      </trkpt>
      <trkpt lat="40.075503062361655" lon="116.33759940610835">
        <ele>44.7</ele>
        <time>2026-08-15T10:51:17.000Z</time>
      </trkpt>
      <trkpt lat="40.07551663189668" lon="116.33762953790568">
        <ele>44.7</ele>
        <time>2026-08-15T10:51:18.000Z</time>
      </trkpt>
      <trkpt lat="40.07553163467654" lon="116.33765818745528">
        <ele>44.7</ele>
        <time>2026-08-15T10:51:19.000Z</time>
      </trkpt>
      <trkpt lat="40.075548082527" lon="116.33768510623918">
        <ele>44.7</ele>
        <time>2026-08-15T10:51:20.000Z</time>
      </trkpt>
      <trkpt lat="40.075565830082624" lon="116.33771033130277">
        <ele>44.7</ele>
        <time>2026-08-15T10:51:21.000Z</time>
      </trkpt>
      <trkpt lat="40.07558461849161" lon="116.33773407264215">
        <ele>44.7</ele>
        <time>2026-08-15T10:51:22.000Z</time>
      </trkpt>
      <trkpt lat="40.075604288562694" lon="116.33775633258884">
        <ele>44.7</ele>
        <time>2026-08-15T10:51:23.000Z</time>
      </trkpt>
      <trkpt lat="40.07562478712468" lon="116.33777687341164">
        <ele>44.7</ele>
        <time>2026-08-15T10:51:24.000Z</time>
      </trkpt>
      <trkpt lat="40.075646095945906" lon="116.33779552780963">
        <ele>44.7</ele>
        <time>2026-08-15T10:51:25.000Z</time>
      </trkpt>
      <trkpt lat="40.07566804560479" lon="116.33781231501416">
        <ele>44.7</ele>
        <time>2026-08-15T10:51:26.000Z</time>
      </trkpt>
      <trkpt lat="40.07569037741233" lon="116.33782730079683">
        <ele>44.7</ele>
        <time>2026-08-15T10:51:27.000Z</time>
      </trkpt>
      <trkpt lat="40.0757130486952" lon="116.3378403077625">
        <ele>44.7</ele>
        <time>2026-08-15T10:51:28.000Z</time>
      </trkpt>
      <trkpt lat="40.07573614847083" lon="116.33785104311869">
        <ele>44.7</ele>
        <time>2026-08-15T10:51:29.000Z</time>
      </trkpt>
      <trkpt lat="40.07575971980732" lon="116.33785940967459">
        <ele>44.7</ele>
        <time>2026-08-15T10:51:30.000Z</time>
      </trkpt>
      <trkpt lat="40.0757837925764" lon="116.3378655261713">
        <ele>44.7</ele>
        <time>2026-08-15T10:51:31.000Z</time>
      </trkpt>
      <trkpt lat="40.07580826959225" lon="116.33786968333631">
        <ele>44.7</ele>
        <time>2026-08-15T10:51:32.000Z</time>
      </trkpt>
      <trkpt lat="40.075832945269546" lon="116.33787224946828">
        <ele>44.7</ele>
        <time>2026-08-15T10:51:33.000Z</time>
      </trkpt>
      <trkpt lat="40.07585792935142" lon="116.33787338014778">
        <ele>44.7</ele>
        <time>2026-08-15T10:51:34.000Z</time>
      </trkpt>
      <trkpt lat="40.07588337774712" lon="116.33787301294839">
        <ele>44.7</ele>
        <time>2026-08-15T10:51:35.000Z</time>
      </trkpt>
      <trkpt lat="40.07590904998548" lon="116.33787133234742">
        <ele>44.7</ele>
        <time>2026-08-15T10:51:36.000Z</time>
      </trkpt>
      <trkpt lat="40.07593451597491" lon="116.33786883643853">
        <ele>44.7</ele>
        <time>2026-08-15T10:51:37.000Z</time>
      </trkpt>
      <trkpt lat="40.07595949697949" lon="116.33786583335117">
        <ele>44.7</ele>
        <time>2026-08-15T10:51:38.000Z</time>
      </trkpt>
      <trkpt lat="40.075983927474795" lon="116.33786225197737">
        <ele>44.7</ele>
        <time>2026-08-15T10:51:39.000Z</time>
      </trkpt>
      <trkpt lat="40.07600794972572" lon="116.33785791913469">
        <ele>44.6</ele>
        <time>2026-08-15T10:51:40.000Z</time>
      </trkpt>
      <trkpt lat="40.07603186668502" lon="116.33785274844553">
        <ele>44.6</ele>
        <time>2026-08-15T10:51:41.000Z</time>
      </trkpt>
      <trkpt lat="40.07605583612027" lon="116.33784676508856">
        <ele>44.6</ele>
        <time>2026-08-15T10:51:42.000Z</time>
      </trkpt>
      <trkpt lat="40.07607991630136" lon="116.33784084041856">
        <ele>44.6</ele>
        <time>2026-08-15T10:51:43.000Z</time>
      </trkpt>
      <trkpt lat="40.076104026972075" lon="116.33783638644738">
        <ele>44.6</ele>
        <time>2026-08-15T10:51:44.000Z</time>
      </trkpt>
      <trkpt lat="40.076127928187056" lon="116.33783440277634">
        <ele>44.6</ele>
        <time>2026-08-15T10:51:45.000Z</time>
      </trkpt>
      <trkpt lat="40.07615147549837" lon="116.33783487133371">
        <ele>44.6</ele>
        <time>2026-08-15T10:51:46.000Z</time>
      </trkpt>
      <trkpt lat="40.076174674768204" lon="116.33783674609172">
        <ele>44.6</ele>
        <time>2026-08-15T10:51:47.000Z</time>
      </trkpt>
      <trkpt lat="40.07619763307811" lon="116.33783882945504">
        <ele>44.6</ele>
        <time>2026-08-15T10:51:48.000Z</time>
      </trkpt>
      <trkpt lat="40.07622049456863" lon="116.33784034349804">
        <ele>44.6</ele>
        <time>2026-08-15T10:51:49.000Z</time>
      </trkpt>
      <trkpt lat="40.076243448986574" lon="116.33784108468403">
        <ele>44.6</ele>
        <time>2026-08-15T10:51:50.000Z</time>
      </trkpt>
      <trkpt lat="40.07626661176802" lon="116.33784117716456">
        <ele>44.6</ele>
        <time>2026-08-15T10:51:51.000Z</time>
      </trkpt>
      <trkpt lat="40.07628999697123" lon="116.33784077770943">
        <ele>44.7</ele>
        <time>2026-08-15T10:51:52.000Z</time>
      </trkpt>
      <trkpt lat="40.07631350048357" lon="116.3378401013714">
        <ele>44.7</ele>
        <time>2026-08-15T10:51:53.000Z</time>
      </trkpt>
      <trkpt lat="40.07633685936645" lon="116.33783923822031">
        <ele>44.7</ele>
        <time>2026-08-15T10:51:54.000Z</time>
      </trkpt>
      <trkpt lat="40.07635996110029" lon="116.33783798264461">
        <ele>44.7</ele>
        <time>2026-08-15T10:51:55.000Z</time>
      </trkpt>
      <trkpt lat="40.076382815295126" lon="116.33783630132513">
        <ele>44.7</ele>
        <time>2026-08-15T10:51:56.000Z</time>
      </trkpt>
      <trkpt lat="40.07640529452328" lon="116.33783442559863">
        <ele>44.7</ele>
        <time>2026-08-15T10:51:57.000Z</time>
      </trkpt>
      <trkpt lat="40.07642735323462" lon="116.33783264439671">
        <ele>44.7</ele>
        <time>2026-08-15T10:51:58.000Z</time>
      </trkpt>
      <trkpt lat="40.076449077778754" lon="116.33783102798472">
        <ele>44.7</ele>
        <time>2026-08-15T10:51:59.000Z</time>
      </trkpt>
      <trkpt lat="40.076470539389796" lon="116.33782944734772">
        <ele>44.7</ele>
        <time>2026-08-15T10:52:00.000Z</time>
      </trkpt>
      <trkpt lat="40.07649189029294" lon="116.33782790936935">
        <ele>44.7</ele>
        <time>2026-08-15T10:52:01.000Z</time>
      </trkpt>
      <trkpt lat="40.0765132972376" lon="116.33782679019316">
        <ele>44.7</ele>
        <time>2026-08-15T10:52:02.000Z</time>
      </trkpt>
      <trkpt lat="40.07653485992775" lon="116.33782653222214">
        <ele>44.7</ele>
        <time>2026-08-15T10:52:03.000Z</time>
      </trkpt>
      <trkpt lat="40.0765565199837" lon="116.33782735436463">
        <ele>44.7</ele>
        <time>2026-08-15T10:52:04.000Z</time>
      </trkpt>
      <trkpt lat="40.07657810229844" lon="116.33782925474425">
        <ele>44.7</ele>
        <time>2026-08-15T10:52:05.000Z</time>
      </trkpt>
      <trkpt lat="40.07659947714852" lon="116.33783206233011">
        <ele>44.7</ele>
        <time>2026-08-15T10:52:06.000Z</time>
      </trkpt>
      <trkpt lat="40.076620574183394" lon="116.33783563683807">
        <ele>44.7</ele>
        <time>2026-08-15T10:52:07.000Z</time>
      </trkpt>
      <trkpt lat="40.07664136826127" lon="116.3378398080221">
        <ele>44.7</ele>
        <time>2026-08-15T10:52:08.000Z</time>
      </trkpt>
      <trkpt lat="40.07666167577944" lon="116.33784421366421">
        <ele>44.7</ele>
        <time>2026-08-15T10:52:09.000Z</time>
      </trkpt>
      <trkpt lat="40.07668145780171" lon="116.3378483314596">
        <ele>44.7</ele>
        <time>2026-08-15T10:52:10.000Z</time>
      </trkpt>
      <trkpt lat="40.07670134857786" lon="116.33785134674918">
        <ele>44.7</ele>
        <time>2026-08-15T10:52:11.000Z</time>
      </trkpt>
      <trkpt lat="40.07672167045185" lon="116.33785217835715">
        <ele>44.7</ele>
        <time>2026-08-15T10:52:12.000Z</time>
      </trkpt>
      <trkpt lat="40.076742127965346" lon="116.33784975673068">
        <ele>44.7</ele>
        <time>2026-08-15T10:52:13.000Z</time>
      </trkpt>
      <trkpt lat="40.076762472287086" lon="116.33784330911405">
        <ele>44.7</ele>
        <time>2026-08-15T10:52:14.000Z</time>
      </trkpt>
      <trkpt lat="40.076782590425985" lon="116.33783309842384">
        <ele>44.7</ele>
        <time>2026-08-15T10:52:15.000Z</time>
      </trkpt>
      <trkpt lat="40.076802530509475" lon="116.33782028301931">
        <ele>44.7</ele>
        <time>2026-08-15T10:52:16.000Z</time>
      </trkpt>
      <trkpt lat="40.076822258119314" lon="116.33780592499872">
        <ele>44.7</ele>
        <time>2026-08-15T10:52:17.000Z</time>
      </trkpt>
      <trkpt lat="40.07684163328906" lon="116.33779058873426">
        <ele>44.7</ele>
        <time>2026-08-15T10:52:18.000Z</time>
      </trkpt>
      <trkpt lat="40.0768604173178" lon="116.33777438532462">
        <ele>44.7</ele>
        <time>2026-08-15T10:52:19.000Z</time>
      </trkpt>
      <trkpt lat="40.076878216964914" lon="116.337756862153">
        <ele>44.7</ele>
        <time>2026-08-15T10:52:20.000Z</time>
      </trkpt>
      <trkpt lat="40.07689473887403" lon="116.33773745347654">
        <ele>44.7</ele>
        <time>2026-08-15T10:52:21.000Z</time>
      </trkpt>
      <trkpt lat="40.07690991264421" lon="116.33771599580072">
        <ele>44.7</ele>
        <time>2026-08-15T10:52:22.000Z</time>
      </trkpt>
      <trkpt lat="40.07692381574834" lon="116.33769246472632">
        <ele>44.7</ele>
        <time>2026-08-15T10:52:23.000Z</time>
      </trkpt>
      <trkpt lat="40.07693666274831" lon="116.33766708261949">
        <ele>44.7</ele>
        <time>2026-08-15T10:52:24.000Z</time>
      </trkpt>
      <trkpt lat="40.076948653554176" lon="116.33764041874775">
        <ele>44.7</ele>
        <time>2026-08-15T10:52:25.000Z</time>
      </trkpt>
      <trkpt lat="40.076959967039954" lon="116.33761309241669">
        <ele>44.7</ele>
        <time>2026-08-15T10:52:26.000Z</time>
      </trkpt>
      <trkpt lat="40.07697070141099" lon="116.33758552554517">
        <ele>44.7</ele>
        <time>2026-08-15T10:52:27.000Z</time>
      </trkpt>
      <trkpt lat="40.07698092098782" lon="116.33755789704799">
        <ele>44.6</ele>
        <time>2026-08-15T10:52:28.000Z</time>
      </trkpt>
      <trkpt lat="40.07699034723441" lon="116.33752993560829">
        <ele>44.6</ele>
        <time>2026-08-15T10:52:29.000Z</time>
      </trkpt>
      <trkpt lat="40.076998454514644" lon="116.3375012177365">
        <ele>44.6</ele>
        <time>2026-08-15T10:52:30.000Z</time>
      </trkpt>
      <trkpt lat="40.07700489288631" lon="116.33747154493162">
        <ele>44.6</ele>
        <time>2026-08-15T10:52:31.000Z</time>
      </trkpt>
      <trkpt lat="40.077009631421014" lon="116.33744111625138">
        <ele>44.6</ele>
        <time>2026-08-15T10:52:32.000Z</time>
      </trkpt>
      <trkpt lat="40.07701293689419" lon="116.3374104312302">
        <ele>44.6</ele>
        <time>2026-08-15T10:52:33.000Z</time>
      </trkpt>
      <trkpt lat="40.077014786666965" lon="116.33737972368891">
        <ele>44.6</ele>
        <time>2026-08-15T10:52:34.000Z</time>
      </trkpt>
      <trkpt lat="40.07701487047698" lon="116.3373490379048">
        <ele>44.6</ele>
        <time>2026-08-15T10:52:35.000Z</time>
      </trkpt>
      <trkpt lat="40.07701286423052" lon="116.33731849512644">
        <ele>44.6</ele>
        <time>2026-08-15T10:52:36.000Z</time>
      </trkpt>
      <trkpt lat="40.07700838745477" lon="116.33728831014191">
        <ele>44.6</ele>
        <time>2026-08-15T10:52:37.000Z</time>
      </trkpt>
      <trkpt lat="40.07700123914885" lon="116.33725871680295">
        <ele>44.6</ele>
        <time>2026-08-15T10:52:38.000Z</time>
      </trkpt>
      <trkpt lat="40.0769918353184" lon="116.337229754574">
        <ele>44.6</ele>
        <time>2026-08-15T10:52:39.000Z</time>
      </trkpt>
      <trkpt lat="40.07698100919014" lon="116.33720134773762">
        <ele>44.6</ele>
        <time>2026-08-15T10:52:40.000Z</time>
      </trkpt>
      <trkpt lat="40.076969790475665" lon="116.3371733632966">
        <ele>44.6</ele>
        <time>2026-08-15T10:52:41.000Z</time>
      </trkpt>
      <trkpt lat="40.07695892016093" lon="116.33714561561888">
        <ele>44.6</ele>
        <time>2026-08-15T10:52:42.000Z</time>
        <extensions>
  <gpxtpx:TrackPointExtension>
    <gpxtpx:hr>170</gpxtpx:hr>
  </gpxtpx:TrackPointExtension>
</extensions>
      </trkpt>
      <trkpt lat="40.076948269326934" lon="116.33711803114126">
        <ele>44.5</ele>
        <time>2026-08-15T10:52:43.000Z</time>
        <extensions>
  <gpxtpx:TrackPointExtension>
    <gpxtpx:hr>170</gpxtpx:hr>
  </gpxtpx:TrackPointExtension>
</extensions>
      </trkpt>
      <trkpt lat="40.07693719548909" lon="116.33709087300107">
        <ele>44.5</ele>
        <time>2026-08-15T10:52:44.000Z</time>
        <extensions>
  <gpxtpx:TrackPointExtension>
    <gpxtpx:hr>170</gpxtpx:hr>
  </gpxtpx:TrackPointExtension>
</extensions>
      </trkpt>
      <trkpt lat="40.07692512510696" lon="116.33706463832087">
        <ele>44.5</ele>
        <time>2026-08-15T10:52:45.000Z</time>
        <extensions>
  <gpxtpx:TrackPointExtension>
    <gpxtpx:hr>170</gpxtpx:hr>
  </gpxtpx:TrackPointExtension>
</extensions>
      </trkpt>
      <trkpt lat="40.0769115759805" lon="116.33703984090823">
        <ele>44.5</ele>
        <time>2026-08-15T10:52:46.000Z</time>
        <extensions>
  <gpxtpx:TrackPointExtension>
    <gpxtpx:hr>170</gpxtpx:hr>
  </gpxtpx:TrackPointExtension>
</extensions>
      </trkpt>
      <trkpt lat="40.0768965104491" lon="116.33701671887121">
        <ele>44.5</ele>
        <time>2026-08-15T10:52:47.000Z</time>
        <extensions>
  <gpxtpx:TrackPointExtension>
    <gpxtpx:hr>170</gpxtpx:hr>
  </gpxtpx:TrackPointExtension>
</extensions>
      </trkpt>
      <trkpt lat="40.076880360784116" lon="116.33699506578768">
        <ele>44.5</ele>
        <time>2026-08-15T10:52:48.000Z</time>
        <extensions>
  <gpxtpx:TrackPointExtension>
    <gpxtpx:hr>170</gpxtpx:hr>
  </gpxtpx:TrackPointExtension>
</extensions>
      </trkpt>
      <trkpt lat="40.07686351388666" lon="116.33697480469101">
        <ele>44.5</ele>
        <time>2026-08-15T10:52:49.000Z</time>
        <extensions>
  <gpxtpx:TrackPointExtension>
    <gpxtpx:hr>170</gpxtpx:hr>
  </gpxtpx:TrackPointExtension>
</extensions>
      </trkpt>
      <trkpt lat="40.07684608083015" lon="116.33695606271912">
        <ele>44.5</ele>
        <time>2026-08-15T10:52:50.000Z</time>
        <extensions>
  <gpxtpx:TrackPointExtension>
    <gpxtpx:hr>170</gpxtpx:hr>
  </gpxtpx:TrackPointExtension>
</extensions>
      </trkpt>
      <trkpt lat="40.07682783057931" lon="116.33693908127829">
        <ele>44.5</ele>
        <time>2026-08-15T10:52:51.000Z</time>
        <extensions>
  <gpxtpx:TrackPointExtension>
    <gpxtpx:hr>170</gpxtpx:hr>
  </gpxtpx:TrackPointExtension>
</extensions>
      </trkpt>
      <trkpt lat="40.07680846124255" lon="116.33692421643566">
        <ele>44.5</ele>
        <time>2026-08-15T10:52:52.000Z</time>
      </trkpt>
      <trkpt lat="40.076787975368006" lon="116.33691165416579">
        <ele>44.5</ele>
        <time>2026-08-15T10:52:53.000Z</time>
      </trkpt>
      <trkpt lat="40.07676664988852" lon="116.33690114673865">
        <ele>44.5</ele>
        <time>2026-08-15T10:52:54.000Z</time>
      </trkpt>
      <trkpt lat="40.07674481538718" lon="116.33689222621501">
        <ele>44.5</ele>
        <time>2026-08-15T10:52:55.000Z</time>
      </trkpt>
      <trkpt lat="40.07672263790615" lon="116.33688461604692">
        <ele>44.5</ele>
        <time>2026-08-15T10:52:56.000Z</time>
      </trkpt>
      <trkpt lat="40.076700020949104" lon="116.3368783583476">
        <ele>44.5</ele>
        <time>2026-08-15T10:52:57.000Z</time>
      </trkpt>
      <trkpt lat="40.0766768590829" lon="116.33687372493158">
        <ele>44.5</ele>
        <time>2026-08-15T10:52:58.000Z</time>
      </trkpt>
      <trkpt lat="40.0766533630409" lon="116.33687071371469">
        <ele>44.5</ele>
        <time>2026-08-15T10:52:59.000Z</time>
      </trkpt>
      <trkpt lat="40.07662965404012" lon="116.3368691815506">
        <ele>44.5</ele>
        <time>2026-08-15T10:53:00.000Z</time>
      </trkpt>
      <trkpt lat="40.076605658161775" lon="116.33686895127886">
        <ele>44.5</ele>
        <time>2026-08-15T10:53:01.000Z</time>
      </trkpt>
      <trkpt lat="40.076581365946495" lon="116.33686956177962">
        <ele>44.5</ele>
        <time>2026-08-15T10:53:02.000Z</time>
      </trkpt>
      <trkpt lat="40.07655678461172" lon="116.33687064618913">
        <ele>44.5</ele>
        <time>2026-08-15T10:53:03.000Z</time>
      </trkpt>
      <trkpt lat="40.0765320235375" lon="116.33687236467657">
        <ele>44.5</ele>
        <time>2026-08-15T10:53:04.000Z</time>
      </trkpt>
      <trkpt lat="40.07650725834038" lon="116.33687505766386">
        <ele>44.5</ele>
        <time>2026-08-15T10:53:05.000Z</time>
      </trkpt>
      <trkpt lat="40.076482615506876" lon="116.33687864203527">
        <ele>44.5</ele>
        <time>2026-08-15T10:53:06.000Z</time>
      </trkpt>
      <trkpt lat="40.07645805774551" lon="116.33688273944054">
        <ele>44.5</ele>
        <time>2026-08-15T10:53:07.000Z</time>
      </trkpt>
      <trkpt lat="40.07643348587469" lon="116.33688688278228">
        <ele>44.5</ele>
        <time>2026-08-15T10:53:08.000Z</time>
      </trkpt>
      <trkpt lat="40.07640884580772" lon="116.33689065849399">
        <ele>44.5</ele>
        <time>2026-08-15T10:53:09.000Z</time>
      </trkpt>
      <trkpt lat="40.076384176289885" lon="116.33689377813282">
        <ele>44.5</ele>
        <time>2026-08-15T10:53:10.000Z</time>
      </trkpt>
      <trkpt lat="40.07635954865837" lon="116.33689598265805">
        <ele>44.5</ele>
        <time>2026-08-15T10:53:11.000Z</time>
      </trkpt>
      <trkpt lat="40.07633504437532" lon="116.33689717615681">
        <ele>44.5</ele>
        <time>2026-08-15T10:53:12.000Z</time>
      </trkpt>
      <trkpt lat="40.07631073578577" lon="116.33689789896837">
        <ele>44.5</ele>
        <time>2026-08-15T10:53:13.000Z</time>
      </trkpt>
      <trkpt lat="40.07628666438102" lon="116.33689881588568">
        <ele>44.5</ele>
        <time>2026-08-15T10:53:14.000Z</time>
      </trkpt>
      <trkpt lat="40.07626296669688" lon="116.33690009190907">
        <ele>44.4</ele>
        <time>2026-08-15T10:53:15.000Z</time>
      </trkpt>
      <trkpt lat="40.076239550731295" lon="116.33690157845035">
        <ele>44.4</ele>
        <time>2026-08-15T10:53:16.000Z</time>
      </trkpt>
      <trkpt lat="40.07621610493942" lon="116.33690298609525">
        <ele>44.4</ele>
        <time>2026-08-15T10:53:17.000Z</time>
      </trkpt>
      <trkpt lat="40.07619249723942" lon="116.3369042677547">
        <ele>44.4</ele>
        <time>2026-08-15T10:53:18.000Z</time>
      </trkpt>
      <trkpt lat="40.07616875007182" lon="116.33690573806493">
        <ele>44.4</ele>
        <time>2026-08-15T10:53:19.000Z</time>
      </trkpt>
      <trkpt lat="40.07614496059575" lon="116.33690766556799">
        <ele>44.4</ele>
        <time>2026-08-15T10:53:20.000Z</time>
      </trkpt>
      <trkpt lat="40.07612124103167" lon="116.33691012434703">
        <ele>44.4</ele>
        <time>2026-08-15T10:53:21.000Z</time>
      </trkpt>
      <trkpt lat="40.07609767805398" lon="116.33691296880555">
        <ele>44.4</ele>
        <time>2026-08-15T10:53:22.000Z</time>
      </trkpt>
      <trkpt lat="40.07607431632722" lon="116.33691588632281">
        <ele>44.4</ele>
        <time>2026-08-15T10:53:23.000Z</time>
      </trkpt>
      <trkpt lat="40.076051127518255" lon="116.33691826266134">
        <ele>44.4</ele>
        <time>2026-08-15T10:53:24.000Z</time>
      </trkpt>
      <trkpt lat="40.076028122353186" lon="116.33691982180767">
        <ele>44.4</ele>
        <time>2026-08-15T10:53:25.000Z</time>
      </trkpt>
      <trkpt lat="40.07600538031609" lon="116.33692099132104">
        <ele>44.4</ele>
        <time>2026-08-15T10:53:26.000Z</time>
      </trkpt>
      <trkpt lat="40.07598285389583" lon="116.33692244006392">
        <ele>44.4</ele>
        <time>2026-08-15T10:53:27.000Z</time>
      </trkpt>
      <trkpt lat="40.0759604384472" lon="116.33692456921686">
        <ele>44.4</ele>
        <time>2026-08-15T10:53:28.000Z</time>
      </trkpt>
      <trkpt lat="40.07593810650561" lon="116.33692719239656">
        <ele>44.4</ele>
        <time>2026-08-15T10:53:29.000Z</time>
      </trkpt>
      <trkpt lat="40.07591579272108" lon="116.33692991325286">
        <ele>44.4</ele>
        <time>2026-08-15T10:53:30.000Z</time>
      </trkpt>
      <trkpt lat="40.075893413644245" lon="116.33693252150628">
        <ele>44.4</ele>
        <time>2026-08-15T10:53:31.000Z</time>
      </trkpt>
      <trkpt lat="40.07587096340011" lon="116.336934752537">
        <ele>44.4</ele>
        <time>2026-08-15T10:53:32.000Z</time>
      </trkpt>
      <trkpt lat="40.07584845107619" lon="116.33693603384022">
        <ele>44.4</ele>
        <time>2026-08-15T10:53:33.000Z</time>
      </trkpt>
      <trkpt lat="40.075825876710525" lon="116.33693598507372">
        <ele>44.4</ele>
        <time>2026-08-15T10:53:34.000Z</time>
      </trkpt>
      <trkpt lat="40.07580327692934" lon="116.33693473798884">
        <ele>44.4</ele>
        <time>2026-08-15T10:53:35.000Z</time>
      </trkpt>
      <trkpt lat="40.07578068417056" lon="116.33693310577769">
        <ele>44.4</ele>
        <time>2026-08-15T10:53:36.000Z</time>
      </trkpt>
      <trkpt lat="40.0757580765926" lon="116.33693222315524">
        <ele>44.4</ele>
        <time>2026-08-15T10:53:37.000Z</time>
      </trkpt>
      <trkpt lat="40.07573549423045" lon="116.33693270776013">
        <ele>44.4</ele>
        <time>2026-08-15T10:53:38.000Z</time>
      </trkpt>
      <trkpt lat="40.075713066345855" lon="116.33693477621493">
        <ele>44.4</ele>
        <time>2026-08-15T10:53:39.000Z</time>
      </trkpt>
      <trkpt lat="40.07569091578038" lon="116.33693852764343">
        <ele>44.4</ele>
        <time>2026-08-15T10:53:40.000Z</time>
      </trkpt>
      <trkpt lat="40.075669045294404" lon="116.33694382288024">
        <ele>44.4</ele>
        <time>2026-08-15T10:53:41.000Z</time>
      </trkpt>
      <trkpt lat="40.07564735785973" lon="116.3369504743343">
        <ele>44.4</ele>
        <time>2026-08-15T10:53:42.000Z</time>
      </trkpt>
      <trkpt lat="40.07562586393244" lon="116.33695824718863">
        <ele>44.4</ele>
        <time>2026-08-15T10:53:43.000Z</time>
      </trkpt>
      <trkpt lat="40.07560473432685" lon="116.33696689574361">
        <ele>44.4</ele>
        <time>2026-08-15T10:53:44.000Z</time>
      </trkpt>
      <trkpt lat="40.07558424847859" lon="116.3369763378853">
        <ele>44.4</ele>
        <time>2026-08-15T10:53:45.000Z</time>
      </trkpt>
      <trkpt lat="40.0755648778764" lon="116.3369867239212">
        <ele>44.4</ele>
        <time>2026-08-15T10:53:46.000Z</time>
      </trkpt>
      <trkpt lat="40.07554716139377" lon="116.33699825526303">
        <ele>44.4</ele>
        <time>2026-08-15T10:53:47.000Z</time>
      </trkpt>
      <trkpt lat="40.07553151557173" lon="116.33701130641421">
        <ele>44.4</ele>
        <time>2026-08-15T10:53:48.000Z</time>
      </trkpt>
      <trkpt lat="40.07551811556347" lon="116.33702667937891">
        <ele>44.4</ele>
        <time>2026-08-15T10:53:49.000Z</time>
      </trkpt>
      <trkpt lat="40.07550689396829" lon="116.33704487185429">
        <ele>44.4</ele>
        <time>2026-08-15T10:53:50.000Z</time>
      </trkpt>
      <trkpt lat="40.07549751868272" lon="116.3370657823283">
        <ele>44.4</ele>
        <time>2026-08-15T10:53:51.000Z</time>
      </trkpt>
      <trkpt lat="40.07548934263266" lon="116.33708901247752">
        <ele>44.4</ele>
        <time>2026-08-15T10:53:52.000Z</time>
      </trkpt>
      <trkpt lat="40.07548174276369" lon="116.33711420113592">
        <ele>44.4</ele>
        <time>2026-08-15T10:53:53.000Z</time>
      </trkpt>
      <trkpt lat="40.075474344450896" lon="116.33714141744115">
        <ele>44.4</ele>
        <time>2026-08-15T10:53:54.000Z</time>
      </trkpt>
      <trkpt lat="40.075467455780384" lon="116.33717061855826">
        <ele>44.4</ele>
        <time>2026-08-15T10:53:55.000Z</time>
      </trkpt>
      <trkpt lat="40.075461682731756" lon="116.33720139069544">
        <ele>44.4</ele>
        <time>2026-08-15T10:53:56.000Z</time>
      </trkpt>
      <trkpt lat="40.07545741607849" lon="116.33723337293641">
        <ele>44.4</ele>
        <time>2026-08-15T10:53:57.000Z</time>
      </trkpt>
      <trkpt lat="40.07545505331744" lon="116.33726616935824">
        <ele>44.4</ele>
        <time>2026-08-15T10:53:58.000Z</time>
      </trkpt>
      <trkpt lat="40.07545474556367" lon="116.33729934973123">
        <ele>44.4</ele>
        <time>2026-08-15T10:53:59.000Z</time>
      </trkpt>
      <trkpt lat="40.07545632220705" lon="116.33733262953444">
        <ele>44.4</ele>
        <time>2026-08-15T10:54:00.000Z</time>
      </trkpt>
      <trkpt lat="40.0754593581495" lon="116.33736588647987">
        <ele>44.5</ele>
        <time>2026-08-15T10:54:01.000Z</time>
      </trkpt>
      <trkpt lat="40.07546328690665" lon="116.33739906198477">
        <ele>44.5</ele>
        <time>2026-08-15T10:54:02.000Z</time>
      </trkpt>
      <trkpt lat="40.075467912963724" lon="116.33743206475089">
        <ele>44.5</ele>
        <time>2026-08-15T10:54:03.000Z</time>
      </trkpt>
      <trkpt lat="40.07547366912053" lon="116.33746467310064">
        <ele>44.5</ele>
        <time>2026-08-15T10:54:04.000Z</time>
      </trkpt>
      <trkpt lat="40.07548116914886" lon="116.33749659565872">
        <ele>44.5</ele>
        <time>2026-08-15T10:54:05.000Z</time>
      </trkpt>
      <trkpt lat="40.07549061055875" lon="116.33752767956548">
        <ele>44.5</ele>
        <time>2026-08-15T10:54:06.000Z</time>
      </trkpt>
      <trkpt lat="40.07550170683435" lon="116.33755789735503">
        <ele>44.5</ele>
        <time>2026-08-15T10:54:07.000Z</time>
      </trkpt>
      <trkpt lat="40.0755139945786" lon="116.3375872795081">
        <ele>44.5</ele>
        <time>2026-08-15T10:54:08.000Z</time>
      </trkpt>
      <trkpt lat="40.07552712140152" lon="116.33761584456495">
        <ele>44.5</ele>
        <time>2026-08-15T10:54:09.000Z</time>
      </trkpt>
      <trkpt lat="40.0755410012603" lon="116.33764352069483">
        <ele>44.4</ele>
        <time>2026-08-15T10:54:10.000Z</time>
      </trkpt>
      <trkpt lat="40.07555576794599" lon="116.33767015941203">
        <ele>44.4</ele>
        <time>2026-08-15T10:54:11.000Z</time>
      </trkpt>
      <trkpt lat="40.0755716376389" lon="116.33769551062969">
        <ele>44.4</ele>
        <time>2026-08-15T10:54:12.000Z</time>
      </trkpt>
      <trkpt lat="40.075588670861954" lon="116.33771931931584">
        <ele>44.4</ele>
        <time>2026-08-15T10:54:13.000Z</time>
      </trkpt>
      <trkpt lat="40.07560684168418" lon="116.33774146304384">
        <ele>44.4</ele>
        <time>2026-08-15T10:54:14.000Z</time>
      </trkpt>
      <trkpt lat="40.07562618855331" lon="116.33776187194326">
        <ele>44.4</ele>
        <time>2026-08-15T10:54:15.000Z</time>
      </trkpt>
      <trkpt lat="40.075646658136336" lon="116.33778058927986">
        <ele>44.4</ele>
        <time>2026-08-15T10:54:16.000Z</time>
      </trkpt>
      <trkpt lat="40.07566795616341" lon="116.33779784711368">
        <ele>44.4</ele>
        <time>2026-08-15T10:54:17.000Z</time>
      </trkpt>
      <trkpt lat="40.0756897714384" lon="116.3378137370835">
        <ele>44.4</ele>
        <time>2026-08-15T10:54:18.000Z</time>
      </trkpt>
      <trkpt lat="40.075712053508624" lon="116.33782796692468">
        <ele>44.4</ele>
        <time>2026-08-15T10:54:19.000Z</time>
      </trkpt>
      <trkpt lat="40.07573485937012" lon="116.33784021898569">
        <ele>44.4</ele>
        <time>2026-08-15T10:54:20.000Z</time>
      </trkpt>
      <trkpt lat="40.0757581295987" lon="116.33785056612776">
        <ele>44.4</ele>
        <time>2026-08-15T10:54:21.000Z</time>
      </trkpt>
      <trkpt lat="40.07578170395196" lon="116.33785934875306">
        <ele>44.4</ele>
        <time>2026-08-15T10:54:22.000Z</time>
      </trkpt>
      <trkpt lat="40.075805447068824" lon="116.33786670307438">
        <ele>44.4</ele>
        <time>2026-08-15T10:54:23.000Z</time>
      </trkpt>
      <trkpt lat="40.075829313453774" lon="116.3378723311466">
        <ele>44.4</ele>
        <time>2026-08-15T10:54:24.000Z</time>
      </trkpt>
      <trkpt lat="40.07585334439661" lon="116.33787573974354">
        <ele>44.4</ele>
        <time>2026-08-15T10:54:25.000Z</time>
      </trkpt>
      <trkpt lat="40.07587750053896" lon="116.33787691370831">
        <ele>44.4</ele>
        <time>2026-08-15T10:54:26.000Z</time>
      </trkpt>
      <trkpt lat="40.07590161108475" lon="116.33787633784486">
        <ele>44.4</ele>
        <time>2026-08-15T10:54:27.000Z</time>
      </trkpt>
      <trkpt lat="40.07592558982468" lon="116.33787441587417">
        <ele>44.4</ele>
        <time>2026-08-15T10:54:28.000Z</time>
      </trkpt>
      <trkpt lat="40.0759494273445" lon="116.33787164231634">
        <ele>44.4</ele>
        <time>2026-08-15T10:54:29.000Z</time>
      </trkpt>
      <trkpt lat="40.075973134589795" lon="116.3378684059402">
        <ele>44.4</ele>
        <time>2026-08-15T10:54:30.000Z</time>
      </trkpt>
      <trkpt lat="40.07599672536914" lon="116.33786484647663">
        <ele>44.4</ele>
        <time>2026-08-15T10:54:31.000Z</time>
      </trkpt>
      <trkpt lat="40.07602023198478" lon="116.33786138486897">
        <ele>44.4</ele>
        <time>2026-08-15T10:54:32.000Z</time>
      </trkpt>
      <trkpt lat="40.07604377196589" lon="116.33785815779922">
        <ele>44.4</ele>
        <time>2026-08-15T10:54:33.000Z</time>
      </trkpt>
      <trkpt lat="40.07606743924286" lon="116.33785494822065">
        <ele>44.4</ele>
        <time>2026-08-15T10:54:34.000Z</time>
      </trkpt>
      <trkpt lat="40.07609115366321" lon="116.33785164900166">
        <ele>44.4</ele>
        <time>2026-08-15T10:54:35.000Z</time>
      </trkpt>
      <trkpt lat="40.076114681384425" lon="116.33784824403139">
        <ele>44.4</ele>
        <time>2026-08-15T10:54:36.000Z</time>
      </trkpt>
      <trkpt lat="40.07613787712389" lon="116.33784493406824">
        <ele>44.4</ele>
        <time>2026-08-15T10:54:37.000Z</time>
      </trkpt>
      <trkpt lat="40.07616081747521" lon="116.33784213339652">
        <ele>44.4</ele>
        <time>2026-08-15T10:54:38.000Z</time>
      </trkpt>
      <trkpt lat="40.07618363082095" lon="116.33784011727722">
        <ele>44.4</ele>
        <time>2026-08-15T10:54:39.000Z</time>
      </trkpt>
      <trkpt lat="40.076206345358045" lon="116.33783872835865">
        <ele>44.4</ele>
        <time>2026-08-15T10:54:40.000Z</time>
      </trkpt>
      <trkpt lat="40.076228945914494" lon="116.33783757453187">
        <ele>44.4</ele>
        <time>2026-08-15T10:54:41.000Z</time>
      </trkpt>
      <trkpt lat="40.0762512960787" lon="116.33783647285458">
        <ele>44.4</ele>
        <time>2026-08-15T10:54:42.000Z</time>
      </trkpt>
      <trkpt lat="40.07627334096572" lon="116.33783555937286">
        <ele>44.4</ele>
        <time>2026-08-15T10:54:43.000Z</time>
      </trkpt>
      <trkpt lat="40.07629531957697" lon="116.33783480715142">
        <ele>44.4</ele>
        <time>2026-08-15T10:54:44.000Z</time>
      </trkpt>
      <trkpt lat="40.07631748658442" lon="116.33783386076782">
        <ele>44.4</ele>
        <time>2026-08-15T10:54:45.000Z</time>
      </trkpt>
      <trkpt lat="40.07634003082257" lon="116.33783250844566">
        <ele>44.4</ele>
        <time>2026-08-15T10:54:46.000Z</time>
      </trkpt>
      <trkpt lat="40.07636312310284" lon="116.33783108374747">
        <ele>44.4</ele>
        <time>2026-08-15T10:54:47.000Z</time>
      </trkpt>
      <trkpt lat="40.07638671921366" lon="116.33783019761836">
        <ele>44.4</ele>
        <time>2026-08-15T10:54:48.000Z</time>
      </trkpt>
      <trkpt lat="40.076410611796035" lon="116.33783010573259">
        <ele>44.4</ele>
        <time>2026-08-15T10:54:49.000Z</time>
      </trkpt>
      <trkpt lat="40.07643475815989" lon="116.33783030798226">
        <ele>44.4</ele>
        <time>2026-08-15T10:54:50.000Z</time>
      </trkpt>
      <trkpt lat="40.07645921180965" lon="116.33783020970161">
        <ele>44.5</ele>
        <time>2026-08-15T10:54:51.000Z</time>
      </trkpt>
      <trkpt lat="40.07648375524344" lon="116.33782981082624">
        <ele>44.5</ele>
        <time>2026-08-15T10:54:52.000Z</time>
      </trkpt>
      <trkpt lat="40.07650808915682" lon="116.33782937356725">
        <ele>44.5</ele>
        <time>2026-08-15T10:54:53.000Z</time>
      </trkpt>
      <trkpt lat="40.076532225056276" lon="116.33782901184105">
        <ele>44.5</ele>
        <time>2026-08-15T10:54:54.000Z</time>
      </trkpt>
      <trkpt lat="40.07655623018927" lon="116.33782876230097">
        <ele>44.5</ele>
        <time>2026-08-15T10:54:55.000Z</time>
      </trkpt>
      <trkpt lat="40.076579826599385" lon="116.3378287218504">
        <ele>44.5</ele>
        <time>2026-08-15T10:54:56.000Z</time>
      </trkpt>
      <trkpt lat="40.07660282692549" lon="116.33782903451747">
        <ele>44.5</ele>
        <time>2026-08-15T10:54:57.000Z</time>
      </trkpt>
      <trkpt lat="40.07662532764731" lon="116.33782993107238">
        <ele>44.5</ele>
        <time>2026-08-15T10:54:58.000Z</time>
      </trkpt>
      <trkpt lat="40.07664740420353" lon="116.33783154064854">
        <ele>44.5</ele>
        <time>2026-08-15T10:54:59.000Z</time>
      </trkpt>
      <trkpt lat="40.07666919171904" lon="116.3378335712965">
        <ele>44.5</ele>
        <time>2026-08-15T10:55:00.000Z</time>
      </trkpt>
      <trkpt lat="40.07669093916561" lon="116.33783525199868">
        <ele>44.5</ele>
        <time>2026-08-15T10:55:01.000Z</time>
      </trkpt>
      <trkpt lat="40.07671293854512" lon="116.3378356018264">
        <ele>44.5</ele>
        <time>2026-08-15T10:55:02.000Z</time>
      </trkpt>
      <trkpt lat="40.07673520773238" lon="116.3378339440155">
        <ele>44.4</ele>
        <time>2026-08-15T10:55:03.000Z</time>
      </trkpt>
      <trkpt lat="40.076757535251" lon="116.33783013260866">
        <ele>44.4</ele>
        <time>2026-08-15T10:55:04.000Z</time>
      </trkpt>
      <trkpt lat="40.07677966115943" lon="116.3378241200999">
        <ele>44.4</ele>
        <time>2026-08-15T10:55:05.000Z</time>
      </trkpt>
      <trkpt lat="40.076801344339344" lon="116.33781566202163">
        <ele>44.4</ele>
        <time>2026-08-15T10:55:06.000Z</time>
      </trkpt>
      <trkpt lat="40.07682233668671" lon="116.33780451907302">
        <ele>44.4</ele>
        <time>2026-08-15T10:55:07.000Z</time>
      </trkpt>
      <trkpt lat="40.07684245544987" lon="116.33779056132008">
        <ele>44.4</ele>
        <time>2026-08-15T10:55:08.000Z</time>
      </trkpt>
      <trkpt lat="40.07686160429602" lon="116.33777397103947">
        <ele>44.4</ele>
        <time>2026-08-15T10:55:09.000Z</time>
      </trkpt>
      <trkpt lat="40.07687973522974" lon="116.33775515432336">
        <ele>44.4</ele>
        <time>2026-08-15T10:55:10.000Z</time>
      </trkpt>
      <trkpt lat="40.07689679227338" lon="116.33773433202433">
        <ele>44.4</ele>
        <time>2026-08-15T10:55:11.000Z</time>
      </trkpt>
      <trkpt lat="40.07691272786546" lon="116.33771159994383">
        <ele>44.4</ele>
        <time>2026-08-15T10:55:12.000Z</time>
      </trkpt>
      <trkpt lat="40.076927629008054" lon="116.33768731490079">
        <ele>44.4</ele>
        <time>2026-08-15T10:55:13.000Z</time>
      </trkpt>
      <trkpt lat="40.07694154187464" lon="116.33766182559663">
        <ele>44.4</ele>
        <time>2026-08-15T10:55:14.000Z</time>
      </trkpt>
      <trkpt lat="40.07695443458057" lon="116.33763509844104">
        <ele>44.4</ele>
        <time>2026-08-15T10:55:15.000Z</time>
      </trkpt>
      <trkpt lat="40.07696634519804" lon="116.33760735624382">
        <ele>44.4</ele>
        <time>2026-08-15T10:55:16.000Z</time>
      </trkpt>
      <trkpt lat="40.07697722216364" lon="116.33757895013504">
        <ele>44.4</ele>
        <time>2026-08-15T10:55:17.000Z</time>
      </trkpt>
      <trkpt lat="40.07698678404322" lon="116.33754997501005">
        <ele>44.4</ele>
        <time>2026-08-15T10:55:18.000Z</time>
      </trkpt>
      <trkpt lat="40.07699476350888" lon="116.33752040217216">
        <ele>44.4</ele>
        <time>2026-08-15T10:55:19.000Z</time>
      </trkpt>
      <trkpt lat="40.07700132175059" lon="116.33749032484923">
        <ele>44.4</ele>
        <time>2026-08-15T10:55:20.000Z</time>
      </trkpt>
      <trkpt lat="40.07700679729729" lon="116.33745973792834">
        <ele>44.4</ele>
        <time>2026-08-15T10:55:21.000Z</time>
      </trkpt>
      <trkpt lat="40.07701112963191" lon="116.33742842746088">
        <ele>44.4</ele>
        <time>2026-08-15T10:55:22.000Z</time>
      </trkpt>
      <trkpt lat="40.077013820158236" lon="116.3373963072183">
        <ele>44.4</ele>
        <time>2026-08-15T10:55:23.000Z</time>
      </trkpt>
      <trkpt lat="40.07701467702632" lon="116.33736349901547">
        <ele>44.4</ele>
        <time>2026-08-15T10:55:24.000Z</time>
      </trkpt>
      <trkpt lat="40.077013794843374" lon="116.3373304572702">
        <ele>44.4</ele>
        <time>2026-08-15T10:55:25.000Z</time>
      </trkpt>
      <trkpt lat="40.07701110015499" lon="116.33729776824028">
        <ele>44.4</ele>
        <time>2026-08-15T10:55:26.000Z</time>
      </trkpt>
      <trkpt lat="40.077006445632094" lon="116.33726568952753">
        <ele>44.4</ele>
        <time>2026-08-15T10:55:27.000Z</time>
      </trkpt>
      <trkpt lat="40.076999658324056" lon="116.33723417351773">
        <ele>44.4</ele>
        <time>2026-08-15T10:55:28.000Z</time>
      </trkpt>
      <trkpt lat="40.076990667340034" lon="116.33720326641226">
        <ele>44.4</ele>
        <time>2026-08-15T10:55:29.000Z</time>
      </trkpt>
      <trkpt lat="40.07697937088162" lon="116.3371732685104">
        <ele>44.4</ele>
        <time>2026-08-15T10:55:30.000Z</time>
      </trkpt>
      <trkpt lat="40.07696575628556" lon="116.3371444421733">
        <ele>44.3</ele>
        <time>2026-08-15T10:55:31.000Z</time>
      </trkpt>
      <trkpt lat="40.07695015831222" lon="116.33711684761697">
        <ele>44.3</ele>
        <time>2026-08-15T10:55:32.000Z</time>
      </trkpt>
      <trkpt lat="40.076933207203126" lon="116.3370904389205">
        <ele>44.3</ele>
        <time>2026-08-15T10:55:33.000Z</time>
      </trkpt>
      <trkpt lat="40.07691554676991" lon="116.33706501645341">
        <ele>44.3</ele>
        <time>2026-08-15T10:55:34.000Z</time>
      </trkpt>
      <trkpt lat="40.07689749154629" lon="116.33704045895269">
        <ele>44.3</ele>
        <time>2026-08-15T10:55:35.000Z</time>
      </trkpt>
      <trkpt lat="40.076879075986064" lon="116.33701683627596">
        <ele>44.3</ele>
        <time>2026-08-15T10:55:36.000Z</time>
      </trkpt>
      <trkpt lat="40.07686017148154" lon="116.33699433048956">
        <ele>44.3</ele>
        <time>2026-08-15T10:55:37.000Z</time>
      </trkpt>
      <trkpt lat="40.076840646799546" lon="116.33697319590166">
        <ele>44.3</ele>
        <time>2026-08-15T10:55:38.000Z</time>
      </trkpt>
      <trkpt lat="40.07682045633527" lon="116.33695370692932">
        <ele>44.3</ele>
        <time>2026-08-15T10:55:39.000Z</time>
      </trkpt>
      <trkpt lat="40.07679961268025" lon="116.33693589256744">
        <ele>44.3</ele>
        <time>2026-08-15T10:55:40.000Z</time>
      </trkpt>
      <trkpt lat="40.07677815745576" lon="116.33691952678188">
        <ele>44.3</ele>
        <time>2026-08-15T10:55:41.000Z</time>
      </trkpt>
      <trkpt lat="40.076756059226305" lon="116.33690478034086">
        <ele>44.3</ele>
        <time>2026-08-15T10:55:42.000Z</time>
      </trkpt>
      <trkpt lat="40.076733294437936" lon="116.33689222497874">
        <ele>44.3</ele>
        <time>2026-08-15T10:55:43.000Z</time>
      </trkpt>
      <trkpt lat="40.07671008133393" lon="116.33688190799289">
        <ele>44.3</ele>
        <time>2026-08-15T10:55:44.000Z</time>
      </trkpt>
      <trkpt lat="40.076686619267335" lon="116.3368735256688">
        <ele>44.3</ele>
        <time>2026-08-15T10:55:45.000Z</time>
      </trkpt>
      <trkpt lat="40.07666282597818" lon="116.33686745822432">
        <ele>44.3</ele>
        <time>2026-08-15T10:55:46.000Z</time>
      </trkpt>
      <trkpt lat="40.07663845193314" lon="116.33686400813869">
        <ele>44.3</ele>
        <time>2026-08-15T10:55:47.000Z</time>
      </trkpt>
      <trkpt lat="40.076613410582674" lon="116.33686259981526">
        <ele>44.3</ele>
        <time>2026-08-15T10:55:48.000Z</time>
      </trkpt>
      <trkpt lat="40.07658790512007" lon="116.33686249437862">
        <ele>44.3</ele>
        <time>2026-08-15T10:55:49.000Z</time>
      </trkpt>
      <trkpt lat="40.0765621759222" lon="116.33686354573533">
        <ele>44.3</ele>
        <time>2026-08-15T10:55:50.000Z</time>
      </trkpt>
      <trkpt lat="40.0765363684933" lon="116.3368657232078">
        <ele>44.3</ele>
        <time>2026-08-15T10:55:51.000Z</time>
      </trkpt>
      <trkpt lat="40.07651054608762" lon="116.33686878962112">
        <ele>44.3</ele>
        <time>2026-08-15T10:55:52.000Z</time>
      </trkpt>
      <trkpt lat="40.07648472880876" lon="116.33687281383729">
        <ele>44.3</ele>
        <time>2026-08-15T10:55:53.000Z</time>
      </trkpt>
      <trkpt lat="40.076459068434" lon="116.3368779770458">
        <ele>44.3</ele>
        <time>2026-08-15T10:55:54.000Z</time>
      </trkpt>
      <trkpt lat="40.076433582856346" lon="116.33688413569206">
        <ele>44.3</ele>
        <time>2026-08-15T10:55:55.000Z</time>
      </trkpt>
      <trkpt lat="40.076408174060575" lon="116.33689052513883">
        <ele>44.3</ele>
        <time>2026-08-15T10:55:56.000Z</time>
      </trkpt>
      <trkpt lat="40.07638274852782" lon="116.33689626559398">
        <ele>44.3</ele>
        <time>2026-08-15T10:55:57.000Z</time>
      </trkpt>
      <trkpt lat="40.07635729333768" lon="116.33690110587362">
        <ele>44.3</ele>
        <time>2026-08-15T10:55:58.000Z</time>
      </trkpt>
      <trkpt lat="40.076331877457584" lon="116.33690524762106">
        <ele>44.4</ele>
        <time>2026-08-15T10:55:59.000Z</time>
      </trkpt>
      <trkpt lat="40.07630661394565" lon="116.33690900856455">
        <ele>44.4</ele>
        <time>2026-08-15T10:56:00.000Z</time>
      </trkpt>
      <trkpt lat="40.0762816295641" lon="116.33691261960311">
        <ele>44.4</ele>
        <time>2026-08-15T10:56:01.000Z</time>
      </trkpt>
      <trkpt lat="40.07625697633689" lon="116.3369160184145">
        <ele>44.4</ele>
        <time>2026-08-15T10:56:02.000Z</time>
      </trkpt>
      <trkpt lat="40.07623256880765" lon="116.33691900563609">
        <ele>44.4</ele>
        <time>2026-08-15T10:56:03.000Z</time>
      </trkpt>
      <trkpt lat="40.07620829426729" lon="116.33692136748218">
        <ele>44.3</ele>
        <time>2026-08-15T10:56:04.000Z</time>
      </trkpt>
      <trkpt lat="40.07618409947571" lon="116.33692271321148">
        <ele>44.3</ele>
        <time>2026-08-15T10:56:05.000Z</time>
      </trkpt>
      <trkpt lat="40.076160003626164" lon="116.3369230050719">
        <ele>44.3</ele>
        <time>2026-08-15T10:56:06.000Z</time>
      </trkpt>
      <trkpt lat="40.07613604057227" lon="116.33692302695574">
        <ele>44.3</ele>
        <time>2026-08-15T10:56:07.000Z</time>
      </trkpt>
      <trkpt lat="40.07611225295165" lon="116.3369232632437">
        <ele>44.3</ele>
        <time>2026-08-15T10:56:08.000Z</time>
      </trkpt>
      <trkpt lat="40.076088691189284" lon="116.3369234349875">
        <ele>44.3</ele>
        <time>2026-08-15T10:56:09.000Z</time>
      </trkpt>
      <trkpt lat="40.076065362477266" lon="116.33692376501064">
        <ele>44.3</ele>
        <time>2026-08-15T10:56:10.000Z</time>
      </trkpt>
      <trkpt lat="40.07604222246953" lon="116.33692482627535">
        <ele>44.2</ele>
        <time>2026-08-15T10:56:11.000Z</time>
      </trkpt>
      <trkpt lat="40.07601920947016" lon="116.33692645718013">
        <ele>44.2</ele>
        <time>2026-08-15T10:56:12.000Z</time>
      </trkpt>
      <trkpt lat="40.075996255202426" lon="116.33692823361001">
        <ele>44.2</ele>
        <time>2026-08-15T10:56:13.000Z</time>
      </trkpt>
      <trkpt lat="40.07597330582541" lon="116.33692976335061">
        <ele>44.2</ele>
        <time>2026-08-15T10:56:14.000Z</time>
      </trkpt>
      <trkpt lat="40.075950413074665" lon="116.33693063556095">
        <ele>44.2</ele>
        <time>2026-08-15T10:56:15.000Z</time>
      </trkpt>
      <trkpt lat="40.0759276432352" lon="116.33693065120525">
        <ele>44.2</ele>
        <time>2026-08-15T10:56:16.000Z</time>
      </trkpt>
      <trkpt lat="40.075904912800404" lon="116.33692972737065">
        <ele>44.2</ele>
        <time>2026-08-15T10:56:17.000Z</time>
      </trkpt>
      <trkpt lat="40.075882013879585" lon="116.33692815491236">
        <ele>44.2</ele>
        <time>2026-08-15T10:56:18.000Z</time>
      </trkpt>
      <trkpt lat="40.07585883184224" lon="116.33692650097491">
        <ele>44.2</ele>
        <time>2026-08-15T10:56:19.000Z</time>
      </trkpt>
      <trkpt lat="40.075835367753676" lon="116.33692494493108">
        <ele>44.2</ele>
        <time>2026-08-15T10:56:20.000Z</time>
      </trkpt>
      <trkpt lat="40.07581167701928" lon="116.33692349198948">
        <ele>44.2</ele>
        <time>2026-08-15T10:56:21.000Z</time>
      </trkpt>
      <trkpt lat="40.07578786091975" lon="116.33692253371889">
        <ele>44.2</ele>
        <time>2026-08-15T10:56:22.000Z</time>
      </trkpt>
      <trkpt lat="40.075763995691325" lon="116.33692268886894">
        <ele>44.2</ele>
        <time>2026-08-15T10:56:23.000Z</time>
      </trkpt>
      <trkpt lat="40.075740124279974" lon="116.3369245505962">
        <ele>44.2</ele>
        <time>2026-08-15T10:56:24.000Z</time>
      </trkpt>
      <trkpt lat="40.075716283772294" lon="116.33692838893614">
        <ele>44.2</ele>
        <time>2026-08-15T10:56:25.000Z</time>
      </trkpt>
      <trkpt lat="40.07569256769964" lon="116.33693408308008">
        <ele>44.2</ele>
        <time>2026-08-15T10:56:26.000Z</time>
      </trkpt>
      <trkpt lat="40.0756691290702" lon="116.3369414122922">
        <ele>44.2</ele>
        <time>2026-08-15T10:56:27.000Z</time>
      </trkpt>
      <trkpt lat="40.075646084355284" lon="116.33695014803067">
        <ele>44.2</ele>
        <time>2026-08-15T10:56:28.000Z</time>
      </trkpt>
      <trkpt lat="40.075623469277176" lon="116.33695998428928">
        <ele>44.2</ele>
        <time>2026-08-15T10:56:29.000Z</time>
      </trkpt>
      <trkpt lat="40.07560130113539" lon="116.33697085168784">
        <ele>44.2</ele>
        <time>2026-08-15T10:56:30.000Z</time>
      </trkpt>
      <trkpt lat="40.0755795654345" lon="116.33698276025657">
        <ele>44.2</ele>
        <time>2026-08-15T10:56:31.000Z</time>
      </trkpt>
      <trkpt lat="40.07555834541375" lon="116.33699591557273">
        <ele>44.2</ele>
        <time>2026-08-15T10:56:32.000Z</time>
      </trkpt>
      <trkpt lat="40.075537941545726" lon="116.33701088351069">
        <ele>44.2</ele>
        <time>2026-08-15T10:56:33.000Z</time>
      </trkpt>
      <trkpt lat="40.075518643315704" lon="116.33702788887983">
        <ele>44.2</ele>
        <time>2026-08-15T10:56:34.000Z</time>
      </trkpt>
      <trkpt lat="40.07550063360261" lon="116.33704671142172">
        <ele>44.2</ele>
        <time>2026-08-15T10:56:35.000Z</time>
      </trkpt>
      <trkpt lat="40.07548417573177" lon="116.33706716116517">
        <ele>44.2</ele>
        <time>2026-08-15T10:56:36.000Z</time>
      </trkpt>
      <trkpt lat="40.07546967303231" lon="116.33708924776948">
        <ele>44.2</ele>
        <time>2026-08-15T10:56:37.000Z</time>
      </trkpt>
      <trkpt lat="40.07545740943882" lon="116.3371132219718">
        <ele>44.2</ele>
        <time>2026-08-15T10:56:38.000Z</time>
      </trkpt>
      <trkpt lat="40.07544734921006" lon="116.3371392712722">
        <ele>44.2</ele>
        <time>2026-08-15T10:56:39.000Z</time>
      </trkpt>
      <trkpt lat="40.0754393253347" lon="116.33716689930694">
        <ele>44.3</ele>
        <time>2026-08-15T10:56:40.000Z</time>
      </trkpt>
      <trkpt lat="40.075433363478076" lon="116.33719533056568">
        <ele>44.3</ele>
        <time>2026-08-15T10:56:41.000Z</time>
      </trkpt>
      <trkpt lat="40.07542983889601" lon="116.33722437876885">
        <ele>44.3</ele>
        <time>2026-08-15T10:56:42.000Z</time>
      </trkpt>
      <trkpt lat="40.07542855139764" lon="116.33725442193494">
        <ele>44.3</ele>
        <time>2026-08-15T10:56:43.000Z</time>
      </trkpt>
      <trkpt lat="40.075428876151356" lon="116.33728545256601">
        <ele>44.3</ele>
        <time>2026-08-15T10:56:44.000Z</time>
      </trkpt>
      <trkpt lat="40.075430565720566" lon="116.33731700796804">
        <ele>44.3</ele>
        <time>2026-08-15T10:56:45.000Z</time>
      </trkpt>
      <trkpt lat="40.075433385409504" lon="116.33734880856979">
        <ele>44.3</ele>
        <time>2026-08-15T10:56:46.000Z</time>
      </trkpt>
      <trkpt lat="40.07543713676099" lon="116.33738069037679">
        <ele>44.3</ele>
        <time>2026-08-15T10:56:47.000Z</time>
      </trkpt>
      <trkpt lat="40.07544171836374" lon="116.33741250323187">
        <ele>44.3</ele>
        <time>2026-08-15T10:56:48.000Z</time>
      </trkpt>
      <trkpt lat="40.075447164708024" lon="116.33744416676794">
        <ele>44.2</ele>
        <time>2026-08-15T10:56:49.000Z</time>
      </trkpt>
      <trkpt lat="40.07545343392352" lon="116.33747569055197">
        <ele>44.2</ele>
        <time>2026-08-15T10:56:50.000Z</time>
      </trkpt>
      <trkpt lat="40.07546035132457" lon="116.33750713142271">
        <ele>44.2</ele>
        <time>2026-08-15T10:56:51.000Z</time>
      </trkpt>
      <trkpt lat="40.07546801561588" lon="116.33753831457454">
        <ele>44.2</ele>
        <time>2026-08-15T10:56:52.000Z</time>
      </trkpt>
      <trkpt lat="40.07547702202963" lon="116.33756873911832">
        <ele>44.2</ele>
        <time>2026-08-15T10:56:53.000Z</time>
      </trkpt>
      <trkpt lat="40.07548772915356" lon="116.33759798158297">
        <ele>44.2</ele>
        <time>2026-08-15T10:56:54.000Z</time>
      </trkpt>
      <trkpt lat="40.07549984662079" lon="116.33762593228381">
        <ele>44.2</ele>
        <time>2026-08-15T10:56:55.000Z</time>
      </trkpt>
      <trkpt lat="40.07551320221679" lon="116.33765261043072">
        <ele>44.2</ele>
        <time>2026-08-15T10:56:56.000Z</time>
      </trkpt>
      <trkpt lat="40.075527921267145" lon="116.33767799395885">
        <ele>44.2</ele>
        <time>2026-08-15T10:56:57.000Z</time>
      </trkpt>
      <trkpt lat="40.07554392314127" lon="116.33770212924193">
        <ele>44.2</ele>
        <time>2026-08-15T10:56:58.000Z</time>
      </trkpt>
      <trkpt lat="40.07556099092916" lon="116.33772505325544">
        <ele>44.2</ele>
        <time>2026-08-15T10:56:59.000Z</time>
      </trkpt>
      <trkpt lat="40.075579236852775" lon="116.3377465418932">
        <ele>44.2</ele>
        <time>2026-08-15T10:57:00.000Z</time>
      </trkpt>
      <trkpt lat="40.07559887033708" lon="116.33776646966285">
        <ele>44.2</ele>
        <time>2026-08-15T10:57:01.000Z</time>
      </trkpt>
      <trkpt lat="40.07561987567775" lon="116.33778525690416">
        <ele>44.2</ele>
        <time>2026-08-15T10:57:02.000Z</time>
      </trkpt>
      <trkpt lat="40.075642189828706" lon="116.3378028810853">
        <ele>44.2</ele>
        <time>2026-08-15T10:57:03.000Z</time>
      </trkpt>
      <trkpt lat="40.075665820434104" lon="116.33781878928328">
        <ele>44.2</ele>
        <time>2026-08-15T10:57:04.000Z</time>
      </trkpt>
      <trkpt lat="40.07569044191518" lon="116.33783309635182">
        <ele>44.2</ele>
        <time>2026-08-15T10:57:05.000Z</time>
      </trkpt>
      <trkpt lat="40.07571551824884" lon="116.33784621414338">
        <ele>44.2</ele>
        <time>2026-08-15T10:57:06.000Z</time>
      </trkpt>
      <trkpt lat="40.07574086348837" lon="116.33785792289754">
        <ele>44.2</ele>
        <time>2026-08-15T10:57:07.000Z</time>
      </trkpt>
      <trkpt lat="40.07576648871591" lon="116.33786769732087">
        <ele>44.2</ele>
        <time>2026-08-15T10:57:08.000Z</time>
      </trkpt>
      <trkpt lat="40.0757921908371" lon="116.33787543881651">
        <ele>44.2</ele>
        <time>2026-08-15T10:57:09.000Z</time>
      </trkpt>
      <trkpt lat="40.07581787697793" lon="116.3378812804516">
        <ele>44.2</ele>
        <time>2026-08-15T10:57:10.000Z</time>
      </trkpt>
      <trkpt lat="40.07584358465848" lon="116.33788521752582">
        <ele>44.2</ele>
        <time>2026-08-15T10:57:11.000Z</time>
      </trkpt>
      <trkpt lat="40.075869332925954" lon="116.33788735342134">
        <ele>44.2</ele>
        <time>2026-08-15T10:57:12.000Z</time>
      </trkpt>
      <trkpt lat="40.07589503297062" lon="116.33788824041422">
        <ele>44.2</ele>
        <time>2026-08-15T10:57:13.000Z</time>
      </trkpt>
      <trkpt lat="40.07592047873627" lon="116.33788833365159">
        <ele>44.2</ele>
        <time>2026-08-15T10:57:14.000Z</time>
      </trkpt>
      <trkpt lat="40.07594547448558" lon="116.33788763349098">
        <ele>44.3</ele>
        <time>2026-08-15T10:57:15.000Z</time>
      </trkpt>
      <trkpt lat="40.07596995721959" lon="116.3378862589039">
        <ele>44.3</ele>
        <time>2026-08-15T10:57:16.000Z</time>
      </trkpt>
      <trkpt lat="40.075993916717465" lon="116.33788463941184">
        <ele>44.3</ele>
        <time>2026-08-15T10:57:17.000Z</time>
      </trkpt>
      <trkpt lat="40.07601741773001" lon="116.33788270612914">
        <ele>44.3</ele>
        <time>2026-08-15T10:57:18.000Z</time>
      </trkpt>
      <trkpt lat="40.07604071778506" lon="116.33787994555263">
        <ele>44.3</ele>
        <time>2026-08-15T10:57:19.000Z</time>
      </trkpt>
      <trkpt lat="40.07606404257576" lon="116.33787690451112">
        <ele>44.2</ele>
        <time>2026-08-15T10:57:20.000Z</time>
      </trkpt>
      <trkpt lat="40.07608749968181" lon="116.33787435788167">
        <ele>44.2</ele>
        <time>2026-08-15T10:57:21.000Z</time>
      </trkpt>
      <trkpt lat="40.07611107620062" lon="116.33787218019526">
        <ele>44.2</ele>
        <time>2026-08-15T10:57:22.000Z</time>
      </trkpt>
      <trkpt lat="40.076134697413096" lon="116.33787019195866">
        <ele>44.2</ele>
        <time>2026-08-15T10:57:23.000Z</time>
      </trkpt>
      <trkpt lat="40.076158234759525" lon="116.33786816731943">
        <ele>44.2</ele>
        <time>2026-08-15T10:57:24.000Z</time>
      </trkpt>
      <trkpt lat="40.07618165737515" lon="116.33786578331552">
        <ele>44.2</ele>
        <time>2026-08-15T10:57:25.000Z</time>
      </trkpt>
      <trkpt lat="40.076205094851645" lon="116.33786296555908">
        <ele>44.2</ele>
        <time>2026-08-15T10:57:26.000Z</time>
      </trkpt>
      <trkpt lat="40.07622850881623" lon="116.33786009831555">
        <ele>44.2</ele>
        <time>2026-08-15T10:57:27.000Z</time>
      </trkpt>
      <trkpt lat="40.076251801354594" lon="116.33785759691315">
        <ele>44.2</ele>
        <time>2026-08-15T10:57:28.000Z</time>
      </trkpt>
      <trkpt lat="40.07627496532216" lon="116.33785523916362">
        <ele>44.2</ele>
        <time>2026-08-15T10:57:29.000Z</time>
      </trkpt>
      <trkpt lat="40.076298101228126" lon="116.33785266411286">
        <ele>44.2</ele>
        <time>2026-08-15T10:57:30.000Z</time>
      </trkpt>
      <trkpt lat="40.07632137689243" lon="116.33784994925989">
        <ele>44.2</ele>
        <time>2026-08-15T10:57:31.000Z</time>
      </trkpt>
      <trkpt lat="40.07634479289873" lon="116.33784745210119">
        <ele>44.2</ele>
        <time>2026-08-15T10:57:32.000Z</time>
      </trkpt>
      <trkpt lat="40.076368322594675" lon="116.33784536738416">
        <ele>44.2</ele>
        <time>2026-08-15T10:57:33.000Z</time>
      </trkpt>
      <trkpt lat="40.0763920681111" lon="116.33784349670933">
        <ele>44.2</ele>
        <time>2026-08-15T10:57:34.000Z</time>
      </trkpt>
      <trkpt lat="40.076416041149514" lon="116.33784169783186">
        <ele>44.2</ele>
        <time>2026-08-15T10:57:35.000Z</time>
      </trkpt>
      <trkpt lat="40.076440183021525" lon="116.33783986302674">
        <ele>44.2</ele>
        <time>2026-08-15T10:57:36.000Z</time>
      </trkpt>
      <trkpt lat="40.076464467165685" lon="116.33783781345163">
        <ele>44.2</ele>
        <time>2026-08-15T10:57:37.000Z</time>
      </trkpt>
      <trkpt lat="40.07648879354681" lon="116.33783580885712">
        <ele>44.2</ele>
        <time>2026-08-15T10:57:38.000Z</time>
      </trkpt>
      <trkpt lat="40.0765130457479" lon="116.33783427345394">
        <ele>44.2</ele>
        <time>2026-08-15T10:57:39.000Z</time>
      </trkpt>
      <trkpt lat="40.076537182692626" lon="116.33783326612298">
        <ele>44.2</ele>
        <time>2026-08-15T10:57:40.000Z</time>
      </trkpt>
      <trkpt lat="40.07656130929416" lon="116.33783288000724">
        <ele>44.2</ele>
        <time>2026-08-15T10:57:41.000Z</time>
      </trkpt>
      <trkpt lat="40.07658553123271" lon="116.33783359598078">
        <ele>44.2</ele>
        <time>2026-08-15T10:57:42.000Z</time>
      </trkpt>
      <trkpt lat="40.076609823666935" lon="116.3378359329502">
        <ele>44.2</ele>
        <time>2026-08-15T10:57:43.000Z</time>
      </trkpt>
      <trkpt lat="40.07663408489384" lon="116.33784018030588">
        <ele>44.2</ele>
        <time>2026-08-15T10:57:44.000Z</time>
      </trkpt>
      <trkpt lat="40.07665811315462" lon="116.33784638216491">
        <ele>44.2</ele>
        <time>2026-08-15T10:57:45.000Z</time>
      </trkpt>
      <trkpt lat="40.07668179952051" lon="116.33785457025597">
        <ele>44.2</ele>
        <time>2026-08-15T10:57:46.000Z</time>
      </trkpt>
      <trkpt lat="40.07670520098856" lon="116.33786457696452">
        <ele>44.2</ele>
        <time>2026-08-15T10:57:47.000Z</time>
        <extensions>
  <gpxtpx:TrackPointExtension>
    <gpxtpx:hr>175</gpxtpx:hr>
  </gpxtpx:TrackPointExtension>
</extensions>
      </trkpt>
      <trkpt lat="40.07672846240161" lon="116.33787542557128">
        <ele>44.2</ele>
        <time>2026-08-15T10:57:48.000Z</time>
        <extensions>
  <gpxtpx:TrackPointExtension>
    <gpxtpx:hr>175</gpxtpx:hr>
  </gpxtpx:TrackPointExtension>
</extensions>
      </trkpt>
      <trkpt lat="40.07675175248319" lon="116.33788547822199">
        <ele>44.2</ele>
        <time>2026-08-15T10:57:49.000Z</time>
        <extensions>
  <gpxtpx:TrackPointExtension>
    <gpxtpx:hr>175</gpxtpx:hr>
  </gpxtpx:TrackPointExtension>
</extensions>
      </trkpt>
      <trkpt lat="40.07677525104547" lon="116.33789252334597">
        <ele>44.3</ele>
        <time>2026-08-15T10:57:50.000Z</time>
        <extensions>
  <gpxtpx:TrackPointExtension>
    <gpxtpx:hr>175</gpxtpx:hr>
  </gpxtpx:TrackPointExtension>
</extensions>
      </trkpt>
      <trkpt lat="40.076798902113374" lon="116.33789442017276">
        <ele>44.3</ele>
        <time>2026-08-15T10:57:51.000Z</time>
        <extensions>
  <gpxtpx:TrackPointExtension>
    <gpxtpx:hr>175</gpxtpx:hr>
  </gpxtpx:TrackPointExtension>
</extensions>
      </trkpt>
      <trkpt lat="40.07682224114192" lon="116.33789015252933">
        <ele>44.3</ele>
        <time>2026-08-15T10:57:52.000Z</time>
        <extensions>
  <gpxtpx:TrackPointExtension>
    <gpxtpx:hr>175</gpxtpx:hr>
  </gpxtpx:TrackPointExtension>
</extensions>
      </trkpt>
      <trkpt lat="40.07684468983963" lon="116.33787976726683">
        <ele>44.3</ele>
        <time>2026-08-15T10:57:53.000Z</time>
        <extensions>
  <gpxtpx:TrackPointExtension>
    <gpxtpx:hr>175</gpxtpx:hr>
  </gpxtpx:TrackPointExtension>
</extensions>
      </trkpt>
      <trkpt lat="40.076865835463586" lon="116.33786366555115">
        <ele>44.4</ele>
        <time>2026-08-15T10:57:54.000Z</time>
        <extensions>
  <gpxtpx:TrackPointExtension>
    <gpxtpx:hr>175</gpxtpx:hr>
  </gpxtpx:TrackPointExtension>
</extensions>
      </trkpt>
      <trkpt lat="40.076885401330166" lon="116.3378423007912">
        <ele>44.4</ele>
        <time>2026-08-15T10:57:55.000Z</time>
        <extensions>
  <gpxtpx:TrackPointExtension>
    <gpxtpx:hr>175</gpxtpx:hr>
  </gpxtpx:TrackPointExtension>
</extensions>
      </trkpt>
      <trkpt lat="40.076903385652784" lon="116.33781681205937">
        <ele>44.4</ele>
        <time>2026-08-15T10:57:56.000Z</time>
        <extensions>
  <gpxtpx:TrackPointExtension>
    <gpxtpx:hr>175</gpxtpx:hr>
  </gpxtpx:TrackPointExtension>
</extensions>
      </trkpt>
      <trkpt lat="40.07692029896011" lon="116.33778893619296">
        <ele>44.4</ele>
        <time>2026-08-15T10:57:57.000Z</time>
      </trkpt>
      <trkpt lat="40.07693647758488" lon="116.33775969982142">
        <ele>44.4</ele>
        <time>2026-08-15T10:57:58.000Z</time>
      </trkpt>
      <trkpt lat="40.07695165361812" lon="116.33772914427576">
        <ele>44.4</ele>
        <time>2026-08-15T10:57:59.000Z</time>
      </trkpt>
      <trkpt lat="40.07696553783585" lon="116.33769727291912">
        <ele>44.4</ele>
        <time>2026-08-15T10:58:00.000Z</time>
      </trkpt>
      <trkpt lat="40.076977900431594" lon="116.33766423849772">
        <ele>44.4</ele>
        <time>2026-08-15T10:58:01.000Z</time>
      </trkpt>
      <trkpt lat="40.07698858523861" lon="116.33763028659854">
        <ele>44.3</ele>
        <time>2026-08-15T10:58:02.000Z</time>
      </trkpt>
      <trkpt lat="40.076997694631906" lon="116.33759571921831">
        <ele>44.3</ele>
        <time>2026-08-15T10:58:03.000Z</time>
      </trkpt>
      <trkpt lat="40.07700509265511" lon="116.3375607374594">
        <ele>44.3</ele>
        <time>2026-08-15T10:58:04.000Z</time>
      </trkpt>
      <trkpt lat="40.07701037227905" lon="116.33752551261682">
        <ele>44.3</ele>
        <time>2026-08-15T10:58:05.000Z</time>
      </trkpt>
      <trkpt lat="40.07701326545063" lon="116.33749029120064">
        <ele>44.3</ele>
        <time>2026-08-15T10:58:06.000Z</time>
      </trkpt>
      <trkpt lat="40.07701360758452" lon="116.33745532117918">
        <ele>44.3</ele>
        <time>2026-08-15T10:58:07.000Z</time>
      </trkpt>
      <trkpt lat="40.07701134178708" lon="116.33742083247229">
        <ele>44.2</ele>
        <time>2026-08-15T10:58:08.000Z</time>
      </trkpt>
      <trkpt lat="40.07700662966944" lon="116.3373872161743">
        <ele>44.2</ele>
        <time>2026-08-15T10:58:09.000Z</time>
      </trkpt>
      <trkpt lat="40.07699986880659" lon="116.33735478174465">
        <ele>44.2</ele>
        <time>2026-08-15T10:58:10.000Z</time>
      </trkpt>
      <trkpt lat="40.07699164788669" lon="116.33732351777063">
        <ele>44.2</ele>
        <time>2026-08-15T10:58:11.000Z</time>
      </trkpt>
      <trkpt lat="40.076982537906716" lon="116.33729299535776">
        <ele>44.2</ele>
        <time>2026-08-15T10:58:12.000Z</time>
      </trkpt>
      <trkpt lat="40.07697283554242" lon="116.33726237680365">
        <ele>44.2</ele>
        <time>2026-08-15T10:58:13.000Z</time>
      </trkpt>
      <trkpt lat="40.07696242753194" lon="116.33723147432723">
        <ele>44.2</ele>
        <time>2026-08-15T10:58:14.000Z</time>
      </trkpt>
      <trkpt lat="40.076951038094805" lon="116.33720080924091">
        <ele>44.2</ele>
        <time>2026-08-15T10:58:15.000Z</time>
      </trkpt>
      <trkpt lat="40.07693860868893" lon="116.33717073494188">
        <ele>44.2</ele>
        <time>2026-08-15T10:58:16.000Z</time>
      </trkpt>
      <trkpt lat="40.076925341999214" lon="116.33714133457894">
        <ele>44.2</ele>
        <time>2026-08-15T10:58:17.000Z</time>
      </trkpt>
      <trkpt lat="40.07691128430529" lon="116.33711277581446">
        <ele>44.2</ele>
        <time>2026-08-15T10:58:18.000Z</time>
      </trkpt>
      <trkpt lat="40.0768963242047" lon="116.33708533545564">
        <ele>44.2</ele>
        <time>2026-08-15T10:58:19.000Z</time>
      </trkpt>
      <trkpt lat="40.07688049804716" lon="116.337059094985">
        <ele>44.2</ele>
        <time>2026-08-15T10:58:20.000Z</time>
      </trkpt>
      <trkpt lat="40.07686384105621" lon="116.3370341273512">
        <ele>44.2</ele>
        <time>2026-08-15T10:58:21.000Z</time>
      </trkpt>
      <trkpt lat="40.07684631977988" lon="116.33701059550836">
        <ele>44.2</ele>
        <time>2026-08-15T10:58:22.000Z</time>
      </trkpt>
      <trkpt lat="40.0768278898257" lon="116.33698868649272">
        <ele>44.2</ele>
        <time>2026-08-15T10:58:23.000Z</time>
      </trkpt>
      <trkpt lat="40.076808490352434" lon="116.33696862361333">
        <ele>44.2</ele>
        <time>2026-08-15T10:58:24.000Z</time>
      </trkpt>
      <trkpt lat="40.07678821390979" lon="116.3369503684991">
        <ele>44.2</ele>
        <time>2026-08-15T10:58:25.000Z</time>
      </trkpt>
      <trkpt lat="40.07676728788749" lon="116.33693355564425">
        <ele>44.2</ele>
        <time>2026-08-15T10:58:26.000Z</time>
      </trkpt>
      <trkpt lat="40.07674579757021" lon="116.33691827401915">
        <ele>44.2</ele>
        <time>2026-08-15T10:58:27.000Z</time>
      </trkpt>
      <trkpt lat="40.07672353311791" lon="116.33690525413977">
        <ele>44.2</ele>
        <time>2026-08-15T10:58:28.000Z</time>
      </trkpt>
      <trkpt lat="40.07670038767106" lon="116.33689484616764">
        <ele>44.2</ele>
        <time>2026-08-15T10:58:29.000Z</time>
      </trkpt>
      <trkpt lat="40.076676450965984" lon="116.33688693854728">
        <ele>44.2</ele>
        <time>2026-08-15T10:58:30.000Z</time>
      </trkpt>
      <trkpt lat="40.07665179649862" lon="116.33688148282901">
        <ele>44.2</ele>
        <time>2026-08-15T10:58:31.000Z</time>
      </trkpt>
      <trkpt lat="40.07662664055199" lon="116.33687810949706">
        <ele>44.2</ele>
        <time>2026-08-15T10:58:32.000Z</time>
      </trkpt>
      <trkpt lat="40.07660124359003" lon="116.33687637633084">
        <ele>44.2</ele>
        <time>2026-08-15T10:58:33.000Z</time>
      </trkpt>
      <trkpt lat="40.07657583539693" lon="116.33687632662668">
        <ele>44.2</ele>
        <time>2026-08-15T10:58:34.000Z</time>
      </trkpt>
      <trkpt lat="40.07655049642281" lon="116.33687798530987">
        <ele>44.2</ele>
        <time>2026-08-15T10:58:35.000Z</time>
      </trkpt>
      <trkpt lat="40.0765251317084" lon="116.33688093450836">
        <ele>44.2</ele>
        <time>2026-08-15T10:58:36.000Z</time>
      </trkpt>
      <trkpt lat="40.0764997293021" lon="116.33688456232765">
        <ele>44.2</ele>
        <time>2026-08-15T10:58:37.000Z</time>
      </trkpt>
      <trkpt lat="40.07647434071029" lon="116.33688829339884">
        <ele>44.2</ele>
        <time>2026-08-15T10:58:38.000Z</time>
      </trkpt>
      <trkpt lat="40.07644898056309" lon="116.33689185657802">
        <ele>44.2</ele>
        <time>2026-08-15T10:58:39.000Z</time>
      </trkpt>
      <trkpt lat="40.07642364603472" lon="116.33689551417031">
        <ele>44.2</ele>
        <time>2026-08-15T10:58:40.000Z</time>
      </trkpt>
      <trkpt lat="40.076398295294595" lon="116.33689975401701">
        <ele>44.2</ele>
        <time>2026-08-15T10:58:41.000Z</time>
      </trkpt>
      <trkpt lat="40.076372882601206" lon="116.33690456970893">
        <ele>44.1</ele>
        <time>2026-08-15T10:58:42.000Z</time>
      </trkpt>
      <trkpt lat="40.076347463957916" lon="116.3369096036294">
        <ele>44.1</ele>
        <time>2026-08-15T10:58:43.000Z</time>
      </trkpt>
      <trkpt lat="40.07632216324239" lon="116.3369146586858">
        <ele>44.1</ele>
        <time>2026-08-15T10:58:44.000Z</time>
      </trkpt>
      <trkpt lat="40.07629706905361" lon="116.33691952504472">
        <ele>44.1</ele>
        <time>2026-08-15T10:58:45.000Z</time>
      </trkpt>
      <trkpt lat="40.076272174141" lon="116.33692394196868">
        <ele>44.1</ele>
        <time>2026-08-15T10:58:46.000Z</time>
      </trkpt>
      <trkpt lat="40.07624749685236" lon="116.33692782676773">
        <ele>44.1</ele>
        <time>2026-08-15T10:58:47.000Z</time>
      </trkpt>
      <trkpt lat="40.076223022852496" lon="116.33693138791156">
        <ele>44.1</ele>
        <time>2026-08-15T10:58:48.000Z</time>
      </trkpt>
      <trkpt lat="40.076198711519545" lon="116.33693450661085">
        <ele>44.1</ele>
        <time>2026-08-15T10:58:49.000Z</time>
      </trkpt>
      <trkpt lat="40.07617451251792" lon="116.33693686237619">
        <ele>44.1</ele>
        <time>2026-08-15T10:58:50.000Z</time>
      </trkpt>
      <trkpt lat="40.07615034579421" lon="116.33693855589745">
        <ele>44.1</ele>
        <time>2026-08-15T10:58:51.000Z</time>
      </trkpt>
      <trkpt lat="40.076126138207904" lon="116.33693981345098">
        <ele>44.0</ele>
        <time>2026-08-15T10:58:52.000Z</time>
      </trkpt>
      <trkpt lat="40.07610183626407" lon="116.33694072518753">
        <ele>44.0</ele>
        <time>2026-08-15T10:58:53.000Z</time>
      </trkpt>
      <trkpt lat="40.07607750949282" lon="116.33694141567656">
        <ele>44.0</ele>
        <time>2026-08-15T10:58:54.000Z</time>
      </trkpt>
      <trkpt lat="40.07605326947313" lon="116.33694202027748">
        <ele>44.0</ele>
        <time>2026-08-15T10:58:55.000Z</time>
      </trkpt>
      <trkpt lat="40.0760291271056" lon="116.33694236508555">
        <ele>44.0</ele>
        <time>2026-08-15T10:58:56.000Z</time>
      </trkpt>
      <trkpt lat="40.076005056953925" lon="116.33694221681458">
        <ele>44.0</ele>
        <time>2026-08-15T10:58:57.000Z</time>
      </trkpt>
      <trkpt lat="40.07598111219002" lon="116.33694193198929">
        <ele>44.0</ele>
        <time>2026-08-15T10:58:58.000Z</time>
      </trkpt>
      <trkpt lat="40.0759573182319" lon="116.3369419679193">
        <ele>44.0</ele>
        <time>2026-08-15T10:58:59.000Z</time>
      </trkpt>
      <trkpt lat="40.07593356500256" lon="116.33694207302251">
        <ele>44.0</ele>
        <time>2026-08-15T10:59:00.000Z</time>
      </trkpt>
      <trkpt lat="40.07590974328659" lon="116.33694197744677">
        <ele>44.0</ele>
        <time>2026-08-15T10:59:01.000Z</time>
      </trkpt>
      <trkpt lat="40.07588582481145" lon="116.33694186654044">
        <ele>44.0</ele>
        <time>2026-08-15T10:59:02.000Z</time>
      </trkpt>
      <trkpt lat="40.0758618018611" lon="116.33694191659289">
        <ele>44.0</ele>
        <time>2026-08-15T10:59:03.000Z</time>
      </trkpt>
      <trkpt lat="40.07583769897988" lon="116.33694199692123">
        <ele>44.0</ele>
        <time>2026-08-15T10:59:04.000Z</time>
      </trkpt>
      <trkpt lat="40.07581357546626" lon="116.33694191838161">
        <ele>44.0</ele>
        <time>2026-08-15T10:59:05.000Z</time>
      </trkpt>
      <trkpt lat="40.07578950612512" lon="116.33694188779467">
        <ele>44.0</ele>
        <time>2026-08-15T10:59:06.000Z</time>
      </trkpt>
      <trkpt lat="40.07576553998211" lon="116.33694213545137">
        <ele>44.0</ele>
        <time>2026-08-15T10:59:07.000Z</time>
      </trkpt>
      <trkpt lat="40.07574167892767" lon="116.33694247863673">
        <ele>44.0</ele>
        <time>2026-08-15T10:59:08.000Z</time>
      </trkpt>
      <trkpt lat="40.07571792149165" lon="116.33694296555349">
        <ele>44.0</ele>
        <time>2026-08-15T10:59:09.000Z</time>
      </trkpt>
      <trkpt lat="40.0756942884614" lon="116.33694423857335">
        <ele>44.0</ele>
        <time>2026-08-15T10:59:10.000Z</time>
      </trkpt>
      <trkpt lat="40.075670859231955" lon="116.33694703794211">
        <ele>44.0</ele>
        <time>2026-08-15T10:59:11.000Z</time>
      </trkpt>
      <trkpt lat="40.07564773794862" lon="116.33695163394546">
        <ele>44.0</ele>
        <time>2026-08-15T10:59:12.000Z</time>
      </trkpt>
      <trkpt lat="40.075625007490245" lon="116.33695802234836">
        <ele>44.0</ele>
        <time>2026-08-15T10:59:13.000Z</time>
      </trkpt>
      <trkpt lat="40.075602718977876" lon="116.33696630279911">
        <ele>44.0</ele>
        <time>2026-08-15T10:59:14.000Z</time>
      </trkpt>
      <trkpt lat="40.075581089454275" lon="116.33697685852755">
        <ele>44.0</ele>
        <time>2026-08-15T10:59:15.000Z</time>
      </trkpt>
      <trkpt lat="40.075560429932395" lon="116.33699025904903">
        <ele>44.0</ele>
        <time>2026-08-15T10:59:16.000Z</time>
      </trkpt>
      <trkpt lat="40.07554105102552" lon="116.33700684446897">
        <ele>44.0</ele>
        <time>2026-08-15T10:59:17.000Z</time>
      </trkpt>
      <trkpt lat="40.075523342229985" lon="116.33702697496547">
        <ele>44.0</ele>
        <time>2026-08-15T10:59:18.000Z</time>
      </trkpt>
      <trkpt lat="40.075507612203666" lon="116.33705075924756">
        <ele>44.0</ele>
        <time>2026-08-15T10:59:19.000Z</time>
      </trkpt>
      <trkpt lat="40.07549375921565" lon="116.3370775803716">
        <ele>44.0</ele>
        <time>2026-08-15T10:59:20.000Z</time>
      </trkpt>
      <trkpt lat="40.07548139244853" lon="116.33710649879453">
        <ele>44.0</ele>
        <time>2026-08-15T10:59:21.000Z</time>
      </trkpt>
      <trkpt lat="40.07547045105074" lon="116.33713693775323">
        <ele>44.1</ele>
        <time>2026-08-15T10:59:22.000Z</time>
      </trkpt>
      <trkpt lat="40.075461194991796" lon="116.33716866912253">
        <ele>44.1</ele>
        <time>2026-08-15T10:59:23.000Z</time>
      </trkpt>
      <trkpt lat="40.075453795822526" lon="116.33720144649982">
        <ele>44.1</ele>
        <time>2026-08-15T10:59:24.000Z</time>
      </trkpt>
      <trkpt lat="40.07544820702242" lon="116.33723496680145">
        <ele>44.1</ele>
        <time>2026-08-15T10:59:25.000Z</time>
      </trkpt>
      <trkpt lat="40.07544417663398" lon="116.33726889728878">
        <ele>44.1</ele>
        <time>2026-08-15T10:59:26.000Z</time>
      </trkpt>
      <trkpt lat="40.07544149881012" lon="116.33730303100573">
        <ele>44.1</ele>
        <time>2026-08-15T10:59:27.000Z</time>
      </trkpt>
      <trkpt lat="40.075440254112706" lon="116.33733729240637">
        <ele>44.1</ele>
        <time>2026-08-15T10:59:28.000Z</time>
      </trkpt>
      <trkpt lat="40.07544044796414" lon="116.33737155215918">
        <ele>44.1</ele>
        <time>2026-08-15T10:59:29.000Z</time>
      </trkpt>
      <trkpt lat="40.07544190977659" lon="116.33740561153968">
        <ele>44.1</ele>
        <time>2026-08-15T10:59:30.000Z</time>
      </trkpt>
      <trkpt lat="40.075444713527666" lon="116.33743930487124">
        <ele>44.1</ele>
        <time>2026-08-15T10:59:31.000Z</time>
      </trkpt>
      <trkpt lat="40.075449051872674" lon="116.33747258972605">
        <ele>44.1</ele>
        <time>2026-08-15T10:59:32.000Z</time>
      </trkpt>
      <trkpt lat="40.07545506710245" lon="116.33750537775059">
        <ele>44.1</ele>
        <time>2026-08-15T10:59:33.000Z</time>
      </trkpt>
      <trkpt lat="40.07546280878576" lon="116.3375373751996">
        <ele>44.1</ele>
        <time>2026-08-15T10:59:34.000Z</time>
      </trkpt>
      <trkpt lat="40.07547243508436" lon="116.33756835807448">
        <ele>44.1</ele>
        <time>2026-08-15T10:59:35.000Z</time>
      </trkpt>
      <trkpt lat="40.07548386166406" lon="116.3375984222567">
        <ele>44.1</ele>
        <time>2026-08-15T10:59:36.000Z</time>
      </trkpt>
      <trkpt lat="40.075496797756514" lon="116.33762753815539">
        <ele>44.2</ele>
        <time>2026-08-15T10:59:37.000Z</time>
      </trkpt>
      <trkpt lat="40.07551117625002" lon="116.33765532891361">
        <ele>44.2</ele>
        <time>2026-08-15T10:59:38.000Z</time>
      </trkpt>
      <trkpt lat="40.075526881582036" lon="116.33768168727934">
        <ele>44.2</ele>
        <time>2026-08-15T10:59:39.000Z</time>
      </trkpt>
      <trkpt lat="40.07554366809568" lon="116.3377067799314">
        <ele>44.1</ele>
        <time>2026-08-15T10:59:40.000Z</time>
      </trkpt>
      <trkpt lat="40.07556148222508" lon="116.33773049256833">
        <ele>44.1</ele>
        <time>2026-08-15T10:59:41.000Z</time>
      </trkpt>
      <trkpt lat="40.075580456313936" lon="116.3377526812211">
        <ele>44.1</ele>
        <time>2026-08-15T10:59:42.000Z</time>
      </trkpt>
      <trkpt lat="40.075600389793216" lon="116.33777356473887">
        <ele>44.1</ele>
        <time>2026-08-15T10:59:43.000Z</time>
      </trkpt>
      <trkpt lat="40.07562104309521" lon="116.33779312506591">
        <ele>44.1</ele>
        <time>2026-08-15T10:59:44.000Z</time>
      </trkpt>
      <trkpt lat="40.07564251581129" lon="116.33781099428725">
        <ele>44.1</ele>
        <time>2026-08-15T10:59:45.000Z</time>
      </trkpt>
      <trkpt lat="40.075664819584325" lon="116.33782706728672">
        <ele>44.1</ele>
        <time>2026-08-15T10:59:46.000Z</time>
      </trkpt>
      <trkpt lat="40.07568782846447" lon="116.3378412411807">
        <ele>44.1</ele>
        <time>2026-08-15T10:59:47.000Z</time>
      </trkpt>
      <trkpt lat="40.07571150174793" lon="116.33785329176177">
        <ele>44.2</ele>
        <time>2026-08-15T10:59:48.000Z</time>
      </trkpt>
      <trkpt lat="40.075735703963616" lon="116.33786350180638">
        <ele>44.2</ele>
        <time>2026-08-15T10:59:49.000Z</time>
      </trkpt>
      <trkpt lat="40.07576021988485" lon="116.33787212552258">
        <ele>44.2</ele>
        <time>2026-08-15T10:59:50.000Z</time>
      </trkpt>
      <trkpt lat="40.07578496160342" lon="116.33787883711835">
        <ele>44.2</ele>
        <time>2026-08-15T10:59:51.000Z</time>
      </trkpt>
      <trkpt lat="40.07580987366058" lon="116.33788344185417">
        <ele>44.2</ele>
        <time>2026-08-15T10:59:52.000Z</time>
      </trkpt>
      <trkpt lat="40.0758349392105" lon="116.33788614822828">
        <ele>44.2</ele>
        <time>2026-08-15T10:59:53.000Z</time>
      </trkpt>
      <trkpt lat="40.075860133529986" lon="116.33788751991017">
        <ele>44.2</ele>
        <time>2026-08-15T10:59:54.000Z</time>
      </trkpt>
      <trkpt lat="40.0758853300287" lon="116.33788803891997">
        <ele>44.2</ele>
        <time>2026-08-15T10:59:55.000Z</time>
      </trkpt>
      <trkpt lat="40.07591042575752" lon="116.33788769441189">
        <ele>44.2</ele>
        <time>2026-08-15T10:59:56.000Z</time>
      </trkpt>
      <trkpt lat="40.0759353187203" lon="116.3378862928019">
        <ele>44.2</ele>
        <time>2026-08-15T10:59:57.000Z</time>
      </trkpt>
      <trkpt lat="40.07595999006156" lon="116.33788415077646">
        <ele>44.2</ele>
        <time>2026-08-15T10:59:58.000Z</time>
      </trkpt>
      <trkpt lat="40.07598449565065" lon="116.33788169106327">
        <ele>44.2</ele>
        <time>2026-08-15T10:59:59.000Z</time>
      </trkpt>
      <trkpt lat="40.076008757610566" lon="116.33787880392765">
        <ele>44.2</ele>
        <time>2026-08-15T11:00:00.000Z</time>
      </trkpt>
      <trkpt lat="40.07603275839829" lon="116.33787550937811">
        <ele>44.2</ele>
        <time>2026-08-15T11:00:01.000Z</time>
      </trkpt>
      <trkpt lat="40.076056607441934" lon="116.33787236259661">
        <ele>44.2</ele>
        <time>2026-08-15T11:00:02.000Z</time>
      </trkpt>
      <trkpt lat="40.07608042493891" lon="116.33786973574095">
        <ele>44.2</ele>
        <time>2026-08-15T11:00:03.000Z</time>
      </trkpt>
      <trkpt lat="40.07610425606736" lon="116.33786746985307">
        <ele>44.2</ele>
        <time>2026-08-15T11:00:04.000Z</time>
      </trkpt>
      <trkpt lat="40.07612812141232" lon="116.33786565013372">
        <ele>44.2</ele>
        <time>2026-08-15T11:00:05.000Z</time>
      </trkpt>
      <trkpt lat="40.076151908551424" lon="116.33786441696827">
        <ele>44.2</ele>
        <time>2026-08-15T11:00:06.000Z</time>
      </trkpt>
      <trkpt lat="40.076175360442484" lon="116.33786344964165">
        <ele>44.2</ele>
        <time>2026-08-15T11:00:07.000Z</time>
      </trkpt>
      <trkpt lat="40.07619850125849" lon="116.33786246160312">
        <ele>44.2</ele>
        <time>2026-08-15T11:00:08.000Z</time>
      </trkpt>
      <trkpt lat="40.07622143520859" lon="116.33786154895519">
        <ele>44.2</ele>
        <time>2026-08-15T11:00:09.000Z</time>
      </trkpt>
      <trkpt lat="40.07624431641205" lon="116.33786067267852">
        <ele>44.2</ele>
        <time>2026-08-15T11:00:10.000Z</time>
      </trkpt>
      <trkpt lat="40.07626748931905" lon="116.33785957167396">
        <ele>44.2</ele>
        <time>2026-08-15T11:00:11.000Z</time>
      </trkpt>
      <trkpt lat="40.07629118678862" lon="116.3378583226078">
        <ele>44.2</ele>
        <time>2026-08-15T11:00:12.000Z</time>
      </trkpt>
      <trkpt lat="40.07631524529536" lon="116.33785735802645">
        <ele>44.2</ele>
        <time>2026-08-15T11:00:13.000Z</time>
      </trkpt>
      <trkpt lat="40.07633933251448" lon="116.33785674159793">
        <ele>44.2</ele>
        <time>2026-08-15T11:00:14.000Z</time>
      </trkpt>
      <trkpt lat="40.07636331323069" lon="116.33785603988628">
        <ele>44.2</ele>
        <time>2026-08-15T11:00:15.000Z</time>
      </trkpt>
      <trkpt lat="40.076387288876845" lon="116.33785500246033">
        <ele>44.2</ele>
        <time>2026-08-15T11:00:16.000Z</time>
      </trkpt>
      <trkpt lat="40.07641143412502" lon="116.33785389976971">
        <ele>44.2</ele>
        <time>2026-08-15T11:00:17.000Z</time>
      </trkpt>
      <trkpt lat="40.076435822077265" lon="116.3378531303099">
        <ele>44.2</ele>
        <time>2026-08-15T11:00:18.000Z</time>
      </trkpt>
      <trkpt lat="40.07646034086783" lon="116.33785273157719">
        <ele>44.2</ele>
        <time>2026-08-15T11:00:19.000Z</time>
      </trkpt>
      <trkpt lat="40.076484809943715" lon="116.3378525573731">
        <ele>44.2</ele>
        <time>2026-08-15T11:00:20.000Z</time>
      </trkpt>
      <trkpt lat="40.076509189469455" lon="116.33785256686494">
        <ele>44.2</ele>
        <time>2026-08-15T11:00:21.000Z</time>
      </trkpt>
      <trkpt lat="40.07653354780518" lon="116.33785254959157">
        <ele>44.2</ele>
        <time>2026-08-15T11:00:22.000Z</time>
      </trkpt>
      <trkpt lat="40.0765579803334" lon="116.3378522811826">
        <ele>44.2</ele>
        <time>2026-08-15T11:00:23.000Z</time>
      </trkpt>
      <trkpt lat="40.076582503457075" lon="116.3378519374899">
        <ele>44.2</ele>
        <time>2026-08-15T11:00:24.000Z</time>
      </trkpt>
      <trkpt lat="40.07660706968467" lon="116.33785154628934">
        <ele>44.2</ele>
        <time>2026-08-15T11:00:25.000Z</time>
      </trkpt>
      <trkpt lat="40.07663165478283" lon="116.33785095722308">
        <ele>44.2</ele>
        <time>2026-08-15T11:00:26.000Z</time>
      </trkpt>
      <trkpt lat="40.0766561976046" lon="116.33785022672778">
        <ele>44.2</ele>
        <time>2026-08-15T11:00:27.000Z</time>
      </trkpt>
      <trkpt lat="40.07668063619151" lon="116.337849403955">
        <ele>44.2</ele>
        <time>2026-08-15T11:00:28.000Z</time>
      </trkpt>
      <trkpt lat="40.076704975954094" lon="116.33784824973363">
        <ele>44.2</ele>
        <time>2026-08-15T11:00:29.000Z</time>
      </trkpt>
      <trkpt lat="40.07672924531375" lon="116.3378463008349">
        <ele>44.2</ele>
        <time>2026-08-15T11:00:30.000Z</time>
      </trkpt>
      <trkpt lat="40.076753220476434" lon="116.3378430972054">
        <ele>44.2</ele>
        <time>2026-08-15T11:00:31.000Z</time>
      </trkpt>
      <trkpt lat="40.076776600744985" lon="116.33783791041148">
        <ele>44.2</ele>
        <time>2026-08-15T11:00:32.000Z</time>
      </trkpt>
      <trkpt lat="40.0767991561101" lon="116.33782966321589">
        <ele>44.2</ele>
        <time>2026-08-15T11:00:33.000Z</time>
      </trkpt>
      <trkpt lat="40.076820778540885" lon="116.3378177582977">
        <ele>44.2</ele>
        <time>2026-08-15T11:00:34.000Z</time>
      </trkpt>
      <trkpt lat="40.07684143597934" lon="116.33780234510805">
        <ele>44.2</ele>
        <time>2026-08-15T11:00:35.000Z</time>
      </trkpt>
      <trkpt lat="40.07686106748459" lon="116.33778381311329">
        <ele>44.2</ele>
        <time>2026-08-15T11:00:36.000Z</time>
      </trkpt>
      <trkpt lat="40.07687978617233" lon="116.33776282339085">
        <ele>44.2</ele>
        <time>2026-08-15T11:00:37.000Z</time>
      </trkpt>
      <trkpt lat="40.07689751619923" lon="116.3377396988835">
        <ele>44.2</ele>
        <time>2026-08-15T11:00:38.000Z</time>
      </trkpt>
      <trkpt lat="40.076913975542546" lon="116.33771420669869">
        <ele>44.2</ele>
        <time>2026-08-15T11:00:39.000Z</time>
      </trkpt>
      <trkpt lat="40.07692912414602" lon="116.33768656091604">
        <ele>44.2</ele>
        <time>2026-08-15T11:00:40.000Z</time>
      </trkpt>
      <trkpt lat="40.076943025146136" lon="116.33765726310325">
        <ele>44.2</ele>
        <time>2026-08-15T11:00:41.000Z</time>
      </trkpt>
      <trkpt lat="40.07695551140678" lon="116.33762647056572">
        <ele>44.2</ele>
        <time>2026-08-15T11:00:42.000Z</time>
      </trkpt>
      <trkpt lat="40.07696627567521" lon="116.33759421740905">
        <ele>44.2</ele>
        <time>2026-08-15T11:00:43.000Z</time>
      </trkpt>
      <trkpt lat="40.07697521353259" lon="116.33756074939228">
        <ele>44.2</ele>
        <time>2026-08-15T11:00:44.000Z</time>
      </trkpt>
      <trkpt lat="40.076982359635444" lon="116.33752653894211">
        <ele>44.2</ele>
        <time>2026-08-15T11:00:45.000Z</time>
      </trkpt>
      <trkpt lat="40.076987884775484" lon="116.33749194534452">
        <ele>44.2</ele>
        <time>2026-08-15T11:00:46.000Z</time>
      </trkpt>
      <trkpt lat="40.07699216994118" lon="116.33745709780598">
        <ele>44.2</ele>
        <time>2026-08-15T11:00:47.000Z</time>
      </trkpt>
      <trkpt lat="40.07699530222465" lon="116.33742193621843">
        <ele>44.2</ele>
        <time>2026-08-15T11:00:48.000Z</time>
      </trkpt>
      <trkpt lat="40.07699706473937" lon="116.33738632786901">
        <ele>44.2</ele>
        <time>2026-08-15T11:00:49.000Z</time>
      </trkpt>
      <trkpt lat="40.07699728317896" lon="116.3373504156532">
        <ele>44.2</ele>
        <time>2026-08-15T11:00:50.000Z</time>
      </trkpt>
      <trkpt lat="40.07699584197535" lon="116.33731457581194">
        <ele>44.2</ele>
        <time>2026-08-15T11:00:51.000Z</time>
      </trkpt>
      <trkpt lat="40.07699276749064" lon="116.33727904773266">
        <ele>44.2</ele>
        <time>2026-08-15T11:00:52.000Z</time>
      </trkpt>
      <trkpt lat="40.07698813570755" lon="116.33724379888956">
        <ele>44.2</ele>
        <time>2026-08-15T11:00:53.000Z</time>
      </trkpt>
      <trkpt lat="40.076981787567036" lon="116.33720903122655">
        <ele>44.2</ele>
        <time>2026-08-15T11:00:54.000Z</time>
      </trkpt>
      <trkpt lat="40.07697353772168" lon="116.3371750660213">
        <ele>44.2</ele>
        <time>2026-08-15T11:00:55.000Z</time>
      </trkpt>
      <trkpt lat="40.07696369234116" lon="116.3371419506691">
        <ele>44.2</ele>
        <time>2026-08-15T11:00:56.000Z</time>
      </trkpt>
      <trkpt lat="40.07695267778581" lon="116.33710962084466">
        <ele>44.2</ele>
        <time>2026-08-15T11:00:57.000Z</time>
      </trkpt>
      <trkpt lat="40.07694049613617" lon="116.33707803822445">
        <ele>44.2</ele>
        <time>2026-08-15T11:00:58.000Z</time>
      </trkpt>
      <trkpt lat="40.07692680751582" lon="116.3370476039088">
        <ele>44.2</ele>
        <time>2026-08-15T11:00:59.000Z</time>
      </trkpt>
      <trkpt lat="40.076911211315654" lon="116.33701910733586">
        <ele>44.2</ele>
        <time>2026-08-15T11:01:00.000Z</time>
      </trkpt>
      <trkpt lat="40.07689361723425" lon="116.33699322930454">
        <ele>44.2</ele>
        <time>2026-08-15T11:01:01.000Z</time>
      </trkpt>
      <trkpt lat="40.07687413936294" lon="116.33697014105826">
        <ele>44.2</ele>
        <time>2026-08-15T11:01:02.000Z</time>
      </trkpt>
      <trkpt lat="40.076853050822194" lon="116.33694964059023">
        <ele>44.2</ele>
        <time>2026-08-15T11:01:03.000Z</time>
      </trkpt>
      <trkpt lat="40.0768305968319" lon="116.33693155537955">
        <ele>44.2</ele>
        <time>2026-08-15T11:01:04.000Z</time>
      </trkpt>
      <trkpt lat="40.07680692944204" lon="116.33691572844465">
        <ele>44.2</ele>
        <time>2026-08-15T11:01:05.000Z</time>
      </trkpt>
      <trkpt lat="40.07678226012922" lon="116.33690194483516">
        <ele>44.2</ele>
        <time>2026-08-15T11:01:06.000Z</time>
      </trkpt>
      <trkpt lat="40.0767565758858" lon="116.33689033066156">
        <ele>44.2</ele>
        <time>2026-08-15T11:01:07.000Z</time>
      </trkpt>
      <trkpt lat="40.07672986325961" lon="116.33688120017928">
        <ele>44.1</ele>
        <time>2026-08-15T11:01:08.000Z</time>
      </trkpt>
      <trkpt lat="40.07670238532395" lon="116.33687451669363">
        <ele>44.1</ele>
        <time>2026-08-15T11:01:09.000Z</time>
      </trkpt>
      <trkpt lat="40.07667452748796" lon="116.3368702013571">
        <ele>44.1</ele>
        <time>2026-08-15T11:01:10.000Z</time>
      </trkpt>
      <trkpt lat="40.07664653845202" lon="116.33686836242342">
        <ele>44.1</ele>
        <time>2026-08-15T11:01:11.000Z</time>
      </trkpt>
      <trkpt lat="40.07661851894333" lon="116.33686890143008">
        <ele>44.1</ele>
        <time>2026-08-15T11:01:12.000Z</time>
      </trkpt>
      <trkpt lat="40.076590450518104" lon="116.33687116013778">
        <ele>44.1</ele>
        <time>2026-08-15T11:01:13.000Z</time>
      </trkpt>
      <trkpt lat="40.076562357111165" lon="116.33687457805196">
        <ele>44.1</ele>
        <time>2026-08-15T11:01:14.000Z</time>
      </trkpt>
      <trkpt lat="40.07653441731865" lon="116.33687915876689">
        <ele>44.1</ele>
        <time>2026-08-15T11:01:15.000Z</time>
      </trkpt>
      <trkpt lat="40.076506672542585" lon="116.33688473129716">
        <ele>44.1</ele>
        <time>2026-08-15T11:01:16.000Z</time>
      </trkpt>
      <trkpt lat="40.07647897544923" lon="116.33689062128829">
        <ele>44.1</ele>
        <time>2026-08-15T11:01:17.000Z</time>
      </trkpt>
      <trkpt lat="40.07645132239949" lon="116.33689612605524">
        <ele>44.1</ele>
        <time>2026-08-15T11:01:18.000Z</time>
      </trkpt>
      <trkpt lat="40.07642381308658" lon="116.33690088488">
        <ele>44.1</ele>
        <time>2026-08-15T11:01:19.000Z</time>
      </trkpt>
      <trkpt lat="40.07639645351069" lon="116.33690487727691">
        <ele>44.1</ele>
        <time>2026-08-15T11:01:20.000Z</time>
      </trkpt>
      <trkpt lat="40.07636929188142" lon="116.33690824620676">
        <ele>44.1</ele>
        <time>2026-08-15T11:01:21.000Z</time>
      </trkpt>
      <trkpt lat="40.07634233108927" lon="116.336911152535">
        <ele>44.1</ele>
        <time>2026-08-15T11:01:22.000Z</time>
      </trkpt>
      <trkpt lat="40.07631557307253" lon="116.33691381311687">
        <ele>44.1</ele>
        <time>2026-08-15T11:01:23.000Z</time>
      </trkpt>
      <trkpt lat="40.076288988172855" lon="116.33691669047617">
        <ele>44.1</ele>
        <time>2026-08-15T11:01:24.000Z</time>
      </trkpt>
      <trkpt lat="40.0762624980028" lon="116.33691995355034">
        <ele>44.1</ele>
        <time>2026-08-15T11:01:25.000Z</time>
      </trkpt>
      <trkpt lat="40.07623605748085" lon="116.33692336228049">
        <ele>44.1</ele>
        <time>2026-08-15T11:01:26.000Z</time>
      </trkpt>
      <trkpt lat="40.07620972275233" lon="116.33692676787373">
        <ele>44.1</ele>
        <time>2026-08-15T11:01:27.000Z</time>
      </trkpt>
      <trkpt lat="40.07618353416641" lon="116.33692997867388">
        <ele>44.1</ele>
        <time>2026-08-15T11:01:28.000Z</time>
      </trkpt>
      <trkpt lat="40.07615743419598" lon="116.33693287134334">
        <ele>44.1</ele>
        <time>2026-08-15T11:01:29.000Z</time>
      </trkpt>
      <trkpt lat="40.07613140772423" lon="116.33693554711027">
        <ele>44.1</ele>
        <time>2026-08-15T11:01:30.000Z</time>
      </trkpt>
      <trkpt lat="40.07610555298985" lon="116.33693825597116">
        <ele>44.1</ele>
        <time>2026-08-15T11:01:31.000Z</time>
      </trkpt>
      <trkpt lat="40.076079953476125" lon="116.33694097162353">
        <ele>44.1</ele>
        <time>2026-08-15T11:01:32.000Z</time>
      </trkpt>
      <trkpt lat="40.07605463603755" lon="116.33694354312891">
        <ele>44.1</ele>
        <time>2026-08-15T11:01:33.000Z</time>
      </trkpt>
      <trkpt lat="40.07602957494276" lon="116.33694581580606">
        <ele>44.1</ele>
        <time>2026-08-15T11:01:34.000Z</time>
      </trkpt>
      <trkpt lat="40.076004639894386" lon="116.33694731978406">
        <ele>44.1</ele>
        <time>2026-08-15T11:01:35.000Z</time>
      </trkpt>
      <trkpt lat="40.075979700671176" lon="116.33694764884329">
        <ele>44.1</ele>
        <time>2026-08-15T11:01:36.000Z</time>
      </trkpt>
      <trkpt lat="40.07595474939733" lon="116.33694689324894">
        <ele>44.1</ele>
        <time>2026-08-15T11:01:37.000Z</time>
      </trkpt>
      <trkpt lat="40.075929817090184" lon="116.33694565162784">
        <ele>44.1</ele>
        <time>2026-08-15T11:01:38.000Z</time>
      </trkpt>
      <trkpt lat="40.07590489158735" lon="116.33694452579924">
        <ele>44.1</ele>
        <time>2026-08-15T11:01:39.000Z</time>
      </trkpt>
      <trkpt lat="40.075879998735346" lon="116.33694395140303">
        <ele>44.1</ele>
        <time>2026-08-15T11:01:40.000Z</time>
      </trkpt>
      <trkpt lat="40.075855237814274" lon="116.33694410820776">
        <ele>44.1</ele>
        <time>2026-08-15T11:01:41.000Z</time>
      </trkpt>
      <trkpt lat="40.07583067027999" lon="116.33694490583596">
        <ele>44.1</ele>
        <time>2026-08-15T11:01:42.000Z</time>
      </trkpt>
      <trkpt lat="40.075806221966175" lon="116.33694592106481">
        <ele>44.1</ele>
        <time>2026-08-15T11:01:43.000Z</time>
      </trkpt>
      <trkpt lat="40.0757818180549" lon="116.33694679638023">
        <ele>44.1</ele>
        <time>2026-08-15T11:01:44.000Z</time>
      </trkpt>
      <trkpt lat="40.075757518045" lon="116.33694783590725">
        <ele>44.1</ele>
        <time>2026-08-15T11:01:45.000Z</time>
      </trkpt>
      <trkpt lat="40.07573343209986" lon="116.33694947303977">
        <ele>44.1</ele>
        <time>2026-08-15T11:01:46.000Z</time>
      </trkpt>
      <trkpt lat="40.07570960743736" lon="116.33695204201538">
        <ele>44.1</ele>
        <time>2026-08-15T11:01:47.000Z</time>
      </trkpt>
      <trkpt lat="40.07568601196255" lon="116.33695575536282">
        <ele>44.1</ele>
        <time>2026-08-15T11:01:48.000Z</time>
      </trkpt>
      <trkpt lat="40.075662658650465" lon="116.33696075320881">
        <ele>44.1</ele>
        <time>2026-08-15T11:01:49.000Z</time>
      </trkpt>
      <trkpt lat="40.075639699187455" lon="116.3369673949481">
        <ele>44.1</ele>
        <time>2026-08-15T11:01:50.000Z</time>
      </trkpt>
      <trkpt lat="40.07561729226481" lon="116.33697591114222">
        <ele>44.2</ele>
        <time>2026-08-15T11:01:51.000Z</time>
      </trkpt>
      <trkpt lat="40.07559549591202" lon="116.3369862694139">
        <ele>44.2</ele>
        <time>2026-08-15T11:01:52.000Z</time>
      </trkpt>
      <trkpt lat="40.075574310110234" lon="116.3369983241974">
        <ele>44.2</ele>
        <time>2026-08-15T11:01:53.000Z</time>
      </trkpt>
      <trkpt lat="40.075553783484345" lon="116.33701200289953">
        <ele>44.2</ele>
        <time>2026-08-15T11:01:54.000Z</time>
      </trkpt>
      <trkpt lat="40.075534036915386" lon="116.33702721415386">
        <ele>44.2</ele>
        <time>2026-08-15T11:01:55.000Z</time>
      </trkpt>
      <trkpt lat="40.075515221041954" lon="116.33704376411984">
        <ele>44.2</ele>
        <time>2026-08-15T11:01:56.000Z</time>
      </trkpt>
      <trkpt lat="40.07549761635487" lon="116.337061846865">
        <ele>44.2</ele>
        <time>2026-08-15T11:01:57.000Z</time>
      </trkpt>
      <trkpt lat="40.07548169766827" lon="116.337081963243">
        <ele>44.2</ele>
        <time>2026-08-15T11:01:58.000Z</time>
      </trkpt>
      <trkpt lat="40.0754679213333" lon="116.33710467343539">
        <ele>44.2</ele>
        <time>2026-08-15T11:01:59.000Z</time>
      </trkpt>
      <trkpt lat="40.0754564413096" lon="116.33713012741441">
        <ele>44.2</ele>
        <time>2026-08-15T11:02:00.000Z</time>
      </trkpt>
      <trkpt lat="40.07544723492471" lon="116.33715799408768">
        <ele>44.2</ele>
        <time>2026-08-15T11:02:01.000Z</time>
      </trkpt>
      <trkpt lat="40.07544029122308" lon="116.3371877717166">
        <ele>44.2</ele>
        <time>2026-08-15T11:02:02.000Z</time>
      </trkpt>
      <trkpt lat="40.07543544208259" lon="116.33721887644846">
        <ele>44.2</ele>
        <time>2026-08-15T11:02:03.000Z</time>
      </trkpt>
      <trkpt lat="40.07543233990835" lon="116.33725087017486">
        <ele>44.2</ele>
        <time>2026-08-15T11:02:04.000Z</time>
      </trkpt>
      <trkpt lat="40.075430889868116" lon="116.33728352976243">
        <ele>44.2</ele>
        <time>2026-08-15T11:02:05.000Z</time>
      </trkpt>
      <trkpt lat="40.07543127935377" lon="116.33731676416635">
        <ele>44.2</ele>
        <time>2026-08-15T11:02:06.000Z</time>
      </trkpt>
      <trkpt lat="40.07543353897716" lon="116.3373503457455">
        <ele>44.2</ele>
        <time>2026-08-15T11:02:07.000Z</time>
      </trkpt>
      <trkpt lat="40.07543719728982" lon="116.33738383885087">
        <ele>44.2</ele>
        <time>2026-08-15T11:02:08.000Z</time>
      </trkpt>
      <trkpt lat="40.075441882924665" lon="116.33741698873003">
        <ele>44.2</ele>
        <time>2026-08-15T11:02:09.000Z</time>
      </trkpt>
      <trkpt lat="40.075447674696605" lon="116.33744985080965">
        <ele>44.2</ele>
        <time>2026-08-15T11:02:10.000Z</time>
      </trkpt>
      <trkpt lat="40.075454448581525" lon="116.3374825012441">
        <ele>44.2</ele>
        <time>2026-08-15T11:02:11.000Z</time>
      </trkpt>
      <trkpt lat="40.075461979017525" lon="116.33751496199577">
        <ele>44.2</ele>
        <time>2026-08-15T11:02:12.000Z</time>
      </trkpt>
      <trkpt lat="40.07547030431623" lon="116.33754718452353">
        <ele>44.3</ele>
        <time>2026-08-15T11:02:13.000Z</time>
      </trkpt>
      <trkpt lat="40.075479678003184" lon="116.33757900877175">
        <ele>44.3</ele>
        <time>2026-08-15T11:02:14.000Z</time>
      </trkpt>
      <trkpt lat="40.07549048005637" lon="116.33761003731814">
        <ele>44.3</ele>
        <time>2026-08-15T11:02:15.000Z</time>
      </trkpt>
      <trkpt lat="40.07550309380249" lon="116.33763971407728">
        <ele>44.3</ele>
        <time>2026-08-15T11:02:16.000Z</time>
      </trkpt>
      <trkpt lat="40.07551757563912" lon="116.33766778895107">
        <ele>44.3</ele>
        <time>2026-08-15T11:02:17.000Z</time>
      </trkpt>
      <trkpt lat="40.075533684288935" lon="116.33769454675483">
        <ele>44.4</ele>
        <time>2026-08-15T11:02:18.000Z</time>
      </trkpt>
      <trkpt lat="40.07555134927543" lon="116.33771999927858">
        <ele>44.4</ele>
        <time>2026-08-15T11:02:19.000Z</time>
      </trkpt>
      <trkpt lat="40.075570696209375" lon="116.33774368036171">
        <ele>44.4</ele>
        <time>2026-08-15T11:02:20.000Z</time>
      </trkpt>
      <trkpt lat="40.07559156138746" lon="116.33776543396039">
        <ele>44.4</ele>
        <time>2026-08-15T11:02:21.000Z</time>
      </trkpt>
      <trkpt lat="40.07561363558684" lon="116.33778534305932">
        <ele>44.4</ele>
        <time>2026-08-15T11:02:22.000Z</time>
      </trkpt>
      <trkpt lat="40.075636796589606" lon="116.33780349293427">
        <ele>44.4</ele>
        <time>2026-08-15T11:02:23.000Z</time>
      </trkpt>
      <trkpt lat="40.075660824034344" lon="116.33782001826907">
        <ele>44.4</ele>
        <time>2026-08-15T11:02:24.000Z</time>
      </trkpt>
      <trkpt lat="40.0756855055426" lon="116.33783481415078">
        <ele>44.4</ele>
        <time>2026-08-15T11:02:25.000Z</time>
      </trkpt>
      <trkpt lat="40.075710740648546" lon="116.33784758730148">
        <ele>44.4</ele>
        <time>2026-08-15T11:02:26.000Z</time>
      </trkpt>
      <trkpt lat="40.07573642980623" lon="116.33785842420325">
        <ele>44.4</ele>
        <time>2026-08-15T11:02:27.000Z</time>
      </trkpt>
      <trkpt lat="40.075762497949036" lon="116.33786723699313">
        <ele>44.3</ele>
        <time>2026-08-15T11:02:28.000Z</time>
      </trkpt>
      <trkpt lat="40.07578887385755" lon="116.33787368067937">
        <ele>44.3</ele>
        <time>2026-08-15T11:02:29.000Z</time>
      </trkpt>
      <trkpt lat="40.07581537092649" lon="116.33787808380329">
        <ele>44.3</ele>
        <time>2026-08-15T11:02:30.000Z</time>
      </trkpt>
      <trkpt lat="40.07584195477928" lon="116.33788098264057">
        <ele>44.3</ele>
        <time>2026-08-15T11:02:31.000Z</time>
      </trkpt>
      <trkpt lat="40.07586880482228" lon="116.33788244117501">
        <ele>44.3</ele>
        <time>2026-08-15T11:02:32.000Z</time>
      </trkpt>
      <trkpt lat="40.07589585251819" lon="116.33788261700701">
        <ele>44.3</ele>
        <time>2026-08-15T11:02:33.000Z</time>
      </trkpt>
      <trkpt lat="40.07592287386994" lon="116.33788193432584">
        <ele>44.3</ele>
        <time>2026-08-15T11:02:34.000Z</time>
      </trkpt>
      <trkpt lat="40.07594970725414" lon="116.33788053338078">
        <ele>44.3</ele>
        <time>2026-08-15T11:02:35.000Z</time>
      </trkpt>
      <trkpt lat="40.075976310506896" lon="116.33787854389922">
        <ele>44.3</ele>
        <time>2026-08-15T11:02:36.000Z</time>
      </trkpt>
      <trkpt lat="40.07600277730275" lon="116.33787615689278">
        <ele>44.3</ele>
        <time>2026-08-15T11:02:37.000Z</time>
      </trkpt>
      <trkpt lat="40.07602911657143" lon="116.33787327607418">
        <ele>44.3</ele>
        <time>2026-08-15T11:02:38.000Z</time>
      </trkpt>
      <trkpt lat="40.07605541271124" lon="116.33787019696808">
        <ele>44.3</ele>
        <time>2026-08-15T11:02:39.000Z</time>
      </trkpt>
      <trkpt lat="40.076081736523946" lon="116.3378675409159">
        <ele>44.3</ele>
        <time>2026-08-15T11:02:40.000Z</time>
      </trkpt>
      <trkpt lat="40.07610812891141" lon="116.33786532691842">
        <ele>44.3</ele>
        <time>2026-08-15T11:02:41.000Z</time>
      </trkpt>
      <trkpt lat="40.0761344487304" lon="116.33786326894024">
        <ele>44.3</ele>
        <time>2026-08-15T11:02:42.000Z</time>
      </trkpt>
      <trkpt lat="40.07616059974399" lon="116.3378610185756">
        <ele>44.3</ele>
        <time>2026-08-15T11:02:43.000Z</time>
      </trkpt>
      <trkpt lat="40.07618665610008" lon="116.33785855258066">
        <ele>44.3</ele>
        <time>2026-08-15T11:02:44.000Z</time>
      </trkpt>
      <trkpt lat="40.07621273445538" lon="116.33785609558645">
        <ele>44.3</ele>
        <time>2026-08-15T11:02:45.000Z</time>
      </trkpt>
      <trkpt lat="40.07623887133004" lon="116.3378538227013">
        <ele>44.3</ele>
        <time>2026-08-15T11:02:46.000Z</time>
      </trkpt>
      <trkpt lat="40.07626509592188" lon="116.33785185916096">
        <ele>44.3</ele>
        <time>2026-08-15T11:02:47.000Z</time>
      </trkpt>
      <trkpt lat="40.07629141184452" lon="116.33785010818025">
        <ele>44.3</ele>
        <time>2026-08-15T11:02:48.000Z</time>
      </trkpt>
      <trkpt lat="40.07631772924413" lon="116.33784836656311">
        <ele>44.3</ele>
        <time>2026-08-15T11:02:49.000Z</time>
      </trkpt>
      <trkpt lat="40.076344022373014" lon="116.33784649401161">
        <ele>44.3</ele>
        <time>2026-08-15T11:02:50.000Z</time>
      </trkpt>
      <trkpt lat="40.07637030314119" lon="116.33784479869867">
        <ele>44.3</ele>
        <time>2026-08-15T11:02:51.000Z</time>
      </trkpt>
      <trkpt lat="40.0763965495799" lon="116.33784365331411">
        <ele>44.3</ele>
        <time>2026-08-15T11:02:52.000Z</time>
      </trkpt>
      <trkpt lat="40.07642280832672" lon="116.33784296256938">
        <ele>44.3</ele>
        <time>2026-08-15T11:02:53.000Z</time>
        <extensions>
  <gpxtpx:TrackPointExtension>
    <gpxtpx:hr>176</gpxtpx:hr>
  </gpxtpx:TrackPointExtension>
</extensions>
      </trkpt>
      <trkpt lat="40.07644915975865" lon="116.33784241150325">
        <ele>44.3</ele>
        <time>2026-08-15T11:02:54.000Z</time>
        <extensions>
  <gpxtpx:TrackPointExtension>
    <gpxtpx:hr>176</gpxtpx:hr>
  </gpxtpx:TrackPointExtension>
</extensions>
      </trkpt>
      <trkpt lat="40.076475675161916" lon="116.33784192972227">
        <ele>44.3</ele>
        <time>2026-08-15T11:02:55.000Z</time>
        <extensions>
  <gpxtpx:TrackPointExtension>
    <gpxtpx:hr>176</gpxtpx:hr>
  </gpxtpx:TrackPointExtension>
</extensions>
      </trkpt>
      <trkpt lat="40.07650235044142" lon="116.33784170287109">
        <ele>44.4</ele>
        <time>2026-08-15T11:02:56.000Z</time>
        <extensions>
  <gpxtpx:TrackPointExtension>
    <gpxtpx:hr>176</gpxtpx:hr>
  </gpxtpx:TrackPointExtension>
</extensions>
      </trkpt>
      <trkpt lat="40.076529105372124" lon="116.33784181614519">
        <ele>44.4</ele>
        <time>2026-08-15T11:02:57.000Z</time>
        <extensions>
  <gpxtpx:TrackPointExtension>
    <gpxtpx:hr>176</gpxtpx:hr>
  </gpxtpx:TrackPointExtension>
</extensions>
      </trkpt>
      <trkpt lat="40.076555880450776" lon="116.3378420988739">
        <ele>44.4</ele>
        <time>2026-08-15T11:02:58.000Z</time>
        <extensions>
  <gpxtpx:TrackPointExtension>
    <gpxtpx:hr>176</gpxtpx:hr>
  </gpxtpx:TrackPointExtension>
</extensions>
      </trkpt>
      <trkpt lat="40.07658258900292" lon="116.33784228858774">
        <ele>44.4</ele>
        <time>2026-08-15T11:02:59.000Z</time>
        <extensions>
  <gpxtpx:TrackPointExtension>
    <gpxtpx:hr>176</gpxtpx:hr>
  </gpxtpx:TrackPointExtension>
</extensions>
      </trkpt>
      <trkpt lat="40.07660915208258" lon="116.33784242265399">
        <ele>44.4</ele>
        <time>2026-08-15T11:03:00.000Z</time>
        <extensions>
  <gpxtpx:TrackPointExtension>
    <gpxtpx:hr>176</gpxtpx:hr>
  </gpxtpx:TrackPointExtension>
</extensions>
      </trkpt>
      <trkpt lat="40.07663555845427" lon="116.33784270506563">
        <ele>44.4</ele>
        <time>2026-08-15T11:03:01.000Z</time>
        <extensions>
  <gpxtpx:TrackPointExtension>
    <gpxtpx:hr>176</gpxtpx:hr>
  </gpxtpx:TrackPointExtension>
</extensions>
      </trkpt>
      <trkpt lat="40.076661789880795" lon="116.33784293750232">
        <ele>44.4</ele>
        <time>2026-08-15T11:03:02.000Z</time>
        <extensions>
  <gpxtpx:TrackPointExtension>
    <gpxtpx:hr>176</gpxtpx:hr>
  </gpxtpx:TrackPointExtension>
</extensions>
      </trkpt>
      <trkpt lat="40.07668783576868" lon="116.33784264829984">
        <ele>44.4</ele>
        <time>2026-08-15T11:03:03.000Z</time>
      </trkpt>
      <trkpt lat="40.076713637542746" lon="116.33784152278251">
        <ele>44.4</ele>
        <time>2026-08-15T11:03:04.000Z</time>
      </trkpt>
      <trkpt lat="40.076739113529015" lon="116.3378393570309">
        <ele>44.4</ele>
        <time>2026-08-15T11:03:05.000Z</time>
      </trkpt>
      <trkpt lat="40.076764108051165" lon="116.33783577070415">
        <ele>44.4</ele>
        <time>2026-08-15T11:03:06.000Z</time>
      </trkpt>
      <trkpt lat="40.07678840043005" lon="116.33782970167952">
        <ele>44.4</ele>
        <time>2026-08-15T11:03:07.000Z</time>
      </trkpt>
      <trkpt lat="40.07681196144444" lon="116.33781968451271">
        <ele>44.4</ele>
        <time>2026-08-15T11:03:08.000Z</time>
      </trkpt>
      <trkpt lat="40.07683452843025" lon="116.33780485901032">
        <ele>44.4</ele>
        <time>2026-08-15T11:03:09.000Z</time>
      </trkpt>
      <trkpt lat="40.07685567906143" lon="116.33778537912804">
        <ele>44.4</ele>
        <time>2026-08-15T11:03:10.000Z</time>
      </trkpt>
      <trkpt lat="40.07687525655979" lon="116.3377620109658">
        <ele>44.4</ele>
        <time>2026-08-15T11:03:11.000Z</time>
      </trkpt>
      <trkpt lat="40.076893312609656" lon="116.33773565690221">
        <ele>44.4</ele>
        <time>2026-08-15T11:03:12.000Z</time>
      </trkpt>
      <trkpt lat="40.07691005963902" lon="116.33770726250971">
        <ele>44.4</ele>
        <time>2026-08-15T11:03:13.000Z</time>
      </trkpt>
      <trkpt lat="40.076925657578585" lon="116.33767766782192">
        <ele>44.4</ele>
        <time>2026-08-15T11:03:14.000Z</time>
      </trkpt>
      <trkpt lat="40.076940104854785" lon="116.3376472465508">
        <ele>44.4</ele>
        <time>2026-08-15T11:03:15.000Z</time>
      </trkpt>
      <trkpt lat="40.07695335382516" lon="116.33761584185446">
        <ele>44.3</ele>
        <time>2026-08-15T11:03:16.000Z</time>
      </trkpt>
      <trkpt lat="40.076965429196335" lon="116.33758331086078">
        <ele>44.3</ele>
        <time>2026-08-15T11:03:17.000Z</time>
      </trkpt>
      <trkpt lat="40.07697666289573" lon="116.33755006370765">
        <ele>44.3</ele>
        <time>2026-08-15T11:03:18.000Z</time>
      </trkpt>
      <trkpt lat="40.07698751583741" lon="116.33751662713576">
        <ele>44.3</ele>
        <time>2026-08-15T11:03:19.000Z</time>
      </trkpt>
      <trkpt lat="40.07699808487802" lon="116.33748307148755">
        <ele>44.3</ele>
        <time>2026-08-15T11:03:20.000Z</time>
      </trkpt>
      <trkpt lat="40.07700841210304" lon="116.33744927306299">
        <ele>44.3</ele>
        <time>2026-08-15T11:03:21.000Z</time>
      </trkpt>
      <trkpt lat="40.07701851752321" lon="116.33741518003893">
        <ele>44.3</ele>
        <time>2026-08-15T11:03:22.000Z</time>
      </trkpt>
      <trkpt lat="40.0770281847676" lon="116.3373808842781">
        <ele>44.3</ele>
        <time>2026-08-15T11:03:23.000Z</time>
      </trkpt>
      <trkpt lat="40.077037021586065" lon="116.33734660275138">
        <ele>44.3</ele>
        <time>2026-08-15T11:03:24.000Z</time>
      </trkpt>
      <trkpt lat="40.07704443700097" lon="116.33731270450795">
        <ele>44.3</ele>
        <time>2026-08-15T11:03:25.000Z</time>
      </trkpt>
      <trkpt lat="40.07704954125621" lon="116.33727937772254">
        <ele>44.3</ele>
        <time>2026-08-15T11:03:26.000Z</time>
      </trkpt>
      <trkpt lat="40.07705135175142" lon="116.33724637733329">
        <ele>44.3</ele>
        <time>2026-08-15T11:03:27.000Z</time>
      </trkpt>
      <trkpt lat="40.07704899165385" lon="116.33721317440806">
        <ele>44.3</ele>
        <time>2026-08-15T11:03:28.000Z</time>
      </trkpt>
      <trkpt lat="40.077042568226354" lon="116.33717941133995">
        <ele>44.3</ele>
        <time>2026-08-15T11:03:29.000Z</time>
      </trkpt>
      <trkpt lat="40.077032818145916" lon="116.33714547405964">
        <ele>44.3</ele>
        <time>2026-08-15T11:03:30.000Z</time>
      </trkpt>
      <trkpt lat="40.07701988781745" lon="116.33711243750295">
        <ele>44.3</ele>
        <time>2026-08-15T11:03:31.000Z</time>
      </trkpt>
      <trkpt lat="40.07700380543807" lon="116.3370812929157">
        <ele>44.3</ele>
        <time>2026-08-15T11:03:32.000Z</time>
      </trkpt>
      <trkpt lat="40.076984781803425" lon="116.33705261472119">
        <ele>44.3</ele>
        <time>2026-08-15T11:03:33.000Z</time>
      </trkpt>
      <trkpt lat="40.07696315690801" lon="116.33702655058477">
        <ele>44.3</ele>
        <time>2026-08-15T11:03:34.000Z</time>
      </trkpt>
      <trkpt lat="40.076939487658755" lon="116.3370029335183">
        <ele>44.3</ele>
        <time>2026-08-15T11:03:35.000Z</time>
      </trkpt>
      <trkpt lat="40.07691445065835" lon="116.33698142037026">
        <ele>44.4</ele>
        <time>2026-08-15T11:03:36.000Z</time>
      </trkpt>
      <trkpt lat="40.07688851595707" lon="116.3369618458675">
        <ele>44.4</ele>
        <time>2026-08-15T11:03:37.000Z</time>
      </trkpt>
      <trkpt lat="40.07686196632206" lon="116.33694414257775">
        <ele>44.4</ele>
        <time>2026-08-15T11:03:38.000Z</time>
      </trkpt>
      <trkpt lat="40.07683509563304" lon="116.33692819443701">
        <ele>44.4</ele>
        <time>2026-08-15T11:03:39.000Z</time>
      </trkpt>
      <trkpt lat="40.07680801963565" lon="116.3369142032711">
        <ele>44.4</ele>
        <time>2026-08-15T11:03:40.000Z</time>
      </trkpt>
      <trkpt lat="40.07678044902873" lon="116.33690219544229">
        <ele>44.4</ele>
        <time>2026-08-15T11:03:41.000Z</time>
      </trkpt>
      <trkpt lat="40.07675203271945" lon="116.33689210849754">
        <ele>44.4</ele>
        <time>2026-08-15T11:03:42.000Z</time>
      </trkpt>
      <trkpt lat="40.076722742234026" lon="116.33688445841354">
        <ele>44.3</ele>
        <time>2026-08-15T11:03:43.000Z</time>
      </trkpt>
      <trkpt lat="40.07669280842797" lon="116.33687954124112">
        <ele>44.3</ele>
        <time>2026-08-15T11:03:44.000Z</time>
      </trkpt>
      <trkpt lat="40.07666255074687" lon="116.33687702458404">
        <ele>44.3</ele>
        <time>2026-08-15T11:03:45.000Z</time>
      </trkpt>
      <trkpt lat="40.076632299750905" lon="116.33687659775131">
        <ele>44.3</ele>
        <time>2026-08-15T11:03:46.000Z</time>
      </trkpt>
      <trkpt lat="40.076602346289924" lon="116.33687808575367">
        <ele>44.3</ele>
        <time>2026-08-15T11:03:47.000Z</time>
      </trkpt>
      <trkpt lat="40.07657275947765" lon="116.33688122100443">
        <ele>44.3</ele>
        <time>2026-08-15T11:03:48.000Z</time>
      </trkpt>
      <trkpt lat="40.07654360441156" lon="116.33688565520916">
        <ele>44.3</ele>
        <time>2026-08-15T11:03:49.000Z</time>
      </trkpt>
      <trkpt lat="40.07651480862576" lon="116.33689091987337">
        <ele>44.3</ele>
        <time>2026-08-15T11:03:50.000Z</time>
      </trkpt>
      <trkpt lat="40.07648607550385" lon="116.3368963801259">
        <ele>44.3</ele>
        <time>2026-08-15T11:03:51.000Z</time>
      </trkpt>
      <trkpt lat="40.076457211667325" lon="116.33690144648128">
        <ele>44.3</ele>
        <time>2026-08-15T11:03:52.000Z</time>
      </trkpt>
      <trkpt lat="40.07642825142616" lon="116.33690613325193">
        <ele>44.3</ele>
        <time>2026-08-15T11:03:53.000Z</time>
      </trkpt>
      <trkpt lat="40.07639936262212" lon="116.33691076478016">
        <ele>44.3</ele>
        <time>2026-08-15T11:03:54.000Z</time>
      </trkpt>
      <trkpt lat="40.07637066557439" lon="116.33691524663851">
        <ele>44.3</ele>
        <time>2026-08-15T11:03:55.000Z</time>
      </trkpt>
      <trkpt lat="40.07634222014794" lon="116.33691935349316">
        <ele>44.3</ele>
        <time>2026-08-15T11:03:56.000Z</time>
      </trkpt>
      <trkpt lat="40.07631406278864" lon="116.33692308051728">
        <ele>44.3</ele>
        <time>2026-08-15T11:03:57.000Z</time>
      </trkpt>
      <trkpt lat="40.076286179318345" lon="116.33692656564297">
        <ele>44.3</ele>
        <time>2026-08-15T11:03:58.000Z</time>
      </trkpt>
      <trkpt lat="40.07625846419585" lon="116.336929675036">
        <ele>44.3</ele>
        <time>2026-08-15T11:03:59.000Z</time>
      </trkpt>
      <trkpt lat="40.0762307786204" lon="116.33693200549037">
        <ele>44.3</ele>
        <time>2026-08-15T11:04:00.000Z</time>
      </trkpt>
      <trkpt lat="40.076203117440336" lon="116.33693323744075">
        <ele>44.3</ele>
        <time>2026-08-15T11:04:01.000Z</time>
      </trkpt>
      <trkpt lat="40.07617561793653" lon="116.33693318787964">
        <ele>44.3</ele>
        <time>2026-08-15T11:04:02.000Z</time>
      </trkpt>
      <trkpt lat="40.07614835706586" lon="116.33693227872304">
        <ele>44.3</ele>
        <time>2026-08-15T11:04:03.000Z</time>
      </trkpt>
      <trkpt lat="40.07612124462381" lon="116.33693181627335">
        <ele>44.3</ele>
        <time>2026-08-15T11:04:04.000Z</time>
      </trkpt>
      <trkpt lat="40.076094134391106" lon="116.33693255203694">
        <ele>44.3</ele>
        <time>2026-08-15T11:04:05.000Z</time>
      </trkpt>
      <trkpt lat="40.07606692659988" lon="116.33693430119743">
        <ele>44.3</ele>
        <time>2026-08-15T11:04:06.000Z</time>
      </trkpt>
      <trkpt lat="40.076039652846845" lon="116.33693680395683">
        <ele>44.3</ele>
        <time>2026-08-15T11:04:07.000Z</time>
      </trkpt>
      <trkpt lat="40.07601242602903" lon="116.33693980154743">
        <ele>44.3</ele>
        <time>2026-08-15T11:04:08.000Z</time>
      </trkpt>
      <trkpt lat="40.07598529463946" lon="116.3369428991569">
        <ele>44.3</ele>
        <time>2026-08-15T11:04:09.000Z</time>
      </trkpt>
      <trkpt lat="40.075958247801005" lon="116.33694565070805">
        <ele>44.3</ele>
        <time>2026-08-15T11:04:10.000Z</time>
      </trkpt>
      <trkpt lat="40.075931345582454" lon="116.33694812083098">
        <ele>44.3</ele>
        <time>2026-08-15T11:04:11.000Z</time>
      </trkpt>
      <trkpt lat="40.075904644268626" lon="116.33695054525003">
        <ele>44.3</ele>
        <time>2026-08-15T11:04:12.000Z</time>
      </trkpt>
      <trkpt lat="40.07587808494938" lon="116.33695278175342">
        <ele>44.3</ele>
        <time>2026-08-15T11:04:13.000Z</time>
      </trkpt>
      <trkpt lat="40.07585161282143" lon="116.33695458761855">
        <ele>44.3</ele>
        <time>2026-08-15T11:04:14.000Z</time>
      </trkpt>
      <trkpt lat="40.07582526489851" lon="116.33695608602903">
        <ele>44.3</ele>
        <time>2026-08-15T11:04:15.000Z</time>
      </trkpt>
      <trkpt lat="40.075799068576444" lon="116.33695768786049">
        <ele>44.3</ele>
        <time>2026-08-15T11:04:16.000Z</time>
      </trkpt>
      <trkpt lat="40.07577305284492" lon="116.3369597464822">
        <ele>44.3</ele>
        <time>2026-08-15T11:04:17.000Z</time>
      </trkpt>
      <trkpt lat="40.075747265649234" lon="116.33696231857294">
        <ele>44.3</ele>
        <time>2026-08-15T11:04:18.000Z</time>
      </trkpt>
      <trkpt lat="40.07572174197569" lon="116.3369653385868">
        <ele>44.3</ele>
        <time>2026-08-15T11:04:19.000Z</time>
      </trkpt>
      <trkpt lat="40.07569649543373" lon="116.33696898031391">
        <ele>44.3</ele>
        <time>2026-08-15T11:04:20.000Z</time>
      </trkpt>
      <trkpt lat="40.075671484627065" lon="116.33697342321594">
        <ele>44.3</ele>
        <time>2026-08-15T11:04:21.000Z</time>
      </trkpt>
      <trkpt lat="40.07564671236643" lon="116.33697900775827">
        <ele>44.3</ele>
        <time>2026-08-15T11:04:22.000Z</time>
      </trkpt>
      <trkpt lat="40.07562218414286" lon="116.33698600035987">
        <ele>44.3</ele>
        <time>2026-08-15T11:04:23.000Z</time>
      </trkpt>
      <trkpt lat="40.07559792347185" lon="116.3369944033603">
        <ele>44.3</ele>
        <time>2026-08-15T11:04:24.000Z</time>
      </trkpt>
      <trkpt lat="40.0755740266199" lon="116.33700393282254">
        <ele>44.3</ele>
        <time>2026-08-15T11:04:25.000Z</time>
      </trkpt>
      <trkpt lat="40.07555054585621" lon="116.33701424916146">
        <ele>44.4</ele>
        <time>2026-08-15T11:04:26.000Z</time>
      </trkpt>
      <trkpt lat="40.0755275284206" lon="116.33702533928563">
        <ele>44.4</ele>
        <time>2026-08-15T11:04:27.000Z</time>
      </trkpt>
      <trkpt lat="40.07550513207772" lon="116.33703767558679">
        <ele>44.4</ele>
        <time>2026-08-15T11:04:28.000Z</time>
      </trkpt>
      <trkpt lat="40.075483577159744" lon="116.33705201714122">
        <ele>44.4</ele>
        <time>2026-08-15T11:04:29.000Z</time>
      </trkpt>
      <trkpt lat="40.07546310293863" lon="116.33706872887558">
        <ele>44.3</ele>
        <time>2026-08-15T11:04:30.000Z</time>
      </trkpt>
      <trkpt lat="40.07544395004471" lon="116.33708784207758">
        <ele>44.3</ele>
        <time>2026-08-15T11:04:31.000Z</time>
      </trkpt>
      <trkpt lat="40.07542631734829" lon="116.33710924455133">
        <ele>44.3</ele>
        <time>2026-08-15T11:04:32.000Z</time>
      </trkpt>
      <trkpt lat="40.07541032194865" lon="116.3371326423496">
        <ele>44.3</ele>
        <time>2026-08-15T11:04:33.000Z</time>
      </trkpt>
      <trkpt lat="40.07539612457647" lon="116.33715774736866">
        <ele>44.4</ele>
        <time>2026-08-15T11:04:34.000Z</time>
      </trkpt>
      <trkpt lat="40.07538423897313" lon="116.3371847201132">
        <ele>44.4</ele>
        <time>2026-08-15T11:04:35.000Z</time>
      </trkpt>
      <trkpt lat="40.07537527132129" lon="116.33721375710805">
        <ele>44.4</ele>
        <time>2026-08-15T11:04:36.000Z</time>
      </trkpt>
      <trkpt lat="40.07536944962573" lon="116.33724457943799">
        <ele>44.4</ele>
        <time>2026-08-15T11:04:37.000Z</time>
      </trkpt>
      <trkpt lat="40.07536625885495" lon="116.33727667956369">
        <ele>44.4</ele>
        <time>2026-08-15T11:04:38.000Z</time>
      </trkpt>
      <trkpt lat="40.075364957888034" lon="116.33730956751018">
        <ele>44.4</ele>
        <time>2026-08-15T11:04:39.000Z</time>
      </trkpt>
      <trkpt lat="40.07536535242865" lon="116.33734286344934">
        <ele>44.4</ele>
        <time>2026-08-15T11:04:40.000Z</time>
      </trkpt>
      <trkpt lat="40.075367561985196" lon="116.33737620992866">
        <ele>44.4</ele>
        <time>2026-08-15T11:04:41.000Z</time>
      </trkpt>
      <trkpt lat="40.07537162795917" lon="116.33740931548034">
        <ele>44.4</ele>
        <time>2026-08-15T11:04:42.000Z</time>
      </trkpt>
      <trkpt lat="40.07537738977945" lon="116.33744204287329">
        <ele>44.4</ele>
        <time>2026-08-15T11:04:43.000Z</time>
      </trkpt>
      <trkpt lat="40.075384501421375" lon="116.33747431622658">
        <ele>44.4</ele>
        <time>2026-08-15T11:04:44.000Z</time>
      </trkpt>
      <trkpt lat="40.07539295483073" lon="116.33750595111566">
        <ele>44.4</ele>
        <time>2026-08-15T11:04:45.000Z</time>
      </trkpt>
      <trkpt lat="40.07540307614504" lon="116.3375367858147">
        <ele>44.4</ele>
        <time>2026-08-15T11:04:46.000Z</time>
      </trkpt>
      <trkpt lat="40.075414838706145" lon="116.33756677139198">
        <ele>44.4</ele>
        <time>2026-08-15T11:04:47.000Z</time>
      </trkpt>
      <trkpt lat="40.075428037081394" lon="116.33759588220083">
        <ele>44.4</ele>
        <time>2026-08-15T11:04:48.000Z</time>
      </trkpt>
      <trkpt lat="40.07544255025751" lon="116.33762405776713">
        <ele>44.4</ele>
        <time>2026-08-15T11:04:49.000Z</time>
      </trkpt>
      <trkpt lat="40.07545845841912" lon="116.33765114281925">
        <ele>44.4</ele>
        <time>2026-08-15T11:04:50.000Z</time>
      </trkpt>
      <trkpt lat="40.07547591101155" lon="116.3376769285806">
        <ele>44.5</ele>
        <time>2026-08-15T11:04:51.000Z</time>
      </trkpt>
      <trkpt lat="40.07549469778986" lon="116.33770139913352">
        <ele>44.5</ele>
        <time>2026-08-15T11:04:52.000Z</time>
      </trkpt>
      <trkpt lat="40.07551433448614" lon="116.33772476471236">
        <ele>44.5</ele>
        <time>2026-08-15T11:04:53.000Z</time>
      </trkpt>
      <trkpt lat="40.07553455378309" lon="116.33774702184907">
        <ele>44.5</ele>
        <time>2026-08-15T11:04:54.000Z</time>
      </trkpt>
      <trkpt lat="40.07555546093715" lon="116.33776772519444">
        <ele>44.5</ele>
        <time>2026-08-15T11:04:55.000Z</time>
      </trkpt>
      <trkpt lat="40.07557732108393" lon="116.3377865450047">
        <ele>44.5</ele>
        <time>2026-08-15T11:04:56.000Z</time>
      </trkpt>
      <trkpt lat="40.07560023062139" lon="116.33780359272492">
        <ele>44.6</ele>
        <time>2026-08-15T11:04:57.000Z</time>
      </trkpt>
      <trkpt lat="40.075624062534665" lon="116.33781916902049">
        <ele>44.6</ele>
        <time>2026-08-15T11:04:58.000Z</time>
      </trkpt>
      <trkpt lat="40.075648465434206" lon="116.33783346433987">
        <ele>44.6</ele>
        <time>2026-08-15T11:04:59.000Z</time>
      </trkpt>
      <trkpt lat="40.07567313396072" lon="116.33784615325553">
        <ele>44.6</ele>
        <time>2026-08-15T11:05:00.000Z</time>
      </trkpt>
      <trkpt lat="40.07569809937106" lon="116.33785677811173">
        <ele>44.6</ele>
        <time>2026-08-15T11:05:01.000Z</time>
      </trkpt>
      <trkpt lat="40.075723282287456" lon="116.33786544610777">
        <ele>44.6</ele>
        <time>2026-08-15T11:05:02.000Z</time>
      </trkpt>
      <trkpt lat="40.075748425911755" lon="116.33787271661652">
        <ele>44.6</ele>
        <time>2026-08-15T11:05:03.000Z</time>
      </trkpt>
      <trkpt lat="40.07577336575045" lon="116.33787858597098">
        <ele>44.6</ele>
        <time>2026-08-15T11:05:04.000Z</time>
      </trkpt>
      <trkpt lat="40.07579811096645" lon="116.33788251353293">
        <ele>44.6</ele>
        <time>2026-08-15T11:05:05.000Z</time>
      </trkpt>
      <trkpt lat="40.07582283613229" lon="116.33788424181353">
        <ele>44.6</ele>
        <time>2026-08-15T11:05:06.000Z</time>
      </trkpt>
      <trkpt lat="40.07584767761207" lon="116.33788405138921">
        <ele>44.6</ele>
        <time>2026-08-15T11:05:07.000Z</time>
      </trkpt>
      <trkpt lat="40.07587262832564" lon="116.33788262531391">
        <ele>44.6</ele>
        <time>2026-08-15T11:05:08.000Z</time>
      </trkpt>
      <trkpt lat="40.07589759570749" lon="116.33788063825267">
        <ele>44.6</ele>
        <time>2026-08-15T11:05:09.000Z</time>
      </trkpt>
      <trkpt lat="40.07592236731262" lon="116.33787853467093">
        <ele>44.6</ele>
        <time>2026-08-15T11:05:10.000Z</time>
      </trkpt>
      <trkpt lat="40.075946714298304" lon="116.337876487712">
        <ele>44.6</ele>
        <time>2026-08-15T11:05:11.000Z</time>
      </trkpt>
      <trkpt lat="40.075970557890486" lon="116.33787438203582">
        <ele>44.6</ele>
        <time>2026-08-15T11:05:12.000Z</time>
      </trkpt>
      <trkpt lat="40.07599403657973" lon="116.33787210401633">
        <ele>44.6</ele>
        <time>2026-08-15T11:05:13.000Z</time>
      </trkpt>
      <trkpt lat="40.076017276829305" lon="116.33786974367398">
        <ele>44.6</ele>
        <time>2026-08-15T11:05:14.000Z</time>
      </trkpt>
      <trkpt lat="40.07604029308726" lon="116.33786737047318">
        <ele>44.6</ele>
        <time>2026-08-15T11:05:15.000Z</time>
      </trkpt>
      <trkpt lat="40.0760631707478" lon="116.3378649343603">
        <ele>44.6</ele>
        <time>2026-08-15T11:05:16.000Z</time>
      </trkpt>
      <trkpt lat="40.07608608195898" lon="116.33786246508662">
        <ele>44.6</ele>
        <time>2026-08-15T11:05:17.000Z</time>
      </trkpt>
      <trkpt lat="40.07610918135443" lon="116.33786035214035">
        <ele>44.6</ele>
        <time>2026-08-15T11:05:18.000Z</time>
      </trkpt>
      <trkpt lat="40.076132426491164" lon="116.33785874861246">
        <ele>44.6</ele>
        <time>2026-08-15T11:05:19.000Z</time>
      </trkpt>
      <trkpt lat="40.076155626628605" lon="116.33785723093818">
        <ele>44.6</ele>
        <time>2026-08-15T11:05:20.000Z</time>
      </trkpt>
      <trkpt lat="40.07617862960537" lon="116.33785536137178">
        <ele>44.6</ele>
        <time>2026-08-15T11:05:21.000Z</time>
      </trkpt>
      <trkpt lat="40.07620145030838" lon="116.33785296848284">
        <ele>44.6</ele>
        <time>2026-08-15T11:05:22.000Z</time>
      </trkpt>
      <trkpt lat="40.076224299688086" lon="116.33785032095422">
        <ele>44.6</ele>
        <time>2026-08-15T11:05:23.000Z</time>
      </trkpt>
      <trkpt lat="40.07624734997056" lon="116.3378478521766">
        <ele>44.6</ele>
        <time>2026-08-15T11:05:24.000Z</time>
      </trkpt>
      <trkpt lat="40.07627055764254" lon="116.33784584375591">
        <ele>44.6</ele>
        <time>2026-08-15T11:05:25.000Z</time>
      </trkpt>
      <trkpt lat="40.076293833486396" lon="116.33784455114676">
        <ele>44.6</ele>
        <time>2026-08-15T11:05:26.000Z</time>
      </trkpt>
      <trkpt lat="40.07631711159917" lon="116.33784422777101">
        <ele>44.6</ele>
        <time>2026-08-15T11:05:27.000Z</time>
      </trkpt>
      <trkpt lat="40.07634034069637" lon="116.33784459551453">
        <ele>44.6</ele>
        <time>2026-08-15T11:05:28.000Z</time>
      </trkpt>
      <trkpt lat="40.07636345363616" lon="116.3378450192811">
        <ele>44.6</ele>
        <time>2026-08-15T11:05:28.999Z</time>
      </trkpt>
      <trkpt lat="40.07638645489324" lon="116.33784509497738">
        <ele>44.6</ele>
        <time>2026-08-15T11:05:29.999Z</time>
      </trkpt>
      <trkpt lat="40.07640942730591" lon="116.33784469466288">
        <ele>44.6</ele>
        <time>2026-08-15T11:05:30.999Z</time>
      </trkpt>
      <trkpt lat="40.07643243104549" lon="116.33784409710731">
        <ele>44.6</ele>
        <time>2026-08-15T11:05:32.000Z</time>
      </trkpt>
      <trkpt lat="40.07645555148337" lon="116.33784382009382">
        <ele>44.7</ele>
        <time>2026-08-15T11:05:33.000Z</time>
      </trkpt>
      <trkpt lat="40.0764788378908" lon="116.33784426401819">
        <ele>44.7</ele>
        <time>2026-08-15T11:05:34.000Z</time>
      </trkpt>
      <trkpt lat="40.07650216216196" lon="116.33784531022526">
        <ele>44.7</ele>
        <time>2026-08-15T11:05:35.000Z</time>
      </trkpt>
      <trkpt lat="40.07652540859307" lon="116.33784632923707">
        <ele>44.7</ele>
        <time>2026-08-15T11:05:36.000Z</time>
      </trkpt>
      <trkpt lat="40.076548518919715" lon="116.33784682697325">
        <ele>44.7</ele>
        <time>2026-08-15T11:05:37.000Z</time>
      </trkpt>
      <trkpt lat="40.076571480734245" lon="116.33784667341672">
        <ele>44.7</ele>
        <time>2026-08-15T11:05:38.000Z</time>
      </trkpt>
      <trkpt lat="40.076594392783875" lon="116.33784591941843">
        <ele>44.7</ele>
        <time>2026-08-15T11:05:39.000Z</time>
      </trkpt>
      <trkpt lat="40.07661737904137" lon="116.33784488703883">
        <ele>44.7</ele>
        <time>2026-08-15T11:05:40.000Z</time>
      </trkpt>
      <trkpt lat="40.07664044982277" lon="116.33784404164618">
        <ele>44.7</ele>
        <time>2026-08-15T11:05:41.000Z</time>
      </trkpt>
      <trkpt lat="40.076663484142095" lon="116.33784358540802">
        <ele>44.7</ele>
        <time>2026-08-15T11:05:42.000Z</time>
      </trkpt>
      <trkpt lat="40.07668631278701" lon="116.33784309572158">
        <ele>44.7</ele>
        <time>2026-08-15T11:05:43.000Z</time>
      </trkpt>
      <trkpt lat="40.07670895604605" lon="116.33784205791129">
        <ele>44.7</ele>
        <time>2026-08-15T11:05:44.000Z</time>
      </trkpt>
      <trkpt lat="40.076731519499255" lon="116.33784017241749">
        <ele>44.7</ele>
        <time>2026-08-15T11:05:45.000Z</time>
      </trkpt>
      <trkpt lat="40.07675390994877" lon="116.33783685525903">
        <ele>44.7</ele>
        <time>2026-08-15T11:05:46.000Z</time>
      </trkpt>
      <trkpt lat="40.07677594044878" lon="116.33783122422732">
        <ele>44.7</ele>
        <time>2026-08-15T11:05:47.000Z</time>
      </trkpt>
      <trkpt lat="40.07679750276428" lon="116.33782269701072">
        <ele>44.7</ele>
        <time>2026-08-15T11:05:48.000Z</time>
      </trkpt>
      <trkpt lat="40.076818542663766" lon="116.3378111748188">
        <ele>44.7</ele>
        <time>2026-08-15T11:05:49.000Z</time>
      </trkpt>
      <trkpt lat="40.0768388546795" lon="116.33779669856571">
        <ele>44.7</ele>
        <time>2026-08-15T11:05:50.000Z</time>
      </trkpt>
      <trkpt lat="40.0768581078069" lon="116.33777928892758">
        <ele>44.7</ele>
        <time>2026-08-15T11:05:51.000Z</time>
      </trkpt>
      <trkpt lat="40.076876171363445" lon="116.33775915708343">
        <ele>44.7</ele>
        <time>2026-08-15T11:05:52.000Z</time>
      </trkpt>
      <trkpt lat="40.076893171211864" lon="116.33773695683516">
        <ele>44.7</ele>
        <time>2026-08-15T11:05:53.000Z</time>
      </trkpt>
      <trkpt lat="40.0769093003221" lon="116.33771331869815">
        <ele>44.7</ele>
        <time>2026-08-15T11:05:54.000Z</time>
      </trkpt>
      <trkpt lat="40.07692445740925" lon="116.33768841722576">
        <ele>44.7</ele>
        <time>2026-08-15T11:05:55.000Z</time>
      </trkpt>
      <trkpt lat="40.076938315439705" lon="116.33766226033823">
        <ele>44.7</ele>
        <time>2026-08-15T11:05:56.000Z</time>
      </trkpt>
      <trkpt lat="40.07695082819145" lon="116.33763483558579">
        <ele>44.7</ele>
        <time>2026-08-15T11:05:57.000Z</time>
      </trkpt>
      <trkpt lat="40.07696227442777" lon="116.3376063205585">
        <ele>44.7</ele>
        <time>2026-08-15T11:05:58.000Z</time>
      </trkpt>
      <trkpt lat="40.07697267946277" lon="116.33757708933446">
        <ele>44.7</ele>
        <time>2026-08-15T11:05:59.000Z</time>
      </trkpt>
      <trkpt lat="40.07698184111246" lon="116.33754733689976">
        <ele>44.7</ele>
        <time>2026-08-15T11:06:00.000Z</time>
      </trkpt>
      <trkpt lat="40.07698960082224" lon="116.3375170092959">
        <ele>44.7</ele>
        <time>2026-08-15T11:06:01.000Z</time>
      </trkpt>
      <trkpt lat="40.076995958857125" lon="116.33748607904701">
        <ele>44.7</ele>
        <time>2026-08-15T11:06:02.000Z</time>
      </trkpt>
      <trkpt lat="40.077000954380225" lon="116.33745472427">
        <ele>44.7</ele>
        <time>2026-08-15T11:06:03.000Z</time>
      </trkpt>
      <trkpt lat="40.077004331411" lon="116.33742306794326">
        <ele>44.7</ele>
        <time>2026-08-15T11:06:04.000Z</time>
      </trkpt>
      <trkpt lat="40.07700583111195" lon="116.33739100936343">
        <ele>44.7</ele>
        <time>2026-08-15T11:06:05.000Z</time>
      </trkpt>
      <trkpt lat="40.077005673231874" lon="116.3373585723918">
        <ele>44.7</ele>
        <time>2026-08-15T11:06:06.000Z</time>
      </trkpt>
      <trkpt lat="40.07700446249439" lon="116.33732590435375">
        <ele>44.7</ele>
        <time>2026-08-15T11:06:07.000Z</time>
      </trkpt>
      <trkpt lat="40.07700260764152" lon="116.33729297108873">
        <ele>44.7</ele>
        <time>2026-08-15T11:06:08.000Z</time>
      </trkpt>
      <trkpt lat="40.07700002881411" lon="116.3372600396694">
        <ele>44.7</ele>
        <time>2026-08-15T11:06:09.000Z</time>
      </trkpt>
      <trkpt lat="40.07699630899373" lon="116.33722766495998">
        <ele>44.7</ele>
        <time>2026-08-15T11:06:10.000Z</time>
      </trkpt>
      <trkpt lat="40.076990864306765" lon="116.3371961436656">
        <ele>44.7</ele>
        <time>2026-08-15T11:06:11.000Z</time>
      </trkpt>
      <trkpt lat="40.07698318840977" lon="116.33716577219998">
        <ele>44.7</ele>
        <time>2026-08-15T11:06:12.000Z</time>
      </trkpt>
      <trkpt lat="40.07697348483574" lon="116.33713664658418">
        <ele>44.7</ele>
        <time>2026-08-15T11:06:13.000Z</time>
      </trkpt>
      <trkpt lat="40.07696242873323" lon="116.33710860341981">
        <ele>44.7</ele>
        <time>2026-08-15T11:06:14.000Z</time>
      </trkpt>
      <trkpt lat="40.07695030989673" lon="116.33708169252026">
        <ele>44.7</ele>
        <time>2026-08-15T11:06:15.000Z</time>
      </trkpt>
      <trkpt lat="40.076936641775035" lon="116.33705635848638">
        <ele>44.7</ele>
        <time>2026-08-15T11:06:16.000Z</time>
      </trkpt>
      <trkpt lat="40.07692082793998" lon="116.33703296362974">
        <ele>44.7</ele>
        <time>2026-08-15T11:06:17.000Z</time>
      </trkpt>
      <trkpt lat="40.07690295822406" lon="116.33701142530107">
        <ele>44.7</ele>
        <time>2026-08-15T11:06:18.000Z</time>
      </trkpt>
      <trkpt lat="40.07688354365067" lon="116.33699152426185">
        <ele>44.7</ele>
        <time>2026-08-15T11:06:19.000Z</time>
      </trkpt>
      <trkpt lat="40.0768630892739" lon="116.33697295377156">
        <ele>44.7</ele>
        <time>2026-08-15T11:06:20.000Z</time>
      </trkpt>
      <trkpt lat="40.076841694672666" lon="116.33695569515626">
        <ele>44.7</ele>
        <time>2026-08-15T11:06:21.000Z</time>
      </trkpt>
      <trkpt lat="40.07681925081608" lon="116.33694009532255">
        <ele>44.7</ele>
        <time>2026-08-15T11:06:22.000Z</time>
      </trkpt>
      <trkpt lat="40.076796039927736" lon="116.33692628601321">
        <ele>44.7</ele>
        <time>2026-08-15T11:06:23.000Z</time>
      </trkpt>
      <trkpt lat="40.07677263497342" lon="116.33691413761703">
        <ele>44.7</ele>
        <time>2026-08-15T11:06:24.000Z</time>
      </trkpt>
      <trkpt lat="40.07674922239321" lon="116.33690406196693">
        <ele>44.7</ele>
        <time>2026-08-15T11:06:25.000Z</time>
      </trkpt>
      <trkpt lat="40.0767254548776" lon="116.33689685707483">
        <ele>44.7</ele>
        <time>2026-08-15T11:06:26.000Z</time>
      </trkpt>
      <trkpt lat="40.07670097560936" lon="116.33689250669957">
        <ele>44.7</ele>
        <time>2026-08-15T11:06:27.000Z</time>
      </trkpt>
      <trkpt lat="40.07667568743103" lon="116.33689004701225">
        <ele>44.7</ele>
        <time>2026-08-15T11:06:28.000Z</time>
      </trkpt>
      <trkpt lat="40.07664984696312" lon="116.33688851220383">
        <ele>44.7</ele>
        <time>2026-08-15T11:06:29.000Z</time>
      </trkpt>
      <trkpt lat="40.07662394849633" lon="116.33688757300725">
        <ele>44.7</ele>
        <time>2026-08-15T11:06:30.000Z</time>
      </trkpt>
      <trkpt lat="40.07659829706742" lon="116.33688741990609">
        <ele>44.7</ele>
        <time>2026-08-15T11:06:31.000Z</time>
      </trkpt>
      <trkpt lat="40.07657294320795" lon="116.33688818854534">
        <ele>44.7</ele>
        <time>2026-08-15T11:06:32.000Z</time>
      </trkpt>
      <trkpt lat="40.07654769733368" lon="116.33688940581914">
        <ele>44.7</ele>
        <time>2026-08-15T11:06:33.000Z</time>
      </trkpt>
      <trkpt lat="40.07652250534647" lon="116.33689063743103">
        <ele>44.7</ele>
        <time>2026-08-15T11:06:34.000Z</time>
      </trkpt>
      <trkpt lat="40.0764975379306" lon="116.33689201257954">
        <ele>44.7</ele>
        <time>2026-08-15T11:06:35.000Z</time>
      </trkpt>
      <trkpt lat="40.07647280664533" lon="116.33689369238095">
        <ele>44.7</ele>
        <time>2026-08-15T11:06:36.000Z</time>
      </trkpt>
      <trkpt lat="40.0764481922994" lon="116.33689582908292">
        <ele>44.7</ele>
        <time>2026-08-15T11:06:37.000Z</time>
      </trkpt>
      <trkpt lat="40.07642359668416" lon="116.33689843852059">
        <ele>44.7</ele>
        <time>2026-08-15T11:06:38.000Z</time>
      </trkpt>
      <trkpt lat="40.076398892915975" lon="116.33690108407389">
        <ele>44.7</ele>
        <time>2026-08-15T11:06:39.000Z</time>
      </trkpt>
      <trkpt lat="40.07637408037683" lon="116.33690318141264">
        <ele>44.7</ele>
        <time>2026-08-15T11:06:40.000Z</time>
      </trkpt>
      <trkpt lat="40.076349251097824" lon="116.33690450534544">
        <ele>44.7</ele>
        <time>2026-08-15T11:06:41.000Z</time>
      </trkpt>
      <trkpt lat="40.076324359986394" lon="116.33690535297693">
        <ele>44.7</ele>
        <time>2026-08-15T11:06:42.000Z</time>
      </trkpt>
      <trkpt lat="40.07629936832089" lon="116.33690619958813">
        <ele>44.6</ele>
        <time>2026-08-15T11:06:43.000Z</time>
      </trkpt>
      <trkpt lat="40.07627436642404" lon="116.33690742067449">
        <ele>44.6</ele>
        <time>2026-08-15T11:06:44.000Z</time>
      </trkpt>
      <trkpt lat="40.076249431448744" lon="116.3369091623689">
        <ele>44.6</ele>
        <time>2026-08-15T11:06:45.000Z</time>
      </trkpt>
      <trkpt lat="40.07622459021181" lon="116.33691108895766">
        <ele>44.6</ele>
        <time>2026-08-15T11:06:46.000Z</time>
      </trkpt>
      <trkpt lat="40.076199877999635" lon="116.33691244141721">
        <ele>44.6</ele>
        <time>2026-08-15T11:06:47.000Z</time>
      </trkpt>
      <trkpt lat="40.07617527939492" lon="116.336912918096">
        <ele>44.6</ele>
        <time>2026-08-15T11:06:48.000Z</time>
      </trkpt>
      <trkpt lat="40.07615076326169" lon="116.33691307553333">
        <ele>44.6</ele>
        <time>2026-08-15T11:06:49.000Z</time>
      </trkpt>
      <trkpt lat="40.07612632419561" lon="116.33691335758638">
        <ele>44.6</ele>
        <time>2026-08-15T11:06:50.000Z</time>
      </trkpt>
      <trkpt lat="40.07610196850749" lon="116.33691374484539">
        <ele>44.6</ele>
        <time>2026-08-15T11:06:51.000Z</time>
      </trkpt>
      <trkpt lat="40.076077607857606" lon="116.3369143300663">
        <ele>44.6</ele>
        <time>2026-08-15T11:06:52.000Z</time>
      </trkpt>
      <trkpt lat="40.076053165816134" lon="116.3369152787705">
        <ele>44.6</ele>
        <time>2026-08-15T11:06:53.000Z</time>
      </trkpt>
      <trkpt lat="40.07602866488425" lon="116.33691630316932">
        <ele>44.6</ele>
        <time>2026-08-15T11:06:54.000Z</time>
      </trkpt>
      <trkpt lat="40.07600408721641" lon="116.3369169545825">
        <ele>44.6</ele>
        <time>2026-08-15T11:06:55.000Z</time>
      </trkpt>
      <trkpt lat="40.07597939198343" lon="116.33691686233948">
        <ele>44.6</ele>
        <time>2026-08-15T11:06:56.000Z</time>
      </trkpt>
      <trkpt lat="40.075954591772316" lon="116.33691583225173">
        <ele>44.6</ele>
        <time>2026-08-15T11:06:57.000Z</time>
      </trkpt>
      <trkpt lat="40.07592975696532" lon="116.33691428844759">
        <ele>44.6</ele>
        <time>2026-08-15T11:06:58.000Z</time>
      </trkpt>
      <trkpt lat="40.07590490274283" lon="116.33691321622453">
        <ele>44.6</ele>
        <time>2026-08-15T11:06:59.000Z</time>
      </trkpt>
      <trkpt lat="40.07588003499824" lon="116.3369133858039">
        <ele>44.6</ele>
        <time>2026-08-15T11:07:00.000Z</time>
      </trkpt>
      <trkpt lat="40.07585517207925" lon="116.3369149310614">
        <ele>44.6</ele>
        <time>2026-08-15T11:07:01.000Z</time>
      </trkpt>
      <trkpt lat="40.075830272140834" lon="116.33691742712436">
        <ele>44.6</ele>
        <time>2026-08-15T11:07:02.000Z</time>
      </trkpt>
      <trkpt lat="40.07580532748289" lon="116.3369200444657">
        <ele>44.6</ele>
        <time>2026-08-15T11:07:03.000Z</time>
      </trkpt>
      <trkpt lat="40.07578041478686" lon="116.33692217170996">
        <ele>44.6</ele>
        <time>2026-08-15T11:07:04.000Z</time>
      </trkpt>
      <trkpt lat="40.07575559777941" lon="116.33692386627173">
        <ele>44.6</ele>
        <time>2026-08-15T11:07:05.000Z</time>
      </trkpt>
      <trkpt lat="40.075730966841185" lon="116.33692614509532">
        <ele>44.6</ele>
        <time>2026-08-15T11:07:06.000Z</time>
      </trkpt>
      <trkpt lat="40.075706687699856" lon="116.33693061727797">
        <ele>44.6</ele>
        <time>2026-08-15T11:07:07.000Z</time>
      </trkpt>
      <trkpt lat="40.07568286965115" lon="116.3369377214979">
        <ele>44.7</ele>
        <time>2026-08-15T11:07:08.000Z</time>
      </trkpt>
      <trkpt lat="40.07565955686226" lon="116.33694678136456">
        <ele>44.7</ele>
        <time>2026-08-15T11:07:09.000Z</time>
      </trkpt>
      <trkpt lat="40.075636735350734" lon="116.33695720616701">
        <ele>44.7</ele>
        <time>2026-08-15T11:07:10.000Z</time>
      </trkpt>
      <trkpt lat="40.075614319526274" lon="116.33696855692827">
        <ele>44.7</ele>
        <time>2026-08-15T11:07:11.000Z</time>
      </trkpt>
      <trkpt lat="40.07559231836201" lon="116.3369809300484">
        <ele>44.7</ele>
        <time>2026-08-15T11:07:12.000Z</time>
      </trkpt>
      <trkpt lat="40.07557077398885" lon="116.33699452069432">
        <ele>44.7</ele>
        <time>2026-08-15T11:07:13.000Z</time>
      </trkpt>
      <trkpt lat="40.07554969698577" lon="116.33700926223088">
        <ele>44.7</ele>
        <time>2026-08-15T11:07:14.000Z</time>
      </trkpt>
      <trkpt lat="40.07552929686018" lon="116.33702537065078">
        <ele>44.7</ele>
        <time>2026-08-15T11:07:15.000Z</time>
      </trkpt>
      <trkpt lat="40.0755100153223" lon="116.33704343464517">
        <ele>44.7</ele>
        <time>2026-08-15T11:07:16.000Z</time>
      </trkpt>
      <trkpt lat="40.07549239784016" lon="116.33706412527427">
        <ele>44.7</ele>
        <time>2026-08-15T11:07:17.000Z</time>
      </trkpt>
      <trkpt lat="40.07547686564376" lon="116.33708773466752">
        <ele>44.7</ele>
        <time>2026-08-15T11:07:18.000Z</time>
      </trkpt>
      <trkpt lat="40.075463433475164" lon="116.33711385988589">
        <ele>44.8</ele>
        <time>2026-08-15T11:07:19.000Z</time>
      </trkpt>
      <trkpt lat="40.0754519599629" lon="116.33714184104525">
        <ele>44.8</ele>
        <time>2026-08-15T11:07:20.000Z</time>
      </trkpt>
      <trkpt lat="40.07544223073613" lon="116.33717109450036">
        <ele>44.8</ele>
        <time>2026-08-15T11:07:21.000Z</time>
      </trkpt>
      <trkpt lat="40.07543389141741" lon="116.33720116624768">
        <ele>44.8</ele>
        <time>2026-08-15T11:07:22.000Z</time>
      </trkpt>
      <trkpt lat="40.07542670339867" lon="116.33723179982327">
        <ele>44.8</ele>
        <time>2026-08-15T11:07:23.000Z</time>
      </trkpt>
      <trkpt lat="40.07542061529043" lon="116.33726279121285">
        <ele>44.8</ele>
        <time>2026-08-15T11:07:24.000Z</time>
      </trkpt>
      <trkpt lat="40.07541576779083" lon="116.33729387940393">
        <ele>44.8</ele>
        <time>2026-08-15T11:07:25.000Z</time>
      </trkpt>
      <trkpt lat="40.07541227219829" lon="116.33732459768113">
        <ele>44.8</ele>
        <time>2026-08-15T11:07:26.000Z</time>
      </trkpt>
      <trkpt lat="40.07541009910887" lon="116.3373545650252">
        <ele>44.9</ele>
        <time>2026-08-15T11:07:27.000Z</time>
      </trkpt>
      <trkpt lat="40.07540939923805" lon="116.33738393057213">
        <ele>44.9</ele>
        <time>2026-08-15T11:07:28.000Z</time>
      </trkpt>
      <trkpt lat="40.07541043959637" lon="116.33741308221394">
        <ele>44.9</ele>
        <time>2026-08-15T11:07:29.000Z</time>
      </trkpt>
      <trkpt lat="40.07541335582621" lon="116.33744220390392">
        <ele>44.9</ele>
        <time>2026-08-15T11:07:29.999Z</time>
      </trkpt>
      <trkpt lat="40.07541815456851" lon="116.33747144275036">
        <ele>44.9</ele>
        <time>2026-08-15T11:07:30.999Z</time>
      </trkpt>
      <trkpt lat="40.075424748584055" lon="116.3375010748496">
        <ele>44.9</ele>
        <time>2026-08-15T11:07:31.999Z</time>
      </trkpt>
      <trkpt lat="40.07543312887622" lon="116.33753102422544">
        <ele>44.9</ele>
        <time>2026-08-15T11:07:32.999Z</time>
      </trkpt>
      <trkpt lat="40.075443006578105" lon="116.33756092293879">
        <ele>44.9</ele>
        <time>2026-08-15T11:07:33.999Z</time>
      </trkpt>
      <trkpt lat="40.07545397570982" lon="116.33759043083877">
        <ele>44.9</ele>
        <time>2026-08-15T11:07:34.999Z</time>
      </trkpt>
      <trkpt lat="40.07546619632265" lon="116.33761905642758">
        <ele>44.9</ele>
        <time>2026-08-15T11:07:35.999Z</time>
      </trkpt>
      <trkpt lat="40.0754800236591" lon="116.33764643752968">
        <ele>44.9</ele>
        <time>2026-08-15T11:07:36.999Z</time>
      </trkpt>
      <trkpt lat="40.075495572336074" lon="116.33767261502253">
        <ele>44.9</ele>
        <time>2026-08-15T11:07:38.000Z</time>
      </trkpt>
      <trkpt lat="40.075512634326174" lon="116.33769761705754">
        <ele>44.9</ele>
        <time>2026-08-15T11:07:39.000Z</time>
      </trkpt>
      <trkpt lat="40.075530951968794" lon="116.33772141090999">
        <ele>44.9</ele>
        <time>2026-08-15T11:07:40.000Z</time>
      </trkpt>
      <trkpt lat="40.07555044889647" lon="116.33774379042605">
        <ele>44.9</ele>
        <time>2026-08-15T11:07:41.000Z</time>
      </trkpt>
      <trkpt lat="40.07557108559116" lon="116.33776451275254">
        <ele>44.9</ele>
        <time>2026-08-15T11:07:42.000Z</time>
      </trkpt>
      <trkpt lat="40.075592709101144" lon="116.3377836015805">
        <ele>44.9</ele>
        <time>2026-08-15T11:07:43.000Z</time>
      </trkpt>
      <trkpt lat="40.07561512561684" lon="116.33780118339557">
        <ele>44.9</ele>
        <time>2026-08-15T11:07:44.000Z</time>
      </trkpt>
      <trkpt lat="40.07563823881263" lon="116.33781707288396">
        <ele>44.9</ele>
        <time>2026-08-15T11:07:45.000Z</time>
      </trkpt>
      <trkpt lat="40.07566183984117" lon="116.33783087083638">
        <ele>44.9</ele>
        <time>2026-08-15T11:07:46.000Z</time>
      </trkpt>
      <trkpt lat="40.07568566124408" lon="116.33784232530793">
        <ele>44.9</ele>
        <time>2026-08-15T11:07:47.000Z</time>
      </trkpt>
      <trkpt lat="40.075709697937874" lon="116.33785134937257">
        <ele>44.9</ele>
        <time>2026-08-15T11:07:48.000Z</time>
      </trkpt>
      <trkpt lat="40.07573399443152" lon="116.33785814733741">
        <ele>44.9</ele>
        <time>2026-08-15T11:07:49.000Z</time>
      </trkpt>
      <trkpt lat="40.075758366972565" lon="116.33786324155867">
        <ele>44.9</ele>
        <time>2026-08-15T11:07:50.000Z</time>
      </trkpt>
      <trkpt lat="40.07578262451526" lon="116.33786708855703">
        <ele>44.9</ele>
        <time>2026-08-15T11:07:51.000Z</time>
      </trkpt>
      <trkpt lat="40.07580685269615" lon="116.33786952587137">
        <ele>44.9</ele>
        <time>2026-08-15T11:07:52.000Z</time>
      </trkpt>
      <trkpt lat="40.07583131275303" lon="116.33787031854757">
        <ele>44.9</ele>
        <time>2026-08-15T11:07:53.000Z</time>
      </trkpt>
      <trkpt lat="40.075856085554655" lon="116.33786997903573">
        <ele>45.0</ele>
        <time>2026-08-15T11:07:54.000Z</time>
      </trkpt>
      <trkpt lat="40.07588096077823" lon="116.33786907588329">
        <ele>45.0</ele>
        <time>2026-08-15T11:07:55.000Z</time>
      </trkpt>
      <trkpt lat="40.07590574132489" lon="116.33786760306421">
        <ele>45.0</ele>
        <time>2026-08-15T11:07:56.000Z</time>
        <extensions>
  <gpxtpx:TrackPointExtension>
    <gpxtpx:hr>176</gpxtpx:hr>
  </gpxtpx:TrackPointExtension>
</extensions>
      </trkpt>
      <trkpt lat="40.07593030532761" lon="116.33786569520353">
        <ele>45.0</ele>
        <time>2026-08-15T11:07:57.000Z</time>
        <extensions>
  <gpxtpx:TrackPointExtension>
    <gpxtpx:hr>176</gpxtpx:hr>
  </gpxtpx:TrackPointExtension>
</extensions>
      </trkpt>
      <trkpt lat="40.07595459107461" lon="116.33786368362159">
        <ele>45.0</ele>
        <time>2026-08-15T11:07:58.000Z</time>
        <extensions>
  <gpxtpx:TrackPointExtension>
    <gpxtpx:hr>176</gpxtpx:hr>
  </gpxtpx:TrackPointExtension>
</extensions>
      </trkpt>
      <trkpt lat="40.07597858205974" lon="116.3378615296802">
        <ele>44.9</ele>
        <time>2026-08-15T11:07:59.000Z</time>
        <extensions>
  <gpxtpx:TrackPointExtension>
    <gpxtpx:hr>176</gpxtpx:hr>
  </gpxtpx:TrackPointExtension>
</extensions>
      </trkpt>
      <trkpt lat="40.0760022995658" lon="116.3378592280022">
        <ele>44.9</ele>
        <time>2026-08-15T11:08:00.000Z</time>
        <extensions>
  <gpxtpx:TrackPointExtension>
    <gpxtpx:hr>176</gpxtpx:hr>
  </gpxtpx:TrackPointExtension>
</extensions>
      </trkpt>
      <trkpt lat="40.07602587480156" lon="116.33785711133035">
        <ele>44.9</ele>
        <time>2026-08-15T11:08:01.000Z</time>
        <extensions>
  <gpxtpx:TrackPointExtension>
    <gpxtpx:hr>176</gpxtpx:hr>
  </gpxtpx:TrackPointExtension>
</extensions>
      </trkpt>
      <trkpt lat="40.076049463052264" lon="116.33785533144871">
        <ele>44.9</ele>
        <time>2026-08-15T11:08:02.000Z</time>
        <extensions>
  <gpxtpx:TrackPointExtension>
    <gpxtpx:hr>176</gpxtpx:hr>
  </gpxtpx:TrackPointExtension>
</extensions>
      </trkpt>
      <trkpt lat="40.076073173632544" lon="116.33785363041115">
        <ele>44.9</ele>
        <time>2026-08-15T11:08:03.000Z</time>
        <extensions>
  <gpxtpx:TrackPointExtension>
    <gpxtpx:hr>176</gpxtpx:hr>
  </gpxtpx:TrackPointExtension>
</extensions>
      </trkpt>
      <trkpt lat="40.07609690574582" lon="116.33785202881397">
        <ele>44.9</ele>
        <time>2026-08-15T11:08:04.000Z</time>
        <extensions>
  <gpxtpx:TrackPointExtension>
    <gpxtpx:hr>176</gpxtpx:hr>
  </gpxtpx:TrackPointExtension>
</extensions>
      </trkpt>
      <trkpt lat="40.07612044940239" lon="116.33785068767328">
        <ele>44.9</ele>
        <time>2026-08-15T11:08:05.000Z</time>
        <extensions>
  <gpxtpx:TrackPointExtension>
    <gpxtpx:hr>176</gpxtpx:hr>
  </gpxtpx:TrackPointExtension>
</extensions>
      </trkpt>
      <trkpt lat="40.07614376912119" lon="116.33784946787588">
        <ele>44.9</ele>
        <time>2026-08-15T11:08:06.000Z</time>
      </trkpt>
      <trkpt lat="40.07616702912316" lon="116.33784838325755">
        <ele>44.9</ele>
        <time>2026-08-15T11:08:07.000Z</time>
      </trkpt>
      <trkpt lat="40.076190315683114" lon="116.33784766914286">
        <ele>44.9</ele>
        <time>2026-08-15T11:08:08.000Z</time>
      </trkpt>
      <trkpt lat="40.07621356300184" lon="116.33784723081344">
        <ele>44.9</ele>
        <time>2026-08-15T11:08:09.000Z</time>
      </trkpt>
      <trkpt lat="40.076236743639114" lon="116.33784656947391">
        <ele>45.0</ele>
        <time>2026-08-15T11:08:10.000Z</time>
      </trkpt>
      <trkpt lat="40.0762599479463" lon="116.33784542336605">
        <ele>45.0</ele>
        <time>2026-08-15T11:08:11.000Z</time>
      </trkpt>
      <trkpt lat="40.076283226341374" lon="116.3378441731993">
        <ele>45.0</ele>
        <time>2026-08-15T11:08:12.000Z</time>
      </trkpt>
      <trkpt lat="40.076306563607154" lon="116.33784334823444">
        <ele>45.0</ele>
        <time>2026-08-15T11:08:13.000Z</time>
      </trkpt>
      <trkpt lat="40.076329984357514" lon="116.337843053264">
        <ele>45.0</ele>
        <time>2026-08-15T11:08:14.000Z</time>
      </trkpt>
      <trkpt lat="40.07635347532459" lon="116.33784298839322">
        <ele>45.0</ele>
        <time>2026-08-15T11:08:15.000Z</time>
      </trkpt>
      <trkpt lat="40.07637691836412" lon="116.33784284971496">
        <ele>45.0</ele>
        <time>2026-08-15T11:08:16.000Z</time>
      </trkpt>
      <trkpt lat="40.07640027583645" lon="116.33784265379627">
        <ele>45.0</ele>
        <time>2026-08-15T11:08:17.000Z</time>
      </trkpt>
      <trkpt lat="40.07642359957383" lon="116.3378425126412">
        <ele>45.0</ele>
        <time>2026-08-15T11:08:18.000Z</time>
      </trkpt>
      <trkpt lat="40.07644692502936" lon="116.33784255960664">
        <ele>45.0</ele>
        <time>2026-08-15T11:08:19.000Z</time>
      </trkpt>
      <trkpt lat="40.0764703419849" lon="116.3378431784277">
        <ele>45.0</ele>
        <time>2026-08-15T11:08:20.000Z</time>
      </trkpt>
      <trkpt lat="40.07649397698623" lon="116.33784423118472">
        <ele>45.0</ele>
        <time>2026-08-15T11:08:21.000Z</time>
      </trkpt>
      <trkpt lat="40.07651801981451" lon="116.33784524267543">
        <ele>45.0</ele>
        <time>2026-08-15T11:08:22.000Z</time>
      </trkpt>
      <trkpt lat="40.076542531373526" lon="116.33784614377588">
        <ele>45.0</ele>
        <time>2026-08-15T11:08:23.000Z</time>
      </trkpt>
      <trkpt lat="40.07656734734883" lon="116.33784702571693">
        <ele>45.0</ele>
        <time>2026-08-15T11:08:24.000Z</time>
      </trkpt>
      <trkpt lat="40.07659229720946" lon="116.33784800736251">
        <ele>45.0</ele>
        <time>2026-08-15T11:08:25.000Z</time>
      </trkpt>
      <trkpt lat="40.076617287393645" lon="116.3378488154141">
        <ele>45.1</ele>
        <time>2026-08-15T11:08:26.000Z</time>
      </trkpt>
      <trkpt lat="40.07664224353774" lon="116.33784921025651">
        <ele>45.1</ele>
        <time>2026-08-15T11:08:27.000Z</time>
      </trkpt>
      <trkpt lat="40.07666708127325" lon="116.33784915116593">
        <ele>45.1</ele>
        <time>2026-08-15T11:08:28.000Z</time>
      </trkpt>
      <trkpt lat="40.07669176044278" lon="116.3378483032562">
        <ele>45.1</ele>
        <time>2026-08-15T11:08:29.000Z</time>
      </trkpt>
      <trkpt lat="40.07671625764193" lon="116.3378464272438">
        <ele>45.1</ele>
        <time>2026-08-15T11:08:30.000Z</time>
      </trkpt>
      <trkpt lat="40.07674053590998" lon="116.33784306408101">
        <ele>45.1</ele>
        <time>2026-08-15T11:08:31.000Z</time>
      </trkpt>
      <trkpt lat="40.076764441339506" lon="116.3378372734284">
        <ele>45.1</ele>
        <time>2026-08-15T11:08:32.000Z</time>
      </trkpt>
      <trkpt lat="40.07678771747571" lon="116.33782838064351">
        <ele>45.1</ele>
        <time>2026-08-15T11:08:33.000Z</time>
      </trkpt>
      <trkpt lat="40.07681014131023" lon="116.33781597159381">
        <ele>45.1</ele>
        <time>2026-08-15T11:08:34.000Z</time>
      </trkpt>
      <trkpt lat="40.0768315467194" lon="116.33780017151543">
        <ele>45.1</ele>
        <time>2026-08-15T11:08:35.000Z</time>
      </trkpt>
      <trkpt lat="40.07685187964788" lon="116.33778166822763">
        <ele>45.1</ele>
        <time>2026-08-15T11:08:36.000Z</time>
      </trkpt>
      <trkpt lat="40.07687110541132" lon="116.33776094275953">
        <ele>45.1</ele>
        <time>2026-08-15T11:08:37.000Z</time>
      </trkpt>
      <trkpt lat="40.07688926070232" lon="116.33773829298764">
        <ele>45.0</ele>
        <time>2026-08-15T11:08:38.000Z</time>
      </trkpt>
      <trkpt lat="40.07690631778648" lon="116.33771385630484">
        <ele>45.0</ele>
        <time>2026-08-15T11:08:39.000Z</time>
      </trkpt>
      <trkpt lat="40.076922175485635" lon="116.33768772602406">
        <ele>45.0</ele>
        <time>2026-08-15T11:08:40.000Z</time>
      </trkpt>
      <trkpt lat="40.07693675015171" lon="116.33766014002771">
        <ele>45.0</ele>
        <time>2026-08-15T11:08:41.000Z</time>
      </trkpt>
      <trkpt lat="40.076949973792" lon="116.33763125822296">
        <ele>45.0</ele>
        <time>2026-08-15T11:08:42.000Z</time>
      </trkpt>
      <trkpt lat="40.07696185129348" lon="116.3376012043247">
        <ele>45.0</ele>
        <time>2026-08-15T11:08:43.000Z</time>
      </trkpt>
      <trkpt lat="40.076972167751585" lon="116.33757000735937">
        <ele>45.0</ele>
        <time>2026-08-15T11:08:44.000Z</time>
      </trkpt>
      <trkpt lat="40.076980754066156" lon="116.33753772793102">
        <ele>45.0</ele>
        <time>2026-08-15T11:08:45.000Z</time>
      </trkpt>
      <trkpt lat="40.07698778825293" lon="116.33750465889149">
        <ele>45.1</ele>
        <time>2026-08-15T11:08:46.000Z</time>
      </trkpt>
      <trkpt lat="40.07699346850195" lon="116.33747107611677">
        <ele>45.1</ele>
        <time>2026-08-15T11:08:47.000Z</time>
      </trkpt>
      <trkpt lat="40.076998026279114" lon="116.33743725297018">
        <ele>45.1</ele>
        <time>2026-08-15T11:08:48.000Z</time>
      </trkpt>
      <trkpt lat="40.07700156355481" lon="116.33740343007763">
        <ele>45.1</ele>
        <time>2026-08-15T11:08:49.000Z</time>
      </trkpt>
      <trkpt lat="40.077003791378054" lon="116.33736964610306">
        <ele>45.1</ele>
        <time>2026-08-15T11:08:50.000Z</time>
      </trkpt>
      <trkpt lat="40.07700450347414" lon="116.33733596661101">
        <ele>45.1</ele>
        <time>2026-08-15T11:08:51.000Z</time>
      </trkpt>
      <trkpt lat="40.07700367413871" lon="116.33730253090168">
        <ele>45.1</ele>
        <time>2026-08-15T11:08:52.000Z</time>
      </trkpt>
      <trkpt lat="40.077001219058424" lon="116.33726944536059">
        <ele>45.1</ele>
        <time>2026-08-15T11:08:53.000Z</time>
      </trkpt>
      <trkpt lat="40.0769973049503" lon="116.33723687281662">
        <ele>45.1</ele>
        <time>2026-08-15T11:08:54.000Z</time>
      </trkpt>
      <trkpt lat="40.07699184526623" lon="116.33720496578907">
        <ele>45.1</ele>
        <time>2026-08-15T11:08:55.000Z</time>
      </trkpt>
      <trkpt lat="40.076984459106754" lon="116.33717373443011">
        <ele>45.1</ele>
        <time>2026-08-15T11:08:56.000Z</time>
      </trkpt>
      <trkpt lat="40.07697524581121" lon="116.33714328214349">
        <ele>45.1</ele>
        <time>2026-08-15T11:08:57.000Z</time>
      </trkpt>
      <trkpt lat="40.07696436678214" lon="116.33711387577253">
        <ele>45.0</ele>
        <time>2026-08-15T11:08:58.000Z</time>
      </trkpt>
      <trkpt lat="40.076951930974026" lon="116.33708552572682">
        <ele>45.0</ele>
        <time>2026-08-15T11:08:59.000Z</time>
      </trkpt>
      <trkpt lat="40.07693811736097" lon="116.33705815919281">
        <ele>45.0</ele>
        <time>2026-08-15T11:09:00.000Z</time>
      </trkpt>
      <trkpt lat="40.07692289364829" lon="116.33703200564796">
        <ele>45.0</ele>
        <time>2026-08-15T11:09:01.000Z</time>
      </trkpt>
      <trkpt lat="40.07690627844985" lon="116.33700745300283">
        <ele>45.0</ele>
        <time>2026-08-15T11:09:02.000Z</time>
      </trkpt>
      <trkpt lat="40.076888226282165" lon="116.33698482858185">
        <ele>45.0</ele>
        <time>2026-08-15T11:09:03.000Z</time>
      </trkpt>
      <trkpt lat="40.07686870562935" lon="116.33696429864052">
        <ele>45.0</ele>
        <time>2026-08-15T11:09:04.000Z</time>
      </trkpt>
      <trkpt lat="40.07684772654557" lon="116.33694594693651">
        <ele>45.0</ele>
        <time>2026-08-15T11:09:05.000Z</time>
      </trkpt>
      <trkpt lat="40.076825107291604" lon="116.33692994670048">
        <ele>45.0</ele>
        <time>2026-08-15T11:09:06.000Z</time>
      </trkpt>
      <trkpt lat="40.07680093552642" lon="116.33691623108896">
        <ele>45.0</ele>
        <time>2026-08-15T11:09:07.000Z</time>
      </trkpt>
      <trkpt lat="40.07677564670653" lon="116.33690440045577">
        <ele>45.0</ele>
        <time>2026-08-15T11:09:08.000Z</time>
      </trkpt>
      <trkpt lat="40.07674952391409" lon="116.33689427360503">
        <ele>45.0</ele>
        <time>2026-08-15T11:09:09.000Z</time>
      </trkpt>
      <trkpt lat="40.07672269869256" lon="116.33688582980429">
        <ele>45.0</ele>
        <time>2026-08-15T11:09:10.000Z</time>
      </trkpt>
      <trkpt lat="40.07669536984473" lon="116.33687903639111">
        <ele>45.0</ele>
        <time>2026-08-15T11:09:11.000Z</time>
      </trkpt>
      <trkpt lat="40.07666767684869" lon="116.33687405134184">
        <ele>45.0</ele>
        <time>2026-08-15T11:09:12.000Z</time>
      </trkpt>
      <trkpt lat="40.07663971311245" lon="116.3368711827641">
        <ele>45.0</ele>
        <time>2026-08-15T11:09:13.000Z</time>
      </trkpt>
      <trkpt lat="40.07661159756862" lon="116.33687050229635">
        <ele>45.0</ele>
        <time>2026-08-15T11:09:14.000Z</time>
      </trkpt>
      <trkpt lat="40.07658341037491" lon="116.3368720384261">
        <ele>45.0</ele>
        <time>2026-08-15T11:09:15.000Z</time>
      </trkpt>
      <trkpt lat="40.0765552529582" lon="116.33687561535677">
        <ele>45.0</ele>
        <time>2026-08-15T11:09:16.000Z</time>
      </trkpt>
      <trkpt lat="40.07652723081824" lon="116.33688039331868">
        <ele>45.0</ele>
        <time>2026-08-15T11:09:17.000Z</time>
      </trkpt>
      <trkpt lat="40.07649943830218" lon="116.33688557435107">
        <ele>45.0</ele>
        <time>2026-08-15T11:09:18.000Z</time>
      </trkpt>
      <trkpt lat="40.07647190254754" lon="116.33689062680321">
        <ele>45.0</ele>
        <time>2026-08-15T11:09:19.000Z</time>
      </trkpt>
      <trkpt lat="40.07644457852332" lon="116.33689535486202">
        <ele>45.0</ele>
        <time>2026-08-15T11:09:20.000Z</time>
      </trkpt>
      <trkpt lat="40.07641742424943" lon="116.33689974522126">
        <ele>45.0</ele>
        <time>2026-08-15T11:09:21.000Z</time>
      </trkpt>
      <trkpt lat="40.076390394137036" lon="116.33690360872151">
        <ele>45.0</ele>
        <time>2026-08-15T11:09:22.000Z</time>
      </trkpt>
      <trkpt lat="40.07636348394625" lon="116.33690674235143">
        <ele>45.0</ele>
        <time>2026-08-15T11:09:23.000Z</time>
      </trkpt>
      <trkpt lat="40.076336769237365" lon="116.33690907344987">
        <ele>45.0</ele>
        <time>2026-08-15T11:09:24.000Z</time>
      </trkpt>
      <trkpt lat="40.07631031327171" lon="116.33691104259759">
        <ele>45.0</ele>
        <time>2026-08-15T11:09:25.000Z</time>
      </trkpt>
      <trkpt lat="40.076284126171444" lon="116.3369131516397">
        <ele>45.0</ele>
        <time>2026-08-15T11:09:26.000Z</time>
      </trkpt>
      <trkpt lat="40.07625822913293" lon="116.33691560201397">
        <ele>45.0</ele>
        <time>2026-08-15T11:09:26.999Z</time>
      </trkpt>
      <trkpt lat="40.07623259470055" lon="116.33691853619358">
        <ele>45.0</ele>
        <time>2026-08-15T11:09:27.999Z</time>
      </trkpt>
      <trkpt lat="40.076207059486926" lon="116.33692166113781">
        <ele>45.0</ele>
        <time>2026-08-15T11:09:28.999Z</time>
      </trkpt>
      <trkpt lat="40.07618149731775" lon="116.336924437941">
        <ele>45.0</ele>
        <time>2026-08-15T11:09:29.999Z</time>
      </trkpt>
      <trkpt lat="40.0761559062789" lon="116.33692678552899">
        <ele>45.0</ele>
        <time>2026-08-15T11:09:30.999Z</time>
      </trkpt>
      <trkpt lat="40.07613034876765" lon="116.3369289883532">
        <ele>45.0</ele>
        <time>2026-08-15T11:09:31.999Z</time>
      </trkpt>
      <trkpt lat="40.07610488171129" lon="116.33693097464955">
        <ele>45.0</ele>
        <time>2026-08-15T11:09:32.999Z</time>
      </trkpt>
      <trkpt lat="40.076079521981754" lon="116.3369326341329">
        <ele>45.0</ele>
        <time>2026-08-15T11:09:33.999Z</time>
      </trkpt>
      <trkpt lat="40.07605431030884" lon="116.33693413900836">
        <ele>45.0</ele>
        <time>2026-08-15T11:09:34.999Z</time>
      </trkpt>
      <trkpt lat="40.076029304366" lon="116.33693554172547">
        <ele>45.0</ele>
        <time>2026-08-15T11:09:35.999Z</time>
      </trkpt>
      <trkpt lat="40.07600452699067" lon="116.3369367055808">
        <ele>45.0</ele>
        <time>2026-08-15T11:09:36.999Z</time>
      </trkpt>
      <trkpt lat="40.07597991036976" lon="116.33693718268016">
        <ele>45.0</ele>
        <time>2026-08-15T11:09:37.999Z</time>
      </trkpt>
      <trkpt lat="40.07595538038286" lon="116.33693685057395">
        <ele>45.0</ele>
        <time>2026-08-15T11:09:38.999Z</time>
      </trkpt>
      <trkpt lat="40.075930972288006" lon="116.33693583788073">
        <ele>45.0</ele>
        <time>2026-08-15T11:09:39.999Z</time>
      </trkpt>
      <trkpt lat="40.07590679655572" lon="116.33693421866225">
        <ele>45.1</ele>
        <time>2026-08-15T11:09:40.999Z</time>
      </trkpt>
      <trkpt lat="40.07588294703259" lon="116.33693226905477">
        <ele>45.1</ele>
        <time>2026-08-15T11:09:41.999Z</time>
      </trkpt>
      <trkpt lat="40.0758594635959" lon="116.33693049180629">
        <ele>45.1</ele>
        <time>2026-08-15T11:09:42.999Z</time>
      </trkpt>
      <trkpt lat="40.075836439018914" lon="116.33692956878046">
        <ele>45.1</ele>
        <time>2026-08-15T11:09:44.000Z</time>
      </trkpt>
      <trkpt lat="40.07581366794692" lon="116.33692968601059">
        <ele>45.1</ele>
        <time>2026-08-15T11:09:45.000Z</time>
      </trkpt>
      <trkpt lat="40.07579084835166" lon="116.33693037077893">
        <ele>45.1</ele>
        <time>2026-08-15T11:09:46.000Z</time>
      </trkpt>
      <trkpt lat="40.07576798140028" lon="116.3369312489932">
        <ele>45.1</ele>
        <time>2026-08-15T11:09:47.000Z</time>
      </trkpt>
      <trkpt lat="40.07574504972967" lon="116.336932454033">
        <ele>45.0</ele>
        <time>2026-08-15T11:09:48.000Z</time>
      </trkpt>
      <trkpt lat="40.075722094722614" lon="116.336934313882">
        <ele>45.0</ele>
        <time>2026-08-15T11:09:49.000Z</time>
      </trkpt>
      <trkpt lat="40.075699161341035" lon="116.33693712051759">
        <ele>45.0</ele>
        <time>2026-08-15T11:09:50.000Z</time>
      </trkpt>
      <trkpt lat="40.07567629464329" lon="116.33694107462763">
        <ele>45.0</ele>
        <time>2026-08-15T11:09:51.000Z</time>
      </trkpt>
      <trkpt lat="40.07565347273561" lon="116.33694592974038">
        <ele>45.0</ele>
        <time>2026-08-15T11:09:52.000Z</time>
      </trkpt>
      <trkpt lat="40.075630694679" lon="116.33695139874224">
        <ele>45.0</ele>
        <time>2026-08-15T11:09:53.000Z</time>
      </trkpt>
      <trkpt lat="40.07560810447585" lon="116.3369577496897">
        <ele>45.0</ele>
        <time>2026-08-15T11:09:54.000Z</time>
      </trkpt>
      <trkpt lat="40.07558594374697" lon="116.33696555687128">
        <ele>45.0</ele>
        <time>2026-08-15T11:09:55.000Z</time>
      </trkpt>
      <trkpt lat="40.0755644664941" lon="116.33697520905864">
        <ele>45.0</ele>
        <time>2026-08-15T11:09:56.000Z</time>
      </trkpt>
      <trkpt lat="40.07554398397072" lon="116.33698707594978">
        <ele>45.0</ele>
        <time>2026-08-15T11:09:57.000Z</time>
      </trkpt>
      <trkpt lat="40.07552491570416" lon="116.33700167485544">
        <ele>45.0</ele>
        <time>2026-08-15T11:09:58.000Z</time>
      </trkpt>
      <trkpt lat="40.07550778549238" lon="116.33701945760944">
        <ele>45.0</ele>
        <time>2026-08-15T11:09:59.000Z</time>
      </trkpt>
      <trkpt lat="40.07549313857578" lon="116.33704050495757">
        <ele>45.0</ele>
        <time>2026-08-15T11:10:00.000Z</time>
      </trkpt>
      <trkpt lat="40.075481254650356" lon="116.33706450777599">
        <ele>45.0</ele>
        <time>2026-08-15T11:10:01.000Z</time>
      </trkpt>
      <trkpt lat="40.07547182886502" lon="116.33709091269964">
        <ele>45.0</ele>
        <time>2026-08-15T11:10:02.000Z</time>
      </trkpt>
      <trkpt lat="40.07546407312003" lon="116.33711898105032">
        <ele>45.0</ele>
        <time>2026-08-15T11:10:03.000Z</time>
      </trkpt>
      <trkpt lat="40.07545711231781" lon="116.33714799907371">
        <ele>45.0</ele>
        <time>2026-08-15T11:10:04.000Z</time>
      </trkpt>
      <trkpt lat="40.075450421374164" lon="116.33717735548146">
        <ele>45.0</ele>
        <time>2026-08-15T11:10:05.000Z</time>
      </trkpt>
      <trkpt lat="40.07544393303548" lon="116.33720675962392">
        <ele>45.0</ele>
        <time>2026-08-15T11:10:06.000Z</time>
      </trkpt>
      <trkpt lat="40.07543786835633" lon="116.33723622917003">
        <ele>45.0</ele>
        <time>2026-08-15T11:10:07.000Z</time>
      </trkpt>
      <trkpt lat="40.07543239506075" lon="116.33726591683218">
        <ele>45.0</ele>
        <time>2026-08-15T11:10:08.000Z</time>
      </trkpt>
      <trkpt lat="40.075427507645095" lon="116.33729590057693">
        <ele>45.0</ele>
        <time>2026-08-15T11:10:09.000Z</time>
      </trkpt>
      <trkpt lat="40.07542330849075" lon="116.33732615930272">
        <ele>45.0</ele>
        <time>2026-08-15T11:10:10.000Z</time>
      </trkpt>
      <trkpt lat="40.07541998856913" lon="116.33735674181183">
        <ele>45.1</ele>
        <time>2026-08-15T11:10:11.000Z</time>
      </trkpt>
      <trkpt lat="40.07541751682696" lon="116.33738769887039">
        <ele>45.1</ele>
        <time>2026-08-15T11:10:12.000Z</time>
      </trkpt>
      <trkpt lat="40.07541581114151" lon="116.33741900690757">
        <ele>45.1</ele>
        <time>2026-08-15T11:10:13.000Z</time>
      </trkpt>
      <trkpt lat="40.07541518519699" lon="116.3374506174092">
        <ele>45.1</ele>
        <time>2026-08-15T11:10:14.000Z</time>
      </trkpt>
      <trkpt lat="40.075416134148504" lon="116.33748239129979">
        <ele>45.0</ele>
        <time>2026-08-15T11:10:15.000Z</time>
      </trkpt>
      <trkpt lat="40.07541910284837" lon="116.33751402971168">
        <ele>45.0</ele>
        <time>2026-08-15T11:10:16.000Z</time>
      </trkpt>
      <trkpt lat="40.07542441862238" lon="116.33754526534861">
        <ele>45.0</ele>
        <time>2026-08-15T11:10:17.000Z</time>
      </trkpt>
      <trkpt lat="40.075432163870836" lon="116.33757589017489">
        <ele>45.0</ele>
        <time>2026-08-15T11:10:18.000Z</time>
      </trkpt>
      <trkpt lat="40.075442279879155" lon="116.33760569256167">
        <ele>45.0</ele>
        <time>2026-08-15T11:10:19.000Z</time>
      </trkpt>
      <trkpt lat="40.075454606209256" lon="116.3376343955135">
        <ele>45.0</ele>
        <time>2026-08-15T11:10:20.000Z</time>
      </trkpt>
      <trkpt lat="40.07546900769085" lon="116.3376616407136">
        <ele>45.0</ele>
        <time>2026-08-15T11:10:21.000Z</time>
      </trkpt>
      <trkpt lat="40.07548549074809" lon="116.33768717851336">
        <ele>45.0</ele>
        <time>2026-08-15T11:10:22.000Z</time>
      </trkpt>
      <trkpt lat="40.07550368955019" lon="116.3377111279398">
        <ele>45.0</ele>
        <time>2026-08-15T11:10:23.000Z</time>
      </trkpt>
      <trkpt lat="40.07552314230663" lon="116.33773358240873">
        <ele>45.0</ele>
        <time>2026-08-15T11:10:24.000Z</time>
      </trkpt>
      <trkpt lat="40.07554360572308" lon="116.33775461396239">
        <ele>45.0</ele>
        <time>2026-08-15T11:10:25.000Z</time>
      </trkpt>
      <trkpt lat="40.07556474189725" lon="116.33777449275684">
        <ele>45.0</ele>
        <time>2026-08-15T11:10:26.000Z</time>
      </trkpt>
      <trkpt lat="40.07558641485277" lon="116.33779302074393">
        <ele>45.0</ele>
        <time>2026-08-15T11:10:27.000Z</time>
      </trkpt>
      <trkpt lat="40.07560866114244" lon="116.33780991815853">
        <ele>45.0</ele>
        <time>2026-08-15T11:10:28.000Z</time>
      </trkpt>
      <trkpt lat="40.07563130493705" lon="116.33782525684396">
        <ele>45.0</ele>
        <time>2026-08-15T11:10:29.000Z</time>
      </trkpt>
      <trkpt lat="40.075654326370405" lon="116.33783879602049">
        <ele>45.0</ele>
        <time>2026-08-15T11:10:30.000Z</time>
      </trkpt>
      <trkpt lat="40.07567790924303" lon="116.33785003835052">
        <ele>45.0</ele>
        <time>2026-08-15T11:10:31.000Z</time>
      </trkpt>
      <trkpt lat="40.07570196618206" lon="116.33785896989126">
        <ele>45.0</ele>
        <time>2026-08-15T11:10:32.000Z</time>
      </trkpt>
      <trkpt lat="40.07572631105495" lon="116.3378658583086">
        <ele>45.0</ele>
        <time>2026-08-15T11:10:33.000Z</time>
      </trkpt>
      <trkpt lat="40.075750887789994" lon="116.33787083244364">
        <ele>45.0</ele>
        <time>2026-08-15T11:10:34.000Z</time>
      </trkpt>
      <trkpt lat="40.07577567317111" lon="116.33787410864424">
        <ele>45.0</ele>
        <time>2026-08-15T11:10:35.000Z</time>
      </trkpt>
      <trkpt lat="40.07580062921854" lon="116.3378756073696">
        <ele>45.0</ele>
        <time>2026-08-15T11:10:36.000Z</time>
      </trkpt>
      <trkpt lat="40.07582566775925" lon="116.33787518026955">
        <ele>45.0</ele>
        <time>2026-08-15T11:10:37.000Z</time>
      </trkpt>
      <trkpt lat="40.07585069223357" lon="116.33787329582174">
        <ele>45.0</ele>
        <time>2026-08-15T11:10:38.000Z</time>
      </trkpt>
      <trkpt lat="40.075875612336205" lon="116.33787001887116">
        <ele>45.0</ele>
        <time>2026-08-15T11:10:39.000Z</time>
      </trkpt>
      <trkpt lat="40.07590032086687" lon="116.3378652902419">
        <ele>45.0</ele>
        <time>2026-08-15T11:10:40.000Z</time>
      </trkpt>
      <trkpt lat="40.075924870482204" lon="116.33786008506519">
        <ele>45.0</ele>
        <time>2026-08-15T11:10:41.000Z</time>
      </trkpt>
      <trkpt lat="40.075949385329686" lon="116.33785613987982">
        <ele>45.0</ele>
        <time>2026-08-15T11:10:42.000Z</time>
      </trkpt>
      <trkpt lat="40.07597364754176" lon="116.33785407327986">
        <ele>45.0</ele>
        <time>2026-08-15T11:10:43.000Z</time>
      </trkpt>
      <trkpt lat="40.07599747136938" lon="116.33785286098679">
        <ele>45.0</ele>
        <time>2026-08-15T11:10:44.000Z</time>
      </trkpt>
      <trkpt lat="40.07602100126285" lon="116.33785184918193">
        <ele>45.0</ele>
        <time>2026-08-15T11:10:45.000Z</time>
      </trkpt>
      <trkpt lat="40.076044398443926" lon="116.3378511290523">
        <ele>45.0</ele>
        <time>2026-08-15T11:10:46.000Z</time>
      </trkpt>
      <trkpt lat="40.07606772186358" lon="116.33785054748296">
        <ele>45.0</ele>
        <time>2026-08-15T11:10:47.000Z</time>
      </trkpt>
      <trkpt lat="40.07609097266071" lon="116.33784976051405">
        <ele>45.0</ele>
        <time>2026-08-15T11:10:48.000Z</time>
      </trkpt>
      <trkpt lat="40.07611419453607" lon="116.33784894102736">
        <ele>45.0</ele>
        <time>2026-08-15T11:10:49.000Z</time>
      </trkpt>
      <trkpt lat="40.076137491593784" lon="116.33784799549588">
        <ele>45.0</ele>
        <time>2026-08-15T11:10:50.000Z</time>
      </trkpt>
      <trkpt lat="40.076160940482225" lon="116.33784638226666">
        <ele>45.0</ele>
        <time>2026-08-15T11:10:51.000Z</time>
      </trkpt>
      <trkpt lat="40.07618442626895" lon="116.3378443345102">
        <ele>45.0</ele>
        <time>2026-08-15T11:10:52.000Z</time>
      </trkpt>
      <trkpt lat="40.0762078470786" lon="116.33784257379803">
        <ele>45.0</ele>
        <time>2026-08-15T11:10:53.000Z</time>
      </trkpt>
      <trkpt lat="40.07623126284014" lon="116.3378410969845">
        <ele>45.0</ele>
        <time>2026-08-15T11:10:54.000Z</time>
      </trkpt>
      <trkpt lat="40.07625476288308" lon="116.33783960226617">
        <ele>45.0</ele>
        <time>2026-08-15T11:10:55.000Z</time>
      </trkpt>
      <trkpt lat="40.07627822635595" lon="116.33783810000352">
        <ele>45.0</ele>
        <time>2026-08-15T11:10:56.000Z</time>
      </trkpt>
      <trkpt lat="40.076301548546276" lon="116.3378367305907">
        <ele>45.0</ele>
        <time>2026-08-15T11:10:57.000Z</time>
      </trkpt>
      <trkpt lat="40.07632473598741" lon="116.33783590464166">
        <ele>45.0</ele>
        <time>2026-08-15T11:10:58.000Z</time>
      </trkpt>
      <trkpt lat="40.07634773198798" lon="116.33783568243926">
        <ele>45.0</ele>
        <time>2026-08-15T11:10:59.000Z</time>
      </trkpt>
      <trkpt lat="40.07637061020599" lon="116.33783556657463">
        <ele>45.0</ele>
        <time>2026-08-15T11:11:00.000Z</time>
      </trkpt>
      <trkpt lat="40.07639338115245" lon="116.33783555287468">
        <ele>45.0</ele>
        <time>2026-08-15T11:11:01.000Z</time>
      </trkpt>
      <trkpt lat="40.07641600417709" lon="116.33783618436175">
        <ele>45.0</ele>
        <time>2026-08-15T11:11:02.000Z</time>
      </trkpt>
      <trkpt lat="40.076438514789366" lon="116.3378370972527">
        <ele>45.0</ele>
        <time>2026-08-15T11:11:03.000Z</time>
      </trkpt>
      <trkpt lat="40.07646101282317" lon="116.33783735004779">
        <ele>45.0</ele>
        <time>2026-08-15T11:11:04.000Z</time>
      </trkpt>
      <trkpt lat="40.07648362319731" lon="116.33783705394586">
        <ele>45.0</ele>
        <time>2026-08-15T11:11:05.000Z</time>
      </trkpt>
      <trkpt lat="40.07650625748374" lon="116.33783674697037">
        <ele>45.0</ele>
        <time>2026-08-15T11:11:06.000Z</time>
      </trkpt>
      <trkpt lat="40.07652882921393" lon="116.3378363362311">
        <ele>45.0</ele>
        <time>2026-08-15T11:11:07.000Z</time>
      </trkpt>
      <trkpt lat="40.076551405092964" lon="116.33783568536381">
        <ele>45.0</ele>
        <time>2026-08-15T11:11:08.000Z</time>
      </trkpt>
      <trkpt lat="40.07657397693989" lon="116.3378350232249">
        <ele>45.0</ele>
        <time>2026-08-15T11:11:09.000Z</time>
      </trkpt>
      <trkpt lat="40.07659650911961" lon="116.33783409452838">
        <ele>45.0</ele>
        <time>2026-08-15T11:11:10.000Z</time>
      </trkpt>
      <trkpt lat="40.07661908064094" lon="116.33783231113777">
        <ele>45.1</ele>
        <time>2026-08-15T11:11:11.000Z</time>
      </trkpt>
      <trkpt lat="40.07664169564725" lon="116.33782985571148">
        <ele>45.1</ele>
        <time>2026-08-15T11:11:12.000Z</time>
      </trkpt>
      <trkpt lat="40.0766642656317" lon="116.33782722083329">
        <ele>45.1</ele>
        <time>2026-08-15T11:11:13.000Z</time>
      </trkpt>
      <trkpt lat="40.07668682061625" lon="116.33782422849478">
        <ele>45.1</ele>
        <time>2026-08-15T11:11:14.000Z</time>
      </trkpt>
      <trkpt lat="40.07670936833624" lon="116.33782038278726">
        <ele>45.1</ele>
        <time>2026-08-15T11:11:15.000Z</time>
      </trkpt>
      <trkpt lat="40.07673169483109" lon="116.33781538697636">
        <ele>45.1</ele>
        <time>2026-08-15T11:11:16.000Z</time>
      </trkpt>
      <trkpt lat="40.07675359154603" lon="116.33780893681585">
        <ele>45.1</ele>
        <time>2026-08-15T11:11:17.000Z</time>
      </trkpt>
      <trkpt lat="40.07677495971555" lon="116.33780039247354">
        <ele>45.1</ele>
        <time>2026-08-15T11:11:18.000Z</time>
      </trkpt>
      <trkpt lat="40.07679579588329" lon="116.33778908320204">
        <ele>45.1</ele>
        <time>2026-08-15T11:11:19.000Z</time>
      </trkpt>
      <trkpt lat="40.07681615173652" lon="116.33777502205625">
        <ele>45.2</ele>
        <time>2026-08-15T11:11:20.000Z</time>
      </trkpt>
      <trkpt lat="40.076836011507204" lon="116.33775878636322">
        <ele>45.2</ele>
        <time>2026-08-15T11:11:21.000Z</time>
      </trkpt>
      <trkpt lat="40.07685525434412" lon="116.33774067442235">
        <ele>45.2</ele>
        <time>2026-08-15T11:11:22.000Z</time>
      </trkpt>
      <trkpt lat="40.07687369026752" lon="116.33772066206203">
        <ele>45.2</ele>
        <time>2026-08-15T11:11:23.000Z</time>
      </trkpt>
      <trkpt lat="40.07689124861288" lon="116.3376988715009">
        <ele>45.2</ele>
        <time>2026-08-15T11:11:23.999Z</time>
      </trkpt>
      <trkpt lat="40.07690775116123" lon="116.33767526873578">
        <ele>45.2</ele>
        <time>2026-08-15T11:11:24.999Z</time>
      </trkpt>
      <trkpt lat="40.076922707991606" lon="116.33764950856803">
        <ele>45.2</ele>
        <time>2026-08-15T11:11:25.999Z</time>
      </trkpt>
      <trkpt lat="40.07693592161991" lon="116.33762143044945">
        <ele>45.2</ele>
        <time>2026-08-15T11:11:26.999Z</time>
      </trkpt>
      <trkpt lat="40.07694775793154" lon="116.33759133132625">
        <ele>45.2</ele>
        <time>2026-08-15T11:11:27.999Z</time>
      </trkpt>
      <trkpt lat="40.076958533975976" lon="116.33755972440558">
        <ele>45.2</ele>
        <time>2026-08-15T11:11:28.999Z</time>
      </trkpt>
      <trkpt lat="40.07696827599214" lon="116.33752709238759">
        <ele>45.2</ele>
        <time>2026-08-15T11:11:29.999Z</time>
      </trkpt>
      <trkpt lat="40.07697683762704" lon="116.33749383711759">
        <ele>45.2</ele>
        <time>2026-08-15T11:11:30.999Z</time>
      </trkpt>
      <trkpt lat="40.07698389187187" lon="116.3374601619737">
        <ele>45.2</ele>
        <time>2026-08-15T11:11:31.999Z</time>
      </trkpt>
      <trkpt lat="40.076989122745545" lon="116.33742611423322">
        <ele>45.2</ele>
        <time>2026-08-15T11:11:32.999Z</time>
      </trkpt>
      <trkpt lat="40.07699259111364" lon="116.33739182341088">
        <ele>45.2</ele>
        <time>2026-08-15T11:11:33.999Z</time>
      </trkpt>
      <trkpt lat="40.07699454188467" lon="116.33735757847124">
        <ele>45.2</ele>
        <time>2026-08-15T11:11:34.999Z</time>
      </trkpt>
      <trkpt lat="40.07699511814461" lon="116.33732353191672">
        <ele>45.2</ele>
        <time>2026-08-15T11:11:35.999Z</time>
      </trkpt>
      <trkpt lat="40.07699442207935" lon="116.3372896948578">
        <ele>45.2</ele>
        <time>2026-08-15T11:11:36.999Z</time>
      </trkpt>
      <trkpt lat="40.07699259309439" lon="116.3372561700052">
        <ele>45.2</ele>
        <time>2026-08-15T11:11:37.999Z</time>
      </trkpt>
      <trkpt lat="40.07698956344404" lon="116.33722310937638">
        <ele>45.2</ele>
        <time>2026-08-15T11:11:38.999Z</time>
      </trkpt>
      <trkpt lat="40.07698518407122" lon="116.33719076153041">
        <ele>45.2</ele>
        <time>2026-08-15T11:11:39.999Z</time>
      </trkpt>
      <trkpt lat="40.07697926967211" lon="116.33715939940144">
        <ele>45.2</ele>
        <time>2026-08-15T11:11:40.999Z</time>
      </trkpt>
      <trkpt lat="40.07697154275744" lon="116.33712913509092">
        <ele>45.2</ele>
        <time>2026-08-15T11:11:41.999Z</time>
      </trkpt>
      <trkpt lat="40.07696214648767" lon="116.33709999262165">
        <ele>45.2</ele>
        <time>2026-08-15T11:11:42.999Z</time>
      </trkpt>
      <trkpt lat="40.076951325534566" lon="116.33707205827164">
        <ele>45.2</ele>
        <time>2026-08-15T11:11:43.999Z</time>
      </trkpt>
      <trkpt lat="40.07693873035911" lon="116.3370455430499">
        <ele>45.1</ele>
        <time>2026-08-15T11:11:44.999Z</time>
      </trkpt>
      <trkpt lat="40.07692410909261" lon="116.33702057296765">
        <ele>45.1</ele>
        <time>2026-08-15T11:11:45.999Z</time>
      </trkpt>
      <trkpt lat="40.07690776986969" lon="116.33699711820958">
        <ele>45.1</ele>
        <time>2026-08-15T11:11:46.999Z</time>
      </trkpt>
      <trkpt lat="40.07689017297913" lon="116.33697522859286">
        <ele>45.1</ele>
        <time>2026-08-15T11:11:47.999Z</time>
      </trkpt>
      <trkpt lat="40.07687149156864" lon="116.33695493705419">
        <ele>45.1</ele>
        <time>2026-08-15T11:11:49.000Z</time>
      </trkpt>
      <trkpt lat="40.0768515065015" lon="116.33693641326988">
        <ele>45.1</ele>
        <time>2026-08-15T11:11:50.000Z</time>
      </trkpt>
      <trkpt lat="40.076829884992094" lon="116.33692004637084">
        <ele>45.1</ele>
        <time>2026-08-15T11:11:51.000Z</time>
      </trkpt>
      <trkpt lat="40.076806788823355" lon="116.33690584126879">
        <ele>45.1</ele>
        <time>2026-08-15T11:11:52.000Z</time>
      </trkpt>
      <trkpt lat="40.07678266548284" lon="116.3368936047204">
        <ele>45.1</ele>
        <time>2026-08-15T11:11:53.000Z</time>
      </trkpt>
      <trkpt lat="40.07675779533893" lon="116.33688347200496">
        <ele>45.1</ele>
        <time>2026-08-15T11:11:54.000Z</time>
      </trkpt>
      <trkpt lat="40.076732356005905" lon="116.33687539737156">
        <ele>45.1</ele>
        <time>2026-08-15T11:11:55.000Z</time>
      </trkpt>
      <trkpt lat="40.076706389307226" lon="116.33686935511015">
        <ele>45.1</ele>
        <time>2026-08-15T11:11:56.000Z</time>
      </trkpt>
      <trkpt lat="40.076679893913074" lon="116.33686563368403">
        <ele>45.1</ele>
        <time>2026-08-15T11:11:57.000Z</time>
      </trkpt>
      <trkpt lat="40.0766530034109" lon="116.33686426542833">
        <ele>45.1</ele>
        <time>2026-08-15T11:11:58.000Z</time>
      </trkpt>
      <trkpt lat="40.07662592440851" lon="116.33686492493979">
        <ele>45.1</ele>
        <time>2026-08-15T11:11:59.000Z</time>
      </trkpt>
      <trkpt lat="40.076598797036446" lon="116.33686713199569">
        <ele>45.0</ele>
        <time>2026-08-15T11:12:00.000Z</time>
      </trkpt>
      <trkpt lat="40.07657168132473" lon="116.33687038574065">
        <ele>45.0</ele>
        <time>2026-08-15T11:12:01.000Z</time>
      </trkpt>
      <trkpt lat="40.07654464318951" lon="116.33687459688856">
        <ele>45.0</ele>
        <time>2026-08-15T11:12:02.000Z</time>
      </trkpt>
      <trkpt lat="40.07651773136241" lon="116.33687968633257">
        <ele>45.0</ele>
        <time>2026-08-15T11:12:03.000Z</time>
      </trkpt>
      <trkpt lat="40.07649096511302" lon="116.33688524432188">
        <ele>45.0</ele>
        <time>2026-08-15T11:12:04.000Z</time>
      </trkpt>
      <trkpt lat="40.07646434375047" lon="116.33689113646268">
        <ele>45.0</ele>
        <time>2026-08-15T11:12:05.000Z</time>
      </trkpt>
      <trkpt lat="40.07643785535129" lon="116.33689726597524">
        <ele>45.0</ele>
        <time>2026-08-15T11:12:06.000Z</time>
      </trkpt>
      <trkpt lat="40.07641149620254" lon="116.33690342732083">
        <ele>45.0</ele>
        <time>2026-08-15T11:12:07.000Z</time>
      </trkpt>
      <trkpt lat="40.076385333794775" lon="116.33690948129663">
        <ele>45.0</ele>
        <time>2026-08-15T11:12:08.000Z</time>
      </trkpt>
      <trkpt lat="40.076359389949964" lon="116.33691509169448">
        <ele>45.0</ele>
        <time>2026-08-15T11:12:09.000Z</time>
      </trkpt>
      <trkpt lat="40.0763336482747" lon="116.33691985785437">
        <ele>45.0</ele>
        <time>2026-08-15T11:12:10.000Z</time>
      </trkpt>
      <trkpt lat="40.07630812587615" lon="116.33692359184391">
        <ele>45.0</ele>
        <time>2026-08-15T11:12:11.000Z</time>
      </trkpt>
      <trkpt lat="40.076282829370214" lon="116.33692636387113">
        <ele>45.0</ele>
        <time>2026-08-15T11:12:12.000Z</time>
      </trkpt>
      <trkpt lat="40.07625776560681" lon="116.33692841267519">
        <ele>45.0</ele>
        <time>2026-08-15T11:12:13.000Z</time>
      </trkpt>
      <trkpt lat="40.07623292984646" lon="116.33692995904559">
        <ele>45.0</ele>
        <time>2026-08-15T11:12:14.000Z</time>
      </trkpt>
      <trkpt lat="40.07620830420098" lon="116.3369312033119">
        <ele>45.0</ele>
        <time>2026-08-15T11:12:15.000Z</time>
      </trkpt>
      <trkpt lat="40.07618387365366" lon="116.33693215060231">
        <ele>45.0</ele>
        <time>2026-08-15T11:12:16.000Z</time>
      </trkpt>
      <trkpt lat="40.076159573787265" lon="116.33693250319247">
        <ele>45.0</ele>
        <time>2026-08-15T11:12:17.000Z</time>
      </trkpt>
      <trkpt lat="40.07613537555237" lon="116.33693202150292">
        <ele>45.0</ele>
        <time>2026-08-15T11:12:18.000Z</time>
      </trkpt>
      <trkpt lat="40.07611132081832" lon="116.33693091582603">
        <ele>45.0</ele>
        <time>2026-08-15T11:12:19.000Z</time>
      </trkpt>
      <trkpt lat="40.076087408947345" lon="116.33692957007622">
        <ele>45.0</ele>
        <time>2026-08-15T11:12:20.000Z</time>
      </trkpt>
      <trkpt lat="40.0760634965061" lon="116.33692839871836">
        <ele>45.0</ele>
        <time>2026-08-15T11:12:21.000Z</time>
      </trkpt>
      <trkpt lat="40.07603942420001" lon="116.3369276505181">
        <ele>45.0</ele>
        <time>2026-08-15T11:12:22.000Z</time>
      </trkpt>
      <trkpt lat="40.076015114424685" lon="116.33692753432246">
        <ele>45.0</ele>
        <time>2026-08-15T11:12:23.000Z</time>
      </trkpt>
      <trkpt lat="40.07599059713432" lon="116.33692809888548">
        <ele>45.0</ele>
        <time>2026-08-15T11:12:24.000Z</time>
      </trkpt>
      <trkpt lat="40.07596600456023" lon="116.33692890099084">
        <ele>45.0</ele>
        <time>2026-08-15T11:12:25.000Z</time>
      </trkpt>
      <trkpt lat="40.07594149163979" lon="116.33692936113158">
        <ele>45.0</ele>
        <time>2026-08-15T11:12:26.000Z</time>
      </trkpt>
      <trkpt lat="40.075917141003266" lon="116.33692929834413">
        <ele>45.0</ele>
        <time>2026-08-15T11:12:27.000Z</time>
      </trkpt>
      <trkpt lat="40.075892836133555" lon="116.3369292172139">
        <ele>45.0</ele>
        <time>2026-08-15T11:12:28.000Z</time>
      </trkpt>
      <trkpt lat="40.07586841405471" lon="116.33692947203527">
        <ele>45.0</ele>
        <time>2026-08-15T11:12:29.000Z</time>
      </trkpt>
      <trkpt lat="40.075843841621435" lon="116.33693016156283">
        <ele>45.0</ele>
        <time>2026-08-15T11:12:30.000Z</time>
      </trkpt>
      <trkpt lat="40.075819192224664" lon="116.33693117775191">
        <ele>45.0</ele>
        <time>2026-08-15T11:12:31.000Z</time>
      </trkpt>
      <trkpt lat="40.075794534250996" lon="116.33693208775114">
        <ele>45.0</ele>
        <time>2026-08-15T11:12:32.000Z</time>
      </trkpt>
      <trkpt lat="40.0757699184101" lon="116.33693255562102">
        <ele>45.0</ele>
        <time>2026-08-15T11:12:33.000Z</time>
      </trkpt>
      <trkpt lat="40.07574543807658" lon="116.33693270741803">
        <ele>45.0</ele>
        <time>2026-08-15T11:12:34.000Z</time>
      </trkpt>
      <trkpt lat="40.0757210773157" lon="116.33693270787201">
        <ele>45.0</ele>
        <time>2026-08-15T11:12:35.000Z</time>
      </trkpt>
      <trkpt lat="40.07569676444134" lon="116.33693249571988">
        <ele>45.1</ele>
        <time>2026-08-15T11:12:36.000Z</time>
      </trkpt>
      <trkpt lat="40.075672484774586" lon="116.3369319692206">
        <ele>45.1</ele>
        <time>2026-08-15T11:12:37.000Z</time>
      </trkpt>
      <trkpt lat="40.075648241120206" lon="116.33693113312498">
        <ele>45.1</ele>
        <time>2026-08-15T11:12:38.000Z</time>
      </trkpt>
      <trkpt lat="40.075624072352916" lon="116.33693031323857">
        <ele>45.1</ele>
        <time>2026-08-15T11:12:39.000Z</time>
      </trkpt>
      <trkpt lat="40.07560006606597" lon="116.3369299735764">
        <ele>45.1</ele>
        <time>2026-08-15T11:12:40.000Z</time>
      </trkpt>
      <trkpt lat="40.07557666386054" lon="116.33693181975713">
        <ele>45.1</ele>
        <time>2026-08-15T11:12:41.000Z</time>
      </trkpt>
      <trkpt lat="40.07555468944628" lon="116.3369382041839">
        <ele>45.1</ele>
        <time>2026-08-15T11:12:42.000Z</time>
      </trkpt>
      <trkpt lat="40.075534701387895" lon="116.33695046626106">
        <ele>45.1</ele>
        <time>2026-08-15T11:12:43.000Z</time>
      </trkpt>
      <trkpt lat="40.07551678225994" lon="116.33696863245427">
        <ele>45.1</ele>
        <time>2026-08-15T11:12:44.000Z</time>
      </trkpt>
      <trkpt lat="40.07550077368268" lon="116.33699138514854">
        <ele>45.1</ele>
        <time>2026-08-15T11:12:45.000Z</time>
      </trkpt>
      <trkpt lat="40.075486327609724" lon="116.33701707318899">
        <ele>45.1</ele>
        <time>2026-08-15T11:12:46.000Z</time>
      </trkpt>
      <trkpt lat="40.075473299762976" lon="116.33704456377279">
        <ele>45.1</ele>
        <time>2026-08-15T11:12:47.000Z</time>
      </trkpt>
      <trkpt lat="40.07546199985479" lon="116.33707341715295">
        <ele>45.1</ele>
        <time>2026-08-15T11:12:48.000Z</time>
      </trkpt>
      <trkpt lat="40.07545278964182" lon="116.33710356578145">
        <ele>45.1</ele>
        <time>2026-08-15T11:12:49.000Z</time>
      </trkpt>
      <trkpt lat="40.07544567329232" lon="116.33713494214923">
        <ele>45.0</ele>
        <time>2026-08-15T11:12:50.000Z</time>
      </trkpt>
      <trkpt lat="40.07544018470791" lon="116.33716724509445">
        <ele>45.0</ele>
        <time>2026-08-15T11:12:51.000Z</time>
      </trkpt>
      <trkpt lat="40.075436013309506" lon="116.33720015470762">
        <ele>45.0</ele>
        <time>2026-08-15T11:12:52.000Z</time>
      </trkpt>
      <trkpt lat="40.07543316026785" lon="116.33723349126818">
        <ele>45.0</ele>
        <time>2026-08-15T11:12:53.000Z</time>
      </trkpt>
      <trkpt lat="40.07543159427475" lon="116.33726703783661">
        <ele>45.0</ele>
        <time>2026-08-15T11:12:54.000Z</time>
      </trkpt>
      <trkpt lat="40.07543108552355" lon="116.33730059358862">
        <ele>45.1</ele>
        <time>2026-08-15T11:12:55.000Z</time>
      </trkpt>
      <trkpt lat="40.07543129481135" lon="116.33733398413537">
        <ele>45.1</ele>
        <time>2026-08-15T11:12:56.000Z</time>
      </trkpt>
      <trkpt lat="40.075432226423345" lon="116.33736718569678">
        <ele>45.1</ele>
        <time>2026-08-15T11:12:57.000Z</time>
      </trkpt>
      <trkpt lat="40.075433944740965" lon="116.33740017114874">
        <ele>45.1</ele>
        <time>2026-08-15T11:12:58.000Z</time>
        <extensions>
  <gpxtpx:TrackPointExtension>
    <gpxtpx:hr>177</gpxtpx:hr>
  </gpxtpx:TrackPointExtension>
</extensions>
      </trkpt>
      <trkpt lat="40.07543650782448" lon="116.33743293151291">
        <ele>45.1</ele>
        <time>2026-08-15T11:12:59.000Z</time>
        <extensions>
  <gpxtpx:TrackPointExtension>
    <gpxtpx:hr>177</gpxtpx:hr>
  </gpxtpx:TrackPointExtension>
</extensions>
      </trkpt>
      <trkpt lat="40.07544019365984" lon="116.33746552638452">
        <ele>45.1</ele>
        <time>2026-08-15T11:13:00.000Z</time>
        <extensions>
  <gpxtpx:TrackPointExtension>
    <gpxtpx:hr>177</gpxtpx:hr>
  </gpxtpx:TrackPointExtension>
</extensions>
      </trkpt>
      <trkpt lat="40.07544536295354" lon="116.33749773723176">
        <ele>45.1</ele>
        <time>2026-08-15T11:13:01.000Z</time>
        <extensions>
  <gpxtpx:TrackPointExtension>
    <gpxtpx:hr>177</gpxtpx:hr>
  </gpxtpx:TrackPointExtension>
</extensions>
      </trkpt>
      <trkpt lat="40.07545245125699" lon="116.33752923927574">
        <ele>45.1</ele>
        <time>2026-08-15T11:13:02.000Z</time>
        <extensions>
  <gpxtpx:TrackPointExtension>
    <gpxtpx:hr>177</gpxtpx:hr>
  </gpxtpx:TrackPointExtension>
</extensions>
      </trkpt>
      <trkpt lat="40.075461717800046" lon="116.33755981253081">
        <ele>45.1</ele>
        <time>2026-08-15T11:13:03.000Z</time>
        <extensions>
  <gpxtpx:TrackPointExtension>
    <gpxtpx:hr>177</gpxtpx:hr>
  </gpxtpx:TrackPointExtension>
</extensions>
      </trkpt>
      <trkpt lat="40.07547308134106" lon="116.33758937446095">
        <ele>45.1</ele>
        <time>2026-08-15T11:13:04.000Z</time>
        <extensions>
  <gpxtpx:TrackPointExtension>
    <gpxtpx:hr>177</gpxtpx:hr>
  </gpxtpx:TrackPointExtension>
</extensions>
      </trkpt>
      <trkpt lat="40.0754862530121" lon="116.3376179278806">
        <ele>45.1</ele>
        <time>2026-08-15T11:13:05.000Z</time>
        <extensions>
  <gpxtpx:TrackPointExtension>
    <gpxtpx:hr>177</gpxtpx:hr>
  </gpxtpx:TrackPointExtension>
</extensions>
      </trkpt>
      <trkpt lat="40.07550094521413" lon="116.33764539039272">
        <ele>45.1</ele>
        <time>2026-08-15T11:13:06.000Z</time>
        <extensions>
  <gpxtpx:TrackPointExtension>
    <gpxtpx:hr>177</gpxtpx:hr>
  </gpxtpx:TrackPointExtension>
</extensions>
      </trkpt>
      <trkpt lat="40.07551687727698" lon="116.3376716116919">
        <ele>45.1</ele>
        <time>2026-08-15T11:13:07.000Z</time>
        <extensions>
  <gpxtpx:TrackPointExtension>
    <gpxtpx:hr>177</gpxtpx:hr>
  </gpxtpx:TrackPointExtension>
</extensions>
      </trkpt>
      <trkpt lat="40.07553394281331" lon="116.3376963761863">
        <ele>45.1</ele>
        <time>2026-08-15T11:13:08.000Z</time>
      </trkpt>
      <trkpt lat="40.07555215601236" lon="116.33771962295805">
        <ele>45.1</ele>
        <time>2026-08-15T11:13:09.000Z</time>
      </trkpt>
      <trkpt lat="40.075571363961615" lon="116.33774155456759">
        <ele>45.1</ele>
        <time>2026-08-15T11:13:10.000Z</time>
      </trkpt>
      <trkpt lat="40.075591431512024" lon="116.33776216518847">
        <ele>45.2</ele>
        <time>2026-08-15T11:13:11.000Z</time>
      </trkpt>
      <trkpt lat="40.07561230748695" lon="116.3377811808888">
        <ele>45.2</ele>
        <time>2026-08-15T11:13:12.000Z</time>
      </trkpt>
      <trkpt lat="40.07563396088104" lon="116.33779847423837">
        <ele>45.2</ele>
        <time>2026-08-15T11:13:13.000Z</time>
      </trkpt>
      <trkpt lat="40.07565624994621" lon="116.33781416369422">
        <ele>45.2</ele>
        <time>2026-08-15T11:13:14.000Z</time>
      </trkpt>
      <trkpt lat="40.07567900281764" lon="116.3378281359107">
        <ele>45.2</ele>
        <time>2026-08-15T11:13:15.000Z</time>
      </trkpt>
      <trkpt lat="40.07570225647288" lon="116.33783989449218">
        <ele>45.2</ele>
        <time>2026-08-15T11:13:16.000Z</time>
      </trkpt>
      <trkpt lat="40.0757259070266" lon="116.337849241641">
        <ele>45.2</ele>
        <time>2026-08-15T11:13:17.000Z</time>
      </trkpt>
      <trkpt lat="40.07574982226361" lon="116.33785621968718">
        <ele>45.2</ele>
        <time>2026-08-15T11:13:18.000Z</time>
      </trkpt>
      <trkpt lat="40.07577390241067" lon="116.33786094961118">
        <ele>45.2</ele>
        <time>2026-08-15T11:13:19.000Z</time>
      </trkpt>
      <trkpt lat="40.0757979840778" lon="116.33786384421538">
        <ele>45.2</ele>
        <time>2026-08-15T11:13:20.000Z</time>
      </trkpt>
      <trkpt lat="40.07582207198287" lon="116.33786499028328">
        <ele>45.2</ele>
        <time>2026-08-15T11:13:21.000Z</time>
      </trkpt>
      <trkpt lat="40.075846181585966" lon="116.33786465942025">
        <ele>45.2</ele>
        <time>2026-08-15T11:13:22.000Z</time>
      </trkpt>
      <trkpt lat="40.0758701971379" lon="116.33786337947441">
        <ele>45.2</ele>
        <time>2026-08-15T11:13:23.000Z</time>
      </trkpt>
      <trkpt lat="40.07589406697329" lon="116.33786154091798">
        <ele>45.2</ele>
        <time>2026-08-15T11:13:23.999Z</time>
      </trkpt>
      <trkpt lat="40.0759178197966" lon="116.33786017719375">
        <ele>45.2</ele>
        <time>2026-08-15T11:13:24.999Z</time>
      </trkpt>
      <trkpt lat="40.07594144464496" lon="116.33785972517245">
        <ele>45.1</ele>
        <time>2026-08-15T11:13:25.999Z</time>
      </trkpt>
      <trkpt lat="40.075965083540936" lon="116.33785925832106">
        <ele>45.1</ele>
        <time>2026-08-15T11:13:26.999Z</time>
      </trkpt>
      <trkpt lat="40.07598870265367" lon="116.3378582925128">
        <ele>45.1</ele>
        <time>2026-08-15T11:13:27.999Z</time>
      </trkpt>
      <trkpt lat="40.07601212593899" lon="116.33785723415767">
        <ele>45.1</ele>
        <time>2026-08-15T11:13:28.999Z</time>
      </trkpt>
      <trkpt lat="40.07603524386558" lon="116.33785613204003">
        <ele>45.2</ele>
        <time>2026-08-15T11:13:29.999Z</time>
      </trkpt>
      <trkpt lat="40.07605816563496" lon="116.33785469891404">
        <ele>45.2</ele>
        <time>2026-08-15T11:13:30.999Z</time>
      </trkpt>
      <trkpt lat="40.076081043703326" lon="116.33785318766576">
        <ele>45.2</ele>
        <time>2026-08-15T11:13:31.999Z</time>
      </trkpt>
      <trkpt lat="40.076103983876045" lon="116.3378517866377">
        <ele>45.2</ele>
        <time>2026-08-15T11:13:32.999Z</time>
      </trkpt>
      <trkpt lat="40.07612709125496" lon="116.33785037595213">
        <ele>45.2</ele>
        <time>2026-08-15T11:13:33.999Z</time>
      </trkpt>
      <trkpt lat="40.076150263812686" lon="116.33784890615169">
        <ele>45.2</ele>
        <time>2026-08-15T11:13:34.999Z</time>
      </trkpt>
      <trkpt lat="40.076173512553375" lon="116.3378471262583">
        <ele>45.2</ele>
        <time>2026-08-15T11:13:35.999Z</time>
      </trkpt>
      <trkpt lat="40.07619683961771" lon="116.33784520373393">
        <ele>45.2</ele>
        <time>2026-08-15T11:13:36.999Z</time>
      </trkpt>
      <trkpt lat="40.07622041373619" lon="116.33784348217452">
        <ele>45.2</ele>
        <time>2026-08-15T11:13:37.999Z</time>
      </trkpt>
      <trkpt lat="40.07624426926308" lon="116.33784179135287">
        <ele>45.2</ele>
        <time>2026-08-15T11:13:38.999Z</time>
      </trkpt>
      <trkpt lat="40.076268180501415" lon="116.33784005962">
        <ele>45.2</ele>
        <time>2026-08-15T11:13:39.999Z</time>
      </trkpt>
      <trkpt lat="40.07629204872683" lon="116.33783850337643">
        <ele>45.2</ele>
        <time>2026-08-15T11:13:40.999Z</time>
      </trkpt>
      <trkpt lat="40.07631601555854" lon="116.33783723317123">
        <ele>45.2</ele>
        <time>2026-08-15T11:13:41.999Z</time>
      </trkpt>
      <trkpt lat="40.07634014263486" lon="116.33783627658227">
        <ele>45.2</ele>
        <time>2026-08-15T11:13:42.999Z</time>
      </trkpt>
      <trkpt lat="40.076364249039145" lon="116.33783560948063">
        <ele>45.2</ele>
        <time>2026-08-15T11:13:43.999Z</time>
      </trkpt>
      <trkpt lat="40.07638826943113" lon="116.33783536325372">
        <ele>45.2</ele>
        <time>2026-08-15T11:13:44.999Z</time>
      </trkpt>
      <trkpt lat="40.07641227980415" lon="116.33783548980853">
        <ele>45.2</ele>
        <time>2026-08-15T11:13:45.999Z</time>
      </trkpt>
      <trkpt lat="40.07643638985504" lon="116.33783552019193">
        <ele>45.2</ele>
        <time>2026-08-15T11:13:46.999Z</time>
      </trkpt>
      <trkpt lat="40.076460524268285" lon="116.3378354094307">
        <ele>45.2</ele>
        <time>2026-08-15T11:13:47.999Z</time>
      </trkpt>
      <trkpt lat="40.07648460665829" lon="116.33783522345254">
        <ele>45.2</ele>
        <time>2026-08-15T11:13:48.999Z</time>
      </trkpt>
      <trkpt lat="40.07650871276242" lon="116.3378348002956">
        <ele>45.2</ele>
        <time>2026-08-15T11:13:49.999Z</time>
      </trkpt>
      <trkpt lat="40.076532902005276" lon="116.33783406550813">
        <ele>45.2</ele>
        <time>2026-08-15T11:13:50.999Z</time>
      </trkpt>
      <trkpt lat="40.07655711789772" lon="116.33783307529876">
        <ele>45.2</ele>
        <time>2026-08-15T11:13:51.999Z</time>
      </trkpt>
      <trkpt lat="40.076581285370736" lon="116.3378318897607">
        <ele>45.2</ele>
        <time>2026-08-15T11:13:52.999Z</time>
      </trkpt>
      <trkpt lat="40.076605435800914" lon="116.33783043830161">
        <ele>45.2</ele>
        <time>2026-08-15T11:13:53.999Z</time>
      </trkpt>
      <trkpt lat="40.07662960921806" lon="116.33782861724224">
        <ele>45.2</ele>
        <time>2026-08-15T11:13:55.000Z</time>
      </trkpt>
      <trkpt lat="40.076653720485155" lon="116.33782647629893">
        <ele>45.2</ele>
        <time>2026-08-15T11:13:56.000Z</time>
      </trkpt>
      <trkpt lat="40.0766775390734" lon="116.33782407526371">
        <ele>45.2</ele>
        <time>2026-08-15T11:13:57.000Z</time>
      </trkpt>
      <trkpt lat="40.07670108864867" lon="116.33782104789925">
        <ele>45.3</ele>
        <time>2026-08-15T11:13:58.000Z</time>
      </trkpt>
      <trkpt lat="40.076724615187004" lon="116.33781718273839">
        <ele>45.3</ele>
        <time>2026-08-15T11:13:59.000Z</time>
      </trkpt>
      <trkpt lat="40.0767481910634" lon="116.33781256025195">
        <ele>45.3</ele>
        <time>2026-08-15T11:14:00.000Z</time>
      </trkpt>
      <trkpt lat="40.07677176991581" lon="116.33780664294808">
        <ele>45.3</ele>
        <time>2026-08-15T11:14:01.000Z</time>
      </trkpt>
      <trkpt lat="40.07679525145217" lon="116.33779881483453">
        <ele>45.3</ele>
        <time>2026-08-15T11:14:02.000Z</time>
      </trkpt>
      <trkpt lat="40.07681856314625" lon="116.3377890151946">
        <ele>45.3</ele>
        <time>2026-08-15T11:14:03.000Z</time>
      </trkpt>
      <trkpt lat="40.07684150319584" lon="116.3377772078607">
        <ele>45.3</ele>
        <time>2026-08-15T11:14:04.000Z</time>
      </trkpt>
      <trkpt lat="40.07686370877892" lon="116.33776288676684">
        <ele>45.3</ele>
        <time>2026-08-15T11:14:05.000Z</time>
      </trkpt>
      <trkpt lat="40.07688498176886" lon="116.33774582728115">
        <ele>45.3</ele>
        <time>2026-08-15T11:14:06.000Z</time>
      </trkpt>
      <trkpt lat="40.07690548506491" lon="116.33772664917994">
        <ele>45.2</ele>
        <time>2026-08-15T11:14:07.000Z</time>
      </trkpt>
      <trkpt lat="40.076925201855126" lon="116.33770593475805">
        <ele>45.2</ele>
        <time>2026-08-15T11:14:08.000Z</time>
      </trkpt>
      <trkpt lat="40.07694370715757" lon="116.3376834595837">
        <ele>45.2</ele>
        <time>2026-08-15T11:14:09.000Z</time>
      </trkpt>
      <trkpt lat="40.07696053029815" lon="116.33765888152415">
        <ele>45.2</ele>
        <time>2026-08-15T11:14:10.000Z</time>
      </trkpt>
      <trkpt lat="40.07697533910394" lon="116.33763239742859">
        <ele>45.2</ele>
        <time>2026-08-15T11:14:11.000Z</time>
      </trkpt>
      <trkpt lat="40.07698787118976" lon="116.33760405784409">
        <ele>45.2</ele>
        <time>2026-08-15T11:14:12.000Z</time>
      </trkpt>
      <trkpt lat="40.0769981741361" lon="116.33757375787862">
        <ele>45.2</ele>
        <time>2026-08-15T11:14:13.000Z</time>
      </trkpt>
      <trkpt lat="40.07700673917011" lon="116.3375418947001">
        <ele>45.2</ele>
        <time>2026-08-15T11:14:14.000Z</time>
      </trkpt>
      <trkpt lat="40.07701426887264" lon="116.33750920312934">
        <ele>45.2</ele>
        <time>2026-08-15T11:14:15.000Z</time>
      </trkpt>
      <trkpt lat="40.077021151670664" lon="116.33747616859594">
        <ele>45.3</ele>
        <time>2026-08-15T11:14:16.000Z</time>
      </trkpt>
      <trkpt lat="40.077027502773575" lon="116.33744309525996">
        <ele>45.3</ele>
        <time>2026-08-15T11:14:17.000Z</time>
      </trkpt>
      <trkpt lat="40.07703337953637" lon="116.33741029243714">
        <ele>45.3</ele>
        <time>2026-08-15T11:14:18.000Z</time>
      </trkpt>
      <trkpt lat="40.07703837994174" lon="116.3373776964493">
        <ele>45.3</ele>
        <time>2026-08-15T11:14:19.000Z</time>
      </trkpt>
      <trkpt lat="40.07704211309512" lon="116.33734503832947">
        <ele>45.3</ele>
        <time>2026-08-15T11:14:20.000Z</time>
      </trkpt>
      <trkpt lat="40.07704459624551" lon="116.33731228037568">
        <ele>45.3</ele>
        <time>2026-08-15T11:14:21.000Z</time>
      </trkpt>
      <trkpt lat="40.0770458390848" lon="116.3372795152771">
        <ele>45.3</ele>
        <time>2026-08-15T11:14:22.000Z</time>
      </trkpt>
      <trkpt lat="40.07704561717396" lon="116.33724682405565">
        <ele>45.3</ele>
        <time>2026-08-15T11:14:23.000Z</time>
      </trkpt>
      <trkpt lat="40.077043550015475" lon="116.33721435484843">
        <ele>45.3</ele>
        <time>2026-08-15T11:14:24.000Z</time>
      </trkpt>
      <trkpt lat="40.07703908593445" lon="116.33718223499983">
        <ele>45.3</ele>
        <time>2026-08-15T11:14:25.000Z</time>
      </trkpt>
      <trkpt lat="40.077031494286764" lon="116.33715073798521">
        <ele>45.3</ele>
        <time>2026-08-15T11:14:26.000Z</time>
      </trkpt>
      <trkpt lat="40.07702076829261" lon="116.33712031476948">
        <ele>45.3</ele>
        <time>2026-08-15T11:14:27.000Z</time>
      </trkpt>
      <trkpt lat="40.07700730319334" lon="116.33709142879361">
        <ele>45.3</ele>
        <time>2026-08-15T11:14:28.000Z</time>
      </trkpt>
      <trkpt lat="40.07699117809529" lon="116.33706447327911">
        <ele>45.3</ele>
        <time>2026-08-15T11:14:29.000Z</time>
      </trkpt>
      <trkpt lat="40.076972504807905" lon="116.33703973401875">
        <ele>45.3</ele>
        <time>2026-08-15T11:14:30.000Z</time>
      </trkpt>
      <trkpt lat="40.07695177183481" lon="116.33701706777136">
        <ele>45.3</ele>
        <time>2026-08-15T11:14:31.000Z</time>
      </trkpt>
      <trkpt lat="40.07692981262187" lon="116.3369959420824">
        <ele>45.3</ele>
        <time>2026-08-15T11:14:32.000Z</time>
      </trkpt>
      <trkpt lat="40.07690727705392" lon="116.33697595118593">
        <ele>45.3</ele>
        <time>2026-08-15T11:14:33.000Z</time>
      </trkpt>
      <trkpt lat="40.076884347055866" lon="116.33695720524233">
        <ele>45.3</ele>
        <time>2026-08-15T11:14:34.000Z</time>
      </trkpt>
      <trkpt lat="40.07686084165992" lon="116.33694015772063">
        <ele>45.3</ele>
        <time>2026-08-15T11:14:35.000Z</time>
      </trkpt>
      <trkpt lat="40.07683660777462" lon="116.33692503243081">
        <ele>45.3</ele>
        <time>2026-08-15T11:14:36.000Z</time>
      </trkpt>
      <trkpt lat="40.076811645881556" lon="116.33691183843743">
        <ele>45.3</ele>
        <time>2026-08-15T11:14:37.000Z</time>
      </trkpt>
      <trkpt lat="40.0767861257007" lon="116.33690040482087">
        <ele>45.3</ele>
        <time>2026-08-15T11:14:38.000Z</time>
      </trkpt>
      <trkpt lat="40.07676012785273" lon="116.3368908436394">
        <ele>45.3</ele>
        <time>2026-08-15T11:14:39.000Z</time>
      </trkpt>
      <trkpt lat="40.076733554504855" lon="116.33688345704984">
        <ele>45.3</ele>
        <time>2026-08-15T11:14:40.000Z</time>
      </trkpt>
      <trkpt lat="40.0767064933383" lon="116.33687805313342">
        <ele>45.4</ele>
        <time>2026-08-15T11:14:41.000Z</time>
      </trkpt>
      <trkpt lat="40.07667919626468" lon="116.33687431030523">
        <ele>45.4</ele>
        <time>2026-08-15T11:14:42.000Z</time>
      </trkpt>
      <trkpt lat="40.076651781864065" lon="116.33687246000933">
        <ele>45.4</ele>
        <time>2026-08-15T11:14:43.000Z</time>
      </trkpt>
      <trkpt lat="40.076624278207355" lon="116.33687273781942">
        <ele>45.4</ele>
        <time>2026-08-15T11:14:44.000Z</time>
      </trkpt>
      <trkpt lat="40.07659667542774" lon="116.33687499110857">
        <ele>45.4</ele>
        <time>2026-08-15T11:14:45.000Z</time>
      </trkpt>
      <trkpt lat="40.07656903271439" lon="116.3368787784725">
        <ele>45.4</ele>
        <time>2026-08-15T11:14:46.000Z</time>
      </trkpt>
      <trkpt lat="40.07654151141319" lon="116.33688353569926">
        <ele>45.4</ele>
        <time>2026-08-15T11:14:47.000Z</time>
      </trkpt>
      <trkpt lat="40.0765142744832" lon="116.3368887935879">
        <ele>45.4</ele>
        <time>2026-08-15T11:14:48.000Z</time>
      </trkpt>
      <trkpt lat="40.07648724353542" lon="116.33689388079334">
        <ele>45.4</ele>
        <time>2026-08-15T11:14:49.000Z</time>
      </trkpt>
      <trkpt lat="40.07646033824146" lon="116.33689839692853">
        <ele>45.3</ele>
        <time>2026-08-15T11:14:50.000Z</time>
      </trkpt>
      <trkpt lat="40.07643364010472" lon="116.33690250435326">
        <ele>45.3</ele>
        <time>2026-08-15T11:14:51.000Z</time>
      </trkpt>
      <trkpt lat="40.07640724116427" lon="116.33690641449418">
        <ele>45.3</ele>
        <time>2026-08-15T11:14:52.000Z</time>
      </trkpt>
      <trkpt lat="40.076381156880394" lon="116.33691026211285">
        <ele>45.3</ele>
        <time>2026-08-15T11:14:53.000Z</time>
      </trkpt>
      <trkpt lat="40.07635536150216" lon="116.33691400182053">
        <ele>45.3</ele>
        <time>2026-08-15T11:14:54.000Z</time>
      </trkpt>
      <trkpt lat="40.07632979254602" lon="116.33691734436862">
        <ele>45.3</ele>
        <time>2026-08-15T11:14:55.000Z</time>
      </trkpt>
      <trkpt lat="40.0763044010895" lon="116.3369201280518">
        <ele>45.2</ele>
        <time>2026-08-15T11:14:56.000Z</time>
      </trkpt>
      <trkpt lat="40.07627918780688" lon="116.33692233088804">
        <ele>45.2</ele>
        <time>2026-08-15T11:14:57.000Z</time>
      </trkpt>
      <trkpt lat="40.076254145392944" lon="116.3369241058333">
        <ele>45.2</ele>
        <time>2026-08-15T11:14:58.000Z</time>
      </trkpt>
      <trkpt lat="40.0762291928847" lon="116.33692576004606">
        <ele>45.2</ele>
        <time>2026-08-15T11:14:59.000Z</time>
      </trkpt>
      <trkpt lat="40.07620425031095" lon="116.33692722091713">
        <ele>45.2</ele>
        <time>2026-08-15T11:15:00.000Z</time>
      </trkpt>
      <trkpt lat="40.07617932186048" lon="116.3369282274804">
        <ele>45.2</ele>
        <time>2026-08-15T11:15:01.000Z</time>
      </trkpt>
      <trkpt lat="40.07615444971334" lon="116.33692887193266">
        <ele>45.2</ele>
        <time>2026-08-15T11:15:02.000Z</time>
      </trkpt>
      <trkpt lat="40.076129667564516" lon="116.33692939815943">
        <ele>45.2</ele>
        <time>2026-08-15T11:15:03.000Z</time>
      </trkpt>
      <trkpt lat="40.07610493359582" lon="116.33692999810089">
        <ele>45.2</ele>
        <time>2026-08-15T11:15:04.000Z</time>
      </trkpt>
      <trkpt lat="40.07608029936678" lon="116.33693110080297">
        <ele>45.2</ele>
        <time>2026-08-15T11:15:05.000Z</time>
      </trkpt>
      <trkpt lat="40.07605581216668" lon="116.3369329829135">
        <ele>45.2</ele>
        <time>2026-08-15T11:15:06.000Z</time>
      </trkpt>
      <trkpt lat="40.07603137096358" lon="116.33693527971738">
        <ele>45.2</ele>
        <time>2026-08-15T11:15:07.000Z</time>
      </trkpt>
      <trkpt lat="40.0760068758165" lon="116.33693742266505">
        <ele>45.2</ele>
        <time>2026-08-15T11:15:08.000Z</time>
      </trkpt>
      <trkpt lat="40.07598228827846" lon="116.33693928062765">
        <ele>45.2</ele>
        <time>2026-08-15T11:15:09.000Z</time>
      </trkpt>
      <trkpt lat="40.075957627249586" lon="116.33694078438246">
        <ele>45.2</ele>
        <time>2026-08-15T11:15:10.000Z</time>
      </trkpt>
      <trkpt lat="40.0759329494563" lon="116.33694182722088">
        <ele>45.2</ele>
        <time>2026-08-15T11:15:11.000Z</time>
      </trkpt>
      <trkpt lat="40.0759083057074" lon="116.33694272108333">
        <ele>45.2</ele>
        <time>2026-08-15T11:15:12.000Z</time>
      </trkpt>
      <trkpt lat="40.07588367345503" lon="116.33694382067894">
        <ele>45.2</ele>
        <time>2026-08-15T11:15:13.000Z</time>
      </trkpt>
      <trkpt lat="40.075859003771846" lon="116.3369452751853">
        <ele>45.2</ele>
        <time>2026-08-15T11:15:14.000Z</time>
      </trkpt>
      <trkpt lat="40.07583431481604" lon="116.33694708099713">
        <ele>45.2</ele>
        <time>2026-08-15T11:15:15.000Z</time>
      </trkpt>
      <trkpt lat="40.0758096838931" lon="116.33694897017722">
        <ele>45.2</ele>
        <time>2026-08-15T11:15:16.000Z</time>
      </trkpt>
      <trkpt lat="40.07578512953251" lon="116.33695079621269">
        <ele>45.2</ele>
        <time>2026-08-15T11:15:17.000Z</time>
      </trkpt>
      <trkpt lat="40.07576068488736" lon="116.33695289004645">
        <ele>45.2</ele>
        <time>2026-08-15T11:15:18.000Z</time>
      </trkpt>
      <trkpt lat="40.07573643736884" lon="116.33695572370904">
        <ele>45.2</ele>
        <time>2026-08-15T11:15:19.000Z</time>
      </trkpt>
      <trkpt lat="40.07571239198255" lon="116.33695965389003">
        <ele>45.2</ele>
        <time>2026-08-15T11:15:20.000Z</time>
      </trkpt>
      <trkpt lat="40.07568850465671" lon="116.33696466811392">
        <ele>45.2</ele>
        <time>2026-08-15T11:15:21.000Z</time>
      </trkpt>
      <trkpt lat="40.07566479246389" lon="116.33697064517474">
        <ele>45.2</ele>
        <time>2026-08-15T11:15:22.000Z</time>
      </trkpt>
      <trkpt lat="40.07564131495898" lon="116.33697762966182">
        <ele>45.2</ele>
        <time>2026-08-15T11:15:22.999Z</time>
      </trkpt>
      <trkpt lat="40.075618177865266" lon="116.33698579814839">
        <ele>45.3</ele>
        <time>2026-08-15T11:15:23.999Z</time>
      </trkpt>
      <trkpt lat="40.07559567896882" lon="116.33699546714838">
        <ele>45.3</ele>
        <time>2026-08-15T11:15:24.999Z</time>
      </trkpt>
      <trkpt lat="40.07557413781644" lon="116.33700698011955">
        <ele>45.3</ele>
        <time>2026-08-15T11:15:25.999Z</time>
      </trkpt>
      <trkpt lat="40.07555362753675" lon="116.33702055607759">
        <ele>45.3</ele>
        <time>2026-08-15T11:15:26.999Z</time>
      </trkpt>
      <trkpt lat="40.07553408880246" lon="116.3370362201927">
        <ele>45.3</ele>
        <time>2026-08-15T11:15:27.999Z</time>
      </trkpt>
      <trkpt lat="40.075515537673084" lon="116.33705380069283">
        <ele>45.3</ele>
        <time>2026-08-15T11:15:28.999Z</time>
      </trkpt>
      <trkpt lat="40.075498000826464" lon="116.33707311998329">
        <ele>45.3</ele>
        <time>2026-08-15T11:15:29.999Z</time>
      </trkpt>
      <trkpt lat="40.07548152798889" lon="116.33709417540162">
        <ele>45.3</ele>
        <time>2026-08-15T11:15:30.999Z</time>
      </trkpt>
      <trkpt lat="40.07546616468679" lon="116.33711689007325">
        <ele>45.3</ele>
        <time>2026-08-15T11:15:31.999Z</time>
      </trkpt>
      <trkpt lat="40.07545179826552" lon="116.33714100880195">
        <ele>45.3</ele>
        <time>2026-08-15T11:15:32.999Z</time>
      </trkpt>
      <trkpt lat="40.07543833240358" lon="116.33716642376966">
        <ele>45.4</ele>
        <time>2026-08-15T11:15:33.999Z</time>
      </trkpt>
      <trkpt lat="40.07542594219103" lon="116.33719325837838">
        <ele>45.4</ele>
        <time>2026-08-15T11:15:34.999Z</time>
      </trkpt>
      <trkpt lat="40.07541506012654" lon="116.33722161874978">
        <ele>45.4</ele>
        <time>2026-08-15T11:15:35.999Z</time>
      </trkpt>
      <trkpt lat="40.07540619603179" lon="116.33725148296253">
        <ele>45.4</ele>
        <time>2026-08-15T11:15:36.999Z</time>
      </trkpt>
      <trkpt lat="40.07539980312235" lon="116.33728268357252">
        <ele>45.4</ele>
        <time>2026-08-15T11:15:37.999Z</time>
      </trkpt>
      <trkpt lat="40.07539583626274" lon="116.33731491195945">
        <ele>45.4</ele>
        <time>2026-08-15T11:15:38.999Z</time>
      </trkpt>
      <trkpt lat="40.075394049568075" lon="116.337347885695">
        <ele>45.4</ele>
        <time>2026-08-15T11:15:39.999Z</time>
      </trkpt>
      <trkpt lat="40.0753942765137" lon="116.3373812901269">
        <ele>45.4</ele>
        <time>2026-08-15T11:15:40.999Z</time>
      </trkpt>
      <trkpt lat="40.07539628798659" lon="116.33741477950893">
        <ele>45.4</ele>
        <time>2026-08-15T11:15:41.999Z</time>
      </trkpt>
      <trkpt lat="40.075399960242066" lon="116.337448055183">
        <ele>45.5</ele>
        <time>2026-08-15T11:15:42.999Z</time>
      </trkpt>
      <trkpt lat="40.07540536964499" lon="116.3374809135016">
        <ele>45.5</ele>
        <time>2026-08-15T11:15:43.999Z</time>
      </trkpt>
      <trkpt lat="40.07541287081044" lon="116.33751325470348">
        <ele>45.5</ele>
        <time>2026-08-15T11:15:44.999Z</time>
      </trkpt>
      <trkpt lat="40.0754227425369" lon="116.33754490896041">
        <ele>45.5</ele>
        <time>2026-08-15T11:15:45.999Z</time>
      </trkpt>
      <trkpt lat="40.07543466639097" lon="116.33757568558275">
        <ele>45.5</ele>
        <time>2026-08-15T11:15:46.999Z</time>
      </trkpt>
      <trkpt lat="40.07544810394117" lon="116.33760529835719">
        <ele>45.5</ele>
        <time>2026-08-15T11:15:47.999Z</time>
      </trkpt>
      <trkpt lat="40.075463024643" lon="116.3376334810824">
        <ele>45.5</ele>
        <time>2026-08-15T11:15:48.999Z</time>
      </trkpt>
      <trkpt lat="40.07547951094257" lon="116.33766029828018">
        <ele>45.5</ele>
        <time>2026-08-15T11:15:49.999Z</time>
      </trkpt>
      <trkpt lat="40.07549742387367" lon="116.33768585459377">
        <ele>45.5</ele>
        <time>2026-08-15T11:15:50.999Z</time>
      </trkpt>
      <trkpt lat="40.07551665400633" lon="116.33770997460257">
        <ele>45.5</ele>
        <time>2026-08-15T11:15:51.999Z</time>
      </trkpt>
      <trkpt lat="40.075537057974884" lon="116.33773266496893">
        <ele>45.5</ele>
        <time>2026-08-15T11:15:52.999Z</time>
      </trkpt>
      <trkpt lat="40.07555834925085" lon="116.33775402469824">
        <ele>45.5</ele>
        <time>2026-08-15T11:15:53.999Z</time>
      </trkpt>
      <trkpt lat="40.07558027525005" lon="116.33777400874395">
        <ele>45.5</ele>
        <time>2026-08-15T11:15:54.999Z</time>
      </trkpt>
      <trkpt lat="40.07560280012564" lon="116.33779242839121">
        <ele>45.4</ele>
        <time>2026-08-15T11:15:55.999Z</time>
      </trkpt>
      <trkpt lat="40.07562594418829" lon="116.33780912308048">
        <ele>45.4</ele>
        <time>2026-08-15T11:15:56.999Z</time>
      </trkpt>
      <trkpt lat="40.07564953605315" lon="116.33782426053314">
        <ele>45.4</ele>
        <time>2026-08-15T11:15:57.999Z</time>
      </trkpt>
      <trkpt lat="40.075673319097675" lon="116.33783772951908">
        <ele>45.4</ele>
        <time>2026-08-15T11:15:58.999Z</time>
      </trkpt>
      <trkpt lat="40.075697331196324" lon="116.33784908693004">
        <ele>45.4</ele>
        <time>2026-08-15T11:15:59.999Z</time>
      </trkpt>
      <trkpt lat="40.075721619471665" lon="116.3378581547491">
        <ele>45.4</ele>
        <time>2026-08-15T11:16:01.000Z</time>
      </trkpt>
      <trkpt lat="40.07574601995439" lon="116.33786511827421">
        <ele>45.4</ele>
        <time>2026-08-15T11:16:02.000Z</time>
      </trkpt>
      <trkpt lat="40.07577049819963" lon="116.33787034837408">
        <ele>45.4</ele>
        <time>2026-08-15T11:16:03.000Z</time>
      </trkpt>
      <trkpt lat="40.07579514558233" lon="116.33787399814452">
        <ele>45.5</ele>
        <time>2026-08-15T11:16:04.000Z</time>
      </trkpt>
      <trkpt lat="40.07582013839137" lon="116.33787605658262">
        <ele>45.5</ele>
        <time>2026-08-15T11:16:05.000Z</time>
      </trkpt>
      <trkpt lat="40.0758454785005" lon="116.33787670703842">
        <ele>45.5</ele>
        <time>2026-08-15T11:16:06.000Z</time>
      </trkpt>
      <trkpt lat="40.07587078893962" lon="116.33787627105717">
        <ele>45.5</ele>
        <time>2026-08-15T11:16:07.000Z</time>
      </trkpt>
      <trkpt lat="40.075895770288284" lon="116.33787498224929">
        <ele>45.5</ele>
        <time>2026-08-15T11:16:08.000Z</time>
      </trkpt>
      <trkpt lat="40.07592049417119" lon="116.33787301632383">
        <ele>45.5</ele>
        <time>2026-08-15T11:16:09.000Z</time>
      </trkpt>
      <trkpt lat="40.07594482713369" lon="116.337870836808">
        <ele>45.5</ele>
        <time>2026-08-15T11:16:10.000Z</time>
      </trkpt>
      <trkpt lat="40.07596885498197" lon="116.33786879754888">
        <ele>45.5</ele>
        <time>2026-08-15T11:16:11.000Z</time>
      </trkpt>
      <trkpt lat="40.07599283145547" lon="116.3378665973153">
        <ele>45.5</ele>
        <time>2026-08-15T11:16:12.000Z</time>
      </trkpt>
      <trkpt lat="40.07601687560972" lon="116.33786382596577">
        <ele>45.5</ele>
        <time>2026-08-15T11:16:13.000Z</time>
      </trkpt>
      <trkpt lat="40.076041011005074" lon="116.33786069445645">
        <ele>45.5</ele>
        <time>2026-08-15T11:16:14.000Z</time>
      </trkpt>
      <trkpt lat="40.07606511902417" lon="116.33785768049265">
        <ele>45.5</ele>
        <time>2026-08-15T11:16:15.000Z</time>
      </trkpt>
      <trkpt lat="40.07608920487772" lon="116.33785498175733">
        <ele>45.5</ele>
        <time>2026-08-15T11:16:16.000Z</time>
      </trkpt>
      <trkpt lat="40.07611329665604" lon="116.33785263934082">
        <ele>45.5</ele>
        <time>2026-08-15T11:16:17.000Z</time>
      </trkpt>
      <trkpt lat="40.076137193704156" lon="116.33785069152754">
        <ele>45.5</ele>
        <time>2026-08-15T11:16:18.000Z</time>
      </trkpt>
      <trkpt lat="40.07616080308599" lon="116.33784916143212">
        <ele>45.5</ele>
        <time>2026-08-15T11:16:19.000Z</time>
      </trkpt>
      <trkpt lat="40.07618437055966" lon="116.33784802297163">
        <ele>45.4</ele>
        <time>2026-08-15T11:16:20.000Z</time>
      </trkpt>
      <trkpt lat="40.076208036250605" lon="116.33784712966363">
        <ele>45.4</ele>
        <time>2026-08-15T11:16:21.000Z</time>
      </trkpt>
      <trkpt lat="40.07623174728342" lon="116.33784619432417">
        <ele>45.4</ele>
        <time>2026-08-15T11:16:22.000Z</time>
      </trkpt>
      <trkpt lat="40.076255471465586" lon="116.33784512651124">
        <ele>45.4</ele>
        <time>2026-08-15T11:16:23.000Z</time>
      </trkpt>
      <trkpt lat="40.076279120160926" lon="116.3378440600713">
        <ele>45.4</ele>
        <time>2026-08-15T11:16:24.000Z</time>
      </trkpt>
      <trkpt lat="40.076302566481736" lon="116.33784291787806">
        <ele>45.4</ele>
        <time>2026-08-15T11:16:25.000Z</time>
      </trkpt>
      <trkpt lat="40.07632583322214" lon="116.3378417990835">
        <ele>45.4</ele>
        <time>2026-08-15T11:16:26.000Z</time>
      </trkpt>
      <trkpt lat="40.07634899340506" lon="116.33784090649401">
        <ele>45.4</ele>
        <time>2026-08-15T11:16:27.000Z</time>
      </trkpt>
      <trkpt lat="40.07637212704991" lon="116.33784008665161">
        <ele>45.5</ele>
        <time>2026-08-15T11:16:28.000Z</time>
      </trkpt>
      <trkpt lat="40.076395398498605" lon="116.33783932499128">
        <ele>45.5</ele>
        <time>2026-08-15T11:16:29.000Z</time>
      </trkpt>
      <trkpt lat="40.07641897977343" lon="116.33783862384195">
        <ele>45.5</ele>
        <time>2026-08-15T11:16:30.000Z</time>
      </trkpt>
      <trkpt lat="40.07644302430134" lon="116.33783774433412">
        <ele>45.5</ele>
        <time>2026-08-15T11:16:31.000Z</time>
      </trkpt>
      <trkpt lat="40.07646758328157" lon="116.33783663364869">
        <ele>45.5</ele>
        <time>2026-08-15T11:16:32.000Z</time>
      </trkpt>
      <trkpt lat="40.07649253883543" lon="116.33783546602146">
        <ele>45.5</ele>
        <time>2026-08-15T11:16:33.000Z</time>
      </trkpt>
      <trkpt lat="40.07651777906451" lon="116.33783425627723">
        <ele>45.5</ele>
        <time>2026-08-15T11:16:34.000Z</time>
      </trkpt>
      <trkpt lat="40.07654327359744" lon="116.33783301533144">
        <ele>45.5</ele>
        <time>2026-08-15T11:16:35.000Z</time>
      </trkpt>
      <trkpt lat="40.07656884562175" lon="116.33783199067636">
        <ele>45.5</ele>
        <time>2026-08-15T11:16:36.000Z</time>
      </trkpt>
      <trkpt lat="40.076594302861785" lon="116.33783113255062">
        <ele>45.5</ele>
        <time>2026-08-15T11:16:37.000Z</time>
      </trkpt>
      <trkpt lat="40.07661984373246" lon="116.33783013356224">
        <ele>45.5</ele>
        <time>2026-08-15T11:16:38.000Z</time>
      </trkpt>
      <trkpt lat="40.07664572468223" lon="116.33782886097852">
        <ele>45.5</ele>
        <time>2026-08-15T11:16:39.000Z</time>
      </trkpt>
      <trkpt lat="40.07667189851259" lon="116.3378275550912">
        <ele>45.5</ele>
        <time>2026-08-15T11:16:40.000Z</time>
      </trkpt>
      <trkpt lat="40.07669812745784" lon="116.33782660691779">
        <ele>45.5</ele>
        <time>2026-08-15T11:16:41.000Z</time>
      </trkpt>
      <trkpt lat="40.076724174988435" lon="116.33782578050152">
        <ele>45.5</ele>
        <time>2026-08-15T11:16:42.000Z</time>
      </trkpt>
      <trkpt lat="40.07674985348735" lon="116.3378240462624">
        <ele>45.6</ele>
        <time>2026-08-15T11:16:43.000Z</time>
      </trkpt>
      <trkpt lat="40.07677492230893" lon="116.33782027647294">
        <ele>45.6</ele>
        <time>2026-08-15T11:16:44.000Z</time>
      </trkpt>
      <trkpt lat="40.07679911896117" lon="116.33781344486667">
        <ele>45.6</ele>
        <time>2026-08-15T11:16:45.000Z</time>
      </trkpt>
      <trkpt lat="40.07682223268101" lon="116.33780268479482">
        <ele>45.5</ele>
        <time>2026-08-15T11:16:46.000Z</time>
      </trkpt>
      <trkpt lat="40.07684412572117" lon="116.33778769118862">
        <ele>45.5</ele>
        <time>2026-08-15T11:16:47.000Z</time>
      </trkpt>
      <trkpt lat="40.07686468182089" lon="116.33776862341563">
        <ele>45.5</ele>
        <time>2026-08-15T11:16:48.000Z</time>
      </trkpt>
      <trkpt lat="40.07688377492745" lon="116.33774594247001">
        <ele>45.5</ele>
        <time>2026-08-15T11:16:49.000Z</time>
      </trkpt>
      <trkpt lat="40.076901366904394" lon="116.33772050474369">
        <ele>45.5</ele>
        <time>2026-08-15T11:16:50.000Z</time>
      </trkpt>
      <trkpt lat="40.07691779720539" lon="116.33769348542909">
        <ele>45.5</ele>
        <time>2026-08-15T11:16:51.000Z</time>
      </trkpt>
      <trkpt lat="40.07693353819321" lon="116.3376658060218">
        <ele>45.5</ele>
        <time>2026-08-15T11:16:52.000Z</time>
      </trkpt>
      <trkpt lat="40.07694860625605" lon="116.33763775665032">
        <ele>45.5</ele>
        <time>2026-08-15T11:16:53.000Z</time>
      </trkpt>
      <trkpt lat="40.076962737905426" lon="116.33760904015189">
        <ele>45.5</ele>
        <time>2026-08-15T11:16:54.000Z</time>
      </trkpt>
      <trkpt lat="40.07697581263956" lon="116.33757934774056">
        <ele>45.5</ele>
        <time>2026-08-15T11:16:55.000Z</time>
      </trkpt>
      <trkpt lat="40.07698793511134" lon="116.33754881122854">
        <ele>45.5</ele>
        <time>2026-08-15T11:16:56.000Z</time>
      </trkpt>
      <trkpt lat="40.07699955658686" lon="116.33751779240683">
        <ele>45.5</ele>
        <time>2026-08-15T11:16:57.000Z</time>
      </trkpt>
      <trkpt lat="40.07701142965021" lon="116.33748684588427">
        <ele>45.5</ele>
        <time>2026-08-15T11:16:58.000Z</time>
      </trkpt>
      <trkpt lat="40.077023822650986" lon="116.33745623912051">
        <ele>45.5</ele>
        <time>2026-08-15T11:16:59.000Z</time>
      </trkpt>
      <trkpt lat="40.07703632619196" lon="116.33742576794587">
        <ele>45.5</ele>
        <time>2026-08-15T11:17:00.000Z</time>
      </trkpt>
      <trkpt lat="40.07704811987708" lon="116.33739502584719">
        <ele>45.5</ele>
        <time>2026-08-15T11:17:01.000Z</time>
      </trkpt>
      <trkpt lat="40.077058372335266" lon="116.33736375326893">
        <ele>45.5</ele>
        <time>2026-08-15T11:17:02.000Z</time>
      </trkpt>
      <trkpt lat="40.07706619132952" lon="116.33733175247394">
        <ele>45.5</ele>
        <time>2026-08-15T11:17:03.000Z</time>
      </trkpt>
      <trkpt lat="40.07707059039598" lon="116.33729887637644">
        <ele>45.5</ele>
        <time>2026-08-15T11:17:04.000Z</time>
      </trkpt>
      <trkpt lat="40.07707098434746" lon="116.33726549901411">
        <ele>45.5</ele>
        <time>2026-08-15T11:17:05.000Z</time>
      </trkpt>
      <trkpt lat="40.077067387618534" lon="116.33723227449946">
        <ele>45.5</ele>
        <time>2026-08-15T11:17:06.000Z</time>
      </trkpt>
      <trkpt lat="40.07706017190756" lon="116.33719964596769">
        <ele>45.5</ele>
        <time>2026-08-15T11:17:07.000Z</time>
      </trkpt>
      <trkpt lat="40.07704994601742" lon="116.33716767204882">
        <ele>45.5</ele>
        <time>2026-08-15T11:17:08.000Z</time>
      </trkpt>
      <trkpt lat="40.077037343024536" lon="116.33713651800332">
        <ele>45.5</ele>
        <time>2026-08-15T11:17:09.000Z</time>
      </trkpt>
      <trkpt lat="40.07702255058754" lon="116.33710664966442">
        <ele>45.5</ele>
        <time>2026-08-15T11:17:10.000Z</time>
      </trkpt>
      <trkpt lat="40.07700554512865" lon="116.33707850050072">
        <ele>45.5</ele>
        <time>2026-08-15T11:17:11.000Z</time>
      </trkpt>
      <trkpt lat="40.076986435790715" lon="116.33705221659712">
        <ele>45.5</ele>
        <time>2026-08-15T11:17:12.000Z</time>
      </trkpt>
      <trkpt lat="40.07696580710471" lon="116.33702749801706">
        <ele>45.5</ele>
        <time>2026-08-15T11:17:13.000Z</time>
      </trkpt>
      <trkpt lat="40.07694424279025" lon="116.33700415572419">
        <ele>45.5</ele>
        <time>2026-08-15T11:17:14.000Z</time>
      </trkpt>
      <trkpt lat="40.07692178599923" lon="116.33698251552562">
        <ele>45.5</ele>
        <time>2026-08-15T11:17:15.000Z</time>
      </trkpt>
      <trkpt lat="40.07689830497888" lon="116.33696284581764">
        <ele>45.5</ele>
        <time>2026-08-15T11:17:16.000Z</time>
      </trkpt>
      <trkpt lat="40.07687394053166" lon="116.336945059521">
        <ele>45.5</ele>
        <time>2026-08-15T11:17:17.000Z</time>
      </trkpt>
      <trkpt lat="40.07684910234209" lon="116.3369289453622">
        <ele>45.5</ele>
        <time>2026-08-15T11:17:18.000Z</time>
      </trkpt>
      <trkpt lat="40.07682391078585" lon="116.33691455604101">
        <ele>45.5</ele>
        <time>2026-08-15T11:17:19.000Z</time>
      </trkpt>
      <trkpt lat="40.07679829960427" lon="116.33690216003323">
        <ele>45.5</ele>
        <time>2026-08-15T11:17:20.000Z</time>
      </trkpt>
      <trkpt lat="40.07677206746493" lon="116.3368920285729">
        <ele>45.5</ele>
        <time>2026-08-15T11:17:21.000Z</time>
      </trkpt>
      <trkpt lat="40.076745098527006" lon="116.33688432595936">
        <ele>45.5</ele>
        <time>2026-08-15T11:17:22.000Z</time>
      </trkpt>
      <trkpt lat="40.07671762113748" lon="116.33687910036056">
        <ele>45.5</ele>
        <time>2026-08-15T11:17:23.000Z</time>
      </trkpt>
      <trkpt lat="40.07668986812424" lon="116.33687633851198">
        <ele>45.5</ele>
        <time>2026-08-15T11:17:24.000Z</time>
      </trkpt>
      <trkpt lat="40.076662022955546" lon="116.33687579525966">
        <ele>45.5</ele>
        <time>2026-08-15T11:17:25.000Z</time>
      </trkpt>
      <trkpt lat="40.07663428031456" lon="116.33687705509851">
        <ele>45.5</ele>
        <time>2026-08-15T11:17:26.000Z</time>
      </trkpt>
      <trkpt lat="40.07660673391009" lon="116.33687974159984">
        <ele>45.5</ele>
        <time>2026-08-15T11:17:26.999Z</time>
      </trkpt>
      <trkpt lat="40.07657931732022" lon="116.3368834601388">
        <ele>45.5</ele>
        <time>2026-08-15T11:17:27.999Z</time>
      </trkpt>
      <trkpt lat="40.076551906039676" lon="116.33688766434388">
        <ele>45.5</ele>
        <time>2026-08-15T11:17:28.999Z</time>
      </trkpt>
      <trkpt lat="40.07652441852504" lon="116.33689183444831">
        <ele>45.5</ele>
        <time>2026-08-15T11:17:29.999Z</time>
      </trkpt>
      <trkpt lat="40.076496896740665" lon="116.33689588135728">
        <ele>45.5</ele>
        <time>2026-08-15T11:17:30.999Z</time>
      </trkpt>
      <trkpt lat="40.07646948765134" lon="116.33689986675223">
        <ele>45.5</ele>
        <time>2026-08-15T11:17:31.999Z</time>
      </trkpt>
      <trkpt lat="40.07644229065974" lon="116.33690375508992">
        <ele>45.5</ele>
        <time>2026-08-15T11:17:32.999Z</time>
      </trkpt>
      <trkpt lat="40.07641531027114" lon="116.33690773379139">
        <ele>45.5</ele>
        <time>2026-08-15T11:17:33.999Z</time>
      </trkpt>
      <trkpt lat="40.076388483262484" lon="116.3369119372218">
        <ele>45.5</ele>
        <time>2026-08-15T11:17:34.999Z</time>
      </trkpt>
      <trkpt lat="40.07636175652599" lon="116.33691632843978">
        <ele>45.5</ele>
        <time>2026-08-15T11:17:35.999Z</time>
      </trkpt>
      <trkpt lat="40.07633514022161" lon="116.33692081495846">
        <ele>45.5</ele>
        <time>2026-08-15T11:17:36.999Z</time>
      </trkpt>
      <trkpt lat="40.07630866199851" lon="116.3369250321063">
        <ele>45.5</ele>
        <time>2026-08-15T11:17:37.999Z</time>
      </trkpt>
      <trkpt lat="40.07628233357354" lon="116.33692823351048">
        <ele>45.5</ele>
        <time>2026-08-15T11:17:38.999Z</time>
      </trkpt>
      <trkpt lat="40.07625619966462" lon="116.33693001298965">
        <ele>45.5</ele>
        <time>2026-08-15T11:17:39.999Z</time>
      </trkpt>
      <trkpt lat="40.07623031602455" lon="116.3369305822122">
        <ele>45.5</ele>
        <time>2026-08-15T11:17:40.999Z</time>
      </trkpt>
      <trkpt lat="40.07620468099104" lon="116.3369304769639">
        <ele>45.5</ele>
        <time>2026-08-15T11:17:41.999Z</time>
      </trkpt>
      <trkpt lat="40.07617923797111" lon="116.33693022208665">
        <ele>45.5</ele>
        <time>2026-08-15T11:17:42.999Z</time>
      </trkpt>
      <trkpt lat="40.07615393827218" lon="116.33693019284628">
        <ele>45.5</ele>
        <time>2026-08-15T11:17:43.999Z</time>
      </trkpt>
      <trkpt lat="40.076128831465795" lon="116.33693066289344">
        <ele>45.5</ele>
        <time>2026-08-15T11:17:44.999Z</time>
      </trkpt>
      <trkpt lat="40.076103873304795" lon="116.33693132378188">
        <ele>45.5</ele>
        <time>2026-08-15T11:17:45.999Z</time>
      </trkpt>
      <trkpt lat="40.07607899572583" lon="116.3369317460695">
        <ele>45.5</ele>
        <time>2026-08-15T11:17:46.999Z</time>
      </trkpt>
      <trkpt lat="40.07605424091856" lon="116.33693205451812">
        <ele>45.5</ele>
        <time>2026-08-15T11:17:47.999Z</time>
      </trkpt>
      <trkpt lat="40.07602941545875" lon="116.3369328378275">
        <ele>45.5</ele>
        <time>2026-08-15T11:17:48.999Z</time>
      </trkpt>
      <trkpt lat="40.07600427678114" lon="116.3369346158202">
        <ele>45.5</ele>
        <time>2026-08-15T11:17:49.999Z</time>
      </trkpt>
      <trkpt lat="40.07597885052719" lon="116.33693727950352">
        <ele>45.5</ele>
        <time>2026-08-15T11:17:50.999Z</time>
      </trkpt>
      <trkpt lat="40.07595327199836" lon="116.33694033343623">
        <ele>45.5</ele>
        <time>2026-08-15T11:17:51.999Z</time>
      </trkpt>
      <trkpt lat="40.07592775147466" lon="116.33694327593885">
        <ele>45.5</ele>
        <time>2026-08-15T11:17:52.999Z</time>
      </trkpt>
      <trkpt lat="40.075902430982275" lon="116.33694575948826">
        <ele>45.5</ele>
        <time>2026-08-15T11:17:53.999Z</time>
      </trkpt>
      <trkpt lat="40.07587734850843" lon="116.33694765529108">
        <ele>45.5</ele>
        <time>2026-08-15T11:17:54.999Z</time>
      </trkpt>
      <trkpt lat="40.07585238125677" lon="116.33694912706432">
        <ele>45.5</ele>
        <time>2026-08-15T11:17:55.999Z</time>
      </trkpt>
      <trkpt lat="40.07582731433489" lon="116.33695030037896">
        <ele>45.5</ele>
        <time>2026-08-15T11:17:56.999Z</time>
      </trkpt>
      <trkpt lat="40.075802108997685" lon="116.33695128575408">
        <ele>45.5</ele>
        <time>2026-08-15T11:17:57.999Z</time>
      </trkpt>
      <trkpt lat="40.07577685566491" lon="116.33695254025213">
        <ele>45.5</ele>
        <time>2026-08-15T11:17:58.999Z</time>
      </trkpt>
      <trkpt lat="40.075751678646746" lon="116.33695462140943">
        <ele>45.4</ele>
        <time>2026-08-15T11:17:59.999Z</time>
      </trkpt>
      <trkpt lat="40.075726699858095" lon="116.33695798333872">
        <ele>45.4</ele>
        <time>2026-08-15T11:18:00.999Z</time>
        <extensions>
  <gpxtpx:TrackPointExtension>
    <gpxtpx:hr>178</gpxtpx:hr>
  </gpxtpx:TrackPointExtension>
</extensions>
      </trkpt>
      <trkpt lat="40.0757020428399" lon="116.33696293998857">
        <ele>45.5</ele>
        <time>2026-08-15T11:18:01.999Z</time>
        <extensions>
  <gpxtpx:TrackPointExtension>
    <gpxtpx:hr>178</gpxtpx:hr>
  </gpxtpx:TrackPointExtension>
</extensions>
      </trkpt>
      <trkpt lat="40.075677768490294" lon="116.33696944058138">
        <ele>45.5</ele>
        <time>2026-08-15T11:18:02.999Z</time>
        <extensions>
  <gpxtpx:TrackPointExtension>
    <gpxtpx:hr>178</gpxtpx:hr>
  </gpxtpx:TrackPointExtension>
</extensions>
      </trkpt>
      <trkpt lat="40.07565392409653" lon="116.33697729323515">
        <ele>45.5</ele>
        <time>2026-08-15T11:18:03.999Z</time>
        <extensions>
  <gpxtpx:TrackPointExtension>
    <gpxtpx:hr>178</gpxtpx:hr>
  </gpxtpx:TrackPointExtension>
</extensions>
      </trkpt>
      <trkpt lat="40.075630624266005" lon="116.33698648352306">
        <ele>45.5</ele>
        <time>2026-08-15T11:18:04.999Z</time>
        <extensions>
  <gpxtpx:TrackPointExtension>
    <gpxtpx:hr>178</gpxtpx:hr>
  </gpxtpx:TrackPointExtension>
</extensions>
      </trkpt>
      <trkpt lat="40.075608047584204" lon="116.33699709566554">
        <ele>45.5</ele>
        <time>2026-08-15T11:18:05.999Z</time>
        <extensions>
  <gpxtpx:TrackPointExtension>
    <gpxtpx:hr>178</gpxtpx:hr>
  </gpxtpx:TrackPointExtension>
</extensions>
      </trkpt>
      <trkpt lat="40.07558643036659" lon="116.33700964579465">
        <ele>45.5</ele>
        <time>2026-08-15T11:18:07.000Z</time>
        <extensions>
  <gpxtpx:TrackPointExtension>
    <gpxtpx:hr>178</gpxtpx:hr>
  </gpxtpx:TrackPointExtension>
</extensions>
      </trkpt>
      <trkpt lat="40.075565879438514" lon="116.337024387611">
        <ele>45.5</ele>
        <time>2026-08-15T11:18:08.000Z</time>
        <extensions>
  <gpxtpx:TrackPointExtension>
    <gpxtpx:hr>178</gpxtpx:hr>
  </gpxtpx:TrackPointExtension>
</extensions>
      </trkpt>
      <trkpt lat="40.07554645846001" lon="116.3370411665152">
        <ele>45.5</ele>
        <time>2026-08-15T11:18:09.000Z</time>
        <extensions>
  <gpxtpx:TrackPointExtension>
    <gpxtpx:hr>178</gpxtpx:hr>
  </gpxtpx:TrackPointExtension>
</extensions>
      </trkpt>
      <trkpt lat="40.075528616165904" lon="116.33706034814914">
        <ele>45.5</ele>
        <time>2026-08-15T11:18:10.000Z</time>
        <extensions>
  <gpxtpx:TrackPointExtension>
    <gpxtpx:hr>178</gpxtpx:hr>
  </gpxtpx:TrackPointExtension>
</extensions>
      </trkpt>
      <trkpt lat="40.075512686654896" lon="116.33708235101632">
        <ele>45.5</ele>
        <time>2026-08-15T11:18:11.000Z</time>
      </trkpt>
      <trkpt lat="40.075498430840184" lon="116.33710693217778">
        <ele>45.5</ele>
        <time>2026-08-15T11:18:12.000Z</time>
      </trkpt>
      <trkpt lat="40.07548537045774" lon="116.33713336362368">
        <ele>45.5</ele>
        <time>2026-08-15T11:18:13.000Z</time>
      </trkpt>
      <trkpt lat="40.075473347170245" lon="116.33716098324811">
        <ele>45.5</ele>
        <time>2026-08-15T11:18:14.000Z</time>
      </trkpt>
      <trkpt lat="40.07546235913892" lon="116.3371894054751">
        <ele>45.5</ele>
        <time>2026-08-15T11:18:15.000Z</time>
      </trkpt>
      <trkpt lat="40.07545228686802" lon="116.33721845532094">
        <ele>45.5</ele>
        <time>2026-08-15T11:18:16.000Z</time>
      </trkpt>
      <trkpt lat="40.07544304405016" lon="116.33724800201085">
        <ele>45.5</ele>
        <time>2026-08-15T11:18:17.000Z</time>
      </trkpt>
      <trkpt lat="40.075434698320336" lon="116.33727795767571">
        <ele>45.5</ele>
        <time>2026-08-15T11:18:18.000Z</time>
      </trkpt>
      <trkpt lat="40.075427446292075" lon="116.33730836791479">
        <ele>45.5</ele>
        <time>2026-08-15T11:18:19.000Z</time>
      </trkpt>
      <trkpt lat="40.07542150610372" lon="116.33733923833057">
        <ele>45.5</ele>
        <time>2026-08-15T11:18:20.000Z</time>
      </trkpt>
      <trkpt lat="40.07541713008855" lon="116.33737064947114">
        <ele>45.5</ele>
        <time>2026-08-15T11:18:21.000Z</time>
      </trkpt>
      <trkpt lat="40.0754144898523" lon="116.33740265606869">
        <ele>45.5</ele>
        <time>2026-08-15T11:18:22.000Z</time>
      </trkpt>
      <trkpt lat="40.07541362578423" lon="116.3374351362898">
        <ele>45.5</ele>
        <time>2026-08-15T11:18:23.000Z</time>
      </trkpt>
      <trkpt lat="40.07541456789902" lon="116.33746785015194">
        <ele>45.5</ele>
        <time>2026-08-15T11:18:24.000Z</time>
      </trkpt>
      <trkpt lat="40.07541748015624" lon="116.33750055921504">
        <ele>45.5</ele>
        <time>2026-08-15T11:18:25.000Z</time>
      </trkpt>
      <trkpt lat="40.07542258199796" lon="116.33753303997861">
        <ele>45.5</ele>
        <time>2026-08-15T11:18:26.000Z</time>
      </trkpt>
      <trkpt lat="40.07543015458607" lon="116.33756490662661">
        <ele>45.5</ele>
        <time>2026-08-15T11:18:27.000Z</time>
      </trkpt>
      <trkpt lat="40.07544050006729" lon="116.33759562459218">
        <ele>45.5</ele>
        <time>2026-08-15T11:18:28.000Z</time>
      </trkpt>
      <trkpt lat="40.07545354007433" lon="116.33762480566331">
        <ele>45.5</ele>
        <time>2026-08-15T11:18:29.000Z</time>
      </trkpt>
      <trkpt lat="40.07546881205737" lon="116.33765249537973">
        <ele>45.5</ele>
        <time>2026-08-15T11:18:30.000Z</time>
      </trkpt>
      <trkpt lat="40.07548577137324" lon="116.33767878593248">
        <ele>45.5</ele>
        <time>2026-08-15T11:18:31.000Z</time>
      </trkpt>
      <trkpt lat="40.075503920926984" lon="116.33770359631806">
        <ele>45.5</ele>
        <time>2026-08-15T11:18:32.000Z</time>
      </trkpt>
      <trkpt lat="40.07552307540397" lon="116.33772698481827">
        <ele>45.5</ele>
        <time>2026-08-15T11:18:33.000Z</time>
      </trkpt>
      <trkpt lat="40.075543308275286" lon="116.33774904073793">
        <ele>45.5</ele>
        <time>2026-08-15T11:18:34.000Z</time>
      </trkpt>
      <trkpt lat="40.07556444345642" lon="116.33776976995023">
        <ele>45.5</ele>
        <time>2026-08-15T11:18:35.000Z</time>
      </trkpt>
      <trkpt lat="40.075586293783346" lon="116.33778898699013">
        <ele>45.5</ele>
        <time>2026-08-15T11:18:36.000Z</time>
      </trkpt>
      <trkpt lat="40.075608938848085" lon="116.33780635877524">
        <ele>45.5</ele>
        <time>2026-08-15T11:18:37.000Z</time>
      </trkpt>
      <trkpt lat="40.07563240237383" lon="116.33782182101457">
        <ele>45.5</ele>
        <time>2026-08-15T11:18:38.000Z</time>
      </trkpt>
      <trkpt lat="40.07565637834171" lon="116.33783549673934">
        <ele>45.5</ele>
        <time>2026-08-15T11:18:39.000Z</time>
      </trkpt>
      <trkpt lat="40.075680619798426" lon="116.33784740374416">
        <ele>45.5</ele>
        <time>2026-08-15T11:18:40.000Z</time>
      </trkpt>
      <trkpt lat="40.075705090832564" lon="116.33785748369735">
        <ele>45.5</ele>
        <time>2026-08-15T11:18:41.000Z</time>
      </trkpt>
      <trkpt lat="40.075729725054934" lon="116.33786570957757">
        <ele>45.5</ele>
        <time>2026-08-15T11:18:42.000Z</time>
      </trkpt>
      <trkpt lat="40.075754464531244" lon="116.33787207474181">
        <ele>45.5</ele>
        <time>2026-08-15T11:18:43.000Z</time>
      </trkpt>
      <trkpt lat="40.07577932391875" lon="116.33787640217346">
        <ele>45.5</ele>
        <time>2026-08-15T11:18:44.000Z</time>
      </trkpt>
      <trkpt lat="40.07580422479433" lon="116.33787869716198">
        <ele>45.5</ele>
        <time>2026-08-15T11:18:45.000Z</time>
      </trkpt>
      <trkpt lat="40.075828957981216" lon="116.33787954930291">
        <ele>45.5</ele>
        <time>2026-08-15T11:18:46.000Z</time>
      </trkpt>
      <trkpt lat="40.07585357680419" lon="116.3378794757943">
        <ele>45.5</ele>
        <time>2026-08-15T11:18:47.000Z</time>
      </trkpt>
      <trkpt lat="40.07587827487867" lon="116.33787860831715">
        <ele>45.5</ele>
        <time>2026-08-15T11:18:48.000Z</time>
      </trkpt>
      <trkpt lat="40.07590308557471" lon="116.33787715467358">
        <ele>45.5</ele>
        <time>2026-08-15T11:18:49.000Z</time>
      </trkpt>
      <trkpt lat="40.07592790553937" lon="116.33787554196454">
        <ele>45.5</ele>
        <time>2026-08-15T11:18:50.000Z</time>
      </trkpt>
      <trkpt lat="40.07595256580892" lon="116.33787441322708">
        <ele>45.5</ele>
        <time>2026-08-15T11:18:51.000Z</time>
      </trkpt>
      <trkpt lat="40.075976988800875" lon="116.33787387564816">
        <ele>45.5</ele>
        <time>2026-08-15T11:18:52.000Z</time>
      </trkpt>
      <trkpt lat="40.076001434394776" lon="116.33787314050004">
        <ele>45.5</ele>
        <time>2026-08-15T11:18:53.000Z</time>
      </trkpt>
      <trkpt lat="40.07602604695265" lon="116.33787149033235">
        <ele>45.5</ele>
        <time>2026-08-15T11:18:54.000Z</time>
      </trkpt>
      <trkpt lat="40.076050619039705" lon="116.33786894057423">
        <ele>45.5</ele>
        <time>2026-08-15T11:18:55.000Z</time>
      </trkpt>
      <trkpt lat="40.07607495783693" lon="116.3378661871773">
        <ele>45.5</ele>
        <time>2026-08-15T11:18:56.000Z</time>
      </trkpt>
      <trkpt lat="40.07609889222634" lon="116.33786385263919">
        <ele>45.5</ele>
        <time>2026-08-15T11:18:57.000Z</time>
      </trkpt>
      <trkpt lat="40.0761224523237" lon="116.33786187962545">
        <ele>45.5</ele>
        <time>2026-08-15T11:18:58.000Z</time>
      </trkpt>
      <trkpt lat="40.07614590777084" lon="116.33785987957519">
        <ele>45.5</ele>
        <time>2026-08-15T11:18:59.000Z</time>
      </trkpt>
      <trkpt lat="40.07616949626908" lon="116.3378576990013">
        <ele>45.5</ele>
        <time>2026-08-15T11:19:00.000Z</time>
      </trkpt>
      <trkpt lat="40.076193216754746" lon="116.33785544430546">
        <ele>45.5</ele>
        <time>2026-08-15T11:19:01.000Z</time>
      </trkpt>
      <trkpt lat="40.07621705864595" lon="116.33785325300433">
        <ele>45.5</ele>
        <time>2026-08-15T11:19:02.000Z</time>
      </trkpt>
      <trkpt lat="40.07624099035592" lon="116.33785107107582">
        <ele>45.5</ele>
        <time>2026-08-15T11:19:03.000Z</time>
      </trkpt>
      <trkpt lat="40.076265012940155" lon="116.33784878615253">
        <ele>45.5</ele>
        <time>2026-08-15T11:19:04.000Z</time>
      </trkpt>
      <trkpt lat="40.076289082477096" lon="116.33784641070255">
        <ele>45.5</ele>
        <time>2026-08-15T11:19:05.000Z</time>
      </trkpt>
      <trkpt lat="40.076313014091056" lon="116.33784390858598">
        <ele>45.5</ele>
        <time>2026-08-15T11:19:06.000Z</time>
      </trkpt>
      <trkpt lat="40.07633682080483" lon="116.33784119268024">
        <ele>45.5</ele>
        <time>2026-08-15T11:19:07.000Z</time>
      </trkpt>
      <trkpt lat="40.07636063852533" lon="116.33783839952201">
        <ele>45.5</ele>
        <time>2026-08-15T11:19:08.000Z</time>
      </trkpt>
      <trkpt lat="40.076384510599716" lon="116.33783596432129">
        <ele>45.5</ele>
        <time>2026-08-15T11:19:09.000Z</time>
      </trkpt>
      <trkpt lat="40.07640839130611" lon="116.33783414462918">
        <ele>45.5</ele>
        <time>2026-08-15T11:19:10.000Z</time>
      </trkpt>
      <trkpt lat="40.07643219616907" lon="116.33783295882785">
        <ele>45.5</ele>
        <time>2026-08-15T11:19:11.000Z</time>
      </trkpt>
      <trkpt lat="40.07645587046792" lon="116.33783246214652">
        <ele>45.5</ele>
        <time>2026-08-15T11:19:12.000Z</time>
      </trkpt>
      <trkpt lat="40.07647947519648" lon="116.3378324158037">
        <ele>45.5</ele>
        <time>2026-08-15T11:19:13.000Z</time>
      </trkpt>
      <trkpt lat="40.07650322307126" lon="116.33783221646203">
        <ele>45.5</ele>
        <time>2026-08-15T11:19:14.000Z</time>
      </trkpt>
      <trkpt lat="40.07652720945231" lon="116.33783144137091">
        <ele>45.5</ele>
        <time>2026-08-15T11:19:15.000Z</time>
      </trkpt>
      <trkpt lat="40.07655122759013" lon="116.33783020890817">
        <ele>45.5</ele>
        <time>2026-08-15T11:19:16.000Z</time>
      </trkpt>
      <trkpt lat="40.07657508258373" lon="116.33782869906159">
        <ele>45.5</ele>
        <time>2026-08-15T11:19:17.000Z</time>
      </trkpt>
      <trkpt lat="40.0765988697495" lon="116.33782674260038">
        <ele>45.5</ele>
        <time>2026-08-15T11:19:18.000Z</time>
      </trkpt>
      <trkpt lat="40.076622793213865" lon="116.33782424824204">
        <ele>45.5</ele>
        <time>2026-08-15T11:19:19.000Z</time>
      </trkpt>
      <trkpt lat="40.07664690125109" lon="116.33782160986019">
        <ele>45.5</ele>
        <time>2026-08-15T11:19:20.000Z</time>
      </trkpt>
      <trkpt lat="40.076671089118136" lon="116.33781931126052">
        <ele>45.5</ele>
        <time>2026-08-15T11:19:21.000Z</time>
      </trkpt>
      <trkpt lat="40.07669533402823" lon="116.33781741083587">
        <ele>45.5</ele>
        <time>2026-08-15T11:19:22.000Z</time>
      </trkpt>
      <trkpt lat="40.0767196482094" lon="116.33781558340111">
        <ele>45.5</ele>
        <time>2026-08-15T11:19:23.000Z</time>
      </trkpt>
      <trkpt lat="40.07674394739809" lon="116.3378132721489">
        <ele>45.5</ele>
        <time>2026-08-15T11:19:24.000Z</time>
      </trkpt>
      <trkpt lat="40.07676802185442" lon="116.33780956508164">
        <ele>45.5</ele>
        <time>2026-08-15T11:19:25.000Z</time>
      </trkpt>
      <trkpt lat="40.076791598670255" lon="116.33780352543091">
        <ele>45.5</ele>
        <time>2026-08-15T11:19:26.000Z</time>
      </trkpt>
      <trkpt lat="40.07681443552993" lon="116.33779441165848">
        <ele>45.5</ele>
        <time>2026-08-15T11:19:27.000Z</time>
      </trkpt>
      <trkpt lat="40.07683620808665" lon="116.33778170621216">
        <ele>45.5</ele>
        <time>2026-08-15T11:19:28.000Z</time>
      </trkpt>
      <trkpt lat="40.0768565573149" lon="116.33776517837875">
        <ele>45.5</ele>
        <time>2026-08-15T11:19:29.000Z</time>
      </trkpt>
      <trkpt lat="40.076875307628576" lon="116.33774481196225">
        <ele>45.5</ele>
        <time>2026-08-15T11:19:30.000Z</time>
      </trkpt>
      <trkpt lat="40.07689251726943" lon="116.33772108451028">
        <ele>45.5</ele>
        <time>2026-08-15T11:19:31.000Z</time>
      </trkpt>
      <trkpt lat="40.07690834416706" lon="116.33769486710165">
        <ele>45.5</ele>
        <time>2026-08-15T11:19:32.000Z</time>
      </trkpt>
      <trkpt lat="40.07692293954218" lon="116.3376670264025">
        <ele>45.5</ele>
        <time>2026-08-15T11:19:32.999Z</time>
      </trkpt>
      <trkpt lat="40.07693632221449" lon="116.33763805119634">
        <ele>45.5</ele>
        <time>2026-08-15T11:19:33.999Z</time>
      </trkpt>
      <trkpt lat="40.07694856602752" lon="116.33760811898169">
        <ele>45.5</ele>
        <time>2026-08-15T11:19:34.999Z</time>
      </trkpt>
      <trkpt lat="40.07695977883962" lon="116.33757745214946">
        <ele>45.5</ele>
        <time>2026-08-15T11:19:35.999Z</time>
      </trkpt>
      <trkpt lat="40.0769698633042" lon="116.3375461645748">
        <ele>45.5</ele>
        <time>2026-08-15T11:19:36.999Z</time>
      </trkpt>
      <trkpt lat="40.07697865914002" lon="116.33751424308097">
        <ele>45.5</ele>
        <time>2026-08-15T11:19:37.999Z</time>
      </trkpt>
      <trkpt lat="40.07698621474375" lon="116.33748174202104">
        <ele>45.5</ele>
        <time>2026-08-15T11:19:38.999Z</time>
      </trkpt>
      <trkpt lat="40.07699257477506" lon="116.33744873884912">
        <ele>45.5</ele>
        <time>2026-08-15T11:19:39.999Z</time>
      </trkpt>
      <trkpt lat="40.07699760107946" lon="116.33741533035831">
        <ele>45.5</ele>
        <time>2026-08-15T11:19:40.999Z</time>
      </trkpt>
      <trkpt lat="40.07700127965425" lon="116.3373817395612">
        <ele>45.5</ele>
        <time>2026-08-15T11:19:41.999Z</time>
      </trkpt>
      <trkpt lat="40.07700386282752" lon="116.33734834687772">
        <ele>45.5</ele>
        <time>2026-08-15T11:19:42.999Z</time>
      </trkpt>
      <trkpt lat="40.077005487682314" lon="116.33731538789917">
        <ele>45.5</ele>
        <time>2026-08-15T11:19:43.999Z</time>
      </trkpt>
      <trkpt lat="40.07700593532702" lon="116.33728280606732">
        <ele>45.5</ele>
        <time>2026-08-15T11:19:44.999Z</time>
      </trkpt>
      <trkpt lat="40.07700482323947" lon="116.33725046402093">
        <ele>45.5</ele>
        <time>2026-08-15T11:19:45.999Z</time>
      </trkpt>
      <trkpt lat="40.07700189085782" lon="116.33721804106875">
        <ele>45.5</ele>
        <time>2026-08-15T11:19:46.999Z</time>
      </trkpt>
      <trkpt lat="40.07699732793011" lon="116.33718523378421">
        <ele>45.5</ele>
        <time>2026-08-15T11:19:47.999Z</time>
      </trkpt>
      <trkpt lat="40.07699140017768" lon="116.33715234902331">
        <ele>45.5</ele>
        <time>2026-08-15T11:19:48.999Z</time>
      </trkpt>
      <trkpt lat="40.076983968247845" lon="116.33712013661126">
        <ele>45.5</ele>
        <time>2026-08-15T11:19:49.999Z</time>
      </trkpt>
      <trkpt lat="40.0769744260464" lon="116.33708937906138">
        <ele>45.5</ele>
        <time>2026-08-15T11:19:51.001Z</time>
      </trkpt>
      <trkpt lat="40.076962249679916" lon="116.33706082811852">
        <ele>45.5</ele>
        <time>2026-08-15T11:19:51.999Z</time>
      </trkpt>
      <trkpt lat="40.076947544637356" lon="116.3370343226916">
        <ele>45.5</ele>
        <time>2026-08-15T11:19:52.999Z</time>
      </trkpt>
      <trkpt lat="40.076931109424784" lon="116.33700961364056">
        <ele>45.5</ele>
        <time>2026-08-15T11:19:53.999Z</time>
      </trkpt>
      <trkpt lat="40.07691354695127" lon="116.33698654833545">
        <ele>45.5</ele>
        <time>2026-08-15T11:19:54.999Z</time>
      </trkpt>
      <trkpt lat="40.07689510230521" lon="116.33696509738314">
        <ele>45.5</ele>
        <time>2026-08-15T11:19:55.999Z</time>
      </trkpt>
      <trkpt lat="40.07687582016562" lon="116.33694519595575">
        <ele>45.5</ele>
        <time>2026-08-15T11:19:56.999Z</time>
      </trkpt>
      <trkpt lat="40.076855757818926" lon="116.33692696214621">
        <ele>45.5</ele>
        <time>2026-08-15T11:19:57.999Z</time>
      </trkpt>
      <trkpt lat="40.076835038070485" lon="116.33691043580328">
        <ele>45.5</ele>
        <time>2026-08-15T11:19:58.999Z</time>
      </trkpt>
      <trkpt lat="40.07681377967161" lon="116.3368954925135">
        <ele>45.5</ele>
        <time>2026-08-15T11:19:59.999Z</time>
      </trkpt>
      <trkpt lat="40.076791914621076" lon="116.33688232538123">
        <ele>45.5</ele>
        <time>2026-08-15T11:20:00.999Z</time>
      </trkpt>
      <trkpt lat="40.07676921111275" lon="116.33687150725892">
        <ele>45.5</ele>
        <time>2026-08-15T11:20:01.999Z</time>
      </trkpt>
      <trkpt lat="40.07674557029019" lon="116.33686340980559">
        <ele>45.5</ele>
        <time>2026-08-15T11:20:02.999Z</time>
      </trkpt>
      <trkpt lat="40.07672105593494" lon="116.33685789961972">
        <ele>45.5</ele>
        <time>2026-08-15T11:20:03.999Z</time>
      </trkpt>
      <trkpt lat="40.07669589404633" lon="116.33685453954458">
        <ele>45.5</ele>
        <time>2026-08-15T11:20:04.999Z</time>
      </trkpt>
      <trkpt lat="40.07667036188953" lon="116.33685282180745">
        <ele>45.5</ele>
        <time>2026-08-15T11:20:05.999Z</time>
      </trkpt>
      <trkpt lat="40.076644595137566" lon="116.33685248430025">
        <ele>45.5</ele>
        <time>2026-08-15T11:20:06.999Z</time>
      </trkpt>
      <trkpt lat="40.07661863535604" lon="116.3368537649671">
        <ele>45.5</ele>
        <time>2026-08-15T11:20:07.999Z</time>
      </trkpt>
      <trkpt lat="40.07659259257446" lon="116.33685698550822">
        <ele>45.5</ele>
        <time>2026-08-15T11:20:08.999Z</time>
      </trkpt>
      <trkpt lat="40.076566505601676" lon="116.33686230173174">
        <ele>45.5</ele>
        <time>2026-08-15T11:20:09.999Z</time>
      </trkpt>
      <trkpt lat="40.07654035068" lon="116.33686928015385">
        <ele>45.5</ele>
        <time>2026-08-15T11:20:10.999Z</time>
      </trkpt>
      <trkpt lat="40.07651417008958" lon="116.33687681811773">
        <ele>45.5</ele>
        <time>2026-08-15T11:20:11.999Z</time>
      </trkpt>
      <trkpt lat="40.07648811315303" lon="116.33688400579773">
        <ele>45.5</ele>
        <time>2026-08-15T11:20:13.000Z</time>
      </trkpt>
      <trkpt lat="40.07646230392249" lon="116.33689043924993">
        <ele>45.5</ele>
        <time>2026-08-15T11:20:14.000Z</time>
      </trkpt>
      <trkpt lat="40.076436620900274" lon="116.336896277625">
        <ele>45.5</ele>
        <time>2026-08-15T11:20:15.000Z</time>
      </trkpt>
      <trkpt lat="40.07641094883837" lon="116.33690158074786">
        <ele>45.5</ele>
        <time>2026-08-15T11:20:16.000Z</time>
      </trkpt>
      <trkpt lat="40.07638529352288" lon="116.3369062258665">
        <ele>45.5</ele>
        <time>2026-08-15T11:20:17.000Z</time>
      </trkpt>
      <trkpt lat="40.07635969947225" lon="116.33691026275574">
        <ele>45.5</ele>
        <time>2026-08-15T11:20:18.000Z</time>
      </trkpt>
      <trkpt lat="40.07633422630495" lon="116.3369136241064">
        <ele>45.5</ele>
        <time>2026-08-15T11:20:19.000Z</time>
      </trkpt>
      <trkpt lat="40.076308961884806" lon="116.33691631142032">
        <ele>45.5</ele>
        <time>2026-08-15T11:20:20.000Z</time>
      </trkpt>
      <trkpt lat="40.076284015000184" lon="116.33691851748927">
        <ele>45.5</ele>
        <time>2026-08-15T11:20:21.000Z</time>
      </trkpt>
      <trkpt lat="40.076259446511486" lon="116.33692016422397">
        <ele>45.5</ele>
        <time>2026-08-15T11:20:22.000Z</time>
      </trkpt>
      <trkpt lat="40.07623518584031" lon="116.33692147845574">
        <ele>45.5</ele>
        <time>2026-08-15T11:20:23.000Z</time>
      </trkpt>
      <trkpt lat="40.07621104230572" lon="116.33692310633944">
        <ele>45.5</ele>
        <time>2026-08-15T11:20:24.000Z</time>
      </trkpt>
      <trkpt lat="40.07618684945879" lon="116.33692504812771">
        <ele>45.5</ele>
        <time>2026-08-15T11:20:25.000Z</time>
      </trkpt>
      <trkpt lat="40.07616248465528" lon="116.3369271756603">
        <ele>45.5</ele>
        <time>2026-08-15T11:20:26.000Z</time>
      </trkpt>
      <trkpt lat="40.076137940231526" lon="116.33692954553898">
        <ele>45.5</ele>
        <time>2026-08-15T11:20:27.000Z</time>
      </trkpt>
      <trkpt lat="40.076113249111884" lon="116.33693186397024">
        <ele>45.5</ele>
        <time>2026-08-15T11:20:28.000Z</time>
      </trkpt>
      <trkpt lat="40.07608842639571" lon="116.33693411793307">
        <ele>45.5</ele>
        <time>2026-08-15T11:20:29.000Z</time>
      </trkpt>
      <trkpt lat="40.07606358233819" lon="116.33693652927126">
        <ele>45.5</ele>
        <time>2026-08-15T11:20:30.000Z</time>
      </trkpt>
      <trkpt lat="40.07603876926901" lon="116.33693898072708">
        <ele>45.5</ele>
        <time>2026-08-15T11:20:31.000Z</time>
      </trkpt>
      <trkpt lat="40.07601398617048" lon="116.33694143248265">
        <ele>45.5</ele>
        <time>2026-08-15T11:20:32.000Z</time>
      </trkpt>
      <trkpt lat="40.07598914341514" lon="116.3369440792051">
        <ele>45.5</ele>
        <time>2026-08-15T11:20:33.000Z</time>
      </trkpt>
      <trkpt lat="40.07596411662156" lon="116.33694686568126">
        <ele>45.5</ele>
        <time>2026-08-15T11:20:34.000Z</time>
      </trkpt>
      <trkpt lat="40.07593891664341" lon="116.33694955256931">
        <ele>45.5</ele>
        <time>2026-08-15T11:20:35.000Z</time>
      </trkpt>
      <trkpt lat="40.07591358517885" lon="116.33695197418575">
        <ele>45.6</ele>
        <time>2026-08-15T11:20:36.000Z</time>
      </trkpt>
      <trkpt lat="40.075888134882824" lon="116.33695399411052">
        <ele>45.6</ele>
        <time>2026-08-15T11:20:37.000Z</time>
      </trkpt>
      <trkpt lat="40.07586264298661" lon="116.33695576253288">
        <ele>45.6</ele>
        <time>2026-08-15T11:20:38.000Z</time>
      </trkpt>
      <trkpt lat="40.07583722788535" lon="116.33695746098262">
        <ele>45.6</ele>
        <time>2026-08-15T11:20:39.000Z</time>
      </trkpt>
      <trkpt lat="40.07581195077546" lon="116.33695896383396">
        <ele>45.6</ele>
        <time>2026-08-15T11:20:40.000Z</time>
      </trkpt>
      <trkpt lat="40.075786822054525" lon="116.33696008821154">
        <ele>45.6</ele>
        <time>2026-08-15T11:20:41.000Z</time>
      </trkpt>
      <trkpt lat="40.0757618618464" lon="116.33696108504776">
        <ele>45.6</ele>
        <time>2026-08-15T11:20:42.000Z</time>
      </trkpt>
      <trkpt lat="40.07573702850355" lon="116.33696288054578">
        <ele>45.6</ele>
        <time>2026-08-15T11:20:43.000Z</time>
      </trkpt>
      <trkpt lat="40.07571223332353" lon="116.33696645914742">
        <ele>45.6</ele>
        <time>2026-08-15T11:20:44.000Z</time>
      </trkpt>
      <trkpt lat="40.075687414326254" lon="116.33697197752444">
        <ele>45.6</ele>
        <time>2026-08-15T11:20:45.000Z</time>
      </trkpt>
      <trkpt lat="40.07566259058421" lon="116.33697909720816">
        <ele>45.6</ele>
        <time>2026-08-15T11:20:46.000Z</time>
      </trkpt>
      <trkpt lat="40.07563799882275" lon="116.33698767846822">
        <ele>45.6</ele>
        <time>2026-08-15T11:20:47.000Z</time>
      </trkpt>
      <trkpt lat="40.07561391329324" lon="116.33699774860746">
        <ele>45.6</ele>
        <time>2026-08-15T11:20:48.000Z</time>
      </trkpt>
      <trkpt lat="40.07559050071726" lon="116.33700942167982">
        <ele>45.6</ele>
        <time>2026-08-15T11:20:49.000Z</time>
      </trkpt>
      <trkpt lat="40.07556805211313" lon="116.337023212139">
        <ele>45.6</ele>
        <time>2026-08-15T11:20:50.000Z</time>
      </trkpt>
      <trkpt lat="40.07554716560613" lon="116.33703973216905">
        <ele>45.6</ele>
        <time>2026-08-15T11:20:51.000Z</time>
      </trkpt>
      <trkpt lat="40.075528253545485" lon="116.33705869541227">
        <ele>45.6</ele>
        <time>2026-08-15T11:20:52.000Z</time>
      </trkpt>
      <trkpt lat="40.07551159025192" lon="116.33707919669177">
        <ele>45.6</ele>
        <time>2026-08-15T11:20:53.000Z</time>
      </trkpt>
      <trkpt lat="40.07549730040166" lon="116.33710052854012">
        <ele>45.6</ele>
        <time>2026-08-15T11:20:54.000Z</time>
      </trkpt>
      <trkpt lat="40.075484471809624" lon="116.33712301278406">
        <ele>45.6</ele>
        <time>2026-08-15T11:20:55.000Z</time>
      </trkpt>
      <trkpt lat="40.07547198125809" lon="116.3371471985372">
        <ele>45.6</ele>
        <time>2026-08-15T11:20:56.000Z</time>
      </trkpt>
      <trkpt lat="40.07545932968631" lon="116.3371725449565">
        <ele>45.6</ele>
        <time>2026-08-15T11:20:57.000Z</time>
      </trkpt>
      <trkpt lat="40.075446674240624" lon="116.33719847585047">
        <ele>45.6</ele>
        <time>2026-08-15T11:20:58.000Z</time>
      </trkpt>
      <trkpt lat="40.07543501719449" lon="116.33722541281138">
        <ele>45.6</ele>
        <time>2026-08-15T11:20:59.000Z</time>
      </trkpt>
      <trkpt lat="40.075425953638224" lon="116.33725439901349">
        <ele>45.6</ele>
        <time>2026-08-15T11:21:00.000Z</time>
      </trkpt>
      <trkpt lat="40.07542037998713" lon="116.33728562718345">
        <ele>45.6</ele>
        <time>2026-08-15T11:21:01.000Z</time>
      </trkpt>
      <trkpt lat="40.0754179405276" lon="116.33731849121158">
        <ele>45.6</ele>
        <time>2026-08-15T11:21:02.000Z</time>
      </trkpt>
      <trkpt lat="40.075418081670534" lon="116.33735255885664">
        <ele>45.6</ele>
        <time>2026-08-15T11:21:03.000Z</time>
      </trkpt>
      <trkpt lat="40.075420267416575" lon="116.3373875030542">
        <ele>45.6</ele>
        <time>2026-08-15T11:21:04.000Z</time>
      </trkpt>
      <trkpt lat="40.075423894750955" lon="116.33742284269404">
        <ele>45.7</ele>
        <time>2026-08-15T11:21:05.000Z</time>
      </trkpt>
      <trkpt lat="40.07542865444021" lon="116.3374580385349">
        <ele>45.7</ele>
        <time>2026-08-15T11:21:06.000Z</time>
      </trkpt>
      <trkpt lat="40.075434516660565" lon="116.33749289070583">
        <ele>45.7</ele>
        <time>2026-08-15T11:21:07.000Z</time>
      </trkpt>
      <trkpt lat="40.075441622544204" lon="116.33752714233849">
        <ele>45.7</ele>
        <time>2026-08-15T11:21:08.000Z</time>
      </trkpt>
      <trkpt lat="40.07545027532794" lon="116.33756021606118">
        <ele>45.7</ele>
        <time>2026-08-15T11:21:09.000Z</time>
      </trkpt>
      <trkpt lat="40.07546067497711" lon="116.33759192998096">
        <ele>45.7</ele>
        <time>2026-08-15T11:21:10.000Z</time>
      </trkpt>
      <trkpt lat="40.07547298612073" lon="116.3376227325657">
        <ele>45.7</ele>
        <time>2026-08-15T11:21:11.000Z</time>
      </trkpt>
      <trkpt lat="40.07548719496275" lon="116.33765281247297">
        <ele>45.7</ele>
        <time>2026-08-15T11:21:11.999Z</time>
      </trkpt>
      <trkpt lat="40.07550315690721" lon="116.3376817094156">
        <ele>45.7</ele>
        <time>2026-08-15T11:21:12.999Z</time>
      </trkpt>
      <trkpt lat="40.075520766620805" lon="116.33770893987614">
        <ele>45.7</ele>
        <time>2026-08-15T11:21:13.999Z</time>
      </trkpt>
      <trkpt lat="40.07553982058853" lon="116.33773424538023">
        <ele>45.7</ele>
        <time>2026-08-15T11:21:14.999Z</time>
      </trkpt>
      <trkpt lat="40.075560211821845" lon="116.33775758114494">
        <ele>45.7</ele>
        <time>2026-08-15T11:21:15.999Z</time>
      </trkpt>
      <trkpt lat="40.07558172136315" lon="116.33777906128108">
        <ele>45.7</ele>
        <time>2026-08-15T11:21:16.999Z</time>
      </trkpt>
      <trkpt lat="40.075603832627124" lon="116.33779872023196">
        <ele>45.7</ele>
        <time>2026-08-15T11:21:17.999Z</time>
      </trkpt>
      <trkpt lat="40.0756264122721" lon="116.33781632493674">
        <ele>45.7</ele>
        <time>2026-08-15T11:21:18.999Z</time>
      </trkpt>
      <trkpt lat="40.075649676006485" lon="116.33783163193638">
        <ele>45.7</ele>
        <time>2026-08-15T11:21:19.999Z</time>
      </trkpt>
      <trkpt lat="40.07567374771486" lon="116.33784488189492">
        <ele>45.7</ele>
        <time>2026-08-15T11:21:20.999Z</time>
      </trkpt>
      <trkpt lat="40.075698547014014" lon="116.33785642982251">
        <ele>45.7</ele>
        <time>2026-08-15T11:21:21.999Z</time>
      </trkpt>
      <trkpt lat="40.0757237232269" lon="116.33786616657038">
        <ele>45.7</ele>
        <time>2026-08-15T11:21:22.999Z</time>
      </trkpt>
      <trkpt lat="40.07574903374557" lon="116.33787380734604">
        <ele>45.7</ele>
        <time>2026-08-15T11:21:23.999Z</time>
      </trkpt>
      <trkpt lat="40.075774239979836" lon="116.33787909023862">
        <ele>45.7</ele>
        <time>2026-08-15T11:21:24.999Z</time>
      </trkpt>
      <trkpt lat="40.075799464528494" lon="116.33788213477844">
        <ele>45.7</ele>
        <time>2026-08-15T11:21:25.999Z</time>
      </trkpt>
      <trkpt lat="40.075824725313375" lon="116.33788326956986">
        <ele>45.7</ele>
        <time>2026-08-15T11:21:26.999Z</time>
      </trkpt>
      <trkpt lat="40.07584983295382" lon="116.33788272537441">
        <ele>45.7</ele>
        <time>2026-08-15T11:21:27.999Z</time>
      </trkpt>
      <trkpt lat="40.07587496890548" lon="116.33788100435753">
        <ele>45.7</ele>
        <time>2026-08-15T11:21:28.999Z</time>
      </trkpt>
      <trkpt lat="40.07590011758167" lon="116.33787887836516">
        <ele>45.7</ele>
        <time>2026-08-15T11:21:29.999Z</time>
      </trkpt>
      <trkpt lat="40.07592525596732" lon="116.33787673242614">
        <ele>45.7</ele>
        <time>2026-08-15T11:21:30.999Z</time>
      </trkpt>
      <trkpt lat="40.07595041043481" lon="116.33787437664681">
        <ele>45.7</ele>
        <time>2026-08-15T11:21:31.999Z</time>
      </trkpt>
      <trkpt lat="40.07597549176156" lon="116.33787196062562">
        <ele>45.7</ele>
        <time>2026-08-15T11:21:32.999Z</time>
      </trkpt>
      <trkpt lat="40.076000426740904" lon="116.3378696517494">
        <ele>45.7</ele>
        <time>2026-08-15T11:21:33.999Z</time>
      </trkpt>
      <trkpt lat="40.07602529017067" lon="116.33786730438412">
        <ele>45.7</ele>
        <time>2026-08-15T11:21:34.999Z</time>
      </trkpt>
      <trkpt lat="40.07605019793534" lon="116.33786488036023">
        <ele>45.7</ele>
        <time>2026-08-15T11:21:35.999Z</time>
      </trkpt>
      <trkpt lat="40.07607512962051" lon="116.33786248268444">
        <ele>45.7</ele>
        <time>2026-08-15T11:21:36.999Z</time>
      </trkpt>
      <trkpt lat="40.076099993323055" lon="116.33786011450867">
        <ele>45.7</ele>
        <time>2026-08-15T11:21:37.999Z</time>
      </trkpt>
      <trkpt lat="40.07612488028959" lon="116.33785772691212">
        <ele>45.7</ele>
        <time>2026-08-15T11:21:38.999Z</time>
      </trkpt>
      <trkpt lat="40.07614985172842" lon="116.33785560652613">
        <ele>45.7</ele>
        <time>2026-08-15T11:21:39.999Z</time>
      </trkpt>
      <trkpt lat="40.07617476131868" lon="116.33785395276007">
        <ele>45.7</ele>
        <time>2026-08-15T11:21:40.999Z</time>
      </trkpt>
      <trkpt lat="40.076199428783475" lon="116.33785252976125">
        <ele>45.7</ele>
        <time>2026-08-15T11:21:41.999Z</time>
      </trkpt>
      <trkpt lat="40.07622389551346" lon="116.33785085243042">
        <ele>45.7</ele>
        <time>2026-08-15T11:21:42.999Z</time>
      </trkpt>
      <trkpt lat="40.07624846628158" lon="116.33784868913837">
        <ele>45.7</ele>
        <time>2026-08-15T11:21:43.999Z</time>
      </trkpt>
      <trkpt lat="40.07627316713313" lon="116.33784651047834">
        <ele>45.7</ele>
        <time>2026-08-15T11:21:44.999Z</time>
      </trkpt>
      <trkpt lat="40.07629785865523" lon="116.33784456438947">
        <ele>45.6</ele>
        <time>2026-08-15T11:21:45.999Z</time>
      </trkpt>
      <trkpt lat="40.0763225743849" lon="116.33784278835194">
        <ele>45.6</ele>
        <time>2026-08-15T11:21:46.999Z</time>
      </trkpt>
      <trkpt lat="40.076347419117084" lon="116.3378410834487">
        <ele>45.5</ele>
        <time>2026-08-15T11:21:47.999Z</time>
      </trkpt>
      <trkpt lat="40.076372439448136" lon="116.33783938696706">
        <ele>45.4</ele>
        <time>2026-08-15T11:21:48.999Z</time>
      </trkpt>
      <trkpt lat="40.07639768752046" lon="116.33783786492667">
        <ele>45.3</ele>
        <time>2026-08-15T11:21:49.999Z</time>
      </trkpt>
      <trkpt lat="40.0764231529321" lon="116.33783656980495">
        <ele>45.2</ele>
        <time>2026-08-15T11:21:50.999Z</time>
      </trkpt>
      <trkpt lat="40.0764486672721" lon="116.33783514532826">
        <ele>45.0</ele>
        <time>2026-08-15T11:21:51.999Z</time>
      </trkpt>
      <trkpt lat="40.07647407949518" lon="116.33783332971313">
        <ele>44.9</ele>
        <time>2026-08-15T11:21:52.999Z</time>
      </trkpt>
      <trkpt lat="40.0764994232764" lon="116.33783134348442">
        <ele>44.8</ele>
        <time>2026-08-15T11:21:53.999Z</time>
      </trkpt>
      <trkpt lat="40.07652482716654" lon="116.3378294883092">
        <ele>44.6</ele>
        <time>2026-08-15T11:21:54.999Z</time>
      </trkpt>
      <trkpt lat="40.07655038161506" lon="116.33782786507876">
        <ele>44.5</ele>
        <time>2026-08-15T11:21:55.999Z</time>
      </trkpt>
      <trkpt lat="40.076575993208436" lon="116.33782639506491">
        <ele>44.4</ele>
        <time>2026-08-15T11:21:56.999Z</time>
      </trkpt>
      <trkpt lat="40.07660151513408" lon="116.33782503202947">
        <ele>44.3</ele>
        <time>2026-08-15T11:21:57.999Z</time>
      </trkpt>
      <trkpt lat="40.0766269020383" lon="116.33782371931446">
        <ele>44.2</ele>
        <time>2026-08-15T11:21:58.999Z</time>
      </trkpt>
      <trkpt lat="40.07665219567843" lon="116.3378220276226">
        <ele>44.1</ele>
        <time>2026-08-15T11:21:59.999Z</time>
      </trkpt>
      <trkpt lat="40.07667736029271" lon="116.3378193615626">
        <ele>44.0</ele>
        <time>2026-08-15T11:22:00.999Z</time>
      </trkpt>
      <trkpt lat="40.076702394049015" lon="116.33781530990966">
        <ele>43.9</ele>
        <time>2026-08-15T11:22:01.999Z</time>
      </trkpt>
      <trkpt lat="40.07672726030269" lon="116.3378096154711">
        <ele>43.9</ele>
        <time>2026-08-15T11:22:02.999Z</time>
      </trkpt>
      <trkpt lat="40.07675172163563" lon="116.33780182453452">
        <ele>43.8</ele>
        <time>2026-08-15T11:22:03.999Z</time>
      </trkpt>
      <trkpt lat="40.07677552742611" lon="116.33779131335287">
        <ele>43.8</ele>
        <time>2026-08-15T11:22:04.999Z</time>
      </trkpt>
      <trkpt lat="40.076798434541494" lon="116.3377775730225">
        <ele>43.8</ele>
        <time>2026-08-15T11:22:05.999Z</time>
      </trkpt>
      <trkpt lat="40.07682028470358" lon="116.3377605090257">
        <ele>43.8</ele>
        <time>2026-08-15T11:22:06.999Z</time>
      </trkpt>
      <trkpt lat="40.07684102477764" lon="116.33774060702045">
        <ele>43.7</ele>
        <time>2026-08-15T11:22:07.999Z</time>
      </trkpt>
      <trkpt lat="40.07686057347397" lon="116.3377184977319">
        <ele>43.7</ele>
        <time>2026-08-15T11:22:08.999Z</time>
      </trkpt>
      <trkpt lat="40.07687882030953" lon="116.3376945563108">
        <ele>43.7</ele>
        <time>2026-08-15T11:22:09.999Z</time>
      </trkpt>
      <trkpt lat="40.07689568838191" lon="116.3376688285882">
        <ele>43.7</ele>
        <time>2026-08-15T11:22:10.999Z</time>
      </trkpt>
      <trkpt lat="40.07691120823713" lon="116.33764113024927">
        <ele>43.6</ele>
        <time>2026-08-15T11:22:11.999Z</time>
      </trkpt>
      <trkpt lat="40.07692562023188" lon="116.33761159240105">
        <ele>43.6</ele>
        <time>2026-08-15T11:22:12.999Z</time>
      </trkpt>
      <trkpt lat="40.076939149525636" lon="116.33758077197666">
        <ele>43.6</ele>
        <time>2026-08-15T11:22:13.999Z</time>
      </trkpt>
      <trkpt lat="40.07695194547695" lon="116.33754924662817">
        <ele>43.6</ele>
        <time>2026-08-15T11:22:14.999Z</time>
      </trkpt>
      <trkpt lat="40.076964190605985" lon="116.3375174983524">
        <ele>43.6</ele>
        <time>2026-08-15T11:22:15.999Z</time>
      </trkpt>
      <trkpt lat="40.07697570597622" lon="116.33748568352593">
        <ele>43.5</ele>
        <time>2026-08-15T11:22:16.999Z</time>
      </trkpt>
      <trkpt lat="40.076985924044116" lon="116.33745356906408">
        <ele>43.5</ele>
        <time>2026-08-15T11:22:17.999Z</time>
      </trkpt>
      <trkpt lat="40.076994503610834" lon="116.3374209482019">
        <ele>43.5</ele>
        <time>2026-08-15T11:22:18.999Z</time>
      </trkpt>
      <trkpt lat="40.07700124673349" lon="116.33738809714158">
        <ele>43.5</ele>
        <time>2026-08-15T11:22:19.999Z</time>
      </trkpt>
      <trkpt lat="40.077005853916766" lon="116.33735585804011">
        <ele>43.5</ele>
        <time>2026-08-15T11:22:20.999Z</time>
      </trkpt>
      <trkpt lat="40.07700830365267" lon="116.337325360405">
        <ele>43.5</ele>
        <time>2026-08-15T11:22:21.999Z</time>
      </trkpt>
      <trkpt lat="40.07700888002319" lon="116.33729780656054">
        <ele>43.5</ele>
        <time>2026-08-15T11:22:22.999Z</time>
      </trkpt>
      <trkpt lat="40.0770080410182" lon="116.3372750432171">
        <ele>43.5</ele>
        <time>2026-08-15T11:22:23.999Z</time>
      </trkpt>
      <trkpt lat="40.077006533675764" lon="116.33725740072941">
        <ele>43.5</ele>
        <time>2026-08-15T11:22:24.999Z</time>
      </trkpt>
      <trkpt lat="40.07700509803613" lon="116.33724309130935">
        <ele>43.5</ele>
        <time>2026-08-15T11:22:25.999Z</time>
        <extensions>
  <gpxtpx:TrackPointExtension>
    <gpxtpx:hr>177</gpxtpx:hr>
  </gpxtpx:TrackPointExtension>
</extensions>
      </trkpt>
      <trkpt lat="40.07700402060682" lon="116.33723040949675">
        <ele>43.6</ele>
        <time>2026-08-15T11:22:26.999Z</time>
        <extensions>
  <gpxtpx:TrackPointExtension>
    <gpxtpx:hr>177</gpxtpx:hr>
  </gpxtpx:TrackPointExtension>
</extensions>
      </trkpt>
      <trkpt lat="40.077003287398135" lon="116.33721808352239">
        <ele>43.6</ele>
        <time>2026-08-15T11:22:27.999Z</time>
        <extensions>
  <gpxtpx:TrackPointExtension>
    <gpxtpx:hr>177</gpxtpx:hr>
  </gpxtpx:TrackPointExtension>
</extensions>
      </trkpt>
      <trkpt lat="40.07700281207615" lon="116.33720545882429">
        <ele>43.6</ele>
        <time>2026-08-15T11:22:28.999Z</time>
        <extensions>
  <gpxtpx:TrackPointExtension>
    <gpxtpx:hr>177</gpxtpx:hr>
  </gpxtpx:TrackPointExtension>
</extensions>
      </trkpt>
      <trkpt lat="40.07700247233815" lon="116.33719216163874">
        <ele>43.6</ele>
        <time>2026-08-15T11:22:29.999Z</time>
        <extensions>
  <gpxtpx:TrackPointExtension>
    <gpxtpx:hr>177</gpxtpx:hr>
  </gpxtpx:TrackPointExtension>
</extensions>
      </trkpt>
      <trkpt lat="40.077002137742554" lon="116.33717797130936">
        <ele>43.6</ele>
        <time>2026-08-15T11:22:30.999Z</time>
        <extensions>
  <gpxtpx:TrackPointExtension>
    <gpxtpx:hr>177</gpxtpx:hr>
  </gpxtpx:TrackPointExtension>
</extensions>
      </trkpt>
      <trkpt lat="40.07700162721306" lon="116.33716292481374">
        <ele>43.6</ele>
        <time>2026-08-15T11:22:31.999Z</time>
        <extensions>
  <gpxtpx:TrackPointExtension>
    <gpxtpx:hr>177</gpxtpx:hr>
  </gpxtpx:TrackPointExtension>
</extensions>
      </trkpt>
      <trkpt lat="40.07700084813071" lon="116.3371474024447">
        <ele>43.6</ele>
        <time>2026-08-15T11:22:32.999Z</time>
        <extensions>
  <gpxtpx:TrackPointExtension>
    <gpxtpx:hr>177</gpxtpx:hr>
  </gpxtpx:TrackPointExtension>
</extensions>
      </trkpt>    </trkseg>
  </trk>
</gpx>