<?xml version="1.0" encoding="UTF-8"?>
<gpx version="1.1" creator="HealthSync iOS"
     xmlns="http://www.topografix.com/GPX/1/1"
     xmlns:gpxtpx="http://www.garmin.com/xmlschemas/TrackPointExtension/v1"
     xmlns:xsi="http://www.w3.org/2001/XMLSchema-instance"
     xsi:schemaLocation="http://www.topografix.com/GPX/1/1 http://www.topografix.com/GPX/1/1/gpx.xsd http://www.garmin.com/xmlschemas/TrackPointExtension/v1 http://www.garmin.com/xmlschemas/TrackPointExtensionv1.xsd">
  <trk>
    <name>Activity 2026/7/29, 19:48</name>
    <type>running</type>
    <trkseg>
      <trkpt lat="40.0756582795866" lon="116.33776425276034">
        <ele>46.4</ele>
        <time>2026-07-29T11:48:34.999Z</time>
        <extensions>
          <gpxtpx:TrackPointExtension>
            <gpxtpx:hr>143</gpxtpx:hr>
          </gpxtpx:TrackPointExtension>
        </extensions>
      </trkpt>
      <trkpt lat="40.075669139426" lon="116.33776606551969">
        <ele>46.4</ele>
        <time>2026-07-29T11:48:35.999Z</time>
        <extensions>
          <gpxtpx:TrackPointExtension>
            <gpxtpx:hr>143</gpxtpx:hr>
          </gpxtpx:TrackPointExtension>
        </extensions>
      </trkpt>
      <trkpt lat="40.07567999927937" lon="116.33776912995712">
        <ele>46.3</ele>
        <time>2026-07-29T11:48:36.999Z</time>
        <extensions>
          <gpxtpx:TrackPointExtension>
            <gpxtpx:hr>143</gpxtpx:hr>
          </gpxtpx:TrackPointExtension>
        </extensions>
      </trkpt>
      <trkpt lat="40.075690972434145" lon="116.33777265495443">
        <ele>46.3</ele>
        <time>2026-07-29T11:48:37.999Z</time>
        <extensions>
          <gpxtpx:TrackPointExtension>
            <gpxtpx:hr>143</gpxtpx:hr>
          </gpxtpx:TrackPointExtension>
        </extensions>
      </trkpt>
      <trkpt lat="40.07570381536396" lon="116.33777672185678">
        <ele>46.3</ele>
        <time>2026-07-29T11:48:38.999Z</time>
        <extensions>
          <gpxtpx:TrackPointExtension>
            <gpxtpx:hr>143</gpxtpx:hr>
          </gpxtpx:TrackPointExtension>
        </extensions>
      </trkpt>
      <trkpt lat="40.07572068603735" lon="116.33778168128826">
        <ele>46.2</ele>
        <time>2026-07-29T11:48:39.999Z</time>
        <extensions>
          <gpxtpx:TrackPointExtension>
            <gpxtpx:hr>143</gpxtpx:hr>
          </gpxtpx:TrackPointExtension>
        </extensions>
      </trkpt>
      <trkpt lat="40.075741696788725" lon="116.33778749431742">
        <ele>46.2</ele>
        <time>2026-07-29T11:48:40.999Z</time>
        <extensions>
          <gpxtpx:TrackPointExtension>
            <gpxtpx:hr>143</gpxtpx:hr>
          </gpxtpx:TrackPointExtension>
        </extensions>
      </trkpt>
      <trkpt lat="40.075765460034425" lon="116.33779381601121">
        <ele>46.2</ele>
        <time>2026-07-29T11:48:41.999Z</time>
        <extensions>
          <gpxtpx:TrackPointExtension>
            <gpxtpx:hr>143</gpxtpx:hr>
          </gpxtpx:TrackPointExtension>
        </extensions>
      </trkpt>
      <trkpt lat="40.075791445217945" lon="116.33780031316756">
        <ele>46.1</ele>
        <time>2026-07-29T11:48:42.999Z</time>
        <extensions>
          <gpxtpx:TrackPointExtension>
            <gpxtpx:hr>143</gpxtpx:hr>
          </gpxtpx:TrackPointExtension>
        </extensions>
      </trkpt>
      <trkpt lat="40.075819309018065" lon="116.33780647650164">
        <ele>46.1</ele>
        <time>2026-07-29T11:48:43.999Z</time>
        <extensions>
          <gpxtpx:TrackPointExtension>
            <gpxtpx:hr>143</gpxtpx:hr>
          </gpxtpx:TrackPointExtension>
        </extensions>
      </trkpt>
      <trkpt lat="40.0758483398627" lon="116.33781193654673">
        <ele>46.1</ele>
        <time>2026-07-29T11:48:44.999Z</time>
        <extensions>
          <gpxtpx:TrackPointExtension>
            <gpxtpx:hr>143</gpxtpx:hr>
          </gpxtpx:TrackPointExtension>
        </extensions>
      </trkpt>
      <trkpt lat="40.07587794461043" lon="116.33781668036495">
        <ele>46.1</ele>
        <time>2026-07-29T11:48:45.999Z</time>
        <extensions>
          <gpxtpx:TrackPointExtension>
            <gpxtpx:hr>143</gpxtpx:hr>
          </gpxtpx:TrackPointExtension>
        </extensions>
      </trkpt>
      <trkpt lat="40.07590769952852" lon="116.33782086875765">
        <ele>46.1</ele>
        <time>2026-07-29T11:48:46.999Z</time>
        <extensions>
          <gpxtpx:TrackPointExtension>
            <gpxtpx:hr>143</gpxtpx:hr>
          </gpxtpx:TrackPointExtension>
        </extensions>
      </trkpt>
      <trkpt lat="40.07593730409799" lon="116.33782468939056">
        <ele>46.1</ele>
        <time>2026-07-29T11:48:47.999Z</time>
        <extensions>
          <gpxtpx:TrackPointExtension>
            <gpxtpx:hr>143</gpxtpx:hr>
          </gpxtpx:TrackPointExtension>
        </extensions>
      </trkpt>
      <trkpt lat="40.07596656378807" lon="116.33782819525005">
        <ele>46.1</ele>
        <time>2026-07-29T11:48:48.999Z</time>
      </trkpt>
      <trkpt lat="40.07599549219588" lon="116.3378313959293">
        <ele>46.1</ele>
        <time>2026-07-29T11:48:49.999Z</time>
      </trkpt>
      <trkpt lat="40.07602421705128" lon="116.33783399280696">
        <ele>46.1</ele>
        <time>2026-07-29T11:48:50.999Z</time>
      </trkpt>
      <trkpt lat="40.07605283401665" lon="116.33783567950874">
        <ele>46.1</ele>
        <time>2026-07-29T11:48:51.999Z</time>
      </trkpt>
      <trkpt lat="40.076081432360084" lon="116.33783656903854">
        <ele>46.1</ele>
        <time>2026-07-29T11:48:52.999Z</time>
      </trkpt>
      <trkpt lat="40.07611006196632" lon="116.33783686394389">
        <ele>46.1</ele>
        <time>2026-07-29T11:48:53.999Z</time>
      </trkpt>
      <trkpt lat="40.07613875296408" lon="116.33783686671795">
        <ele>46.1</ele>
        <time>2026-07-29T11:48:54.999Z</time>
      </trkpt>
      <trkpt lat="40.07616747381744" lon="116.33783677396475">
        <ele>46.1</ele>
        <time>2026-07-29T11:48:55.999Z</time>
      </trkpt>
      <trkpt lat="40.076196128623366" lon="116.33783658755183">
        <ele>46.1</ele>
        <time>2026-07-29T11:48:56.999Z</time>
      </trkpt>
      <trkpt lat="40.07622459442725" lon="116.33783637490382">
        <ele>46.1</ele>
        <time>2026-07-29T11:48:57.999Z</time>
      </trkpt>
      <trkpt lat="40.07625289046092" lon="116.33783612907222">
        <ele>46.1</ele>
        <time>2026-07-29T11:48:58.999Z</time>
      </trkpt>
      <trkpt lat="40.07628114675247" lon="116.33783583833043">
        <ele>46.2</ele>
        <time>2026-07-29T11:48:59.999Z</time>
      </trkpt>
      <trkpt lat="40.07630933076767" lon="116.33783559453921">
        <ele>46.2</ele>
        <time>2026-07-29T11:49:00.999Z</time>
      </trkpt>
      <trkpt lat="40.07633739915294" lon="116.33783550417171">
        <ele>46.2</ele>
        <time>2026-07-29T11:49:01.999Z</time>
      </trkpt>
      <trkpt lat="40.07636523848353" lon="116.33783545741385">
        <ele>46.2</ele>
        <time>2026-07-29T11:49:02.999Z</time>
      </trkpt>
      <trkpt lat="40.076392646963306" lon="116.33783515947859">
        <ele>46.2</ele>
        <time>2026-07-29T11:49:03.999Z</time>
      </trkpt>
      <trkpt lat="40.076419561461265" lon="116.33783435670178">
        <ele>46.2</ele>
        <time>2026-07-29T11:49:04.999Z</time>
      </trkpt>
      <trkpt lat="40.07644598501939" lon="116.33783296211112">
        <ele>46.2</ele>
        <time>2026-07-29T11:49:05.999Z</time>
      </trkpt>
      <trkpt lat="40.07647206514209" lon="116.33783111910257">
        <ele>46.2</ele>
        <time>2026-07-29T11:49:06.999Z</time>
      </trkpt>
      <trkpt lat="40.07649815438785" lon="116.33782909200029">
        <ele>46.2</ele>
        <time>2026-07-29T11:49:07.999Z</time>
      </trkpt>
      <trkpt lat="40.07652469918901" lon="116.3378270427444">
        <ele>46.1</ele>
        <time>2026-07-29T11:49:08.999Z</time>
      </trkpt>
      <trkpt lat="40.07655187021633" lon="116.33782488118538">
        <ele>46.1</ele>
        <time>2026-07-29T11:49:09.999Z</time>
      </trkpt>
      <trkpt lat="40.076579353760124" lon="116.33782228050356">
        <ele>46.1</ele>
        <time>2026-07-29T11:49:10.999Z</time>
      </trkpt>
      <trkpt lat="40.076606790155466" lon="116.33781899813197">
        <ele>46.1</ele>
        <time>2026-07-29T11:49:11.999Z</time>
      </trkpt>
      <trkpt lat="40.07663402698969" lon="116.33781494023603">
        <ele>46.1</ele>
        <time>2026-07-29T11:49:12.999Z</time>
      </trkpt>
      <trkpt lat="40.07666093228663" lon="116.33780988866795">
        <ele>46.1</ele>
        <time>2026-07-29T11:49:13.999Z</time>
      </trkpt>
      <trkpt lat="40.07668726937715" lon="116.33780352886485">
        <ele>46.1</ele>
        <time>2026-07-29T11:49:14.999Z</time>
      </trkpt>
      <trkpt lat="40.076712802722874" lon="116.3377955013689">
        <ele>46.0</ele>
        <time>2026-07-29T11:49:15.999Z</time>
      </trkpt>
      <trkpt lat="40.076737447769155" lon="116.33778556452182">
        <ele>46.0</ele>
        <time>2026-07-29T11:49:16.999Z</time>
      </trkpt>
      <trkpt lat="40.07676113774991" lon="116.33777367973396">
        <ele>46.0</ele>
        <time>2026-07-29T11:49:17.999Z</time>
      </trkpt>
      <trkpt lat="40.07678380108441" lon="116.33775972262205">
        <ele>46.0</ele>
        <time>2026-07-29T11:49:18.999Z</time>
      </trkpt>
      <trkpt lat="40.07680547650566" lon="116.33774357689913">
        <ele>45.9</ele>
        <time>2026-07-29T11:49:19.999Z</time>
      </trkpt>
      <trkpt lat="40.07682616454086" lon="116.3377253103788">
        <ele>45.9</ele>
        <time>2026-07-29T11:49:20.999Z</time>
      </trkpt>
      <trkpt lat="40.07684591229952" lon="116.33770497721008">
        <ele>45.9</ele>
        <time>2026-07-29T11:49:21.999Z</time>
      </trkpt>
      <trkpt lat="40.07686460369211" lon="116.33768254778813">
        <ele>45.9</ele>
        <time>2026-07-29T11:49:22.999Z</time>
      </trkpt>
      <trkpt lat="40.07688198158407" lon="116.33765819722713">
        <ele>45.9</ele>
        <time>2026-07-29T11:49:23.999Z</time>
      </trkpt>
      <trkpt lat="40.07689795514376" lon="116.33763221902362">
        <ele>45.9</ele>
        <time>2026-07-29T11:49:24.999Z</time>
      </trkpt>
      <trkpt lat="40.07691258973081" lon="116.33760460734173">
        <ele>45.9</ele>
        <time>2026-07-29T11:49:25.999Z</time>
      </trkpt>
      <trkpt lat="40.07692594578727" lon="116.33757527849478">
        <ele>45.9</ele>
        <time>2026-07-29T11:49:26.999Z</time>
      </trkpt>
      <trkpt lat="40.0769380100062" lon="116.33754425529793">
        <ele>45.9</ele>
        <time>2026-07-29T11:49:27.999Z</time>
      </trkpt>
      <trkpt lat="40.07694863107941" lon="116.33751180443126">
        <ele>45.9</ele>
        <time>2026-07-29T11:49:28.999Z</time>
      </trkpt>
      <trkpt lat="40.07695762469193" lon="116.33747836562557">
        <ele>45.9</ele>
        <time>2026-07-29T11:49:29.999Z</time>
      </trkpt>
      <trkpt lat="40.076964916243845" lon="116.33744435909833">
        <ele>46.0</ele>
        <time>2026-07-29T11:49:30.999Z</time>
      </trkpt>
      <trkpt lat="40.076970401335885" lon="116.33741042248403">
        <ele>46.0</ele>
        <time>2026-07-29T11:49:31.999Z</time>
      </trkpt>
      <trkpt lat="40.076973955339774" lon="116.33737718632145">
        <ele>46.0</ele>
        <time>2026-07-29T11:49:32.999Z</time>
      </trkpt>
      <trkpt lat="40.07697552681031" lon="116.33734490274833">
        <ele>46.1</ele>
        <time>2026-07-29T11:49:33.999Z</time>
      </trkpt>
      <trkpt lat="40.07697516323367" lon="116.33731316541022">
        <ele>46.1</ele>
        <time>2026-07-29T11:49:34.999Z</time>
      </trkpt>
      <trkpt lat="40.07697294120863" lon="116.33728145246454">
        <ele>46.1</ele>
        <time>2026-07-29T11:49:35.999Z</time>
      </trkpt>
      <trkpt lat="40.07696890105471" lon="116.33724986937865">
        <ele>46.2</ele>
        <time>2026-07-29T11:49:36.999Z</time>
      </trkpt>
      <trkpt lat="40.07696301348416" lon="116.33721867019221">
        <ele>46.2</ele>
        <time>2026-07-29T11:49:37.999Z</time>
      </trkpt>
      <trkpt lat="40.076955309131804" lon="116.33718804965588">
        <ele>46.2</ele>
        <time>2026-07-29T11:49:38.999Z</time>
      </trkpt>
      <trkpt lat="40.07694585470577" lon="116.33715814982895">
        <ele>46.3</ele>
        <time>2026-07-29T11:49:39.999Z</time>
      </trkpt>
      <trkpt lat="40.07693472309831" lon="116.33712910477237">
        <ele>46.3</ele>
        <time>2026-07-29T11:49:40.999Z</time>
      </trkpt>
      <trkpt lat="40.07692211862021" lon="116.33710096450692">
        <ele>46.3</ele>
        <time>2026-07-29T11:49:41.999Z</time>
      </trkpt>
      <trkpt lat="40.07690836160276" lon="116.33707357911541">
        <ele>46.3</ele>
        <time>2026-07-29T11:49:42.999Z</time>
      </trkpt>
      <trkpt lat="40.07689372658405" lon="116.33704697913583">
        <ele>46.3</ele>
        <time>2026-07-29T11:49:43.999Z</time>
      </trkpt>
      <trkpt lat="40.07687838503478" lon="116.33702152121077">
        <ele>46.3</ele>
        <time>2026-07-29T11:49:44.999Z</time>
      </trkpt>
      <trkpt lat="40.07686221004497" lon="116.33699787807072">
        <ele>46.3</ele>
        <time>2026-07-29T11:49:45.999Z</time>
      </trkpt>
      <trkpt lat="40.076844841354884" lon="116.3369765211607">
        <ele>46.3</ele>
        <time>2026-07-29T11:49:46.999Z</time>
      </trkpt>
      <trkpt lat="40.076826060341325" lon="116.33695738100826">
        <ele>46.3</ele>
        <time>2026-07-29T11:49:47.999Z</time>
      </trkpt>
      <trkpt lat="40.07680576175599" lon="116.33694009585581">
        <ele>46.3</ele>
        <time>2026-07-29T11:49:48.999Z</time>
      </trkpt>
      <trkpt lat="40.07678406064104" lon="116.33692445509968">
        <ele>46.3</ele>
        <time>2026-07-29T11:49:49.999Z</time>
      </trkpt>
      <trkpt lat="40.07676152839968" lon="116.33691062744037">
        <ele>46.3</ele>
        <time>2026-07-29T11:49:50.999Z</time>
      </trkpt>
      <trkpt lat="40.07673875224793" lon="116.3368986310934">
        <ele>46.3</ele>
        <time>2026-07-29T11:49:51.999Z</time>
      </trkpt>
      <trkpt lat="40.07671582758094" lon="116.33688827768924">
        <ele>46.3</ele>
        <time>2026-07-29T11:49:52.999Z</time>
      </trkpt>
      <trkpt lat="40.076692508569636" lon="116.33687968243693">
        <ele>46.3</ele>
        <time>2026-07-29T11:49:53.999Z</time>
      </trkpt>
      <trkpt lat="40.07666860554331" lon="116.3368731897683">
        <ele>46.3</ele>
        <time>2026-07-29T11:49:54.999Z</time>
      </trkpt>
      <trkpt lat="40.07664419802564" lon="116.33686887996622">
        <ele>46.3</ele>
        <time>2026-07-29T11:49:55.999Z</time>
      </trkpt>
      <trkpt lat="40.076619651132916" lon="116.33686642732746">
        <ele>46.3</ele>
        <time>2026-07-29T11:49:56.999Z</time>
      </trkpt>
      <trkpt lat="40.07659533723774" lon="116.33686531377208">
        <ele>46.3</ele>
        <time>2026-07-29T11:49:57.999Z</time>
      </trkpt>
      <trkpt lat="40.07657123079589" lon="116.33686502783931">
        <ele>46.2</ele>
        <time>2026-07-29T11:49:59.000Z</time>
      </trkpt>
      <trkpt lat="40.07654737980345" lon="116.33686516040365">
        <ele>46.2</ele>
        <time>2026-07-29T11:50:00.000Z</time>
      </trkpt>
      <trkpt lat="40.07652364727582" lon="116.33686547196504">
        <ele>46.2</ele>
        <time>2026-07-29T11:50:01.000Z</time>
      </trkpt>
      <trkpt lat="40.07649967812384" lon="116.33686601577799">
        <ele>46.2</ele>
        <time>2026-07-29T11:50:02.000Z</time>
      </trkpt>
      <trkpt lat="40.07647531880707" lon="116.33686701223571">
        <ele>46.2</ele>
        <time>2026-07-29T11:50:03.000Z</time>
      </trkpt>
      <trkpt lat="40.0764505738139" lon="116.33686849494262">
        <ele>46.2</ele>
        <time>2026-07-29T11:50:04.000Z</time>
      </trkpt>
      <trkpt lat="40.07642545423079" lon="116.33687020933671">
        <ele>46.2</ele>
        <time>2026-07-29T11:50:05.000Z</time>
      </trkpt>
      <trkpt lat="40.076399896804716" lon="116.33687182704443">
        <ele>46.2</ele>
        <time>2026-07-29T11:50:06.000Z</time>
      </trkpt>
      <trkpt lat="40.076374149624144" lon="116.33687333241653">
        <ele>46.2</ele>
        <time>2026-07-29T11:50:07.000Z</time>
      </trkpt>
      <trkpt lat="40.07634874438802" lon="116.3368747837181">
        <ele>46.3</ele>
        <time>2026-07-29T11:50:08.000Z</time>
      </trkpt>
      <trkpt lat="40.07632381462482" lon="116.3368761620784">
        <ele>46.3</ele>
        <time>2026-07-29T11:50:09.000Z</time>
      </trkpt>
      <trkpt lat="40.0762992659215" lon="116.33687748171974">
        <ele>46.3</ele>
        <time>2026-07-29T11:50:10.000Z</time>
      </trkpt>
      <trkpt lat="40.07627504739374" lon="116.33687867626621">
        <ele>46.3</ele>
        <time>2026-07-29T11:50:11.000Z</time>
      </trkpt>
      <trkpt lat="40.07625125049873" lon="116.33687965232504">
        <ele>46.2</ele>
        <time>2026-07-29T11:50:12.000Z</time>
      </trkpt>
      <trkpt lat="40.07622802364006" lon="116.33688035355397">
        <ele>46.2</ele>
        <time>2026-07-29T11:50:13.000Z</time>
      </trkpt>
      <trkpt lat="40.07620528425368" lon="116.33688077964051">
        <ele>46.2</ele>
        <time>2026-07-29T11:50:14.000Z</time>
      </trkpt>
      <trkpt lat="40.07618306561201" lon="116.33688092663152">
        <ele>46.2</ele>
        <time>2026-07-29T11:50:15.000Z</time>
      </trkpt>
      <trkpt lat="40.07616143950821" lon="116.33688081547612">
        <ele>46.2</ele>
        <time>2026-07-29T11:50:16.000Z</time>
      </trkpt>
      <trkpt lat="40.0761403133954" lon="116.33688051656551">
        <ele>46.1</ele>
        <time>2026-07-29T11:50:17.000Z</time>
      </trkpt>
      <trkpt lat="40.07611941130154" lon="116.33688016057607">
        <ele>46.1</ele>
        <time>2026-07-29T11:50:18.000Z</time>
      </trkpt>
      <trkpt lat="40.0760984082047" lon="116.33687986160618">
        <ele>46.1</ele>
        <time>2026-07-29T11:50:19.000Z</time>
      </trkpt>
      <trkpt lat="40.07607700893271" lon="116.33687966788915">
        <ele>46.1</ele>
        <time>2026-07-29T11:50:20.000Z</time>
      </trkpt>
      <trkpt lat="40.07605504544987" lon="116.33687966487925">
        <ele>46.1</ele>
        <time>2026-07-29T11:50:21.000Z</time>
      </trkpt>
      <trkpt lat="40.07603254852724" lon="116.33687995407794">
        <ele>46.1</ele>
        <time>2026-07-29T11:50:22.000Z</time>
      </trkpt>
      <trkpt lat="40.076009546425645" lon="116.33688057961436">
        <ele>46.1</ele>
        <time>2026-07-29T11:50:23.000Z</time>
      </trkpt>
      <trkpt lat="40.075986097213494" lon="116.3368815411709">
        <ele>46.1</ele>
        <time>2026-07-29T11:50:24.000Z</time>
      </trkpt>
      <trkpt lat="40.07596220135348" lon="116.33688280666243">
        <ele>46.1</ele>
        <time>2026-07-29T11:50:25.000Z</time>
      </trkpt>
      <trkpt lat="40.07593788596553" lon="116.33688436908152">
        <ele>46.1</ele>
        <time>2026-07-29T11:50:26.000Z</time>
      </trkpt>
      <trkpt lat="40.0759133908412" lon="116.3368862306269">
        <ele>46.2</ele>
        <time>2026-07-29T11:50:27.000Z</time>
      </trkpt>
      <trkpt lat="40.075888882672416" lon="116.33688850100235">
        <ele>46.2</ele>
        <time>2026-07-29T11:50:28.000Z</time>
      </trkpt>
      <trkpt lat="40.07586433488722" lon="116.33689142253746">
        <ele>46.2</ele>
        <time>2026-07-29T11:50:29.000Z</time>
      </trkpt>
      <trkpt lat="40.07583975753669" lon="116.33689520945289">
        <ele>46.2</ele>
        <time>2026-07-29T11:50:30.000Z</time>
      </trkpt>
      <trkpt lat="40.07581536318198" lon="116.33689996891893">
        <ele>46.2</ele>
        <time>2026-07-29T11:50:31.000Z</time>
      </trkpt>
      <trkpt lat="40.075791533407234" lon="116.33690586976124">
        <ele>46.2</ele>
        <time>2026-07-29T11:50:32.000Z</time>
      </trkpt>
      <trkpt lat="40.07576852925018" lon="116.33691321469401">
        <ele>46.3</ele>
        <time>2026-07-29T11:50:33.000Z</time>
      </trkpt>
      <trkpt lat="40.07574644601608" lon="116.33692224914975">
        <ele>46.3</ele>
        <time>2026-07-29T11:50:34.000Z</time>
      </trkpt>
      <trkpt lat="40.07572520798037" lon="116.33693311306742">
        <ele>46.3</ele>
        <time>2026-07-29T11:50:35.000Z</time>
      </trkpt>
      <trkpt lat="40.07570467856476" lon="116.33694574685123">
        <ele>46.3</ele>
        <time>2026-07-29T11:50:36.000Z</time>
      </trkpt>
      <trkpt lat="40.07568472802976" lon="116.3369600148039">
        <ele>46.3</ele>
        <time>2026-07-29T11:50:37.000Z</time>
      </trkpt>
      <trkpt lat="40.075665169372236" lon="116.3369759206811">
        <ele>46.3</ele>
        <time>2026-07-29T11:50:38.000Z</time>
      </trkpt>
      <trkpt lat="40.07564602616924" lon="116.33699361543052">
        <ele>46.3</ele>
        <time>2026-07-29T11:50:39.000Z</time>
      </trkpt>
      <trkpt lat="40.07562771360885" lon="116.33701326087407">
        <ele>46.3</ele>
        <time>2026-07-29T11:50:40.000Z</time>
      </trkpt>
      <trkpt lat="40.07561068938157" lon="116.3370347624832">
        <ele>46.4</ele>
        <time>2026-07-29T11:50:41.000Z</time>
      </trkpt>
      <trkpt lat="40.075595157152456" lon="116.33705773894164">
        <ele>46.4</ele>
        <time>2026-07-29T11:50:42.000Z</time>
      </trkpt>
      <trkpt lat="40.07558115332204" lon="116.3370818992125">
        <ele>46.3</ele>
        <time>2026-07-29T11:50:43.000Z</time>
      </trkpt>
      <trkpt lat="40.0755685767699" lon="116.33710734605427">
        <ele>46.3</ele>
        <time>2026-07-29T11:50:44.000Z</time>
      </trkpt>
      <trkpt lat="40.07555734937501" lon="116.33713435236325">
        <ele>46.3</ele>
        <time>2026-07-29T11:50:45.000Z</time>
      </trkpt>
      <trkpt lat="40.07554749845497" lon="116.3371631060719">
        <ele>46.3</ele>
        <time>2026-07-29T11:50:46.000Z</time>
      </trkpt>
      <trkpt lat="40.075539119885875" lon="116.33719363962615">
        <ele>46.3</ele>
        <time>2026-07-29T11:50:47.000Z</time>
      </trkpt>
      <trkpt lat="40.07553240866723" lon="116.33722560354197">
        <ele>46.3</ele>
        <time>2026-07-29T11:50:48.000Z</time>
      </trkpt>
      <trkpt lat="40.07552753721517" lon="116.3372583062014">
        <ele>46.3</ele>
        <time>2026-07-29T11:50:49.000Z</time>
      </trkpt>
      <trkpt lat="40.07552451303633" lon="116.33729127422541">
        <ele>46.3</ele>
        <time>2026-07-29T11:50:50.000Z</time>
      </trkpt>
      <trkpt lat="40.075523165528566" lon="116.33732426437902">
        <ele>46.3</ele>
        <time>2026-07-29T11:50:51.000Z</time>
      </trkpt>
      <trkpt lat="40.075523265665126" lon="116.33735696891046">
        <ele>46.3</ele>
        <time>2026-07-29T11:50:52.000Z</time>
      </trkpt>
      <trkpt lat="40.07552460002433" lon="116.33738917183794">
        <ele>46.3</ele>
        <time>2026-07-29T11:50:53.000Z</time>
      </trkpt>
      <trkpt lat="40.075527046905215" lon="116.33742079869037">
        <ele>46.3</ele>
        <time>2026-07-29T11:50:54.000Z</time>
      </trkpt>
      <trkpt lat="40.07553061384881" lon="116.33745201268366">
        <ele>46.3</ele>
        <time>2026-07-29T11:50:55.000Z</time>
      </trkpt>
      <trkpt lat="40.075535344408635" lon="116.33748292004952">
        <ele>46.3</ele>
        <time>2026-07-29T11:50:56.000Z</time>
      </trkpt>
      <trkpt lat="40.075541243603084" lon="116.33751340958494">
        <ele>46.3</ele>
        <time>2026-07-29T11:50:57.000Z</time>
      </trkpt>
      <trkpt lat="40.07554828974463" lon="116.33754328336876">
        <ele>46.3</ele>
        <time>2026-07-29T11:50:58.000Z</time>
      </trkpt>
      <trkpt lat="40.07555649008058" lon="116.33757230041694">
        <ele>46.3</ele>
        <time>2026-07-29T11:50:59.000Z</time>
      </trkpt>
      <trkpt lat="40.075565880031306" lon="116.3376004109851">
        <ele>46.3</ele>
        <time>2026-07-29T11:51:00.000Z</time>
      </trkpt>
      <trkpt lat="40.07557655173359" lon="116.3376275793978">
        <ele>46.3</ele>
        <time>2026-07-29T11:51:01.000Z</time>
      </trkpt>
      <trkpt lat="40.07558864149341" lon="116.33765379443007">
        <ele>46.3</ele>
        <time>2026-07-29T11:51:02.000Z</time>
      </trkpt>
      <trkpt lat="40.07560212985821" lon="116.33767911151243">
        <ele>46.3</ele>
        <time>2026-07-29T11:51:03.000Z</time>
      </trkpt>
      <trkpt lat="40.07561693619418" lon="116.33770350418406">
        <ele>46.3</ele>
        <time>2026-07-29T11:51:04.000Z</time>
      </trkpt>
      <trkpt lat="40.07563297536243" lon="116.3377267883171">
        <ele>46.3</ele>
        <time>2026-07-29T11:51:05.000Z</time>
      </trkpt>
      <trkpt lat="40.07564979115248" lon="116.33774852880879">
        <ele>46.3</ele>
        <time>2026-07-29T11:51:06.000Z</time>
      </trkpt>
      <trkpt lat="40.0756667504228" lon="116.33776823850192">
        <ele>46.3</ele>
        <time>2026-07-29T11:51:07.000Z</time>
      </trkpt>
      <trkpt lat="40.07568320343609" lon="116.33778531770943">
        <ele>46.3</ele>
        <time>2026-07-29T11:51:08.000Z</time>
      </trkpt>
      <trkpt lat="40.07569891064391" lon="116.33779954129162">
        <ele>46.3</ele>
        <time>2026-07-29T11:51:09.000Z</time>
      </trkpt>
      <trkpt lat="40.07571440341963" lon="116.33781134146638">
        <ele>46.3</ele>
        <time>2026-07-29T11:51:10.000Z</time>
      </trkpt>
      <trkpt lat="40.07573045994283" lon="116.33782126404431">
        <ele>46.3</ele>
        <time>2026-07-29T11:51:11.000Z</time>
      </trkpt>
      <trkpt lat="40.07574776409028" lon="116.33782977878398">
        <ele>46.3</ele>
        <time>2026-07-29T11:51:12.000Z</time>
      </trkpt>
      <trkpt lat="40.07576668723809" lon="116.33783727607317">
        <ele>46.3</ele>
        <time>2026-07-29T11:51:13.000Z</time>
      </trkpt>
      <trkpt lat="40.075787089990385" lon="116.33784389966702">
        <ele>46.3</ele>
        <time>2026-07-29T11:51:14.000Z</time>
      </trkpt>
      <trkpt lat="40.07580857825761" lon="116.33784954678494">
        <ele>46.2</ele>
        <time>2026-07-29T11:51:15.000Z</time>
      </trkpt>
      <trkpt lat="40.07583084016299" lon="116.33785407202254">
        <ele>46.2</ele>
        <time>2026-07-29T11:51:16.000Z</time>
      </trkpt>
      <trkpt lat="40.07585356391789" lon="116.33785734532997">
        <ele>46.2</ele>
        <time>2026-07-29T11:51:17.000Z</time>
      </trkpt>
      <trkpt lat="40.0758765423552" lon="116.33785944992727">
        <ele>46.1</ele>
        <time>2026-07-29T11:51:18.000Z</time>
      </trkpt>
      <trkpt lat="40.07589962097504" lon="116.3378607115945">
        <ele>46.1</ele>
        <time>2026-07-29T11:51:19.000Z</time>
      </trkpt>
      <trkpt lat="40.075922782390364" lon="116.33786146339514">
        <ele>46.1</ele>
        <time>2026-07-29T11:51:20.000Z</time>
      </trkpt>
      <trkpt lat="40.07594596493602" lon="116.33786185436546">
        <ele>46.0</ele>
        <time>2026-07-29T11:51:21.000Z</time>
      </trkpt>
      <trkpt lat="40.075968939050995" lon="116.33786188279664">
        <ele>46.0</ele>
        <time>2026-07-29T11:51:22.000Z</time>
      </trkpt>
      <trkpt lat="40.07599157351968" lon="116.33786154595481">
        <ele>46.0</ele>
        <time>2026-07-29T11:51:23.000Z</time>
      </trkpt>
      <trkpt lat="40.07601387080516" lon="116.3378608933591">
        <ele>46.0</ele>
        <time>2026-07-29T11:51:24.000Z</time>
      </trkpt>
      <trkpt lat="40.07603584820328" lon="116.33786000345441">
        <ele>46.0</ele>
        <time>2026-07-29T11:51:25.000Z</time>
      </trkpt>
      <trkpt lat="40.07605750035923" lon="116.33785896627782">
        <ele>46.0</ele>
        <time>2026-07-29T11:51:26.000Z</time>
      </trkpt>
      <trkpt lat="40.076078956743736" lon="116.33785783125053">
        <ele>46.0</ele>
        <time>2026-07-29T11:51:27.000Z</time>
      </trkpt>
      <trkpt lat="40.07610038358894" lon="116.33785667809639">
        <ele>46.0</ele>
        <time>2026-07-29T11:51:28.000Z</time>
      </trkpt>
      <trkpt lat="40.07612189278375" lon="116.33785558041814">
        <ele>45.9</ele>
        <time>2026-07-29T11:51:29.000Z</time>
      </trkpt>
      <trkpt lat="40.076143549122015" lon="116.33785446227225">
        <ele>45.9</ele>
        <time>2026-07-29T11:51:30.000Z</time>
      </trkpt>
      <trkpt lat="40.07616536624241" lon="116.33785327806979">
        <ele>45.9</ele>
        <time>2026-07-29T11:51:31.000Z</time>
      </trkpt>
      <trkpt lat="40.076187296401486" lon="116.33785211779845">
        <ele>45.9</ele>
        <time>2026-07-29T11:51:32.000Z</time>
      </trkpt>
      <trkpt lat="40.07620936088844" lon="116.33785112581228">
        <ele>45.9</ele>
        <time>2026-07-29T11:51:33.000Z</time>
      </trkpt>
      <trkpt lat="40.07623163738514" lon="116.33785042590587">
        <ele>45.9</ele>
        <time>2026-07-29T11:51:34.000Z</time>
      </trkpt>
      <trkpt lat="40.076254012862435" lon="116.3378500955385">
        <ele>45.9</ele>
        <time>2026-07-29T11:51:35.000Z</time>
      </trkpt>
      <trkpt lat="40.076276207157036" lon="116.33785021773608">
        <ele>45.9</ele>
        <time>2026-07-29T11:51:36.000Z</time>
      </trkpt>
      <trkpt lat="40.07629807991339" lon="116.33785080414714">
        <ele>45.9</ele>
        <time>2026-07-29T11:51:37.000Z</time>
      </trkpt>
      <trkpt lat="40.07631954840588" lon="116.33785176061339">
        <ele>45.9</ele>
        <time>2026-07-29T11:51:38.000Z</time>
      </trkpt>
      <trkpt lat="40.07634062275267" lon="116.33785306198823">
        <ele>45.9</ele>
        <time>2026-07-29T11:51:39.000Z</time>
      </trkpt>
      <trkpt lat="40.076361435218395" lon="116.33785460321398">
        <ele>45.9</ele>
        <time>2026-07-29T11:51:40.000Z</time>
      </trkpt>
      <trkpt lat="40.07638216829818" lon="116.33785606645134">
        <ele>45.9</ele>
        <time>2026-07-29T11:51:41.000Z</time>
      </trkpt>
      <trkpt lat="40.07640301844223" lon="116.33785720506249">
        <ele>45.9</ele>
        <time>2026-07-29T11:51:42.000Z</time>
      </trkpt>
      <trkpt lat="40.076423910599495" lon="116.33785802748261">
        <ele>45.9</ele>
        <time>2026-07-29T11:51:43.000Z</time>
      </trkpt>
      <trkpt lat="40.076444647223035" lon="116.33785866422785">
        <ele>45.9</ele>
        <time>2026-07-29T11:51:44.000Z</time>
      </trkpt>
      <trkpt lat="40.07646524618921" lon="116.33785911255929">
        <ele>45.9</ele>
        <time>2026-07-29T11:51:45.000Z</time>
      </trkpt>
      <trkpt lat="40.076485854807515" lon="116.33785919928121">
        <ele>45.9</ele>
        <time>2026-07-29T11:51:46.000Z</time>
      </trkpt>
      <trkpt lat="40.07650651547609" lon="116.33785869540692">
        <ele>45.9</ele>
        <time>2026-07-29T11:51:47.000Z</time>
      </trkpt>
      <trkpt lat="40.07652722908384" lon="116.33785742717416">
        <ele>45.9</ele>
        <time>2026-07-29T11:51:48.000Z</time>
      </trkpt>
      <trkpt lat="40.076548083393284" lon="116.33785531173335">
        <ele>45.9</ele>
        <time>2026-07-29T11:51:49.000Z</time>
      </trkpt>
      <trkpt lat="40.07656924985652" lon="116.33785232800918">
        <ele>45.9</ele>
        <time>2026-07-29T11:51:50.000Z</time>
      </trkpt>
      <trkpt lat="40.076590923571565" lon="116.33784844860664">
        <ele>45.9</ele>
        <time>2026-07-29T11:51:51.000Z</time>
      </trkpt>
      <trkpt lat="40.07661321375122" lon="116.3378435926939">
        <ele>45.9</ele>
        <time>2026-07-29T11:51:52.000Z</time>
      </trkpt>
      <trkpt lat="40.0766361357497" lon="116.3378376274278">
        <ele>45.9</ele>
        <time>2026-07-29T11:51:53.000Z</time>
      </trkpt>
      <trkpt lat="40.07665965769228" lon="116.33783039362932">
        <ele>45.9</ele>
        <time>2026-07-29T11:51:54.000Z</time>
      </trkpt>
      <trkpt lat="40.07668365589254" lon="116.33782175258479">
        <ele>45.9</ele>
        <time>2026-07-29T11:51:55.000Z</time>
      </trkpt>
      <trkpt lat="40.07670792553488" lon="116.3378116338697">
        <ele>45.9</ele>
        <time>2026-07-29T11:51:56.000Z</time>
      </trkpt>
      <trkpt lat="40.07673222698688" lon="116.33780000573415">
        <ele>45.9</ele>
        <time>2026-07-29T11:51:57.000Z</time>
      </trkpt>
      <trkpt lat="40.07675630736661" lon="116.33778682647153">
        <ele>45.9</ele>
        <time>2026-07-29T11:51:58.000Z</time>
      </trkpt>
      <trkpt lat="40.07677982276462" lon="116.33777210669722">
        <ele>45.9</ele>
        <time>2026-07-29T11:51:59.000Z</time>
      </trkpt>
      <trkpt lat="40.07680233408968" lon="116.33775605416953">
        <ele>45.9</ele>
        <time>2026-07-29T11:52:00.000Z</time>
      </trkpt>
      <trkpt lat="40.07682364196314" lon="116.33773884649247">
        <ele>45.9</ele>
        <time>2026-07-29T11:52:01.000Z</time>
      </trkpt>
      <trkpt lat="40.076843773665196" lon="116.3377204302557">
        <ele>45.9</ele>
        <time>2026-07-29T11:52:02.000Z</time>
      </trkpt>
      <trkpt lat="40.07686268035587" lon="116.33770075865341">
        <ele>45.9</ele>
        <time>2026-07-29T11:52:03.000Z</time>
      </trkpt>
      <trkpt lat="40.076880244375005" lon="116.33767981137613">
        <ele>45.9</ele>
        <time>2026-07-29T11:52:04.000Z</time>
      </trkpt>
      <trkpt lat="40.07689649749362" lon="116.33765742597572">
        <ele>45.9</ele>
        <time>2026-07-29T11:52:05.000Z</time>
      </trkpt>
      <trkpt lat="40.0769115849501" lon="116.33763324837383">
        <ele>45.9</ele>
        <time>2026-07-29T11:52:06.000Z</time>
      </trkpt>
      <trkpt lat="40.076925443927024" lon="116.3376070792017">
        <ele>45.9</ele>
        <time>2026-07-29T11:52:07.000Z</time>
      </trkpt>
      <trkpt lat="40.076937862584906" lon="116.33757906523853">
        <ele>45.9</ele>
        <time>2026-07-29T11:52:08.000Z</time>
      </trkpt>
      <trkpt lat="40.076948724836285" lon="116.33754954907879">
        <ele>45.9</ele>
        <time>2026-07-29T11:52:09.000Z</time>
      </trkpt>
      <trkpt lat="40.07695800235012" lon="116.33751897119832">
        <ele>45.9</ele>
        <time>2026-07-29T11:52:10.000Z</time>
      </trkpt>
      <trkpt lat="40.07696568149354" lon="116.3374874727949">
        <ele>45.9</ele>
        <time>2026-07-29T11:52:11.000Z</time>
      </trkpt>
      <trkpt lat="40.07697169372875" lon="116.3374549641625">
        <ele>45.9</ele>
        <time>2026-07-29T11:52:12.000Z</time>
      </trkpt>
      <trkpt lat="40.0769759010747" lon="116.33742154236396">
        <ele>45.9</ele>
        <time>2026-07-29T11:52:13.000Z</time>
      </trkpt>
      <trkpt lat="40.07697810350967" lon="116.3373874077575">
        <ele>45.9</ele>
        <time>2026-07-29T11:52:14.000Z</time>
      </trkpt>
      <trkpt lat="40.076978224920374" lon="116.33735286040226">
        <ele>45.9</ele>
        <time>2026-07-29T11:52:15.000Z</time>
      </trkpt>
      <trkpt lat="40.076976476520244" lon="116.33731833788498">
        <ele>46.0</ele>
        <time>2026-07-29T11:52:16.000Z</time>
      </trkpt>
      <trkpt lat="40.076973194623974" lon="116.33728424577089">
        <ele>46.0</ele>
        <time>2026-07-29T11:52:17.000Z</time>
      </trkpt>
      <trkpt lat="40.07696875418485" lon="116.33725090666587">
        <ele>46.0</ele>
        <time>2026-07-29T11:52:18.000Z</time>
      </trkpt>
      <trkpt lat="40.07696348269765" lon="116.3372183953643">
        <ele>46.0</ele>
        <time>2026-07-29T11:52:19.000Z</time>
      </trkpt>
      <trkpt lat="40.07695737647601" lon="116.33718684973171">
        <ele>46.1</ele>
        <time>2026-07-29T11:52:20.000Z</time>
      </trkpt>
      <trkpt lat="40.07695011793847" lon="116.33715663032916">
        <ele>46.1</ele>
        <time>2026-07-29T11:52:21.000Z</time>
      </trkpt>
      <trkpt lat="40.07694137178505" lon="116.33712766749512">
        <ele>46.1</ele>
        <time>2026-07-29T11:52:22.000Z</time>
      </trkpt>
      <trkpt lat="40.076930915200684" lon="116.33709982062834">
        <ele>46.1</ele>
        <time>2026-07-29T11:52:23.000Z</time>
      </trkpt>
      <trkpt lat="40.07691869732441" lon="116.3370731358994">
        <ele>46.2</ele>
        <time>2026-07-29T11:52:24.000Z</time>
      </trkpt>
      <trkpt lat="40.07690468063474" lon="116.33704757368494">
        <ele>46.2</ele>
        <time>2026-07-29T11:52:25.000Z</time>
      </trkpt>
      <trkpt lat="40.07688866348496" lon="116.33702304447557">
        <ele>46.2</ele>
        <time>2026-07-29T11:52:26.000Z</time>
      </trkpt>
      <trkpt lat="40.07687070707131" lon="116.33699957442879">
        <ele>46.2</ele>
        <time>2026-07-29T11:52:27.000Z</time>
      </trkpt>
      <trkpt lat="40.07685135576028" lon="116.33697756040755">
        <ele>46.2</ele>
        <time>2026-07-29T11:52:28.000Z</time>
      </trkpt>
      <trkpt lat="40.07683131347218" lon="116.33695767185691">
        <ele>46.2</ele>
        <time>2026-07-29T11:52:29.000Z</time>
      </trkpt>
      <trkpt lat="40.07681108555067" lon="116.33694029218792">
        <ele>46.2</ele>
        <time>2026-07-29T11:52:30.000Z</time>
      </trkpt>
      <trkpt lat="40.0767908321239" lon="116.33692529186791">
        <ele>46.2</ele>
        <time>2026-07-29T11:52:31.000Z</time>
      </trkpt>
      <trkpt lat="40.07677054576437" lon="116.33691245048732">
        <ele>46.1</ele>
        <time>2026-07-29T11:52:32.000Z</time>
      </trkpt>
      <trkpt lat="40.076750022529055" lon="116.336901535122">
        <ele>46.1</ele>
        <time>2026-07-29T11:52:33.000Z</time>
      </trkpt>
      <trkpt lat="40.07672887049396" lon="116.33689244862536">
        <ele>46.1</ele>
        <time>2026-07-29T11:52:34.000Z</time>
      </trkpt>
      <trkpt lat="40.07670696300077" lon="116.33688546196677">
        <ele>46.1</ele>
        <time>2026-07-29T11:52:35.000Z</time>
      </trkpt>
      <trkpt lat="40.07668439969819" lon="116.33688047718147">
        <ele>46.1</ele>
        <time>2026-07-29T11:52:36.000Z</time>
      </trkpt>
      <trkpt lat="40.076661456619284" lon="116.33687686998196">
        <ele>46.1</ele>
        <time>2026-07-29T11:52:37.000Z</time>
      </trkpt>
      <trkpt lat="40.07663840617572" lon="116.3368740576537">
        <ele>46.1</ele>
        <time>2026-07-29T11:52:38.000Z</time>
      </trkpt>
      <trkpt lat="40.07661544892754" lon="116.33687172953938">
        <ele>46.1</ele>
        <time>2026-07-29T11:52:39.000Z</time>
      </trkpt>
      <trkpt lat="40.07659275807544" lon="116.33686987705791">
        <ele>46.1</ele>
        <time>2026-07-29T11:52:40.000Z</time>
      </trkpt>
      <trkpt lat="40.07657031306207" lon="116.3368685807055">
        <ele>46.1</ele>
        <time>2026-07-29T11:52:41.000Z</time>
      </trkpt>
      <trkpt lat="40.076548109983364" lon="116.33686797086385">
        <ele>46.1</ele>
        <time>2026-07-29T11:52:42.000Z</time>
      </trkpt>
      <trkpt lat="40.07652614988699" lon="116.33686810723438">
        <ele>46.1</ele>
        <time>2026-07-29T11:52:43.000Z</time>
      </trkpt>
      <trkpt lat="40.07650446709993" lon="116.33686888453245">
        <ele>46.1</ele>
        <time>2026-07-29T11:52:44.000Z</time>
      </trkpt>
      <trkpt lat="40.076482955202" lon="116.33687005160927">
        <ele>46.1</ele>
        <time>2026-07-29T11:52:45.000Z</time>
      </trkpt>
      <trkpt lat="40.076461414338496" lon="116.3368713156537">
        <ele>46.1</ele>
        <time>2026-07-29T11:52:46.000Z</time>
      </trkpt>
      <trkpt lat="40.076439821305904" lon="116.33687243128283">
        <ele>46.1</ele>
        <time>2026-07-29T11:52:47.000Z</time>
      </trkpt>
      <trkpt lat="40.07641810231106" lon="116.33687313229592">
        <ele>46.1</ele>
        <time>2026-07-29T11:52:48.000Z</time>
      </trkpt>
      <trkpt lat="40.07639600704924" lon="116.33687324253424">
        <ele>46.1</ele>
        <time>2026-07-29T11:52:49.000Z</time>
      </trkpt>
      <trkpt lat="40.07637322473781" lon="116.33687279705936">
        <ele>46.1</ele>
        <time>2026-07-29T11:52:50.000Z</time>
      </trkpt>
      <trkpt lat="40.0763496055757" lon="116.33687193478904">
        <ele>46.1</ele>
        <time>2026-07-29T11:52:51.000Z</time>
      </trkpt>
      <trkpt lat="40.07632531117031" lon="116.33687081537313">
        <ele>46.1</ele>
        <time>2026-07-29T11:52:52.000Z</time>
      </trkpt>
      <trkpt lat="40.07630051090675" lon="116.33686963614018">
        <ele>46.1</ele>
        <time>2026-07-29T11:52:53.000Z</time>
      </trkpt>
      <trkpt lat="40.07627518075737" lon="116.33686848542114">
        <ele>46.1</ele>
        <time>2026-07-29T11:52:54.000Z</time>
      </trkpt>
      <trkpt lat="40.07624925960169" lon="116.33686732866943">
        <ele>46.2</ele>
        <time>2026-07-29T11:52:55.000Z</time>
      </trkpt>
      <trkpt lat="40.076222668148986" lon="116.33686607335306">
        <ele>46.2</ele>
        <time>2026-07-29T11:52:56.000Z</time>
      </trkpt>
      <trkpt lat="40.076195395897244" lon="116.3368645400727">
        <ele>46.2</ele>
        <time>2026-07-29T11:52:57.000Z</time>
      </trkpt>
      <trkpt lat="40.076167634214166" lon="116.33686268566767">
        <ele>46.2</ele>
        <time>2026-07-29T11:52:58.000Z</time>
      </trkpt>
      <trkpt lat="40.07613975619806" lon="116.33686064936848">
        <ele>46.2</ele>
        <time>2026-07-29T11:52:59.000Z</time>
      </trkpt>
      <trkpt lat="40.07611251740392" lon="116.33685850838414">
        <ele>46.2</ele>
        <time>2026-07-29T11:53:00.000Z</time>
      </trkpt>
      <trkpt lat="40.076086778558334" lon="116.33685620667987">
        <ele>46.2</ele>
        <time>2026-07-29T11:53:01.000Z</time>
      </trkpt>
      <trkpt lat="40.076063164771874" lon="116.33685384671749">
        <ele>46.2</ele>
        <time>2026-07-29T11:53:02.000Z</time>
      </trkpt>
      <trkpt lat="40.07604146566088" lon="116.33685181549198">
        <ele>46.2</ele>
        <time>2026-07-29T11:53:03.000Z</time>
      </trkpt>
      <trkpt lat="40.0760206161328" lon="116.33685062268951">
        <ele>46.2</ele>
        <time>2026-07-29T11:53:04.000Z</time>
      </trkpt>
      <trkpt lat="40.07599969260847" lon="116.33685091234956">
        <ele>46.2</ele>
        <time>2026-07-29T11:53:05.000Z</time>
      </trkpt>
      <trkpt lat="40.0759782319065" lon="116.3368528565545">
        <ele>46.1</ele>
        <time>2026-07-29T11:53:06.000Z</time>
      </trkpt>
      <trkpt lat="40.075956033042466" lon="116.33685599275893">
        <ele>46.1</ele>
        <time>2026-07-29T11:53:07.000Z</time>
      </trkpt>
      <trkpt lat="40.07593306955497" lon="116.3368598690503">
        <ele>46.1</ele>
        <time>2026-07-29T11:53:08.000Z</time>
      </trkpt>
      <trkpt lat="40.075909577323635" lon="116.33686431815165">
        <ele>46.1</ele>
        <time>2026-07-29T11:53:09.000Z</time>
      </trkpt>
      <trkpt lat="40.07588588870022" lon="116.33686928017012">
        <ele>46.1</ele>
        <time>2026-07-29T11:53:10.000Z</time>
      </trkpt>
      <trkpt lat="40.07586233484465" lon="116.33687480951889">
        <ele>46.0</ele>
        <time>2026-07-29T11:53:11.000Z</time>
      </trkpt>
      <trkpt lat="40.07583926563473" lon="116.33688109118266">
        <ele>46.0</ele>
        <time>2026-07-29T11:53:12.000Z</time>
      </trkpt>
      <trkpt lat="40.07581701178563" lon="116.33688826440265">
        <ele>46.0</ele>
        <time>2026-07-29T11:53:13.000Z</time>
      </trkpt>
      <trkpt lat="40.07579570607783" lon="116.33689653865498">
        <ele>46.0</ele>
        <time>2026-07-29T11:53:14.000Z</time>
      </trkpt>
      <trkpt lat="40.07577526962164" lon="116.33690601717588">
        <ele>46.0</ele>
        <time>2026-07-29T11:53:15.000Z</time>
      </trkpt>
      <trkpt lat="40.075755519361124" lon="116.33691693144132">
        <ele>46.0</ele>
        <time>2026-07-29T11:53:16.000Z</time>
      </trkpt>
      <trkpt lat="40.075736179982066" lon="116.33692949370308">
        <ele>46.0</ele>
        <time>2026-07-29T11:53:17.000Z</time>
      </trkpt>
      <trkpt lat="40.07571705956195" lon="116.33694352631026">
        <ele>46.0</ele>
        <time>2026-07-29T11:53:18.000Z</time>
      </trkpt>
      <trkpt lat="40.075698119634104" lon="116.33695879383838">
        <ele>46.0</ele>
        <time>2026-07-29T11:53:19.000Z</time>
      </trkpt>
      <trkpt lat="40.07567955890489" lon="116.33697505850617">
        <ele>46.0</ele>
        <time>2026-07-29T11:53:20.000Z</time>
      </trkpt>
      <trkpt lat="40.07566175748089" lon="116.3369922221787">
        <ele>46.0</ele>
        <time>2026-07-29T11:53:21.000Z</time>
      </trkpt>
      <trkpt lat="40.075644978117744" lon="116.33701034553317">
        <ele>46.0</ele>
        <time>2026-07-29T11:53:22.000Z</time>
      </trkpt>
      <trkpt lat="40.07562924618771" lon="116.33702954345753">
        <ele>46.0</ele>
        <time>2026-07-29T11:53:23.000Z</time>
      </trkpt>
      <trkpt lat="40.07561451727349" lon="116.33704993463559">
        <ele>46.0</ele>
        <time>2026-07-29T11:53:24.000Z</time>
        <extensions>
          <gpxtpx:TrackPointExtension>
            <gpxtpx:hr>166</gpxtpx:hr>
          </gpxtpx:TrackPointExtension>
        </extensions>
      </trkpt>
      <trkpt lat="40.07560070321634" lon="116.33707190785998">
        <ele>46.0</ele>
        <time>2026-07-29T11:53:25.000Z</time>
        <extensions>
          <gpxtpx:TrackPointExtension>
            <gpxtpx:hr>166</gpxtpx:hr>
          </gpxtpx:TrackPointExtension>
        </extensions>
      </trkpt>
      <trkpt lat="40.075587688406515" lon="116.3370958094589">
        <ele>46.0</ele>
        <time>2026-07-29T11:53:26.000Z</time>
        <extensions>
          <gpxtpx:TrackPointExtension>
            <gpxtpx:hr>166</gpxtpx:hr>
          </gpxtpx:TrackPointExtension>
        </extensions>
      </trkpt>
      <trkpt lat="40.07557547814589" lon="116.33712149575311">
        <ele>46.0</ele>
        <time>2026-07-29T11:53:27.000Z</time>
        <extensions>
          <gpxtpx:TrackPointExtension>
            <gpxtpx:hr>166</gpxtpx:hr>
          </gpxtpx:TrackPointExtension>
        </extensions>
      </trkpt>
      <trkpt lat="40.07556418875607" lon="116.33714868426327">
        <ele>46.0</ele>
        <time>2026-07-29T11:53:28.000Z</time>
        <extensions>
          <gpxtpx:TrackPointExtension>
            <gpxtpx:hr>166</gpxtpx:hr>
          </gpxtpx:TrackPointExtension>
        </extensions>
      </trkpt>
      <trkpt lat="40.07555404046648" lon="116.33717715948838">
        <ele>46.0</ele>
        <time>2026-07-29T11:53:29.000Z</time>
        <extensions>
          <gpxtpx:TrackPointExtension>
            <gpxtpx:hr>166</gpxtpx:hr>
          </gpxtpx:TrackPointExtension>
        </extensions>
      </trkpt>
      <trkpt lat="40.075545271286785" lon="116.33720672068421">
        <ele>46.0</ele>
        <time>2026-07-29T11:53:30.000Z</time>
        <extensions>
          <gpxtpx:TrackPointExtension>
            <gpxtpx:hr>166</gpxtpx:hr>
          </gpxtpx:TrackPointExtension>
        </extensions>
      </trkpt>
      <trkpt lat="40.075538053748346" lon="116.33723724698302">
        <ele>46.1</ele>
        <time>2026-07-29T11:53:31.000Z</time>
        <extensions>
          <gpxtpx:TrackPointExtension>
            <gpxtpx:hr>166</gpxtpx:hr>
          </gpxtpx:TrackPointExtension>
        </extensions>
      </trkpt>
      <trkpt lat="40.07553250595085" lon="116.33726878495202">
        <ele>46.1</ele>
        <time>2026-07-29T11:53:32.000Z</time>
        <extensions>
          <gpxtpx:TrackPointExtension>
            <gpxtpx:hr>166</gpxtpx:hr>
          </gpxtpx:TrackPointExtension>
        </extensions>
      </trkpt>
      <trkpt lat="40.07552866927813" lon="116.33730144538224">
        <ele>46.1</ele>
        <time>2026-07-29T11:53:33.000Z</time>
        <extensions>
          <gpxtpx:TrackPointExtension>
            <gpxtpx:hr>166</gpxtpx:hr>
          </gpxtpx:TrackPointExtension>
        </extensions>
      </trkpt>
      <trkpt lat="40.07552656831836" lon="116.33733521871912">
        <ele>46.1</ele>
        <time>2026-07-29T11:53:34.000Z</time>
        <extensions>
          <gpxtpx:TrackPointExtension>
            <gpxtpx:hr>166</gpxtpx:hr>
          </gpxtpx:TrackPointExtension>
        </extensions>
      </trkpt>
      <trkpt lat="40.07552622246713" lon="116.33736982082638">
        <ele>46.1</ele>
        <time>2026-07-29T11:53:35.000Z</time>
        <extensions>
          <gpxtpx:TrackPointExtension>
            <gpxtpx:hr>166</gpxtpx:hr>
          </gpxtpx:TrackPointExtension>
        </extensions>
      </trkpt>
      <trkpt lat="40.07552755772748" lon="116.33740474161556">
        <ele>46.2</ele>
        <time>2026-07-29T11:53:36.000Z</time>
        <extensions>
          <gpxtpx:TrackPointExtension>
            <gpxtpx:hr>166</gpxtpx:hr>
          </gpxtpx:TrackPointExtension>
        </extensions>
      </trkpt>
      <trkpt lat="40.07553040535404" lon="116.3374393683342">
        <ele>46.2</ele>
        <time>2026-07-29T11:53:37.000Z</time>
        <extensions>
          <gpxtpx:TrackPointExtension>
            <gpxtpx:hr>166</gpxtpx:hr>
          </gpxtpx:TrackPointExtension>
        </extensions>
      </trkpt>
      <trkpt lat="40.075534621209876" lon="116.33747331109028">
        <ele>46.2</ele>
        <time>2026-07-29T11:53:38.000Z</time>
        <extensions>
          <gpxtpx:TrackPointExtension>
            <gpxtpx:hr>166</gpxtpx:hr>
          </gpxtpx:TrackPointExtension>
        </extensions>
      </trkpt>
      <trkpt lat="40.07554012473767" lon="116.33750640202702">
        <ele>46.2</ele>
        <time>2026-07-29T11:53:39.000Z</time>
        <extensions>
          <gpxtpx:TrackPointExtension>
            <gpxtpx:hr>166</gpxtpx:hr>
          </gpxtpx:TrackPointExtension>
        </extensions>
      </trkpt>
      <trkpt lat="40.075546898285445" lon="116.33753835579718">
        <ele>46.2</ele>
        <time>2026-07-29T11:53:40.000Z</time>
        <extensions>
          <gpxtpx:TrackPointExtension>
            <gpxtpx:hr>166</gpxtpx:hr>
          </gpxtpx:TrackPointExtension>
        </extensions>
      </trkpt>
      <trkpt lat="40.075554921069724" lon="116.33756887570927">
        <ele>46.2</ele>
        <time>2026-07-29T11:53:41.000Z</time>
        <extensions>
          <gpxtpx:TrackPointExtension>
            <gpxtpx:hr>166</gpxtpx:hr>
          </gpxtpx:TrackPointExtension>
        </extensions>
      </trkpt>
      <trkpt lat="40.075564155173964" lon="116.33759797316922">
        <ele>46.3</ele>
        <time>2026-07-29T11:53:42.000Z</time>
        <extensions>
          <gpxtpx:TrackPointExtension>
            <gpxtpx:hr>166</gpxtpx:hr>
          </gpxtpx:TrackPointExtension>
        </extensions>
      </trkpt>
      <trkpt lat="40.075574579510764" lon="116.33762576591934">
        <ele>46.3</ele>
        <time>2026-07-29T11:53:43.000Z</time>
        <extensions>
          <gpxtpx:TrackPointExtension>
            <gpxtpx:hr>166</gpxtpx:hr>
          </gpxtpx:TrackPointExtension>
        </extensions>
      </trkpt>
      <trkpt lat="40.07558620533097" lon="116.33765218796115">
        <ele>46.2</ele>
        <time>2026-07-29T11:53:44.000Z</time>
        <extensions>
          <gpxtpx:TrackPointExtension>
            <gpxtpx:hr>166</gpxtpx:hr>
          </gpxtpx:TrackPointExtension>
        </extensions>
      </trkpt>
      <trkpt lat="40.07559908559963" lon="116.33767728711462">
        <ele>46.2</ele>
        <time>2026-07-29T11:53:45.000Z</time>
        <extensions>
          <gpxtpx:TrackPointExtension>
            <gpxtpx:hr>166</gpxtpx:hr>
          </gpxtpx:TrackPointExtension>
        </extensions>
      </trkpt>
      <trkpt lat="40.07561322084268" lon="116.33770126824386">
        <ele>46.2</ele>
        <time>2026-07-29T11:53:46.000Z</time>
        <extensions>
          <gpxtpx:TrackPointExtension>
            <gpxtpx:hr>166</gpxtpx:hr>
          </gpxtpx:TrackPointExtension>
        </extensions>
      </trkpt>
      <trkpt lat="40.07562855118166" lon="116.33772415423824">
        <ele>46.2</ele>
        <time>2026-07-29T11:53:47.000Z</time>
        <extensions>
          <gpxtpx:TrackPointExtension>
            <gpxtpx:hr>166</gpxtpx:hr>
          </gpxtpx:TrackPointExtension>
        </extensions>
      </trkpt>
      <trkpt lat="40.075644867393386" lon="116.33774564015772">
        <ele>46.2</ele>
        <time>2026-07-29T11:53:48.000Z</time>
        <extensions>
          <gpxtpx:TrackPointExtension>
            <gpxtpx:hr>166</gpxtpx:hr>
          </gpxtpx:TrackPointExtension>
        </extensions>
      </trkpt>
      <trkpt lat="40.07566201008951" lon="116.3377654818087">
        <ele>46.2</ele>
        <time>2026-07-29T11:53:49.000Z</time>
        <extensions>
          <gpxtpx:TrackPointExtension>
            <gpxtpx:hr>166</gpxtpx:hr>
          </gpxtpx:TrackPointExtension>
        </extensions>
      </trkpt>
      <trkpt lat="40.075679953070946" lon="116.3377836399908">
        <ele>46.1</ele>
        <time>2026-07-29T11:53:50.000Z</time>
        <extensions>
          <gpxtpx:TrackPointExtension>
            <gpxtpx:hr>166</gpxtpx:hr>
          </gpxtpx:TrackPointExtension>
        </extensions>
      </trkpt>
      <trkpt lat="40.07569864887453" lon="116.33780012688581">
        <ele>46.1</ele>
        <time>2026-07-29T11:53:51.000Z</time>
        <extensions>
          <gpxtpx:TrackPointExtension>
            <gpxtpx:hr>166</gpxtpx:hr>
          </gpxtpx:TrackPointExtension>
        </extensions>
      </trkpt>
      <trkpt lat="40.07571808284181" lon="116.33781491568642">
        <ele>46.1</ele>
        <time>2026-07-29T11:53:52.000Z</time>
        <extensions>
          <gpxtpx:TrackPointExtension>
            <gpxtpx:hr>166</gpxtpx:hr>
          </gpxtpx:TrackPointExtension>
        </extensions>
      </trkpt>
      <trkpt lat="40.0757382765284" lon="116.3378279447699">
        <ele>46.0</ele>
        <time>2026-07-29T11:53:53.000Z</time>
        <extensions>
          <gpxtpx:TrackPointExtension>
            <gpxtpx:hr>166</gpxtpx:hr>
          </gpxtpx:TrackPointExtension>
        </extensions>
      </trkpt>
      <trkpt lat="40.07575929475583" lon="116.33783935863921">
        <ele>46.0</ele>
        <time>2026-07-29T11:53:54.000Z</time>
      </trkpt>
      <trkpt lat="40.07578114160828" lon="116.33784939641421">
        <ele>46.0</ele>
        <time>2026-07-29T11:53:55.000Z</time>
      </trkpt>
      <trkpt lat="40.07580353732865" lon="116.33785797214861">
        <ele>45.9</ele>
        <time>2026-07-29T11:53:56.000Z</time>
      </trkpt>
      <trkpt lat="40.07582624152677" lon="116.33786472270438">
        <ele>45.9</ele>
        <time>2026-07-29T11:53:57.000Z</time>
      </trkpt>
      <trkpt lat="40.07584936079609" lon="116.33786957062152">
        <ele>45.8</ele>
        <time>2026-07-29T11:53:58.000Z</time>
      </trkpt>
      <trkpt lat="40.07587283409425" lon="116.33787280650638">
        <ele>45.8</ele>
        <time>2026-07-29T11:53:59.000Z</time>
      </trkpt>
      <trkpt lat="40.07589626717683" lon="116.33787482398107">
        <ele>45.8</ele>
        <time>2026-07-29T11:54:00.000Z</time>
      </trkpt>
      <trkpt lat="40.075919302939056" lon="116.33787579785795">
        <ele>45.8</ele>
        <time>2026-07-29T11:54:01.000Z</time>
      </trkpt>
      <trkpt lat="40.075941767201904" lon="116.3378757283685">
        <ele>45.8</ele>
        <time>2026-07-29T11:54:02.000Z</time>
      </trkpt>
      <trkpt lat="40.0759639098725" lon="116.33787459699195">
        <ele>45.8</ele>
        <time>2026-07-29T11:54:03.000Z</time>
      </trkpt>
      <trkpt lat="40.07598620343468" lon="116.33787249548263">
        <ele>45.7</ele>
        <time>2026-07-29T11:54:04.000Z</time>
      </trkpt>
      <trkpt lat="40.07600894799801" lon="116.33786962957565">
        <ele>45.7</ele>
        <time>2026-07-29T11:54:05.000Z</time>
      </trkpt>
      <trkpt lat="40.07603209760484" lon="116.33786630460523">
        <ele>45.7</ele>
        <time>2026-07-29T11:54:06.000Z</time>
      </trkpt>
      <trkpt lat="40.0760554629115" lon="116.33786288341754">
        <ele>45.7</ele>
        <time>2026-07-29T11:54:07.000Z</time>
      </trkpt>
      <trkpt lat="40.0760790906927" lon="116.3378595428528">
        <ele>45.7</ele>
        <time>2026-07-29T11:54:08.000Z</time>
      </trkpt>
      <trkpt lat="40.07610315146217" lon="116.33785637925526">
        <ele>45.7</ele>
        <time>2026-07-29T11:54:09.000Z</time>
      </trkpt>
      <trkpt lat="40.07612790936213" lon="116.33785359161968">
        <ele>45.7</ele>
        <time>2026-07-29T11:54:10.000Z</time>
      </trkpt>
      <trkpt lat="40.07615343014744" lon="116.33785149975347">
        <ele>45.7</ele>
        <time>2026-07-29T11:54:11.000Z</time>
      </trkpt>
      <trkpt lat="40.07617916107196" lon="116.33785061657461">
        <ele>45.7</ele>
        <time>2026-07-29T11:54:12.000Z</time>
      </trkpt>
      <trkpt lat="40.076204346768485" lon="116.33785101572295">
        <ele>45.6</ele>
        <time>2026-07-29T11:54:13.000Z</time>
      </trkpt>
      <trkpt lat="40.07622862774065" lon="116.33785194224478">
        <ele>45.6</ele>
        <time>2026-07-29T11:54:14.000Z</time>
      </trkpt>
      <trkpt lat="40.076252116775585" lon="116.33785269893029">
        <ele>45.6</ele>
        <time>2026-07-29T11:54:15.000Z</time>
      </trkpt>
      <trkpt lat="40.076275219166305" lon="116.33785304103483">
        <ele>45.6</ele>
        <time>2026-07-29T11:54:16.000Z</time>
      </trkpt>
      <trkpt lat="40.07629829112819" lon="116.33785287819119">
        <ele>45.6</ele>
        <time>2026-07-29T11:54:17.000Z</time>
      </trkpt>
      <trkpt lat="40.07632154822041" lon="116.33785218373416">
        <ele>45.6</ele>
        <time>2026-07-29T11:54:18.000Z</time>
      </trkpt>
      <trkpt lat="40.07634503059933" lon="116.33785117076066">
        <ele>45.6</ele>
        <time>2026-07-29T11:54:19.000Z</time>
      </trkpt>
      <trkpt lat="40.07636863758119" lon="116.33785018040489">
        <ele>45.6</ele>
        <time>2026-07-29T11:54:20.000Z</time>
      </trkpt>
      <trkpt lat="40.07639216267504" lon="116.33784936178378">
        <ele>45.6</ele>
        <time>2026-07-29T11:54:21.000Z</time>
      </trkpt>
      <trkpt lat="40.07641547634334" lon="116.33784859378991">
        <ele>45.6</ele>
        <time>2026-07-29T11:54:22.000Z</time>
      </trkpt>
      <trkpt lat="40.07643878224043" lon="116.33784767740178">
        <ele>45.6</ele>
        <time>2026-07-29T11:54:23.000Z</time>
      </trkpt>
      <trkpt lat="40.07646227814178" lon="116.3378464976647">
        <ele>45.7</ele>
        <time>2026-07-29T11:54:24.000Z</time>
      </trkpt>
      <trkpt lat="40.07648601513316" lon="116.33784503462674">
        <ele>45.7</ele>
        <time>2026-07-29T11:54:25.000Z</time>
      </trkpt>
      <trkpt lat="40.076510050787356" lon="116.33784343277013">
        <ele>45.7</ele>
        <time>2026-07-29T11:54:26.000Z</time>
      </trkpt>
      <trkpt lat="40.0765342290813" lon="116.33784179414265">
        <ele>45.7</ele>
        <time>2026-07-29T11:54:27.000Z</time>
      </trkpt>
      <trkpt lat="40.076558308478575" lon="116.33784000005623">
        <ele>45.7</ele>
        <time>2026-07-29T11:54:28.000Z</time>
      </trkpt>
      <trkpt lat="40.076582186307164" lon="116.3378379822477">
        <ele>45.7</ele>
        <time>2026-07-29T11:54:29.000Z</time>
      </trkpt>
      <trkpt lat="40.07660585036636" lon="116.33783572558613">
        <ele>45.7</ele>
        <time>2026-07-29T11:54:30.000Z</time>
      </trkpt>
      <trkpt lat="40.07662939004083" lon="116.33783305198237">
        <ele>45.7</ele>
        <time>2026-07-29T11:54:31.000Z</time>
      </trkpt>
      <trkpt lat="40.07665273463839" lon="116.33782986262709">
        <ele>45.7</ele>
        <time>2026-07-29T11:54:32.000Z</time>
      </trkpt>
      <trkpt lat="40.07667551548009" lon="116.33782612028376">
        <ele>45.7</ele>
        <time>2026-07-29T11:54:33.000Z</time>
      </trkpt>
      <trkpt lat="40.07669731284694" lon="116.33782170751088">
        <ele>45.7</ele>
        <time>2026-07-29T11:54:34.000Z</time>
      </trkpt>
      <trkpt lat="40.07671805966138" lon="116.33781630183452">
        <ele>45.7</ele>
        <time>2026-07-29T11:54:35.000Z</time>
      </trkpt>
      <trkpt lat="40.07673802190825" lon="116.33780954794375">
        <ele>45.7</ele>
        <time>2026-07-29T11:54:36.000Z</time>
      </trkpt>
      <trkpt lat="40.07675747301248" lon="116.33780140205099">
        <ele>45.7</ele>
        <time>2026-07-29T11:54:37.000Z</time>
      </trkpt>
      <trkpt lat="40.07677662656801" lon="116.33779179961651">
        <ele>45.7</ele>
        <time>2026-07-29T11:54:38.000Z</time>
      </trkpt>
      <trkpt lat="40.076795580719555" lon="116.3377806348015">
        <ele>45.7</ele>
        <time>2026-07-29T11:54:39.000Z</time>
      </trkpt>
      <trkpt lat="40.076814307949334" lon="116.33776788245372">
        <ele>45.7</ele>
        <time>2026-07-29T11:54:40.000Z</time>
      </trkpt>
      <trkpt lat="40.07683263671562" lon="116.33775349295337">
        <ele>45.7</ele>
        <time>2026-07-29T11:54:41.000Z</time>
      </trkpt>
      <trkpt lat="40.07685031483166" lon="116.33773737748749">
        <ele>45.7</ele>
        <time>2026-07-29T11:54:42.000Z</time>
      </trkpt>
      <trkpt lat="40.076867138238406" lon="116.33771947651974">
        <ele>45.7</ele>
        <time>2026-07-29T11:54:43.000Z</time>
      </trkpt>
      <trkpt lat="40.07688292477932" lon="116.33769965970406">
        <ele>45.7</ele>
        <time>2026-07-29T11:54:44.000Z</time>
      </trkpt>
      <trkpt lat="40.076897688122884" lon="116.33767758095266">
        <ele>45.7</ele>
        <time>2026-07-29T11:54:45.000Z</time>
      </trkpt>
      <trkpt lat="40.076911520303085" lon="116.33765310025579">
        <ele>45.7</ele>
        <time>2026-07-29T11:54:46.000Z</time>
      </trkpt>
      <trkpt lat="40.0769244271288" lon="116.33762624048552">
        <ele>45.7</ele>
        <time>2026-07-29T11:54:47.000Z</time>
      </trkpt>
      <trkpt lat="40.076936339589395" lon="116.33759740599118">
        <ele>45.7</ele>
        <time>2026-07-29T11:54:48.000Z</time>
      </trkpt>
      <trkpt lat="40.076947069264854" lon="116.33756740076919">
        <ele>45.7</ele>
        <time>2026-07-29T11:54:49.000Z</time>
      </trkpt>
      <trkpt lat="40.07695641986897" lon="116.33753682453701">
        <ele>45.7</ele>
        <time>2026-07-29T11:54:50.000Z</time>
      </trkpt>
      <trkpt lat="40.07696428282341" lon="116.33750603886992">
        <ele>45.7</ele>
        <time>2026-07-29T11:54:51.000Z</time>
      </trkpt>
      <trkpt lat="40.07697069022752" lon="116.3374749669547">
        <ele>45.7</ele>
        <time>2026-07-29T11:54:52.000Z</time>
      </trkpt>
      <trkpt lat="40.07697572039588" lon="116.33744343273595">
        <ele>45.7</ele>
        <time>2026-07-29T11:54:53.000Z</time>
      </trkpt>
      <trkpt lat="40.07697943483318" lon="116.33741172463313">
        <ele>45.7</ele>
        <time>2026-07-29T11:54:54.000Z</time>
      </trkpt>
      <trkpt lat="40.07698186501199" lon="116.33738022704964">
        <ele>45.7</ele>
        <time>2026-07-29T11:54:55.000Z</time>
      </trkpt>
      <trkpt lat="40.076982987336955" lon="116.3373493066275">
        <ele>45.7</ele>
        <time>2026-07-29T11:54:56.000Z</time>
      </trkpt>
      <trkpt lat="40.07698279925807" lon="116.33731931595223">
        <ele>45.7</ele>
        <time>2026-07-29T11:54:57.000Z</time>
      </trkpt>
      <trkpt lat="40.07698129901691" lon="116.33729027143089">
        <ele>45.7</ele>
        <time>2026-07-29T11:54:58.000Z</time>
      </trkpt>
      <trkpt lat="40.07697839713627" lon="116.33726192472075">
        <ele>45.7</ele>
        <time>2026-07-29T11:54:59.000Z</time>
      </trkpt>
      <trkpt lat="40.076974046221885" lon="116.33723397671625">
        <ele>45.7</ele>
        <time>2026-07-29T11:55:00.000Z</time>
      </trkpt>
      <trkpt lat="40.07696836639103" lon="116.33720628895126">
        <ele>45.7</ele>
        <time>2026-07-29T11:55:01.000Z</time>
      </trkpt>
      <trkpt lat="40.07696156173571" lon="116.33717881760818">
        <ele>45.7</ele>
        <time>2026-07-29T11:55:02.000Z</time>
      </trkpt>
      <trkpt lat="40.07695371515103" lon="116.33715159643761">
        <ele>45.7</ele>
        <time>2026-07-29T11:55:03.000Z</time>
      </trkpt>
      <trkpt lat="40.076944694693196" lon="116.33712498049572">
        <ele>45.7</ele>
        <time>2026-07-29T11:55:04.000Z</time>
      </trkpt>
      <trkpt lat="40.07693425450534" lon="116.33709941707453">
        <ele>45.7</ele>
        <time>2026-07-29T11:55:05.000Z</time>
      </trkpt>
      <trkpt lat="40.07692214615826" lon="116.33707485771455">
        <ele>45.7</ele>
        <time>2026-07-29T11:55:06.000Z</time>
      </trkpt>
      <trkpt lat="40.07690837445212" lon="116.33705108485425">
        <ele>45.7</ele>
        <time>2026-07-29T11:55:07.000Z</time>
      </trkpt>
      <trkpt lat="40.07689319893791" lon="116.33702815840414">
        <ele>45.7</ele>
        <time>2026-07-29T11:55:08.000Z</time>
      </trkpt>
      <trkpt lat="40.07687684683198" lon="116.33700623972207">
        <ele>45.8</ele>
        <time>2026-07-29T11:55:09.000Z</time>
      </trkpt>
      <trkpt lat="40.07685947871113" lon="116.33698559361707">
        <ele>45.8</ele>
        <time>2026-07-29T11:55:10.000Z</time>
      </trkpt>
      <trkpt lat="40.07684123816687" lon="116.33696662901271">
        <ele>45.8</ele>
        <time>2026-07-29T11:55:11.000Z</time>
      </trkpt>
      <trkpt lat="40.07682204337105" lon="116.3369495065824">
        <ele>45.8</ele>
        <time>2026-07-29T11:55:12.000Z</time>
      </trkpt>
      <trkpt lat="40.07680189727897" lon="116.33693418166102">
        <ele>45.8</ele>
        <time>2026-07-29T11:55:13.000Z</time>
      </trkpt>
      <trkpt lat="40.07678104223218" lon="116.33692071978105">
        <ele>45.8</ele>
        <time>2026-07-29T11:55:14.000Z</time>
      </trkpt>
      <trkpt lat="40.0767597620274" lon="116.33690919237486">
        <ele>45.9</ele>
        <time>2026-07-29T11:55:15.000Z</time>
      </trkpt>
      <trkpt lat="40.076738393409386" lon="116.33689973306831">
        <ele>45.9</ele>
        <time>2026-07-29T11:55:16.000Z</time>
      </trkpt>
      <trkpt lat="40.076716988725956" lon="116.33689225853762">
        <ele>45.9</ele>
        <time>2026-07-29T11:55:17.000Z</time>
      </trkpt>
      <trkpt lat="40.07669536257601" lon="116.3368864799575">
        <ele>45.9</ele>
        <time>2026-07-29T11:55:18.000Z</time>
      </trkpt>
      <trkpt lat="40.07667350239164" lon="116.33688221204972">
        <ele>45.9</ele>
        <time>2026-07-29T11:55:19.000Z</time>
      </trkpt>
      <trkpt lat="40.07665151967878" lon="116.3368793682525">
        <ele>46.0</ele>
        <time>2026-07-29T11:55:20.000Z</time>
      </trkpt>
      <trkpt lat="40.07662940068074" lon="116.3368777323239">
        <ele>46.0</ele>
        <time>2026-07-29T11:55:21.000Z</time>
      </trkpt>
      <trkpt lat="40.07660713172888" lon="116.3368770398747">
        <ele>46.0</ele>
        <time>2026-07-29T11:55:22.000Z</time>
      </trkpt>
      <trkpt lat="40.076584682431175" lon="116.33687705870219">
        <ele>46.0</ele>
        <time>2026-07-29T11:55:23.000Z</time>
      </trkpt>
      <trkpt lat="40.07656207496023" lon="116.33687749170579">
        <ele>45.9</ele>
        <time>2026-07-29T11:55:24.000Z</time>
      </trkpt>
      <trkpt lat="40.07653949247199" lon="116.33687799824766">
        <ele>45.9</ele>
        <time>2026-07-29T11:55:25.000Z</time>
      </trkpt>
      <trkpt lat="40.0765170223299" lon="116.33687840847573">
        <ele>45.9</ele>
        <time>2026-07-29T11:55:26.000Z</time>
      </trkpt>
      <trkpt lat="40.07649452701157" lon="116.33687884496803">
        <ele>45.9</ele>
        <time>2026-07-29T11:55:27.000Z</time>
      </trkpt>
      <trkpt lat="40.076471899677244" lon="116.33687946551927">
        <ele>45.8</ele>
        <time>2026-07-29T11:55:28.000Z</time>
      </trkpt>
      <trkpt lat="40.07644921282859" lon="116.33688029961966">
        <ele>45.8</ele>
        <time>2026-07-29T11:55:29.000Z</time>
      </trkpt>
      <trkpt lat="40.07642650127394" lon="116.33688135982528">
        <ele>45.8</ele>
        <time>2026-07-29T11:55:30.000Z</time>
      </trkpt>
      <trkpt lat="40.076403734024105" lon="116.33688262188419">
        <ele>45.7</ele>
        <time>2026-07-29T11:55:31.000Z</time>
      </trkpt>
      <trkpt lat="40.07638075445622" lon="116.33688403239958">
        <ele>45.7</ele>
        <time>2026-07-29T11:55:32.000Z</time>
      </trkpt>
      <trkpt lat="40.07635754948922" lon="116.33688552409738">
        <ele>45.7</ele>
        <time>2026-07-29T11:55:33.000Z</time>
      </trkpt>
      <trkpt lat="40.07633442223858" lon="116.33688703479453">
        <ele>45.7</ele>
        <time>2026-07-29T11:55:34.000Z</time>
      </trkpt>
      <trkpt lat="40.07631149422315" lon="116.33688852033106">
        <ele>45.7</ele>
        <time>2026-07-29T11:55:35.000Z</time>
      </trkpt>
      <trkpt lat="40.076288670383235" lon="116.33688980826207">
        <ele>45.7</ele>
        <time>2026-07-29T11:55:36.000Z</time>
      </trkpt>
      <trkpt lat="40.07626584676598" lon="116.33689081764754">
        <ele>45.6</ele>
        <time>2026-07-29T11:55:37.000Z</time>
      </trkpt>
      <trkpt lat="40.07624297118002" lon="116.33689162101543">
        <ele>45.6</ele>
        <time>2026-07-29T11:55:38.000Z</time>
      </trkpt>
      <trkpt lat="40.07622004939421" lon="116.33689227884281">
        <ele>45.6</ele>
        <time>2026-07-29T11:55:39.000Z</time>
      </trkpt>
      <trkpt lat="40.07619718268872" lon="116.33689283382604">
        <ele>45.6</ele>
        <time>2026-07-29T11:55:40.000Z</time>
      </trkpt>
      <trkpt lat="40.0761744992202" lon="116.33689329123897">
        <ele>45.6</ele>
        <time>2026-07-29T11:55:41.000Z</time>
      </trkpt>
      <trkpt lat="40.07615205128001" lon="116.33689374861122">
        <ele>45.6</ele>
        <time>2026-07-29T11:55:42.000Z</time>
      </trkpt>
      <trkpt lat="40.07612979544685" lon="116.33689424868767">
        <ele>45.6</ele>
        <time>2026-07-29T11:55:43.000Z</time>
      </trkpt>
      <trkpt lat="40.076107564651714" lon="116.3368946881188">
        <ele>45.6</ele>
        <time>2026-07-29T11:55:44.000Z</time>
      </trkpt>
      <trkpt lat="40.07608527113425" lon="116.3368949161548">
        <ele>45.7</ele>
        <time>2026-07-29T11:55:45.000Z</time>
      </trkpt>
      <trkpt lat="40.076062935599495" lon="116.33689476074642">
        <ele>45.7</ele>
        <time>2026-07-29T11:55:46.000Z</time>
      </trkpt>
      <trkpt lat="40.07604055454064" lon="116.33689423596013">
        <ele>45.7</ele>
        <time>2026-07-29T11:55:47.000Z</time>
      </trkpt>
      <trkpt lat="40.076018183655904" lon="116.33689351781524">
        <ele>45.7</ele>
        <time>2026-07-29T11:55:48.000Z</time>
      </trkpt>
      <trkpt lat="40.07599608585405" lon="116.336892815351">
        <ele>45.8</ele>
        <time>2026-07-29T11:55:49.000Z</time>
      </trkpt>
      <trkpt lat="40.07597444487517" lon="116.33689231103241">
        <ele>45.8</ele>
        <time>2026-07-29T11:55:50.000Z</time>
      </trkpt>
      <trkpt lat="40.07595305459548" lon="116.33689229670857">
        <ele>45.8</ele>
        <time>2026-07-29T11:55:51.000Z</time>
      </trkpt>
      <trkpt lat="40.07593167289048" lon="116.33689302502015">
        <ele>45.9</ele>
        <time>2026-07-29T11:55:52.000Z</time>
      </trkpt>
      <trkpt lat="40.07591013327463" lon="116.33689456999906">
        <ele>45.9</ele>
        <time>2026-07-29T11:55:53.000Z</time>
      </trkpt>
      <trkpt lat="40.075888074549006" lon="116.33689707700371">
        <ele>45.9</ele>
        <time>2026-07-29T11:55:54.000Z</time>
      </trkpt>
      <trkpt lat="40.07586525891202" lon="116.3369006883018">
        <ele>45.9</ele>
        <time>2026-07-29T11:55:55.000Z</time>
      </trkpt>
      <trkpt lat="40.075841806302066" lon="116.33690541608036">
        <ele>45.9</ele>
        <time>2026-07-29T11:55:56.000Z</time>
      </trkpt>
      <trkpt lat="40.0758181013278" lon="116.3369111845417">
        <ele>45.9</ele>
        <time>2026-07-29T11:55:57.000Z</time>
      </trkpt>
      <trkpt lat="40.07579445975984" lon="116.33691806053221">
        <ele>46.0</ele>
        <time>2026-07-29T11:55:58.000Z</time>
      </trkpt>
      <trkpt lat="40.075770950506715" lon="116.33692629030314">
        <ele>46.0</ele>
        <time>2026-07-29T11:55:59.000Z</time>
      </trkpt>
      <trkpt lat="40.07574761296493" lon="116.33693617148761">
        <ele>46.0</ele>
        <time>2026-07-29T11:56:00.000Z</time>
      </trkpt>
      <trkpt lat="40.075724610107216" lon="116.33694788527868">
        <ele>46.0</ele>
        <time>2026-07-29T11:56:01.000Z</time>
      </trkpt>
      <trkpt lat="40.07570220384643" lon="116.33696142907841">
        <ele>45.9</ele>
        <time>2026-07-29T11:56:02.000Z</time>
      </trkpt>
      <trkpt lat="40.07568081295464" lon="116.33697685790301">
        <ele>45.9</ele>
        <time>2026-07-29T11:56:03.000Z</time>
      </trkpt>
      <trkpt lat="40.07566085512422" lon="116.33699428442159">
        <ele>45.9</ele>
        <time>2026-07-29T11:56:04.000Z</time>
      </trkpt>
      <trkpt lat="40.07564252590516" lon="116.33701387898685">
        <ele>45.9</ele>
        <time>2026-07-29T11:56:05.000Z</time>
      </trkpt>
      <trkpt lat="40.075625848449" lon="116.337035841861">
        <ele>45.9</ele>
        <time>2026-07-29T11:56:06.000Z</time>
      </trkpt>
      <trkpt lat="40.075610585157825" lon="116.33706040808211">
        <ele>45.9</ele>
        <time>2026-07-29T11:56:07.000Z</time>
      </trkpt>
      <trkpt lat="40.075596568385606" lon="116.33708757370319">
        <ele>45.9</ele>
        <time>2026-07-29T11:56:08.000Z</time>
      </trkpt>
      <trkpt lat="40.0755838918578" lon="116.33711699042514">
        <ele>45.9</ele>
        <time>2026-07-29T11:56:09.000Z</time>
      </trkpt>
      <trkpt lat="40.07557269570721" lon="116.3371484169263">
        <ele>45.9</ele>
        <time>2026-07-29T11:56:10.000Z</time>
      </trkpt>
      <trkpt lat="40.075563134210356" lon="116.33718155221021">
        <ele>45.9</ele>
        <time>2026-07-29T11:56:11.000Z</time>
      </trkpt>
      <trkpt lat="40.07555535667561" lon="116.3372158071878">
        <ele>45.9</ele>
        <time>2026-07-29T11:56:12.000Z</time>
      </trkpt>
      <trkpt lat="40.075549421277856" lon="116.33725066653562">
        <ele>45.9</ele>
        <time>2026-07-29T11:56:13.000Z</time>
      </trkpt>
      <trkpt lat="40.07554531610905" lon="116.33728581462958">
        <ele>45.9</ele>
        <time>2026-07-29T11:56:14.000Z</time>
      </trkpt>
      <trkpt lat="40.075542824182236" lon="116.33732114888251">
        <ele>45.9</ele>
        <time>2026-07-29T11:56:15.000Z</time>
      </trkpt>
      <trkpt lat="40.07554158122575" lon="116.33735668255243">
        <ele>45.9</ele>
        <time>2026-07-29T11:56:16.000Z</time>
      </trkpt>
      <trkpt lat="40.07554142303243" lon="116.33739236622951">
        <ele>45.9</ele>
        <time>2026-07-29T11:56:17.000Z</time>
      </trkpt>
      <trkpt lat="40.07554255013959" lon="116.3374280125641">
        <ele>45.9</ele>
        <time>2026-07-29T11:56:18.000Z</time>
      </trkpt>
      <trkpt lat="40.07554521381203" lon="116.33746335493254">
        <ele>45.9</ele>
        <time>2026-07-29T11:56:19.000Z</time>
      </trkpt>
      <trkpt lat="40.075549401095984" lon="116.33749796396273">
        <ele>45.9</ele>
        <time>2026-07-29T11:56:20.000Z</time>
      </trkpt>
      <trkpt lat="40.07555504727226" lon="116.33753153925358">
        <ele>45.9</ele>
        <time>2026-07-29T11:56:21.000Z</time>
      </trkpt>
      <trkpt lat="40.075562160070575" lon="116.33756399654182">
        <ele>45.9</ele>
        <time>2026-07-29T11:56:22.000Z</time>
      </trkpt>
      <trkpt lat="40.075570720219716" lon="116.33759514331928">
        <ele>45.9</ele>
        <time>2026-07-29T11:56:23.000Z</time>
      </trkpt>
      <trkpt lat="40.075580877487646" lon="116.33762489245595">
        <ele>46.0</ele>
        <time>2026-07-29T11:56:24.000Z</time>
      </trkpt>
      <trkpt lat="40.07559295144897" lon="116.33765326930815">
        <ele>46.0</ele>
        <time>2026-07-29T11:56:25.000Z</time>
      </trkpt>
      <trkpt lat="40.075607102407965" lon="116.33768030728449">
        <ele>46.0</ele>
        <time>2026-07-29T11:56:26.000Z</time>
      </trkpt>
      <trkpt lat="40.07562315492195" lon="116.33770596344235">
        <ele>46.0</ele>
        <time>2026-07-29T11:56:27.000Z</time>
      </trkpt>
      <trkpt lat="40.07564074248427" lon="116.33772995854116">
        <ele>46.0</ele>
        <time>2026-07-29T11:56:28.000Z</time>
      </trkpt>
      <trkpt lat="40.075659716184724" lon="116.33775201257576">
        <ele>46.0</ele>
        <time>2026-07-29T11:56:29.000Z</time>
      </trkpt>
      <trkpt lat="40.07568002336712" lon="116.3377720788582">
        <ele>45.9</ele>
        <time>2026-07-29T11:56:30.000Z</time>
      </trkpt>
      <trkpt lat="40.0757013637904" lon="116.33779000852954">
        <ele>45.9</ele>
        <time>2026-07-29T11:56:31.000Z</time>
      </trkpt>
      <trkpt lat="40.07572344599597" lon="116.3378055713991">
        <ele>45.9</ele>
        <time>2026-07-29T11:56:32.000Z</time>
      </trkpt>
      <trkpt lat="40.075746270664155" lon="116.33781880025548">
        <ele>45.9</ele>
        <time>2026-07-29T11:56:33.000Z</time>
      </trkpt>
      <trkpt lat="40.075769902171324" lon="116.33783003565534">
        <ele>45.9</ele>
        <time>2026-07-29T11:56:34.000Z</time>
      </trkpt>
      <trkpt lat="40.075794060978296" lon="116.33783949818658">
        <ele>45.8</ele>
        <time>2026-07-29T11:56:35.000Z</time>
      </trkpt>
      <trkpt lat="40.07581834828325" lon="116.33784714914425">
        <ele>45.8</ele>
        <time>2026-07-29T11:56:36.000Z</time>
      </trkpt>
      <trkpt lat="40.07584259271274" lon="116.3378529018145">
        <ele>45.8</ele>
        <time>2026-07-29T11:56:37.000Z</time>
      </trkpt>
      <trkpt lat="40.07586684710999" lon="116.3378568797276">
        <ele>45.7</ele>
        <time>2026-07-29T11:56:38.000Z</time>
      </trkpt>
      <trkpt lat="40.07589120265984" lon="116.33785944599845">
        <ele>45.7</ele>
        <time>2026-07-29T11:56:39.000Z</time>
      </trkpt>
      <trkpt lat="40.07591563483607" lon="116.33786085612434">
        <ele>45.7</ele>
        <time>2026-07-29T11:56:40.000Z</time>
      </trkpt>
      <trkpt lat="40.07594013317793" lon="116.33786120195258">
        <ele>45.6</ele>
        <time>2026-07-29T11:56:41.000Z</time>
      </trkpt>
      <trkpt lat="40.07596486168418" lon="116.33786053333826">
        <ele>45.6</ele>
        <time>2026-07-29T11:56:42.000Z</time>
      </trkpt>
      <trkpt lat="40.07598992419337" lon="116.33785906147465">
        <ele>45.6</ele>
        <time>2026-07-29T11:56:43.000Z</time>
      </trkpt>
      <trkpt lat="40.07601510268865" lon="116.33785723595847">
        <ele>45.6</ele>
        <time>2026-07-29T11:56:44.000Z</time>
      </trkpt>
      <trkpt lat="40.07603997116953" lon="116.3378555978877">
        <ele>45.5</ele>
        <time>2026-07-29T11:56:45.000Z</time>
      </trkpt>
      <trkpt lat="40.076064203379865" lon="116.33785455820359">
        <ele>45.5</ele>
        <time>2026-07-29T11:56:46.000Z</time>
      </trkpt>
      <trkpt lat="40.07608794126675" lon="116.33785409829184">
        <ele>45.5</ele>
        <time>2026-07-29T11:56:47.000Z</time>
      </trkpt>
      <trkpt lat="40.07611150887579" lon="116.33785406366792">
        <ele>45.5</ele>
        <time>2026-07-29T11:56:48.000Z</time>
      </trkpt>
      <trkpt lat="40.07613490837971" lon="116.33785419270554">
        <ele>45.5</ele>
        <time>2026-07-29T11:56:49.000Z</time>
      </trkpt>
      <trkpt lat="40.07615801712685" lon="116.33785412882541">
        <ele>45.4</ele>
        <time>2026-07-29T11:56:50.000Z</time>
      </trkpt>
      <trkpt lat="40.076180730534325" lon="116.33785383946746">
        <ele>45.4</ele>
        <time>2026-07-29T11:56:51.000Z</time>
      </trkpt>
      <trkpt lat="40.07620296549362" lon="116.337853369909">
        <ele>45.4</ele>
        <time>2026-07-29T11:56:52.000Z</time>
      </trkpt>
      <trkpt lat="40.07622475037583" lon="116.33785267455539">
        <ele>45.4</ele>
        <time>2026-07-29T11:56:53.000Z</time>
      </trkpt>
      <trkpt lat="40.07624633913413" lon="116.33785174717153">
        <ele>45.4</ele>
        <time>2026-07-29T11:56:54.000Z</time>
      </trkpt>
      <trkpt lat="40.076268227221256" lon="116.33785063026079">
        <ele>45.4</ele>
        <time>2026-07-29T11:56:55.000Z</time>
      </trkpt>
      <trkpt lat="40.076290733062315" lon="116.33784931950349">
        <ele>45.4</ele>
        <time>2026-07-29T11:56:56.000Z</time>
      </trkpt>
      <trkpt lat="40.07631399360934" lon="116.33784789842166">
        <ele>45.4</ele>
        <time>2026-07-29T11:56:57.000Z</time>
      </trkpt>
      <trkpt lat="40.076337835147704" lon="116.33784656087265">
        <ele>45.4</ele>
        <time>2026-07-29T11:56:58.000Z</time>
      </trkpt>
      <trkpt lat="40.07636188598814" lon="116.33784533575187">
        <ele>45.4</ele>
        <time>2026-07-29T11:56:59.000Z</time>
      </trkpt>
      <trkpt lat="40.07638588978784" lon="116.33784414781341">
        <ele>45.4</ele>
        <time>2026-07-29T11:57:00.000Z</time>
      </trkpt>
      <trkpt lat="40.07640971974915" lon="116.33784305719033">
        <ele>45.4</ele>
        <time>2026-07-29T11:57:01.000Z</time>
      </trkpt>
      <trkpt lat="40.0764333538705" lon="116.33784219282668">
        <ele>45.4</ele>
        <time>2026-07-29T11:57:02.000Z</time>
      </trkpt>
      <trkpt lat="40.07645686666446" lon="116.337841627139">
        <ele>45.4</ele>
        <time>2026-07-29T11:57:03.000Z</time>
      </trkpt>
      <trkpt lat="40.076480287701706" lon="116.33784132237089">
        <ele>45.4</ele>
        <time>2026-07-29T11:57:04.000Z</time>
      </trkpt>
      <trkpt lat="40.07650359618873" lon="116.33784100711058">
        <ele>45.4</ele>
        <time>2026-07-29T11:57:05.000Z</time>
      </trkpt>
      <trkpt lat="40.07652685087889" lon="116.33784046346238">
        <ele>45.4</ele>
        <time>2026-07-29T11:57:06.000Z</time>
      </trkpt>
      <trkpt lat="40.07655019319903" lon="116.33783974595693">
        <ele>45.4</ele>
        <time>2026-07-29T11:57:07.000Z</time>
      </trkpt>
      <trkpt lat="40.07657374560623" lon="116.33783896303419">
        <ele>45.4</ele>
        <time>2026-07-29T11:57:08.000Z</time>
      </trkpt>
      <trkpt lat="40.07659739049806" lon="116.33783797430368">
        <ele>45.4</ele>
        <time>2026-07-29T11:57:09.000Z</time>
      </trkpt>
      <trkpt lat="40.07662078438893" lon="116.33783650098302">
        <ele>45.4</ele>
        <time>2026-07-29T11:57:10.000Z</time>
      </trkpt>
      <trkpt lat="40.07664364825911" lon="116.33783416370267">
        <ele>45.4</ele>
        <time>2026-07-29T11:57:11.000Z</time>
      </trkpt>
      <trkpt lat="40.07666584075474" lon="116.33783063363495">
        <ele>45.4</ele>
        <time>2026-07-29T11:57:12.000Z</time>
      </trkpt>
      <trkpt lat="40.07668739688338" lon="116.3378258494303">
        <ele>45.4</ele>
        <time>2026-07-29T11:57:13.000Z</time>
      </trkpt>
      <trkpt lat="40.07670844642927" lon="116.33781967160748">
        <ele>45.4</ele>
        <time>2026-07-29T11:57:14.000Z</time>
      </trkpt>
      <trkpt lat="40.076729096759486" lon="116.33781192763229">
        <ele>45.4</ele>
        <time>2026-07-29T11:57:15.000Z</time>
      </trkpt>
      <trkpt lat="40.07674943800962" lon="116.3378025469419">
        <ele>45.4</ele>
        <time>2026-07-29T11:57:16.000Z</time>
      </trkpt>
      <trkpt lat="40.07676947775849" lon="116.33779151820112">
        <ele>45.5</ele>
        <time>2026-07-29T11:57:17.000Z</time>
      </trkpt>
      <trkpt lat="40.07678910511956" lon="116.33777887616773">
        <ele>45.5</ele>
        <time>2026-07-29T11:57:18.000Z</time>
      </trkpt>
      <trkpt lat="40.07680818375899" lon="116.33776459892805">
        <ele>45.5</ele>
        <time>2026-07-29T11:57:19.000Z</time>
      </trkpt>
      <trkpt lat="40.076826735860784" lon="116.33774831924715">
        <ele>45.5</ele>
        <time>2026-07-29T11:57:20.000Z</time>
      </trkpt>
      <trkpt lat="40.07684459716128" lon="116.33772974901268">
        <ele>45.5</ele>
        <time>2026-07-29T11:57:21.000Z</time>
      </trkpt>
      <trkpt lat="40.0768614171278" lon="116.33770911163201">
        <ele>45.5</ele>
        <time>2026-07-29T11:57:22.000Z</time>
      </trkpt>
      <trkpt lat="40.076877056145605" lon="116.33768684779585">
        <ele>45.6</ele>
        <time>2026-07-29T11:57:23.000Z</time>
      </trkpt>
      <trkpt lat="40.07689149521685" lon="116.3376632379339">
        <ele>45.6</ele>
        <time>2026-07-29T11:57:24.000Z</time>
      </trkpt>
      <trkpt lat="40.07690477253543" lon="116.33763846935416">
        <ele>45.6</ele>
        <time>2026-07-29T11:57:25.000Z</time>
      </trkpt>
      <trkpt lat="40.07691683622798" lon="116.33761279363164">
        <ele>45.6</ele>
        <time>2026-07-29T11:57:26.000Z</time>
      </trkpt>
      <trkpt lat="40.0769275687567" lon="116.33758618652782">
        <ele>45.6</ele>
        <time>2026-07-29T11:57:27.000Z</time>
      </trkpt>
      <trkpt lat="40.07693695384648" lon="116.33755851868997">
        <ele>45.6</ele>
        <time>2026-07-29T11:57:28.000Z</time>
      </trkpt>
      <trkpt lat="40.07694507191243" lon="116.33752985616546">
        <ele>45.7</ele>
        <time>2026-07-29T11:57:29.000Z</time>
      </trkpt>
      <trkpt lat="40.0769518683671" lon="116.33750041148683">
        <ele>45.7</ele>
        <time>2026-07-29T11:57:30.000Z</time>
      </trkpt>
      <trkpt lat="40.0769572975449" lon="116.33747007211018">
        <ele>45.7</ele>
        <time>2026-07-29T11:57:31.000Z</time>
      </trkpt>
      <trkpt lat="40.07696133583094" lon="116.33743859856071">
        <ele>45.7</ele>
        <time>2026-07-29T11:57:32.000Z</time>
      </trkpt>
      <trkpt lat="40.076963974878176" lon="116.33740587834367">
        <ele>45.7</ele>
        <time>2026-07-29T11:57:33.000Z</time>
      </trkpt>
      <trkpt lat="40.07696506956298" lon="116.33737220574665">
        <ele>45.7</ele>
        <time>2026-07-29T11:57:34.000Z</time>
      </trkpt>
      <trkpt lat="40.076964342379654" lon="116.33733811415324">
        <ele>45.7</ele>
        <time>2026-07-29T11:57:35.000Z</time>
      </trkpt>
      <trkpt lat="40.07696166914984" lon="116.33730374649872">
        <ele>45.7</ele>
        <time>2026-07-29T11:57:36.000Z</time>
      </trkpt>
      <trkpt lat="40.07695697740224" lon="116.33726916852396">
        <ele>45.7</ele>
        <time>2026-07-29T11:57:37.000Z</time>
      </trkpt>
      <trkpt lat="40.07695038284419" lon="116.33723484700013">
        <ele>45.7</ele>
        <time>2026-07-29T11:57:38.000Z</time>
      </trkpt>
      <trkpt lat="40.076942084246866" lon="116.33720130897233">
        <ele>45.7</ele>
        <time>2026-07-29T11:57:39.000Z</time>
      </trkpt>
      <trkpt lat="40.07693220589002" lon="116.33716871823844">
        <ele>45.7</ele>
        <time>2026-07-29T11:57:40.000Z</time>
      </trkpt>
      <trkpt lat="40.07692086817675" lon="116.33713723103561">
        <ele>45.7</ele>
        <time>2026-07-29T11:57:41.000Z</time>
      </trkpt>
      <trkpt lat="40.07690820332792" lon="116.33710720178617">
        <ele>45.7</ele>
        <time>2026-07-29T11:57:42.000Z</time>
      </trkpt>
      <trkpt lat="40.07689432108535" lon="116.33707902969172">
        <ele>45.7</ele>
        <time>2026-07-29T11:57:43.000Z</time>
      </trkpt>
      <trkpt lat="40.07687938497409" lon="116.33705276649326">
        <ele>45.7</ele>
        <time>2026-07-29T11:57:44.000Z</time>
      </trkpt>
      <trkpt lat="40.07686341308871" lon="116.33702829430491">
        <ele>45.7</ele>
        <time>2026-07-29T11:57:45.000Z</time>
      </trkpt>
      <trkpt lat="40.07684627919337" lon="116.33700567652355">
        <ele>45.7</ele>
        <time>2026-07-29T11:57:46.000Z</time>
      </trkpt>
      <trkpt lat="40.076827961638635" lon="116.33698500696738">
        <ele>45.7</ele>
        <time>2026-07-29T11:57:47.000Z</time>
      </trkpt>
      <trkpt lat="40.07680862404303" lon="116.33696637728772">
        <ele>45.8</ele>
        <time>2026-07-29T11:57:48.000Z</time>
      </trkpt>
      <trkpt lat="40.076788499784115" lon="116.33694977607108">
        <ele>45.8</ele>
        <time>2026-07-29T11:57:49.000Z</time>
      </trkpt>
      <trkpt lat="40.07676774216632" lon="116.33693508713598">
        <ele>45.8</ele>
        <time>2026-07-29T11:57:50.000Z</time>
      </trkpt>
      <trkpt lat="40.07674642936527" lon="116.33692232190619">
        <ele>45.8</ele>
        <time>2026-07-29T11:57:51.000Z</time>
      </trkpt>
      <trkpt lat="40.076724719329604" lon="116.33691156911885">
        <ele>45.8</ele>
        <time>2026-07-29T11:57:52.000Z</time>
      </trkpt>
      <trkpt lat="40.07670261350468" lon="116.33690278431814">
        <ele>45.8</ele>
        <time>2026-07-29T11:57:53.000Z</time>
      </trkpt>
      <trkpt lat="40.076680090851916" lon="116.3368957958057">
        <ele>45.8</ele>
        <time>2026-07-29T11:57:54.000Z</time>
      </trkpt>
      <trkpt lat="40.076657184834474" lon="116.33689037455571">
        <ele>45.8</ele>
        <time>2026-07-29T11:57:55.000Z</time>
      </trkpt>
      <trkpt lat="40.0766338722755" lon="116.33688624182764">
        <ele>45.8</ele>
        <time>2026-07-29T11:57:56.000Z</time>
      </trkpt>
      <trkpt lat="40.07661050306549" lon="116.336883231489">
        <ele>45.8</ele>
        <time>2026-07-29T11:57:57.000Z</time>
      </trkpt>
      <trkpt lat="40.0765875518113" lon="116.33688138552017">
        <ele>45.8</ele>
        <time>2026-07-29T11:57:58.000Z</time>
      </trkpt>
      <trkpt lat="40.07656510400846" lon="116.33688067137346">
        <ele>45.8</ele>
        <time>2026-07-29T11:57:59.000Z</time>
      </trkpt>
      <trkpt lat="40.07654297927973" lon="116.33688082447175">
        <ele>45.9</ele>
        <time>2026-07-29T11:58:00.000Z</time>
      </trkpt>
      <trkpt lat="40.07652092838471" lon="116.3368816006021">
        <ele>45.9</ele>
        <time>2026-07-29T11:58:01.000Z</time>
      </trkpt>
      <trkpt lat="40.07649870659369" lon="116.33688284564535">
        <ele>45.9</ele>
        <time>2026-07-29T11:58:02.000Z</time>
      </trkpt>
      <trkpt lat="40.07647597382711" lon="116.33688445947854">
        <ele>45.9</ele>
        <time>2026-07-29T11:58:03.000Z</time>
      </trkpt>
      <trkpt lat="40.07645212710569" lon="116.33688632553046">
        <ele>45.9</ele>
        <time>2026-07-29T11:58:04.000Z</time>
      </trkpt>
      <trkpt lat="40.076426407553335" lon="116.3368883713052">
        <ele>45.9</ele>
        <time>2026-07-29T11:58:05.000Z</time>
      </trkpt>
      <trkpt lat="40.07639905761987" lon="116.33689043336662">
        <ele>45.9</ele>
        <time>2026-07-29T11:58:06.000Z</time>
      </trkpt>
      <trkpt lat="40.076371241618084" lon="116.33689222932007">
        <ele>45.9</ele>
        <time>2026-07-29T11:58:07.000Z</time>
      </trkpt>
      <trkpt lat="40.076343851180916" lon="116.3368933680419">
        <ele>45.9</ele>
        <time>2026-07-29T11:58:08.000Z</time>
      </trkpt>
      <trkpt lat="40.07631725773114" lon="116.33689367513506">
        <ele>45.9</ele>
        <time>2026-07-29T11:58:09.000Z</time>
      </trkpt>
      <trkpt lat="40.0762913411679" lon="116.33689342760428">
        <ele>46.0</ele>
        <time>2026-07-29T11:58:10.000Z</time>
      </trkpt>
      <trkpt lat="40.07626587934605" lon="116.33689317833473">
        <ele>46.0</ele>
        <time>2026-07-29T11:58:11.000Z</time>
      </trkpt>
      <trkpt lat="40.07624072693765" lon="116.33689326213695">
        <ele>46.0</ele>
        <time>2026-07-29T11:58:12.000Z</time>
      </trkpt>
      <trkpt lat="40.076215730437575" lon="116.33689371139883">
        <ele>46.0</ele>
        <time>2026-07-29T11:58:13.000Z</time>
      </trkpt>
      <trkpt lat="40.07619063047058" lon="116.3368946116103">
        <ele>46.0</ele>
        <time>2026-07-29T11:58:14.000Z</time>
      </trkpt>
      <trkpt lat="40.07616519052484" lon="116.33689587032984">
        <ele>46.0</ele>
        <time>2026-07-29T11:58:15.000Z</time>
      </trkpt>
      <trkpt lat="40.0761393828461" lon="116.3368970564331">
        <ele>45.9</ele>
        <time>2026-07-29T11:58:16.000Z</time>
      </trkpt>
      <trkpt lat="40.07611335372052" lon="116.33689782777249">
        <ele>45.9</ele>
        <time>2026-07-29T11:58:17.000Z</time>
      </trkpt>
      <trkpt lat="40.07608729004916" lon="116.33689832020492">
        <ele>45.9</ele>
        <time>2026-07-29T11:58:18.000Z</time>
      </trkpt>
      <trkpt lat="40.076061341279924" lon="116.33689878669546">
        <ele>45.9</ele>
        <time>2026-07-29T11:58:19.000Z</time>
      </trkpt>
      <trkpt lat="40.07603558702208" lon="116.33689925125181">
        <ele>45.8</ele>
        <time>2026-07-29T11:58:20.000Z</time>
      </trkpt>
      <trkpt lat="40.076009967359695" lon="116.33689976068119">
        <ele>45.8</ele>
        <time>2026-07-29T11:58:21.000Z</time>
      </trkpt>
      <trkpt lat="40.075984385965974" lon="116.33690041085761">
        <ele>45.8</ele>
        <time>2026-07-29T11:58:22.000Z</time>
      </trkpt>
      <trkpt lat="40.075958836483906" lon="116.33690111341832">
        <ele>45.7</ele>
        <time>2026-07-29T11:58:23.000Z</time>
      </trkpt>
      <trkpt lat="40.075933294509305" lon="116.3369017858201">
        <ele>45.7</ele>
        <time>2026-07-29T11:58:24.000Z</time>
      </trkpt>
      <trkpt lat="40.07590765968657" lon="116.33690249820468">
        <ele>45.7</ele>
        <time>2026-07-29T11:58:25.000Z</time>
      </trkpt>
      <trkpt lat="40.07588191078949" lon="116.33690335992117">
        <ele>45.7</ele>
        <time>2026-07-29T11:58:26.000Z</time>
        <extensions>
          <gpxtpx:TrackPointExtension>
            <gpxtpx:hr>172</gpxtpx:hr>
          </gpxtpx:TrackPointExtension>
        </extensions>
      </trkpt>
      <trkpt lat="40.07585611331395" lon="116.3369045111781">
        <ele>45.6</ele>
        <time>2026-07-29T11:58:27.000Z</time>
        <extensions>
          <gpxtpx:TrackPointExtension>
            <gpxtpx:hr>172</gpxtpx:hr>
          </gpxtpx:TrackPointExtension>
        </extensions>
      </trkpt>
      <trkpt lat="40.075830339219735" lon="116.33690608412732">
        <ele>45.6</ele>
        <time>2026-07-29T11:58:28.000Z</time>
        <extensions>
          <gpxtpx:TrackPointExtension>
            <gpxtpx:hr>172</gpxtpx:hr>
          </gpxtpx:TrackPointExtension>
        </extensions>
      </trkpt>
      <trkpt lat="40.07580464090014" lon="116.33690810178632">
        <ele>45.6</ele>
        <time>2026-07-29T11:58:29.000Z</time>
        <extensions>
          <gpxtpx:TrackPointExtension>
            <gpxtpx:hr>172</gpxtpx:hr>
          </gpxtpx:TrackPointExtension>
        </extensions>
      </trkpt>
      <trkpt lat="40.075779111336935" lon="116.33691089454541">
        <ele>45.6</ele>
        <time>2026-07-29T11:58:30.000Z</time>
        <extensions>
          <gpxtpx:TrackPointExtension>
            <gpxtpx:hr>172</gpxtpx:hr>
          </gpxtpx:TrackPointExtension>
        </extensions>
      </trkpt>
      <trkpt lat="40.07575391761935" lon="116.33691481080972">
        <ele>45.6</ele>
        <time>2026-07-29T11:58:31.000Z</time>
        <extensions>
          <gpxtpx:TrackPointExtension>
            <gpxtpx:hr>172</gpxtpx:hr>
          </gpxtpx:TrackPointExtension>
        </extensions>
      </trkpt>
      <trkpt lat="40.07572932944582" lon="116.33692000023309">
        <ele>45.6</ele>
        <time>2026-07-29T11:58:32.000Z</time>
        <extensions>
          <gpxtpx:TrackPointExtension>
            <gpxtpx:hr>172</gpxtpx:hr>
          </gpxtpx:TrackPointExtension>
        </extensions>
      </trkpt>
      <trkpt lat="40.075705737100485" lon="116.33692661740773">
        <ele>45.6</ele>
        <time>2026-07-29T11:58:33.000Z</time>
        <extensions>
          <gpxtpx:TrackPointExtension>
            <gpxtpx:hr>172</gpxtpx:hr>
          </gpxtpx:TrackPointExtension>
        </extensions>
      </trkpt>
      <trkpt lat="40.07568333329235" lon="116.33693471343312">
        <ele>45.6</ele>
        <time>2026-07-29T11:58:34.000Z</time>
        <extensions>
          <gpxtpx:TrackPointExtension>
            <gpxtpx:hr>172</gpxtpx:hr>
          </gpxtpx:TrackPointExtension>
        </extensions>
      </trkpt>
      <trkpt lat="40.075662091844954" lon="116.3369443596694">
        <ele>45.6</ele>
        <time>2026-07-29T11:58:35.000Z</time>
        <extensions>
          <gpxtpx:TrackPointExtension>
            <gpxtpx:hr>172</gpxtpx:hr>
          </gpxtpx:TrackPointExtension>
        </extensions>
      </trkpt>
      <trkpt lat="40.075642030734365" lon="116.33695579196586">
        <ele>45.6</ele>
        <time>2026-07-29T11:58:36.000Z</time>
        <extensions>
          <gpxtpx:TrackPointExtension>
            <gpxtpx:hr>172</gpxtpx:hr>
          </gpxtpx:TrackPointExtension>
        </extensions>
      </trkpt>
      <trkpt lat="40.07562314492291" lon="116.33696951057544">
        <ele>45.6</ele>
        <time>2026-07-29T11:58:37.000Z</time>
        <extensions>
          <gpxtpx:TrackPointExtension>
            <gpxtpx:hr>172</gpxtpx:hr>
          </gpxtpx:TrackPointExtension>
        </extensions>
      </trkpt>
      <trkpt lat="40.0756053789352" lon="116.33698589260501">
        <ele>45.7</ele>
        <time>2026-07-29T11:58:38.000Z</time>
        <extensions>
          <gpxtpx:TrackPointExtension>
            <gpxtpx:hr>172</gpxtpx:hr>
          </gpxtpx:TrackPointExtension>
        </extensions>
      </trkpt>
      <trkpt lat="40.07558883924024" lon="116.3370049887026">
        <ele>45.7</ele>
        <time>2026-07-29T11:58:39.000Z</time>
        <extensions>
          <gpxtpx:TrackPointExtension>
            <gpxtpx:hr>172</gpxtpx:hr>
          </gpxtpx:TrackPointExtension>
        </extensions>
      </trkpt>
      <trkpt lat="40.07557379411103" lon="116.33702663542245">
        <ele>45.7</ele>
        <time>2026-07-29T11:58:40.000Z</time>
        <extensions>
          <gpxtpx:TrackPointExtension>
            <gpxtpx:hr>172</gpxtpx:hr>
          </gpxtpx:TrackPointExtension>
        </extensions>
      </trkpt>
      <trkpt lat="40.0755602001787" lon="116.33705039404259">
        <ele>45.7</ele>
        <time>2026-07-29T11:58:41.000Z</time>
        <extensions>
          <gpxtpx:TrackPointExtension>
            <gpxtpx:hr>172</gpxtpx:hr>
          </gpxtpx:TrackPointExtension>
        </extensions>
      </trkpt>
      <trkpt lat="40.07554768526643" lon="116.33707593274501">
        <ele>45.7</ele>
        <time>2026-07-29T11:58:42.000Z</time>
        <extensions>
          <gpxtpx:TrackPointExtension>
            <gpxtpx:hr>172</gpxtpx:hr>
          </gpxtpx:TrackPointExtension>
        </extensions>
      </trkpt>
      <trkpt lat="40.07553608141198" lon="116.33710343602912">
        <ele>45.7</ele>
        <time>2026-07-29T11:58:43.000Z</time>
        <extensions>
          <gpxtpx:TrackPointExtension>
            <gpxtpx:hr>172</gpxtpx:hr>
          </gpxtpx:TrackPointExtension>
        </extensions>
      </trkpt>
      <trkpt lat="40.07552579885781" lon="116.33713301585969">
        <ele>45.7</ele>
        <time>2026-07-29T11:58:44.000Z</time>
        <extensions>
          <gpxtpx:TrackPointExtension>
            <gpxtpx:hr>172</gpxtpx:hr>
          </gpxtpx:TrackPointExtension>
        </extensions>
      </trkpt>
      <trkpt lat="40.07551730470254" lon="116.33716442981614">
        <ele>45.7</ele>
        <time>2026-07-29T11:58:45.000Z</time>
        <extensions>
          <gpxtpx:TrackPointExtension>
            <gpxtpx:hr>172</gpxtpx:hr>
          </gpxtpx:TrackPointExtension>
        </extensions>
      </trkpt>
      <trkpt lat="40.07551045749737" lon="116.33719720742718">
        <ele>45.7</ele>
        <time>2026-07-29T11:58:46.000Z</time>
        <extensions>
          <gpxtpx:TrackPointExtension>
            <gpxtpx:hr>172</gpxtpx:hr>
          </gpxtpx:TrackPointExtension>
        </extensions>
      </trkpt>
      <trkpt lat="40.07550480544534" lon="116.33723067206884">
        <ele>45.7</ele>
        <time>2026-07-29T11:58:47.000Z</time>
        <extensions>
          <gpxtpx:TrackPointExtension>
            <gpxtpx:hr>172</gpxtpx:hr>
          </gpxtpx:TrackPointExtension>
        </extensions>
      </trkpt>
      <trkpt lat="40.07550013660454" lon="116.3372644373342">
        <ele>45.7</ele>
        <time>2026-07-29T11:58:48.000Z</time>
        <extensions>
          <gpxtpx:TrackPointExtension>
            <gpxtpx:hr>172</gpxtpx:hr>
          </gpxtpx:TrackPointExtension>
        </extensions>
      </trkpt>
      <trkpt lat="40.07549672561688" lon="116.33729848252665">
        <ele>45.8</ele>
        <time>2026-07-29T11:58:49.000Z</time>
        <extensions>
          <gpxtpx:TrackPointExtension>
            <gpxtpx:hr>172</gpxtpx:hr>
          </gpxtpx:TrackPointExtension>
        </extensions>
      </trkpt>
      <trkpt lat="40.07549485301956" lon="116.33733291203625">
        <ele>45.8</ele>
        <time>2026-07-29T11:58:50.000Z</time>
        <extensions>
          <gpxtpx:TrackPointExtension>
            <gpxtpx:hr>172</gpxtpx:hr>
          </gpxtpx:TrackPointExtension>
        </extensions>
      </trkpt>
      <trkpt lat="40.07549444654712" lon="116.33736789950893">
        <ele>45.8</ele>
        <time>2026-07-29T11:58:51.000Z</time>
        <extensions>
          <gpxtpx:TrackPointExtension>
            <gpxtpx:hr>172</gpxtpx:hr>
          </gpxtpx:TrackPointExtension>
        </extensions>
      </trkpt>
      <trkpt lat="40.07549535721787" lon="116.33740345509173">
        <ele>45.8</ele>
        <time>2026-07-29T11:58:52.000Z</time>
        <extensions>
          <gpxtpx:TrackPointExtension>
            <gpxtpx:hr>172</gpxtpx:hr>
          </gpxtpx:TrackPointExtension>
        </extensions>
      </trkpt>
      <trkpt lat="40.07549747709199" lon="116.33743929761248">
        <ele>45.8</ele>
        <time>2026-07-29T11:58:53.000Z</time>
        <extensions>
          <gpxtpx:TrackPointExtension>
            <gpxtpx:hr>172</gpxtpx:hr>
          </gpxtpx:TrackPointExtension>
        </extensions>
      </trkpt>
      <trkpt lat="40.07550072957263" lon="116.33747493888494">
        <ele>45.8</ele>
        <time>2026-07-29T11:58:54.000Z</time>
        <extensions>
          <gpxtpx:TrackPointExtension>
            <gpxtpx:hr>172</gpxtpx:hr>
          </gpxtpx:TrackPointExtension>
        </extensions>
      </trkpt>
      <trkpt lat="40.075505181634554" lon="116.33750993654958">
        <ele>45.8</ele>
        <time>2026-07-29T11:58:55.000Z</time>
        <extensions>
          <gpxtpx:TrackPointExtension>
            <gpxtpx:hr>172</gpxtpx:hr>
          </gpxtpx:TrackPointExtension>
        </extensions>
      </trkpt>
      <trkpt lat="40.075511285589684" lon="116.33754390991643">
        <ele>45.8</ele>
        <time>2026-07-29T11:58:56.000Z</time>
      </trkpt>
      <trkpt lat="40.07551930968497" lon="116.33757639476943">
        <ele>45.8</ele>
        <time>2026-07-29T11:58:57.000Z</time>
      </trkpt>
      <trkpt lat="40.07552923535902" lon="116.33760727425945">
        <ele>45.8</ele>
        <time>2026-07-29T11:58:58.000Z</time>
      </trkpt>
      <trkpt lat="40.07554109457436" lon="116.33763670751327">
        <ele>45.8</ele>
        <time>2026-07-29T11:58:59.000Z</time>
      </trkpt>
      <trkpt lat="40.07555489437637" lon="116.33766465668103">
        <ele>45.8</ele>
        <time>2026-07-29T11:59:00.000Z</time>
      </trkpt>
      <trkpt lat="40.07557049214304" lon="116.33769104332112">
        <ele>45.8</ele>
        <time>2026-07-29T11:59:01.000Z</time>
      </trkpt>
      <trkpt lat="40.075587546210144" lon="116.33771575586779">
        <ele>45.8</ele>
        <time>2026-07-29T11:59:02.000Z</time>
      </trkpt>
      <trkpt lat="40.075605675028285" lon="116.33773897038134">
        <ele>45.8</ele>
        <time>2026-07-29T11:59:03.000Z</time>
      </trkpt>
      <trkpt lat="40.07562452153065" lon="116.33776105185683">
        <ele>45.8</ele>
        <time>2026-07-29T11:59:04.000Z</time>
      </trkpt>
      <trkpt lat="40.07564399615743" lon="116.33778198022782">
        <ele>45.8</ele>
        <time>2026-07-29T11:59:05.000Z</time>
      </trkpt>
      <trkpt lat="40.07566414099495" lon="116.33780141169476">
        <ele>45.7</ele>
        <time>2026-07-29T11:59:06.000Z</time>
      </trkpt>
      <trkpt lat="40.07568503206992" lon="116.33781899951332">
        <ele>45.7</ele>
        <time>2026-07-29T11:59:07.000Z</time>
      </trkpt>
      <trkpt lat="40.07570674772872" lon="116.337834450679">
        <ele>45.7</ele>
        <time>2026-07-29T11:59:08.000Z</time>
      </trkpt>
      <trkpt lat="40.07572929071335" lon="116.33784788000175">
        <ele>45.7</ele>
        <time>2026-07-29T11:59:09.000Z</time>
      </trkpt>
      <trkpt lat="40.075752560547635" lon="116.3378596518888">
        <ele>45.7</ele>
        <time>2026-07-29T11:59:10.000Z</time>
      </trkpt>
      <trkpt lat="40.075776402477025" lon="116.33787002464054">
        <ele>45.6</ele>
        <time>2026-07-29T11:59:11.000Z</time>
      </trkpt>
      <trkpt lat="40.07580059181056" lon="116.33787896664768">
        <ele>45.6</ele>
        <time>2026-07-29T11:59:12.000Z</time>
      </trkpt>
      <trkpt lat="40.0758249823217" lon="116.33788601314028">
        <ele>45.6</ele>
        <time>2026-07-29T11:59:13.000Z</time>
      </trkpt>
      <trkpt lat="40.07584960434647" lon="116.33789067932375">
        <ele>45.6</ele>
        <time>2026-07-29T11:59:14.000Z</time>
      </trkpt>
      <trkpt lat="40.07587440081099" lon="116.33789277461071">
        <ele>45.6</ele>
        <time>2026-07-29T11:59:15.000Z</time>
      </trkpt>
      <trkpt lat="40.07589923699259" lon="116.33789279583924">
        <ele>45.5</ele>
        <time>2026-07-29T11:59:16.000Z</time>
      </trkpt>
      <trkpt lat="40.07592393407293" lon="116.33789173070778">
        <ele>45.5</ele>
        <time>2026-07-29T11:59:17.000Z</time>
      </trkpt>
      <trkpt lat="40.07594838422563" lon="116.3378901195976">
        <ele>45.5</ele>
        <time>2026-07-29T11:59:18.000Z</time>
      </trkpt>
      <trkpt lat="40.07597275958283" lon="116.33788788923226">
        <ele>45.5</ele>
        <time>2026-07-29T11:59:19.000Z</time>
      </trkpt>
      <trkpt lat="40.07599724903451" lon="116.33788490771582">
        <ele>45.5</ele>
        <time>2026-07-29T11:59:20.000Z</time>
      </trkpt>
      <trkpt lat="40.076021852643535" lon="116.33788129308252">
        <ele>45.5</ele>
        <time>2026-07-29T11:59:21.000Z</time>
      </trkpt>
      <trkpt lat="40.07604644864255" lon="116.33787739296415">
        <ele>45.4</ele>
        <time>2026-07-29T11:59:22.000Z</time>
      </trkpt>
      <trkpt lat="40.07607072913866" lon="116.33787358572724">
        <ele>45.4</ele>
        <time>2026-07-29T11:59:23.000Z</time>
      </trkpt>
      <trkpt lat="40.07609423056426" lon="116.33787011857994">
        <ele>45.4</ele>
        <time>2026-07-29T11:59:24.000Z</time>
      </trkpt>
      <trkpt lat="40.076116962818105" lon="116.33786695935846">
        <ele>45.4</ele>
        <time>2026-07-29T11:59:25.000Z</time>
      </trkpt>
      <trkpt lat="40.076139351926905" lon="116.33786384872647">
        <ele>45.4</ele>
        <time>2026-07-29T11:59:26.000Z</time>
      </trkpt>
      <trkpt lat="40.076161639457766" lon="116.33786069856403">
        <ele>45.3</ele>
        <time>2026-07-29T11:59:27.000Z</time>
      </trkpt>
      <trkpt lat="40.076183981852495" lon="116.33785789466157">
        <ele>45.3</ele>
        <time>2026-07-29T11:59:28.000Z</time>
      </trkpt>
      <trkpt lat="40.07620654399756" lon="116.33785575243462">
        <ele>45.3</ele>
        <time>2026-07-29T11:59:29.000Z</time>
      </trkpt>
      <trkpt lat="40.07622942326696" lon="116.3378540723134">
        <ele>45.3</ele>
        <time>2026-07-29T11:59:30.000Z</time>
      </trkpt>
      <trkpt lat="40.07625266792603" lon="116.33785260248501">
        <ele>45.3</ele>
        <time>2026-07-29T11:59:31.000Z</time>
      </trkpt>
      <trkpt lat="40.07627625914056" lon="116.33785127271271">
        <ele>45.3</ele>
        <time>2026-07-29T11:59:32.000Z</time>
      </trkpt>
      <trkpt lat="40.07630000703769" lon="116.33785009833534">
        <ele>45.3</ele>
        <time>2026-07-29T11:59:33.000Z</time>
      </trkpt>
      <trkpt lat="40.076323833447965" lon="116.33784885025968">
        <ele>45.3</ele>
        <time>2026-07-29T11:59:34.000Z</time>
      </trkpt>
      <trkpt lat="40.076347928495046" lon="116.33784713900583">
        <ele>45.3</ele>
        <time>2026-07-29T11:59:35.000Z</time>
      </trkpt>
      <trkpt lat="40.076372429763005" lon="116.33784492018474">
        <ele>45.4</ele>
        <time>2026-07-29T11:59:36.000Z</time>
      </trkpt>
      <trkpt lat="40.07639727167267" lon="116.33784248572964">
        <ele>45.4</ele>
        <time>2026-07-29T11:59:37.000Z</time>
      </trkpt>
      <trkpt lat="40.076422289867175" lon="116.33784020766073">
        <ele>45.3</ele>
        <time>2026-07-29T11:59:38.000Z</time>
      </trkpt>
      <trkpt lat="40.076447304660284" lon="116.33783814533412">
        <ele>45.3</ele>
        <time>2026-07-29T11:59:39.000Z</time>
      </trkpt>
      <trkpt lat="40.07647223647884" lon="116.33783618024611">
        <ele>45.3</ele>
        <time>2026-07-29T11:59:40.000Z</time>
      </trkpt>
      <trkpt lat="40.07649708609073" lon="116.33783421603798">
        <ele>45.3</ele>
        <time>2026-07-29T11:59:41.000Z</time>
      </trkpt>
      <trkpt lat="40.076521961621125" lon="116.33783220077541">
        <ele>45.3</ele>
        <time>2026-07-29T11:59:42.000Z</time>
      </trkpt>
      <trkpt lat="40.076546974173" lon="116.3378302264813">
        <ele>45.3</ele>
        <time>2026-07-29T11:59:43.000Z</time>
      </trkpt>
      <trkpt lat="40.0765721120289" lon="116.33782832525121">
        <ele>45.3</ele>
        <time>2026-07-29T11:59:44.000Z</time>
      </trkpt>
      <trkpt lat="40.076597329375744" lon="116.33782628915834">
        <ele>45.3</ele>
        <time>2026-07-29T11:59:45.000Z</time>
      </trkpt>
      <trkpt lat="40.07662256506856" lon="116.33782401615379">
        <ele>45.3</ele>
        <time>2026-07-29T11:59:46.000Z</time>
      </trkpt>
      <trkpt lat="40.07664782102296" lon="116.33782192029454">
        <ele>45.3</ele>
        <time>2026-07-29T11:59:47.000Z</time>
      </trkpt>
      <trkpt lat="40.076673143317905" lon="116.33782043262943">
        <ele>45.3</ele>
        <time>2026-07-29T11:59:48.000Z</time>
      </trkpt>
      <trkpt lat="40.07669843198295" lon="116.33781927926948">
        <ele>45.3</ele>
        <time>2026-07-29T11:59:49.000Z</time>
      </trkpt>
      <trkpt lat="40.07672347054249" lon="116.33781746698925">
        <ele>45.3</ele>
        <time>2026-07-29T11:59:50.000Z</time>
      </trkpt>
      <trkpt lat="40.076748175087914" lon="116.33781381591946">
        <ele>45.3</ele>
        <time>2026-07-29T11:59:51.000Z</time>
      </trkpt>
      <trkpt lat="40.07677260073658" lon="116.33780767708828">
        <ele>45.3</ele>
        <time>2026-07-29T11:59:52.000Z</time>
      </trkpt>
      <trkpt lat="40.0767967409961" lon="116.337798835466">
        <ele>45.3</ele>
        <time>2026-07-29T11:59:53.000Z</time>
      </trkpt>
      <trkpt lat="40.07682036365794" lon="116.33778714821386">
        <ele>45.3</ele>
        <time>2026-07-29T11:59:54.000Z</time>
      </trkpt>
      <trkpt lat="40.07684314540141" lon="116.33777242570311">
        <ele>45.3</ele>
        <time>2026-07-29T11:59:55.000Z</time>
      </trkpt>
      <trkpt lat="40.076864762906624" lon="116.33775447631966">
        <ele>45.4</ele>
        <time>2026-07-29T11:59:56.000Z</time>
      </trkpt>
      <trkpt lat="40.07688499053096" lon="116.33773321095869">
        <ele>45.4</ele>
        <time>2026-07-29T11:59:57.000Z</time>
      </trkpt>
      <trkpt lat="40.07690380378361" lon="116.33770867621762">
        <ele>45.4</ele>
        <time>2026-07-29T11:59:58.000Z</time>
      </trkpt>
      <trkpt lat="40.0769214071879" lon="116.33768140522338">
        <ele>45.4</ele>
        <time>2026-07-29T11:59:59.000Z</time>
      </trkpt>
      <trkpt lat="40.07693813597421" lon="116.33765214449768">
        <ele>45.4</ele>
        <time>2026-07-29T12:00:00.000Z</time>
      </trkpt>
      <trkpt lat="40.076954303331604" lon="116.33762152079196">
        <ele>45.4</ele>
        <time>2026-07-29T12:00:01.000Z</time>
      </trkpt>
      <trkpt lat="40.07697002188854" lon="116.33759010542916">
        <ele>45.4</ele>
        <time>2026-07-29T12:00:02.000Z</time>
      </trkpt>
      <trkpt lat="40.07698493918473" lon="116.33755791472431">
        <ele>45.4</ele>
        <time>2026-07-29T12:00:03.000Z</time>
      </trkpt>
      <trkpt lat="40.07699853055734" lon="116.33752465890548">
        <ele>45.4</ele>
        <time>2026-07-29T12:00:04.000Z</time>
      </trkpt>
      <trkpt lat="40.07701047229462" lon="116.3374903891387">
        <ele>45.4</ele>
        <time>2026-07-29T12:00:05.000Z</time>
      </trkpt>
      <trkpt lat="40.077020554693135" lon="116.33745533604342">
        <ele>45.4</ele>
        <time>2026-07-29T12:00:06.000Z</time>
      </trkpt>
      <trkpt lat="40.07702845524676" lon="116.33741972575514">
        <ele>45.4</ele>
        <time>2026-07-29T12:00:07.000Z</time>
      </trkpt>
      <trkpt lat="40.07703356953664" lon="116.33738372543839">
        <ele>45.4</ele>
        <time>2026-07-29T12:00:08.000Z</time>
      </trkpt>
      <trkpt lat="40.07703552487723" lon="116.33734748190702">
        <ele>45.4</ele>
        <time>2026-07-29T12:00:09.000Z</time>
      </trkpt>
      <trkpt lat="40.077034173939786" lon="116.33731101451487">
        <ele>45.4</ele>
        <time>2026-07-29T12:00:10.000Z</time>
      </trkpt>
      <trkpt lat="40.0770297117111" lon="116.33727450127381">
        <ele>45.4</ele>
        <time>2026-07-29T12:00:11.000Z</time>
      </trkpt>
      <trkpt lat="40.077022831211075" lon="116.33723854894905">
        <ele>45.4</ele>
        <time>2026-07-29T12:00:12.000Z</time>
      </trkpt>
      <trkpt lat="40.07701411626989" lon="116.33720360883257">
        <ele>45.4</ele>
        <time>2026-07-29T12:00:13.000Z</time>
      </trkpt>
      <trkpt lat="40.07700389494065" lon="116.33716987461007">
        <ele>45.4</ele>
        <time>2026-07-29T12:00:14.000Z</time>
      </trkpt>
      <trkpt lat="40.07699228241692" lon="116.33713771655123">
        <ele>45.4</ele>
        <time>2026-07-29T12:00:15.000Z</time>
      </trkpt>
      <trkpt lat="40.076979251477276" lon="116.33710740362203">
        <ele>45.4</ele>
        <time>2026-07-29T12:00:16.000Z</time>
      </trkpt>
      <trkpt lat="40.07696476821852" lon="116.33707901406952">
        <ele>45.4</ele>
        <time>2026-07-29T12:00:17.000Z</time>
      </trkpt>
      <trkpt lat="40.07694894736453" lon="116.33705260725816">
        <ele>45.4</ele>
        <time>2026-07-29T12:00:18.000Z</time>
      </trkpt>
      <trkpt lat="40.076932103414435" lon="116.33702795635574">
        <ele>45.4</ele>
        <time>2026-07-29T12:00:19.000Z</time>
      </trkpt>
      <trkpt lat="40.07691434646891" lon="116.33700486769769">
        <ele>45.5</ele>
        <time>2026-07-29T12:00:20.000Z</time>
      </trkpt>
      <trkpt lat="40.07689559349467" lon="116.3369832379353">
        <ele>45.5</ele>
        <time>2026-07-29T12:00:21.000Z</time>
      </trkpt>
      <trkpt lat="40.0768757802406" lon="116.33696297202066">
        <ele>45.5</ele>
        <time>2026-07-29T12:00:22.000Z</time>
      </trkpt>
      <trkpt lat="40.07685480097579" lon="116.33694418601003">
        <ele>45.5</ele>
        <time>2026-07-29T12:00:23.000Z</time>
      </trkpt>
      <trkpt lat="40.076832613915805" lon="116.33692720372211">
        <ele>45.5</ele>
        <time>2026-07-29T12:00:24.000Z</time>
      </trkpt>
      <trkpt lat="40.076809163134094" lon="116.33691225183125">
        <ele>45.5</ele>
        <time>2026-07-29T12:00:25.000Z</time>
      </trkpt>
      <trkpt lat="40.07678429997459" lon="116.3368992746574">
        <ele>45.5</ele>
        <time>2026-07-29T12:00:26.000Z</time>
      </trkpt>
      <trkpt lat="40.07675803553033" lon="116.3368883524209">
        <ele>45.5</ele>
        <time>2026-07-29T12:00:27.000Z</time>
      </trkpt>
      <trkpt lat="40.0767305061241" lon="116.33687996310292">
        <ele>45.5</ele>
        <time>2026-07-29T12:00:28.000Z</time>
      </trkpt>
      <trkpt lat="40.07670185171829" lon="116.33687448180986">
        <ele>45.5</ele>
        <time>2026-07-29T12:00:29.000Z</time>
      </trkpt>
      <trkpt lat="40.07667261789771" lon="116.3368716916801">
        <ele>45.4</ele>
        <time>2026-07-29T12:00:30.000Z</time>
      </trkpt>
      <trkpt lat="40.076643534844486" lon="116.33687090115224">
        <ele>45.4</ele>
        <time>2026-07-29T12:00:31.000Z</time>
      </trkpt>
      <trkpt lat="40.076615076896076" lon="116.33687133283532">
        <ele>45.4</ele>
        <time>2026-07-29T12:00:32.000Z</time>
      </trkpt>
      <trkpt lat="40.07658720583769" lon="116.33687267036656">
        <ele>45.4</ele>
        <time>2026-07-29T12:00:33.000Z</time>
      </trkpt>
      <trkpt lat="40.076559478560064" lon="116.33687501016722">
        <ele>45.4</ele>
        <time>2026-07-29T12:00:34.000Z</time>
      </trkpt>
      <trkpt lat="40.07653155168468" lon="116.33687834955069">
        <ele>45.5</ele>
        <time>2026-07-29T12:00:35.000Z</time>
      </trkpt>
      <trkpt lat="40.0765033754003" lon="116.33688245460688">
        <ele>45.5</ele>
        <time>2026-07-29T12:00:36.000Z</time>
      </trkpt>
      <trkpt lat="40.076475156067" lon="116.3368866821019">
        <ele>45.5</ele>
        <time>2026-07-29T12:00:37.000Z</time>
      </trkpt>
      <trkpt lat="40.07644728956574" lon="116.33689011271846">
        <ele>45.5</ele>
        <time>2026-07-29T12:00:38.000Z</time>
      </trkpt>
      <trkpt lat="40.076420217967886" lon="116.33689189246311">
        <ele>45.6</ele>
        <time>2026-07-29T12:00:39.000Z</time>
      </trkpt>
      <trkpt lat="40.07639426583758" lon="116.33689125253817">
        <ele>45.6</ele>
        <time>2026-07-29T12:00:40.000Z</time>
      </trkpt>
      <trkpt lat="40.076369623079394" lon="116.3368883690794">
        <ele>45.6</ele>
        <time>2026-07-29T12:00:41.000Z</time>
      </trkpt>
      <trkpt lat="40.076346160444004" lon="116.33688472331738">
        <ele>45.5</ele>
        <time>2026-07-29T12:00:42.000Z</time>
      </trkpt>
      <trkpt lat="40.0763237108405" lon="116.3368812995378">
        <ele>45.5</ele>
        <time>2026-07-29T12:00:43.000Z</time>
      </trkpt>
      <trkpt lat="40.07630225394246" lon="116.33687820206276">
        <ele>45.5</ele>
        <time>2026-07-29T12:00:44.000Z</time>
      </trkpt>
      <trkpt lat="40.07628143928586" lon="116.33687578586499">
        <ele>45.5</ele>
        <time>2026-07-29T12:00:45.000Z</time>
      </trkpt>
      <trkpt lat="40.0762605340809" lon="116.33687477941224">
        <ele>45.5</ele>
        <time>2026-07-29T12:00:46.000Z</time>
      </trkpt>
      <trkpt lat="40.07623903277746" lon="116.33687563709708">
        <ele>45.4</ele>
        <time>2026-07-29T12:00:47.000Z</time>
      </trkpt>
      <trkpt lat="40.07621676233033" lon="116.3368777252925">
        <ele>45.4</ele>
        <time>2026-07-29T12:00:48.000Z</time>
      </trkpt>
      <trkpt lat="40.0761934892201" lon="116.33688017954253">
        <ele>45.4</ele>
        <time>2026-07-29T12:00:49.000Z</time>
      </trkpt>
      <trkpt lat="40.07616936267415" lon="116.33688267595797">
        <ele>45.4</ele>
        <time>2026-07-29T12:00:50.000Z</time>
      </trkpt>
      <trkpt lat="40.07614486347397" lon="116.33688525802287">
        <ele>45.4</ele>
        <time>2026-07-29T12:00:51.000Z</time>
      </trkpt>
      <trkpt lat="40.0761203586121" lon="116.33688822447102">
        <ele>45.4</ele>
        <time>2026-07-29T12:00:52.000Z</time>
      </trkpt>
      <trkpt lat="40.07609600251029" lon="116.33689172871735">
        <ele>45.4</ele>
        <time>2026-07-29T12:00:53.000Z</time>
      </trkpt>
      <trkpt lat="40.076071875142134" lon="116.33689537230653">
        <ele>45.4</ele>
        <time>2026-07-29T12:00:54.000Z</time>
      </trkpt>
      <trkpt lat="40.076048050723195" lon="116.33689831966304">
        <ele>45.4</ele>
        <time>2026-07-29T12:00:55.000Z</time>
      </trkpt>
      <trkpt lat="40.07602440017845" lon="116.33690017282109">
        <ele>45.4</ele>
        <time>2026-07-29T12:00:56.000Z</time>
      </trkpt>
      <trkpt lat="40.076000835343535" lon="116.33690094639394">
        <ele>45.4</ele>
        <time>2026-07-29T12:00:57.000Z</time>
      </trkpt>
      <trkpt lat="40.07597735806226" lon="116.33690079507865">
        <ele>45.4</ele>
        <time>2026-07-29T12:00:58.000Z</time>
      </trkpt>
      <trkpt lat="40.07595372833039" lon="116.33690032928178">
        <ele>45.4</ele>
        <time>2026-07-29T12:00:59.000Z</time>
      </trkpt>
      <trkpt lat="40.075929576518305" lon="116.3369002305251">
        <ele>45.4</ele>
        <time>2026-07-29T12:01:00.000Z</time>
      </trkpt>
      <trkpt lat="40.07590482185978" lon="116.33690080392287">
        <ele>45.4</ele>
        <time>2026-07-29T12:01:01.000Z</time>
      </trkpt>
      <trkpt lat="40.075879470061714" lon="116.33690203605948">
        <ele>45.4</ele>
        <time>2026-07-29T12:01:02.000Z</time>
      </trkpt>
      <trkpt lat="40.07585355604571" lon="116.33690376990083">
        <ele>45.4</ele>
        <time>2026-07-29T12:01:03.000Z</time>
      </trkpt>
      <trkpt lat="40.07582734444764" lon="116.33690575872643">
        <ele>45.4</ele>
        <time>2026-07-29T12:01:04.000Z</time>
      </trkpt>
      <trkpt lat="40.075801205261875" lon="116.33690794788241">
        <ele>45.4</ele>
        <time>2026-07-29T12:01:05.000Z</time>
      </trkpt>
      <trkpt lat="40.07577548038259" lon="116.33691057263248">
        <ele>45.3</ele>
        <time>2026-07-29T12:01:06.000Z</time>
      </trkpt>
      <trkpt lat="40.07575054370152" lon="116.33691398282018">
        <ele>45.3</ele>
        <time>2026-07-29T12:01:07.001Z</time>
      </trkpt>
      <trkpt lat="40.0757267388162" lon="116.33691858573168">
        <ele>45.3</ele>
        <time>2026-07-29T12:01:08.001Z</time>
      </trkpt>
      <trkpt lat="40.07570417833912" lon="116.33692490865754">
        <ele>45.3</ele>
        <time>2026-07-29T12:01:09.001Z</time>
      </trkpt>
      <trkpt lat="40.07568273922024" lon="116.33693340209646">
        <ele>45.3</ele>
        <time>2026-07-29T12:01:10.001Z</time>
      </trkpt>
      <trkpt lat="40.07566205087173" lon="116.33694405686956">
        <ele>45.3</ele>
        <time>2026-07-29T12:01:11.001Z</time>
      </trkpt>
      <trkpt lat="40.07564175510766" lon="116.33695661821717">
        <ele>45.3</ele>
        <time>2026-07-29T12:01:12.001Z</time>
      </trkpt>
      <trkpt lat="40.07562175304835" lon="116.33697079464098">
        <ele>45.3</ele>
        <time>2026-07-29T12:01:13.001Z</time>
      </trkpt>
      <trkpt lat="40.07560223406668" lon="116.33698636437073">
        <ele>45.3</ele>
        <time>2026-07-29T12:01:14.001Z</time>
      </trkpt>
      <trkpt lat="40.07558359346763" lon="116.33700360103867">
        <ele>45.3</ele>
        <time>2026-07-29T12:01:15.000Z</time>
      </trkpt>
      <trkpt lat="40.07556640139954" lon="116.3370232222513">
        <ele>45.3</ele>
        <time>2026-07-29T12:01:16.000Z</time>
      </trkpt>
      <trkpt lat="40.075551304310025" lon="116.33704599249742">
        <ele>45.3</ele>
        <time>2026-07-29T12:01:17.000Z</time>
      </trkpt>
      <trkpt lat="40.07553817900446" lon="116.3370718796446">
        <ele>45.3</ele>
        <time>2026-07-29T12:01:18.000Z</time>
      </trkpt>
      <trkpt lat="40.075526192819744" lon="116.33710014126616">
        <ele>45.3</ele>
        <time>2026-07-29T12:01:19.000Z</time>
      </trkpt>
      <trkpt lat="40.075514839195165" lon="116.33713010526833">
        <ele>45.3</ele>
        <time>2026-07-29T12:01:20.000Z</time>
      </trkpt>
      <trkpt lat="40.075504386129424" lon="116.3371613598257">
        <ele>45.3</ele>
        <time>2026-07-29T12:01:21.000Z</time>
      </trkpt>
      <trkpt lat="40.075495559811635" lon="116.33719368318651">
        <ele>45.4</ele>
        <time>2026-07-29T12:01:22.000Z</time>
      </trkpt>
      <trkpt lat="40.07548888706515" lon="116.33722688450955">
        <ele>45.4</ele>
        <time>2026-07-29T12:01:23.000Z</time>
      </trkpt>
      <trkpt lat="40.075484347965634" lon="116.33726107234831">
        <ele>45.4</ele>
        <time>2026-07-29T12:01:24.000Z</time>
      </trkpt>
      <trkpt lat="40.07548163586188" lon="116.3372961596088">
        <ele>45.4</ele>
        <time>2026-07-29T12:01:25.000Z</time>
      </trkpt>
      <trkpt lat="40.07548063862359" lon="116.33733176131652">
        <ele>45.5</ele>
        <time>2026-07-29T12:01:26.000Z</time>
      </trkpt>
      <trkpt lat="40.07548150025934" lon="116.33736769700555">
        <ele>45.5</ele>
        <time>2026-07-29T12:01:27.000Z</time>
      </trkpt>
      <trkpt lat="40.07548453877723" lon="116.33740382669954">
        <ele>45.5</ele>
        <time>2026-07-29T12:01:28.000Z</time>
      </trkpt>
      <trkpt lat="40.07548987125157" lon="116.33743983824355">
        <ele>45.5</ele>
        <time>2026-07-29T12:01:29.000Z</time>
      </trkpt>
      <trkpt lat="40.07549737239131" lon="116.33747531690001">
        <ele>45.5</ele>
        <time>2026-07-29T12:01:30.000Z</time>
      </trkpt>
      <trkpt lat="40.07550670723458" lon="116.33751000485762">
        <ele>45.6</ele>
        <time>2026-07-29T12:01:31.000Z</time>
      </trkpt>
      <trkpt lat="40.07551730305972" lon="116.33754371903652">
        <ele>45.6</ele>
        <time>2026-07-29T12:01:32.000Z</time>
      </trkpt>
      <trkpt lat="40.075528716322154" lon="116.3375764436747">
        <ele>45.6</ele>
        <time>2026-07-29T12:01:33.000Z</time>
      </trkpt>
      <trkpt lat="40.075540800334345" lon="116.33760826747633">
        <ele>45.5</ele>
        <time>2026-07-29T12:01:34.000Z</time>
      </trkpt>
      <trkpt lat="40.075553756605245" lon="116.33763910257777">
        <ele>45.5</ele>
        <time>2026-07-29T12:01:35.000Z</time>
      </trkpt>
      <trkpt lat="40.07556807652938" lon="116.33766862249077">
        <ele>45.5</ele>
        <time>2026-07-29T12:01:36.000Z</time>
      </trkpt>
      <trkpt lat="40.075584206356666" lon="116.33769628956894">
        <ele>45.5</ele>
        <time>2026-07-29T12:01:37.000Z</time>
      </trkpt>
      <trkpt lat="40.07560197568351" lon="116.33772202802676">
        <ele>45.4</ele>
        <time>2026-07-29T12:01:38.000Z</time>
      </trkpt>
      <trkpt lat="40.075621082516385" lon="116.33774596812363">
        <ele>45.4</ele>
        <time>2026-07-29T12:01:39.000Z</time>
      </trkpt>
      <trkpt lat="40.0756413121926" lon="116.33776819222949">
        <ele>45.4</ele>
        <time>2026-07-29T12:01:40.000Z</time>
      </trkpt>
      <trkpt lat="40.07566237847935" lon="116.33778886182282">
        <ele>45.4</ele>
        <time>2026-07-29T12:01:41.000Z</time>
      </trkpt>
      <trkpt lat="40.07568433497437" lon="116.33780793449273">
        <ele>45.4</ele>
        <time>2026-07-29T12:01:42.000Z</time>
      </trkpt>
      <trkpt lat="40.07570711714619" lon="116.33782553171858">
        <ele>45.3</ele>
        <time>2026-07-29T12:01:43.000Z</time>
      </trkpt>
      <trkpt lat="40.07573039252505" lon="116.33784174075875">
        <ele>45.3</ele>
        <time>2026-07-29T12:01:44.000Z</time>
      </trkpt>
      <trkpt lat="40.075753906833235" lon="116.337856140273">
        <ele>45.3</ele>
        <time>2026-07-29T12:01:45.000Z</time>
      </trkpt>
      <trkpt lat="40.07577765409824" lon="116.33786813671452">
        <ele>45.3</ele>
        <time>2026-07-29T12:01:46.000Z</time>
      </trkpt>
      <trkpt lat="40.07580151162884" lon="116.33787748121476">
        <ele>45.3</ele>
        <time>2026-07-29T12:01:47.000Z</time>
      </trkpt>
      <trkpt lat="40.075825489980524" lon="116.33788435855911">
        <ele>45.2</ele>
        <time>2026-07-29T12:01:48.000Z</time>
      </trkpt>
      <trkpt lat="40.07584977945156" lon="116.3378890479825">
        <ele>45.2</ele>
        <time>2026-07-29T12:01:49.000Z</time>
      </trkpt>
      <trkpt lat="40.07587442644145" lon="116.3378917335301">
        <ele>45.1</ele>
        <time>2026-07-29T12:01:50.000Z</time>
      </trkpt>
      <trkpt lat="40.07589944161595" lon="116.33789268449927">
        <ele>45.1</ele>
        <time>2026-07-29T12:01:51.000Z</time>
      </trkpt>
      <trkpt lat="40.07592472593916" lon="116.33789225750961">
        <ele>45.1</ele>
        <time>2026-07-29T12:01:52.000Z</time>
      </trkpt>
      <trkpt lat="40.075950116686734" lon="116.3378907249053">
        <ele>45.0</ele>
        <time>2026-07-29T12:01:53.000Z</time>
      </trkpt>
      <trkpt lat="40.07597549075472" lon="116.3378884979606">
        <ele>45.0</ele>
        <time>2026-07-29T12:01:54.000Z</time>
      </trkpt>
      <trkpt lat="40.07600073455603" lon="116.33788611988926">
        <ele>45.0</ele>
        <time>2026-07-29T12:01:55.000Z</time>
      </trkpt>
      <trkpt lat="40.0760258316014" lon="116.33788373871555">
        <ele>45.0</ele>
        <time>2026-07-29T12:01:56.000Z</time>
      </trkpt>
      <trkpt lat="40.07605091065678" lon="116.33788132361336">
        <ele>44.9</ele>
        <time>2026-07-29T12:01:57.000Z</time>
      </trkpt>
      <trkpt lat="40.076075991703135" lon="116.33787866015662">
        <ele>44.9</ele>
        <time>2026-07-29T12:01:58.000Z</time>
      </trkpt>
      <trkpt lat="40.07610106312028" lon="116.33787535881635">
        <ele>44.9</ele>
        <time>2026-07-29T12:01:59.000Z</time>
      </trkpt>
      <trkpt lat="40.07612610380017" lon="116.33787152284702">
        <ele>44.9</ele>
        <time>2026-07-29T12:02:00.000Z</time>
      </trkpt>
      <trkpt lat="40.07615101701193" lon="116.33786767365805">
        <ele>44.9</ele>
        <time>2026-07-29T12:02:01.000Z</time>
      </trkpt>
      <trkpt lat="40.07617582634306" lon="116.33786441438032">
        <ele>44.9</ele>
        <time>2026-07-29T12:02:02.000Z</time>
      </trkpt>
      <trkpt lat="40.076200607599354" lon="116.33786193558151">
        <ele>44.9</ele>
        <time>2026-07-29T12:02:03.000Z</time>
      </trkpt>
      <trkpt lat="40.07622548664355" lon="116.33785994246209">
        <ele>44.9</ele>
        <time>2026-07-29T12:02:04.000Z</time>
      </trkpt>
      <trkpt lat="40.076250646810685" lon="116.33785807915147">
        <ele>44.8</ele>
        <time>2026-07-29T12:02:05.000Z</time>
      </trkpt>
      <trkpt lat="40.07627625190993" lon="116.33785597450529">
        <ele>44.8</ele>
        <time>2026-07-29T12:02:06.000Z</time>
      </trkpt>
      <trkpt lat="40.0763023033577" lon="116.33785368370117">
        <ele>44.8</ele>
        <time>2026-07-29T12:02:07.000Z</time>
      </trkpt>
      <trkpt lat="40.07632868857789" lon="116.33785175046869">
        <ele>44.8</ele>
        <time>2026-07-29T12:02:08.000Z</time>
      </trkpt>
      <trkpt lat="40.07635523825859" lon="116.33785055208173">
        <ele>44.8</ele>
        <time>2026-07-29T12:02:09.000Z</time>
      </trkpt>
      <trkpt lat="40.0763817171412" lon="116.3378499432108">
        <ele>44.8</ele>
        <time>2026-07-29T12:02:10.000Z</time>
      </trkpt>
      <trkpt lat="40.07640795327446" lon="116.33784959372404">
        <ele>44.8</ele>
        <time>2026-07-29T12:02:11.000Z</time>
      </trkpt>
      <trkpt lat="40.076433710492594" lon="116.33784926998383">
        <ele>44.8</ele>
        <time>2026-07-29T12:02:12.000Z</time>
      </trkpt>
      <trkpt lat="40.07645904573162" lon="116.33784870793853">
        <ele>44.8</ele>
        <time>2026-07-29T12:02:13.000Z</time>
      </trkpt>
      <trkpt lat="40.076484357790214" lon="116.33784768169392">
        <ele>44.8</ele>
        <time>2026-07-29T12:02:14.000Z</time>
      </trkpt>
      <trkpt lat="40.076509815361355" lon="116.3378463010452">
        <ele>44.8</ele>
        <time>2026-07-29T12:02:15.000Z</time>
      </trkpt>
      <trkpt lat="40.07653544286202" lon="116.33784494516641">
        <ele>44.8</ele>
        <time>2026-07-29T12:02:16.000Z</time>
      </trkpt>
      <trkpt lat="40.07656120664525" lon="116.3378438878717">
        <ele>44.8</ele>
        <time>2026-07-29T12:02:17.000Z</time>
      </trkpt>
      <trkpt lat="40.07658711959742" lon="116.3378431770491">
        <ele>44.8</ele>
        <time>2026-07-29T12:02:18.000Z</time>
      </trkpt>
      <trkpt lat="40.07661320526435" lon="116.33784278392943">
        <ele>44.8</ele>
        <time>2026-07-29T12:02:19.000Z</time>
      </trkpt>
      <trkpt lat="40.07663930482468" lon="116.33784275887476">
        <ele>44.8</ele>
        <time>2026-07-29T12:02:20.000Z</time>
      </trkpt>
      <trkpt lat="40.076665215488646" lon="116.33784293573162">
        <ele>44.8</ele>
        <time>2026-07-29T12:02:21.000Z</time>
      </trkpt>
      <trkpt lat="40.076690757142245" lon="116.33784306373225">
        <ele>44.8</ele>
        <time>2026-07-29T12:02:22.000Z</time>
      </trkpt>
      <trkpt lat="40.07671576780451" lon="116.33784302826727">
        <ele>44.8</ele>
        <time>2026-07-29T12:02:23.000Z</time>
      </trkpt>
      <trkpt lat="40.0767402060273" lon="116.33784280665613">
        <ele>44.8</ele>
        <time>2026-07-29T12:02:24.000Z</time>
      </trkpt>
      <trkpt lat="40.076764173728506" lon="116.3378424371092">
        <ele>44.8</ele>
        <time>2026-07-29T12:02:25.000Z</time>
      </trkpt>
      <trkpt lat="40.07678774392702" lon="116.33784163655925">
        <ele>44.7</ele>
        <time>2026-07-29T12:02:26.000Z</time>
      </trkpt>
      <trkpt lat="40.076810907519715" lon="116.33783957385414">
        <ele>44.7</ele>
        <time>2026-07-29T12:02:27.000Z</time>
      </trkpt>
      <trkpt lat="40.076833658225155" lon="116.33783509217722">
        <ele>44.7</ele>
        <time>2026-07-29T12:02:28.000Z</time>
      </trkpt>
      <trkpt lat="40.076855838123116" lon="116.33782739046767">
        <ele>44.7</ele>
        <time>2026-07-29T12:02:29.000Z</time>
      </trkpt>
      <trkpt lat="40.076877220598625" lon="116.3378164428074">
        <ele>44.7</ele>
        <time>2026-07-29T12:02:30.000Z</time>
      </trkpt>
      <trkpt lat="40.07689767262943" lon="116.3378025405995">
        <ele>44.7</ele>
        <time>2026-07-29T12:02:31.000Z</time>
      </trkpt>
      <trkpt lat="40.07691700941877" lon="116.3377860229216">
        <ele>44.7</ele>
        <time>2026-07-29T12:02:32.000Z</time>
      </trkpt>
      <trkpt lat="40.076934906619755" lon="116.33776700828862">
        <ele>44.7</ele>
        <time>2026-07-29T12:02:33.000Z</time>
      </trkpt>
      <trkpt lat="40.076950894718735" lon="116.3377451436971">
        <ele>44.7</ele>
        <time>2026-07-29T12:02:34.000Z</time>
      </trkpt>
      <trkpt lat="40.07696452240309" lon="116.33772012818788">
        <ele>44.8</ele>
        <time>2026-07-29T12:02:35.000Z</time>
      </trkpt>
      <trkpt lat="40.07697604408319" lon="116.33769219223778">
        <ele>44.8</ele>
        <time>2026-07-29T12:02:36.000Z</time>
      </trkpt>
      <trkpt lat="40.07698607667203" lon="116.33766201139996">
        <ele>44.8</ele>
        <time>2026-07-29T12:02:37.000Z</time>
      </trkpt>
      <trkpt lat="40.0769948687323" lon="116.33763037124127">
        <ele>44.8</ele>
        <time>2026-07-29T12:02:38.000Z</time>
      </trkpt>
      <trkpt lat="40.07700244491427" lon="116.3375978298572">
        <ele>44.8</ele>
        <time>2026-07-29T12:02:39.000Z</time>
      </trkpt>
      <trkpt lat="40.077008741483134" lon="116.33756464282784">
        <ele>44.9</ele>
        <time>2026-07-29T12:02:40.000Z</time>
      </trkpt>
      <trkpt lat="40.0770137470427" lon="116.33753090691368">
        <ele>44.9</ele>
        <time>2026-07-29T12:02:41.000Z</time>
      </trkpt>
      <trkpt lat="40.07701733947472" lon="116.33749664674107">
        <ele>44.9</ele>
        <time>2026-07-29T12:02:42.000Z</time>
      </trkpt>
      <trkpt lat="40.07701935224078" lon="116.33746171579615">
        <ele>44.9</ele>
        <time>2026-07-29T12:02:43.000Z</time>
      </trkpt>
      <trkpt lat="40.07701986614516" lon="116.33742602208754">
        <ele>45.0</ele>
        <time>2026-07-29T12:02:44.000Z</time>
      </trkpt>
      <trkpt lat="40.077019003933856" lon="116.33738985733507">
        <ele>45.0</ele>
        <time>2026-07-29T12:02:45.000Z</time>
      </trkpt>
      <trkpt lat="40.07701686066477" lon="116.33735362785397">
        <ele>45.0</ele>
        <time>2026-07-29T12:02:46.000Z</time>
      </trkpt>
      <trkpt lat="40.077013430167234" lon="116.33731755743281">
        <ele>45.0</ele>
        <time>2026-07-29T12:02:47.000Z</time>
      </trkpt>
      <trkpt lat="40.07700852535025" lon="116.3372820227567">
        <ele>45.1</ele>
        <time>2026-07-29T12:02:48.000Z</time>
      </trkpt>
      <trkpt lat="40.077002007824305" lon="116.33724743462767">
        <ele>45.1</ele>
        <time>2026-07-29T12:02:49.000Z</time>
      </trkpt>
      <trkpt lat="40.07699395602034" lon="116.33721373526042">
        <ele>45.1</ele>
        <time>2026-07-29T12:02:50.000Z</time>
      </trkpt>
      <trkpt lat="40.07698449051735" lon="116.33718093610173">
        <ele>45.1</ele>
        <time>2026-07-29T12:02:51.000Z</time>
      </trkpt>
      <trkpt lat="40.07697360157962" lon="116.33714926628627">
        <ele>45.1</ele>
        <time>2026-07-29T12:02:52.000Z</time>
      </trkpt>
      <trkpt lat="40.07696124087255" lon="116.33711879062461">
        <ele>45.2</ele>
        <time>2026-07-29T12:02:53.000Z</time>
      </trkpt>
      <trkpt lat="40.07694740117026" lon="116.3370894386771">
        <ele>45.2</ele>
        <time>2026-07-29T12:02:54.000Z</time>
      </trkpt>
      <trkpt lat="40.076932237805416" lon="116.33706120966613">
        <ele>45.2</ele>
        <time>2026-07-29T12:02:55.000Z</time>
      </trkpt>
      <trkpt lat="40.076915953702304" lon="116.33703420924171">
        <ele>45.2</ele>
        <time>2026-07-29T12:02:56.000Z</time>
      </trkpt>
      <trkpt lat="40.07689852696583" lon="116.3370086809209">
        <ele>45.3</ele>
        <time>2026-07-29T12:02:57.000Z</time>
      </trkpt>
      <trkpt lat="40.07687982409081" lon="116.33698491072268">
        <ele>45.3</ele>
        <time>2026-07-29T12:02:58.000Z</time>
      </trkpt>
      <trkpt lat="40.07685983297837" lon="116.33696305824266">
        <ele>45.3</ele>
        <time>2026-07-29T12:02:59.000Z</time>
      </trkpt>
      <trkpt lat="40.07683858038653" lon="116.336943159541">
        <ele>45.3</ele>
        <time>2026-07-29T12:03:00.000Z</time>
      </trkpt>
      <trkpt lat="40.07681619571912" lon="116.33692509960105">
        <ele>45.3</ele>
        <time>2026-07-29T12:03:01.000Z</time>
      </trkpt>
      <trkpt lat="40.076792868438986" lon="116.33690891899286">
        <ele>45.3</ele>
        <time>2026-07-29T12:03:02.000Z</time>
      </trkpt>
      <trkpt lat="40.07676870627071" lon="116.3368950842857">
        <ele>45.3</ele>
        <time>2026-07-29T12:03:03.000Z</time>
      </trkpt>
      <trkpt lat="40.07674358034009" lon="116.33688391645849">
        <ele>45.3</ele>
        <time>2026-07-29T12:03:04.000Z</time>
      </trkpt>
      <trkpt lat="40.076717347701354" lon="116.33687530947456">
        <ele>45.3</ele>
        <time>2026-07-29T12:03:05.000Z</time>
      </trkpt>
      <trkpt lat="40.0766903026826" lon="116.33686922713748">
        <ele>45.3</ele>
        <time>2026-07-29T12:03:06.000Z</time>
      </trkpt>
      <trkpt lat="40.07666271015836" lon="116.33686566859924">
        <ele>45.3</ele>
        <time>2026-07-29T12:03:07.000Z</time>
      </trkpt>
      <trkpt lat="40.07663455281533" lon="116.33686448341936">
        <ele>45.3</ele>
        <time>2026-07-29T12:03:08.000Z</time>
      </trkpt>
      <trkpt lat="40.07660599965293" lon="116.33686531353881">
        <ele>45.3</ele>
        <time>2026-07-29T12:03:09.000Z</time>
      </trkpt>
      <trkpt lat="40.076577538802866" lon="116.33686764619218">
        <ele>45.3</ele>
        <time>2026-07-29T12:03:10.000Z</time>
      </trkpt>
      <trkpt lat="40.07654957752108" lon="116.33687100716438">
        <ele>45.3</ele>
        <time>2026-07-29T12:03:11.000Z</time>
      </trkpt>
      <trkpt lat="40.07652226734131" lon="116.33687491040247">
        <ele>45.2</ele>
        <time>2026-07-29T12:03:12.000Z</time>
      </trkpt>
      <trkpt lat="40.07649559666076" lon="116.33687894843219">
        <ele>45.2</ele>
        <time>2026-07-29T12:03:13.000Z</time>
      </trkpt>
      <trkpt lat="40.07646939356384" lon="116.33688294813325">
        <ele>45.2</ele>
        <time>2026-07-29T12:03:14.000Z</time>
      </trkpt>
      <trkpt lat="40.07644345199956" lon="116.33688677045394">
        <ele>45.2</ele>
        <time>2026-07-29T12:03:15.000Z</time>
      </trkpt>
      <trkpt lat="40.07641776978635" lon="116.3368901921404">
        <ele>45.2</ele>
        <time>2026-07-29T12:03:16.000Z</time>
      </trkpt>
      <trkpt lat="40.07639238733455" lon="116.3368931116611">
        <ele>45.2</ele>
        <time>2026-07-29T12:03:17.000Z</time>
      </trkpt>
      <trkpt lat="40.07636732834586" lon="116.33689563868408">
        <ele>45.2</ele>
        <time>2026-07-29T12:03:18.000Z</time>
      </trkpt>
      <trkpt lat="40.076342538412604" lon="116.33689788008893">
        <ele>45.2</ele>
        <time>2026-07-29T12:03:19.000Z</time>
      </trkpt>
      <trkpt lat="40.07631786657309" lon="116.3368997070666">
        <ele>45.2</ele>
        <time>2026-07-29T12:03:20.000Z</time>
      </trkpt>
      <trkpt lat="40.07629317263222" lon="116.33690104528357">
        <ele>45.1</ele>
        <time>2026-07-29T12:03:21.000Z</time>
      </trkpt>
      <trkpt lat="40.07626838172351" lon="116.33690208492878">
        <ele>45.1</ele>
        <time>2026-07-29T12:03:22.000Z</time>
      </trkpt>
      <trkpt lat="40.0762435006" lon="116.33690308028854">
        <ele>45.1</ele>
        <time>2026-07-29T12:03:23.000Z</time>
      </trkpt>
      <trkpt lat="40.07621852206929" lon="116.33690421176547">
        <ele>45.1</ele>
        <time>2026-07-29T12:03:24.000Z</time>
      </trkpt>
      <trkpt lat="40.07619342122927" lon="116.33690564529164">
        <ele>45.1</ele>
        <time>2026-07-29T12:03:25.000Z</time>
      </trkpt>
      <trkpt lat="40.0761683517649" lon="116.33690760789489">
        <ele>45.1</ele>
        <time>2026-07-29T12:03:26.000Z</time>
      </trkpt>
      <trkpt lat="40.076143541105" lon="116.33691003327813">
        <ele>45.1</ele>
        <time>2026-07-29T12:03:27.000Z</time>
      </trkpt>
      <trkpt lat="40.07611902584933" lon="116.33691252929675">
        <ele>45.1</ele>
        <time>2026-07-29T12:03:28.000Z</time>
      </trkpt>
      <trkpt lat="40.0760946054643" lon="116.33691488199698">
        <ele>45.0</ele>
        <time>2026-07-29T12:03:29.000Z</time>
      </trkpt>
      <trkpt lat="40.076070054580505" lon="116.33691699927273">
        <ele>45.0</ele>
        <time>2026-07-29T12:03:30.000Z</time>
      </trkpt>
      <trkpt lat="40.07604536872376" lon="116.33691859402684">
        <ele>45.0</ele>
        <time>2026-07-29T12:03:31.000Z</time>
        <extensions>
          <gpxtpx:TrackPointExtension>
            <gpxtpx:hr>174</gpxtpx:hr>
          </gpxtpx:TrackPointExtension>
        </extensions>
      </trkpt>
      <trkpt lat="40.076020568402846" lon="116.33691928409165">
        <ele>45.0</ele>
        <time>2026-07-29T12:03:32.000Z</time>
        <extensions>
          <gpxtpx:TrackPointExtension>
            <gpxtpx:hr>174</gpxtpx:hr>
          </gpxtpx:TrackPointExtension>
        </extensions>
      </trkpt>
      <trkpt lat="40.075995624714714" lon="116.33691912407829">
        <ele>45.0</ele>
        <time>2026-07-29T12:03:33.000Z</time>
        <extensions>
          <gpxtpx:TrackPointExtension>
            <gpxtpx:hr>174</gpxtpx:hr>
          </gpxtpx:TrackPointExtension>
        </extensions>
      </trkpt>
      <trkpt lat="40.07597050570552" lon="116.33691840517538">
        <ele>45.0</ele>
        <time>2026-07-29T12:03:34.000Z</time>
        <extensions>
          <gpxtpx:TrackPointExtension>
            <gpxtpx:hr>174</gpxtpx:hr>
          </gpxtpx:TrackPointExtension>
        </extensions>
      </trkpt>
      <trkpt lat="40.07594519556661" lon="116.33691739284073">
        <ele>45.0</ele>
        <time>2026-07-29T12:03:35.000Z</time>
        <extensions>
          <gpxtpx:TrackPointExtension>
            <gpxtpx:hr>174</gpxtpx:hr>
          </gpxtpx:TrackPointExtension>
        </extensions>
      </trkpt>
      <trkpt lat="40.07591978120827" lon="116.33691675639894">
        <ele>45.0</ele>
        <time>2026-07-29T12:03:36.000Z</time>
        <extensions>
          <gpxtpx:TrackPointExtension>
            <gpxtpx:hr>174</gpxtpx:hr>
          </gpxtpx:TrackPointExtension>
        </extensions>
      </trkpt>
      <trkpt lat="40.075894332071094" lon="116.33691728695136">
        <ele>45.0</ele>
        <time>2026-07-29T12:03:37.000Z</time>
        <extensions>
          <gpxtpx:TrackPointExtension>
            <gpxtpx:hr>174</gpxtpx:hr>
          </gpxtpx:TrackPointExtension>
        </extensions>
      </trkpt>
      <trkpt lat="40.075868930272755" lon="116.33691908718849">
        <ele>45.0</ele>
        <time>2026-07-29T12:03:38.000Z</time>
        <extensions>
          <gpxtpx:TrackPointExtension>
            <gpxtpx:hr>174</gpxtpx:hr>
          </gpxtpx:TrackPointExtension>
        </extensions>
      </trkpt>
      <trkpt lat="40.075843752545566" lon="116.33692138945135">
        <ele>45.0</ele>
        <time>2026-07-29T12:03:39.000Z</time>
        <extensions>
          <gpxtpx:TrackPointExtension>
            <gpxtpx:hr>174</gpxtpx:hr>
          </gpxtpx:TrackPointExtension>
        </extensions>
      </trkpt>
      <trkpt lat="40.075819044942186" lon="116.3369231227895">
        <ele>45.0</ele>
        <time>2026-07-29T12:03:40.000Z</time>
        <extensions>
          <gpxtpx:TrackPointExtension>
            <gpxtpx:hr>174</gpxtpx:hr>
          </gpxtpx:TrackPointExtension>
        </extensions>
      </trkpt>
      <trkpt lat="40.07579487994286" lon="116.336923885386">
        <ele>45.0</ele>
        <time>2026-07-29T12:03:41.000Z</time>
        <extensions>
          <gpxtpx:TrackPointExtension>
            <gpxtpx:hr>174</gpxtpx:hr>
          </gpxtpx:TrackPointExtension>
        </extensions>
      </trkpt>
      <trkpt lat="40.07577108370508" lon="116.33692414495313">
        <ele>45.0</ele>
        <time>2026-07-29T12:03:42.000Z</time>
        <extensions>
          <gpxtpx:TrackPointExtension>
            <gpxtpx:hr>174</gpxtpx:hr>
          </gpxtpx:TrackPointExtension>
        </extensions>
      </trkpt>
      <trkpt lat="40.07574765712186" lon="116.33692480932702">
        <ele>45.0</ele>
        <time>2026-07-29T12:03:43.000Z</time>
        <extensions>
          <gpxtpx:TrackPointExtension>
            <gpxtpx:hr>174</gpxtpx:hr>
          </gpxtpx:TrackPointExtension>
        </extensions>
      </trkpt>
      <trkpt lat="40.0757246601328" lon="116.33692683406684">
        <ele>45.0</ele>
        <time>2026-07-29T12:03:44.000Z</time>
        <extensions>
          <gpxtpx:TrackPointExtension>
            <gpxtpx:hr>174</gpxtpx:hr>
          </gpxtpx:TrackPointExtension>
        </extensions>
      </trkpt>
      <trkpt lat="40.07570212021752" lon="116.33693071955012">
        <ele>45.0</ele>
        <time>2026-07-29T12:03:45.000Z</time>
        <extensions>
          <gpxtpx:TrackPointExtension>
            <gpxtpx:hr>174</gpxtpx:hr>
          </gpxtpx:TrackPointExtension>
        </extensions>
      </trkpt>
      <trkpt lat="40.07568016109054" lon="116.33693665206734">
        <ele>45.0</ele>
        <time>2026-07-29T12:03:46.000Z</time>
        <extensions>
          <gpxtpx:TrackPointExtension>
            <gpxtpx:hr>174</gpxtpx:hr>
          </gpxtpx:TrackPointExtension>
        </extensions>
      </trkpt>
      <trkpt lat="40.0756588854257" lon="116.33694489764456">
        <ele>45.0</ele>
        <time>2026-07-29T12:03:47.000Z</time>
        <extensions>
          <gpxtpx:TrackPointExtension>
            <gpxtpx:hr>174</gpxtpx:hr>
          </gpxtpx:TrackPointExtension>
        </extensions>
      </trkpt>
      <trkpt lat="40.07563840673461" lon="116.3369557427252">
        <ele>45.0</ele>
        <time>2026-07-29T12:03:48.000Z</time>
        <extensions>
          <gpxtpx:TrackPointExtension>
            <gpxtpx:hr>174</gpxtpx:hr>
          </gpxtpx:TrackPointExtension>
        </extensions>
      </trkpt>
      <trkpt lat="40.07561890260339" lon="116.33696935188551">
        <ele>45.0</ele>
        <time>2026-07-29T12:03:49.000Z</time>
        <extensions>
          <gpxtpx:TrackPointExtension>
            <gpxtpx:hr>174</gpxtpx:hr>
          </gpxtpx:TrackPointExtension>
        </extensions>
      </trkpt>
      <trkpt lat="40.07560051816901" lon="116.33698591416403">
        <ele>45.0</ele>
        <time>2026-07-29T12:03:50.000Z</time>
        <extensions>
          <gpxtpx:TrackPointExtension>
            <gpxtpx:hr>174</gpxtpx:hr>
          </gpxtpx:TrackPointExtension>
        </extensions>
      </trkpt>
      <trkpt lat="40.075583341045764" lon="116.337005587992">
        <ele>45.0</ele>
        <time>2026-07-29T12:03:51.000Z</time>
        <extensions>
          <gpxtpx:TrackPointExtension>
            <gpxtpx:hr>174</gpxtpx:hr>
          </gpxtpx:TrackPointExtension>
        </extensions>
      </trkpt>
      <trkpt lat="40.075567467997104" lon="116.33702840649742">
        <ele>45.0</ele>
        <time>2026-07-29T12:03:52.000Z</time>
        <extensions>
          <gpxtpx:TrackPointExtension>
            <gpxtpx:hr>174</gpxtpx:hr>
          </gpxtpx:TrackPointExtension>
        </extensions>
      </trkpt>
      <trkpt lat="40.07555288110226" lon="116.33705430927827">
        <ele>45.1</ele>
        <time>2026-07-29T12:03:53.000Z</time>
        <extensions>
          <gpxtpx:TrackPointExtension>
            <gpxtpx:hr>174</gpxtpx:hr>
          </gpxtpx:TrackPointExtension>
        </extensions>
      </trkpt>
      <trkpt lat="40.07553946668534" lon="116.33708278302211">
        <ele>45.1</ele>
        <time>2026-07-29T12:03:54.000Z</time>
        <extensions>
          <gpxtpx:TrackPointExtension>
            <gpxtpx:hr>174</gpxtpx:hr>
          </gpxtpx:TrackPointExtension>
        </extensions>
      </trkpt>
      <trkpt lat="40.075527154233065" lon="116.33711292539749">
        <ele>45.1</ele>
        <time>2026-07-29T12:03:55.000Z</time>
        <extensions>
          <gpxtpx:TrackPointExtension>
            <gpxtpx:hr>174</gpxtpx:hr>
          </gpxtpx:TrackPointExtension>
        </extensions>
      </trkpt>
      <trkpt lat="40.075516030654015" lon="116.33714395310379">
        <ele>45.1</ele>
        <time>2026-07-29T12:03:56.000Z</time>
        <extensions>
          <gpxtpx:TrackPointExtension>
            <gpxtpx:hr>174</gpxtpx:hr>
          </gpxtpx:TrackPointExtension>
        </extensions>
      </trkpt>
      <trkpt lat="40.075506325461596" lon="116.33717543101673">
        <ele>45.1</ele>
        <time>2026-07-29T12:03:57.000Z</time>
        <extensions>
          <gpxtpx:TrackPointExtension>
            <gpxtpx:hr>174</gpxtpx:hr>
          </gpxtpx:TrackPointExtension>
        </extensions>
      </trkpt>
      <trkpt lat="40.07549813357576" lon="116.33720752901361">
        <ele>45.1</ele>
        <time>2026-07-29T12:03:58.000Z</time>
        <extensions>
          <gpxtpx:TrackPointExtension>
            <gpxtpx:hr>174</gpxtpx:hr>
          </gpxtpx:TrackPointExtension>
        </extensions>
      </trkpt>
      <trkpt lat="40.07549141994913" lon="116.33724065965706">
        <ele>45.1</ele>
        <time>2026-07-29T12:03:59.000Z</time>
        <extensions>
          <gpxtpx:TrackPointExtension>
            <gpxtpx:hr>174</gpxtpx:hr>
          </gpxtpx:TrackPointExtension>
        </extensions>
      </trkpt>
      <trkpt lat="40.07548627451089" lon="116.33727481121487">
        <ele>45.1</ele>
        <time>2026-07-29T12:04:00.000Z</time>
        <extensions>
          <gpxtpx:TrackPointExtension>
            <gpxtpx:hr>174</gpxtpx:hr>
          </gpxtpx:TrackPointExtension>
        </extensions>
      </trkpt>
      <trkpt lat="40.07548278700403" lon="116.33730966326546">
        <ele>45.1</ele>
        <time>2026-07-29T12:04:01.000Z</time>
      </trkpt>
      <trkpt lat="40.0754810035516" lon="116.33734480568675">
        <ele>45.2</ele>
        <time>2026-07-29T12:04:02.000Z</time>
      </trkpt>
      <trkpt lat="40.07548090602119" lon="116.33737999887369">
        <ele>45.2</ele>
        <time>2026-07-29T12:04:03.000Z</time>
      </trkpt>
      <trkpt lat="40.07548240255106" lon="116.33741512108107">
        <ele>45.2</ele>
        <time>2026-07-29T12:04:04.000Z</time>
      </trkpt>
      <trkpt lat="40.075485387486616" lon="116.33744998027075">
        <ele>45.2</ele>
        <time>2026-07-29T12:04:05.000Z</time>
      </trkpt>
      <trkpt lat="40.07548959603961" lon="116.33748439735216">
        <ele>45.2</ele>
        <time>2026-07-29T12:04:06.000Z</time>
      </trkpt>
      <trkpt lat="40.07549494833824" lon="116.3375181847508">
        <ele>45.2</ele>
        <time>2026-07-29T12:04:07.000Z</time>
      </trkpt>
      <trkpt lat="40.07550162546746" lon="116.33755109411908">
        <ele>45.2</ele>
        <time>2026-07-29T12:04:08.000Z</time>
      </trkpt>
      <trkpt lat="40.075509797566646" lon="116.33758301577072">
        <ele>45.1</ele>
        <time>2026-07-29T12:04:09.000Z</time>
      </trkpt>
      <trkpt lat="40.07551939897817" lon="116.33761394014506">
        <ele>45.1</ele>
        <time>2026-07-29T12:04:10.000Z</time>
      </trkpt>
      <trkpt lat="40.07553011045194" lon="116.33764375134373">
        <ele>45.1</ele>
        <time>2026-07-29T12:04:11.000Z</time>
      </trkpt>
      <trkpt lat="40.07554184328699" lon="116.3376722732169">
        <ele>45.1</ele>
        <time>2026-07-29T12:04:12.000Z</time>
      </trkpt>
      <trkpt lat="40.075555017786755" lon="116.33769934398322">
        <ele>45.1</ele>
        <time>2026-07-29T12:04:13.000Z</time>
      </trkpt>
      <trkpt lat="40.07557021074283" lon="116.3377248226078">
        <ele>45.1</ele>
        <time>2026-07-29T12:04:14.000Z</time>
      </trkpt>
      <trkpt lat="40.07558761162612" lon="116.33774869166972">
        <ele>45.1</ele>
        <time>2026-07-29T12:04:15.000Z</time>
      </trkpt>
      <trkpt lat="40.075607015143284" lon="116.33777111443045">
        <ele>45.1</ele>
        <time>2026-07-29T12:04:16.000Z</time>
      </trkpt>
      <trkpt lat="40.07562791782203" lon="116.33779225323632">
        <ele>45.1</ele>
        <time>2026-07-29T12:04:17.000Z</time>
      </trkpt>
      <trkpt lat="40.075649886513546" lon="116.33781187184282">
        <ele>45.0</ele>
        <time>2026-07-29T12:04:18.000Z</time>
      </trkpt>
      <trkpt lat="40.075672882970515" lon="116.33782944256788">
        <ele>45.0</ele>
        <time>2026-07-29T12:04:19.000Z</time>
      </trkpt>
      <trkpt lat="40.07569675427547" lon="116.33784472108944">
        <ele>45.0</ele>
        <time>2026-07-29T12:04:20.000Z</time>
      </trkpt>
      <trkpt lat="40.07572120672549" lon="116.33785771974915">
        <ele>45.0</ele>
        <time>2026-07-29T12:04:21.000Z</time>
      </trkpt>
      <trkpt lat="40.075746072226494" lon="116.33786861157635">
        <ele>44.9</ele>
        <time>2026-07-29T12:04:22.000Z</time>
      </trkpt>
      <trkpt lat="40.075771234296376" lon="116.33787758504401">
        <ele>44.9</ele>
        <time>2026-07-29T12:04:23.000Z</time>
      </trkpt>
      <trkpt lat="40.07579658293726" lon="116.33788476811878">
        <ele>44.9</ele>
        <time>2026-07-29T12:04:24.000Z</time>
      </trkpt>
      <trkpt lat="40.07582196229987" lon="116.33789018451792">
        <ele>44.9</ele>
        <time>2026-07-29T12:04:25.000Z</time>
      </trkpt>
      <trkpt lat="40.075847253197615" lon="116.3378937495598">
        <ele>44.8</ele>
        <time>2026-07-29T12:04:26.000Z</time>
      </trkpt>
      <trkpt lat="40.07587249737775" lon="116.33789534634985">
        <ele>44.8</ele>
        <time>2026-07-29T12:04:27.000Z</time>
      </trkpt>
      <trkpt lat="40.07589776028354" lon="116.33789501014586">
        <ele>44.8</ele>
        <time>2026-07-29T12:04:28.000Z</time>
      </trkpt>
      <trkpt lat="40.075922935802545" lon="116.33789322579514">
        <ele>44.8</ele>
        <time>2026-07-29T12:04:29.000Z</time>
      </trkpt>
      <trkpt lat="40.075947890185574" lon="116.33789073592081">
        <ele>44.8</ele>
        <time>2026-07-29T12:04:30.000Z</time>
      </trkpt>
      <trkpt lat="40.075972482792466" lon="116.3378882956146">
        <ele>44.8</ele>
        <time>2026-07-29T12:04:31.000Z</time>
      </trkpt>
      <trkpt lat="40.075996597738325" lon="116.33788633456474">
        <ele>44.7</ele>
        <time>2026-07-29T12:04:32.000Z</time>
      </trkpt>
      <trkpt lat="40.076020234087906" lon="116.33788483732411">
        <ele>44.7</ele>
        <time>2026-07-29T12:04:33.000Z</time>
      </trkpt>
      <trkpt lat="40.07604334535695" lon="116.33788361990425">
        <ele>44.7</ele>
        <time>2026-07-29T12:04:34.000Z</time>
      </trkpt>
      <trkpt lat="40.076066068032" lon="116.3378823310644">
        <ele>44.7</ele>
        <time>2026-07-29T12:04:35.000Z</time>
      </trkpt>
      <trkpt lat="40.076088758982955" lon="116.33788046493827">
        <ele>44.7</ele>
        <time>2026-07-29T12:04:36.000Z</time>
      </trkpt>
      <trkpt lat="40.0761116385711" lon="116.33787778055556">
        <ele>44.7</ele>
        <time>2026-07-29T12:04:37.000Z</time>
      </trkpt>
      <trkpt lat="40.07613483841221" lon="116.33787455732744">
        <ele>44.6</ele>
        <time>2026-07-29T12:04:38.000Z</time>
      </trkpt>
      <trkpt lat="40.07615836977231" lon="116.3378712036204">
        <ele>44.6</ele>
        <time>2026-07-29T12:04:39.000Z</time>
      </trkpt>
      <trkpt lat="40.07618202369263" lon="116.33786811245878">
        <ele>44.6</ele>
        <time>2026-07-29T12:04:40.000Z</time>
      </trkpt>
      <trkpt lat="40.07620553495366" lon="116.33786556786707">
        <ele>44.6</ele>
        <time>2026-07-29T12:04:41.000Z</time>
      </trkpt>
      <trkpt lat="40.07622873744534" lon="116.33786378230286">
        <ele>44.6</ele>
        <time>2026-07-29T12:04:42.000Z</time>
      </trkpt>
      <trkpt lat="40.076251646417475" lon="116.33786276448419">
        <ele>44.6</ele>
        <time>2026-07-29T12:04:43.000Z</time>
      </trkpt>
      <trkpt lat="40.076274493779295" lon="116.33786193852016">
        <ele>44.6</ele>
        <time>2026-07-29T12:04:44.000Z</time>
      </trkpt>
      <trkpt lat="40.07629744761381" lon="116.33786057872953">
        <ele>44.6</ele>
        <time>2026-07-29T12:04:45.000Z</time>
      </trkpt>
      <trkpt lat="40.0763204718117" lon="116.33785833202235">
        <ele>44.6</ele>
        <time>2026-07-29T12:04:46.000Z</time>
      </trkpt>
      <trkpt lat="40.07634351207515" lon="116.33785537918745">
        <ele>44.6</ele>
        <time>2026-07-29T12:04:47.000Z</time>
      </trkpt>
      <trkpt lat="40.07636658484242" lon="116.33785229995178">
        <ele>44.6</ele>
        <time>2026-07-29T12:04:48.000Z</time>
      </trkpt>
      <trkpt lat="40.076389728842635" lon="116.33784945035704">
        <ele>44.6</ele>
        <time>2026-07-29T12:04:49.000Z</time>
      </trkpt>
      <trkpt lat="40.076413031658305" lon="116.3378468069">
        <ele>44.6</ele>
        <time>2026-07-29T12:04:50.000Z</time>
      </trkpt>
      <trkpt lat="40.076436562618106" lon="116.33784449395161">
        <ele>44.6</ele>
        <time>2026-07-29T12:04:51.000Z</time>
      </trkpt>
      <trkpt lat="40.07646031061593" lon="116.33784266707548">
        <ele>44.5</ele>
        <time>2026-07-29T12:04:52.000Z</time>
      </trkpt>
      <trkpt lat="40.07648420710502" lon="116.33784133991347">
        <ele>44.5</ele>
        <time>2026-07-29T12:04:53.000Z</time>
      </trkpt>
      <trkpt lat="40.076508090240544" lon="116.33784032831922">
        <ele>44.5</ele>
        <time>2026-07-29T12:04:54.000Z</time>
      </trkpt>
      <trkpt lat="40.076531780202885" lon="116.3378393446511">
        <ele>44.5</ele>
        <time>2026-07-29T12:04:55.000Z</time>
      </trkpt>
      <trkpt lat="40.07655526299224" lon="116.33783809597162">
        <ele>44.5</ele>
        <time>2026-07-29T12:04:56.000Z</time>
      </trkpt>
      <trkpt lat="40.07657867084889" lon="116.33783645330826">
        <ele>44.5</ele>
        <time>2026-07-29T12:04:57.000Z</time>
      </trkpt>
      <trkpt lat="40.07660210679667" lon="116.3378345935341">
        <ele>44.5</ele>
        <time>2026-07-29T12:04:58.000Z</time>
      </trkpt>
      <trkpt lat="40.07662554391269" lon="116.33783277078969">
        <ele>44.5</ele>
        <time>2026-07-29T12:04:59.000Z</time>
      </trkpt>
      <trkpt lat="40.07664883344417" lon="116.33783126350248">
        <ele>44.5</ele>
        <time>2026-07-29T12:05:00.000Z</time>
      </trkpt>
      <trkpt lat="40.07667191966357" lon="116.33783038276796">
        <ele>44.5</ele>
        <time>2026-07-29T12:05:01.000Z</time>
      </trkpt>
      <trkpt lat="40.07669474837073" lon="116.33783004519542">
        <ele>44.5</ele>
        <time>2026-07-29T12:05:02.000Z</time>
      </trkpt>
      <trkpt lat="40.0767173408566" lon="116.33782968180893">
        <ele>44.5</ele>
        <time>2026-07-29T12:05:03.000Z</time>
      </trkpt>
      <trkpt lat="40.076739892388545" lon="116.33782843250873">
        <ele>44.5</ele>
        <time>2026-07-29T12:05:04.000Z</time>
      </trkpt>
      <trkpt lat="40.076762516147795" lon="116.33782526658166">
        <ele>44.5</ele>
        <time>2026-07-29T12:05:05.000Z</time>
      </trkpt>
      <trkpt lat="40.07678499308671" lon="116.33781922410584">
        <ele>44.5</ele>
        <time>2026-07-29T12:05:06.000Z</time>
      </trkpt>
      <trkpt lat="40.076806925602625" lon="116.33780955905452">
        <ele>44.5</ele>
        <time>2026-07-29T12:05:07.000Z</time>
      </trkpt>
      <trkpt lat="40.07682805988702" lon="116.33779613139686">
        <ele>44.5</ele>
        <time>2026-07-29T12:05:08.000Z</time>
      </trkpt>
      <trkpt lat="40.07684841086383" lon="116.3377794400925">
        <ele>44.5</ele>
        <time>2026-07-29T12:05:09.000Z</time>
      </trkpt>
      <trkpt lat="40.076868305576916" lon="116.33776046627364">
        <ele>44.5</ele>
        <time>2026-07-29T12:05:10.000Z</time>
      </trkpt>
      <trkpt lat="40.07688797302873" lon="116.33774000003935">
        <ele>44.5</ele>
        <time>2026-07-29T12:05:11.000Z</time>
      </trkpt>
      <trkpt lat="40.076907346660086" lon="116.33771821067302">
        <ele>44.5</ele>
        <time>2026-07-29T12:05:12.000Z</time>
      </trkpt>
      <trkpt lat="40.07692626845119" lon="116.3376950790036">
        <ele>44.5</ele>
        <time>2026-07-29T12:05:13.000Z</time>
      </trkpt>
      <trkpt lat="40.076944451884366" lon="116.33767050334134">
        <ele>44.6</ele>
        <time>2026-07-29T12:05:14.000Z</time>
      </trkpt>
      <trkpt lat="40.076961412362344" lon="116.33764444928926">
        <ele>44.6</ele>
        <time>2026-07-29T12:05:15.000Z</time>
      </trkpt>
      <trkpt lat="40.07697681739255" lon="116.33761701863651">
        <ele>44.6</ele>
        <time>2026-07-29T12:05:16.000Z</time>
      </trkpt>
      <trkpt lat="40.0769906210871" lon="116.33758828847047">
        <ele>44.6</ele>
        <time>2026-07-29T12:05:17.000Z</time>
      </trkpt>
      <trkpt lat="40.077002849915914" lon="116.33755834967764">
        <ele>44.6</ele>
        <time>2026-07-29T12:05:18.000Z</time>
      </trkpt>
      <trkpt lat="40.07701319503169" lon="116.33752737693894">
        <ele>44.6</ele>
        <time>2026-07-29T12:05:19.000Z</time>
      </trkpt>
      <trkpt lat="40.077021190543775" lon="116.33749559463737">
        <ele>44.6</ele>
        <time>2026-07-29T12:05:20.000Z</time>
      </trkpt>
      <trkpt lat="40.07702666539716" lon="116.33746325702086">
        <ele>44.6</ele>
        <time>2026-07-29T12:05:21.000Z</time>
      </trkpt>
      <trkpt lat="40.077029759282915" lon="116.33743050753304">
        <ele>44.7</ele>
        <time>2026-07-29T12:05:22.000Z</time>
      </trkpt>
      <trkpt lat="40.0770309559561" lon="116.33739743607404">
        <ele>44.7</ele>
        <time>2026-07-29T12:05:23.000Z</time>
      </trkpt>
      <trkpt lat="40.07703071985214" lon="116.3373643272191">
        <ele>44.7</ele>
        <time>2026-07-29T12:05:24.000Z</time>
      </trkpt>
      <trkpt lat="40.07702926081242" lon="116.33733170460158">
        <ele>44.7</ele>
        <time>2026-07-29T12:05:25.000Z</time>
      </trkpt>
      <trkpt lat="40.077026525718345" lon="116.33729981856304">
        <ele>44.7</ele>
        <time>2026-07-29T12:05:26.000Z</time>
      </trkpt>
      <trkpt lat="40.077022313911954" lon="116.33726846082902">
        <ele>44.7</ele>
        <time>2026-07-29T12:05:27.000Z</time>
      </trkpt>
      <trkpt lat="40.077016552135696" lon="116.33723728692911">
        <ele>44.7</ele>
        <time>2026-07-29T12:05:28.000Z</time>
      </trkpt>
      <trkpt lat="40.077009231344775" lon="116.33720602529064">
        <ele>44.8</ele>
        <time>2026-07-29T12:05:29.000Z</time>
      </trkpt>
      <trkpt lat="40.07700022617835" lon="116.33717470380667">
        <ele>44.8</ele>
        <time>2026-07-29T12:05:30.000Z</time>
      </trkpt>
      <trkpt lat="40.07698955253811" lon="116.33714339351104">
        <ele>44.8</ele>
        <time>2026-07-29T12:05:31.000Z</time>
      </trkpt>
      <trkpt lat="40.076977495355784" lon="116.3371122057945">
        <ele>44.8</ele>
        <time>2026-07-29T12:05:32.000Z</time>
      </trkpt>
      <trkpt lat="40.07696420666973" lon="116.33708121950488">
        <ele>44.8</ele>
        <time>2026-07-29T12:05:33.000Z</time>
      </trkpt>
      <trkpt lat="40.076949714762435" lon="116.33705039369944">
        <ele>44.8</ele>
        <time>2026-07-29T12:05:34.000Z</time>
      </trkpt>
      <trkpt lat="40.07693395905776" lon="116.33701985664976">
        <ele>44.9</ele>
        <time>2026-07-29T12:05:35.000Z</time>
      </trkpt>
      <trkpt lat="40.07691677023505" lon="116.33699013010053">
        <ele>44.9</ele>
        <time>2026-07-29T12:05:36.000Z</time>
      </trkpt>
      <trkpt lat="40.07689834397905" lon="116.33696137627176">
        <ele>44.9</ele>
        <time>2026-07-29T12:05:37.000Z</time>
      </trkpt>
      <trkpt lat="40.07687898065043" lon="116.3369332720995">
        <ele>44.9</ele>
        <time>2026-07-29T12:05:38.000Z</time>
      </trkpt>
      <trkpt lat="40.07685857803437" lon="116.33690585377107">
        <ele>44.9</ele>
        <time>2026-07-29T12:05:39.000Z</time>
      </trkpt>
      <trkpt lat="40.0768368961246" lon="116.33687950253918">
        <ele>44.9</ele>
        <time>2026-07-29T12:05:40.000Z</time>
      </trkpt>
      <trkpt lat="40.07681368670484" lon="116.33685479245077">
        <ele>44.9</ele>
        <time>2026-07-29T12:05:41.000Z</time>
      </trkpt>
      <trkpt lat="40.076788586878614" lon="116.33683230565295">
        <ele>44.9</ele>
        <time>2026-07-29T12:05:42.000Z</time>
      </trkpt>
      <trkpt lat="40.07676130397279" lon="116.33681192981086">
        <ele>44.9</ele>
        <time>2026-07-29T12:05:43.000Z</time>
      </trkpt>
      <trkpt lat="40.076732066079266" lon="116.3367931831239">
        <ele>44.9</ele>
        <time>2026-07-29T12:05:44.000Z</time>
      </trkpt>
      <trkpt lat="40.07670137574875" lon="116.33677594857956">
        <ele>44.9</ele>
        <time>2026-07-29T12:05:45.000Z</time>
      </trkpt>
      <trkpt lat="40.076669774468144" lon="116.3367601632188">
        <ele>44.9</ele>
        <time>2026-07-29T12:05:46.000Z</time>
      </trkpt>
      <trkpt lat="40.07663765544102" lon="116.33674602693006">
        <ele>44.9</ele>
        <time>2026-07-29T12:05:47.000Z</time>
      </trkpt>
      <trkpt lat="40.076605255465886" lon="116.33673402024843">
        <ele>44.8</ele>
        <time>2026-07-29T12:05:48.000Z</time>
      </trkpt>
      <trkpt lat="40.0765728599048" lon="116.33672455157351">
        <ele>44.8</ele>
        <time>2026-07-29T12:05:49.000Z</time>
      </trkpt>
      <trkpt lat="40.0765407122115" lon="116.33671777665816">
        <ele>44.8</ele>
        <time>2026-07-29T12:05:50.000Z</time>
      </trkpt>
      <trkpt lat="40.07650904167733" lon="116.33671347609354">
        <ele>44.8</ele>
        <time>2026-07-29T12:05:51.000Z</time>
      </trkpt>
      <trkpt lat="40.07647799439212" lon="116.33671090677609">
        <ele>44.8</ele>
        <time>2026-07-29T12:05:52.000Z</time>
      </trkpt>
      <trkpt lat="40.076447598372376" lon="116.33670900131841">
        <ele>44.8</ele>
        <time>2026-07-29T12:05:53.000Z</time>
      </trkpt>
      <trkpt lat="40.076417905685204" lon="116.3367068795852">
        <ele>44.8</ele>
        <time>2026-07-29T12:05:54.000Z</time>
      </trkpt>
      <trkpt lat="40.07638888641783" lon="116.33670447926917">
        <ele>44.8</ele>
        <time>2026-07-29T12:05:55.000Z</time>
      </trkpt>
      <trkpt lat="40.07636045029326" lon="116.33670259977504">
        <ele>44.8</ele>
        <time>2026-07-29T12:05:56.000Z</time>
      </trkpt>
      <trkpt lat="40.07633236951937" lon="116.33670175495048">
        <ele>44.8</ele>
        <time>2026-07-29T12:05:57.000Z</time>
      </trkpt>
      <trkpt lat="40.07630442884146" lon="116.33670186477643">
        <ele>44.8</ele>
        <time>2026-07-29T12:05:58.000Z</time>
      </trkpt>
      <trkpt lat="40.076276609232615" lon="116.33670294038559">
        <ele>44.8</ele>
        <time>2026-07-29T12:05:59.000Z</time>
      </trkpt>
      <trkpt lat="40.076248865217686" lon="116.33670511280891">
        <ele>44.8</ele>
        <time>2026-07-29T12:06:00.000Z</time>
      </trkpt>
      <trkpt lat="40.076221015587954" lon="116.33670842428917">
        <ele>44.8</ele>
        <time>2026-07-29T12:06:01.000Z</time>
      </trkpt>
      <trkpt lat="40.07619293063887" lon="116.33671294350775">
        <ele>44.8</ele>
        <time>2026-07-29T12:06:02.000Z</time>
      </trkpt>
      <trkpt lat="40.07616462247901" lon="116.33671850312682">
        <ele>44.8</ele>
        <time>2026-07-29T12:06:03.000Z</time>
      </trkpt>
      <trkpt lat="40.07613619442373" lon="116.33672466334374">
        <ele>44.8</ele>
        <time>2026-07-29T12:06:04.000Z</time>
      </trkpt>
      <trkpt lat="40.07610778845035" lon="116.33673102213358">
        <ele>44.8</ele>
        <time>2026-07-29T12:06:05.000Z</time>
      </trkpt>
      <trkpt lat="40.07607950707289" lon="116.33673761837325">
        <ele>44.8</ele>
        <time>2026-07-29T12:06:06.000Z</time>
      </trkpt>
      <trkpt lat="40.0760514773715" lon="116.33674498276378">
        <ele>44.8</ele>
        <time>2026-07-29T12:06:07.000Z</time>
      </trkpt>
      <trkpt lat="40.07602383168795" lon="116.33675356761859">
        <ele>44.8</ele>
        <time>2026-07-29T12:06:08.000Z</time>
      </trkpt>
      <trkpt lat="40.075996618230185" lon="116.33676343448057">
        <ele>44.8</ele>
        <time>2026-07-29T12:06:09.000Z</time>
      </trkpt>
      <trkpt lat="40.075969802056925" lon="116.33677458993006">
        <ele>44.9</ele>
        <time>2026-07-29T12:06:10.000Z</time>
      </trkpt>
      <trkpt lat="40.07594330501539" lon="116.33678718478916">
        <ele>44.9</ele>
        <time>2026-07-29T12:06:11.000Z</time>
      </trkpt>
      <trkpt lat="40.07591713688364" lon="116.3368013914523">
        <ele>44.9</ele>
        <time>2026-07-29T12:06:12.000Z</time>
      </trkpt>
      <trkpt lat="40.07589143333334" lon="116.3368168047707">
        <ele>44.9</ele>
        <time>2026-07-29T12:06:13.000Z</time>
      </trkpt>
      <trkpt lat="40.07586636366631" lon="116.33683212555808">
        <ele>44.9</ele>
        <time>2026-07-29T12:06:14.000Z</time>
      </trkpt>
      <trkpt lat="40.075842002345276" lon="116.33684575392917">
        <ele>44.9</ele>
        <time>2026-07-29T12:06:15.000Z</time>
      </trkpt>
      <trkpt lat="40.07581851657232" lon="116.33685635897312">
        <ele>44.9</ele>
        <time>2026-07-29T12:06:16.000Z</time>
      </trkpt>
      <trkpt lat="40.07579611063735" lon="116.33686346725298">
        <ele>44.9</ele>
        <time>2026-07-29T12:06:17.000Z</time>
      </trkpt>
      <trkpt lat="40.07577467931762" lon="116.3368674853558">
        <ele>44.9</ele>
        <time>2026-07-29T12:06:18.000Z</time>
      </trkpt>
      <trkpt lat="40.07575391798003" lon="116.33686961269112">
        <ele>44.9</ele>
        <time>2026-07-29T12:06:19.000Z</time>
      </trkpt>
      <trkpt lat="40.0757335595133" lon="116.33687159355713">
        <ele>44.8</ele>
        <time>2026-07-29T12:06:20.000Z</time>
      </trkpt>
      <trkpt lat="40.075713424199044" lon="116.33687474196361">
        <ele>44.8</ele>
        <time>2026-07-29T12:06:21.000Z</time>
      </trkpt>
      <trkpt lat="40.07569345344352" lon="116.33687969871734">
        <ele>44.8</ele>
        <time>2026-07-29T12:06:22.000Z</time>
      </trkpt>
      <trkpt lat="40.07567374076266" lon="116.33688656313043">
        <ele>44.8</ele>
        <time>2026-07-29T12:06:23.000Z</time>
      </trkpt>
      <trkpt lat="40.0756544944445" lon="116.33689524494991">
        <ele>44.8</ele>
        <time>2026-07-29T12:06:24.000Z</time>
      </trkpt>
      <trkpt lat="40.07563584839864" lon="116.33690594718487">
        <ele>44.8</ele>
        <time>2026-07-29T12:06:25.000Z</time>
      </trkpt>
      <trkpt lat="40.07561767462573" lon="116.33691902496096">
        <ele>44.8</ele>
        <time>2026-07-29T12:06:26.000Z</time>
      </trkpt>
      <trkpt lat="40.07559967705525" lon="116.3369344941164">
        <ele>44.9</ele>
        <time>2026-07-29T12:06:27.000Z</time>
      </trkpt>
      <trkpt lat="40.07558174126232" lon="116.33695209323325">
        <ele>44.9</ele>
        <time>2026-07-29T12:06:28.000Z</time>
      </trkpt>
      <trkpt lat="40.07556395517348" lon="116.33697156865803">
        <ele>44.9</ele>
        <time>2026-07-29T12:06:29.000Z</time>
      </trkpt>
      <trkpt lat="40.07554665996943" lon="116.33699288220122">
        <ele>44.9</ele>
        <time>2026-07-29T12:06:30.000Z</time>
      </trkpt>
      <trkpt lat="40.07553051866022" lon="116.33701621187623">
        <ele>44.9</ele>
        <time>2026-07-29T12:06:31.000Z</time>
      </trkpt>
      <trkpt lat="40.07551591124218" lon="116.33704165944823">
        <ele>44.9</ele>
        <time>2026-07-29T12:06:32.000Z</time>
      </trkpt>
      <trkpt lat="40.075502887403466" lon="116.33706920610916">
        <ele>45.0</ele>
        <time>2026-07-29T12:06:33.000Z</time>
      </trkpt>
      <trkpt lat="40.07549132792719" lon="116.33709887527378">
        <ele>45.0</ele>
        <time>2026-07-29T12:06:34.000Z</time>
      </trkpt>
      <trkpt lat="40.075481034889876" lon="116.33713061494335">
        <ele>45.0</ele>
        <time>2026-07-29T12:06:35.000Z</time>
      </trkpt>
      <trkpt lat="40.075472013904616" lon="116.33716416472751">
        <ele>45.0</ele>
        <time>2026-07-29T12:06:36.000Z</time>
      </trkpt>
      <trkpt lat="40.075464566471496" lon="116.33719919076785">
        <ele>45.0</ele>
        <time>2026-07-29T12:06:37.000Z</time>
      </trkpt>
      <trkpt lat="40.07545897029333" lon="116.33723531785883">
        <ele>45.0</ele>
        <time>2026-07-29T12:06:38.000Z</time>
      </trkpt>
      <trkpt lat="40.075455296127565" lon="116.33727214907742">
        <ele>45.0</ele>
        <time>2026-07-29T12:06:39.000Z</time>
      </trkpt>
      <trkpt lat="40.075453660244555" lon="116.33730922647769">
        <ele>45.0</ele>
        <time>2026-07-29T12:06:40.000Z</time>
      </trkpt>
      <trkpt lat="40.07545399806518" lon="116.33734608870616">
        <ele>45.1</ele>
        <time>2026-07-29T12:06:41.000Z</time>
      </trkpt>
      <trkpt lat="40.0754560288289" lon="116.33738249653373">
        <ele>45.1</ele>
        <time>2026-07-29T12:06:42.000Z</time>
      </trkpt>
      <trkpt lat="40.075459749841" lon="116.33741828727244">
        <ele>45.1</ele>
        <time>2026-07-29T12:06:43.000Z</time>
      </trkpt>
      <trkpt lat="40.07546525118301" lon="116.33745330427661">
        <ele>45.1</ele>
        <time>2026-07-29T12:06:44.000Z</time>
      </trkpt>
      <trkpt lat="40.07547255493357" lon="116.33748751485598">
        <ele>45.1</ele>
        <time>2026-07-29T12:06:45.000Z</time>
      </trkpt>
      <trkpt lat="40.07548164717732" lon="116.33752102540952">
        <ele>45.1</ele>
        <time>2026-07-29T12:06:46.000Z</time>
      </trkpt>
      <trkpt lat="40.0754923817538" lon="116.33755406251048">
        <ele>45.1</ele>
        <time>2026-07-29T12:06:47.000Z</time>
      </trkpt>
      <trkpt lat="40.07550443418943" lon="116.33758668643142">
        <ele>45.1</ele>
        <time>2026-07-29T12:06:48.000Z</time>
      </trkpt>
      <trkpt lat="40.075517447697365" lon="116.33761854631952">
        <ele>45.1</ele>
        <time>2026-07-29T12:06:49.000Z</time>
      </trkpt>
      <trkpt lat="40.075531360541255" lon="116.3376492244507">
        <ele>45.1</ele>
        <time>2026-07-29T12:06:50.000Z</time>
      </trkpt>
      <trkpt lat="40.07554644844313" lon="116.33767853511277">
        <ele>45.1</ele>
        <time>2026-07-29T12:06:51.000Z</time>
      </trkpt>
      <trkpt lat="40.07556331817785" lon="116.33770614668029">
        <ele>45.1</ele>
        <time>2026-07-29T12:06:52.000Z</time>
      </trkpt>
      <trkpt lat="40.075582504180794" lon="116.33773154611852">
        <ele>45.1</ele>
        <time>2026-07-29T12:06:53.000Z</time>
      </trkpt>
      <trkpt lat="40.075603887324235" lon="116.33775467022991">
        <ele>45.1</ele>
        <time>2026-07-29T12:06:54.000Z</time>
      </trkpt>
      <trkpt lat="40.07562671555311" lon="116.33777603484504">
        <ele>45.1</ele>
        <time>2026-07-29T12:06:55.000Z</time>
      </trkpt>
      <trkpt lat="40.07565018382513" lon="116.33779610525816">
        <ele>45.1</ele>
        <time>2026-07-29T12:06:56.000Z</time>
      </trkpt>
      <trkpt lat="40.075673964583636" lon="116.3378148756196">
        <ele>45.1</ele>
        <time>2026-07-29T12:06:57.000Z</time>
      </trkpt>
      <trkpt lat="40.075698188487756" lon="116.33783187708414">
        <ele>45.1</ele>
        <time>2026-07-29T12:06:58.000Z</time>
      </trkpt>
      <trkpt lat="40.07572294818045" lon="116.33784673512962">
        <ele>45.0</ele>
        <time>2026-07-29T12:06:59.000Z</time>
      </trkpt>
      <trkpt lat="40.07574822754578" lon="116.3378595308232">
        <ele>45.0</ele>
        <time>2026-07-29T12:07:00.000Z</time>
      </trkpt>
      <trkpt lat="40.075773984672104" lon="116.33787029748045">
        <ele>44.9</ele>
        <time>2026-07-29T12:07:01.000Z</time>
      </trkpt>
      <trkpt lat="40.075800019609105" lon="116.33787920151671">
        <ele>44.9</ele>
        <time>2026-07-29T12:07:02.000Z</time>
      </trkpt>
      <trkpt lat="40.07582630059849" lon="116.33788645457122">
        <ele>44.8</ele>
        <time>2026-07-29T12:07:03.000Z</time>
      </trkpt>
      <trkpt lat="40.075852856859136" lon="116.33789165756696">
        <ele>44.8</ele>
        <time>2026-07-29T12:07:04.000Z</time>
      </trkpt>
      <trkpt lat="40.07587948959317" lon="116.3378941867776">
        <ele>44.7</ele>
        <time>2026-07-29T12:07:05.000Z</time>
      </trkpt>
      <trkpt lat="40.075906089288424" lon="116.33789393204567">
        <ele>44.6</ele>
        <time>2026-07-29T12:07:06.000Z</time>
      </trkpt>
      <trkpt lat="40.07593259021794" lon="116.33789165247735">
        <ele>44.6</ele>
        <time>2026-07-29T12:07:07.000Z</time>
      </trkpt>
      <trkpt lat="40.07595878917279" lon="116.33788861300259">
        <ele>44.6</ele>
        <time>2026-07-29T12:07:08.000Z</time>
      </trkpt>
      <trkpt lat="40.075984516664334" lon="116.33788550893522">
        <ele>44.5</ele>
        <time>2026-07-29T12:07:09.000Z</time>
      </trkpt>
      <trkpt lat="40.07600964722474" lon="116.33788221172613">
        <ele>44.5</ele>
        <time>2026-07-29T12:07:10.000Z</time>
      </trkpt>
      <trkpt lat="40.07603420783841" lon="116.33787878124186">
        <ele>44.5</ele>
        <time>2026-07-29T12:07:11.000Z</time>
      </trkpt>
      <trkpt lat="40.076058391686004" lon="116.33787567594763">
        <ele>44.5</ele>
        <time>2026-07-29T12:07:12.000Z</time>
      </trkpt>
      <trkpt lat="40.07608234843353" lon="116.33787314622471">
        <ele>44.5</ele>
        <time>2026-07-29T12:07:13.000Z</time>
      </trkpt>
      <trkpt lat="40.07610625217806" lon="116.33787115857558">
        <ele>44.5</ele>
        <time>2026-07-29T12:07:14.000Z</time>
      </trkpt>
      <trkpt lat="40.07613019277126" lon="116.33786958558484">
        <ele>44.5</ele>
        <time>2026-07-29T12:07:15.000Z</time>
      </trkpt>
      <trkpt lat="40.07615417445627" lon="116.33786808918083">
        <ele>44.5</ele>
        <time>2026-07-29T12:07:16.000Z</time>
      </trkpt>
      <trkpt lat="40.07617817062426" lon="116.33786618788612">
        <ele>44.5</ele>
        <time>2026-07-29T12:07:17.000Z</time>
      </trkpt>
      <trkpt lat="40.076202067814386" lon="116.3378636154289">
        <ele>44.4</ele>
        <time>2026-07-29T12:07:18.000Z</time>
      </trkpt>
      <trkpt lat="40.07622586075734" lon="116.33786070163538">
        <ele>44.4</ele>
        <time>2026-07-29T12:07:19.000Z</time>
      </trkpt>
      <trkpt lat="40.07624977903549" lon="116.3378580184607">
        <ele>44.4</ele>
        <time>2026-07-29T12:07:20.000Z</time>
      </trkpt>
      <trkpt lat="40.07627402032366" lon="116.3378557509713">
        <ele>44.4</ele>
        <time>2026-07-29T12:07:21.000Z</time>
      </trkpt>
      <trkpt lat="40.07629856944415" lon="116.33785375097852">
        <ele>44.4</ele>
        <time>2026-07-29T12:07:22.000Z</time>
      </trkpt>
      <trkpt lat="40.07632340056465" lon="116.33785167251163">
        <ele>44.4</ele>
        <time>2026-07-29T12:07:23.000Z</time>
      </trkpt>
      <trkpt lat="40.07634835686639" lon="116.33784917250378">
        <ele>44.4</ele>
        <time>2026-07-29T12:07:24.000Z</time>
      </trkpt>
      <trkpt lat="40.07637326155809" lon="116.33784643195197">
        <ele>44.4</ele>
        <time>2026-07-29T12:07:25.000Z</time>
      </trkpt>
      <trkpt lat="40.07639817953573" lon="116.33784410442887">
        <ele>44.4</ele>
        <time>2026-07-29T12:07:26.000Z</time>
      </trkpt>
      <trkpt lat="40.07642324653469" lon="116.33784264405767">
        <ele>44.4</ele>
        <time>2026-07-29T12:07:27.000Z</time>
      </trkpt>
      <trkpt lat="40.07644854903203" lon="116.3378421320016">
        <ele>44.4</ele>
        <time>2026-07-29T12:07:28.000Z</time>
      </trkpt>
      <trkpt lat="40.07647414287236" lon="116.33784234288706">
        <ele>44.4</ele>
        <time>2026-07-29T12:07:29.000Z</time>
      </trkpt>
      <trkpt lat="40.076499898795355" lon="116.3378434824208">
        <ele>44.4</ele>
        <time>2026-07-29T12:07:30.000Z</time>
      </trkpt>
      <trkpt lat="40.07652568432394" lon="116.33784580767552">
        <ele>44.4</ele>
        <time>2026-07-29T12:07:31.000Z</time>
      </trkpt>
      <trkpt lat="40.07655139542707" lon="116.33784901296723">
        <ele>44.4</ele>
        <time>2026-07-29T12:07:32.000Z</time>
      </trkpt>
      <trkpt lat="40.07657692058697" lon="116.33785252980464">
        <ele>44.4</ele>
        <time>2026-07-29T12:07:33.000Z</time>
      </trkpt>
      <trkpt lat="40.07660219536668" lon="116.33785593797363">
        <ele>44.4</ele>
        <time>2026-07-29T12:07:34.000Z</time>
      </trkpt>
      <trkpt lat="40.07662726233788" lon="116.33785886919055">
        <ele>44.5</ele>
        <time>2026-07-29T12:07:35.000Z</time>
      </trkpt>
      <trkpt lat="40.0766521718101" lon="116.33786088076305">
        <ele>44.5</ele>
        <time>2026-07-29T12:07:36.000Z</time>
      </trkpt>
      <trkpt lat="40.076676933620554" lon="116.33786139721086">
        <ele>44.5</ele>
        <time>2026-07-29T12:07:37.000Z</time>
      </trkpt>
      <trkpt lat="40.0767014631746" lon="116.33785989468561">
        <ele>44.5</ele>
        <time>2026-07-29T12:07:38.000Z</time>
      </trkpt>
      <trkpt lat="40.076725669576675" lon="116.33785600977293">
        <ele>44.5</ele>
        <time>2026-07-29T12:07:39.000Z</time>
      </trkpt>
      <trkpt lat="40.07674952133936" lon="116.33784965291336">
        <ele>44.5</ele>
        <time>2026-07-29T12:07:40.000Z</time>
      </trkpt>
      <trkpt lat="40.076773057965994" lon="116.33784086838371">
        <ele>44.5</ele>
        <time>2026-07-29T12:07:41.000Z</time>
      </trkpt>
      <trkpt lat="40.07679626639044" lon="116.33782954330009">
        <ele>44.5</ele>
        <time>2026-07-29T12:07:42.000Z</time>
      </trkpt>
      <trkpt lat="40.07681897409435" lon="116.3378156712711">
        <ele>44.5</ele>
        <time>2026-07-29T12:07:43.000Z</time>
      </trkpt>
      <trkpt lat="40.076840816646836" lon="116.33779924554487">
        <ele>44.5</ele>
        <time>2026-07-29T12:07:44.000Z</time>
      </trkpt>
      <trkpt lat="40.076861483035145" lon="116.3377801927839">
        <ele>44.5</ele>
        <time>2026-07-29T12:07:45.000Z</time>
      </trkpt>
      <trkpt lat="40.07688102648308" lon="116.3377586292588">
        <ele>44.5</ele>
        <time>2026-07-29T12:07:46.000Z</time>
      </trkpt>
      <trkpt lat="40.076899532589536" lon="116.3377348408739">
        <ele>44.5</ele>
        <time>2026-07-29T12:07:47.000Z</time>
      </trkpt>
      <trkpt lat="40.07691673918239" lon="116.33770903494255">
        <ele>44.5</ele>
        <time>2026-07-29T12:07:48.000Z</time>
      </trkpt>
      <trkpt lat="40.07693238732009" lon="116.33768123610017">
        <ele>44.5</ele>
        <time>2026-07-29T12:07:49.000Z</time>
      </trkpt>
      <trkpt lat="40.07694646982484" lon="116.33765150840641">
        <ele>44.5</ele>
        <time>2026-07-29T12:07:50.000Z</time>
      </trkpt>
      <trkpt lat="40.07695889025763" lon="116.33761998754369">
        <ele>44.6</ele>
        <time>2026-07-29T12:07:51.000Z</time>
      </trkpt>
      <trkpt lat="40.07696935624513" lon="116.33758676539723">
        <ele>44.6</ele>
        <time>2026-07-29T12:07:52.000Z</time>
      </trkpt>
      <trkpt lat="40.07697774124681" lon="116.33755199699878">
        <ele>44.6</ele>
        <time>2026-07-29T12:07:53.000Z</time>
      </trkpt>
      <trkpt lat="40.07698425643092" lon="116.33751596648528">
        <ele>44.6</ele>
        <time>2026-07-29T12:07:54.000Z</time>
      </trkpt>
      <trkpt lat="40.076989212452034" lon="116.33747931782082">
        <ele>44.6</ele>
        <time>2026-07-29T12:07:55.000Z</time>
      </trkpt>
      <trkpt lat="40.07699303040065" lon="116.33744292619524">
        <ele>44.7</ele>
        <time>2026-07-29T12:07:56.000Z</time>
      </trkpt>
      <trkpt lat="40.07699585690106" lon="116.33740698197605">
        <ele>44.7</ele>
        <time>2026-07-29T12:07:57.000Z</time>
      </trkpt>
      <trkpt lat="40.07699744066817" lon="116.33737131102596">
        <ele>44.7</ele>
        <time>2026-07-29T12:07:58.000Z</time>
      </trkpt>
      <trkpt lat="40.07699752464031" lon="116.3373359773389">
        <ele>44.8</ele>
        <time>2026-07-29T12:07:59.000Z</time>
      </trkpt>
      <trkpt lat="40.07699603887994" lon="116.33730094397863">
        <ele>44.8</ele>
        <time>2026-07-29T12:08:00.000Z</time>
      </trkpt>
      <trkpt lat="40.07699299624308" lon="116.33726619552958">
        <ele>44.8</ele>
        <time>2026-07-29T12:08:01.000Z</time>
      </trkpt>
      <trkpt lat="40.076988461978736" lon="116.33723174370598">
        <ele>44.9</ele>
        <time>2026-07-29T12:08:02.000Z</time>
      </trkpt>
      <trkpt lat="40.07698261972085" lon="116.33719763177815">
        <ele>44.9</ele>
        <time>2026-07-29T12:08:03.000Z</time>
      </trkpt>
      <trkpt lat="40.07697553877429" lon="116.3371639743075">
        <ele>45.0</ele>
        <time>2026-07-29T12:08:04.000Z</time>
      </trkpt>
      <trkpt lat="40.076967225435574" lon="116.33713083201836">
        <ele>45.0</ele>
        <time>2026-07-29T12:08:05.000Z</time>
      </trkpt>
      <trkpt lat="40.07695769996654" lon="116.33709827083734">
        <ele>45.0</ele>
        <time>2026-07-29T12:08:06.000Z</time>
      </trkpt>
      <trkpt lat="40.07694699439186" lon="116.33706626213387">
        <ele>45.1</ele>
        <time>2026-07-29T12:08:07.000Z</time>
      </trkpt>
      <trkpt lat="40.076934988149624" lon="116.33703479562455">
        <ele>45.1</ele>
        <time>2026-07-29T12:08:08.000Z</time>
      </trkpt>
      <trkpt lat="40.076921511227894" lon="116.33700389660146">
        <ele>45.1</ele>
        <time>2026-07-29T12:08:09.000Z</time>
      </trkpt>
      <trkpt lat="40.07690662061419" lon="116.33697367900103">
        <ele>45.1</ele>
        <time>2026-07-29T12:08:10.000Z</time>
      </trkpt>
      <trkpt lat="40.07689028758606" lon="116.3369444849226">
        <ele>45.1</ele>
        <time>2026-07-29T12:08:11.000Z</time>
      </trkpt>
      <trkpt lat="40.07687222767766" lon="116.33691683650055">
        <ele>45.0</ele>
        <time>2026-07-29T12:08:12.000Z</time>
      </trkpt>
      <trkpt lat="40.07685217977042" lon="116.33689166118796">
        <ele>45.0</ele>
        <time>2026-07-29T12:08:13.000Z</time>
      </trkpt>
      <trkpt lat="40.076830178251555" lon="116.33687051125911">
        <ele>45.0</ele>
        <time>2026-07-29T12:08:14.000Z</time>
      </trkpt>
      <trkpt lat="40.0768064585678" lon="116.33685416944503">
        <ele>45.0</ele>
        <time>2026-07-29T12:08:15.000Z</time>
      </trkpt>
      <trkpt lat="40.07678127398144" lon="116.33684225239475">
        <ele>45.0</ele>
        <time>2026-07-29T12:08:16.000Z</time>
      </trkpt>
      <trkpt lat="40.07675483324664" lon="116.3368341848752">
        <ele>45.0</ele>
        <time>2026-07-29T12:08:17.000Z</time>
      </trkpt>
      <trkpt lat="40.076727017554106" lon="116.33682942531972">
        <ele>45.0</ele>
        <time>2026-07-29T12:08:18.000Z</time>
      </trkpt>
      <trkpt lat="40.076697755753145" lon="116.33682709636405">
        <ele>45.0</ele>
        <time>2026-07-29T12:08:19.000Z</time>
      </trkpt>
      <trkpt lat="40.076667472355986" lon="116.3368266065773">
        <ele>45.0</ele>
        <time>2026-07-29T12:08:20.000Z</time>
      </trkpt>
      <trkpt lat="40.07663667794836" lon="116.33682809162765">
        <ele>45.0</ele>
        <time>2026-07-29T12:08:21.000Z</time>
      </trkpt>
      <trkpt lat="40.07660558105686" lon="116.33683148838911">
        <ele>45.0</ele>
        <time>2026-07-29T12:08:22.000Z</time>
      </trkpt>
      <trkpt lat="40.07657454940439" lon="116.3368364114746">
        <ele>45.0</ele>
        <time>2026-07-29T12:08:23.000Z</time>
      </trkpt>
      <trkpt lat="40.07654420656667" lon="116.33684212984151">
        <ele>45.0</ele>
        <time>2026-07-29T12:08:24.000Z</time>
      </trkpt>
      <trkpt lat="40.07651500805117" lon="116.33684793553114">
        <ele>45.0</ele>
        <time>2026-07-29T12:08:25.000Z</time>
      </trkpt>
      <trkpt lat="40.07648702772571" lon="116.33685348561568">
        <ele>45.0</ele>
        <time>2026-07-29T12:08:26.000Z</time>
      </trkpt>
      <trkpt lat="40.07646012660167" lon="116.33685891758665">
        <ele>45.0</ele>
        <time>2026-07-29T12:08:27.000Z</time>
      </trkpt>
      <trkpt lat="40.07643397645648" lon="116.33686448750795">
        <ele>45.0</ele>
        <time>2026-07-29T12:08:28.000Z</time>
      </trkpt>
      <trkpt lat="40.07640800765368" lon="116.33687008419089">
        <ele>45.0</ele>
        <time>2026-07-29T12:08:29.000Z</time>
      </trkpt>
      <trkpt lat="40.076381800972584" lon="116.33687542811536">
        <ele>45.0</ele>
        <time>2026-07-29T12:08:30.000Z</time>
      </trkpt>
      <trkpt lat="40.07635518757429" lon="116.33688021994632">
        <ele>45.0</ele>
        <time>2026-07-29T12:08:31.000Z</time>
      </trkpt>
      <trkpt lat="40.076328115739685" lon="116.33688414987856">
        <ele>45.0</ele>
        <time>2026-07-29T12:08:32.000Z</time>
        <extensions>
          <gpxtpx:TrackPointExtension>
            <gpxtpx:hr>178</gpxtpx:hr>
          </gpxtpx:TrackPointExtension>
        </extensions>
      </trkpt>
      <trkpt lat="40.07630075912638" lon="116.33688709345215">
        <ele>45.0</ele>
        <time>2026-07-29T12:08:33.000Z</time>
        <extensions>
          <gpxtpx:TrackPointExtension>
            <gpxtpx:hr>178</gpxtpx:hr>
          </gpxtpx:TrackPointExtension>
        </extensions>
      </trkpt>
      <trkpt lat="40.07627348328576" lon="116.33688925228913">
        <ele>45.0</ele>
        <time>2026-07-29T12:08:34.000Z</time>
        <extensions>
          <gpxtpx:TrackPointExtension>
            <gpxtpx:hr>178</gpxtpx:hr>
          </gpxtpx:TrackPointExtension>
        </extensions>
      </trkpt>
      <trkpt lat="40.076246478273966" lon="116.3368909685132">
        <ele>45.0</ele>
        <time>2026-07-29T12:08:35.000Z</time>
        <extensions>
          <gpxtpx:TrackPointExtension>
            <gpxtpx:hr>178</gpxtpx:hr>
          </gpxtpx:TrackPointExtension>
        </extensions>
      </trkpt>
      <trkpt lat="40.07621972863337" lon="116.33689257489988">
        <ele>45.0</ele>
        <time>2026-07-29T12:08:36.000Z</time>
        <extensions>
          <gpxtpx:TrackPointExtension>
            <gpxtpx:hr>178</gpxtpx:hr>
          </gpxtpx:TrackPointExtension>
        </extensions>
      </trkpt>
      <trkpt lat="40.07619327853334" lon="116.33689420358078">
        <ele>45.0</ele>
        <time>2026-07-29T12:08:37.000Z</time>
        <extensions>
          <gpxtpx:TrackPointExtension>
            <gpxtpx:hr>178</gpxtpx:hr>
          </gpxtpx:TrackPointExtension>
        </extensions>
      </trkpt>
      <trkpt lat="40.07616719878117" lon="116.33689575766691">
        <ele>45.1</ele>
        <time>2026-07-29T12:08:38.000Z</time>
        <extensions>
          <gpxtpx:TrackPointExtension>
            <gpxtpx:hr>178</gpxtpx:hr>
          </gpxtpx:TrackPointExtension>
        </extensions>
      </trkpt>
      <trkpt lat="40.07614139421885" lon="116.33689710214757">
        <ele>45.1</ele>
        <time>2026-07-29T12:08:39.000Z</time>
        <extensions>
          <gpxtpx:TrackPointExtension>
            <gpxtpx:hr>178</gpxtpx:hr>
          </gpxtpx:TrackPointExtension>
        </extensions>
      </trkpt>
      <trkpt lat="40.0761156172317" lon="116.3368983424199">
        <ele>45.1</ele>
        <time>2026-07-29T12:08:40.000Z</time>
        <extensions>
          <gpxtpx:TrackPointExtension>
            <gpxtpx:hr>178</gpxtpx:hr>
          </gpxtpx:TrackPointExtension>
        </extensions>
      </trkpt>
      <trkpt lat="40.0760896902314" lon="116.33689969256125">
        <ele>45.1</ele>
        <time>2026-07-29T12:08:41.000Z</time>
        <extensions>
          <gpxtpx:TrackPointExtension>
            <gpxtpx:hr>178</gpxtpx:hr>
          </gpxtpx:TrackPointExtension>
        </extensions>
      </trkpt>
      <trkpt lat="40.076063554020855" lon="116.33690112564453">
        <ele>45.1</ele>
        <time>2026-07-29T12:08:42.000Z</time>
        <extensions>
          <gpxtpx:TrackPointExtension>
            <gpxtpx:hr>178</gpxtpx:hr>
          </gpxtpx:TrackPointExtension>
        </extensions>
      </trkpt>
      <trkpt lat="40.07603718388382" lon="116.33690240303251">
        <ele>45.1</ele>
        <time>2026-07-29T12:08:43.000Z</time>
        <extensions>
          <gpxtpx:TrackPointExtension>
            <gpxtpx:hr>178</gpxtpx:hr>
          </gpxtpx:TrackPointExtension>
        </extensions>
      </trkpt>
      <trkpt lat="40.07601062781534" lon="116.33690348258577">
        <ele>45.1</ele>
        <time>2026-07-29T12:08:44.000Z</time>
        <extensions>
          <gpxtpx:TrackPointExtension>
            <gpxtpx:hr>178</gpxtpx:hr>
          </gpxtpx:TrackPointExtension>
        </extensions>
      </trkpt>
      <trkpt lat="40.07598391822155" lon="116.33690467688258">
        <ele>45.0</ele>
        <time>2026-07-29T12:08:45.000Z</time>
        <extensions>
          <gpxtpx:TrackPointExtension>
            <gpxtpx:hr>178</gpxtpx:hr>
          </gpxtpx:TrackPointExtension>
        </extensions>
      </trkpt>
      <trkpt lat="40.075957146778435" lon="116.33690634673862">
        <ele>45.0</ele>
        <time>2026-07-29T12:08:46.000Z</time>
        <extensions>
          <gpxtpx:TrackPointExtension>
            <gpxtpx:hr>178</gpxtpx:hr>
          </gpxtpx:TrackPointExtension>
        </extensions>
      </trkpt>
      <trkpt lat="40.0759305184445" lon="116.33690856983382">
        <ele>45.0</ele>
        <time>2026-07-29T12:08:47.000Z</time>
        <extensions>
          <gpxtpx:TrackPointExtension>
            <gpxtpx:hr>178</gpxtpx:hr>
          </gpxtpx:TrackPointExtension>
        </extensions>
      </trkpt>
      <trkpt lat="40.075904150324945" lon="116.33691094511805">
        <ele>45.0</ele>
        <time>2026-07-29T12:08:48.000Z</time>
        <extensions>
          <gpxtpx:TrackPointExtension>
            <gpxtpx:hr>178</gpxtpx:hr>
          </gpxtpx:TrackPointExtension>
        </extensions>
      </trkpt>
      <trkpt lat="40.07587803009857" lon="116.33691286689282">
        <ele>44.9</ele>
        <time>2026-07-29T12:08:49.000Z</time>
        <extensions>
          <gpxtpx:TrackPointExtension>
            <gpxtpx:hr>178</gpxtpx:hr>
          </gpxtpx:TrackPointExtension>
        </extensions>
      </trkpt>
      <trkpt lat="40.075852243160156" lon="116.33691392714502">
        <ele>44.9</ele>
        <time>2026-07-29T12:08:50.000Z</time>
        <extensions>
          <gpxtpx:TrackPointExtension>
            <gpxtpx:hr>178</gpxtpx:hr>
          </gpxtpx:TrackPointExtension>
        </extensions>
      </trkpt>
      <trkpt lat="40.07582689474517" lon="116.33691411603564">
        <ele>44.9</ele>
        <time>2026-07-29T12:08:51.000Z</time>
        <extensions>
          <gpxtpx:TrackPointExtension>
            <gpxtpx:hr>178</gpxtpx:hr>
          </gpxtpx:TrackPointExtension>
        </extensions>
      </trkpt>
      <trkpt lat="40.07580194497962" lon="116.33691377099088">
        <ele>44.8</ele>
        <time>2026-07-29T12:08:52.000Z</time>
        <extensions>
          <gpxtpx:TrackPointExtension>
            <gpxtpx:hr>178</gpxtpx:hr>
          </gpxtpx:TrackPointExtension>
        </extensions>
      </trkpt>
      <trkpt lat="40.075777385494604" lon="116.3369134162485">
        <ele>44.8</ele>
        <time>2026-07-29T12:08:53.000Z</time>
        <extensions>
          <gpxtpx:TrackPointExtension>
            <gpxtpx:hr>178</gpxtpx:hr>
          </gpxtpx:TrackPointExtension>
        </extensions>
      </trkpt>
      <trkpt lat="40.07575320756536" lon="116.33691355671455">
        <ele>44.8</ele>
        <time>2026-07-29T12:08:54.000Z</time>
        <extensions>
          <gpxtpx:TrackPointExtension>
            <gpxtpx:hr>178</gpxtpx:hr>
          </gpxtpx:TrackPointExtension>
        </extensions>
      </trkpt>
      <trkpt lat="40.07572945082646" lon="116.33691460280745">
        <ele>44.8</ele>
        <time>2026-07-29T12:08:55.000Z</time>
        <extensions>
          <gpxtpx:TrackPointExtension>
            <gpxtpx:hr>178</gpxtpx:hr>
          </gpxtpx:TrackPointExtension>
        </extensions>
      </trkpt>
      <trkpt lat="40.075706201611666" lon="116.33691718558731">
        <ele>44.7</ele>
        <time>2026-07-29T12:08:56.000Z</time>
        <extensions>
          <gpxtpx:TrackPointExtension>
            <gpxtpx:hr>178</gpxtpx:hr>
          </gpxtpx:TrackPointExtension>
        </extensions>
      </trkpt>
      <trkpt lat="40.075683502491664" lon="116.33692214595065">
        <ele>44.7</ele>
        <time>2026-07-29T12:08:57.000Z</time>
        <extensions>
          <gpxtpx:TrackPointExtension>
            <gpxtpx:hr>178</gpxtpx:hr>
          </gpxtpx:TrackPointExtension>
        </extensions>
      </trkpt>
      <trkpt lat="40.075661342502684" lon="116.33692970807196">
        <ele>44.7</ele>
        <time>2026-07-29T12:08:58.000Z</time>
        <extensions>
          <gpxtpx:TrackPointExtension>
            <gpxtpx:hr>178</gpxtpx:hr>
          </gpxtpx:TrackPointExtension>
        </extensions>
      </trkpt>
      <trkpt lat="40.075639598595146" lon="116.33693953246971">
        <ele>44.7</ele>
        <time>2026-07-29T12:08:59.000Z</time>
        <extensions>
          <gpxtpx:TrackPointExtension>
            <gpxtpx:hr>178</gpxtpx:hr>
          </gpxtpx:TrackPointExtension>
        </extensions>
      </trkpt>
      <trkpt lat="40.07561810138557" lon="116.33695155098142">
        <ele>44.7</ele>
        <time>2026-07-29T12:09:00.000Z</time>
        <extensions>
          <gpxtpx:TrackPointExtension>
            <gpxtpx:hr>178</gpxtpx:hr>
          </gpxtpx:TrackPointExtension>
        </extensions>
      </trkpt>
      <trkpt lat="40.07559689998292" lon="116.33696583154226">
        <ele>44.7</ele>
        <time>2026-07-29T12:09:01.000Z</time>
        <extensions>
          <gpxtpx:TrackPointExtension>
            <gpxtpx:hr>178</gpxtpx:hr>
          </gpxtpx:TrackPointExtension>
        </extensions>
      </trkpt>
      <trkpt lat="40.075576122265616" lon="116.33698223447499">
        <ele>44.7</ele>
        <time>2026-07-29T12:09:02.000Z</time>
      </trkpt>
      <trkpt lat="40.07555576764451" lon="116.33700055105065">
        <ele>44.7</ele>
        <time>2026-07-29T12:09:03.000Z</time>
      </trkpt>
      <trkpt lat="40.07553606110865" lon="116.3370207051115">
        <ele>44.7</ele>
        <time>2026-07-29T12:09:04.000Z</time>
      </trkpt>
      <trkpt lat="40.075517574066964" lon="116.33704291506334">
        <ele>44.8</ele>
        <time>2026-07-29T12:09:05.000Z</time>
      </trkpt>
      <trkpt lat="40.075501014783995" lon="116.33706773146785">
        <ele>44.8</ele>
        <time>2026-07-29T12:09:06.000Z</time>
      </trkpt>
      <trkpt lat="40.07548697048706" lon="116.33709556630464">
        <ele>44.8</ele>
        <time>2026-07-29T12:09:07.000Z</time>
      </trkpt>
      <trkpt lat="40.07547576299156" lon="116.33712625217035">
        <ele>44.8</ele>
        <time>2026-07-29T12:09:08.000Z</time>
      </trkpt>
      <trkpt lat="40.0754671994267" lon="116.33715909164023">
        <ele>44.8</ele>
        <time>2026-07-29T12:09:09.000Z</time>
      </trkpt>
      <trkpt lat="40.07546078089278" lon="116.33719326618399">
        <ele>44.8</ele>
        <time>2026-07-29T12:09:10.000Z</time>
      </trkpt>
      <trkpt lat="40.07545614388512" lon="116.3372282087614">
        <ele>44.8</ele>
        <time>2026-07-29T12:09:11.000Z</time>
      </trkpt>
      <trkpt lat="40.075453116430666" lon="116.33726360053014">
        <ele>44.8</ele>
        <time>2026-07-29T12:09:12.000Z</time>
      </trkpt>
      <trkpt lat="40.07545174785071" lon="116.33729918854509">
        <ele>44.8</ele>
        <time>2026-07-29T12:09:13.000Z</time>
      </trkpt>
      <trkpt lat="40.075452092974444" lon="116.3373347774662">
        <ele>44.8</ele>
        <time>2026-07-29T12:09:14.000Z</time>
      </trkpt>
      <trkpt lat="40.07545420361919" lon="116.33737007809482">
        <ele>44.9</ele>
        <time>2026-07-29T12:09:15.000Z</time>
      </trkpt>
      <trkpt lat="40.07545822947321" lon="116.33740450610195">
        <ele>44.9</ele>
        <time>2026-07-29T12:09:16.000Z</time>
      </trkpt>
      <trkpt lat="40.07546424824184" lon="116.3374377236018">
        <ele>44.9</ele>
        <time>2026-07-29T12:09:17.000Z</time>
      </trkpt>
      <trkpt lat="40.07547217172932" lon="116.33746986745528">
        <ele>44.9</ele>
        <time>2026-07-29T12:09:18.000Z</time>
      </trkpt>
      <trkpt lat="40.075481772973994" lon="116.33750132754075">
        <ele>44.9</ele>
        <time>2026-07-29T12:09:19.000Z</time>
      </trkpt>
      <trkpt lat="40.075492874622356" lon="116.33753262559532">
        <ele>44.9</ele>
        <time>2026-07-29T12:09:20.000Z</time>
      </trkpt>
      <trkpt lat="40.07550545271678" lon="116.33756387913462">
        <ele>44.9</ele>
        <time>2026-07-29T12:09:21.000Z</time>
      </trkpt>
      <trkpt lat="40.0755195206931" lon="116.33759457839379">
        <ele>44.9</ele>
        <time>2026-07-29T12:09:22.000Z</time>
      </trkpt>
      <trkpt lat="40.07553486436462" lon="116.33762426602618">
        <ele>44.8</ele>
        <time>2026-07-29T12:09:23.000Z</time>
      </trkpt>
      <trkpt lat="40.07555112565315" lon="116.33765286065179">
        <ele>44.8</ele>
        <time>2026-07-29T12:09:24.000Z</time>
      </trkpt>
      <trkpt lat="40.07556821258834" lon="116.33768040348453">
        <ele>44.8</ele>
        <time>2026-07-29T12:09:25.000Z</time>
      </trkpt>
      <trkpt lat="40.07558635711029" lon="116.33770689898363">
        <ele>44.8</ele>
        <time>2026-07-29T12:09:26.000Z</time>
      </trkpt>
      <trkpt lat="40.07560576197652" lon="116.337732115969">
        <ele>44.8</ele>
        <time>2026-07-29T12:09:27.000Z</time>
      </trkpt>
      <trkpt lat="40.07562624546585" lon="116.33775579871546">
        <ele>44.8</ele>
        <time>2026-07-29T12:09:28.000Z</time>
      </trkpt>
      <trkpt lat="40.07564747349595" lon="116.33777799554845">
        <ele>44.7</ele>
        <time>2026-07-29T12:09:29.000Z</time>
      </trkpt>
      <trkpt lat="40.07566920390817" lon="116.33779881234378">
        <ele>44.7</ele>
        <time>2026-07-29T12:09:30.000Z</time>
      </trkpt>
      <trkpt lat="40.075691360617384" lon="116.33781806071603">
        <ele>44.7</ele>
        <time>2026-07-29T12:09:31.000Z</time>
      </trkpt>
      <trkpt lat="40.075714086249505" lon="116.3378353155633">
        <ele>44.7</ele>
        <time>2026-07-29T12:09:32.000Z</time>
      </trkpt>
      <trkpt lat="40.075737489483785" lon="116.33785018614627">
        <ele>44.6</ele>
        <time>2026-07-29T12:09:33.000Z</time>
      </trkpt>
      <trkpt lat="40.07576150608971" lon="116.33786260010966">
        <ele>44.6</ele>
        <time>2026-07-29T12:09:34.000Z</time>
      </trkpt>
      <trkpt lat="40.07578597665622" lon="116.33787283792698">
        <ele>44.6</ele>
        <time>2026-07-29T12:09:35.000Z</time>
      </trkpt>
      <trkpt lat="40.07581069068603" lon="116.33788111445254">
        <ele>44.6</ele>
        <time>2026-07-29T12:09:36.000Z</time>
      </trkpt>
      <trkpt lat="40.07583536260827" lon="116.33788748300289">
        <ele>44.5</ele>
        <time>2026-07-29T12:09:37.000Z</time>
      </trkpt>
      <trkpt lat="40.07585980015625" lon="116.33789208228966">
        <ele>44.5</ele>
        <time>2026-07-29T12:09:38.000Z</time>
      </trkpt>
      <trkpt lat="40.07588388949091" lon="116.337894965557">
        <ele>44.5</ele>
        <time>2026-07-29T12:09:39.000Z</time>
      </trkpt>
      <trkpt lat="40.07590774708725" lon="116.33789605523948">
        <ele>44.5</ele>
        <time>2026-07-29T12:09:40.000Z</time>
      </trkpt>
      <trkpt lat="40.075931556637705" lon="116.33789541797354">
        <ele>44.5</ele>
        <time>2026-07-29T12:09:41.000Z</time>
      </trkpt>
      <trkpt lat="40.075955301913254" lon="116.33789314419711">
        <ele>44.5</ele>
        <time>2026-07-29T12:09:42.000Z</time>
      </trkpt>
      <trkpt lat="40.07597877908254" lon="116.33788950980397">
        <ele>44.5</ele>
        <time>2026-07-29T12:09:43.000Z</time>
      </trkpt>
      <trkpt lat="40.076001724575434" lon="116.3378851983041">
        <ele>44.5</ele>
        <time>2026-07-29T12:09:44.000Z</time>
      </trkpt>
      <trkpt lat="40.07602426650158" lon="116.33788082262615">
        <ele>44.5</ele>
        <time>2026-07-29T12:09:45.000Z</time>
      </trkpt>
      <trkpt lat="40.076046788853525" lon="116.33787674882853">
        <ele>44.5</ele>
        <time>2026-07-29T12:09:46.000Z</time>
      </trkpt>
      <trkpt lat="40.07606945869858" lon="116.33787327952489">
        <ele>44.5</ele>
        <time>2026-07-29T12:09:47.000Z</time>
      </trkpt>
      <trkpt lat="40.07609223542656" lon="116.33787061567881">
        <ele>44.5</ele>
        <time>2026-07-29T12:09:48.000Z</time>
      </trkpt>
      <trkpt lat="40.07611516315701" lon="116.33786882942613">
        <ele>44.5</ele>
        <time>2026-07-29T12:09:49.000Z</time>
      </trkpt>
      <trkpt lat="40.07613830316803" lon="116.33786756653053">
        <ele>44.5</ele>
        <time>2026-07-29T12:09:50.000Z</time>
      </trkpt>
      <trkpt lat="40.07616170503675" lon="116.33786594731808">
        <ele>44.5</ele>
        <time>2026-07-29T12:09:51.000Z</time>
      </trkpt>
      <trkpt lat="40.07618536904484" lon="116.33786342941306">
        <ele>44.5</ele>
        <time>2026-07-29T12:09:52.000Z</time>
      </trkpt>
      <trkpt lat="40.07620911663881" lon="116.33786025246027">
        <ele>44.4</ele>
        <time>2026-07-29T12:09:53.000Z</time>
      </trkpt>
      <trkpt lat="40.07623287037746" lon="116.33785708147488">
        <ele>44.4</ele>
        <time>2026-07-29T12:09:54.000Z</time>
      </trkpt>
      <trkpt lat="40.07625676448594" lon="116.33785432733595">
        <ele>44.4</ele>
        <time>2026-07-29T12:09:55.000Z</time>
      </trkpt>
      <trkpt lat="40.07628093299164" lon="116.33785195440694">
        <ele>44.4</ele>
        <time>2026-07-29T12:09:56.000Z</time>
      </trkpt>
      <trkpt lat="40.07630528503276" lon="116.33784976020242">
        <ele>44.4</ele>
        <time>2026-07-29T12:09:57.000Z</time>
      </trkpt>
      <trkpt lat="40.076329702032574" lon="116.33784737365602">
        <ele>44.4</ele>
        <time>2026-07-29T12:09:58.000Z</time>
      </trkpt>
      <trkpt lat="40.076354230502275" lon="116.3378445608559">
        <ele>44.3</ele>
        <time>2026-07-29T12:09:59.000Z</time>
      </trkpt>
      <trkpt lat="40.07637896395037" lon="116.33784156698978">
        <ele>44.3</ele>
        <time>2026-07-29T12:10:00.000Z</time>
      </trkpt>
      <trkpt lat="40.07640389173643" lon="116.33783860905858">
        <ele>44.3</ele>
        <time>2026-07-29T12:10:01.000Z</time>
      </trkpt>
      <trkpt lat="40.076429008149326" lon="116.3378356218037">
        <ele>44.3</ele>
        <time>2026-07-29T12:10:02.000Z</time>
      </trkpt>
      <trkpt lat="40.076454359975195" lon="116.33783275600962">
        <ele>44.3</ele>
        <time>2026-07-29T12:10:03.000Z</time>
      </trkpt>
      <trkpt lat="40.07647993258636" lon="116.3378305179215">
        <ele>44.3</ele>
        <time>2026-07-29T12:10:04.000Z</time>
      </trkpt>
      <trkpt lat="40.07650571187353" lon="116.33782931682948">
        <ele>44.3</ele>
        <time>2026-07-29T12:10:05.000Z</time>
      </trkpt>
      <trkpt lat="40.076531679604635" lon="116.33782896435626">
        <ele>44.3</ele>
        <time>2026-07-29T12:10:06.000Z</time>
      </trkpt>
      <trkpt lat="40.076557731316264" lon="116.33782912868362">
        <ele>44.3</ele>
        <time>2026-07-29T12:10:07.000Z</time>
      </trkpt>
      <trkpt lat="40.07658369852701" lon="116.33782965431315">
        <ele>44.3</ele>
        <time>2026-07-29T12:10:08.000Z</time>
      </trkpt>
      <trkpt lat="40.076609331369056" lon="116.33783041272987">
        <ele>44.3</ele>
        <time>2026-07-29T12:10:09.000Z</time>
      </trkpt>
      <trkpt lat="40.076634484521406" lon="116.33783135092035">
        <ele>44.3</ele>
        <time>2026-07-29T12:10:10.000Z</time>
      </trkpt>
      <trkpt lat="40.07665922985658" lon="116.33783232204098">
        <ele>44.3</ele>
        <time>2026-07-29T12:10:11.000Z</time>
      </trkpt>
      <trkpt lat="40.07668370885699" lon="116.33783300706844">
        <ele>44.2</ele>
        <time>2026-07-29T12:10:12.000Z</time>
      </trkpt>
      <trkpt lat="40.076708016288826" lon="116.33783292303302">
        <ele>44.2</ele>
        <time>2026-07-29T12:10:13.000Z</time>
      </trkpt>
      <trkpt lat="40.076732121776" lon="116.33783174468026">
        <ele>44.2</ele>
        <time>2026-07-29T12:10:14.000Z</time>
      </trkpt>
      <trkpt lat="40.07675592371763" lon="116.33782933799073">
        <ele>44.2</ele>
        <time>2026-07-29T12:10:15.000Z</time>
      </trkpt>
      <trkpt lat="40.07677932189892" lon="116.33782519846442">
        <ele>44.2</ele>
        <time>2026-07-29T12:10:16.000Z</time>
      </trkpt>
      <trkpt lat="40.07680218826244" lon="116.33781889930002">
        <ele>44.2</ele>
        <time>2026-07-29T12:10:17.000Z</time>
      </trkpt>
      <trkpt lat="40.076824269954635" lon="116.33781030300695">
        <ele>44.2</ele>
        <time>2026-07-29T12:10:18.000Z</time>
      </trkpt>
      <trkpt lat="40.07684526922548" lon="116.33779904449544">
        <ele>44.2</ele>
        <time>2026-07-29T12:10:19.000Z</time>
      </trkpt>
      <trkpt lat="40.07686511108143" lon="116.33778486711651">
        <ele>44.2</ele>
        <time>2026-07-29T12:10:20.000Z</time>
      </trkpt>
      <trkpt lat="40.07688394204934" lon="116.33776781758012">
        <ele>44.2</ele>
        <time>2026-07-29T12:10:21.000Z</time>
      </trkpt>
      <trkpt lat="40.07690185408123" lon="116.3377479969392">
        <ele>44.3</ele>
        <time>2026-07-29T12:10:22.000Z</time>
      </trkpt>
      <trkpt lat="40.076918667031045" lon="116.33772551771688">
        <ele>44.3</ele>
        <time>2026-07-29T12:10:23.000Z</time>
      </trkpt>
      <trkpt lat="40.076934195773724" lon="116.33770073698123">
        <ele>44.3</ele>
        <time>2026-07-29T12:10:24.000Z</time>
      </trkpt>
      <trkpt lat="40.0769483108981" lon="116.33767394284055">
        <ele>44.3</ele>
        <time>2026-07-29T12:10:25.000Z</time>
      </trkpt>
      <trkpt lat="40.07696104447192" lon="116.33764539784696">
        <ele>44.3</ele>
        <time>2026-07-29T12:10:26.000Z</time>
      </trkpt>
      <trkpt lat="40.07697268346307" lon="116.33761570635954">
        <ele>44.3</ele>
        <time>2026-07-29T12:10:27.000Z</time>
      </trkpt>
      <trkpt lat="40.07698325650779" lon="116.33758520719311">
        <ele>44.3</ele>
        <time>2026-07-29T12:10:28.000Z</time>
      </trkpt>
      <trkpt lat="40.07699245454096" lon="116.33755360256059">
        <ele>44.4</ele>
        <time>2026-07-29T12:10:29.000Z</time>
      </trkpt>
      <trkpt lat="40.076999840250984" lon="116.33752037925588">
        <ele>44.4</ele>
        <time>2026-07-29T12:10:30.000Z</time>
      </trkpt>
      <trkpt lat="40.07700516033478" lon="116.33748540036473">
        <ele>44.4</ele>
        <time>2026-07-29T12:10:31.000Z</time>
      </trkpt>
      <trkpt lat="40.07700859732346" lon="116.33744892440957">
        <ele>44.4</ele>
        <time>2026-07-29T12:10:32.000Z</time>
      </trkpt>
      <trkpt lat="40.07701056004372" lon="116.33741143033218">
        <ele>44.4</ele>
        <time>2026-07-29T12:10:33.000Z</time>
      </trkpt>
      <trkpt lat="40.0770114500981" lon="116.33737364399859">
        <ele>44.4</ele>
        <time>2026-07-29T12:10:34.000Z</time>
      </trkpt>
      <trkpt lat="40.077011463854305" lon="116.33733642199168">
        <ele>44.4</ele>
        <time>2026-07-29T12:10:35.000Z</time>
      </trkpt>
      <trkpt lat="40.077010472599625" lon="116.33730014472684">
        <ele>44.5</ele>
        <time>2026-07-29T12:10:36.000Z</time>
      </trkpt>
      <trkpt lat="40.07700813230996" lon="116.33726474884146">
        <ele>44.5</ele>
        <time>2026-07-29T12:10:37.000Z</time>
      </trkpt>
      <trkpt lat="40.07700403539135" lon="116.33723050243859">
        <ele>44.5</ele>
        <time>2026-07-29T12:10:38.000Z</time>
      </trkpt>
      <trkpt lat="40.076997947475625" lon="116.3371978698725">
        <ele>44.5</ele>
        <time>2026-07-29T12:10:39.000Z</time>
      </trkpt>
      <trkpt lat="40.07698968414087" lon="116.33716719485379">
        <ele>44.5</ele>
        <time>2026-07-29T12:10:40.000Z</time>
      </trkpt>
      <trkpt lat="40.07697907310057" lon="116.33713873008172">
        <ele>44.5</ele>
        <time>2026-07-29T12:10:41.000Z</time>
      </trkpt>
      <trkpt lat="40.07696618584038" lon="116.3371123889715">
        <ele>44.5</ele>
        <time>2026-07-29T12:10:42.000Z</time>
      </trkpt>
      <trkpt lat="40.076951249042885" lon="116.33708765298779">
        <ele>44.5</ele>
        <time>2026-07-29T12:10:43.000Z</time>
      </trkpt>
      <trkpt lat="40.076934462412396" lon="116.3370639445622">
        <ele>44.5</ele>
        <time>2026-07-29T12:10:44.000Z</time>
      </trkpt>
      <trkpt lat="40.07691594740211" lon="116.33704079313553">
        <ele>44.5</ele>
        <time>2026-07-29T12:10:45.000Z</time>
      </trkpt>
      <trkpt lat="40.07689578358081" lon="116.33701757521018">
        <ele>44.5</ele>
        <time>2026-07-29T12:10:46.000Z</time>
      </trkpt>
      <trkpt lat="40.07687395968473" lon="116.3369946405097">
        <ele>44.5</ele>
        <time>2026-07-29T12:10:47.000Z</time>
      </trkpt>
      <trkpt lat="40.0768504187932" lon="116.33697308567636">
        <ele>44.5</ele>
        <time>2026-07-29T12:10:48.000Z</time>
      </trkpt>
      <trkpt lat="40.07682539624613" lon="116.33695335610817">
        <ele>44.5</ele>
        <time>2026-07-29T12:10:49.000Z</time>
      </trkpt>
      <trkpt lat="40.0767993567959" lon="116.33693563523387">
        <ele>44.6</ele>
        <time>2026-07-29T12:10:50.000Z</time>
      </trkpt>
      <trkpt lat="40.076772532466364" lon="116.33692000119133">
        <ele>44.6</ele>
        <time>2026-07-29T12:10:51.000Z</time>
      </trkpt>
      <trkpt lat="40.076744716544795" lon="116.33690634514437">
        <ele>44.6</ele>
        <time>2026-07-29T12:10:52.000Z</time>
      </trkpt>
      <trkpt lat="40.076715438420464" lon="116.33689468807407">
        <ele>44.6</ele>
        <time>2026-07-29T12:10:53.000Z</time>
      </trkpt>
      <trkpt lat="40.07668447244458" lon="116.33688526092676">
        <ele>44.6</ele>
        <time>2026-07-29T12:10:54.000Z</time>
      </trkpt>
      <trkpt lat="40.0766521144257" lon="116.33687812523638">
        <ele>44.6</ele>
        <time>2026-07-29T12:10:55.000Z</time>
      </trkpt>
      <trkpt lat="40.07661900086942" lon="116.33687279721367">
        <ele>44.6</ele>
        <time>2026-07-29T12:10:56.000Z</time>
      </trkpt>
      <trkpt lat="40.07658558134709" lon="116.33686893495037">
        <ele>44.6</ele>
        <time>2026-07-29T12:10:57.000Z</time>
      </trkpt>
      <trkpt lat="40.07655205135474" lon="116.33686675500576">
        <ele>44.5</ele>
        <time>2026-07-29T12:10:58.000Z</time>
      </trkpt>
      <trkpt lat="40.076518672930476" lon="116.33686645594123">
        <ele>44.5</ele>
        <time>2026-07-29T12:10:59.000Z</time>
      </trkpt>
      <trkpt lat="40.076485880810694" lon="116.33686784551138">
        <ele>44.5</ele>
        <time>2026-07-29T12:11:00.000Z</time>
      </trkpt>
      <trkpt lat="40.07645408694483" lon="116.33687046109621">
        <ele>44.5</ele>
        <time>2026-07-29T12:11:01.000Z</time>
      </trkpt>
      <trkpt lat="40.07642326388586" lon="116.33687404340681">
        <ele>44.5</ele>
        <time>2026-07-29T12:11:02.000Z</time>
      </trkpt>
      <trkpt lat="40.07639305332013" lon="116.33687836569345">
        <ele>44.5</ele>
        <time>2026-07-29T12:11:03.000Z</time>
      </trkpt>
      <trkpt lat="40.07636316415237" lon="116.33688309017361">
        <ele>44.5</ele>
        <time>2026-07-29T12:11:04.000Z</time>
      </trkpt>
      <trkpt lat="40.07633344264582" lon="116.3368879826725">
        <ele>44.5</ele>
        <time>2026-07-29T12:11:05.000Z</time>
      </trkpt>
      <trkpt lat="40.07630377212006" lon="116.33689282931847">
        <ele>44.5</ele>
        <time>2026-07-29T12:11:06.000Z</time>
      </trkpt>
      <trkpt lat="40.07627407991996" lon="116.33689737771782">
        <ele>44.5</ele>
        <time>2026-07-29T12:11:07.000Z</time>
      </trkpt>
      <trkpt lat="40.076244415882535" lon="116.33690140419293">
        <ele>44.5</ele>
        <time>2026-07-29T12:11:08.000Z</time>
      </trkpt>
      <trkpt lat="40.076214815563034" lon="116.33690459195012">
        <ele>44.5</ele>
        <time>2026-07-29T12:11:09.000Z</time>
      </trkpt>
      <trkpt lat="40.07618525029312" lon="116.3369067899229">
        <ele>44.5</ele>
        <time>2026-07-29T12:11:10.000Z</time>
      </trkpt>
      <trkpt lat="40.076155642962874" lon="116.33690826844712">
        <ele>44.5</ele>
        <time>2026-07-29T12:11:11.000Z</time>
      </trkpt>
      <trkpt lat="40.07612587961815" lon="116.33690938430117">
        <ele>44.5</ele>
        <time>2026-07-29T12:11:12.000Z</time>
      </trkpt>
      <trkpt lat="40.07609592710127" lon="116.3369103392335">
        <ele>44.5</ele>
        <time>2026-07-29T12:11:13.000Z</time>
      </trkpt>
      <trkpt lat="40.07606578275609" lon="116.33691122416595">
        <ele>44.5</ele>
        <time>2026-07-29T12:11:14.000Z</time>
      </trkpt>
      <trkpt lat="40.07603544643016" lon="116.33691214795383">
        <ele>44.5</ele>
        <time>2026-07-29T12:11:15.000Z</time>
      </trkpt>
      <trkpt lat="40.07600477556167" lon="116.33691315313546">
        <ele>44.5</ele>
        <time>2026-07-29T12:11:16.000Z</time>
      </trkpt>
      <trkpt lat="40.075973768425754" lon="116.33691418814828">
        <ele>44.5</ele>
        <time>2026-07-29T12:11:17.000Z</time>
      </trkpt>
      <trkpt lat="40.07594271622719" lon="116.33691515038007">
        <ele>44.5</ele>
        <time>2026-07-29T12:11:18.000Z</time>
      </trkpt>
      <trkpt lat="40.07591181338482" lon="116.33691577991016">
        <ele>44.5</ele>
        <time>2026-07-29T12:11:19.000Z</time>
      </trkpt>
      <trkpt lat="40.0758810768027" lon="116.33691559013445">
        <ele>44.5</ele>
        <time>2026-07-29T12:11:20.000Z</time>
      </trkpt>
      <trkpt lat="40.07585051837766" lon="116.33691426257204">
        <ele>44.5</ele>
        <time>2026-07-29T12:11:21.000Z</time>
      </trkpt>
      <trkpt lat="40.07582020881165" lon="116.3369117900387">
        <ele>44.5</ele>
        <time>2026-07-29T12:11:22.000Z</time>
      </trkpt>
      <trkpt lat="40.075790227177045" lon="116.33690829260738">
        <ele>44.5</ele>
        <time>2026-07-29T12:11:23.000Z</time>
      </trkpt>
      <trkpt lat="40.0757606600504" lon="116.33690415967854">
        <ele>44.5</ele>
        <time>2026-07-29T12:11:24.000Z</time>
      </trkpt>
      <trkpt lat="40.075731740230566" lon="116.33690014893324">
        <ele>44.5</ele>
        <time>2026-07-29T12:11:25.000Z</time>
      </trkpt>
      <trkpt lat="40.07570368428877" lon="116.33689675121158">
        <ele>44.4</ele>
        <time>2026-07-29T12:11:26.000Z</time>
      </trkpt>
      <trkpt lat="40.07567651036578" lon="116.33689405608776">
        <ele>44.5</ele>
        <time>2026-07-29T12:11:27.000Z</time>
      </trkpt>
      <trkpt lat="40.07565012435717" lon="116.33689220581729">
        <ele>44.5</ele>
        <time>2026-07-29T12:11:28.000Z</time>
      </trkpt>
      <trkpt lat="40.075624530981024" lon="116.33689125898948">
        <ele>44.5</ele>
        <time>2026-07-29T12:11:29.000Z</time>
      </trkpt>
      <trkpt lat="40.07559967633811" lon="116.3368912461398">
        <ele>44.5</ele>
        <time>2026-07-29T12:11:30.000Z</time>
      </trkpt>
      <trkpt lat="40.075575398515895" lon="116.33689217804076">
        <ele>44.5</ele>
        <time>2026-07-29T12:11:31.000Z</time>
      </trkpt>
      <trkpt lat="40.07555154759832" lon="116.3368939886201">
        <ele>44.5</ele>
        <time>2026-07-29T12:11:32.000Z</time>
      </trkpt>
      <trkpt lat="40.07552796154891" lon="116.33689678275289">
        <ele>44.5</ele>
        <time>2026-07-29T12:11:33.000Z</time>
      </trkpt>
      <trkpt lat="40.07550452997997" lon="116.33690082863593">
        <ele>44.5</ele>
        <time>2026-07-29T12:11:34.000Z</time>
      </trkpt>
      <trkpt lat="40.075481291369925" lon="116.33690641782982">
        <ele>44.5</ele>
        <time>2026-07-29T12:11:35.000Z</time>
      </trkpt>
      <trkpt lat="40.07545841202906" lon="116.33691378030728">
        <ele>44.5</ele>
        <time>2026-07-29T12:11:36.000Z</time>
      </trkpt>
      <trkpt lat="40.07543599228951" lon="116.33692277222202">
        <ele>44.5</ele>
        <time>2026-07-29T12:11:37.000Z</time>
      </trkpt>
      <trkpt lat="40.0754141423746" lon="116.33693305277039">
        <ele>44.5</ele>
        <time>2026-07-29T12:11:38.000Z</time>
      </trkpt>
      <trkpt lat="40.075393133336085" lon="116.33694474781336">
        <ele>44.5</ele>
        <time>2026-07-29T12:11:39.000Z</time>
      </trkpt>
      <trkpt lat="40.07537328873737" lon="116.33695851411618">
        <ele>44.5</ele>
        <time>2026-07-29T12:11:40.000Z</time>
      </trkpt>
      <trkpt lat="40.07535490581129" lon="116.33697507183338">
        <ele>44.6</ele>
        <time>2026-07-29T12:11:41.000Z</time>
      </trkpt>
      <trkpt lat="40.07533828797665" lon="116.33699488685362">
        <ele>44.6</ele>
        <time>2026-07-29T12:11:42.000Z</time>
      </trkpt>
      <trkpt lat="40.075323835412796" lon="116.33701808133783">
        <ele>44.6</ele>
        <time>2026-07-29T12:11:43.000Z</time>
      </trkpt>
      <trkpt lat="40.07531200538711" lon="116.33704456728705">
        <ele>44.6</ele>
        <time>2026-07-29T12:11:44.000Z</time>
      </trkpt>
      <trkpt lat="40.07530311461147" lon="116.33707399318145">
        <ele>44.6</ele>
        <time>2026-07-29T12:11:45.000Z</time>
      </trkpt>
      <trkpt lat="40.07529709614382" lon="116.33710569411147">
        <ele>44.6</ele>
        <time>2026-07-29T12:11:46.000Z</time>
      </trkpt>
      <trkpt lat="40.07529336821771" lon="116.33713892132072">
        <ele>44.6</ele>
        <time>2026-07-29T12:11:47.000Z</time>
      </trkpt>
      <trkpt lat="40.0752911062097" lon="116.3371731535394">
        <ele>44.6</ele>
        <time>2026-07-29T12:11:48.000Z</time>
      </trkpt>
      <trkpt lat="40.07528985857112" lon="116.33720798119994">
        <ele>44.6</ele>
        <time>2026-07-29T12:11:49.000Z</time>
      </trkpt>
      <trkpt lat="40.075289647940686" lon="116.3372430566364">
        <ele>44.6</ele>
        <time>2026-07-29T12:11:50.000Z</time>
      </trkpt>
      <trkpt lat="40.07529075961175" lon="116.33727818979074">
        <ele>44.6</ele>
        <time>2026-07-29T12:11:51.000Z</time>
      </trkpt>
      <trkpt lat="40.075293729102974" lon="116.33731338314783">
        <ele>44.6</ele>
        <time>2026-07-29T12:11:52.000Z</time>
      </trkpt>
      <trkpt lat="40.07529920375855" lon="116.33734852707138">
        <ele>44.6</ele>
        <time>2026-07-29T12:11:53.000Z</time>
      </trkpt>
      <trkpt lat="40.075307601477476" lon="116.33738296536701">
        <ele>44.6</ele>
        <time>2026-07-29T12:11:54.000Z</time>
      </trkpt>
      <trkpt lat="40.075319175658976" lon="116.33741563641652">
        <ele>44.6</ele>
        <time>2026-07-29T12:11:55.000Z</time>
      </trkpt>
      <trkpt lat="40.07533390718004" lon="116.33744624363885">
        <ele>44.6</ele>
        <time>2026-07-29T12:11:56.000Z</time>
      </trkpt>
      <trkpt lat="40.07535138089459" lon="116.33747544033409">
        <ele>44.6</ele>
        <time>2026-07-29T12:11:57.000Z</time>
      </trkpt>
      <trkpt lat="40.07537095808548" lon="116.33750400705793">
        <ele>44.6</ele>
        <time>2026-07-29T12:11:58.000Z</time>
      </trkpt>
      <trkpt lat="40.07539167584402" lon="116.33753275524244">
        <ele>44.6</ele>
        <time>2026-07-29T12:11:59.000Z</time>
      </trkpt>
      <trkpt lat="40.07541253081434" lon="116.33756230052121">
        <ele>44.6</ele>
        <time>2026-07-29T12:12:00.000Z</time>
      </trkpt>
      <trkpt lat="40.075432742367944" lon="116.33759268127811">
        <ele>44.5</ele>
        <time>2026-07-29T12:12:01.000Z</time>
      </trkpt>
      <trkpt lat="40.0754524260977" lon="116.33762304326069">
        <ele>44.5</ele>
        <time>2026-07-29T12:12:02.000Z</time>
      </trkpt>
      <trkpt lat="40.07547269702724" lon="116.33765221811633">
        <ele>44.5</ele>
        <time>2026-07-29T12:12:03.000Z</time>
      </trkpt>
      <trkpt lat="40.07549448542897" lon="116.33767972686243">
        <ele>44.5</ele>
        <time>2026-07-29T12:12:04.000Z</time>
      </trkpt>
      <trkpt lat="40.075517939278086" lon="116.33770570856707">
        <ele>44.5</ele>
        <time>2026-07-29T12:12:05.000Z</time>
      </trkpt>
      <trkpt lat="40.07554267099938" lon="116.33773017991217">
        <ele>44.5</ele>
        <time>2026-07-29T12:12:06.000Z</time>
      </trkpt>
      <trkpt lat="40.07556814603332" lon="116.33775302988384">
        <ele>44.4</ele>
        <time>2026-07-29T12:12:07.000Z</time>
      </trkpt>
      <trkpt lat="40.07559385755466" lon="116.33777408973982">
        <ele>44.4</ele>
        <time>2026-07-29T12:12:08.000Z</time>
      </trkpt>
      <trkpt lat="40.07561956148993" lon="116.33779317201449">
        <ele>44.4</ele>
        <time>2026-07-29T12:12:09.000Z</time>
      </trkpt>
      <trkpt lat="40.075645240890864" lon="116.33781025086219">
        <ele>44.4</ele>
        <time>2026-07-29T12:12:10.000Z</time>
      </trkpt>
      <trkpt lat="40.07567094822698" lon="116.33782543190749">
        <ele>44.3</ele>
        <time>2026-07-29T12:12:11.000Z</time>
      </trkpt>
      <trkpt lat="40.07569671091711" lon="116.3378388144056">
        <ele>44.3</ele>
        <time>2026-07-29T12:12:12.000Z</time>
      </trkpt>
      <trkpt lat="40.07572270756152" lon="116.33785036508573">
        <ele>44.2</ele>
        <time>2026-07-29T12:12:13.000Z</time>
      </trkpt>
      <trkpt lat="40.075749181382456" lon="116.33786002019757">
        <ele>44.2</ele>
        <time>2026-07-29T12:12:14.000Z</time>
      </trkpt>
      <trkpt lat="40.075776015680496" lon="116.3378679069368">
        <ele>44.2</ele>
        <time>2026-07-29T12:12:15.000Z</time>
      </trkpt>
      <trkpt lat="40.07580285410504" lon="116.33787408160426">
        <ele>44.1</ele>
        <time>2026-07-29T12:12:16.000Z</time>
      </trkpt>
      <trkpt lat="40.075829451903246" lon="116.33787822122284">
        <ele>44.1</ele>
        <time>2026-07-29T12:12:17.000Z</time>
      </trkpt>
      <trkpt lat="40.07585580585398" lon="116.33788018215736">
        <ele>44.1</ele>
        <time>2026-07-29T12:12:18.000Z</time>
      </trkpt>
      <trkpt lat="40.07588189094776" lon="116.33788054002707">
        <ele>44.1</ele>
        <time>2026-07-29T12:12:19.000Z</time>
      </trkpt>
      <trkpt lat="40.07590743246564" lon="116.33787999961498">
        <ele>44.1</ele>
        <time>2026-07-29T12:12:20.000Z</time>
      </trkpt>
      <trkpt lat="40.075932414479574" lon="116.33787883480939">
        <ele>44.1</ele>
        <time>2026-07-29T12:12:21.000Z</time>
      </trkpt>
      <trkpt lat="40.07595731180949" lon="116.33787705453302">
        <ele>44.0</ele>
        <time>2026-07-29T12:12:22.000Z</time>
      </trkpt>
      <trkpt lat="40.07598255690776" lon="116.33787470333489">
        <ele>44.0</ele>
        <time>2026-07-29T12:12:23.000Z</time>
      </trkpt>
      <trkpt lat="40.07600812082243" lon="116.33787227235085">
        <ele>44.0</ele>
        <time>2026-07-29T12:12:24.000Z</time>
      </trkpt>
      <trkpt lat="40.07603369823229" lon="116.33787034980757">
        <ele>44.0</ele>
        <time>2026-07-29T12:12:25.000Z</time>
      </trkpt>
      <trkpt lat="40.07605916739598" lon="116.33786909744262">
        <ele>44.0</ele>
        <time>2026-07-29T12:12:26.000Z</time>
      </trkpt>
      <trkpt lat="40.076084515541886" lon="116.33786831136186">
        <ele>44.0</ele>
        <time>2026-07-29T12:12:27.000Z</time>
      </trkpt>
      <trkpt lat="40.076109758017964" lon="116.33786768477755">
        <ele>44.0</ele>
        <time>2026-07-29T12:12:28.000Z</time>
      </trkpt>
      <trkpt lat="40.076134913827026" lon="116.33786712864743">
        <ele>44.0</ele>
        <time>2026-07-29T12:12:29.000Z</time>
      </trkpt>
      <trkpt lat="40.07615999997348" lon="116.3378666933037">
        <ele>44.0</ele>
        <time>2026-07-29T12:12:30.000Z</time>
      </trkpt>
      <trkpt lat="40.07618507317147" lon="116.33786635208857">
        <ele>44.0</ele>
        <time>2026-07-29T12:12:31.000Z</time>
      </trkpt>
      <trkpt lat="40.076210157652675" lon="116.3378660238326">
        <ele>44.0</ele>
        <time>2026-07-29T12:12:32.000Z</time>
      </trkpt>
      <trkpt lat="40.076235277340984" lon="116.33786555877015">
        <ele>44.0</ele>
        <time>2026-07-29T12:12:33.000Z</time>
      </trkpt>
      <trkpt lat="40.07626046669801" lon="116.33786501933355">
        <ele>44.0</ele>
        <time>2026-07-29T12:12:34.000Z</time>
      </trkpt>
      <trkpt lat="40.0762856434958" lon="116.3378646948369">
        <ele>44.0</ele>
        <time>2026-07-29T12:12:35.000Z</time>
      </trkpt>
      <trkpt lat="40.07631066151746" lon="116.33786461408988">
        <ele>44.0</ele>
        <time>2026-07-29T12:12:36.000Z</time>
      </trkpt>
      <trkpt lat="40.076335541489954" lon="116.33786458694637">
        <ele>44.0</ele>
        <time>2026-07-29T12:12:37.000Z</time>
      </trkpt>
      <trkpt lat="40.07636049617953" lon="116.33786436043307">
        <ele>44.0</ele>
        <time>2026-07-29T12:12:38.000Z</time>
      </trkpt>
      <trkpt lat="40.07638569857273" lon="116.33786389872057">
        <ele>44.0</ele>
        <time>2026-07-29T12:12:39.000Z</time>
      </trkpt>
      <trkpt lat="40.07641118995916" lon="116.33786337493636">
        <ele>44.0</ele>
        <time>2026-07-29T12:12:40.000Z</time>
      </trkpt>
      <trkpt lat="40.07643687350376" lon="116.33786299563374">
        <ele>44.0</ele>
        <time>2026-07-29T12:12:41.000Z</time>
      </trkpt>
      <trkpt lat="40.076462551245534" lon="116.33786309810027">
        <ele>44.0</ele>
        <time>2026-07-29T12:12:42.000Z</time>
      </trkpt>
      <trkpt lat="40.076488027129905" lon="116.33786399425556">
        <ele>44.0</ele>
        <time>2026-07-29T12:12:43.000Z</time>
      </trkpt>
      <trkpt lat="40.07651310112702" lon="116.33786587351553">
        <ele>44.0</ele>
        <time>2026-07-29T12:12:44.000Z</time>
      </trkpt>
      <trkpt lat="40.07653750906875" lon="116.33786867972147">
        <ele>44.0</ele>
        <time>2026-07-29T12:12:45.000Z</time>
      </trkpt>
      <trkpt lat="40.07656113117873" lon="116.33787169744187">
        <ele>44.0</ele>
        <time>2026-07-29T12:12:46.000Z</time>
      </trkpt>
      <trkpt lat="40.07658423501134" lon="116.33787381492697">
        <ele>44.0</ele>
        <time>2026-07-29T12:12:47.000Z</time>
      </trkpt>
      <trkpt lat="40.076607099324356" lon="116.33787427269685">
        <ele>44.0</ele>
        <time>2026-07-29T12:12:48.000Z</time>
      </trkpt>
      <trkpt lat="40.07662992109859" lon="116.337872824702">
        <ele>44.0</ele>
        <time>2026-07-29T12:12:49.000Z</time>
      </trkpt>
      <trkpt lat="40.07665288196873" lon="116.33786957251266">
        <ele>44.0</ele>
        <time>2026-07-29T12:12:50.000Z</time>
      </trkpt>
      <trkpt lat="40.07667610194928" lon="116.33786473815165">
        <ele>44.0</ele>
        <time>2026-07-29T12:12:51.000Z</time>
      </trkpt>
      <trkpt lat="40.076699466268195" lon="116.33785835787198">
        <ele>44.0</ele>
        <time>2026-07-29T12:12:52.000Z</time>
      </trkpt>
      <trkpt lat="40.07672266563433" lon="116.33785039757024">
        <ele>44.0</ele>
        <time>2026-07-29T12:12:53.000Z</time>
      </trkpt>
      <trkpt lat="40.076745393626624" lon="116.33784079899091">
        <ele>44.0</ele>
        <time>2026-07-29T12:12:54.000Z</time>
      </trkpt>
      <trkpt lat="40.07676742711183" lon="116.33782916240729">
        <ele>44.0</ele>
        <time>2026-07-29T12:12:55.000Z</time>
      </trkpt>
      <trkpt lat="40.07678885463922" lon="116.33781544602338">
        <ele>44.0</ele>
        <time>2026-07-29T12:12:56.000Z</time>
      </trkpt>
      <trkpt lat="40.076809810234046" lon="116.33780017514499">
        <ele>44.0</ele>
        <time>2026-07-29T12:12:57.000Z</time>
      </trkpt>
      <trkpt lat="40.076830199477044" lon="116.33778345187021">
        <ele>44.0</ele>
        <time>2026-07-29T12:12:58.000Z</time>
      </trkpt>
      <trkpt lat="40.07684981285273" lon="116.3377649634392">
        <ele>44.0</ele>
        <time>2026-07-29T12:12:59.000Z</time>
      </trkpt>
      <trkpt lat="40.07686862555187" lon="116.33774464653087">
        <ele>44.0</ele>
        <time>2026-07-29T12:13:00.000Z</time>
      </trkpt>
      <trkpt lat="40.076886764405074" lon="116.33772263846784">
        <ele>44.0</ele>
        <time>2026-07-29T12:13:01.000Z</time>
      </trkpt>
      <trkpt lat="40.07690412192897" lon="116.33769894243595">
        <ele>44.0</ele>
        <time>2026-07-29T12:13:02.000Z</time>
      </trkpt>
      <trkpt lat="40.076920473261076" lon="116.3376734857349">
        <ele>44.0</ele>
        <time>2026-07-29T12:13:03.000Z</time>
      </trkpt>
      <trkpt lat="40.07693569522257" lon="116.33764639916805">
        <ele>44.0</ele>
        <time>2026-07-29T12:13:04.000Z</time>
      </trkpt>
      <trkpt lat="40.076949652108844" lon="116.33761788375689">
        <ele>44.0</ele>
        <time>2026-07-29T12:13:05.000Z</time>
      </trkpt>
      <trkpt lat="40.076962086509305" lon="116.33758807345572">
        <ele>44.0</ele>
        <time>2026-07-29T12:13:06.000Z</time>
      </trkpt>
      <trkpt lat="40.076972785585056" lon="116.33755707604493">
        <ele>44.0</ele>
        <time>2026-07-29T12:13:07.000Z</time>
      </trkpt>
      <trkpt lat="40.076981909616116" lon="116.33752503960083">
        <ele>44.1</ele>
        <time>2026-07-29T12:13:08.000Z</time>
      </trkpt>
      <trkpt lat="40.07698967277567" lon="116.33749210435427">
        <ele>44.1</ele>
        <time>2026-07-29T12:13:09.000Z</time>
      </trkpt>
      <trkpt lat="40.076995994484015" lon="116.33745825492552">
        <ele>44.1</ele>
        <time>2026-07-29T12:13:10.000Z</time>
      </trkpt>
      <trkpt lat="40.077000730685924" lon="116.33742369370485">
        <ele>44.2</ele>
        <time>2026-07-29T12:13:11.000Z</time>
      </trkpt>
      <trkpt lat="40.077003943854294" lon="116.33738880689478">
        <ele>44.2</ele>
        <time>2026-07-29T12:13:12.000Z</time>
      </trkpt>
      <trkpt lat="40.07700586598171" lon="116.33735385228721">
        <ele>44.2</ele>
        <time>2026-07-29T12:13:13.000Z</time>
      </trkpt>
      <trkpt lat="40.0770065661033" lon="116.33731891021095">
        <ele>44.3</ele>
        <time>2026-07-29T12:13:14.000Z</time>
      </trkpt>
      <trkpt lat="40.077005870132915" lon="116.33728406716756">
        <ele>44.3</ele>
        <time>2026-07-29T12:13:15.000Z</time>
      </trkpt>
      <trkpt lat="40.077003631294026" lon="116.33724950786181">
        <ele>44.3</ele>
        <time>2026-07-29T12:13:16.000Z</time>
      </trkpt>
      <trkpt lat="40.076999787084645" lon="116.33721541032122">
        <ele>44.3</ele>
        <time>2026-07-29T12:13:17.000Z</time>
      </trkpt>
      <trkpt lat="40.076994272305726" lon="116.33718190196466">
        <ele>44.3</ele>
        <time>2026-07-29T12:13:18.000Z</time>
      </trkpt>
      <trkpt lat="40.07698696890465" lon="116.33714898781763">
        <ele>44.3</ele>
        <time>2026-07-29T12:13:19.000Z</time>
      </trkpt>
      <trkpt lat="40.07697781491654" lon="116.33711687097414">
        <ele>44.3</ele>
        <time>2026-07-29T12:13:20.000Z</time>
      </trkpt>
      <trkpt lat="40.07696680689247" lon="116.33708593276101">
        <ele>44.3</ele>
        <time>2026-07-29T12:13:21.000Z</time>
      </trkpt>
      <trkpt lat="40.07695384785584" lon="116.33705651994065">
        <ele>44.3</ele>
        <time>2026-07-29T12:13:22.000Z</time>
      </trkpt>
      <trkpt lat="40.07693886740593" lon="116.33702897609432">
        <ele>44.3</ele>
        <time>2026-07-29T12:13:23.000Z</time>
      </trkpt>
      <trkpt lat="40.076921656952486" lon="116.3370037747808">
        <ele>44.3</ele>
        <time>2026-07-29T12:13:24.000Z</time>
      </trkpt>
      <trkpt lat="40.07690188035623" lon="116.33698134593146">
        <ele>44.3</ele>
        <time>2026-07-29T12:13:25.000Z</time>
      </trkpt>
      <trkpt lat="40.076879656665824" lon="116.3369616092773">
        <ele>44.3</ele>
        <time>2026-07-29T12:13:26.000Z</time>
      </trkpt>
      <trkpt lat="40.0768555872562" lon="116.33694421289538">
        <ele>44.3</ele>
        <time>2026-07-29T12:13:27.000Z</time>
      </trkpt>
      <trkpt lat="40.07683032898378" lon="116.33692877214769">
        <ele>44.3</ele>
        <time>2026-07-29T12:13:28.000Z</time>
      </trkpt>
      <trkpt lat="40.07680431595801" lon="116.33691490900124">
        <ele>44.3</ele>
        <time>2026-07-29T12:13:29.000Z</time>
      </trkpt>
      <trkpt lat="40.07677768435151" lon="116.33690256758528">
        <ele>44.4</ele>
        <time>2026-07-29T12:13:30.000Z</time>
      </trkpt>
      <trkpt lat="40.07675049110591" lon="116.336891884557">
        <ele>44.4</ele>
        <time>2026-07-29T12:13:31.000Z</time>
      </trkpt>
      <trkpt lat="40.076722810793974" lon="116.33688285422">
        <ele>44.4</ele>
        <time>2026-07-29T12:13:32.000Z</time>
        <extensions>
          <gpxtpx:TrackPointExtension>
            <gpxtpx:hr>180</gpxtpx:hr>
          </gpxtpx:TrackPointExtension>
        </extensions>
      </trkpt>
      <trkpt lat="40.07669468853473" lon="116.33687552672143">
        <ele>44.4</ele>
        <time>2026-07-29T12:13:33.000Z</time>
        <extensions>
          <gpxtpx:TrackPointExtension>
            <gpxtpx:hr>180</gpxtpx:hr>
          </gpxtpx:TrackPointExtension>
        </extensions>
      </trkpt>
      <trkpt lat="40.07666605314845" lon="116.33686995877274">
        <ele>44.4</ele>
        <time>2026-07-29T12:13:34.000Z</time>
        <extensions>
          <gpxtpx:TrackPointExtension>
            <gpxtpx:hr>180</gpxtpx:hr>
          </gpxtpx:TrackPointExtension>
        </extensions>
      </trkpt>
      <trkpt lat="40.07663696990243" lon="116.33686578159018">
        <ele>44.4</ele>
        <time>2026-07-29T12:13:35.000Z</time>
        <extensions>
          <gpxtpx:TrackPointExtension>
            <gpxtpx:hr>180</gpxtpx:hr>
          </gpxtpx:TrackPointExtension>
        </extensions>
      </trkpt>
      <trkpt lat="40.07660784418759" lon="116.33686266680859">
        <ele>44.4</ele>
        <time>2026-07-29T12:13:36.000Z</time>
        <extensions>
          <gpxtpx:TrackPointExtension>
            <gpxtpx:hr>180</gpxtpx:hr>
          </gpxtpx:TrackPointExtension>
        </extensions>
      </trkpt>
      <trkpt lat="40.07657923449063" lon="116.33686091308839">
        <ele>44.4</ele>
        <time>2026-07-29T12:13:37.000Z</time>
        <extensions>
          <gpxtpx:TrackPointExtension>
            <gpxtpx:hr>180</gpxtpx:hr>
          </gpxtpx:TrackPointExtension>
        </extensions>
      </trkpt>
      <trkpt lat="40.07655145545404" lon="116.3368609058757">
        <ele>44.3</ele>
        <time>2026-07-29T12:13:38.000Z</time>
        <extensions>
          <gpxtpx:TrackPointExtension>
            <gpxtpx:hr>180</gpxtpx:hr>
          </gpxtpx:TrackPointExtension>
        </extensions>
      </trkpt>
      <trkpt lat="40.07652455698722" lon="116.33686258241106">
        <ele>44.3</ele>
        <time>2026-07-29T12:13:39.000Z</time>
        <extensions>
          <gpxtpx:TrackPointExtension>
            <gpxtpx:hr>180</gpxtpx:hr>
          </gpxtpx:TrackPointExtension>
        </extensions>
      </trkpt>
      <trkpt lat="40.07649843833775" lon="116.33686533052966">
        <ele>44.3</ele>
        <time>2026-07-29T12:13:40.000Z</time>
        <extensions>
          <gpxtpx:TrackPointExtension>
            <gpxtpx:hr>180</gpxtpx:hr>
          </gpxtpx:TrackPointExtension>
        </extensions>
      </trkpt>
      <trkpt lat="40.07647278334751" lon="116.33686829679911">
        <ele>44.2</ele>
        <time>2026-07-29T12:13:41.000Z</time>
        <extensions>
          <gpxtpx:TrackPointExtension>
            <gpxtpx:hr>180</gpxtpx:hr>
          </gpxtpx:TrackPointExtension>
        </extensions>
      </trkpt>
      <trkpt lat="40.07644732674942" lon="116.33687110061688">
        <ele>44.2</ele>
        <time>2026-07-29T12:13:42.000Z</time>
        <extensions>
          <gpxtpx:TrackPointExtension>
            <gpxtpx:hr>180</gpxtpx:hr>
          </gpxtpx:TrackPointExtension>
        </extensions>
      </trkpt>
      <trkpt lat="40.07642193636141" lon="116.33687405798263">
        <ele>44.2</ele>
        <time>2026-07-29T12:13:43.000Z</time>
        <extensions>
          <gpxtpx:TrackPointExtension>
            <gpxtpx:hr>180</gpxtpx:hr>
          </gpxtpx:TrackPointExtension>
        </extensions>
      </trkpt>
      <trkpt lat="40.07639652614641" lon="116.33687739981886">
        <ele>44.1</ele>
        <time>2026-07-29T12:13:44.000Z</time>
        <extensions>
          <gpxtpx:TrackPointExtension>
            <gpxtpx:hr>180</gpxtpx:hr>
          </gpxtpx:TrackPointExtension>
        </extensions>
      </trkpt>
      <trkpt lat="40.07637080913487" lon="116.33688086727942">
        <ele>44.1</ele>
        <time>2026-07-29T12:13:45.000Z</time>
        <extensions>
          <gpxtpx:TrackPointExtension>
            <gpxtpx:hr>180</gpxtpx:hr>
          </gpxtpx:TrackPointExtension>
        </extensions>
      </trkpt>
      <trkpt lat="40.07634456595824" lon="116.33688425085963">
        <ele>44.1</ele>
        <time>2026-07-29T12:13:46.000Z</time>
        <extensions>
          <gpxtpx:TrackPointExtension>
            <gpxtpx:hr>180</gpxtpx:hr>
          </gpxtpx:TrackPointExtension>
        </extensions>
      </trkpt>
      <trkpt lat="40.07631787881465" lon="116.33688756759916">
        <ele>44.1</ele>
        <time>2026-07-29T12:13:47.000Z</time>
        <extensions>
          <gpxtpx:TrackPointExtension>
            <gpxtpx:hr>180</gpxtpx:hr>
          </gpxtpx:TrackPointExtension>
        </extensions>
      </trkpt>
      <trkpt lat="40.07629089289714" lon="116.33689077796808">
        <ele>44.0</ele>
        <time>2026-07-29T12:13:48.000Z</time>
        <extensions>
          <gpxtpx:TrackPointExtension>
            <gpxtpx:hr>180</gpxtpx:hr>
          </gpxtpx:TrackPointExtension>
        </extensions>
      </trkpt>
      <trkpt lat="40.076263755050526" lon="116.33689378133752">
        <ele>44.0</ele>
        <time>2026-07-29T12:13:49.000Z</time>
        <extensions>
          <gpxtpx:TrackPointExtension>
            <gpxtpx:hr>180</gpxtpx:hr>
          </gpxtpx:TrackPointExtension>
        </extensions>
      </trkpt>
      <trkpt lat="40.076236539429566" lon="116.33689652205135">
        <ele>44.0</ele>
        <time>2026-07-29T12:13:50.000Z</time>
        <extensions>
          <gpxtpx:TrackPointExtension>
            <gpxtpx:hr>180</gpxtpx:hr>
          </gpxtpx:TrackPointExtension>
        </extensions>
      </trkpt>
      <trkpt lat="40.07620919553889" lon="116.33689896407843">
        <ele>44.0</ele>
        <time>2026-07-29T12:13:51.000Z</time>
        <extensions>
          <gpxtpx:TrackPointExtension>
            <gpxtpx:hr>180</gpxtpx:hr>
          </gpxtpx:TrackPointExtension>
        </extensions>
      </trkpt>
      <trkpt lat="40.07618171046613" lon="116.33690114201251">
        <ele>44.0</ele>
        <time>2026-07-29T12:13:52.000Z</time>
        <extensions>
          <gpxtpx:TrackPointExtension>
            <gpxtpx:hr>180</gpxtpx:hr>
          </gpxtpx:TrackPointExtension>
        </extensions>
      </trkpt>
      <trkpt lat="40.0761542460753" lon="116.3369031799063">
        <ele>44.0</ele>
        <time>2026-07-29T12:13:53.000Z</time>
        <extensions>
          <gpxtpx:TrackPointExtension>
            <gpxtpx:hr>180</gpxtpx:hr>
          </gpxtpx:TrackPointExtension>
        </extensions>
      </trkpt>
      <trkpt lat="40.07612686626131" lon="116.33690527518553">
        <ele>44.0</ele>
        <time>2026-07-29T12:13:54.000Z</time>
        <extensions>
          <gpxtpx:TrackPointExtension>
            <gpxtpx:hr>180</gpxtpx:hr>
          </gpxtpx:TrackPointExtension>
        </extensions>
      </trkpt>
      <trkpt lat="40.07609939589452" lon="116.33690757592021">
        <ele>44.0</ele>
        <time>2026-07-29T12:13:55.000Z</time>
        <extensions>
          <gpxtpx:TrackPointExtension>
            <gpxtpx:hr>180</gpxtpx:hr>
          </gpxtpx:TrackPointExtension>
        </extensions>
      </trkpt>
      <trkpt lat="40.07607180611438" lon="116.33691004416738">
        <ele>44.0</ele>
        <time>2026-07-29T12:13:56.000Z</time>
        <extensions>
          <gpxtpx:TrackPointExtension>
            <gpxtpx:hr>180</gpxtpx:hr>
          </gpxtpx:TrackPointExtension>
        </extensions>
      </trkpt>
      <trkpt lat="40.0760442589365" lon="116.33691258660018">
        <ele>44.0</ele>
        <time>2026-07-29T12:13:57.000Z</time>
        <extensions>
          <gpxtpx:TrackPointExtension>
            <gpxtpx:hr>180</gpxtpx:hr>
          </gpxtpx:TrackPointExtension>
        </extensions>
      </trkpt>
      <trkpt lat="40.07601688523872" lon="116.33691491747166">
        <ele>44.0</ele>
        <time>2026-07-29T12:13:58.000Z</time>
        <extensions>
          <gpxtpx:TrackPointExtension>
            <gpxtpx:hr>180</gpxtpx:hr>
          </gpxtpx:TrackPointExtension>
        </extensions>
      </trkpt>
      <trkpt lat="40.07598978301842" lon="116.33691664656816">
        <ele>44.0</ele>
        <time>2026-07-29T12:13:59.000Z</time>
        <extensions>
          <gpxtpx:TrackPointExtension>
            <gpxtpx:hr>180</gpxtpx:hr>
          </gpxtpx:TrackPointExtension>
        </extensions>
      </trkpt>
      <trkpt lat="40.07596311697267" lon="116.33691775621882">
        <ele>44.0</ele>
        <time>2026-07-29T12:14:00.000Z</time>
        <extensions>
          <gpxtpx:TrackPointExtension>
            <gpxtpx:hr>180</gpxtpx:hr>
          </gpxtpx:TrackPointExtension>
        </extensions>
      </trkpt>
      <trkpt lat="40.0759370990541" lon="116.33691851918354">
        <ele>44.0</ele>
        <time>2026-07-29T12:14:01.000Z</time>
        <extensions>
          <gpxtpx:TrackPointExtension>
            <gpxtpx:hr>180</gpxtpx:hr>
          </gpxtpx:TrackPointExtension>
        </extensions>
      </trkpt>
      <trkpt lat="40.07591183593158" lon="116.33691913251101">
        <ele>43.9</ele>
        <time>2026-07-29T12:14:02.000Z</time>
      </trkpt>
      <trkpt lat="40.07588728246919" lon="116.33691954537754">
        <ele>43.9</ele>
        <time>2026-07-29T12:14:03.000Z</time>
      </trkpt>
      <trkpt lat="40.075863383404986" lon="116.33691977588384">
        <ele>44.0</ele>
        <time>2026-07-29T12:14:04.000Z</time>
      </trkpt>
      <trkpt lat="40.07584007987383" lon="116.33692000765649">
        <ele>44.0</ele>
        <time>2026-07-29T12:14:05.000Z</time>
      </trkpt>
      <trkpt lat="40.07581721309185" lon="116.33692022915687">
        <ele>44.0</ele>
        <time>2026-07-29T12:14:06.000Z</time>
      </trkpt>
      <trkpt lat="40.07579453416268" lon="116.33692054024853">
        <ele>44.0</ele>
        <time>2026-07-29T12:14:07.000Z</time>
      </trkpt>
      <trkpt lat="40.075771825253085" lon="116.33692103932286">
        <ele>44.1</ele>
        <time>2026-07-29T12:14:08.000Z</time>
      </trkpt>
      <trkpt lat="40.07574907752067" lon="116.33692155723685">
        <ele>44.1</ele>
        <time>2026-07-29T12:14:09.000Z</time>
      </trkpt>
      <trkpt lat="40.075726334492266" lon="116.33692217665555">
        <ele>44.1</ele>
        <time>2026-07-29T12:14:10.000Z</time>
      </trkpt>
      <trkpt lat="40.07570359244664" lon="116.33692349920135">
        <ele>44.2</ele>
        <time>2026-07-29T12:14:11.000Z</time>
      </trkpt>
      <trkpt lat="40.07568087868196" lon="116.3369261438973">
        <ele>44.2</ele>
        <time>2026-07-29T12:14:12.000Z</time>
      </trkpt>
      <trkpt lat="40.0756582385296" lon="116.33693053586936">
        <ele>44.2</ele>
        <time>2026-07-29T12:14:13.000Z</time>
      </trkpt>
      <trkpt lat="40.075635623373834" lon="116.33693694120825">
        <ele>44.2</ele>
        <time>2026-07-29T12:14:14.000Z</time>
      </trkpt>
      <trkpt lat="40.07561292424657" lon="116.33694547321791">
        <ele>44.2</ele>
        <time>2026-07-29T12:14:15.000Z</time>
      </trkpt>
      <trkpt lat="40.075590207608414" lon="116.3369561396302">
        <ele>44.2</ele>
        <time>2026-07-29T12:14:16.000Z</time>
      </trkpt>
      <trkpt lat="40.07556778918781" lon="116.33696866132975">
        <ele>44.2</ele>
        <time>2026-07-29T12:14:17.000Z</time>
      </trkpt>
      <trkpt lat="40.07554614390275" lon="116.33698301760057">
        <ele>44.2</ele>
        <time>2026-07-29T12:14:18.000Z</time>
      </trkpt>
      <trkpt lat="40.07552568058794" lon="116.3369998010265">
        <ele>44.2</ele>
        <time>2026-07-29T12:14:19.000Z</time>
      </trkpt>
      <trkpt lat="40.07550658668415" lon="116.33701945555083">
        <ele>44.2</ele>
        <time>2026-07-29T12:14:20.000Z</time>
      </trkpt>
      <trkpt lat="40.07548883629968" lon="116.33704195273248">
        <ele>44.2</ele>
        <time>2026-07-29T12:14:21.000Z</time>
      </trkpt>
      <trkpt lat="40.07547234904543" lon="116.33706710756385">
        <ele>44.2</ele>
        <time>2026-07-29T12:14:22.000Z</time>
      </trkpt>
      <trkpt lat="40.07545718250539" lon="116.33709478851189">
        <ele>44.2</ele>
        <time>2026-07-29T12:14:23.000Z</time>
      </trkpt>
      <trkpt lat="40.075443729231175" lon="116.33712493187608">
        <ele>44.2</ele>
        <time>2026-07-29T12:14:24.000Z</time>
      </trkpt>
      <trkpt lat="40.07543261751903" lon="116.33715738145695">
        <ele>44.2</ele>
        <time>2026-07-29T12:14:25.000Z</time>
      </trkpt>
      <trkpt lat="40.075424176933225" lon="116.3371918066621">
        <ele>44.2</ele>
        <time>2026-07-29T12:14:26.000Z</time>
      </trkpt>
      <trkpt lat="40.07541833589163" lon="116.33722772051563">
        <ele>44.2</ele>
        <time>2026-07-29T12:14:27.000Z</time>
      </trkpt>
      <trkpt lat="40.07541493875932" lon="116.3372646175446">
        <ele>44.3</ele>
        <time>2026-07-29T12:14:28.000Z</time>
      </trkpt>
      <trkpt lat="40.07541388452768" lon="116.3373018964844">
        <ele>44.3</ele>
        <time>2026-07-29T12:14:29.000Z</time>
      </trkpt>
      <trkpt lat="40.07541524268591" lon="116.3373387831536">
        <ele>44.3</ele>
        <time>2026-07-29T12:14:30.000Z</time>
      </trkpt>
      <trkpt lat="40.07541914728699" lon="116.33737458422142">
        <ele>44.3</ele>
        <time>2026-07-29T12:14:31.000Z</time>
      </trkpt>
      <trkpt lat="40.075425572549136" lon="116.33740908111122">
        <ele>44.3</ele>
        <time>2026-07-29T12:14:32.000Z</time>
      </trkpt>
      <trkpt lat="40.07543429066692" lon="116.33744259027173">
        <ele>44.3</ele>
        <time>2026-07-29T12:14:33.000Z</time>
      </trkpt>
      <trkpt lat="40.075444965148115" lon="116.33747544279647">
        <ele>44.3</ele>
        <time>2026-07-29T12:14:34.000Z</time>
      </trkpt>
      <trkpt lat="40.07545731138329" lon="116.33750761345377">
        <ele>44.3</ele>
        <time>2026-07-29T12:14:35.000Z</time>
      </trkpt>
      <trkpt lat="40.07547109255641" lon="116.33753901162952">
        <ele>44.3</ele>
        <time>2026-07-29T12:14:36.000Z</time>
      </trkpt>
      <trkpt lat="40.075486013844234" lon="116.33756966834363">
        <ele>44.3</ele>
        <time>2026-07-29T12:14:37.000Z</time>
      </trkpt>
      <trkpt lat="40.075501695613795" lon="116.33759970120148">
        <ele>44.3</ele>
        <time>2026-07-29T12:14:38.000Z</time>
      </trkpt>
      <trkpt lat="40.07551783851592" lon="116.33762922520604">
        <ele>44.3</ele>
        <time>2026-07-29T12:14:39.000Z</time>
      </trkpt>
      <trkpt lat="40.075534371067214" lon="116.33765806685996">
        <ele>44.3</ele>
        <time>2026-07-29T12:14:40.000Z</time>
      </trkpt>
      <trkpt lat="40.07555133294224" lon="116.33768570365245">
        <ele>44.3</ele>
        <time>2026-07-29T12:14:41.000Z</time>
      </trkpt>
      <trkpt lat="40.075568864156125" lon="116.33771176812041">
        <ele>44.2</ele>
        <time>2026-07-29T12:14:42.000Z</time>
      </trkpt>
      <trkpt lat="40.07558712750493" lon="116.3377363472414">
        <ele>44.2</ele>
        <time>2026-07-29T12:14:43.000Z</time>
      </trkpt>
      <trkpt lat="40.07560623755872" lon="116.33775949028211">
        <ele>44.2</ele>
        <time>2026-07-29T12:14:44.000Z</time>
      </trkpt>
      <trkpt lat="40.07562641334791" lon="116.33778107549267">
        <ele>44.1</ele>
        <time>2026-07-29T12:14:45.000Z</time>
      </trkpt>
      <trkpt lat="40.07564779343166" lon="116.33780103456112">
        <ele>44.1</ele>
        <time>2026-07-29T12:14:46.000Z</time>
      </trkpt>
      <trkpt lat="40.07567030795937" lon="116.3378192679828">
        <ele>44.0</ele>
        <time>2026-07-29T12:14:47.000Z</time>
      </trkpt>
      <trkpt lat="40.07569381715279" lon="116.33783564903746">
        <ele>44.0</ele>
        <time>2026-07-29T12:14:48.000Z</time>
      </trkpt>
      <trkpt lat="40.075718106780656" lon="116.33785015850229">
        <ele>44.0</ele>
        <time>2026-07-29T12:14:49.000Z</time>
      </trkpt>
      <trkpt lat="40.075742900484855" lon="116.33786274480599">
        <ele>43.9</ele>
        <time>2026-07-29T12:14:50.000Z</time>
      </trkpt>
      <trkpt lat="40.075767853726866" lon="116.33787323410587">
        <ele>43.9</ele>
        <time>2026-07-29T12:14:51.000Z</time>
      </trkpt>
      <trkpt lat="40.075792559045425" lon="116.33788150083511">
        <ele>43.8</ele>
        <time>2026-07-29T12:14:52.000Z</time>
      </trkpt>
      <trkpt lat="40.0758168125678" lon="116.33788727209159">
        <ele>43.8</ele>
        <time>2026-07-29T12:14:53.000Z</time>
      </trkpt>
      <trkpt lat="40.07584081922236" lon="116.3378904948913">
        <ele>43.8</ele>
        <time>2026-07-29T12:14:54.000Z</time>
      </trkpt>
      <trkpt lat="40.07586482610892" lon="116.33789165455809">
        <ele>43.8</ele>
        <time>2026-07-29T12:14:55.000Z</time>
      </trkpt>
      <trkpt lat="40.075888721549696" lon="116.33789135119514">
        <ele>43.7</ele>
        <time>2026-07-29T12:14:56.000Z</time>
      </trkpt>
      <trkpt lat="40.07591235702203" lon="116.33789015080328">
        <ele>43.7</ele>
        <time>2026-07-29T12:14:57.000Z</time>
      </trkpt>
      <trkpt lat="40.075935762787594" lon="116.337888224049">
        <ele>43.7</ele>
        <time>2026-07-29T12:14:58.000Z</time>
      </trkpt>
      <trkpt lat="40.07595892232811" lon="116.33788555884101">
        <ele>43.7</ele>
        <time>2026-07-29T12:14:59.000Z</time>
      </trkpt>
      <trkpt lat="40.075981920112895" lon="116.33788252442946">
        <ele>43.7</ele>
        <time>2026-07-29T12:15:00.000Z</time>
      </trkpt>
      <trkpt lat="40.0760050496421" lon="116.3378794014856">
        <ele>43.7</ele>
        <time>2026-07-29T12:15:01.000Z</time>
      </trkpt>
      <trkpt lat="40.07602837280817" lon="116.33787611665821">
        <ele>43.7</ele>
        <time>2026-07-29T12:15:02.000Z</time>
      </trkpt>
      <trkpt lat="40.07605180610118" lon="116.33787256592133">
        <ele>43.7</ele>
        <time>2026-07-29T12:15:03.000Z</time>
      </trkpt>
      <trkpt lat="40.07607537162304" lon="116.33786899179995">
        <ele>43.7</ele>
        <time>2026-07-29T12:15:04.000Z</time>
      </trkpt>
      <trkpt lat="40.07609903261257" lon="116.33786569274663">
        <ele>43.7</ele>
        <time>2026-07-29T12:15:05.000Z</time>
      </trkpt>
      <trkpt lat="40.07612261651443" lon="116.3378626789476">
        <ele>43.7</ele>
        <time>2026-07-29T12:15:06.000Z</time>
      </trkpt>
      <trkpt lat="40.0761460280587" lon="116.3378599754981">
        <ele>43.7</ele>
        <time>2026-07-29T12:15:07.000Z</time>
      </trkpt>
      <trkpt lat="40.07616921679226" lon="116.33785780959505">
        <ele>43.7</ele>
        <time>2026-07-29T12:15:08.000Z</time>
      </trkpt>
      <trkpt lat="40.076192260868346" lon="116.33785616519457">
        <ele>43.7</ele>
        <time>2026-07-29T12:15:09.000Z</time>
      </trkpt>
      <trkpt lat="40.07621535546057" lon="116.33785479278384">
        <ele>43.7</ele>
        <time>2026-07-29T12:15:10.000Z</time>
      </trkpt>
      <trkpt lat="40.07623862309619" lon="116.33785346090494">
        <ele>43.7</ele>
        <time>2026-07-29T12:15:11.000Z</time>
      </trkpt>
      <trkpt lat="40.07626218233844" lon="116.33785204519619">
        <ele>43.7</ele>
        <time>2026-07-29T12:15:12.000Z</time>
      </trkpt>
      <trkpt lat="40.07628597039516" lon="116.33785078809449">
        <ele>43.7</ele>
        <time>2026-07-29T12:15:13.000Z</time>
      </trkpt>
      <trkpt lat="40.07630984219097" lon="116.33785006822232">
        <ele>43.7</ele>
        <time>2026-07-29T12:15:14.000Z</time>
      </trkpt>
      <trkpt lat="40.0763337621757" lon="116.3378500041819">
        <ele>43.7</ele>
        <time>2026-07-29T12:15:15.000Z</time>
      </trkpt>
      <trkpt lat="40.07635777104366" lon="116.3378504726558">
        <ele>43.7</ele>
        <time>2026-07-29T12:15:16.000Z</time>
      </trkpt>
      <trkpt lat="40.07638199384645" lon="116.33785119755254">
        <ele>43.6</ele>
        <time>2026-07-29T12:15:17.000Z</time>
      </trkpt>
      <trkpt lat="40.07640643514185" lon="116.3378515814133">
        <ele>43.6</ele>
        <time>2026-07-29T12:15:18.000Z</time>
      </trkpt>
      <trkpt lat="40.07643098379621" lon="116.3378511105017">
        <ele>43.6</ele>
        <time>2026-07-29T12:15:19.000Z</time>
      </trkpt>
      <trkpt lat="40.07645552322473" lon="116.33784971540256">
        <ele>43.6</ele>
        <time>2026-07-29T12:15:20.000Z</time>
      </trkpt>
      <trkpt lat="40.07647993445467" lon="116.33784770070268">
        <ele>43.6</ele>
        <time>2026-07-29T12:15:21.000Z</time>
      </trkpt>
      <trkpt lat="40.076504129933134" lon="116.33784526495434">
        <ele>43.6</ele>
        <time>2026-07-29T12:15:22.000Z</time>
      </trkpt>
      <trkpt lat="40.07652815306291" lon="116.33784232931322">
        <ele>43.6</ele>
        <time>2026-07-29T12:15:23.000Z</time>
      </trkpt>
      <trkpt lat="40.07655218416492" lon="116.33783893996802">
        <ele>43.6</ele>
        <time>2026-07-29T12:15:24.000Z</time>
      </trkpt>
      <trkpt lat="40.07657639159228" lon="116.33783543123099">
        <ele>43.6</ele>
        <time>2026-07-29T12:15:25.000Z</time>
      </trkpt>
      <trkpt lat="40.07660075656772" lon="116.33783205477833">
        <ele>43.5</ele>
        <time>2026-07-29T12:15:26.000Z</time>
      </trkpt>
      <trkpt lat="40.07662522316046" lon="116.33782880515696">
        <ele>43.5</ele>
        <time>2026-07-29T12:15:27.000Z</time>
      </trkpt>
      <trkpt lat="40.07664968332135" lon="116.33782554085833">
        <ele>43.5</ele>
        <time>2026-07-29T12:15:28.000Z</time>
      </trkpt>
      <trkpt lat="40.076673972065656" lon="116.33782201670985">
        <ele>43.5</ele>
        <time>2026-07-29T12:15:29.000Z</time>
      </trkpt>
      <trkpt lat="40.07669803094338" lon="116.33781799080981">
        <ele>43.5</ele>
        <time>2026-07-29T12:15:30.000Z</time>
      </trkpt>
      <trkpt lat="40.0767218673068" lon="116.33781335781362">
        <ele>43.5</ele>
        <time>2026-07-29T12:15:31.000Z</time>
      </trkpt>
      <trkpt lat="40.07674548721577" lon="116.33780806197755">
        <ele>43.6</ele>
        <time>2026-07-29T12:15:32.000Z</time>
      </trkpt>
      <trkpt lat="40.07676880838827" lon="116.33780165617512">
        <ele>43.6</ele>
        <time>2026-07-29T12:15:33.000Z</time>
      </trkpt>
      <trkpt lat="40.076791571693974" lon="116.33779318215122">
        <ele>43.6</ele>
        <time>2026-07-29T12:15:34.000Z</time>
      </trkpt>
      <trkpt lat="40.07681350063099" lon="116.33778165634389">
        <ele>43.6</ele>
        <time>2026-07-29T12:15:35.000Z</time>
      </trkpt>
      <trkpt lat="40.07683435046124" lon="116.33776663252112">
        <ele>43.6</ele>
        <time>2026-07-29T12:15:36.000Z</time>
      </trkpt>
      <trkpt lat="40.07685395093073" lon="116.33774822883335">
        <ele>43.6</ele>
        <time>2026-07-29T12:15:37.000Z</time>
      </trkpt>
      <trkpt lat="40.076872341600065" lon="116.33772708693887">
        <ele>43.6</ele>
        <time>2026-07-29T12:15:38.000Z</time>
      </trkpt>
      <trkpt lat="40.076889686679735" lon="116.33770420895742">
        <ele>43.6</ele>
        <time>2026-07-29T12:15:39.000Z</time>
      </trkpt>
      <trkpt lat="40.076906211972656" lon="116.33768047637099">
        <ele>43.6</ele>
        <time>2026-07-29T12:15:40.000Z</time>
      </trkpt>
      <trkpt lat="40.076922002394056" lon="116.33765630171364">
        <ele>43.7</ele>
        <time>2026-07-29T12:15:41.000Z</time>
      </trkpt>
      <trkpt lat="40.07693672117914" lon="116.33763161004772">
        <ele>43.7</ele>
        <time>2026-07-29T12:15:42.000Z</time>
      </trkpt>
      <trkpt lat="40.0769500589536" lon="116.33760600798638">
        <ele>43.7</ele>
        <time>2026-07-29T12:15:43.000Z</time>
      </trkpt>
      <trkpt lat="40.0769620408518" lon="116.3375790459518">
        <ele>43.7</ele>
        <time>2026-07-29T12:15:44.000Z</time>
      </trkpt>
      <trkpt lat="40.07697282552193" lon="116.33755033123859">
        <ele>43.8</ele>
        <time>2026-07-29T12:15:45.000Z</time>
      </trkpt>
      <trkpt lat="40.07698252620452" lon="116.33751969664127">
        <ele>43.8</ele>
        <time>2026-07-29T12:15:46.000Z</time>
      </trkpt>
      <trkpt lat="40.07699115967245" lon="116.33748727496369">
        <ele>43.8</ele>
        <time>2026-07-29T12:15:47.000Z</time>
      </trkpt>
      <trkpt lat="40.07699876593777" lon="116.33745339166414">
        <ele>43.8</ele>
        <time>2026-07-29T12:15:48.000Z</time>
      </trkpt>
      <trkpt lat="40.07700529391485" lon="116.33741847041084">
        <ele>43.9</ele>
        <time>2026-07-29T12:15:49.000Z</time>
      </trkpt>
      <trkpt lat="40.077010623626606" lon="116.33738291330258">
        <ele>43.9</ele>
        <time>2026-07-29T12:15:50.000Z</time>
      </trkpt>
      <trkpt lat="40.07701479058561" lon="116.33734697638414">
        <ele>43.9</ele>
        <time>2026-07-29T12:15:51.000Z</time>
      </trkpt>
      <trkpt lat="40.07701774829477" lon="116.3373107327791">
        <ele>44.0</ele>
        <time>2026-07-29T12:15:52.000Z</time>
      </trkpt>
      <trkpt lat="40.07701908140444" lon="116.33727418700374">
        <ele>44.0</ele>
        <time>2026-07-29T12:15:53.000Z</time>
      </trkpt>
      <trkpt lat="40.07701817024193" lon="116.33723744863414">
        <ele>44.0</ele>
        <time>2026-07-29T12:15:54.000Z</time>
      </trkpt>
      <trkpt lat="40.07701448118828" lon="116.33720086013166">
        <ele>44.0</ele>
        <time>2026-07-29T12:15:55.000Z</time>
      </trkpt>
      <trkpt lat="40.07700769166985" lon="116.3371650124935">
        <ele>44.0</ele>
        <time>2026-07-29T12:15:56.000Z</time>
      </trkpt>
      <trkpt lat="40.076997834939846" lon="116.3371303359214">
        <ele>44.0</ele>
        <time>2026-07-29T12:15:57.000Z</time>
      </trkpt>
      <trkpt lat="40.07698520049365" lon="116.33709715022515">
        <ele>44.0</ele>
        <time>2026-07-29T12:15:58.000Z</time>
      </trkpt>
      <trkpt lat="40.07696987693021" lon="116.33706598186173">
        <ele>44.0</ele>
        <time>2026-07-29T12:15:59.000Z</time>
      </trkpt>
      <trkpt lat="40.07695165336873" lon="116.33703765194501">
        <ele>44.0</ele>
        <time>2026-07-29T12:16:00.000Z</time>
      </trkpt>
      <trkpt lat="40.076930482564" lon="116.33701255730324">
        <ele>44.0</ele>
        <time>2026-07-29T12:16:01.000Z</time>
      </trkpt>
      <trkpt lat="40.07690684499114" lon="116.33699026162813">
        <ele>44.0</ele>
        <time>2026-07-29T12:16:02.000Z</time>
      </trkpt>
      <trkpt lat="40.07688149809688" lon="116.3369701228274">
        <ele>44.0</ele>
        <time>2026-07-29T12:16:03.000Z</time>
      </trkpt>
      <trkpt lat="40.076855219376114" lon="116.33695150976355">
        <ele>44.0</ele>
        <time>2026-07-29T12:16:04.000Z</time>
      </trkpt>
      <trkpt lat="40.076828656531845" lon="116.33693387935507">
        <ele>44.0</ele>
        <time>2026-07-29T12:16:05.000Z</time>
      </trkpt>
      <trkpt lat="40.076801903811685" lon="116.33691696041733">
        <ele>44.0</ele>
        <time>2026-07-29T12:16:06.000Z</time>
      </trkpt>
      <trkpt lat="40.076774582778114" lon="116.33690076215451">
        <ele>44.0</ele>
        <time>2026-07-29T12:16:07.000Z</time>
      </trkpt>
      <trkpt lat="40.07674639439609" lon="116.33688543307551">
        <ele>44.0</ele>
        <time>2026-07-29T12:16:08.000Z</time>
      </trkpt>
      <trkpt lat="40.07671733104231" lon="116.33687141004083">
        <ele>44.0</ele>
        <time>2026-07-29T12:16:09.000Z</time>
      </trkpt>
      <trkpt lat="40.07668764611827" lon="116.33685937602412">
        <ele>44.1</ele>
        <time>2026-07-29T12:16:10.000Z</time>
      </trkpt>
      <trkpt lat="40.07665770643469" lon="116.33685011902435">
        <ele>44.1</ele>
        <time>2026-07-29T12:16:11.000Z</time>
      </trkpt>
      <trkpt lat="40.07662805112657" lon="116.33684384125269">
        <ele>44.0</ele>
        <time>2026-07-29T12:16:12.000Z</time>
      </trkpt>
      <trkpt lat="40.07659905078117" lon="116.33684041453101">
        <ele>44.0</ele>
        <time>2026-07-29T12:16:13.000Z</time>
      </trkpt>
      <trkpt lat="40.076570632934626" lon="116.33683994661102">
        <ele>44.0</ele>
        <time>2026-07-29T12:16:14.000Z</time>
      </trkpt>
      <trkpt lat="40.07654272831986" lon="116.33684221300032">
        <ele>44.0</ele>
        <time>2026-07-29T12:16:15.000Z</time>
      </trkpt>
      <trkpt lat="40.076515418669516" lon="116.3368465242343">
        <ele>43.9</ele>
        <time>2026-07-29T12:16:16.000Z</time>
      </trkpt>
      <trkpt lat="40.07648875762073" lon="116.33685206426829">
        <ele>43.9</ele>
        <time>2026-07-29T12:16:17.000Z</time>
      </trkpt>
      <trkpt lat="40.076462770210554" lon="116.3368583453857">
        <ele>43.9</ele>
        <time>2026-07-29T12:16:18.000Z</time>
      </trkpt>
      <trkpt lat="40.07643736051583" lon="116.33686510159541">
        <ele>43.9</ele>
        <time>2026-07-29T12:16:19.000Z</time>
      </trkpt>
      <trkpt lat="40.07641227322525" lon="116.33687180320008">
        <ele>43.9</ele>
        <time>2026-07-29T12:16:20.000Z</time>
      </trkpt>
      <trkpt lat="40.07638717152461" lon="116.33687762989304">
        <ele>43.8</ele>
        <time>2026-07-29T12:16:21.000Z</time>
      </trkpt>
      <trkpt lat="40.07636187477978" lon="116.3368819664307">
        <ele>43.8</ele>
        <time>2026-07-29T12:16:22.000Z</time>
      </trkpt>
      <trkpt lat="40.07633642326014" lon="116.33688484368425">
        <ele>43.8</ele>
        <time>2026-07-29T12:16:23.000Z</time>
      </trkpt>
      <trkpt lat="40.0763110235209" lon="116.3368867090371">
        <ele>43.8</ele>
        <time>2026-07-29T12:16:24.000Z</time>
      </trkpt>
      <trkpt lat="40.07628580079062" lon="116.33688809909297">
        <ele>43.8</ele>
        <time>2026-07-29T12:16:25.000Z</time>
      </trkpt>
      <trkpt lat="40.07626073331046" lon="116.33688969426038">
        <ele>43.8</ele>
        <time>2026-07-29T12:16:26.000Z</time>
      </trkpt>
      <trkpt lat="40.076235839655176" lon="116.33689172632403">
        <ele>43.8</ele>
        <time>2026-07-29T12:16:27.000Z</time>
      </trkpt>
      <trkpt lat="40.07621115423376" lon="116.33689391398482">
        <ele>43.8</ele>
        <time>2026-07-29T12:16:28.000Z</time>
      </trkpt>
      <trkpt lat="40.076186737151566" lon="116.33689598541689">
        <ele>43.8</ele>
        <time>2026-07-29T12:16:29.000Z</time>
      </trkpt>
      <trkpt lat="40.07616256393102" lon="116.33689798836642">
        <ele>43.8</ele>
        <time>2026-07-29T12:16:30.000Z</time>
      </trkpt>
      <trkpt lat="40.076138463506304" lon="116.33690008919488">
        <ele>43.8</ele>
        <time>2026-07-29T12:16:31.000Z</time>
      </trkpt>
      <trkpt lat="40.07611431965119" lon="116.33690228282856">
        <ele>43.8</ele>
        <time>2026-07-29T12:16:32.000Z</time>
      </trkpt>
      <trkpt lat="40.07608998799726" lon="116.33690460065972">
        <ele>43.7</ele>
        <time>2026-07-29T12:16:33.000Z</time>
      </trkpt>
      <trkpt lat="40.07606523804914" lon="116.33690695680305">
        <ele>43.7</ele>
        <time>2026-07-29T12:16:34.000Z</time>
      </trkpt>
      <trkpt lat="40.07604012199373" lon="116.3369091703057">
        <ele>43.7</ele>
        <time>2026-07-29T12:16:35.000Z</time>
      </trkpt>
      <trkpt lat="40.076014926436095" lon="116.33691126101417">
        <ele>43.7</ele>
        <time>2026-07-29T12:16:36.000Z</time>
      </trkpt>
      <trkpt lat="40.07598979636827" lon="116.33691336846074">
        <ele>43.7</ele>
        <time>2026-07-29T12:16:37.000Z</time>
      </trkpt>
      <trkpt lat="40.07596480955572" lon="116.33691551097411">
        <ele>43.7</ele>
        <time>2026-07-29T12:16:38.000Z</time>
      </trkpt>
      <trkpt lat="40.07594009622761" lon="116.33691744370742">
        <ele>43.7</ele>
        <time>2026-07-29T12:16:39.000Z</time>
      </trkpt>
      <trkpt lat="40.075915695946065" lon="116.33691872109752">
        <ele>43.7</ele>
        <time>2026-07-29T12:16:40.000Z</time>
      </trkpt>
      <trkpt lat="40.07589157856245" lon="116.33691915505749">
        <ele>43.7</ele>
        <time>2026-07-29T12:16:41.000Z</time>
      </trkpt>
      <trkpt lat="40.07586764146382" lon="116.33691906323314">
        <ele>43.7</ele>
        <time>2026-07-29T12:16:42.000Z</time>
      </trkpt>
      <trkpt lat="40.07584373916097" lon="116.33691884317263">
        <ele>43.7</ele>
        <time>2026-07-29T12:16:43.000Z</time>
      </trkpt>
      <trkpt lat="40.07581983331367" lon="116.33691894246758">
        <ele>43.7</ele>
        <time>2026-07-29T12:16:44.000Z</time>
      </trkpt>
      <trkpt lat="40.07579591637853" lon="116.33691971782368">
        <ele>43.7</ele>
        <time>2026-07-29T12:16:45.000Z</time>
      </trkpt>
      <trkpt lat="40.075771994872625" lon="116.33692112830103">
        <ele>43.7</ele>
        <time>2026-07-29T12:16:46.000Z</time>
      </trkpt>
      <trkpt lat="40.07574811209302" lon="116.33692310171907">
        <ele>43.7</ele>
        <time>2026-07-29T12:16:47.000Z</time>
      </trkpt>
      <trkpt lat="40.07572430236144" lon="116.336925884096">
        <ele>43.7</ele>
        <time>2026-07-29T12:16:48.000Z</time>
      </trkpt>
      <trkpt lat="40.07570059576605" lon="116.33692997700595">
        <ele>43.7</ele>
        <time>2026-07-29T12:16:49.000Z</time>
      </trkpt>
      <trkpt lat="40.07567698097629" lon="116.33693595238614">
        <ele>43.7</ele>
        <time>2026-07-29T12:16:50.000Z</time>
      </trkpt>
      <trkpt lat="40.075653520050814" lon="116.33694398013148">
        <ele>43.8</ele>
        <time>2026-07-29T12:16:51.000Z</time>
      </trkpt>
      <trkpt lat="40.075630355323874" lon="116.33695367063942">
        <ele>43.8</ele>
        <time>2026-07-29T12:16:52.000Z</time>
      </trkpt>
      <trkpt lat="40.075607573855144" lon="116.33696482992076">
        <ele>43.8</ele>
        <time>2026-07-29T12:16:53.000Z</time>
      </trkpt>
      <trkpt lat="40.07558531433545" lon="116.33697782180296">
        <ele>43.8</ele>
        <time>2026-07-29T12:16:54.000Z</time>
      </trkpt>
      <trkpt lat="40.0755639485048" lon="116.33699332062518">
        <ele>43.8</ele>
        <time>2026-07-29T12:16:55.000Z</time>
      </trkpt>
      <trkpt lat="40.07554383730579" lon="116.33701190549998">
        <ele>43.8</ele>
        <time>2026-07-29T12:16:56.000Z</time>
      </trkpt>
      <trkpt lat="40.07552534520038" lon="116.33703394839779">
        <ele>43.9</ele>
        <time>2026-07-29T12:16:57.000Z</time>
      </trkpt>
      <trkpt lat="40.07550895875726" lon="116.33705959776766">
        <ele>43.9</ele>
        <time>2026-07-29T12:16:58.000Z</time>
      </trkpt>
      <trkpt lat="40.075495079438554" lon="116.33708853256121">
        <ele>43.9</ele>
        <time>2026-07-29T12:16:59.000Z</time>
      </trkpt>
      <trkpt lat="40.07548391935307" lon="116.33712011472547">
        <ele>43.9</ele>
        <time>2026-07-29T12:17:00.000Z</time>
      </trkpt>
      <trkpt lat="40.07547554479166" lon="116.33715365474708">
        <ele>43.9</ele>
        <time>2026-07-29T12:17:01.000Z</time>
      </trkpt>
      <trkpt lat="40.07546980569577" lon="116.33718852454338">
        <ele>43.9</ele>
        <time>2026-07-29T12:17:02.000Z</time>
      </trkpt>
      <trkpt lat="40.07546628292871" lon="116.33722413502421">
        <ele>43.9</ele>
        <time>2026-07-29T12:17:03.000Z</time>
      </trkpt>
      <trkpt lat="40.07546451277164" lon="116.33725988679876">
        <ele>43.9</ele>
        <time>2026-07-29T12:17:04.000Z</time>
      </trkpt>
      <trkpt lat="40.075464038851486" lon="116.33729520812815">
        <ele>43.9</ele>
        <time>2026-07-29T12:17:05.000Z</time>
      </trkpt>
      <trkpt lat="40.07546451159853" lon="116.33732966084892">
        <ele>43.9</ele>
        <time>2026-07-29T12:17:06.000Z</time>
      </trkpt>
      <trkpt lat="40.075465866740004" lon="116.33736289468374">
        <ele>43.9</ele>
        <time>2026-07-29T12:17:07.000Z</time>
      </trkpt>
      <trkpt lat="40.07546832557899" lon="116.33739478739979">
        <ele>43.9</ele>
        <time>2026-07-29T12:17:08.000Z</time>
      </trkpt>
      <trkpt lat="40.07547218787686" lon="116.33742563422142">
        <ele>43.9</ele>
        <time>2026-07-29T12:17:09.000Z</time>
      </trkpt>
      <trkpt lat="40.075477612079304" lon="116.33745598710978">
        <ele>43.9</ele>
        <time>2026-07-29T12:17:10.000Z</time>
      </trkpt>
      <trkpt lat="40.075484546002976" lon="116.33748641500857">
        <ele>43.9</ele>
        <time>2026-07-29T12:17:11.000Z</time>
      </trkpt>
      <trkpt lat="40.0754928342899" lon="116.33751750306935">
        <ele>43.9</ele>
        <time>2026-07-29T12:17:12.000Z</time>
      </trkpt>
      <trkpt lat="40.07550221963466" lon="116.33754976375191">
        <ele>43.9</ele>
        <time>2026-07-29T12:17:13.000Z</time>
      </trkpt>
      <trkpt lat="40.07551269157666" lon="116.33758274871562">
        <ele>43.9</ele>
        <time>2026-07-29T12:17:14.000Z</time>
      </trkpt>
      <trkpt lat="40.075524580266936" lon="116.33761541937776">
        <ele>43.8</ele>
        <time>2026-07-29T12:17:15.000Z</time>
      </trkpt>
      <trkpt lat="40.07553807954753" lon="116.337647130489">
        <ele>43.8</ele>
        <time>2026-07-29T12:17:16.000Z</time>
      </trkpt>
      <trkpt lat="40.07555329884247" lon="116.33767739263044">
        <ele>43.8</ele>
        <time>2026-07-29T12:17:17.000Z</time>
      </trkpt>
      <trkpt lat="40.07557038043835" lon="116.33770599630455">
        <ele>43.8</ele>
        <time>2026-07-29T12:17:18.000Z</time>
      </trkpt>
      <trkpt lat="40.075589331417994" lon="116.33773303767315">
        <ele>43.8</ele>
        <time>2026-07-29T12:17:19.000Z</time>
      </trkpt>
      <trkpt lat="40.07560994942858" lon="116.33775841765355">
        <ele>43.8</ele>
        <time>2026-07-29T12:17:20.000Z</time>
      </trkpt>
      <trkpt lat="40.07563193862334" lon="116.33778175066647">
        <ele>43.8</ele>
        <time>2026-07-29T12:17:21.000Z</time>
      </trkpt>
      <trkpt lat="40.07565499873072" lon="116.33780264251034">
        <ele>43.8</ele>
        <time>2026-07-29T12:17:22.000Z</time>
      </trkpt>
      <trkpt lat="40.07567901221276" lon="116.337820818081">
        <ele>43.8</ele>
        <time>2026-07-29T12:17:23.000Z</time>
      </trkpt>
      <trkpt lat="40.075703892464425" lon="116.33783644587604">
        <ele>43.9</ele>
        <time>2026-07-29T12:17:24.000Z</time>
      </trkpt>
      <trkpt lat="40.075729357170395" lon="116.3378500268244">
        <ele>43.9</ele>
        <time>2026-07-29T12:17:25.000Z</time>
      </trkpt>
      <trkpt lat="40.075754931266246" lon="116.3378619420628">
        <ele>43.9</ele>
        <time>2026-07-29T12:17:26.000Z</time>
      </trkpt>
      <trkpt lat="40.075780313992816" lon="116.33787223461616">
        <ele>43.9</ele>
        <time>2026-07-29T12:17:27.000Z</time>
      </trkpt>
      <trkpt lat="40.07580555940927" lon="116.33788039169602">
        <ele>43.9</ele>
        <time>2026-07-29T12:17:28.000Z</time>
      </trkpt>
      <trkpt lat="40.07583083771283" lon="116.33788577987498">
        <ele>43.9</ele>
        <time>2026-07-29T12:17:29.000Z</time>
      </trkpt>
      <trkpt lat="40.07585629289582" lon="116.33788821643668">
        <ele>43.9</ele>
        <time>2026-07-29T12:17:30.000Z</time>
      </trkpt>
      <trkpt lat="40.075881941450405" lon="116.33788809658692">
        <ele>43.9</ele>
        <time>2026-07-29T12:17:31.000Z</time>
      </trkpt>
      <trkpt lat="40.075907524121625" lon="116.33788619764425">
        <ele>43.9</ele>
        <time>2026-07-29T12:17:32.000Z</time>
      </trkpt>
      <trkpt lat="40.07593278604101" lon="116.33788326224891">
        <ele>43.9</ele>
        <time>2026-07-29T12:17:33.000Z</time>
      </trkpt>
      <trkpt lat="40.07595772569576" lon="116.33787978383788">
        <ele>43.9</ele>
        <time>2026-07-29T12:17:34.000Z</time>
      </trkpt>
      <trkpt lat="40.075982449242545" lon="116.33787608846198">
        <ele>43.9</ele>
        <time>2026-07-29T12:17:35.000Z</time>
      </trkpt>
      <trkpt lat="40.076007141845636" lon="116.33787248344713">
        <ele>43.9</ele>
        <time>2026-07-29T12:17:36.000Z</time>
      </trkpt>
      <trkpt lat="40.07603201462808" lon="116.33786883860846">
        <ele>43.8</ele>
        <time>2026-07-29T12:17:37.000Z</time>
      </trkpt>
      <trkpt lat="40.076057150820404" lon="116.33786460792724">
        <ele>43.8</ele>
        <time>2026-07-29T12:17:38.000Z</time>
      </trkpt>
      <trkpt lat="40.07608252162508" lon="116.3378603185282">
        <ele>43.7</ele>
        <time>2026-07-29T12:17:39.000Z</time>
      </trkpt>
      <trkpt lat="40.0761080355915" lon="116.33785704795658">
        <ele>43.7</ele>
        <time>2026-07-29T12:17:40.000Z</time>
      </trkpt>
      <trkpt lat="40.07613344326524" lon="116.33785490691349">
        <ele>43.6</ele>
        <time>2026-07-29T12:17:41.000Z</time>
      </trkpt>
      <trkpt lat="40.07615856419103" lon="116.3378532328667">
        <ele>43.5</ele>
        <time>2026-07-29T12:17:42.000Z</time>
      </trkpt>
      <trkpt lat="40.07618347060255" lon="116.337851090731">
        <ele>43.4</ele>
        <time>2026-07-29T12:17:43.000Z</time>
      </trkpt>
      <trkpt lat="40.07620825532911" lon="116.33784821128204">
        <ele>43.3</ele>
        <time>2026-07-29T12:17:44.000Z</time>
      </trkpt>
      <trkpt lat="40.07623287385963" lon="116.33784515863593">
        <ele>43.3</ele>
        <time>2026-07-29T12:17:45.000Z</time>
      </trkpt>
      <trkpt lat="40.076257321318046" lon="116.33784257611815">
        <ele>43.2</ele>
        <time>2026-07-29T12:17:46.000Z</time>
      </trkpt>
      <trkpt lat="40.076281738428285" lon="116.33784080187361">
        <ele>43.2</ele>
        <time>2026-07-29T12:17:47.000Z</time>
      </trkpt>
      <trkpt lat="40.07630633584843" lon="116.33783990707832">
        <ele>43.2</ele>
        <time>2026-07-29T12:17:48.000Z</time>
      </trkpt>
      <trkpt lat="40.07633129811687" lon="116.3378398821922">
        <ele>43.1</ele>
        <time>2026-07-29T12:17:49.000Z</time>
      </trkpt>
      <trkpt lat="40.07635664206543" lon="116.33784064073093">
        <ele>43.1</ele>
        <time>2026-07-29T12:17:50.000Z</time>
      </trkpt>
      <trkpt lat="40.076382190458645" lon="116.3378416430324">
        <ele>43.1</ele>
        <time>2026-07-29T12:17:51.000Z</time>
      </trkpt>
      <trkpt lat="40.07640777158763" lon="116.33784233551161">
        <ele>43.1</ele>
        <time>2026-07-29T12:17:52.000Z</time>
      </trkpt>
      <trkpt lat="40.076433325446416" lon="116.33784262586538">
        <ele>43.1</ele>
        <time>2026-07-29T12:17:53.000Z</time>
      </trkpt>
      <trkpt lat="40.076458771665834" lon="116.33784243208399">
        <ele>43.1</ele>
        <time>2026-07-29T12:17:54.000Z</time>
      </trkpt>
      <trkpt lat="40.07648407559897" lon="116.33784144255189">
        <ele>43.1</ele>
        <time>2026-07-29T12:17:55.000Z</time>
      </trkpt>
      <trkpt lat="40.07650913984576" lon="116.33783951690484">
        <ele>43.1</ele>
        <time>2026-07-29T12:17:56.000Z</time>
      </trkpt>
      <trkpt lat="40.07653373561041" lon="116.3378366474305">
        <ele>43.2</ele>
        <time>2026-07-29T12:17:57.000Z</time>
      </trkpt>
      <trkpt lat="40.076557720246214" lon="116.33783292023543">
        <ele>43.2</ele>
        <time>2026-07-29T12:17:58.000Z</time>
      </trkpt>
      <trkpt lat="40.076581309579666" lon="116.33782862024816">
        <ele>43.2</ele>
        <time>2026-07-29T12:17:59.000Z</time>
      </trkpt>
      <trkpt lat="40.07660468648955" lon="116.33782404459538">
        <ele>43.2</ele>
        <time>2026-07-29T12:18:00.000Z</time>
      </trkpt>
      <trkpt lat="40.07662790725509" lon="116.33781942883901">
        <ele>43.2</ele>
        <time>2026-07-29T12:18:01.000Z</time>
      </trkpt>
      <trkpt lat="40.076651111243606" lon="116.33781481265304">
        <ele>43.3</ele>
        <time>2026-07-29T12:18:02.000Z</time>
      </trkpt>
      <trkpt lat="40.07667444805237" lon="116.33781015579957">
        <ele>43.3</ele>
        <time>2026-07-29T12:18:03.000Z</time>
      </trkpt>
      <trkpt lat="40.076697964494215" lon="116.33780541979117">
        <ele>43.3</ele>
        <time>2026-07-29T12:18:04.000Z</time>
      </trkpt>
      <trkpt lat="40.076721671120296" lon="116.33780069307892">
        <ele>43.3</ele>
        <time>2026-07-29T12:18:05.000Z</time>
      </trkpt>
      <trkpt lat="40.076745572049376" lon="116.33779596221302">
        <ele>43.3</ele>
        <time>2026-07-29T12:18:06.000Z</time>
      </trkpt>
      <trkpt lat="40.0767695486253" lon="116.3377906651465">
        <ele>43.3</ele>
        <time>2026-07-29T12:18:07.000Z</time>
      </trkpt>
      <trkpt lat="40.07679332814254" lon="116.3377839415836">
        <ele>43.3</ele>
        <time>2026-07-29T12:18:08.000Z</time>
      </trkpt>
      <trkpt lat="40.07681654345302" lon="116.33777485460895">
        <ele>43.3</ele>
        <time>2026-07-29T12:18:09.000Z</time>
      </trkpt>
      <trkpt lat="40.076838807576166" lon="116.33776254763215">
        <ele>43.4</ele>
        <time>2026-07-29T12:18:10.000Z</time>
      </trkpt>
      <trkpt lat="40.07685980992243" lon="116.33774670422719">
        <ele>43.4</ele>
        <time>2026-07-29T12:18:11.000Z</time>
      </trkpt>
      <trkpt lat="40.07687936694122" lon="116.33772754915148">
        <ele>43.4</ele>
        <time>2026-07-29T12:18:12.000Z</time>
      </trkpt>
      <trkpt lat="40.07689743210385" lon="116.33770544246121">
        <ele>43.4</ele>
        <time>2026-07-29T12:18:13.000Z</time>
      </trkpt>
      <trkpt lat="40.07691405069233" lon="116.33768079438556">
        <ele>43.4</ele>
        <time>2026-07-29T12:18:14.000Z</time>
      </trkpt>
      <trkpt lat="40.076929224021576" lon="116.33765389667708">
        <ele>43.5</ele>
        <time>2026-07-29T12:18:15.000Z</time>
      </trkpt>
      <trkpt lat="40.07694286182606" lon="116.33762493279052">
        <ele>43.5</ele>
        <time>2026-07-29T12:18:16.000Z</time>
      </trkpt>
      <trkpt lat="40.07695524079713" lon="116.33759443332106">
        <ele>43.5</ele>
        <time>2026-07-29T12:18:17.000Z</time>
      </trkpt>
      <trkpt lat="40.07696717856708" lon="116.33756324974107">
        <ele>43.5</ele>
        <time>2026-07-29T12:18:18.000Z</time>
      </trkpt>
      <trkpt lat="40.07697888338356" lon="116.33753179595033">
        <ele>43.5</ele>
        <time>2026-07-29T12:18:19.000Z</time>
      </trkpt>
      <trkpt lat="40.07698974428156" lon="116.33749984358386">
        <ele>43.5</ele>
        <time>2026-07-29T12:18:20.000Z</time>
      </trkpt>
      <trkpt lat="40.076999341751794" lon="116.33746717914059">
        <ele>43.5</ele>
        <time>2026-07-29T12:18:21.000Z</time>
      </trkpt>
      <trkpt lat="40.07700771644096" lon="116.33743365264526">
        <ele>43.5</ele>
        <time>2026-07-29T12:18:22.000Z</time>
      </trkpt>
      <trkpt lat="40.077015001645144" lon="116.33739917605834">
        <ele>43.5</ele>
        <time>2026-07-29T12:18:23.000Z</time>
      </trkpt>
      <trkpt lat="40.07702109034677" lon="116.33736378742391">
        <ele>43.5</ele>
        <time>2026-07-29T12:18:24.000Z</time>
      </trkpt>
      <trkpt lat="40.07702542868628" lon="116.33732767071128">
        <ele>43.5</ele>
        <time>2026-07-29T12:18:25.000Z</time>
      </trkpt>
      <trkpt lat="40.07702730487184" lon="116.33729132223016">
        <ele>43.5</ele>
        <time>2026-07-29T12:18:26.000Z</time>
      </trkpt>
      <trkpt lat="40.07702659333643" lon="116.33725532628438">
        <ele>43.5</ele>
        <time>2026-07-29T12:18:27.000Z</time>
      </trkpt>
      <trkpt lat="40.07702356262417" lon="116.33722001283442">
        <ele>43.5</ele>
        <time>2026-07-29T12:18:28.000Z</time>
      </trkpt>
      <trkpt lat="40.07701829287371" lon="116.33718561648055">
        <ele>43.5</ele>
        <time>2026-07-29T12:18:29.000Z</time>
      </trkpt>
      <trkpt lat="40.0770109190158" lon="116.33715252847209">
        <ele>43.6</ele>
        <time>2026-07-29T12:18:30.000Z</time>
      </trkpt>
      <trkpt lat="40.07700181634437" lon="116.33712098725059">
        <ele>43.6</ele>
        <time>2026-07-29T12:18:31.000Z</time>
      </trkpt>
      <trkpt lat="40.0769911832598" lon="116.33709073229252">
        <ele>43.6</ele>
        <time>2026-07-29T12:18:32.000Z</time>
        <extensions>
          <gpxtpx:TrackPointExtension>
            <gpxtpx:hr>182</gpxtpx:hr>
          </gpxtpx:TrackPointExtension>
        </extensions>
      </trkpt>
      <trkpt lat="40.07697894142468" lon="116.33706136987173">
        <ele>43.6</ele>
        <time>2026-07-29T12:18:33.000Z</time>
        <extensions>
          <gpxtpx:TrackPointExtension>
            <gpxtpx:hr>182</gpxtpx:hr>
          </gpxtpx:TrackPointExtension>
        </extensions>
      </trkpt>
      <trkpt lat="40.07696503238084" lon="116.33703263215861">
        <ele>43.7</ele>
        <time>2026-07-29T12:18:34.000Z</time>
        <extensions>
          <gpxtpx:TrackPointExtension>
            <gpxtpx:hr>182</gpxtpx:hr>
          </gpxtpx:TrackPointExtension>
        </extensions>
      </trkpt>
      <trkpt lat="40.076949509604624" lon="116.33700445302986">
        <ele>43.7</ele>
        <time>2026-07-29T12:18:35.000Z</time>
        <extensions>
          <gpxtpx:TrackPointExtension>
            <gpxtpx:hr>182</gpxtpx:hr>
          </gpxtpx:TrackPointExtension>
        </extensions>
      </trkpt>
      <trkpt lat="40.07693240880388" lon="116.33697692296595">
        <ele>43.7</ele>
        <time>2026-07-29T12:18:36.000Z</time>
        <extensions>
          <gpxtpx:TrackPointExtension>
            <gpxtpx:hr>182</gpxtpx:hr>
          </gpxtpx:TrackPointExtension>
        </extensions>
      </trkpt>
      <trkpt lat="40.07691375093882" lon="116.33695033889379">
        <ele>43.7</ele>
        <time>2026-07-29T12:18:37.000Z</time>
        <extensions>
          <gpxtpx:TrackPointExtension>
            <gpxtpx:hr>182</gpxtpx:hr>
          </gpxtpx:TrackPointExtension>
        </extensions>
      </trkpt>
      <trkpt lat="40.07689342071245" lon="116.33692545991876">
        <ele>43.7</ele>
        <time>2026-07-29T12:18:38.000Z</time>
        <extensions>
          <gpxtpx:TrackPointExtension>
            <gpxtpx:hr>182</gpxtpx:hr>
          </gpxtpx:TrackPointExtension>
        </extensions>
      </trkpt>
      <trkpt lat="40.07687137761385" lon="116.33690330971075">
        <ele>43.7</ele>
        <time>2026-07-29T12:18:39.000Z</time>
        <extensions>
          <gpxtpx:TrackPointExtension>
            <gpxtpx:hr>182</gpxtpx:hr>
          </gpxtpx:TrackPointExtension>
        </extensions>
      </trkpt>
      <trkpt lat="40.07684788608353" lon="116.33688444398277">
        <ele>43.7</ele>
        <time>2026-07-29T12:18:40.000Z</time>
        <extensions>
          <gpxtpx:TrackPointExtension>
            <gpxtpx:hr>182</gpxtpx:hr>
          </gpxtpx:TrackPointExtension>
        </extensions>
      </trkpt>
      <trkpt lat="40.07682307409588" lon="116.33686872216506">
        <ele>43.8</ele>
        <time>2026-07-29T12:18:41.000Z</time>
        <extensions>
          <gpxtpx:TrackPointExtension>
            <gpxtpx:hr>182</gpxtpx:hr>
          </gpxtpx:TrackPointExtension>
        </extensions>
      </trkpt>
      <trkpt lat="40.07679705085989" lon="116.3368559459178">
        <ele>43.8</ele>
        <time>2026-07-29T12:18:42.000Z</time>
        <extensions>
          <gpxtpx:TrackPointExtension>
            <gpxtpx:hr>182</gpxtpx:hr>
          </gpxtpx:TrackPointExtension>
        </extensions>
      </trkpt>
      <trkpt lat="40.07677013861302" lon="116.33684596649094">
        <ele>43.8</ele>
        <time>2026-07-29T12:18:43.000Z</time>
        <extensions>
          <gpxtpx:TrackPointExtension>
            <gpxtpx:hr>182</gpxtpx:hr>
          </gpxtpx:TrackPointExtension>
        </extensions>
      </trkpt>
      <trkpt lat="40.07674252358281" lon="116.33683851033089">
        <ele>43.8</ele>
        <time>2026-07-29T12:18:44.000Z</time>
        <extensions>
          <gpxtpx:TrackPointExtension>
            <gpxtpx:hr>182</gpxtpx:hr>
          </gpxtpx:TrackPointExtension>
        </extensions>
      </trkpt>
      <trkpt lat="40.07671385169623" lon="116.33683343240851">
        <ele>43.8</ele>
        <time>2026-07-29T12:18:45.000Z</time>
        <extensions>
          <gpxtpx:TrackPointExtension>
            <gpxtpx:hr>182</gpxtpx:hr>
          </gpxtpx:TrackPointExtension>
        </extensions>
      </trkpt>
      <trkpt lat="40.07668361739284" lon="116.3368305651014">
        <ele>43.9</ele>
        <time>2026-07-29T12:18:46.000Z</time>
        <extensions>
          <gpxtpx:TrackPointExtension>
            <gpxtpx:hr>182</gpxtpx:hr>
          </gpxtpx:TrackPointExtension>
        </extensions>
      </trkpt>
      <trkpt lat="40.076651883874064" lon="116.33682958872673">
        <ele>43.9</ele>
        <time>2026-07-29T12:18:47.000Z</time>
        <extensions>
          <gpxtpx:TrackPointExtension>
            <gpxtpx:hr>182</gpxtpx:hr>
          </gpxtpx:TrackPointExtension>
        </extensions>
      </trkpt>
      <trkpt lat="40.07661911156647" lon="116.33683016430669">
        <ele>43.9</ele>
        <time>2026-07-29T12:18:48.000Z</time>
        <extensions>
          <gpxtpx:TrackPointExtension>
            <gpxtpx:hr>182</gpxtpx:hr>
          </gpxtpx:TrackPointExtension>
        </extensions>
      </trkpt>
      <trkpt lat="40.0765858444595" lon="116.33683192339892">
        <ele>43.9</ele>
        <time>2026-07-29T12:18:49.000Z</time>
        <extensions>
          <gpxtpx:TrackPointExtension>
            <gpxtpx:hr>182</gpxtpx:hr>
          </gpxtpx:TrackPointExtension>
        </extensions>
      </trkpt>
      <trkpt lat="40.076552571158906" lon="116.3368345010973">
        <ele>43.9</ele>
        <time>2026-07-29T12:18:50.000Z</time>
        <extensions>
          <gpxtpx:TrackPointExtension>
            <gpxtpx:hr>182</gpxtpx:hr>
          </gpxtpx:TrackPointExtension>
        </extensions>
      </trkpt>
      <trkpt lat="40.07651950381254" lon="116.33683781580899">
        <ele>43.9</ele>
        <time>2026-07-29T12:18:51.000Z</time>
        <extensions>
          <gpxtpx:TrackPointExtension>
            <gpxtpx:hr>182</gpxtpx:hr>
          </gpxtpx:TrackPointExtension>
        </extensions>
      </trkpt>
      <trkpt lat="40.07648681427186" lon="116.33684183893953">
        <ele>43.9</ele>
        <time>2026-07-29T12:18:52.000Z</time>
        <extensions>
          <gpxtpx:TrackPointExtension>
            <gpxtpx:hr>182</gpxtpx:hr>
          </gpxtpx:TrackPointExtension>
        </extensions>
      </trkpt>
      <trkpt lat="40.0764543911163" lon="116.33684651431291">
        <ele>43.9</ele>
        <time>2026-07-29T12:18:53.000Z</time>
        <extensions>
          <gpxtpx:TrackPointExtension>
            <gpxtpx:hr>182</gpxtpx:hr>
          </gpxtpx:TrackPointExtension>
        </extensions>
      </trkpt>
      <trkpt lat="40.076421918809274" lon="116.33685176533871">
        <ele>43.9</ele>
        <time>2026-07-29T12:18:54.000Z</time>
        <extensions>
          <gpxtpx:TrackPointExtension>
            <gpxtpx:hr>182</gpxtpx:hr>
          </gpxtpx:TrackPointExtension>
        </extensions>
      </trkpt>
      <trkpt lat="40.07638916783028" lon="116.3368573554088">
        <ele>43.9</ele>
        <time>2026-07-29T12:18:55.000Z</time>
        <extensions>
          <gpxtpx:TrackPointExtension>
            <gpxtpx:hr>182</gpxtpx:hr>
          </gpxtpx:TrackPointExtension>
        </extensions>
      </trkpt>
      <trkpt lat="40.07635620347315" lon="116.33686281239969">
        <ele>43.9</ele>
        <time>2026-07-29T12:18:56.000Z</time>
        <extensions>
          <gpxtpx:TrackPointExtension>
            <gpxtpx:hr>182</gpxtpx:hr>
          </gpxtpx:TrackPointExtension>
        </extensions>
      </trkpt>
      <trkpt lat="40.0763231650661" lon="116.33686739220623">
        <ele>43.9</ele>
        <time>2026-07-29T12:18:57.000Z</time>
        <extensions>
          <gpxtpx:TrackPointExtension>
            <gpxtpx:hr>182</gpxtpx:hr>
          </gpxtpx:TrackPointExtension>
        </extensions>
      </trkpt>
      <trkpt lat="40.07629002421998" lon="116.33687063277785">
        <ele>43.9</ele>
        <time>2026-07-29T12:18:58.000Z</time>
        <extensions>
          <gpxtpx:TrackPointExtension>
            <gpxtpx:hr>182</gpxtpx:hr>
          </gpxtpx:TrackPointExtension>
        </extensions>
      </trkpt>
      <trkpt lat="40.07625677535366" lon="116.33687281113629">
        <ele>43.9</ele>
        <time>2026-07-29T12:18:59.000Z</time>
        <extensions>
          <gpxtpx:TrackPointExtension>
            <gpxtpx:hr>182</gpxtpx:hr>
          </gpxtpx:TrackPointExtension>
        </extensions>
      </trkpt>
      <trkpt lat="40.07622358300501" lon="116.3368745338692">
        <ele>43.9</ele>
        <time>2026-07-29T12:19:00.000Z</time>
        <extensions>
          <gpxtpx:TrackPointExtension>
            <gpxtpx:hr>182</gpxtpx:hr>
          </gpxtpx:TrackPointExtension>
        </extensions>
      </trkpt>
      <trkpt lat="40.076190468533014" lon="116.33687638011337">
        <ele>43.9</ele>
        <time>2026-07-29T12:19:01.000Z</time>
        <extensions>
          <gpxtpx:TrackPointExtension>
            <gpxtpx:hr>182</gpxtpx:hr>
          </gpxtpx:TrackPointExtension>
        </extensions>
      </trkpt>
      <trkpt lat="40.07615727915692" lon="116.33687881672233">
        <ele>43.9</ele>
        <time>2026-07-29T12:19:02.000Z</time>
      </trkpt>
      <trkpt lat="40.07612402906705" lon="116.33688229901817">
        <ele>43.9</ele>
        <time>2026-07-29T12:19:03.000Z</time>
      </trkpt>
      <trkpt lat="40.076090808097504" lon="116.33688719221016">
        <ele>43.9</ele>
        <time>2026-07-29T12:19:04.000Z</time>
      </trkpt>
      <trkpt lat="40.07605758625986" lon="116.33689323929063">
        <ele>43.8</ele>
        <time>2026-07-29T12:19:05.000Z</time>
      </trkpt>
      <trkpt lat="40.07602436889297" lon="116.3368996524154">
        <ele>43.8</ele>
        <time>2026-07-29T12:19:06.000Z</time>
      </trkpt>
      <trkpt lat="40.07599119311239" lon="116.33690559672574">
        <ele>43.8</ele>
        <time>2026-07-29T12:19:07.000Z</time>
      </trkpt>
      <trkpt lat="40.07595811430798" lon="116.33691024537774">
        <ele>43.9</ele>
        <time>2026-07-29T12:19:08.000Z</time>
      </trkpt>
      <trkpt lat="40.07592517854457" lon="116.33691294504403">
        <ele>43.9</ele>
        <time>2026-07-29T12:19:09.000Z</time>
      </trkpt>
      <trkpt lat="40.07589235359694" lon="116.33691405544182">
        <ele>43.9</ele>
        <time>2026-07-29T12:19:10.000Z</time>
      </trkpt>
      <trkpt lat="40.07585953772567" lon="116.33691454923432">
        <ele>44.0</ele>
        <time>2026-07-29T12:19:11.000Z</time>
      </trkpt>
      <trkpt lat="40.075826681158546" lon="116.33691507168606">
        <ele>44.1</ele>
        <time>2026-07-29T12:19:12.000Z</time>
      </trkpt>
      <trkpt lat="40.07579385924426" lon="116.33691624632371">
        <ele>44.3</ele>
        <time>2026-07-29T12:19:13.000Z</time>
      </trkpt>
      <trkpt lat="40.075761339422435" lon="116.33691876893806">
        <ele>44.4</ele>
        <time>2026-07-29T12:19:14.000Z</time>
      </trkpt>
      <trkpt lat="40.075729533701434" lon="116.3369233327813">
        <ele>44.6</ele>
        <time>2026-07-29T12:19:15.000Z</time>
      </trkpt>
      <trkpt lat="40.075698748317734" lon="116.33693025593439">
        <ele>44.8</ele>
        <time>2026-07-29T12:19:16.000Z</time>
      </trkpt>
      <trkpt lat="40.07566909143196" lon="116.33693938656711">
        <ele>45.0</ele>
        <time>2026-07-29T12:19:17.000Z</time>
      </trkpt>
      <trkpt lat="40.0756405224639" lon="116.33695079003603">
        <ele>45.2</ele>
        <time>2026-07-29T12:19:18.000Z</time>
      </trkpt>
      <trkpt lat="40.075613047853736" lon="116.33696493828067">
        <ele>45.3</ele>
        <time>2026-07-29T12:19:19.000Z</time>
      </trkpt>
      <trkpt lat="40.07558681718829" lon="116.33698214699155">
        <ele>45.4</ele>
        <time>2026-07-29T12:19:20.000Z</time>
      </trkpt>
      <trkpt lat="40.075561932628396" lon="116.33700263549828">
        <ele>45.6</ele>
        <time>2026-07-29T12:19:21.000Z</time>
      </trkpt>
      <trkpt lat="40.075538366283254" lon="116.33702620241174">
        <ele>45.7</ele>
        <time>2026-07-29T12:19:22.000Z</time>
      </trkpt>
      <trkpt lat="40.07551613192304" lon="116.33705237049183">
        <ele>45.8</ele>
        <time>2026-07-29T12:19:23.000Z</time>
      </trkpt>
      <trkpt lat="40.075495239448834" lon="116.33708082431488">
        <ele>45.8</ele>
        <time>2026-07-29T12:19:24.000Z</time>
      </trkpt>
      <trkpt lat="40.07547581096678" lon="116.33711149955845">
        <ele>45.9</ele>
        <time>2026-07-29T12:19:25.000Z</time>
      </trkpt>
      <trkpt lat="40.07545811621396" lon="116.33714450525312">
        <ele>45.9</ele>
        <time>2026-07-29T12:19:26.000Z</time>
      </trkpt>
      <trkpt lat="40.075442478434255" lon="116.337179799879">
        <ele>45.9</ele>
        <time>2026-07-29T12:19:27.000Z</time>
        <extensions>
          <gpxtpx:TrackPointExtension>
            <gpxtpx:hr>185</gpxtpx:hr>
          </gpxtpx:TrackPointExtension>
        </extensions>
      </trkpt>
      <trkpt lat="40.0754293454963" lon="116.33721737615345">
        <ele>45.9</ele>
        <time>2026-07-29T12:19:28.000Z</time>
        <extensions>
          <gpxtpx:TrackPointExtension>
            <gpxtpx:hr>185</gpxtpx:hr>
          </gpxtpx:TrackPointExtension>
        </extensions>
      </trkpt>
      <trkpt lat="40.075419086810754" lon="116.33725706192362">
        <ele>45.9</ele>
        <time>2026-07-29T12:19:29.000Z</time>
        <extensions>
          <gpxtpx:TrackPointExtension>
            <gpxtpx:hr>185</gpxtpx:hr>
          </gpxtpx:TrackPointExtension>
        </extensions>
      </trkpt>
      <trkpt lat="40.07541199928739" lon="116.33729848035298">
        <ele>45.8</ele>
        <time>2026-07-29T12:19:30.000Z</time>
        <extensions>
          <gpxtpx:TrackPointExtension>
            <gpxtpx:hr>185</gpxtpx:hr>
          </gpxtpx:TrackPointExtension>
        </extensions>
      </trkpt>
      <trkpt lat="40.07540806775573" lon="116.33734110788389">
        <ele>45.8</ele>
        <time>2026-07-29T12:19:31.000Z</time>
        <extensions>
          <gpxtpx:TrackPointExtension>
            <gpxtpx:hr>185</gpxtpx:hr>
          </gpxtpx:TrackPointExtension>
        </extensions>
      </trkpt>
      <trkpt lat="40.07540691211345" lon="116.33738450453154">
        <ele>45.7</ele>
        <time>2026-07-29T12:19:32.000Z</time>
        <extensions>
          <gpxtpx:TrackPointExtension>
            <gpxtpx:hr>185</gpxtpx:hr>
          </gpxtpx:TrackPointExtension>
        </extensions>
      </trkpt>
      <trkpt lat="40.075408211064776" lon="116.33742821945827">
        <ele>45.6</ele>
        <time>2026-07-29T12:19:33.000Z</time>
        <extensions>
          <gpxtpx:TrackPointExtension>
            <gpxtpx:hr>185</gpxtpx:hr>
          </gpxtpx:TrackPointExtension>
        </extensions>
      </trkpt>
      <trkpt lat="40.07541216637978" lon="116.33747106733986">
        <ele>45.6</ele>
        <time>2026-07-29T12:19:34.000Z</time>
        <extensions>
          <gpxtpx:TrackPointExtension>
            <gpxtpx:hr>185</gpxtpx:hr>
          </gpxtpx:TrackPointExtension>
        </extensions>
      </trkpt>
      <trkpt lat="40.075419147351234" lon="116.33751137238862">
        <ele>45.5</ele>
        <time>2026-07-29T12:19:35.000Z</time>
        <extensions>
          <gpxtpx:TrackPointExtension>
            <gpxtpx:hr>185</gpxtpx:hr>
          </gpxtpx:TrackPointExtension>
        </extensions>
      </trkpt>
      <trkpt lat="40.07542882204317" lon="116.33754792810998">
        <ele>45.5</ele>
        <time>2026-07-29T12:19:36.000Z</time>
        <extensions>
          <gpxtpx:TrackPointExtension>
            <gpxtpx:hr>185</gpxtpx:hr>
          </gpxtpx:TrackPointExtension>
        </extensions>
      </trkpt>
      <trkpt lat="40.0754400216537" lon="116.33757975856783">
        <ele>45.4</ele>
        <time>2026-07-29T12:19:37.000Z</time>
        <extensions>
          <gpxtpx:TrackPointExtension>
            <gpxtpx:hr>185</gpxtpx:hr>
          </gpxtpx:TrackPointExtension>
        </extensions>
      </trkpt>
      <trkpt lat="40.075451265062206" lon="116.3376069094767">
        <ele>45.4</ele>
        <time>2026-07-29T12:19:38.000Z</time>
        <extensions>
          <gpxtpx:TrackPointExtension>
            <gpxtpx:hr>185</gpxtpx:hr>
          </gpxtpx:TrackPointExtension>
        </extensions>
      </trkpt>
      <trkpt lat="40.075461416871974" lon="116.33763090417067">
        <ele>45.4</ele>
        <time>2026-07-29T12:19:39.000Z</time>
        <extensions>
          <gpxtpx:TrackPointExtension>
            <gpxtpx:hr>185</gpxtpx:hr>
          </gpxtpx:TrackPointExtension>
        </extensions>
      </trkpt>
      <trkpt lat="40.07547034103509" lon="116.33765299252224">
        <ele>45.3</ele>
        <time>2026-07-29T12:19:40.000Z</time>
        <extensions>
          <gpxtpx:TrackPointExtension>
            <gpxtpx:hr>185</gpxtpx:hr>
          </gpxtpx:TrackPointExtension>
        </extensions>
      </trkpt>    </trkseg>
  </trk>
</gpx>