<?xml version="1.0" encoding="UTF-8"?>
<gpx version="1.1" creator="HealthSync iOS"
     xmlns="http://www.topografix.com/GPX/1/1"
     xmlns:gpxtpx="http://www.garmin.com/xmlschemas/TrackPointExtension/v1"
     xmlns:xsi="http://www.w3.org/2001/XMLSchema-instance"
     xsi:schemaLocation="http://www.topografix.com/GPX/1/1 http://www.topografix.com/GPX/1/1/gpx.xsd http://www.garmin.com/xmlschemas/TrackPointExtension/v1 http://www.garmin.com/xmlschemas/TrackPointExtensionv1.xsd">
  <trk>
    <name>Running 2026/8/6, 21:38</name>
    <type>running</type>
    <trkseg>
      <trkpt lat="40.070790339310946" lon="116.34834743242355">
        <ele>44.6</ele>
        <time>2026-08-06T13:38:52.700Z</time>
      </trkpt>
      <trkpt lat="40.07078678318577" lon="116.34834722035113">
        <ele>44.6</ele>
        <time>2026-08-06T13:38:53.700Z</time>
      </trkpt>
      <trkpt lat="40.070782416638025" lon="116.3483469482948">
        <ele>44.6</ele>
        <time>2026-08-06T13:38:54.700Z</time>
      </trkpt>
      <trkpt lat="40.07077702866479" lon="116.34834658892213">
        <ele>44.6</ele>
        <time>2026-08-06T13:38:55.700Z</time>
      </trkpt>
      <trkpt lat="40.070770547707745" lon="116.34834611877277">
        <ele>44.6</ele>
        <time>2026-08-06T13:38:56.700Z</time>
      </trkpt>
      <trkpt lat="40.070763072987425" lon="116.34834551939416">
        <ele>44.6</ele>
        <time>2026-08-06T13:38:57.700Z</time>
      </trkpt>
      <trkpt lat="40.070754817415434" lon="116.3483447845121">
        <ele>44.6</ele>
        <time>2026-08-06T13:38:58.700Z</time>
      </trkpt>
      <trkpt lat="40.070745969440004" lon="116.34834390672694">
        <ele>44.6</ele>
        <time>2026-08-06T13:38:59.700Z</time>
      </trkpt>
      <trkpt lat="40.07073661899701" lon="116.34834287073785">
        <ele>44.6</ele>
        <time>2026-08-06T13:39:00.700Z</time>
      </trkpt>
      <trkpt lat="40.070726858970794" lon="116.3483416611878">
        <ele>44.6</ele>
        <time>2026-08-06T13:39:01.700Z</time>
      </trkpt>
      <trkpt lat="40.07071684413178" lon="116.34834027654813">
        <ele>44.6</ele>
        <time>2026-08-06T13:39:02.700Z</time>
      </trkpt>
      <trkpt lat="40.07070660760568" lon="116.34833870832934">
        <ele>44.6</ele>
        <time>2026-08-06T13:39:03.700Z</time>
      </trkpt>
      <trkpt lat="40.07069583855532" lon="116.34833691450262">
        <ele>44.7</ele>
        <time>2026-08-06T13:39:04.700Z</time>
      </trkpt>
      <trkpt lat="40.07068413284606" lon="116.34833486147224">
        <ele>44.7</ele>
        <time>2026-08-06T13:39:05.700Z</time>
      </trkpt>
      <trkpt lat="40.070671512006754" lon="116.34833261649204">
        <ele>44.7</ele>
        <time>2026-08-06T13:39:06.700Z</time>
      </trkpt>
      <trkpt lat="40.070658333655736" lon="116.34833032810762">
        <ele>44.7</ele>
        <time>2026-08-06T13:39:07.700Z</time>
      </trkpt>
      <trkpt lat="40.07064490603602" lon="116.34832814316638">
        <ele>44.7</ele>
        <time>2026-08-06T13:39:08.700Z</time>
      </trkpt>
      <trkpt lat="40.07063149777858" lon="116.34832619672788">
        <ele>44.7</ele>
        <time>2026-08-06T13:39:09.700Z</time>
      </trkpt>
      <trkpt lat="40.07061806383498" lon="116.34832457159703">
        <ele>44.7</ele>
        <time>2026-08-06T13:39:10.700Z</time>
      </trkpt>
      <trkpt lat="40.07060421047328" lon="116.34832329913368">
        <ele>44.7</ele>
        <time>2026-08-06T13:39:11.700Z</time>
      </trkpt>
      <trkpt lat="40.070589741502346" lon="116.34832241960306">
        <ele>44.7</ele>
        <time>2026-08-06T13:39:12.700Z</time>
      </trkpt>
      <trkpt lat="40.07057474073177" lon="116.3483219767091">
        <ele>44.7</ele>
        <time>2026-08-06T13:39:13.700Z</time>
      </trkpt>
      <trkpt lat="40.07055932355909" lon="116.34832199274967">
        <ele>44.7</ele>
        <time>2026-08-06T13:39:14.700Z</time>
      </trkpt>
      <trkpt lat="40.070543598271996" lon="116.34832247552382">
        <ele>44.7</ele>
        <time>2026-08-06T13:39:15.700Z</time>
      </trkpt>
      <trkpt lat="40.07052768828979" lon="116.34832342921771">
        <ele>44.7</ele>
        <time>2026-08-06T13:39:16.700Z</time>
      </trkpt>
      <trkpt lat="40.07051175836733" lon="116.34832484758202">
        <ele>44.7</ele>
        <time>2026-08-06T13:39:17.700Z</time>
      </trkpt>
      <trkpt lat="40.07049601759038" lon="116.3483266918245">
        <ele>44.7</ele>
        <time>2026-08-06T13:39:18.700Z</time>
      </trkpt>
      <trkpt lat="40.070480350199915" lon="116.34832892460264">
        <ele>44.7</ele>
        <time>2026-08-06T13:39:19.700Z</time>
      </trkpt>
      <trkpt lat="40.07046440299109" lon="116.34833150337418">
        <ele>44.7</ele>
        <time>2026-08-06T13:39:20.700Z</time>
      </trkpt>
      <trkpt lat="40.070447729393564" lon="116.3483343927531">
        <ele>44.7</ele>
        <time>2026-08-06T13:39:21.700Z</time>
      </trkpt>
      <trkpt lat="40.07043002611198" lon="116.34833754053105">
        <ele>44.7</ele>
        <time>2026-08-06T13:39:22.700Z</time>
      </trkpt>
      <trkpt lat="40.07041144321774" lon="116.34834083009677">
        <ele>44.7</ele>
        <time>2026-08-06T13:39:23.700Z</time>
      </trkpt>
      <trkpt lat="40.070392181156784" lon="116.34834414580081">
        <ele>44.7</ele>
        <time>2026-08-06T13:39:24.700Z</time>
      </trkpt>
      <trkpt lat="40.070372260781966" lon="116.34834739381164">
        <ele>44.7</ele>
        <time>2026-08-06T13:39:25.700Z</time>
      </trkpt>
      <trkpt lat="40.070351569651855" lon="116.34835048442993">
        <ele>44.7</ele>
        <time>2026-08-06T13:39:26.700Z</time>
      </trkpt>
      <trkpt lat="40.07032989210348" lon="116.34835332140746">
        <ele>44.7</ele>
        <time>2026-08-06T13:39:27.700Z</time>
      </trkpt>
      <trkpt lat="40.07030732910421" lon="116.34835576321518">
        <ele>44.7</ele>
        <time>2026-08-06T13:39:28.700Z</time>
      </trkpt>
      <trkpt lat="40.0702838239914" lon="116.34835766990767">
        <ele>44.7</ele>
        <time>2026-08-06T13:39:29.700Z</time>
      </trkpt>
      <trkpt lat="40.07025900911847" lon="116.34835894044596">
        <ele>44.7</ele>
        <time>2026-08-06T13:39:30.700Z</time>
      </trkpt>
      <trkpt lat="40.07023277880662" lon="116.34835945458478">
        <ele>44.8</ele>
        <time>2026-08-06T13:39:31.700Z</time>
      </trkpt>
      <trkpt lat="40.07020509841416" lon="116.34835911452625">
        <ele>44.8</ele>
        <time>2026-08-06T13:39:32.700Z</time>
      </trkpt>
      <trkpt lat="40.07017595342481" lon="116.34835785252594">
        <ele>44.8</ele>
        <time>2026-08-06T13:39:33.700Z</time>
      </trkpt>
      <trkpt lat="40.070145359313855" lon="116.34835564723791">
        <ele>44.8</ele>
        <time>2026-08-06T13:39:34.700Z</time>
      </trkpt>
      <trkpt lat="40.07011344962433" lon="116.34835251000162">
        <ele>44.8</ele>
        <time>2026-08-06T13:39:35.700Z</time>
      </trkpt>
      <trkpt lat="40.07008087212852" lon="116.34834847591328">
        <ele>44.8</ele>
        <time>2026-08-06T13:39:36.700Z</time>
      </trkpt>
      <trkpt lat="40.07004883534945" lon="116.34834361401636">
        <ele>44.8</ele>
        <time>2026-08-06T13:39:37.700Z</time>
      </trkpt>
      <trkpt lat="40.07001875349167" lon="116.34833801403421">
        <ele>44.8</ele>
        <time>2026-08-06T13:39:38.700Z</time>
      </trkpt>
      <trkpt lat="40.06998537921337" lon="116.34833005960489">
        <ele>44.8</ele>
        <time>2026-08-06T13:39:39.966Z</time>
      </trkpt>
      <trkpt lat="40.06996245337668" lon="116.34832328344702">
        <ele>44.8</ele>
        <time>2026-08-06T13:39:40.966Z</time>
      </trkpt>
      <trkpt lat="40.06994267654348" lon="116.34831649514395">
        <ele>44.8</ele>
        <time>2026-08-06T13:39:41.966Z</time>
      </trkpt>
      <trkpt lat="40.069926394185636" lon="116.34830910439712">
        <ele>44.9</ele>
        <time>2026-08-06T13:39:42.966Z</time>
      </trkpt>
      <trkpt lat="40.06991283973344" lon="116.348300020246">
        <ele>44.9</ele>
        <time>2026-08-06T13:39:43.966Z</time>
      </trkpt>
      <trkpt lat="40.06990171873985" lon="116.3482888581254">
        <ele>44.9</ele>
        <time>2026-08-06T13:39:44.966Z</time>
      </trkpt>
      <trkpt lat="40.06989223269978" lon="116.34827511954913">
        <ele>44.9</ele>
        <time>2026-08-06T13:39:45.965Z</time>
      </trkpt>
      <trkpt lat="40.06988362357232" lon="116.3482585879235">
        <ele>44.9</ele>
        <time>2026-08-06T13:39:46.965Z</time>
      </trkpt>
      <trkpt lat="40.069875691329756" lon="116.3482391396002">
        <ele>44.9</ele>
        <time>2026-08-06T13:39:47.965Z</time>
      </trkpt>
      <trkpt lat="40.069868339443794" lon="116.34821628889532">
        <ele>44.9</ele>
        <time>2026-08-06T13:39:48.965Z</time>
      </trkpt>
      <trkpt lat="40.06986153399641" lon="116.34818961216742">
        <ele>45.0</ele>
        <time>2026-08-06T13:39:49.965Z</time>
      </trkpt>
      <trkpt lat="40.069855263908075" lon="116.34815888640513">
        <ele>45.0</ele>
        <time>2026-08-06T13:39:50.965Z</time>
      </trkpt>
      <trkpt lat="40.06984965887917" lon="116.34812422862542">
        <ele>45.0</ele>
        <time>2026-08-06T13:39:51.965Z</time>
      </trkpt>
      <trkpt lat="40.06984495831692" lon="116.34808637348615">
        <ele>45.0</ele>
        <time>2026-08-06T13:39:52.965Z</time>
      </trkpt>
      <trkpt lat="40.06984132155713" lon="116.348046687347">
        <ele>45.0</ele>
        <time>2026-08-06T13:39:53.965Z</time>
      </trkpt>
      <trkpt lat="40.06983872813269" lon="116.34800656498574">
        <ele>45.0</ele>
        <time>2026-08-06T13:39:54.965Z</time>
      </trkpt>
      <trkpt lat="40.06983689011739" lon="116.34796658787127">
        <ele>45.0</ele>
        <time>2026-08-06T13:39:55.965Z</time>
      </trkpt>
      <trkpt lat="40.06983545288112" lon="116.34792676004481">
        <ele>45.0</ele>
        <time>2026-08-06T13:39:56.965Z</time>
      </trkpt>
      <trkpt lat="40.0698341411568" lon="116.34788734731428">
        <ele>45.0</ele>
        <time>2026-08-06T13:39:57.965Z</time>
      </trkpt>
      <trkpt lat="40.069832767235255" lon="116.34784903368872">
        <ele>45.0</ele>
        <time>2026-08-06T13:39:58.965Z</time>
      </trkpt>
      <trkpt lat="40.06983121399137" lon="116.34781223084987">
        <ele>45.1</ele>
        <time>2026-08-06T13:39:59.965Z</time>
      </trkpt>
      <trkpt lat="40.069829431970305" lon="116.34777670434093">
        <ele>45.1</ele>
        <time>2026-08-06T13:40:00.965Z</time>
      </trkpt>
      <trkpt lat="40.069827590785174" lon="116.34774198018738">
        <ele>45.1</ele>
        <time>2026-08-06T13:40:01.965Z</time>
      </trkpt>
      <trkpt lat="40.069825858513795" lon="116.34770755709454">
        <ele>45.1</ele>
        <time>2026-08-06T13:40:02.965Z</time>
      </trkpt>
      <trkpt lat="40.06982420160488" lon="116.34767339204365">
        <ele>45.1</ele>
        <time>2026-08-06T13:40:03.965Z</time>
      </trkpt>
      <trkpt lat="40.06982256790048" lon="116.34763986410192">
        <ele>45.1</ele>
        <time>2026-08-06T13:40:04.965Z</time>
      </trkpt>
      <trkpt lat="40.06982100873127" lon="116.34760743243422">
        <ele>45.1</ele>
        <time>2026-08-06T13:40:05.965Z</time>
      </trkpt>
      <trkpt lat="40.069819510236115" lon="116.34757608494992">
        <ele>45.1</ele>
        <time>2026-08-06T13:40:06.965Z</time>
      </trkpt>
      <trkpt lat="40.06981798647434" lon="116.34754541270132">
        <ele>45.1</ele>
        <time>2026-08-06T13:40:07.965Z</time>
      </trkpt>
      <trkpt lat="40.06981638357267" lon="116.34751514325754">
        <ele>45.1</ele>
        <time>2026-08-06T13:40:08.965Z</time>
      </trkpt>
      <trkpt lat="40.06981466168428" lon="116.34748509546725">
        <ele>45.1</ele>
        <time>2026-08-06T13:40:09.965Z</time>
      </trkpt>
      <trkpt lat="40.069812833238935" lon="116.34745526741035">
        <ele>45.1</ele>
        <time>2026-08-06T13:40:10.965Z</time>
      </trkpt>
      <trkpt lat="40.069810903631684" lon="116.34742563894464">
        <ele>45.1</ele>
        <time>2026-08-06T13:40:11.965Z</time>
      </trkpt>
      <trkpt lat="40.06980890777754" lon="116.34739609130426">
        <ele>45.1</ele>
        <time>2026-08-06T13:40:12.965Z</time>
      </trkpt>
      <trkpt lat="40.06980693429292" lon="116.34736670939802">
        <ele>45.1</ele>
        <time>2026-08-06T13:40:13.965Z</time>
      </trkpt>
      <trkpt lat="40.06980498672332" lon="116.34733780677234">
        <ele>45.1</ele>
        <time>2026-08-06T13:40:14.965Z</time>
      </trkpt>
      <trkpt lat="40.06980300436792" lon="116.34730967621067">
        <ele>45.1</ele>
        <time>2026-08-06T13:40:15.965Z</time>
      </trkpt>
      <trkpt lat="40.06980096701291" lon="116.34728238491078">
        <ele>45.1</ele>
        <time>2026-08-06T13:40:16.965Z</time>
      </trkpt>
      <trkpt lat="40.06979890592922" lon="116.34725551078856">
        <ele>45.1</ele>
        <time>2026-08-06T13:40:17.965Z</time>
      </trkpt>
      <trkpt lat="40.06979701044307" lon="116.34722844330426">
        <ele>45.1</ele>
        <time>2026-08-06T13:40:18.965Z</time>
      </trkpt>
      <trkpt lat="40.069795447256844" lon="116.34720096886404">
        <ele>45.2</ele>
        <time>2026-08-06T13:40:19.965Z</time>
      </trkpt>
      <trkpt lat="40.06979430444098" lon="116.3471731758989">
        <ele>45.2</ele>
        <time>2026-08-06T13:40:20.965Z</time>
      </trkpt>
      <trkpt lat="40.06979365078127" lon="116.34714513275179">
        <ele>45.2</ele>
        <time>2026-08-06T13:40:21.965Z</time>
      </trkpt>
      <trkpt lat="40.06979358353101" lon="116.34711663839848">
        <ele>45.2</ele>
        <time>2026-08-06T13:40:22.965Z</time>
      </trkpt>
      <trkpt lat="40.06979424364933" lon="116.34708743176857">
        <ele>45.2</ele>
        <time>2026-08-06T13:40:23.965Z</time>
      </trkpt>
      <trkpt lat="40.06979555634813" lon="116.34705768220785">
        <ele>45.2</ele>
        <time>2026-08-06T13:40:24.965Z</time>
      </trkpt>
      <trkpt lat="40.06979735083202" lon="116.34702776189242">
        <ele>45.2</ele>
        <time>2026-08-06T13:40:25.965Z</time>
      </trkpt>
      <trkpt lat="40.06979957018142" lon="116.34699780543771">
        <ele>45.2</ele>
        <time>2026-08-06T13:40:26.965Z</time>
      </trkpt>
      <trkpt lat="40.06980219445475" lon="116.3469677803439">
        <ele>45.2</ele>
        <time>2026-08-06T13:40:27.965Z</time>
      </trkpt>
      <trkpt lat="40.06980515282674" lon="116.34693768377973">
        <ele>45.2</ele>
        <time>2026-08-06T13:40:28.965Z</time>
      </trkpt>
      <trkpt lat="40.06980829524955" lon="116.34690748392832">
        <ele>45.2</ele>
        <time>2026-08-06T13:40:29.965Z</time>
      </trkpt>
      <trkpt lat="40.069811468071904" lon="116.34687709395244">
        <ele>45.2</ele>
        <time>2026-08-06T13:40:30.965Z</time>
      </trkpt>
      <trkpt lat="40.06981453730742" lon="116.34684645531954">
        <ele>45.2</ele>
        <time>2026-08-06T13:40:31.965Z</time>
      </trkpt>
      <trkpt lat="40.06981746479051" lon="116.34681558679337">
        <ele>45.2</ele>
        <time>2026-08-06T13:40:32.965Z</time>
      </trkpt>
      <trkpt lat="40.06982030993465" lon="116.34678476079947">
        <ele>45.2</ele>
        <time>2026-08-06T13:40:33.965Z</time>
      </trkpt>
      <trkpt lat="40.069823092884945" lon="116.34675431704676">
        <ele>45.2</ele>
        <time>2026-08-06T13:40:34.965Z</time>
      </trkpt>
      <trkpt lat="40.06982575319565" lon="116.3467244496314">
        <ele>45.2</ele>
        <time>2026-08-06T13:40:35.965Z</time>
      </trkpt>
      <trkpt lat="40.0698281930621" lon="116.34669517603182">
        <ele>45.3</ele>
        <time>2026-08-06T13:40:36.965Z</time>
      </trkpt>
      <trkpt lat="40.069830327137495" lon="116.3466663569777">
        <ele>45.3</ele>
        <time>2026-08-06T13:40:37.965Z</time>
      </trkpt>
      <trkpt lat="40.06983214919402" lon="116.34663774787845">
        <ele>45.3</ele>
        <time>2026-08-06T13:40:38.965Z</time>
      </trkpt>
      <trkpt lat="40.069833686659535" lon="116.34660904416212">
        <ele>45.3</ele>
        <time>2026-08-06T13:40:39.965Z</time>
      </trkpt>
      <trkpt lat="40.069834958193255" lon="116.34658011520946">
        <ele>45.3</ele>
        <time>2026-08-06T13:40:40.965Z</time>
      </trkpt>
      <trkpt lat="40.06983603145056" lon="116.34655101890762">
        <ele>45.3</ele>
        <time>2026-08-06T13:40:41.965Z</time>
      </trkpt>
      <trkpt lat="40.06983699494532" lon="116.34652201833755">
        <ele>45.3</ele>
        <time>2026-08-06T13:40:42.965Z</time>
      </trkpt>
      <trkpt lat="40.069837955993094" lon="116.34649357003623">
        <ele>45.3</ele>
        <time>2026-08-06T13:40:43.965Z</time>
      </trkpt>
      <trkpt lat="40.069838910353866" lon="116.34646605300392">
        <ele>45.3</ele>
        <time>2026-08-06T13:40:44.965Z</time>
      </trkpt>
      <trkpt lat="40.06983980278738" lon="116.34643946016159">
        <ele>45.3</ele>
        <time>2026-08-06T13:40:45.965Z</time>
      </trkpt>
      <trkpt lat="40.069840664975224" lon="116.346413352572">
        <ele>45.3</ele>
        <time>2026-08-06T13:40:46.965Z</time>
      </trkpt>
      <trkpt lat="40.06984156941147" lon="116.3463872850651">
        <ele>45.3</ele>
        <time>2026-08-06T13:40:47.965Z</time>
      </trkpt>
      <trkpt lat="40.06984261301306" lon="116.34636092978478">
        <ele>45.3</ele>
        <time>2026-08-06T13:40:48.965Z</time>
      </trkpt>
      <trkpt lat="40.06984387465017" lon="116.34633413383344">
        <ele>45.3</ele>
        <time>2026-08-06T13:40:49.965Z</time>
      </trkpt>
      <trkpt lat="40.06984535198206" lon="116.34630685628876">
        <ele>45.3</ele>
        <time>2026-08-06T13:40:50.965Z</time>
      </trkpt>
      <trkpt lat="40.06984692761764" lon="116.3462790419639">
        <ele>45.3</ele>
        <time>2026-08-06T13:40:51.965Z</time>
      </trkpt>
      <trkpt lat="40.06984843316377" lon="116.34625062432042">
        <ele>45.3</ele>
        <time>2026-08-06T13:40:52.965Z</time>
      </trkpt>
      <trkpt lat="40.069849801331394" lon="116.34622156753804">
        <ele>45.3</ele>
        <time>2026-08-06T13:40:53.965Z</time>
      </trkpt>
      <trkpt lat="40.06985103263622" lon="116.34619203629536">
        <ele>45.3</ele>
        <time>2026-08-06T13:40:54.965Z</time>
      </trkpt>
      <trkpt lat="40.06985205564889" lon="116.34616224261862">
        <ele>45.4</ele>
        <time>2026-08-06T13:40:55.965Z</time>
      </trkpt>
      <trkpt lat="40.06985279307621" lon="116.34613239146051">
        <ele>45.4</ele>
        <time>2026-08-06T13:40:56.965Z</time>
      </trkpt>
      <trkpt lat="40.069853276100794" lon="116.34610280793841">
        <ele>45.4</ele>
        <time>2026-08-06T13:40:57.965Z</time>
      </trkpt>
      <trkpt lat="40.069853507152736" lon="116.34607381934097">
        <ele>45.4</ele>
        <time>2026-08-06T13:40:58.965Z</time>
      </trkpt>
      <trkpt lat="40.06985339067801" lon="116.34604551817027">
        <ele>45.4</ele>
        <time>2026-08-06T13:40:59.965Z</time>
      </trkpt>
      <trkpt lat="40.06985289314938" lon="116.34601783231112">
        <ele>45.4</ele>
        <time>2026-08-06T13:41:00.965Z</time>
      </trkpt>
      <trkpt lat="40.06985207181148" lon="116.34599068232377">
        <ele>45.4</ele>
        <time>2026-08-06T13:41:01.967Z</time>
      </trkpt>
      <trkpt lat="40.069851015920584" lon="116.34596403970633">
        <ele>45.4</ele>
        <time>2026-08-06T13:41:02.969Z</time>
      </trkpt>
      <trkpt lat="40.06984982366996" lon="116.34593782484018">
        <ele>45.4</ele>
        <time>2026-08-06T13:41:03.971Z</time>
      </trkpt>
      <trkpt lat="40.06984858083689" lon="116.34591202173604">
        <ele>45.4</ele>
        <time>2026-08-06T13:41:04.973Z</time>
      </trkpt>
      <trkpt lat="40.06984742101326" lon="116.34588653339763">
        <ele>45.4</ele>
        <time>2026-08-06T13:41:05.975Z</time>
      </trkpt>
      <trkpt lat="40.06984648888546" lon="116.34586114686924">
        <ele>45.4</ele>
        <time>2026-08-06T13:41:06.977Z</time>
      </trkpt>
      <trkpt lat="40.06984581190252" lon="116.34583557184943">
        <ele>45.4</ele>
        <time>2026-08-06T13:41:07.979Z</time>
      </trkpt>
      <trkpt lat="40.06984536649559" lon="116.34580959963449">
        <ele>45.4</ele>
        <time>2026-08-06T13:41:08.980Z</time>
      </trkpt>
      <trkpt lat="40.06984509337853" lon="116.34578339659531">
        <ele>45.4</ele>
        <time>2026-08-06T13:41:09.982Z</time>
      </trkpt>
      <trkpt lat="40.06984496112095" lon="116.34575714707547">
        <ele>45.4</ele>
        <time>2026-08-06T13:41:10.983Z</time>
      </trkpt>
      <trkpt lat="40.06984501729259" lon="116.34573085650574">
        <ele>45.5</ele>
        <time>2026-08-06T13:41:11.984Z</time>
      </trkpt>
      <trkpt lat="40.069845269834126" lon="116.34570448379863">
        <ele>45.5</ele>
        <time>2026-08-06T13:41:12.985Z</time>
      </trkpt>
      <trkpt lat="40.069845652456195" lon="116.3456778782876">
        <ele>45.5</ele>
        <time>2026-08-06T13:41:13.986Z</time>
      </trkpt>
      <trkpt lat="40.06984608856014" lon="116.34565093492506">
        <ele>45.5</ele>
        <time>2026-08-06T13:41:14.987Z</time>
      </trkpt>
      <trkpt lat="40.06984652444838" lon="116.34562374688127">
        <ele>45.5</ele>
        <time>2026-08-06T13:41:15.988Z</time>
      </trkpt>
      <trkpt lat="40.06984692488746" lon="116.34559643772043">
        <ele>45.5</ele>
        <time>2026-08-06T13:41:16.989Z</time>
      </trkpt>
      <trkpt lat="40.06984730303125" lon="116.34556917034048">
        <ele>45.5</ele>
        <time>2026-08-06T13:41:17.990Z</time>
      </trkpt>
      <trkpt lat="40.069847682067746" lon="116.34554226262631">
        <ele>45.5</ele>
        <time>2026-08-06T13:41:18.991Z</time>
      </trkpt>
      <trkpt lat="40.06984803093384" lon="116.34551588705504">
        <ele>45.5</ele>
        <time>2026-08-06T13:41:19.991Z</time>
      </trkpt>
      <trkpt lat="40.06984831452425" lon="116.34548993584448">
        <ele>45.5</ele>
        <time>2026-08-06T13:41:20.992Z</time>
      </trkpt>
      <trkpt lat="40.069848590322465" lon="116.34546420971343">
        <ele>45.5</ele>
        <time>2026-08-06T13:41:21.992Z</time>
      </trkpt>
      <trkpt lat="40.06984896574629" lon="116.34543845705437">
        <ele>45.5</ele>
        <time>2026-08-06T13:41:22.993Z</time>
      </trkpt>
      <trkpt lat="40.06984951371784" lon="116.34541244997708">
        <ele>45.5</ele>
        <time>2026-08-06T13:41:23.994Z</time>
      </trkpt>
      <trkpt lat="40.06985028731837" lon="116.34538601865">
        <ele>45.5</ele>
        <time>2026-08-06T13:41:24.994Z</time>
      </trkpt>
      <trkpt lat="40.069851322661734" lon="116.34535915637504">
        <ele>45.5</ele>
        <time>2026-08-06T13:41:25.994Z</time>
      </trkpt>
      <trkpt lat="40.069852627999694" lon="116.34533189808565">
        <ele>45.6</ele>
        <time>2026-08-06T13:41:26.995Z</time>
      </trkpt>
      <trkpt lat="40.06985418292123" lon="116.34530420866524">
        <ele>45.6</ele>
        <time>2026-08-06T13:41:27.995Z</time>
      </trkpt>
      <trkpt lat="40.069855981757684" lon="116.3452762387097">
        <ele>45.6</ele>
        <time>2026-08-06T13:41:28.996Z</time>
      </trkpt>
      <trkpt lat="40.06985804923619" lon="116.34524831454841">
        <ele>45.6</ele>
        <time>2026-08-06T13:41:29.996Z</time>
      </trkpt>
      <trkpt lat="40.06986040119688" lon="116.34522080120492">
        <ele>45.6</ele>
        <time>2026-08-06T13:41:30.996Z</time>
      </trkpt>
      <trkpt lat="40.06986301778187" lon="116.34519391507892">
        <ele>45.6</ele>
        <time>2026-08-06T13:41:31.997Z</time>
      </trkpt>
      <trkpt lat="40.06986590486235" lon="116.34516758918052">
        <ele>45.6</ele>
        <time>2026-08-06T13:41:32.997Z</time>
      </trkpt>
      <trkpt lat="40.069869075107995" lon="116.34514162431097">
        <ele>45.6</ele>
        <time>2026-08-06T13:41:33.997Z</time>
      </trkpt>
      <trkpt lat="40.069872482825126" lon="116.34511573826136">
        <ele>45.6</ele>
        <time>2026-08-06T13:41:34.997Z</time>
      </trkpt>
      <trkpt lat="40.06987607013868" lon="116.34508957402062">
        <ele>45.6</ele>
        <time>2026-08-06T13:41:35.998Z</time>
      </trkpt>
      <trkpt lat="40.06987973780938" lon="116.34506293093744">
        <ele>45.6</ele>
        <time>2026-08-06T13:41:36.998Z</time>
      </trkpt>
      <trkpt lat="40.06988335835325" lon="116.34503597670692">
        <ele>45.6</ele>
        <time>2026-08-06T13:41:37.998Z</time>
      </trkpt>
      <trkpt lat="40.06988681534121" lon="116.34500891657217">
        <ele>45.6</ele>
        <time>2026-08-06T13:41:38.998Z</time>
      </trkpt>
      <trkpt lat="40.06989001450385" lon="116.34498191837439">
        <ele>45.6</ele>
        <time>2026-08-06T13:41:39.999Z</time>
      </trkpt>
      <trkpt lat="40.06989289859329" lon="116.34495517716697">
        <ele>45.6</ele>
        <time>2026-08-06T13:41:40.999Z</time>
      </trkpt>
      <trkpt lat="40.069895459874786" lon="116.34492872215047">
        <ele>45.6</ele>
        <time>2026-08-06T13:41:41.999Z</time>
      </trkpt>
      <trkpt lat="40.069897671270226" lon="116.34490245013832">
        <ele>45.6</ele>
        <time>2026-08-06T13:41:42.999Z</time>
      </trkpt>
      <trkpt lat="40.069899548402034" lon="116.34487634531652">
        <ele>45.6</ele>
        <time>2026-08-06T13:41:43.999Z</time>
      </trkpt>
      <trkpt lat="40.06990119039422" lon="116.34485035573321">
        <ele>45.6</ele>
        <time>2026-08-06T13:41:44.999Z</time>
      </trkpt>
      <trkpt lat="40.06990272326147" lon="116.34482434192009">
        <ele>45.6</ele>
        <time>2026-08-06T13:41:45.999Z</time>
      </trkpt>
      <trkpt lat="40.069904280916106" lon="116.34479811092488">
        <ele>45.6</ele>
        <time>2026-08-06T13:41:47.000Z</time>
      </trkpt>
      <trkpt lat="40.069905862147166" lon="116.344771371643">
        <ele>45.6</ele>
        <time>2026-08-06T13:41:48.000Z</time>
      </trkpt>
      <trkpt lat="40.069907371929304" lon="116.34474393919173">
        <ele>45.6</ele>
        <time>2026-08-06T13:41:49.000Z</time>
      </trkpt>
      <trkpt lat="40.069908808755315" lon="116.34471596692214">
        <ele>45.7</ele>
        <time>2026-08-06T13:41:50.000Z</time>
      </trkpt>
      <trkpt lat="40.0699102026064" lon="116.34468764975615">
        <ele>45.7</ele>
        <time>2026-08-06T13:41:51.000Z</time>
      </trkpt>
      <trkpt lat="40.06991158054814" lon="116.3446590077839">
        <ele>45.7</ele>
        <time>2026-08-06T13:41:52.000Z</time>
      </trkpt>
      <trkpt lat="40.06991292119464" lon="116.3446303141367">
        <ele>45.7</ele>
        <time>2026-08-06T13:41:53.000Z</time>
      </trkpt>
      <trkpt lat="40.06991408952098" lon="116.34460195833277">
        <ele>45.7</ele>
        <time>2026-08-06T13:41:54.000Z</time>
      </trkpt>
      <trkpt lat="40.06991500414216" lon="116.34457421534226">
        <ele>45.7</ele>
        <time>2026-08-06T13:41:55.000Z</time>
      </trkpt>
      <trkpt lat="40.06991566042762" lon="116.34454731473924">
        <ele>45.7</ele>
        <time>2026-08-06T13:41:56.000Z</time>
      </trkpt>
      <trkpt lat="40.06991613523599" lon="116.34452124939241">
        <ele>45.7</ele>
        <time>2026-08-06T13:41:57.000Z</time>
      </trkpt>
      <trkpt lat="40.06991658299227" lon="116.34449589317057">
        <ele>45.7</ele>
        <time>2026-08-06T13:41:58.000Z</time>
      </trkpt>
      <trkpt lat="40.06991721611904" lon="116.34447097647136">
        <ele>45.7</ele>
        <time>2026-08-06T13:41:59.000Z</time>
      </trkpt>
      <trkpt lat="40.06991826192632" lon="116.34444630914085">
        <ele>45.8</ele>
        <time>2026-08-06T13:42:00.000Z</time>
      </trkpt>
      <trkpt lat="40.06991979431288" lon="116.3444219569343">
        <ele>45.8</ele>
        <time>2026-08-06T13:42:01.000Z</time>
      </trkpt>
      <trkpt lat="40.06992175956288" lon="116.34439786642506">
        <ele>45.8</ele>
        <time>2026-08-06T13:42:02.001Z</time>
      </trkpt>
      <trkpt lat="40.06992388596145" lon="116.34437412165612">
        <ele>45.8</ele>
        <time>2026-08-06T13:42:03.001Z</time>
      </trkpt>
      <trkpt lat="40.069925750592" lon="116.3443510252258">
        <ele>45.7</ele>
        <time>2026-08-06T13:42:04.001Z</time>
      </trkpt>
      <trkpt lat="40.069927008714274" lon="116.34432902444807">
        <ele>45.7</ele>
        <time>2026-08-06T13:42:05.001Z</time>
      </trkpt>
      <trkpt lat="40.06992730599347" lon="116.34430855094527">
        <ele>45.7</ele>
        <time>2026-08-06T13:42:06.001Z</time>
      </trkpt>
      <trkpt lat="40.06992646254737" lon="116.34428981158563">
        <ele>45.7</ele>
        <time>2026-08-06T13:42:07.001Z</time>
      </trkpt>
      <trkpt lat="40.06992460652817" lon="116.34427263134691">
        <ele>45.7</ele>
        <time>2026-08-06T13:42:08.001Z</time>
      </trkpt>
      <trkpt lat="40.0699220458268" lon="116.3442563920983">
        <ele>45.7</ele>
        <time>2026-08-06T13:42:09.001Z</time>
      </trkpt>
      <trkpt lat="40.06991910727195" lon="116.34424038286292">
        <ele>45.6</ele>
        <time>2026-08-06T13:42:10.001Z</time>
      </trkpt>
      <trkpt lat="40.069916073881316" lon="116.34422416257019">
        <ele>45.6</ele>
        <time>2026-08-06T13:42:11.001Z</time>
      </trkpt>
      <trkpt lat="40.06991311412736" lon="116.34420756634125">
        <ele>45.6</ele>
        <time>2026-08-06T13:42:12.001Z</time>
      </trkpt>
      <trkpt lat="40.06991015473761" lon="116.34419036995092">
        <ele>45.6</ele>
        <time>2026-08-06T13:42:13.001Z</time>
      </trkpt>
      <trkpt lat="40.06990699460901" lon="116.34417247998512">
        <ele>45.6</ele>
        <time>2026-08-06T13:42:14.001Z</time>
      </trkpt>
      <trkpt lat="40.06990368144933" lon="116.34415415117704">
        <ele>45.6</ele>
        <time>2026-08-06T13:42:15.001Z</time>
      </trkpt>
      <trkpt lat="40.06990059615476" lon="116.34413596772468">
        <ele>45.6</ele>
        <time>2026-08-06T13:42:16.001Z</time>
      </trkpt>
      <trkpt lat="40.069898145375554" lon="116.34411835286683">
        <ele>45.6</ele>
        <time>2026-08-06T13:42:17.001Z</time>
      </trkpt>
      <trkpt lat="40.069896456898114" lon="116.34410100858484">
        <ele>45.6</ele>
        <time>2026-08-06T13:42:18.001Z</time>
      </trkpt>
      <trkpt lat="40.06989542083151" lon="116.34408315891739">
        <ele>45.6</ele>
        <time>2026-08-06T13:42:19.001Z</time>
      </trkpt>
      <trkpt lat="40.069894859625016" lon="116.34406401090693">
        <ele>45.6</ele>
        <time>2026-08-06T13:42:20.001Z</time>
      </trkpt>
      <trkpt lat="40.06989461992202" lon="116.34404293920282">
        <ele>45.6</ele>
        <time>2026-08-06T13:42:21.001Z</time>
      </trkpt>
      <trkpt lat="40.06989477612261" lon="116.34401999700779">
        <ele>45.6</ele>
        <time>2026-08-06T13:42:22.001Z</time>
      </trkpt>
      <trkpt lat="40.06989563217742" lon="116.34399588405297">
        <ele>45.7</ele>
        <time>2026-08-06T13:42:23.001Z</time>
      </trkpt>
      <trkpt lat="40.06989739812938" lon="116.3439710448416">
        <ele>45.7</ele>
        <time>2026-08-06T13:42:24.001Z</time>
      </trkpt>
      <trkpt lat="40.069900016875245" lon="116.34394540806622">
        <ele>45.7</ele>
        <time>2026-08-06T13:42:25.001Z</time>
      </trkpt>
      <trkpt lat="40.06990330324028" lon="116.34391902369362">
        <ele>45.7</ele>
        <time>2026-08-06T13:42:26.001Z</time>
      </trkpt>
      <trkpt lat="40.069906940132626" lon="116.34389218742412">
        <ele>45.7</ele>
        <time>2026-08-06T13:42:27.001Z</time>
      </trkpt>
      <trkpt lat="40.06991044405466" lon="116.34386500279925">
        <ele>45.7</ele>
        <time>2026-08-06T13:42:28.001Z</time>
      </trkpt>
      <trkpt lat="40.06991340018097" lon="116.34383749221725">
        <ele>45.7</ele>
        <time>2026-08-06T13:42:29.001Z</time>
      </trkpt>
      <trkpt lat="40.069915558997224" lon="116.34380980927638">
        <ele>45.7</ele>
        <time>2026-08-06T13:42:30.001Z</time>
      </trkpt>
      <trkpt lat="40.069916670548444" lon="116.34378193994674">
        <ele>45.7</ele>
        <time>2026-08-06T13:42:31.001Z</time>
      </trkpt>
      <trkpt lat="40.06991675148336" lon="116.34375337075527">
        <ele>45.7</ele>
        <time>2026-08-06T13:42:32.001Z</time>
      </trkpt>
      <trkpt lat="40.069916127977194" lon="116.34372366198066">
        <ele>45.7</ele>
        <time>2026-08-06T13:42:33.001Z</time>
      </trkpt>
      <trkpt lat="40.06991526594764" lon="116.34369307007944">
        <ele>45.7</ele>
        <time>2026-08-06T13:42:34.001Z</time>
      </trkpt>
      <trkpt lat="40.069914602918224" lon="116.34366199387631">
        <ele>45.7</ele>
        <time>2026-08-06T13:42:35.001Z</time>
      </trkpt>
      <trkpt lat="40.0699143268023" lon="116.34363061317956">
        <ele>45.7</ele>
        <time>2026-08-06T13:42:36.001Z</time>
      </trkpt>
      <trkpt lat="40.06991446831467" lon="116.34359921835377">
        <ele>45.7</ele>
        <time>2026-08-06T13:42:37.001Z</time>
      </trkpt>
      <trkpt lat="40.06991492554011" lon="116.34356812990927">
        <ele>45.7</ele>
        <time>2026-08-06T13:42:38.001Z</time>
      </trkpt>
      <trkpt lat="40.06991548183543" lon="116.34353738228576">
        <ele>45.7</ele>
        <time>2026-08-06T13:42:39.001Z</time>
      </trkpt>
      <trkpt lat="40.069915966261405" lon="116.34350696737691">
        <ele>45.7</ele>
        <time>2026-08-06T13:42:40.001Z</time>
      </trkpt>
      <trkpt lat="40.06991631341673" lon="116.34347707691059">
        <ele>45.7</ele>
        <time>2026-08-06T13:42:41.001Z</time>
      </trkpt>
      <trkpt lat="40.06991646572479" lon="116.34344785930492">
        <ele>45.8</ele>
        <time>2026-08-06T13:42:42.001Z</time>
      </trkpt>
      <trkpt lat="40.06991635022301" lon="116.34341925692375">
        <ele>45.8</ele>
        <time>2026-08-06T13:42:43.001Z</time>
      </trkpt>
      <trkpt lat="40.069915944703745" lon="116.34339129191092">
        <ele>45.8</ele>
        <time>2026-08-06T13:42:44.001Z</time>
      </trkpt>
      <trkpt lat="40.06991536231036" lon="116.34336372604584">
        <ele>45.8</ele>
        <time>2026-08-06T13:42:45.001Z</time>
      </trkpt>
      <trkpt lat="40.06991480663104" lon="116.34333599357973">
        <ele>45.8</ele>
        <time>2026-08-06T13:42:46.001Z</time>
      </trkpt>
      <trkpt lat="40.06991437923465" lon="116.34330783422098">
        <ele>45.8</ele>
        <time>2026-08-06T13:42:47.001Z</time>
      </trkpt>
      <trkpt lat="40.0699140661214" lon="116.3432791614425">
        <ele>45.8</ele>
        <time>2026-08-06T13:42:48.001Z</time>
      </trkpt>
      <trkpt lat="40.069913783665264" lon="116.34325001155014">
        <ele>45.8</ele>
        <time>2026-08-06T13:42:49.001Z</time>
      </trkpt>
      <trkpt lat="40.06991333674372" lon="116.34322052103333">
        <ele>45.8</ele>
        <time>2026-08-06T13:42:50.001Z</time>
      </trkpt>
      <trkpt lat="40.06991262034057" lon="116.34319083085738">
        <ele>45.8</ele>
        <time>2026-08-06T13:42:51.001Z</time>
      </trkpt>
      <trkpt lat="40.06991165037395" lon="116.34316100165105">
        <ele>45.8</ele>
        <time>2026-08-06T13:42:52.001Z</time>
      </trkpt>
      <trkpt lat="40.069910481491085" lon="116.3431311437579">
        <ele>45.8</ele>
        <time>2026-08-06T13:42:53.001Z</time>
      </trkpt>
      <trkpt lat="40.06990922158046" lon="116.34310149325745">
        <ele>45.8</ele>
        <time>2026-08-06T13:42:54.001Z</time>
      </trkpt>
      <trkpt lat="40.06990790977061" lon="116.34307239789922">
        <ele>45.8</ele>
        <time>2026-08-06T13:42:55.001Z</time>
      </trkpt>
      <trkpt lat="40.069906462772785" lon="116.3430441816456">
        <ele>45.8</ele>
        <time>2026-08-06T13:42:56.001Z</time>
      </trkpt>
      <trkpt lat="40.06990481895342" lon="116.34301701024333">
        <ele>45.8</ele>
        <time>2026-08-06T13:42:57.001Z</time>
      </trkpt>
      <trkpt lat="40.06990307134941" lon="116.34299088400938">
        <ele>45.7</ele>
        <time>2026-08-06T13:42:58.001Z</time>
      </trkpt>
      <trkpt lat="40.069901285104216" lon="116.34296564358293">
        <ele>45.7</ele>
        <time>2026-08-06T13:42:59.001Z</time>
      </trkpt>
      <trkpt lat="40.069899437713616" lon="116.34294093813823">
        <ele>45.7</ele>
        <time>2026-08-06T13:43:00.001Z</time>
      </trkpt>
      <trkpt lat="40.069897585286924" lon="116.34291606039227">
        <ele>45.7</ele>
        <time>2026-08-06T13:43:01.001Z</time>
      </trkpt>
      <trkpt lat="40.06989586141816" lon="116.34289020295172">
        <ele>45.7</ele>
        <time>2026-08-06T13:43:02.001Z</time>
      </trkpt>
      <trkpt lat="40.06989434810113" lon="116.34286308389358">
        <ele>45.7</ele>
        <time>2026-08-06T13:43:03.001Z</time>
      </trkpt>
      <trkpt lat="40.06989307828013" lon="116.3428349379154">
        <ele>45.7</ele>
        <time>2026-08-06T13:43:04.001Z</time>
      </trkpt>
      <trkpt lat="40.06989209297381" lon="116.3428059723571">
        <ele>45.8</ele>
        <time>2026-08-06T13:43:05.001Z</time>
      </trkpt>
      <trkpt lat="40.06989136212934" lon="116.34277620641174">
        <ele>45.8</ele>
        <time>2026-08-06T13:43:06.001Z</time>
      </trkpt>
      <trkpt lat="40.06989077487119" lon="116.34274573863678">
        <ele>45.8</ele>
        <time>2026-08-06T13:43:07.001Z</time>
      </trkpt>
      <trkpt lat="40.069890244612026" lon="116.34271480997843">
        <ele>45.8</ele>
        <time>2026-08-06T13:43:08.001Z</time>
      </trkpt>
      <trkpt lat="40.06988976081279" lon="116.34268367192519">
        <ele>45.8</ele>
        <time>2026-08-06T13:43:09.001Z</time>
      </trkpt>
      <trkpt lat="40.06988940853563" lon="116.34265286600102">
        <ele>45.7</ele>
        <time>2026-08-06T13:43:10.001Z</time>
      </trkpt>
      <trkpt lat="40.069889291266286" lon="116.34262288491173">
        <ele>45.7</ele>
        <time>2026-08-06T13:43:11.001Z</time>
      </trkpt>
      <trkpt lat="40.06988939269934" lon="116.34259382012701">
        <ele>45.7</ele>
        <time>2026-08-06T13:43:12.001Z</time>
      </trkpt>
      <trkpt lat="40.06988966518228" lon="116.3425655914218">
        <ele>45.7</ele>
        <time>2026-08-06T13:43:13.001Z</time>
      </trkpt>
      <trkpt lat="40.06989011300982" lon="116.34253785756194">
        <ele>45.7</ele>
        <time>2026-08-06T13:43:14.001Z</time>
      </trkpt>
      <trkpt lat="40.069890694697264" lon="116.34250998196912">
        <ele>45.7</ele>
        <time>2026-08-06T13:43:15.001Z</time>
      </trkpt>
      <trkpt lat="40.06989131274964" lon="116.34248145263452">
        <ele>45.7</ele>
        <time>2026-08-06T13:43:16.001Z</time>
      </trkpt>
      <trkpt lat="40.06989195006578" lon="116.34245195077831">
        <ele>45.7</ele>
        <time>2026-08-06T13:43:17.001Z</time>
      </trkpt>
      <trkpt lat="40.06989268200212" lon="116.34242150113266">
        <ele>45.7</ele>
        <time>2026-08-06T13:43:18.001Z</time>
      </trkpt>
      <trkpt lat="40.069893630303966" lon="116.34239041688602">
        <ele>45.7</ele>
        <time>2026-08-06T13:43:19.000Z</time>
      </trkpt>
      <trkpt lat="40.069894909981336" lon="116.34235906362542">
        <ele>45.7</ele>
        <time>2026-08-06T13:43:20.000Z</time>
      </trkpt>
      <trkpt lat="40.069896536111514" lon="116.3423279392042">
        <ele>45.7</ele>
        <time>2026-08-06T13:43:21.000Z</time>
      </trkpt>
      <trkpt lat="40.06989842900828" lon="116.34229741101183">
        <ele>45.7</ele>
        <time>2026-08-06T13:43:22.000Z</time>
      </trkpt>
      <trkpt lat="40.069900432449224" lon="116.3422677425482">
        <ele>45.7</ele>
        <time>2026-08-06T13:43:23.000Z</time>
      </trkpt>
      <trkpt lat="40.069902329592104" lon="116.34223901156062">
        <ele>45.7</ele>
        <time>2026-08-06T13:43:24.000Z</time>
      </trkpt>
      <trkpt lat="40.0699040822875" lon="116.34221097452605">
        <ele>45.7</ele>
        <time>2026-08-06T13:43:25.000Z</time>
      </trkpt>
      <trkpt lat="40.06990579099163" lon="116.34218335572537">
        <ele>45.7</ele>
        <time>2026-08-06T13:43:26.000Z</time>
      </trkpt>
      <trkpt lat="40.06990752167664" lon="116.34215601090891">
        <ele>45.7</ele>
        <time>2026-08-06T13:43:27.000Z</time>
      </trkpt>
      <trkpt lat="40.06990931881948" lon="116.34212886156247">
        <ele>45.7</ele>
        <time>2026-08-06T13:43:28.000Z</time>
      </trkpt>
      <trkpt lat="40.06991118020141" lon="116.34210170117099">
        <ele>45.7</ele>
        <time>2026-08-06T13:43:29.000Z</time>
      </trkpt>
      <trkpt lat="40.06991304104469" lon="116.34207430782494">
        <ele>45.7</ele>
        <time>2026-08-06T13:43:30.000Z</time>
      </trkpt>
      <trkpt lat="40.069914846444654" lon="116.34204671239571">
        <ele>45.7</ele>
        <time>2026-08-06T13:43:31.000Z</time>
      </trkpt>
      <trkpt lat="40.06991654745319" lon="116.34201907555658">
        <ele>45.7</ele>
        <time>2026-08-06T13:43:32.000Z</time>
      </trkpt>
      <trkpt lat="40.069918019836344" lon="116.34199160172754">
        <ele>45.7</ele>
        <time>2026-08-06T13:43:33.000Z</time>
      </trkpt>
      <trkpt lat="40.06991917317055" lon="116.34196450775552">
        <ele>45.7</ele>
        <time>2026-08-06T13:43:34.000Z</time>
      </trkpt>
      <trkpt lat="40.06991997466132" lon="116.3419379663586">
        <ele>45.7</ele>
        <time>2026-08-06T13:43:35.000Z</time>
      </trkpt>
      <trkpt lat="40.069920418107046" lon="116.3419119899683">
        <ele>45.7</ele>
        <time>2026-08-06T13:43:36.000Z</time>
      </trkpt>
      <trkpt lat="40.069920530486506" lon="116.34188646795846">
        <ele>45.7</ele>
        <time>2026-08-06T13:43:37.000Z</time>
      </trkpt>
      <trkpt lat="40.069920310803305" lon="116.34186135570937">
        <ele>45.7</ele>
        <time>2026-08-06T13:43:38.000Z</time>
      </trkpt>
      <trkpt lat="40.06991960578206" lon="116.34183647032043">
        <ele>45.7</ele>
        <time>2026-08-06T13:43:39.000Z</time>
      </trkpt>
      <trkpt lat="40.06991834366868" lon="116.34181156822255">
        <ele>45.7</ele>
        <time>2026-08-06T13:43:40.000Z</time>
      </trkpt>
      <trkpt lat="40.06991664423974" lon="116.34178649357074">
        <ele>45.7</ele>
        <time>2026-08-06T13:43:41.000Z</time>
      </trkpt>
      <trkpt lat="40.069914671017955" lon="116.34176113057956">
        <ele>45.8</ele>
        <time>2026-08-06T13:43:42.000Z</time>
      </trkpt>
      <trkpt lat="40.06991254093403" lon="116.34173525778778">
        <ele>45.8</ele>
        <time>2026-08-06T13:43:43.000Z</time>
      </trkpt>
      <trkpt lat="40.06991028573224" lon="116.34170874344217">
        <ele>45.8</ele>
        <time>2026-08-06T13:43:44.000Z</time>
      </trkpt>
      <trkpt lat="40.06990800212754" lon="116.34168155695899">
        <ele>45.8</ele>
        <time>2026-08-06T13:43:45.000Z</time>
      </trkpt>
      <trkpt lat="40.06990585818465" lon="116.34165362201999">
        <ele>45.8</ele>
        <time>2026-08-06T13:43:46.000Z</time>
      </trkpt>
      <trkpt lat="40.06990393736034" lon="116.34162484685596">
        <ele>45.8</ele>
        <time>2026-08-06T13:43:47.000Z</time>
      </trkpt>
      <trkpt lat="40.06990219627694" lon="116.34159519336957">
        <ele>45.8</ele>
        <time>2026-08-06T13:43:48.000Z</time>
      </trkpt>
      <trkpt lat="40.069900565250556" lon="116.34156494625468">
        <ele>45.8</ele>
        <time>2026-08-06T13:43:49.000Z</time>
      </trkpt>
      <trkpt lat="40.06989908043157" lon="116.34153472803357">
        <ele>45.8</ele>
        <time>2026-08-06T13:43:50.000Z</time>
      </trkpt>
      <trkpt lat="40.06989788670883" lon="116.3415050727746">
        <ele>45.8</ele>
        <time>2026-08-06T13:43:51.000Z</time>
        <extensions>
  <gpxtpx:TrackPointExtension>
    <gpxtpx:hr>148</gpxtpx:hr>
  </gpxtpx:TrackPointExtension>
</extensions>
      </trkpt>
      <trkpt lat="40.069897066566476" lon="116.34147608887068">
        <ele>45.8</ele>
        <time>2026-08-06T13:43:52.000Z</time>
        <extensions>
  <gpxtpx:TrackPointExtension>
    <gpxtpx:hr>148</gpxtpx:hr>
  </gpxtpx:TrackPointExtension>
</extensions>
      </trkpt>
      <trkpt lat="40.069896558108454" lon="116.34144778243817">
        <ele>45.8</ele>
        <time>2026-08-06T13:43:53.000Z</time>
        <extensions>
  <gpxtpx:TrackPointExtension>
    <gpxtpx:hr>148</gpxtpx:hr>
  </gpxtpx:TrackPointExtension>
</extensions>
      </trkpt>
      <trkpt lat="40.06989626371041" lon="116.34142022712307">
        <ele>45.8</ele>
        <time>2026-08-06T13:43:54.000Z</time>
        <extensions>
  <gpxtpx:TrackPointExtension>
    <gpxtpx:hr>148</gpxtpx:hr>
  </gpxtpx:TrackPointExtension>
</extensions>
      </trkpt>
      <trkpt lat="40.0698961388892" lon="116.34139346394235">
        <ele>45.8</ele>
        <time>2026-08-06T13:43:55.000Z</time>
        <extensions>
  <gpxtpx:TrackPointExtension>
    <gpxtpx:hr>148</gpxtpx:hr>
  </gpxtpx:TrackPointExtension>
</extensions>
      </trkpt>
      <trkpt lat="40.069896181470085" lon="116.34136771746752">
        <ele>45.8</ele>
        <time>2026-08-06T13:43:56.000Z</time>
        <extensions>
  <gpxtpx:TrackPointExtension>
    <gpxtpx:hr>148</gpxtpx:hr>
  </gpxtpx:TrackPointExtension>
</extensions>
      </trkpt>
      <trkpt lat="40.06989637641941" lon="116.34134328431516">
        <ele>45.8</ele>
        <time>2026-08-06T13:43:57.000Z</time>
        <extensions>
  <gpxtpx:TrackPointExtension>
    <gpxtpx:hr>148</gpxtpx:hr>
  </gpxtpx:TrackPointExtension>
</extensions>
      </trkpt>
      <trkpt lat="40.06989667100845" lon="116.34131972633385">
        <ele>45.8</ele>
        <time>2026-08-06T13:43:58.000Z</time>
        <extensions>
  <gpxtpx:TrackPointExtension>
    <gpxtpx:hr>148</gpxtpx:hr>
  </gpxtpx:TrackPointExtension>
</extensions>
      </trkpt>
      <trkpt lat="40.069897006074044" lon="116.3412961757914">
        <ele>45.8</ele>
        <time>2026-08-06T13:43:59.000Z</time>
        <extensions>
  <gpxtpx:TrackPointExtension>
    <gpxtpx:hr>148</gpxtpx:hr>
  </gpxtpx:TrackPointExtension>
</extensions>
      </trkpt>
      <trkpt lat="40.06989725922564" lon="116.34127209529497">
        <ele>45.8</ele>
        <time>2026-08-06T13:44:00.000Z</time>
        <extensions>
  <gpxtpx:TrackPointExtension>
    <gpxtpx:hr>148</gpxtpx:hr>
  </gpxtpx:TrackPointExtension>
</extensions>
      </trkpt>
      <trkpt lat="40.069897310405516" lon="116.34124733105492">
        <ele>45.8</ele>
        <time>2026-08-06T13:44:01.000Z</time>
      </trkpt>
      <trkpt lat="40.069897151422396" lon="116.34122198287199">
        <ele>45.8</ele>
        <time>2026-08-06T13:44:02.000Z</time>
      </trkpt>
      <trkpt lat="40.06989688786838" lon="116.34119619951048">
        <ele>45.9</ele>
        <time>2026-08-06T13:44:03.000Z</time>
      </trkpt>
      <trkpt lat="40.06989670157951" lon="116.3411703802371">
        <ele>45.9</ele>
        <time>2026-08-06T13:44:04.000Z</time>
      </trkpt>
      <trkpt lat="40.06989667187539" lon="116.34114480374907">
        <ele>45.9</ele>
        <time>2026-08-06T13:44:05.000Z</time>
      </trkpt>
      <trkpt lat="40.06989670560858" lon="116.34111933362645">
        <ele>45.9</ele>
        <time>2026-08-06T13:44:06.000Z</time>
      </trkpt>
      <trkpt lat="40.06989669994383" lon="116.3410936328119">
        <ele>45.9</ele>
        <time>2026-08-06T13:44:07.000Z</time>
      </trkpt>
      <trkpt lat="40.06989665550461" lon="116.34106744123535">
        <ele>45.9</ele>
        <time>2026-08-06T13:44:08.000Z</time>
      </trkpt>
      <trkpt lat="40.06989665010283" lon="116.34104084004004">
        <ele>45.9</ele>
        <time>2026-08-06T13:44:09.000Z</time>
      </trkpt>
      <trkpt lat="40.069896745355265" lon="116.3410140194708">
        <ele>45.9</ele>
        <time>2026-08-06T13:44:10.000Z</time>
      </trkpt>
      <trkpt lat="40.0698969390951" lon="116.34098700238577">
        <ele>45.9</ele>
        <time>2026-08-06T13:44:11.000Z</time>
      </trkpt>
      <trkpt lat="40.06989717177965" lon="116.34095966103591">
        <ele>45.9</ele>
        <time>2026-08-06T13:44:12.000Z</time>
      </trkpt>
      <trkpt lat="40.06989738256528" lon="116.34093190592668">
        <ele>45.9</ele>
        <time>2026-08-06T13:44:13.000Z</time>
      </trkpt>
      <trkpt lat="40.06989754340077" lon="116.34090362874551">
        <ele>45.9</ele>
        <time>2026-08-06T13:44:14.000Z</time>
      </trkpt>
      <trkpt lat="40.069897686837756" lon="116.34087482648259">
        <ele>45.9</ele>
        <time>2026-08-06T13:44:15.000Z</time>
      </trkpt>
      <trkpt lat="40.069897893736325" lon="116.34084560343575">
        <ele>46.0</ele>
        <time>2026-08-06T13:44:16.000Z</time>
      </trkpt>
      <trkpt lat="40.0698982503754" lon="116.34081583574212">
        <ele>46.0</ele>
        <time>2026-08-06T13:44:17.000Z</time>
      </trkpt>
      <trkpt lat="40.069898767544956" lon="116.34078540030033">
        <ele>46.0</ele>
        <time>2026-08-06T13:44:18.000Z</time>
      </trkpt>
      <trkpt lat="40.06989937216858" lon="116.34075449526854">
        <ele>46.0</ele>
        <time>2026-08-06T13:44:19.000Z</time>
      </trkpt>
      <trkpt lat="40.06989998371769" lon="116.34072351296538">
        <ele>46.0</ele>
        <time>2026-08-06T13:44:20.000Z</time>
      </trkpt>
      <trkpt lat="40.06990056853774" lon="116.34069266400542">
        <ele>46.0</ele>
        <time>2026-08-06T13:44:21.000Z</time>
      </trkpt>
      <trkpt lat="40.069901136067614" lon="116.340661985527">
        <ele>46.0</ele>
        <time>2026-08-06T13:44:22.000Z</time>
      </trkpt>
      <trkpt lat="40.06990164546036" lon="116.34063147209827">
        <ele>46.0</ele>
        <time>2026-08-06T13:44:23.000Z</time>
      </trkpt>
      <trkpt lat="40.069902025430835" lon="116.34060108061072">
        <ele>46.0</ele>
        <time>2026-08-06T13:44:24.000Z</time>
      </trkpt>
      <trkpt lat="40.069902140280185" lon="116.34057100783674">
        <ele>46.0</ele>
        <time>2026-08-06T13:44:25.000Z</time>
      </trkpt>
      <trkpt lat="40.0699018346702" lon="116.34054180363373">
        <ele>46.0</ele>
        <time>2026-08-06T13:44:26.000Z</time>
      </trkpt>
      <trkpt lat="40.06990116334123" lon="116.34051389150656">
        <ele>46.0</ele>
        <time>2026-08-06T13:44:27.000Z</time>
      </trkpt>
      <trkpt lat="40.06990028994076" lon="116.3404870460749">
        <ele>46.1</ele>
        <time>2026-08-06T13:44:28.000Z</time>
      </trkpt>
      <trkpt lat="40.069899286400876" lon="116.34046070814175">
        <ele>46.1</ele>
        <time>2026-08-06T13:44:29.000Z</time>
      </trkpt>
      <trkpt lat="40.06989820319934" lon="116.34043452110414">
        <ele>46.1</ele>
        <time>2026-08-06T13:44:30.000Z</time>
      </trkpt>
      <trkpt lat="40.0698971220848" lon="116.34040849864975">
        <ele>46.1</ele>
        <time>2026-08-06T13:44:31.000Z</time>
      </trkpt>
      <trkpt lat="40.06989609034822" lon="116.34038271357544">
        <ele>46.1</ele>
        <time>2026-08-06T13:44:32.000Z</time>
      </trkpt>
      <trkpt lat="40.06989509490475" lon="116.34035718198193">
        <ele>46.1</ele>
        <time>2026-08-06T13:44:33.000Z</time>
      </trkpt>
      <trkpt lat="40.069894161699494" lon="116.34033192125517">
        <ele>46.1</ele>
        <time>2026-08-06T13:44:34.000Z</time>
      </trkpt>
      <trkpt lat="40.06989332013058" lon="116.34030685074731">
        <ele>46.1</ele>
        <time>2026-08-06T13:44:35.000Z</time>
      </trkpt>
      <trkpt lat="40.069892611744116" lon="116.34028182598414">
        <ele>46.1</ele>
        <time>2026-08-06T13:44:36.000Z</time>
      </trkpt>
      <trkpt lat="40.069892153914466" lon="116.34025676189805">
        <ele>46.1</ele>
        <time>2026-08-06T13:44:37.000Z</time>
      </trkpt>
      <trkpt lat="40.06989197654301" lon="116.3402315881537">
        <ele>46.1</ele>
        <time>2026-08-06T13:44:38.000Z</time>
      </trkpt>
      <trkpt lat="40.06989202685141" lon="116.34020613599866">
        <ele>46.1</ele>
        <time>2026-08-06T13:44:39.000Z</time>
      </trkpt>
      <trkpt lat="40.06989230835548" lon="116.34018021715447">
        <ele>46.1</ele>
        <time>2026-08-06T13:44:40.000Z</time>
      </trkpt>
      <trkpt lat="40.069892851827" lon="116.34015364800358">
        <ele>46.1</ele>
        <time>2026-08-06T13:44:41.000Z</time>
      </trkpt>
      <trkpt lat="40.06989367557017" lon="116.34012647685569">
        <ele>46.1</ele>
        <time>2026-08-06T13:44:42.000Z</time>
      </trkpt>
      <trkpt lat="40.069894790339205" lon="116.34009893328647">
        <ele>46.1</ele>
        <time>2026-08-06T13:44:43.000Z</time>
      </trkpt>
      <trkpt lat="40.06989616753791" lon="116.34007121593072">
        <ele>46.1</ele>
        <time>2026-08-06T13:44:44.000Z</time>
      </trkpt>
      <trkpt lat="40.0698977214446" lon="116.3400434857128">
        <ele>46.1</ele>
        <time>2026-08-06T13:44:45.000Z</time>
      </trkpt>
      <trkpt lat="40.06989944689686" lon="116.34001570325265">
        <ele>46.1</ele>
        <time>2026-08-06T13:44:46.000Z</time>
      </trkpt>
      <trkpt lat="40.06990142257323" lon="116.33998753970552">
        <ele>46.1</ele>
        <time>2026-08-06T13:44:47.000Z</time>
      </trkpt>
      <trkpt lat="40.06990371814059" lon="116.33995873708658">
        <ele>46.1</ele>
        <time>2026-08-06T13:44:48.000Z</time>
      </trkpt>
      <trkpt lat="40.06990634733055" lon="116.33992932150495">
        <ele>46.1</ele>
        <time>2026-08-06T13:44:49.000Z</time>
      </trkpt>
      <trkpt lat="40.06990931238626" lon="116.33989973071616">
        <ele>46.2</ele>
        <time>2026-08-06T13:44:50.000Z</time>
      </trkpt>
      <trkpt lat="40.06991261586757" lon="116.33987059263792">
        <ele>46.2</ele>
        <time>2026-08-06T13:44:51.000Z</time>
      </trkpt>
      <trkpt lat="40.069916223733024" lon="116.33984240719703">
        <ele>46.2</ele>
        <time>2026-08-06T13:44:52.000Z</time>
      </trkpt>
      <trkpt lat="40.0699200456727" lon="116.33981547358196">
        <ele>46.2</ele>
        <time>2026-08-06T13:44:53.000Z</time>
      </trkpt>
      <trkpt lat="40.06992398501051" lon="116.33978966074143">
        <ele>46.2</ele>
        <time>2026-08-06T13:44:54.000Z</time>
      </trkpt>
      <trkpt lat="40.06992797820001" lon="116.33976465740719">
        <ele>46.2</ele>
        <time>2026-08-06T13:44:55.000Z</time>
      </trkpt>
      <trkpt lat="40.06993192580993" lon="116.33974029845083">
        <ele>46.2</ele>
        <time>2026-08-06T13:44:56.000Z</time>
      </trkpt>
      <trkpt lat="40.0699356589208" lon="116.33971651397977">
        <ele>46.2</ele>
        <time>2026-08-06T13:44:57.000Z</time>
      </trkpt>
      <trkpt lat="40.069938932715125" lon="116.3396930744852">
        <ele>46.2</ele>
        <time>2026-08-06T13:44:58.000Z</time>
      </trkpt>
      <trkpt lat="40.069941586661194" lon="116.33966952657904">
        <ele>46.2</ele>
        <time>2026-08-06T13:44:59.000Z</time>
      </trkpt>
      <trkpt lat="40.06994362670111" lon="116.33964550864584">
        <ele>46.2</ele>
        <time>2026-08-06T13:45:00.000Z</time>
      </trkpt>
      <trkpt lat="40.06994516375113" lon="116.33962083074039">
        <ele>46.2</ele>
        <time>2026-08-06T13:45:01.000Z</time>
      </trkpt>
      <trkpt lat="40.0699463700885" lon="116.33959527579657">
        <ele>46.2</ele>
        <time>2026-08-06T13:45:02.000Z</time>
      </trkpt>
      <trkpt lat="40.06994738753424" lon="116.33956883196907">
        <ele>46.2</ele>
        <time>2026-08-06T13:45:03.000Z</time>
      </trkpt>
      <trkpt lat="40.06994825293186" lon="116.33954178179503">
        <ele>46.2</ele>
        <time>2026-08-06T13:45:04.000Z</time>
      </trkpt>
      <trkpt lat="40.06994896993469" lon="116.3395146453818">
        <ele>46.2</ele>
        <time>2026-08-06T13:45:05.000Z</time>
      </trkpt>
      <trkpt lat="40.069949531177585" lon="116.33948776963253">
        <ele>46.2</ele>
        <time>2026-08-06T13:45:06.000Z</time>
      </trkpt>
      <trkpt lat="40.06994988758574" lon="116.33946131493806">
        <ele>46.2</ele>
        <time>2026-08-06T13:45:07.000Z</time>
      </trkpt>
      <trkpt lat="40.06994998184526" lon="116.3394354009943">
        <ele>46.2</ele>
        <time>2026-08-06T13:45:08.000Z</time>
      </trkpt>
      <trkpt lat="40.069949799816214" lon="116.33940964508032">
        <ele>46.2</ele>
        <time>2026-08-06T13:45:09.000Z</time>
      </trkpt>
      <trkpt lat="40.069949452244316" lon="116.33938361833707">
        <ele>46.2</ele>
        <time>2026-08-06T13:45:10.000Z</time>
      </trkpt>
      <trkpt lat="40.069949125359656" lon="116.33935690232556">
        <ele>46.2</ele>
        <time>2026-08-06T13:45:11.000Z</time>
      </trkpt>
      <trkpt lat="40.069948980468936" lon="116.33932916342401">
        <ele>46.2</ele>
        <time>2026-08-06T13:45:12.000Z</time>
      </trkpt>
      <trkpt lat="40.069949141024885" lon="116.3393004145383">
        <ele>46.2</ele>
        <time>2026-08-06T13:45:13.000Z</time>
      </trkpt>
      <trkpt lat="40.06994962980739" lon="116.33927094877946">
        <ele>46.2</ele>
        <time>2026-08-06T13:45:14.000Z</time>
      </trkpt>
      <trkpt lat="40.06995039167292" lon="116.33924130670856">
        <ele>46.2</ele>
        <time>2026-08-06T13:45:15.000Z</time>
      </trkpt>
      <trkpt lat="40.06995136403465" lon="116.3392120900655">
        <ele>46.2</ele>
        <time>2026-08-06T13:45:16.000Z</time>
      </trkpt>
      <trkpt lat="40.06995249281458" lon="116.33918418219476">
        <ele>46.2</ele>
        <time>2026-08-06T13:45:17.000Z</time>
      </trkpt>
      <trkpt lat="40.06995382589252" lon="116.33915821842729">
        <ele>46.2</ele>
        <time>2026-08-06T13:45:18.000Z</time>
      </trkpt>
      <trkpt lat="40.06995545023906" lon="116.3391338555802">
        <ele>46.2</ele>
        <time>2026-08-06T13:45:19.000Z</time>
      </trkpt>
      <trkpt lat="40.069957526968864" lon="116.33911024570432">
        <ele>46.1</ele>
        <time>2026-08-06T13:45:20.000Z</time>
      </trkpt>
      <trkpt lat="40.069960469304455" lon="116.33908634446864">
        <ele>46.1</ele>
        <time>2026-08-06T13:45:21.000Z</time>
      </trkpt>
      <trkpt lat="40.06996483551006" lon="116.33906146422544">
        <ele>46.1</ele>
        <time>2026-08-06T13:45:22.000Z</time>
      </trkpt>
      <trkpt lat="40.069971023539566" lon="116.339035976456">
        <ele>46.1</ele>
        <time>2026-08-06T13:45:23.000Z</time>
      </trkpt>
      <trkpt lat="40.06997922408125" lon="116.33901066332307">
        <ele>46.1</ele>
        <time>2026-08-06T13:45:24.000Z</time>
      </trkpt>
      <trkpt lat="40.06998953255456" lon="116.33898608657559">
        <ele>46.1</ele>
        <time>2026-08-06T13:45:25.000Z</time>
      </trkpt>
      <trkpt lat="40.07000192781132" lon="116.33896281424636">
        <ele>46.1</ele>
        <time>2026-08-06T13:45:26.000Z</time>
      </trkpt>
      <trkpt lat="40.070016215680546" lon="116.33894166498101">
        <ele>46.1</ele>
        <time>2026-08-06T13:45:27.000Z</time>
      </trkpt>
      <trkpt lat="40.07003202894919" lon="116.33892348956978">
        <ele>46.1</ele>
        <time>2026-08-06T13:45:28.000Z</time>
      </trkpt>
      <trkpt lat="40.070049003664145" lon="116.3389086667976">
        <ele>46.0</ele>
        <time>2026-08-06T13:45:29.000Z</time>
      </trkpt>
      <trkpt lat="40.070066858463136" lon="116.33889701980722">
        <ele>46.0</ele>
        <time>2026-08-06T13:45:30.000Z</time>
      </trkpt>
      <trkpt lat="40.07008535330853" lon="116.3388881852113">
        <ele>46.0</ele>
        <time>2026-08-06T13:45:31.000Z</time>
      </trkpt>
      <trkpt lat="40.07010457959974" lon="116.33888166309897">
        <ele>46.0</ele>
        <time>2026-08-06T13:45:32.000Z</time>
      </trkpt>
      <trkpt lat="40.07012463355306" lon="116.33887689188053">
        <ele>46.0</ele>
        <time>2026-08-06T13:45:33.000Z</time>
      </trkpt>
      <trkpt lat="40.070145387794696" lon="116.33887347602341">
        <ele>45.9</ele>
        <time>2026-08-06T13:45:34.000Z</time>
      </trkpt>
      <trkpt lat="40.070166916297154" lon="116.3388711518377">
        <ele>45.9</ele>
        <time>2026-08-06T13:45:35.000Z</time>
      </trkpt>
      <trkpt lat="40.07018917689748" lon="116.33886972504843">
        <ele>45.9</ele>
        <time>2026-08-06T13:45:36.000Z</time>
      </trkpt>
      <trkpt lat="40.07021193674899" lon="116.33886898073914">
        <ele>45.9</ele>
        <time>2026-08-06T13:45:37.000Z</time>
      </trkpt>
      <trkpt lat="40.07023495864716" lon="116.33886873425689">
        <ele>45.8</ele>
        <time>2026-08-06T13:45:38.000Z</time>
      </trkpt>
      <trkpt lat="40.07025798928448" lon="116.33886886897473">
        <ele>45.8</ele>
        <time>2026-08-06T13:45:39.000Z</time>
      </trkpt>
      <trkpt lat="40.0702808135352" lon="116.33886929045441">
        <ele>45.8</ele>
        <time>2026-08-06T13:45:40.000Z</time>
      </trkpt>
      <trkpt lat="40.070303306165385" lon="116.3388698896876">
        <ele>45.8</ele>
        <time>2026-08-06T13:45:41.000Z</time>
      </trkpt>
      <trkpt lat="40.070325668695055" lon="116.33887054861874">
        <ele>45.8</ele>
        <time>2026-08-06T13:45:42.000Z</time>
      </trkpt>
      <trkpt lat="40.07034805279731" lon="116.33887122788632">
        <ele>45.7</ele>
        <time>2026-08-06T13:45:43.000Z</time>
      </trkpt>
      <trkpt lat="40.0703703452391" lon="116.33887183064756">
        <ele>45.7</ele>
        <time>2026-08-06T13:45:44.000Z</time>
      </trkpt>
      <trkpt lat="40.07039249371734" lon="116.33887216737833">
        <ele>45.7</ele>
        <time>2026-08-06T13:45:45.000Z</time>
      </trkpt>
      <trkpt lat="40.0704145215183" lon="116.33887205750028">
        <ele>45.7</ele>
        <time>2026-08-06T13:45:46.000Z</time>
      </trkpt>
      <trkpt lat="40.07043662369628" lon="116.33887140146086">
        <ele>45.7</ele>
        <time>2026-08-06T13:45:47.000Z</time>
      </trkpt>
      <trkpt lat="40.070459137689554" lon="116.3388700888121">
        <ele>45.7</ele>
        <time>2026-08-06T13:45:48.000Z</time>
      </trkpt>
      <trkpt lat="40.070482231237186" lon="116.33886789575637">
        <ele>45.6</ele>
        <time>2026-08-06T13:45:49.000Z</time>
      </trkpt>
      <trkpt lat="40.0705058740408" lon="116.33886465545721">
        <ele>45.6</ele>
        <time>2026-08-06T13:45:50.000Z</time>
      </trkpt>
      <trkpt lat="40.070530034239276" lon="116.33886034929817">
        <ele>45.6</ele>
        <time>2026-08-06T13:45:51.000Z</time>
      </trkpt>
      <trkpt lat="40.07055457391008" lon="116.33885513300906">
        <ele>45.6</ele>
        <time>2026-08-06T13:45:52.000Z</time>
      </trkpt>
      <trkpt lat="40.07057918395785" lon="116.33884926166834">
        <ele>45.6</ele>
        <time>2026-08-06T13:45:53.000Z</time>
      </trkpt>
      <trkpt lat="40.070603296017175" lon="116.33884309628169">
        <ele>45.6</ele>
        <time>2026-08-06T13:45:54.000Z</time>
      </trkpt>
      <trkpt lat="40.07062638622454" lon="116.3388369240912">
        <ele>45.6</ele>
        <time>2026-08-06T13:45:55.000Z</time>
      </trkpt>
      <trkpt lat="40.07064832961915" lon="116.3388309463617">
        <ele>45.6</ele>
        <time>2026-08-06T13:45:56.000Z</time>
      </trkpt>
      <trkpt lat="40.070669093869256" lon="116.33882544305114">
        <ele>45.6</ele>
        <time>2026-08-06T13:45:57.000Z</time>
      </trkpt>
      <trkpt lat="40.07068875859594" lon="116.33882060811324">
        <ele>45.6</ele>
        <time>2026-08-06T13:45:58.000Z</time>
      </trkpt>
      <trkpt lat="40.070707658304684" lon="116.33881649513701">
        <ele>45.6</ele>
        <time>2026-08-06T13:45:59.000Z</time>
      </trkpt>
      <trkpt lat="40.07072618943398" lon="116.33881301132753">
        <ele>45.6</ele>
        <time>2026-08-06T13:46:00.000Z</time>
      </trkpt>
      <trkpt lat="40.07074461541399" lon="116.3388100170643">
        <ele>45.6</ele>
        <time>2026-08-06T13:46:01.000Z</time>
      </trkpt>
      <trkpt lat="40.070763036560884" lon="116.33880747373479">
        <ele>45.6</ele>
        <time>2026-08-06T13:46:02.000Z</time>
      </trkpt>
      <trkpt lat="40.07078150012795" lon="116.33880544466373">
        <ele>45.7</ele>
        <time>2026-08-06T13:46:03.000Z</time>
      </trkpt>
      <trkpt lat="40.07080001666983" lon="116.33880401318245">
        <ele>45.7</ele>
        <time>2026-08-06T13:46:04.000Z</time>
      </trkpt>
      <trkpt lat="40.07081859346578" lon="116.33880319162836">
        <ele>45.7</ele>
        <time>2026-08-06T13:46:05.000Z</time>
      </trkpt>
      <trkpt lat="40.070837245269196" lon="116.3388029497474">
        <ele>45.7</ele>
        <time>2026-08-06T13:46:06.000Z</time>
      </trkpt>
      <trkpt lat="40.07085587675496" lon="116.3388032531765">
        <ele>45.7</ele>
        <time>2026-08-06T13:46:07.000Z</time>
      </trkpt>
      <trkpt lat="40.070874243236595" lon="116.3388039988026">
        <ele>45.7</ele>
        <time>2026-08-06T13:46:08.000Z</time>
      </trkpt>
      <trkpt lat="40.070892197080845" lon="116.33880498129963">
        <ele>45.7</ele>
        <time>2026-08-06T13:46:09.000Z</time>
      </trkpt>
      <trkpt lat="40.07090987960367" lon="116.33880596693307">
        <ele>45.7</ele>
        <time>2026-08-06T13:46:10.000Z</time>
      </trkpt>
      <trkpt lat="40.07092743873482" lon="116.33880684477766">
        <ele>45.7</ele>
        <time>2026-08-06T13:46:11.000Z</time>
      </trkpt>
      <trkpt lat="40.07094479612611" lon="116.3388076783182">
        <ele>45.7</ele>
        <time>2026-08-06T13:46:12.000Z</time>
      </trkpt>
      <trkpt lat="40.070961704182736" lon="116.33880849354571">
        <ele>45.7</ele>
        <time>2026-08-06T13:46:13.000Z</time>
      </trkpt>
      <trkpt lat="40.07097813415678" lon="116.33880926093659">
        <ele>45.7</ele>
        <time>2026-08-06T13:46:14.000Z</time>
      </trkpt>
      <trkpt lat="40.070994231751826" lon="116.33881008324936">
        <ele>45.7</ele>
        <time>2026-08-06T13:46:15.000Z</time>
      </trkpt>
      <trkpt lat="40.07101003990213" lon="116.3388110284051">
        <ele>45.6</ele>
        <time>2026-08-06T13:46:16.000Z</time>
      </trkpt>
      <trkpt lat="40.07102565049311" lon="116.33881207896881">
        <ele>45.6</ele>
        <time>2026-08-06T13:46:17.000Z</time>
      </trkpt>
      <trkpt lat="40.071041179745976" lon="116.3388131803346">
        <ele>45.6</ele>
        <time>2026-08-06T13:46:18.000Z</time>
      </trkpt>
      <trkpt lat="40.0710567812106" lon="116.33881424554784">
        <ele>45.6</ele>
        <time>2026-08-06T13:46:19.000Z</time>
      </trkpt>
      <trkpt lat="40.07107279506681" lon="116.338815272479">
        <ele>45.6</ele>
        <time>2026-08-06T13:46:20.000Z</time>
      </trkpt>
      <trkpt lat="40.07108964002643" lon="116.3388163212528">
        <ele>45.6</ele>
        <time>2026-08-06T13:46:21.000Z</time>
      </trkpt>
      <trkpt lat="40.07110797457068" lon="116.33881740505309">
        <ele>45.6</ele>
        <time>2026-08-06T13:46:22.000Z</time>
      </trkpt>
      <trkpt lat="40.071128171959245" lon="116.3388183212862">
        <ele>45.6</ele>
        <time>2026-08-06T13:46:23.000Z</time>
      </trkpt>
      <trkpt lat="40.07114998871825" lon="116.33881876868314">
        <ele>45.5</ele>
        <time>2026-08-06T13:46:24.000Z</time>
      </trkpt>
      <trkpt lat="40.07117311654326" lon="116.3388185413411">
        <ele>45.5</ele>
        <time>2026-08-06T13:46:25.000Z</time>
      </trkpt>
      <trkpt lat="40.071197229984016" lon="116.33881750012036">
        <ele>45.5</ele>
        <time>2026-08-06T13:46:26.000Z</time>
      </trkpt>
      <trkpt lat="40.071221804223015" lon="116.33881563322323">
        <ele>45.5</ele>
        <time>2026-08-06T13:46:27.000Z</time>
      </trkpt>
      <trkpt lat="40.071246228967226" lon="116.33881317837681">
        <ele>45.5</ele>
        <time>2026-08-06T13:46:28.000Z</time>
      </trkpt>
      <trkpt lat="40.07127013114679" lon="116.33881042466058">
        <ele>45.5</ele>
        <time>2026-08-06T13:46:29.000Z</time>
      </trkpt>
      <trkpt lat="40.07129344985844" lon="116.3388075984789">
        <ele>45.4</ele>
        <time>2026-08-06T13:46:30.000Z</time>
      </trkpt>
      <trkpt lat="40.07131596653091" lon="116.33880492176482">
        <ele>45.4</ele>
        <time>2026-08-06T13:46:31.000Z</time>
      </trkpt>
      <trkpt lat="40.071337583447125" lon="116.33880245947887">
        <ele>45.4</ele>
        <time>2026-08-06T13:46:32.000Z</time>
      </trkpt>
      <trkpt lat="40.07135850338635" lon="116.33880018291762">
        <ele>45.4</ele>
        <time>2026-08-06T13:46:33.000Z</time>
      </trkpt>
      <trkpt lat="40.07137894311535" lon="116.33879833582141">
        <ele>45.4</ele>
        <time>2026-08-06T13:46:34.000Z</time>
      </trkpt>
      <trkpt lat="40.07139920337271" lon="116.33879719176284">
        <ele>45.4</ele>
        <time>2026-08-06T13:46:35.000Z</time>
      </trkpt>
      <trkpt lat="40.071419661908955" lon="116.33879662490769">
        <ele>45.4</ele>
        <time>2026-08-06T13:46:36.000Z</time>
      </trkpt>
      <trkpt lat="40.07144051521903" lon="116.33879636249411">
        <ele>45.4</ele>
        <time>2026-08-06T13:46:37.000Z</time>
      </trkpt>
      <trkpt lat="40.07146152568305" lon="116.338796298358">
        <ele>45.4</ele>
        <time>2026-08-06T13:46:38.000Z</time>
      </trkpt>
      <trkpt lat="40.071482410296305" lon="116.33879644706145">
        <ele>45.4</ele>
        <time>2026-08-06T13:46:39.000Z</time>
      </trkpt>
      <trkpt lat="40.07150281097491" lon="116.3387968286073">
        <ele>45.4</ele>
        <time>2026-08-06T13:46:40.000Z</time>
      </trkpt>
      <trkpt lat="40.07152210271516" lon="116.3387975890523">
        <ele>45.4</ele>
        <time>2026-08-06T13:46:41.000Z</time>
      </trkpt>
      <trkpt lat="40.071540156661975" lon="116.33879866296165">
        <ele>45.4</ele>
        <time>2026-08-06T13:46:42.000Z</time>
      </trkpt>
      <trkpt lat="40.07155731758976" lon="116.33879979235319">
        <ele>45.4</ele>
        <time>2026-08-06T13:46:43.000Z</time>
      </trkpt>
      <trkpt lat="40.0715740936198" lon="116.33880091817123">
        <ele>45.4</ele>
        <time>2026-08-06T13:46:44.000Z</time>
      </trkpt>
      <trkpt lat="40.07159119615505" lon="116.33880206615211">
        <ele>45.4</ele>
        <time>2026-08-06T13:46:45.000Z</time>
      </trkpt>
      <trkpt lat="40.07160909353522" lon="116.33880322295687">
        <ele>45.4</ele>
        <time>2026-08-06T13:46:46.000Z</time>
      </trkpt>
      <trkpt lat="40.071627874145086" lon="116.33880420702593">
        <ele>45.4</ele>
        <time>2026-08-06T13:46:47.000Z</time>
      </trkpt>
      <trkpt lat="40.071647434431476" lon="116.33880483907734">
        <ele>45.4</ele>
        <time>2026-08-06T13:46:48.000Z</time>
      </trkpt>
      <trkpt lat="40.071667516601785" lon="116.33880511808435">
        <ele>45.4</ele>
        <time>2026-08-06T13:46:49.000Z</time>
      </trkpt>
      <trkpt lat="40.07168775636929" lon="116.33880505562642">
        <ele>45.4</ele>
        <time>2026-08-06T13:46:50.000Z</time>
      </trkpt>
      <trkpt lat="40.07170811073391" lon="116.33880482597378">
        <ele>45.4</ele>
        <time>2026-08-06T13:46:51.000Z</time>
      </trkpt>
      <trkpt lat="40.0717284708757" lon="116.33880471613345">
        <ele>45.4</ele>
        <time>2026-08-06T13:46:52.000Z</time>
      </trkpt>
      <trkpt lat="40.07174912009587" lon="116.33880488018609">
        <ele>45.4</ele>
        <time>2026-08-06T13:46:53.000Z</time>
      </trkpt>
      <trkpt lat="40.07177060927748" lon="116.33880534812718">
        <ele>45.4</ele>
        <time>2026-08-06T13:46:54.000Z</time>
      </trkpt>
      <trkpt lat="40.07179293226159" lon="116.3388060949778">
        <ele>45.3</ele>
        <time>2026-08-06T13:46:55.000Z</time>
      </trkpt>
      <trkpt lat="40.071816039091814" lon="116.33880707539608">
        <ele>45.3</ele>
        <time>2026-08-06T13:46:56.000Z</time>
      </trkpt>
      <trkpt lat="40.07183976888788" lon="116.33880825783454">
        <ele>45.3</ele>
        <time>2026-08-06T13:46:57.000Z</time>
      </trkpt>
      <trkpt lat="40.07186362814951" lon="116.33880956674292">
        <ele>45.3</ele>
        <time>2026-08-06T13:46:58.000Z</time>
      </trkpt>
      <trkpt lat="40.07188717346548" lon="116.33881085653206">
        <ele>45.3</ele>
        <time>2026-08-06T13:46:59.000Z</time>
      </trkpt>
      <trkpt lat="40.07191019823269" lon="116.33881198200856">
        <ele>45.3</ele>
        <time>2026-08-06T13:47:00.000Z</time>
      </trkpt>
      <trkpt lat="40.0719327153001" lon="116.33881287718744">
        <ele>45.3</ele>
        <time>2026-08-06T13:47:01.000Z</time>
      </trkpt>
      <trkpt lat="40.071954710796355" lon="116.33881351142458">
        <ele>45.3</ele>
        <time>2026-08-06T13:47:02.000Z</time>
      </trkpt>
      <trkpt lat="40.07197627940937" lon="116.33881384998881">
        <ele>45.3</ele>
        <time>2026-08-06T13:47:03.000Z</time>
      </trkpt>
      <trkpt lat="40.07199778259835" lon="116.33881393921033">
        <ele>45.3</ele>
        <time>2026-08-06T13:47:04.000Z</time>
      </trkpt>
      <trkpt lat="40.07201920565164" lon="116.3388138306486">
        <ele>45.3</ele>
        <time>2026-08-06T13:47:05.000Z</time>
      </trkpt>
      <trkpt lat="40.07204009405316" lon="116.33881353790142">
        <ele>45.3</ele>
        <time>2026-08-06T13:47:06.000Z</time>
      </trkpt>
      <trkpt lat="40.07206001996364" lon="116.33881297350685">
        <ele>45.3</ele>
        <time>2026-08-06T13:47:07.000Z</time>
      </trkpt>
      <trkpt lat="40.07207878818111" lon="116.33881209594186">
        <ele>45.3</ele>
        <time>2026-08-06T13:47:08.000Z</time>
      </trkpt>
      <trkpt lat="40.07209627776337" lon="116.33881100599508">
        <ele>45.3</ele>
        <time>2026-08-06T13:47:09.000Z</time>
      </trkpt>
      <trkpt lat="40.072112386940276" lon="116.3388098747563">
        <ele>45.2</ele>
        <time>2026-08-06T13:47:10.000Z</time>
      </trkpt>
      <trkpt lat="40.0721275881721" lon="116.3388089782125">
        <ele>45.2</ele>
        <time>2026-08-06T13:47:11.000Z</time>
      </trkpt>
      <trkpt lat="40.07214269618273" lon="116.33880847278412">
        <ele>45.2</ele>
        <time>2026-08-06T13:47:12.000Z</time>
      </trkpt>
      <trkpt lat="40.0721583635476" lon="116.3388083715462">
        <ele>45.2</ele>
        <time>2026-08-06T13:47:13.000Z</time>
      </trkpt>
      <trkpt lat="40.072175000322204" lon="116.3388086765214">
        <ele>45.2</ele>
        <time>2026-08-06T13:47:14.000Z</time>
      </trkpt>
      <trkpt lat="40.07219278708422" lon="116.33880928096714">
        <ele>45.2</ele>
        <time>2026-08-06T13:47:15.000Z</time>
      </trkpt>
      <trkpt lat="40.072211754092685" lon="116.33881018286051">
        <ele>45.2</ele>
        <time>2026-08-06T13:47:16.000Z</time>
      </trkpt>
      <trkpt lat="40.072231739646625" lon="116.3388115204934">
        <ele>45.2</ele>
        <time>2026-08-06T13:47:17.000Z</time>
      </trkpt>
      <trkpt lat="40.07225236743748" lon="116.33881316106971">
        <ele>45.2</ele>
        <time>2026-08-06T13:47:18.000Z</time>
      </trkpt>
      <trkpt lat="40.07227307409956" lon="116.33881481394071">
        <ele>45.2</ele>
        <time>2026-08-06T13:47:19.000Z</time>
      </trkpt>
      <trkpt lat="40.07229343278257" lon="116.33881637184857">
        <ele>45.2</ele>
        <time>2026-08-06T13:47:20.000Z</time>
      </trkpt>
      <trkpt lat="40.07231333954251" lon="116.33881779863893">
        <ele>45.2</ele>
        <time>2026-08-06T13:47:21.000Z</time>
      </trkpt>
      <trkpt lat="40.07233281175134" lon="116.33881908920505">
        <ele>45.2</ele>
        <time>2026-08-06T13:47:22.000Z</time>
      </trkpt>
      <trkpt lat="40.072351908260984" lon="116.33882043227597">
        <ele>45.2</ele>
        <time>2026-08-06T13:47:23.000Z</time>
      </trkpt>
      <trkpt lat="40.072370587785" lon="116.33882215030796">
        <ele>45.2</ele>
        <time>2026-08-06T13:47:24.000Z</time>
      </trkpt>
      <trkpt lat="40.072388568182674" lon="116.33882449904475">
        <ele>45.2</ele>
        <time>2026-08-06T13:47:25.000Z</time>
      </trkpt>
      <trkpt lat="40.072405715830975" lon="116.33882738775489">
        <ele>45.1</ele>
        <time>2026-08-06T13:47:26.000Z</time>
      </trkpt>
      <trkpt lat="40.07242243899932" lon="116.33883057810995">
        <ele>45.1</ele>
        <time>2026-08-06T13:47:27.000Z</time>
      </trkpt>
      <trkpt lat="40.07243899104898" lon="116.33883402690381">
        <ele>45.1</ele>
        <time>2026-08-06T13:47:28.000Z</time>
      </trkpt>
      <trkpt lat="40.07245555859408" lon="116.33883774336776">
        <ele>45.1</ele>
        <time>2026-08-06T13:47:29.000Z</time>
      </trkpt>
      <trkpt lat="40.072472224742114" lon="116.3388417236385">
        <ele>45.1</ele>
        <time>2026-08-06T13:47:30.000Z</time>
      </trkpt>
      <trkpt lat="40.07248870161346" lon="116.33884587206312">
        <ele>45.1</ele>
        <time>2026-08-06T13:47:31.000Z</time>
      </trkpt>
      <trkpt lat="40.07250517590818" lon="116.33884997610802">
        <ele>45.1</ele>
        <time>2026-08-06T13:47:32.000Z</time>
      </trkpt>
      <trkpt lat="40.07252213668512" lon="116.33885380587755">
        <ele>45.1</ele>
        <time>2026-08-06T13:47:33.000Z</time>
      </trkpt>
      <trkpt lat="40.07253961669107" lon="116.33885705732993">
        <ele>45.1</ele>
        <time>2026-08-06T13:47:34.000Z</time>
      </trkpt>
      <trkpt lat="40.07255731257269" lon="116.33885962993537">
        <ele>45.1</ele>
        <time>2026-08-06T13:47:35.000Z</time>
      </trkpt>
      <trkpt lat="40.072575214239116" lon="116.33886174117882">
        <ele>45.1</ele>
        <time>2026-08-06T13:47:36.000Z</time>
      </trkpt>
      <trkpt lat="40.07259384858849" lon="116.33886355820324">
        <ele>45.1</ele>
        <time>2026-08-06T13:47:37.000Z</time>
      </trkpt>
      <trkpt lat="40.07261378582509" lon="116.33886507839368">
        <ele>45.1</ele>
        <time>2026-08-06T13:47:38.000Z</time>
      </trkpt>
      <trkpt lat="40.07263508586696" lon="116.33886631693855">
        <ele>45.1</ele>
        <time>2026-08-06T13:47:39.000Z</time>
      </trkpt>
      <trkpt lat="40.07265756620336" lon="116.3388673592026">
        <ele>45.1</ele>
        <time>2026-08-06T13:47:40.000Z</time>
      </trkpt>
      <trkpt lat="40.07268082143041" lon="116.3388682981847">
        <ele>45.1</ele>
        <time>2026-08-06T13:47:41.000Z</time>
      </trkpt>
      <trkpt lat="40.07270437561054" lon="116.33886909708424">
        <ele>45.1</ele>
        <time>2026-08-06T13:47:42.000Z</time>
      </trkpt>
      <trkpt lat="40.07272776018131" lon="116.33886970605181">
        <ele>45.1</ele>
        <time>2026-08-06T13:47:43.000Z</time>
      </trkpt>
      <trkpt lat="40.07275066853444" lon="116.33887015620226">
        <ele>45.1</ele>
        <time>2026-08-06T13:47:44.000Z</time>
      </trkpt>
      <trkpt lat="40.07277302835335" lon="116.33887039786195">
        <ele>45.1</ele>
        <time>2026-08-06T13:47:45.000Z</time>
      </trkpt>
      <trkpt lat="40.07279456869066" lon="116.33887031524131">
        <ele>45.1</ele>
        <time>2026-08-06T13:47:46.000Z</time>
      </trkpt>
      <trkpt lat="40.0728156622938" lon="116.33886991813003">
        <ele>45.1</ele>
        <time>2026-08-06T13:47:47.000Z</time>
      </trkpt>
      <trkpt lat="40.07283699529197" lon="116.33886938710164">
        <ele>45.1</ele>
        <time>2026-08-06T13:47:48.000Z</time>
      </trkpt>
      <trkpt lat="40.07285910732121" lon="116.33886883912818">
        <ele>45.1</ele>
        <time>2026-08-06T13:47:49.000Z</time>
      </trkpt>
      <trkpt lat="40.072882622479646" lon="116.33886827081415">
        <ele>45.1</ele>
        <time>2026-08-06T13:47:50.000Z</time>
      </trkpt>
      <trkpt lat="40.07290757523492" lon="116.33886747401331">
        <ele>45.1</ele>
        <time>2026-08-06T13:47:51.000Z</time>
      </trkpt>
      <trkpt lat="40.07293387558566" lon="116.33886615470348">
        <ele>45.1</ele>
        <time>2026-08-06T13:47:52.000Z</time>
      </trkpt>
      <trkpt lat="40.072961138682324" lon="116.33886423479942">
        <ele>45.1</ele>
        <time>2026-08-06T13:47:53.000Z</time>
      </trkpt>
      <trkpt lat="40.07298837258363" lon="116.33886173748444">
        <ele>45.1</ele>
        <time>2026-08-06T13:47:54.000Z</time>
      </trkpt>
      <trkpt lat="40.07301497723524" lon="116.33885879347784">
        <ele>45.1</ele>
        <time>2026-08-06T13:47:55.000Z</time>
      </trkpt>
      <trkpt lat="40.07304074878671" lon="116.33885567973839">
        <ele>45.0</ele>
        <time>2026-08-06T13:47:56.000Z</time>
      </trkpt>
      <trkpt lat="40.07306543286516" lon="116.33885271831782">
        <ele>45.0</ele>
        <time>2026-08-06T13:47:57.000Z</time>
      </trkpt>
      <trkpt lat="40.073088985948246" lon="116.33885024342092">
        <ele>45.0</ele>
        <time>2026-08-06T13:47:58.000Z</time>
      </trkpt>
      <trkpt lat="40.07311193826625" lon="116.33884846580938">
        <ele>45.0</ele>
        <time>2026-08-06T13:47:59.000Z</time>
      </trkpt>
      <trkpt lat="40.07313479917682" lon="116.33884741112482">
        <ele>45.1</ele>
        <time>2026-08-06T13:48:00.000Z</time>
      </trkpt>
      <trkpt lat="40.07315759596439" lon="116.33884703061399">
        <ele>45.1</ele>
        <time>2026-08-06T13:48:01.000Z</time>
      </trkpt>
      <trkpt lat="40.07318034913429" lon="116.33884724749348">
        <ele>45.1</ele>
        <time>2026-08-06T13:48:02.000Z</time>
      </trkpt>
      <trkpt lat="40.07320307774591" lon="116.33884797701919">
        <ele>45.1</ele>
        <time>2026-08-06T13:48:03.000Z</time>
      </trkpt>
      <trkpt lat="40.07322577242832" lon="116.33884913631954">
        <ele>45.1</ele>
        <time>2026-08-06T13:48:04.000Z</time>
      </trkpt>
      <trkpt lat="40.073248354162736" lon="116.33885063422828">
        <ele>45.1</ele>
        <time>2026-08-06T13:48:05.000Z</time>
      </trkpt>
      <trkpt lat="40.07327080022405" lon="116.33885235551632">
        <ele>45.1</ele>
        <time>2026-08-06T13:48:06.000Z</time>
      </trkpt>
      <trkpt lat="40.07329306761901" lon="116.33885420642015">
        <ele>45.2</ele>
        <time>2026-08-06T13:48:07.000Z</time>
      </trkpt>
      <trkpt lat="40.07331493062969" lon="116.33885613407953">
        <ele>45.2</ele>
        <time>2026-08-06T13:48:08.000Z</time>
      </trkpt>
      <trkpt lat="40.073336251059004" lon="116.33885808879909">
        <ele>45.2</ele>
        <time>2026-08-06T13:48:09.000Z</time>
      </trkpt>
      <trkpt lat="40.07335701357455" lon="116.33886008626081">
        <ele>45.2</ele>
        <time>2026-08-06T13:48:10.000Z</time>
      </trkpt>
      <trkpt lat="40.07337716343947" lon="116.33886210958575">
        <ele>45.2</ele>
        <time>2026-08-06T13:48:11.000Z</time>
      </trkpt>
      <trkpt lat="40.07339672868057" lon="116.33886410630147">
        <ele>45.2</ele>
        <time>2026-08-06T13:48:12.000Z</time>
      </trkpt>
      <trkpt lat="40.073415958036755" lon="116.33886613630584">
        <ele>45.2</ele>
        <time>2026-08-06T13:48:13.000Z</time>
      </trkpt>
      <trkpt lat="40.07343519202181" lon="116.33886833420856">
        <ele>45.3</ele>
        <time>2026-08-06T13:48:14.000Z</time>
      </trkpt>
      <trkpt lat="40.073454854314456" lon="116.33887075588625">
        <ele>45.3</ele>
        <time>2026-08-06T13:48:15.000Z</time>
      </trkpt>
      <trkpt lat="40.07347519890476" lon="116.33887341283204">
        <ele>45.3</ele>
        <time>2026-08-06T13:48:16.000Z</time>
      </trkpt>
      <trkpt lat="40.07349609534952" lon="116.33887634459997">
        <ele>45.3</ele>
        <time>2026-08-06T13:48:17.000Z</time>
      </trkpt>
      <trkpt lat="40.07351736161106" lon="116.33887956116214">
        <ele>45.3</ele>
        <time>2026-08-06T13:48:18.000Z</time>
      </trkpt>
      <trkpt lat="40.07353872842078" lon="116.33888301626632">
        <ele>45.3</ele>
        <time>2026-08-06T13:48:19.000Z</time>
      </trkpt>
      <trkpt lat="40.07355982843438" lon="116.33888658149475">
        <ele>45.3</ele>
        <time>2026-08-06T13:48:20.000Z</time>
      </trkpt>
      <trkpt lat="40.073580480791954" lon="116.33889022847693">
        <ele>45.3</ele>
        <time>2026-08-06T13:48:21.000Z</time>
      </trkpt>
      <trkpt lat="40.0736008951458" lon="116.33889412801268">
        <ele>45.3</ele>
        <time>2026-08-06T13:48:22.000Z</time>
      </trkpt>
      <trkpt lat="40.07362123215994" lon="116.33889845985873">
        <ele>45.3</ele>
        <time>2026-08-06T13:48:23.000Z</time>
      </trkpt>
      <trkpt lat="40.07364145575402" lon="116.33890330498225">
        <ele>45.3</ele>
        <time>2026-08-06T13:48:24.000Z</time>
      </trkpt>
      <trkpt lat="40.07366183744088" lon="116.33890866226466">
        <ele>45.3</ele>
        <time>2026-08-06T13:48:25.000Z</time>
      </trkpt>
      <trkpt lat="40.073682784009065" lon="116.33891444071101">
        <ele>45.3</ele>
        <time>2026-08-06T13:48:26.000Z</time>
      </trkpt>
      <trkpt lat="40.07370434473679" lon="116.33892032532843">
        <ele>45.3</ele>
        <time>2026-08-06T13:48:27.000Z</time>
      </trkpt>
      <trkpt lat="40.07372614366317" lon="116.3389258897111">
        <ele>45.3</ele>
        <time>2026-08-06T13:48:28.000Z</time>
      </trkpt>
      <trkpt lat="40.07374771192337" lon="116.33893080432989">
        <ele>45.3</ele>
        <time>2026-08-06T13:48:29.000Z</time>
      </trkpt>
      <trkpt lat="40.07376873175909" lon="116.33893492992709">
        <ele>45.3</ele>
        <time>2026-08-06T13:48:30.000Z</time>
      </trkpt>
      <trkpt lat="40.07378919960202" lon="116.33893834608314">
        <ele>45.3</ele>
        <time>2026-08-06T13:48:31.000Z</time>
      </trkpt>
      <trkpt lat="40.07380929965909" lon="116.33894131252725">
        <ele>45.3</ele>
        <time>2026-08-06T13:48:32.000Z</time>
      </trkpt>
      <trkpt lat="40.073829227889306" lon="116.3389440709966">
        <ele>45.3</ele>
        <time>2026-08-06T13:48:33.000Z</time>
      </trkpt>
      <trkpt lat="40.073849224680615" lon="116.33894671181505">
        <ele>45.3</ele>
        <time>2026-08-06T13:48:34.000Z</time>
      </trkpt>
      <trkpt lat="40.07386961696217" lon="116.33894932164281">
        <ele>45.3</ele>
        <time>2026-08-06T13:48:35.000Z</time>
      </trkpt>
      <trkpt lat="40.073890816968294" lon="116.33895201877428">
        <ele>45.2</ele>
        <time>2026-08-06T13:48:36.000Z</time>
      </trkpt>
      <trkpt lat="40.07391305903281" lon="116.33895472600295">
        <ele>45.2</ele>
        <time>2026-08-06T13:48:37.000Z</time>
      </trkpt>
      <trkpt lat="40.073936172866624" lon="116.33895717731095">
        <ele>45.2</ele>
        <time>2026-08-06T13:48:38.000Z</time>
      </trkpt>
      <trkpt lat="40.07395959986546" lon="116.33895906378528">
        <ele>45.2</ele>
        <time>2026-08-06T13:48:39.000Z</time>
      </trkpt>
      <trkpt lat="40.07398286975833" lon="116.33896003863012">
        <ele>45.3</ele>
        <time>2026-08-06T13:48:40.000Z</time>
      </trkpt>
      <trkpt lat="40.074006137911056" lon="116.33895976960795">
        <ele>45.3</ele>
        <time>2026-08-06T13:48:41.000Z</time>
      </trkpt>
      <trkpt lat="40.07402997937372" lon="116.33895794909422">
        <ele>45.3</ele>
        <time>2026-08-06T13:48:42.000Z</time>
      </trkpt>
      <trkpt lat="40.07405460541573" lon="116.3389543933275">
        <ele>45.3</ele>
        <time>2026-08-06T13:48:43.000Z</time>
      </trkpt>
      <trkpt lat="40.07407963446209" lon="116.3389488774458">
        <ele>45.3</ele>
        <time>2026-08-06T13:48:44.000Z</time>
      </trkpt>
      <trkpt lat="40.07410468757282" lon="116.33894146627959">
        <ele>45.4</ele>
        <time>2026-08-06T13:48:45.000Z</time>
      </trkpt>
      <trkpt lat="40.07412971522886" lon="116.3389329558796">
        <ele>45.4</ele>
        <time>2026-08-06T13:48:46.000Z</time>
      </trkpt>
      <trkpt lat="40.07415491698917" lon="116.33892425253717">
        <ele>45.4</ele>
        <time>2026-08-06T13:48:47.000Z</time>
      </trkpt>
      <trkpt lat="40.07418047495097" lon="116.33891591508896">
        <ele>45.5</ele>
        <time>2026-08-06T13:48:48.000Z</time>
      </trkpt>
      <trkpt lat="40.074206326766976" lon="116.3389082554612">
        <ele>45.5</ele>
        <time>2026-08-06T13:48:49.000Z</time>
      </trkpt>
      <trkpt lat="40.07423219232552" lon="116.33890153319277">
        <ele>45.5</ele>
        <time>2026-08-06T13:48:50.000Z</time>
      </trkpt>
      <trkpt lat="40.07425778009392" lon="116.33889585643593">
        <ele>45.6</ele>
        <time>2026-08-06T13:48:51.000Z</time>
      </trkpt>
      <trkpt lat="40.07428299038341" lon="116.3388911365384">
        <ele>45.6</ele>
        <time>2026-08-06T13:48:52.000Z</time>
      </trkpt>
      <trkpt lat="40.07430735755573" lon="116.33888710076248">
        <ele>45.6</ele>
        <time>2026-08-06T13:48:53.000Z</time>
      </trkpt>
      <trkpt lat="40.07432997294804" lon="116.33888364249582">
        <ele>45.6</ele>
        <time>2026-08-06T13:48:54.000Z</time>
      </trkpt>
      <trkpt lat="40.07435020441569" lon="116.33888100429763">
        <ele>45.6</ele>
        <time>2026-08-06T13:48:55.000Z</time>
      </trkpt>
      <trkpt lat="40.07436775065873" lon="116.33887930578072">
        <ele>45.6</ele>
        <time>2026-08-06T13:48:56.000Z</time>
      </trkpt>
      <trkpt lat="40.074382937022484" lon="116.33887857137869">
        <ele>45.6</ele>
        <time>2026-08-06T13:48:57.000Z</time>
        <extensions>
  <gpxtpx:TrackPointExtension>
    <gpxtpx:hr>151</gpxtpx:hr>
  </gpxtpx:TrackPointExtension>
</extensions>
      </trkpt>
      <trkpt lat="40.07439664986992" lon="116.33887885209397">
        <ele>45.6</ele>
        <time>2026-08-06T13:48:58.000Z</time>
        <extensions>
  <gpxtpx:TrackPointExtension>
    <gpxtpx:hr>151</gpxtpx:hr>
  </gpxtpx:TrackPointExtension>
</extensions>
      </trkpt>
      <trkpt lat="40.07440964925122" lon="116.3388801183435">
        <ele>45.5</ele>
        <time>2026-08-06T13:48:59.000Z</time>
        <extensions>
  <gpxtpx:TrackPointExtension>
    <gpxtpx:hr>151</gpxtpx:hr>
  </gpxtpx:TrackPointExtension>
</extensions>
      </trkpt>
      <trkpt lat="40.074422385962286" lon="116.33888221334183">
        <ele>45.5</ele>
        <time>2026-08-06T13:49:00.000Z</time>
        <extensions>
  <gpxtpx:TrackPointExtension>
    <gpxtpx:hr>151</gpxtpx:hr>
  </gpxtpx:TrackPointExtension>
</extensions>
      </trkpt>
      <trkpt lat="40.07443518373782" lon="116.33888487409935">
        <ele>45.5</ele>
        <time>2026-08-06T13:49:01.000Z</time>
        <extensions>
  <gpxtpx:TrackPointExtension>
    <gpxtpx:hr>151</gpxtpx:hr>
  </gpxtpx:TrackPointExtension>
</extensions>
      </trkpt>
      <trkpt lat="40.07444828586679" lon="116.33888774746423">
        <ele>45.4</ele>
        <time>2026-08-06T13:49:02.000Z</time>
        <extensions>
  <gpxtpx:TrackPointExtension>
    <gpxtpx:hr>151</gpxtpx:hr>
  </gpxtpx:TrackPointExtension>
</extensions>
      </trkpt>
      <trkpt lat="40.07446172380246" lon="116.33889037956452">
        <ele>45.4</ele>
        <time>2026-08-06T13:49:03.000Z</time>
        <extensions>
  <gpxtpx:TrackPointExtension>
    <gpxtpx:hr>151</gpxtpx:hr>
  </gpxtpx:TrackPointExtension>
</extensions>
      </trkpt>
      <trkpt lat="40.07447539207397" lon="116.33889240565854">
        <ele>45.4</ele>
        <time>2026-08-06T13:49:04.000Z</time>
        <extensions>
  <gpxtpx:TrackPointExtension>
    <gpxtpx:hr>151</gpxtpx:hr>
  </gpxtpx:TrackPointExtension>
</extensions>
      </trkpt>
      <trkpt lat="40.07448931199463" lon="116.33889361572156">
        <ele>45.3</ele>
        <time>2026-08-06T13:49:05.000Z</time>
        <extensions>
  <gpxtpx:TrackPointExtension>
    <gpxtpx:hr>151</gpxtpx:hr>
  </gpxtpx:TrackPointExtension>
</extensions>
      </trkpt>
      <trkpt lat="40.074503633259646" lon="116.33889378178962">
        <ele>45.3</ele>
        <time>2026-08-06T13:49:06.000Z</time>
        <extensions>
  <gpxtpx:TrackPointExtension>
    <gpxtpx:hr>151</gpxtpx:hr>
  </gpxtpx:TrackPointExtension>
</extensions>
      </trkpt>
      <trkpt lat="40.07451852815243" lon="116.33889259470696">
        <ele>45.3</ele>
        <time>2026-08-06T13:49:07.000Z</time>
      </trkpt>
      <trkpt lat="40.07453433965114" lon="116.33889002148075">
        <ele>45.3</ele>
        <time>2026-08-06T13:49:08.000Z</time>
      </trkpt>
      <trkpt lat="40.07455133691676" lon="116.33888620606123">
        <ele>45.3</ele>
        <time>2026-08-06T13:49:09.000Z</time>
      </trkpt>
      <trkpt lat="40.07456949647049" lon="116.33888137094195">
        <ele>45.3</ele>
        <time>2026-08-06T13:49:10.000Z</time>
      </trkpt>
      <trkpt lat="40.074588884237045" lon="116.33887604467148">
        <ele>45.3</ele>
        <time>2026-08-06T13:49:11.000Z</time>
      </trkpt>
      <trkpt lat="40.074609518352915" lon="116.33887076723711">
        <ele>45.3</ele>
        <time>2026-08-06T13:49:12.000Z</time>
      </trkpt>
      <trkpt lat="40.074631079220424" lon="116.33886591400936">
        <ele>45.3</ele>
        <time>2026-08-06T13:49:13.000Z</time>
      </trkpt>
      <trkpt lat="40.07465312795651" lon="116.33886162174889">
        <ele>45.3</ele>
        <time>2026-08-06T13:49:14.000Z</time>
      </trkpt>
      <trkpt lat="40.07467510221655" lon="116.33885781847829">
        <ele>45.3</ele>
        <time>2026-08-06T13:49:15.000Z</time>
      </trkpt>
      <trkpt lat="40.07469636474074" lon="116.33885434007469">
        <ele>45.4</ele>
        <time>2026-08-06T13:49:16.000Z</time>
      </trkpt>
      <trkpt lat="40.0747165975791" lon="116.33885104865819">
        <ele>45.4</ele>
        <time>2026-08-06T13:49:17.000Z</time>
      </trkpt>
      <trkpt lat="40.074736013938335" lon="116.33884792303286">
        <ele>45.4</ele>
        <time>2026-08-06T13:49:18.000Z</time>
      </trkpt>
      <trkpt lat="40.074755166988474" lon="116.3388449035269">
        <ele>45.4</ele>
        <time>2026-08-06T13:49:19.000Z</time>
      </trkpt>
      <trkpt lat="40.07477448228887" lon="116.33884194827101">
        <ele>45.4</ele>
        <time>2026-08-06T13:49:20.000Z</time>
      </trkpt>
      <trkpt lat="40.074794233218796" lon="116.338839143353">
        <ele>45.4</ele>
        <time>2026-08-06T13:49:21.000Z</time>
      </trkpt>
      <trkpt lat="40.074814607787474" lon="116.33883655718896">
        <ele>45.4</ele>
        <time>2026-08-06T13:49:22.000Z</time>
      </trkpt>
      <trkpt lat="40.074835462504375" lon="116.33883419811038">
        <ele>45.4</ele>
        <time>2026-08-06T13:49:23.000Z</time>
      </trkpt>
      <trkpt lat="40.074856367923694" lon="116.33883194756055">
        <ele>45.4</ele>
        <time>2026-08-06T13:49:24.000Z</time>
      </trkpt>
      <trkpt lat="40.074877046999234" lon="116.33882962338674">
        <ele>45.4</ele>
        <time>2026-08-06T13:49:25.000Z</time>
      </trkpt>
      <trkpt lat="40.07489770436076" lon="116.33882709886093">
        <ele>45.4</ele>
        <time>2026-08-06T13:49:26.000Z</time>
      </trkpt>
      <trkpt lat="40.074918618576504" lon="116.33882428463359">
        <ele>45.4</ele>
        <time>2026-08-06T13:49:27.000Z</time>
      </trkpt>
      <trkpt lat="40.074939891979774" lon="116.33882117149147">
        <ele>45.4</ele>
        <time>2026-08-06T13:49:28.000Z</time>
      </trkpt>
      <trkpt lat="40.07496155413919" lon="116.33881786884926">
        <ele>45.4</ele>
        <time>2026-08-06T13:49:29.000Z</time>
      </trkpt>
      <trkpt lat="40.07498359230749" lon="116.33881457222643">
        <ele>45.4</ele>
        <time>2026-08-06T13:49:30.000Z</time>
      </trkpt>
      <trkpt lat="40.075006100814406" lon="116.33881131777667">
        <ele>45.4</ele>
        <time>2026-08-06T13:49:31.000Z</time>
      </trkpt>
      <trkpt lat="40.07502920276119" lon="116.3388079450825">
        <ele>45.4</ele>
        <time>2026-08-06T13:49:32.000Z</time>
      </trkpt>
      <trkpt lat="40.07505281830643" lon="116.33880425338766">
        <ele>45.4</ele>
        <time>2026-08-06T13:49:33.000Z</time>
      </trkpt>
      <trkpt lat="40.075076697837304" lon="116.33880001300628">
        <ele>45.3</ele>
        <time>2026-08-06T13:49:34.000Z</time>
      </trkpt>
      <trkpt lat="40.0751004580983" lon="116.33879512919223">
        <ele>45.3</ele>
        <time>2026-08-06T13:49:35.000Z</time>
      </trkpt>
      <trkpt lat="40.07512363886195" lon="116.3387898329291">
        <ele>45.3</ele>
        <time>2026-08-06T13:49:36.000Z</time>
      </trkpt>
      <trkpt lat="40.07514601455966" lon="116.3387844551706">
        <ele>45.3</ele>
        <time>2026-08-06T13:49:37.000Z</time>
      </trkpt>
      <trkpt lat="40.07516773921442" lon="116.33877916188871">
        <ele>45.3</ele>
        <time>2026-08-06T13:49:38.000Z</time>
      </trkpt>
      <trkpt lat="40.07518890967662" lon="116.33877405744174">
        <ele>45.3</ele>
        <time>2026-08-06T13:49:39.000Z</time>
      </trkpt>
      <trkpt lat="40.07520972311488" lon="116.33876921315175">
        <ele>45.3</ele>
        <time>2026-08-06T13:49:40.000Z</time>
      </trkpt>
      <trkpt lat="40.07523044004839" lon="116.33876469362202">
        <ele>45.3</ele>
        <time>2026-08-06T13:49:41.000Z</time>
      </trkpt>
      <trkpt lat="40.0752511770533" lon="116.33876056550241">
        <ele>45.3</ele>
        <time>2026-08-06T13:49:42.000Z</time>
      </trkpt>
      <trkpt lat="40.07527218546523" lon="116.33875688510099">
        <ele>45.3</ele>
        <time>2026-08-06T13:49:43.000Z</time>
      </trkpt>
      <trkpt lat="40.07529362137696" lon="116.33875378108361">
        <ele>45.3</ele>
        <time>2026-08-06T13:49:44.000Z</time>
      </trkpt>
      <trkpt lat="40.07531536121441" lon="116.33875140900123">
        <ele>45.3</ele>
        <time>2026-08-06T13:49:45.000Z</time>
      </trkpt>
      <trkpt lat="40.075336907879624" lon="116.33874992018175">
        <ele>45.3</ele>
        <time>2026-08-06T13:49:46.000Z</time>
      </trkpt>
      <trkpt lat="40.075357677678" lon="116.33874932149813">
        <ele>45.3</ele>
        <time>2026-08-06T13:49:47.000Z</time>
      </trkpt>
      <trkpt lat="40.07537764222904" lon="116.33874929287632">
        <ele>45.3</ele>
        <time>2026-08-06T13:49:48.000Z</time>
      </trkpt>
      <trkpt lat="40.0753972475434" lon="116.33874939943992">
        <ele>45.3</ele>
        <time>2026-08-06T13:49:49.000Z</time>
      </trkpt>
      <trkpt lat="40.07541667021035" lon="116.33874947367876">
        <ele>45.3</ele>
        <time>2026-08-06T13:49:50.000Z</time>
      </trkpt>
      <trkpt lat="40.07543574037879" lon="116.33874948809569">
        <ele>45.3</ele>
        <time>2026-08-06T13:49:51.000Z</time>
      </trkpt>
      <trkpt lat="40.07545429050724" lon="116.3387492420055">
        <ele>45.3</ele>
        <time>2026-08-06T13:49:52.000Z</time>
      </trkpt>
      <trkpt lat="40.075472218329615" lon="116.33874842961241">
        <ele>45.3</ele>
        <time>2026-08-06T13:49:53.000Z</time>
      </trkpt>
      <trkpt lat="40.075489422884594" lon="116.33874701030685">
        <ele>45.3</ele>
        <time>2026-08-06T13:49:54.000Z</time>
      </trkpt>
      <trkpt lat="40.07550587346584" lon="116.338745149092">
        <ele>45.2</ele>
        <time>2026-08-06T13:49:55.000Z</time>
      </trkpt>
      <trkpt lat="40.07552190262936" lon="116.33874296974977">
        <ele>45.2</ele>
        <time>2026-08-06T13:49:56.000Z</time>
      </trkpt>
      <trkpt lat="40.07553801079307" lon="116.33874060775896">
        <ele>45.2</ele>
        <time>2026-08-06T13:49:57.000Z</time>
      </trkpt>
      <trkpt lat="40.07555460516554" lon="116.33873811713855">
        <ele>45.2</ele>
        <time>2026-08-06T13:49:58.000Z</time>
      </trkpt>
      <trkpt lat="40.075572082349886" lon="116.33873531359964">
        <ele>45.2</ele>
        <time>2026-08-06T13:49:59.000Z</time>
      </trkpt>
      <trkpt lat="40.07559088170715" lon="116.33873196833107">
        <ele>45.2</ele>
        <time>2026-08-06T13:50:00.000Z</time>
      </trkpt>
      <trkpt lat="40.07561129986361" lon="116.33872802203611">
        <ele>45.2</ele>
        <time>2026-08-06T13:50:01.000Z</time>
      </trkpt>
      <trkpt lat="40.07563319716968" lon="116.33872354134257">
        <ele>45.2</ele>
        <time>2026-08-06T13:50:02.000Z</time>
      </trkpt>
      <trkpt lat="40.075656361972676" lon="116.33871864642762">
        <ele>45.2</ele>
        <time>2026-08-06T13:50:03.000Z</time>
      </trkpt>
      <trkpt lat="40.075680586965824" lon="116.33871345735119">
        <ele>45.2</ele>
        <time>2026-08-06T13:50:04.000Z</time>
      </trkpt>
      <trkpt lat="40.07570546412554" lon="116.33870813679664">
        <ele>45.2</ele>
        <time>2026-08-06T13:50:05.000Z</time>
      </trkpt>
      <trkpt lat="40.0757305764687" lon="116.33870286741403">
        <ele>45.2</ele>
        <time>2026-08-06T13:50:06.000Z</time>
      </trkpt>
      <trkpt lat="40.075755751470005" lon="116.33869783169993">
        <ele>45.2</ele>
        <time>2026-08-06T13:50:07.000Z</time>
      </trkpt>
      <trkpt lat="40.075780964424375" lon="116.33869319713466">
        <ele>45.2</ele>
        <time>2026-08-06T13:50:08.000Z</time>
      </trkpt>
      <trkpt lat="40.07580622663221" lon="116.33868906857596">
        <ele>45.2</ele>
        <time>2026-08-06T13:50:09.000Z</time>
      </trkpt>
      <trkpt lat="40.07583153022106" lon="116.3386854866209">
        <ele>45.2</ele>
        <time>2026-08-06T13:50:10.000Z</time>
      </trkpt>
      <trkpt lat="40.07585681241594" lon="116.33868243216097">
        <ele>45.2</ele>
        <time>2026-08-06T13:50:11.000Z</time>
      </trkpt>
      <trkpt lat="40.07588196676149" lon="116.33867983092033">
        <ele>45.2</ele>
        <time>2026-08-06T13:50:12.000Z</time>
      </trkpt>
      <trkpt lat="40.07590701240818" lon="116.33867761308436">
        <ele>45.1</ele>
        <time>2026-08-06T13:50:13.000Z</time>
      </trkpt>
      <trkpt lat="40.07593209980419" lon="116.33867574014494">
        <ele>45.1</ele>
        <time>2026-08-06T13:50:14.000Z</time>
      </trkpt>
      <trkpt lat="40.07595729905856" lon="116.33867418580081">
        <ele>45.1</ele>
        <time>2026-08-06T13:50:15.000Z</time>
      </trkpt>
      <trkpt lat="40.07598263076798" lon="116.33867287235648">
        <ele>45.1</ele>
        <time>2026-08-06T13:50:16.000Z</time>
      </trkpt>
      <trkpt lat="40.0760081907517" lon="116.33867162434446">
        <ele>45.1</ele>
        <time>2026-08-06T13:50:17.000Z</time>
      </trkpt>
      <trkpt lat="40.07603394568351" lon="116.33867024418701">
        <ele>45.1</ele>
        <time>2026-08-06T13:50:18.000Z</time>
      </trkpt>
      <trkpt lat="40.07605954382085" lon="116.33866871216624">
        <ele>45.1</ele>
        <time>2026-08-06T13:50:19.000Z</time>
      </trkpt>
      <trkpt lat="40.07608472407769" lon="116.33866718733834">
        <ele>45.1</ele>
        <time>2026-08-06T13:50:20.000Z</time>
      </trkpt>
      <trkpt lat="40.07610941838363" lon="116.33866575134928">
        <ele>45.1</ele>
        <time>2026-08-06T13:50:21.000Z</time>
      </trkpt>
      <trkpt lat="40.07613345020565" lon="116.33866444611017">
        <ele>45.1</ele>
        <time>2026-08-06T13:50:22.000Z</time>
      </trkpt>
      <trkpt lat="40.076156860381204" lon="116.33866332031958">
        <ele>45.1</ele>
        <time>2026-08-06T13:50:23.000Z</time>
      </trkpt>
      <trkpt lat="40.076179931553646" lon="116.33866242317019">
        <ele>45.1</ele>
        <time>2026-08-06T13:50:24.000Z</time>
      </trkpt>
      <trkpt lat="40.07620298473015" lon="116.3386617485967">
        <ele>45.1</ele>
        <time>2026-08-06T13:50:25.000Z</time>
      </trkpt>
      <trkpt lat="40.076226192201695" lon="116.33866118124932">
        <ele>45.0</ele>
        <time>2026-08-06T13:50:26.000Z</time>
      </trkpt>
      <trkpt lat="40.076249534168134" lon="116.33866065527931">
        <ele>45.0</ele>
        <time>2026-08-06T13:50:27.000Z</time>
      </trkpt>
      <trkpt lat="40.07627295721004" lon="116.3386601322062">
        <ele>45.0</ele>
        <time>2026-08-06T13:50:28.000Z</time>
      </trkpt>
      <trkpt lat="40.07629636496152" lon="116.33865957541481">
        <ele>45.0</ele>
        <time>2026-08-06T13:50:29.000Z</time>
      </trkpt>
      <trkpt lat="40.07631962172439" lon="116.33865896202556">
        <ele>45.0</ele>
        <time>2026-08-06T13:50:30.000Z</time>
      </trkpt>
      <trkpt lat="40.076342379228876" lon="116.33865829169827">
        <ele>45.0</ele>
        <time>2026-08-06T13:50:31.000Z</time>
      </trkpt>
      <trkpt lat="40.076364331068945" lon="116.33865750937794">
        <ele>45.0</ele>
        <time>2026-08-06T13:50:32.000Z</time>
      </trkpt>
      <trkpt lat="40.076385486756756" lon="116.3386566233837">
        <ele>45.0</ele>
        <time>2026-08-06T13:50:33.000Z</time>
      </trkpt>
      <trkpt lat="40.07640602000125" lon="116.3386557496655">
        <ele>45.0</ele>
        <time>2026-08-06T13:50:34.000Z</time>
      </trkpt>
      <trkpt lat="40.0764261203734" lon="116.33865492981232">
        <ele>45.0</ele>
        <time>2026-08-06T13:50:35.000Z</time>
      </trkpt>
      <trkpt lat="40.07644589469807" lon="116.33865416284556">
        <ele>45.0</ele>
        <time>2026-08-06T13:50:36.000Z</time>
      </trkpt>
      <trkpt lat="40.07646534620184" lon="116.33865335506673">
        <ele>45.0</ele>
        <time>2026-08-06T13:50:37.000Z</time>
      </trkpt>
      <trkpt lat="40.076484404671746" lon="116.33865240450424">
        <ele>44.9</ele>
        <time>2026-08-06T13:50:38.000Z</time>
      </trkpt>
      <trkpt lat="40.076503031444304" lon="116.33865136639022">
        <ele>44.9</ele>
        <time>2026-08-06T13:50:39.000Z</time>
      </trkpt>
      <trkpt lat="40.07652122299203" lon="116.33865031327652">
        <ele>44.9</ele>
        <time>2026-08-06T13:50:40.000Z</time>
      </trkpt>
      <trkpt lat="40.076539033331635" lon="116.33864922410284">
        <ele>44.9</ele>
        <time>2026-08-06T13:50:41.000Z</time>
      </trkpt>
      <trkpt lat="40.07655661028986" lon="116.33864802224117">
        <ele>44.9</ele>
        <time>2026-08-06T13:50:42.000Z</time>
      </trkpt>
      <trkpt lat="40.07657405331986" lon="116.33864658182284">
        <ele>44.9</ele>
        <time>2026-08-06T13:50:43.000Z</time>
      </trkpt>
      <trkpt lat="40.07659140434439" lon="116.33864475588462">
        <ele>44.9</ele>
        <time>2026-08-06T13:50:44.000Z</time>
      </trkpt>
      <trkpt lat="40.07660875469253" lon="116.33864249448516">
        <ele>44.9</ele>
        <time>2026-08-06T13:50:45.000Z</time>
      </trkpt>
      <trkpt lat="40.07662622708623" lon="116.33863984796382">
        <ele>44.9</ele>
        <time>2026-08-06T13:50:46.000Z</time>
      </trkpt>
      <trkpt lat="40.07664390493064" lon="116.33863692012105">
        <ele>44.9</ele>
        <time>2026-08-06T13:50:47.000Z</time>
      </trkpt>
      <trkpt lat="40.0766618120644" lon="116.33863382512362">
        <ele>44.9</ele>
        <time>2026-08-06T13:50:48.000Z</time>
      </trkpt>
      <trkpt lat="40.076679921937576" lon="116.33863064182636">
        <ele>44.9</ele>
        <time>2026-08-06T13:50:49.000Z</time>
      </trkpt>
      <trkpt lat="40.076698304661996" lon="116.33862742340997">
        <ele>44.9</ele>
        <time>2026-08-06T13:50:50.000Z</time>
      </trkpt>
      <trkpt lat="40.07671698673093" lon="116.33862412296475">
        <ele>44.9</ele>
        <time>2026-08-06T13:50:51.000Z</time>
      </trkpt>
      <trkpt lat="40.07673593907298" lon="116.33862058717806">
        <ele>44.9</ele>
        <time>2026-08-06T13:50:52.000Z</time>
      </trkpt>
      <trkpt lat="40.07675511390961" lon="116.33861658088514">
        <ele>44.9</ele>
        <time>2026-08-06T13:50:53.000Z</time>
      </trkpt>
      <trkpt lat="40.07677440209489" lon="116.33861197888187">
        <ele>44.9</ele>
        <time>2026-08-06T13:50:54.000Z</time>
      </trkpt>
      <trkpt lat="40.076793798690716" lon="116.33860687432922">
        <ele>44.9</ele>
        <time>2026-08-06T13:50:55.000Z</time>
      </trkpt>
      <trkpt lat="40.076813340795034" lon="116.33860144534931">
        <ele>44.9</ele>
        <time>2026-08-06T13:50:56.000Z</time>
      </trkpt>
      <trkpt lat="40.07683296092932" lon="116.33859587480833">
        <ele>44.9</ele>
        <time>2026-08-06T13:50:57.000Z</time>
      </trkpt>
      <trkpt lat="40.07685258104732" lon="116.33859031858358">
        <ele>44.8</ele>
        <time>2026-08-06T13:50:58.000Z</time>
      </trkpt>
      <trkpt lat="40.0768723961412" lon="116.33858494135433">
        <ele>44.8</ele>
        <time>2026-08-06T13:50:59.000Z</time>
      </trkpt>
      <trkpt lat="40.07689253041043" lon="116.33857987545605">
        <ele>44.8</ele>
        <time>2026-08-06T13:51:00.000Z</time>
      </trkpt>
      <trkpt lat="40.07691278698721" lon="116.3385752901597">
        <ele>44.8</ele>
        <time>2026-08-06T13:51:01.000Z</time>
      </trkpt>
      <trkpt lat="40.07693278647469" lon="116.33857136970222">
        <ele>44.8</ele>
        <time>2026-08-06T13:51:02.000Z</time>
      </trkpt>
      <trkpt lat="40.07695223593898" lon="116.33856815914936">
        <ele>44.8</ele>
        <time>2026-08-06T13:51:03.000Z</time>
      </trkpt>
      <trkpt lat="40.07697113829281" lon="116.33856572287912">
        <ele>44.8</ele>
        <time>2026-08-06T13:51:04.000Z</time>
      </trkpt>
      <trkpt lat="40.076989507414844" lon="116.33856411053446">
        <ele>44.8</ele>
        <time>2026-08-06T13:51:05.000Z</time>
      </trkpt>
      <trkpt lat="40.07700707396357" lon="116.33856330324322">
        <ele>44.8</ele>
        <time>2026-08-06T13:51:06.000Z</time>
      </trkpt>
      <trkpt lat="40.077023816216865" lon="116.33856324793972">
        <ele>44.8</ele>
        <time>2026-08-06T13:51:07.000Z</time>
      </trkpt>
      <trkpt lat="40.077040112329314" lon="116.33856379818477">
        <ele>44.8</ele>
        <time>2026-08-06T13:51:08.000Z</time>
      </trkpt>
      <trkpt lat="40.07705666257436" lon="116.33856478219992">
        <ele>44.8</ele>
        <time>2026-08-06T13:51:09.000Z</time>
      </trkpt>
      <trkpt lat="40.0770743057522" lon="116.33856599376978">
        <ele>44.8</ele>
        <time>2026-08-06T13:51:10.000Z</time>
      </trkpt>
      <trkpt lat="40.07709372994994" lon="116.33856715575914">
        <ele>44.8</ele>
        <time>2026-08-06T13:51:11.000Z</time>
      </trkpt>
      <trkpt lat="40.07711521018032" lon="116.33856797620615">
        <ele>44.8</ele>
        <time>2026-08-06T13:51:12.000Z</time>
      </trkpt>
      <trkpt lat="40.07713857643148" lon="116.33856826591084">
        <ele>44.8</ele>
        <time>2026-08-06T13:51:13.000Z</time>
      </trkpt>
      <trkpt lat="40.07716334535909" lon="116.33856791423149">
        <ele>44.8</ele>
        <time>2026-08-06T13:51:14.000Z</time>
      </trkpt>
      <trkpt lat="40.07718895306122" lon="116.33856682053316">
        <ele>44.8</ele>
        <time>2026-08-06T13:51:15.000Z</time>
      </trkpt>
      <trkpt lat="40.077215102129806" lon="116.33856492020129">
        <ele>44.8</ele>
        <time>2026-08-06T13:51:16.000Z</time>
      </trkpt>
      <trkpt lat="40.0772414302779" lon="116.33856227531271">
        <ele>44.7</ele>
        <time>2026-08-06T13:51:17.000Z</time>
      </trkpt>
      <trkpt lat="40.077267416024604" lon="116.33855906167929">
        <ele>44.7</ele>
        <time>2026-08-06T13:51:18.000Z</time>
      </trkpt>
      <trkpt lat="40.07729268658322" lon="116.33855543808177">
        <ele>44.7</ele>
        <time>2026-08-06T13:51:19.000Z</time>
      </trkpt>
      <trkpt lat="40.0773170515742" lon="116.33855149037572">
        <ele>44.7</ele>
        <time>2026-08-06T13:51:20.000Z</time>
      </trkpt>
      <trkpt lat="40.07734047287856" lon="116.33854728661854">
        <ele>44.7</ele>
        <time>2026-08-06T13:51:21.000Z</time>
      </trkpt>
      <trkpt lat="40.077363343485125" lon="116.33854294815984">
        <ele>44.7</ele>
        <time>2026-08-06T13:51:22.000Z</time>
      </trkpt>
      <trkpt lat="40.07738619304109" lon="116.3385385920504">
        <ele>44.7</ele>
        <time>2026-08-06T13:51:23.000Z</time>
      </trkpt>
      <trkpt lat="40.07740936803625" lon="116.33853431479118">
        <ele>44.7</ele>
        <time>2026-08-06T13:51:24.000Z</time>
      </trkpt>
      <trkpt lat="40.07743265227171" lon="116.33853020408093">
        <ele>44.7</ele>
        <time>2026-08-06T13:51:25.000Z</time>
      </trkpt>
      <trkpt lat="40.07745536795081" lon="116.33852627902486">
        <ele>44.7</ele>
        <time>2026-08-06T13:51:26.000Z</time>
      </trkpt>
      <trkpt lat="40.07747710886282" lon="116.33852256771563">
        <ele>44.7</ele>
        <time>2026-08-06T13:51:27.000Z</time>
      </trkpt>
      <trkpt lat="40.077497842826936" lon="116.33851918643583">
        <ele>44.8</ele>
        <time>2026-08-06T13:51:28.000Z</time>
      </trkpt>
      <trkpt lat="40.07751763816098" lon="116.33851625127043">
        <ele>44.8</ele>
        <time>2026-08-06T13:51:29.000Z</time>
      </trkpt>
      <trkpt lat="40.07753659173683" lon="116.33851377139992">
        <ele>44.8</ele>
        <time>2026-08-06T13:51:30.000Z</time>
      </trkpt>
      <trkpt lat="40.07755497802803" lon="116.3385117014269">
        <ele>44.8</ele>
        <time>2026-08-06T13:51:31.000Z</time>
      </trkpt>
      <trkpt lat="40.07757310494089" lon="116.33851001131507">
        <ele>44.8</ele>
        <time>2026-08-06T13:51:32.000Z</time>
      </trkpt>
      <trkpt lat="40.077591392156634" lon="116.33850852182024">
        <ele>44.8</ele>
        <time>2026-08-06T13:51:33.000Z</time>
      </trkpt>
      <trkpt lat="40.07761024528206" lon="116.33850704434039">
        <ele>44.8</ele>
        <time>2026-08-06T13:51:34.000Z</time>
      </trkpt>
      <trkpt lat="40.077629825817134" lon="116.33850559219036">
        <ele>44.8</ele>
        <time>2026-08-06T13:51:35.000Z</time>
      </trkpt>
      <trkpt lat="40.077650195012176" lon="116.33850419221395">
        <ele>44.9</ele>
        <time>2026-08-06T13:51:36.000Z</time>
      </trkpt>
      <trkpt lat="40.07767107611369" lon="116.338502872727">
        <ele>44.9</ele>
        <time>2026-08-06T13:51:37.000Z</time>
      </trkpt>
      <trkpt lat="40.077691922359705" lon="116.33850160830004">
        <ele>44.9</ele>
        <time>2026-08-06T13:51:38.000Z</time>
      </trkpt>
      <trkpt lat="40.07771238660607" lon="116.33850033234688">
        <ele>44.9</ele>
        <time>2026-08-06T13:51:39.000Z</time>
      </trkpt>
      <trkpt lat="40.07773246194446" lon="116.33849904790905">
        <ele>44.9</ele>
        <time>2026-08-06T13:51:40.000Z</time>
      </trkpt>
      <trkpt lat="40.077752324398666" lon="116.33849777380769">
        <ele>44.9</ele>
        <time>2026-08-06T13:51:41.000Z</time>
      </trkpt>
      <trkpt lat="40.07777209173713" lon="116.33849644962557">
        <ele>44.9</ele>
        <time>2026-08-06T13:51:42.000Z</time>
      </trkpt>
      <trkpt lat="40.07779176284085" lon="116.33849493929193">
        <ele>44.9</ele>
        <time>2026-08-06T13:51:43.000Z</time>
      </trkpt>
      <trkpt lat="40.07781127700359" lon="116.33849317914671">
        <ele>44.9</ele>
        <time>2026-08-06T13:51:44.000Z</time>
      </trkpt>
      <trkpt lat="40.07783053532011" lon="116.33849122272125">
        <ele>44.9</ele>
        <time>2026-08-06T13:51:45.000Z</time>
      </trkpt>
      <trkpt lat="40.0778494516547" lon="116.33848918331931">
        <ele>44.9</ele>
        <time>2026-08-06T13:51:46.000Z</time>
      </trkpt>
      <trkpt lat="40.077868087123875" lon="116.3384872040684">
        <ele>44.9</ele>
        <time>2026-08-06T13:51:47.000Z</time>
      </trkpt>
      <trkpt lat="40.077886546840524" lon="116.33848546125799">
        <ele>44.9</ele>
        <time>2026-08-06T13:51:48.000Z</time>
      </trkpt>
      <trkpt lat="40.077905055811044" lon="116.33848398906245">
        <ele>44.9</ele>
        <time>2026-08-06T13:51:49.000Z</time>
      </trkpt>
      <trkpt lat="40.07792379049946" lon="116.33848257871945">
        <ele>44.9</ele>
        <time>2026-08-06T13:51:50.000Z</time>
      </trkpt>
      <trkpt lat="40.07794275055958" lon="116.33848095766467">
        <ele>44.9</ele>
        <time>2026-08-06T13:51:51.000Z</time>
      </trkpt>
      <trkpt lat="40.077962172408455" lon="116.3384790721178">
        <ele>44.9</ele>
        <time>2026-08-06T13:51:52.000Z</time>
      </trkpt>
      <trkpt lat="40.07798272520686" lon="116.33847718662699">
        <ele>44.9</ele>
        <time>2026-08-06T13:51:53.000Z</time>
      </trkpt>
      <trkpt lat="40.078004674406415" lon="116.33847554133195">
        <ele>44.9</ele>
        <time>2026-08-06T13:51:54.000Z</time>
      </trkpt>
      <trkpt lat="40.07802771989415" lon="116.3384742178935">
        <ele>44.9</ele>
        <time>2026-08-06T13:51:55.000Z</time>
      </trkpt>
      <trkpt lat="40.07805153019758" lon="116.3384732884679">
        <ele>44.9</ele>
        <time>2026-08-06T13:51:56.000Z</time>
      </trkpt>
      <trkpt lat="40.078075682247665" lon="116.33847271664007">
        <ele>44.9</ele>
        <time>2026-08-06T13:51:57.000Z</time>
      </trkpt>
      <trkpt lat="40.07809976712563" lon="116.33847239211433">
        <ele>44.9</ele>
        <time>2026-08-06T13:51:58.000Z</time>
      </trkpt>
      <trkpt lat="40.07812340342022" lon="116.33847222695736">
        <ele>44.9</ele>
        <time>2026-08-06T13:51:59.000Z</time>
      </trkpt>
      <trkpt lat="40.07814632873601" lon="116.33847216682602">
        <ele>44.9</ele>
        <time>2026-08-06T13:52:00.000Z</time>
      </trkpt>
      <trkpt lat="40.07816854644668" lon="116.33847217891663">
        <ele>44.9</ele>
        <time>2026-08-06T13:52:01.000Z</time>
      </trkpt>
      <trkpt lat="40.07819011880394" lon="116.33847211100401">
        <ele>44.9</ele>
        <time>2026-08-06T13:52:02.000Z</time>
      </trkpt>
      <trkpt lat="40.07821104909986" lon="116.33847175734768">
        <ele>44.9</ele>
        <time>2026-08-06T13:52:03.000Z</time>
      </trkpt>
      <trkpt lat="40.078231484901025" lon="116.33847097240795">
        <ele>44.9</ele>
        <time>2026-08-06T13:52:04.000Z</time>
      </trkpt>
      <trkpt lat="40.07825165825859" lon="116.33846975721025">
        <ele>44.9</ele>
        <time>2026-08-06T13:52:05.000Z</time>
      </trkpt>
      <trkpt lat="40.078271706777485" lon="116.33846825978141">
        <ele>44.9</ele>
        <time>2026-08-06T13:52:06.000Z</time>
      </trkpt>
      <trkpt lat="40.07829171613055" lon="116.33846666304143">
        <ele>44.9</ele>
        <time>2026-08-06T13:52:07.000Z</time>
      </trkpt>
      <trkpt lat="40.07831202604482" lon="116.33846504072558">
        <ele>44.9</ele>
        <time>2026-08-06T13:52:08.000Z</time>
      </trkpt>
      <trkpt lat="40.07833294189503" lon="116.33846338117927">
        <ele>44.9</ele>
        <time>2026-08-06T13:52:09.000Z</time>
      </trkpt>
      <trkpt lat="40.07835433222126" lon="116.33846174196495">
        <ele>44.9</ele>
        <time>2026-08-06T13:52:10.000Z</time>
      </trkpt>
      <trkpt lat="40.07837595118728" lon="116.33846019344429">
        <ele>45.0</ele>
        <time>2026-08-06T13:52:11.000Z</time>
      </trkpt>
      <trkpt lat="40.078397561960436" lon="116.33845883170275">
        <ele>45.0</ele>
        <time>2026-08-06T13:52:12.000Z</time>
      </trkpt>
      <trkpt lat="40.07841892261583" lon="116.33845764502921">
        <ele>45.0</ele>
        <time>2026-08-06T13:52:13.000Z</time>
      </trkpt>
      <trkpt lat="40.078440144955586" lon="116.33845651414597">
        <ele>45.0</ele>
        <time>2026-08-06T13:52:14.000Z</time>
      </trkpt>
      <trkpt lat="40.07846149779741" lon="116.33845529640827">
        <ele>45.0</ele>
        <time>2026-08-06T13:52:15.000Z</time>
      </trkpt>
      <trkpt lat="40.07848296710843" lon="116.33845389639127">
        <ele>45.0</ele>
        <time>2026-08-06T13:52:16.000Z</time>
      </trkpt>
      <trkpt lat="40.078504504777875" lon="116.33845225925353">
        <ele>45.1</ele>
        <time>2026-08-06T13:52:17.000Z</time>
      </trkpt>
      <trkpt lat="40.07852619975633" lon="116.3384503153071">
        <ele>45.1</ele>
        <time>2026-08-06T13:52:18.000Z</time>
      </trkpt>
      <trkpt lat="40.078547920231614" lon="116.33844798939553">
        <ele>45.1</ele>
        <time>2026-08-06T13:52:19.000Z</time>
      </trkpt>
      <trkpt lat="40.07856937243956" lon="116.33844524027502">
        <ele>45.1</ele>
        <time>2026-08-06T13:52:20.000Z</time>
      </trkpt>
      <trkpt lat="40.07859050661319" lon="116.33844203628757">
        <ele>45.1</ele>
        <time>2026-08-06T13:52:21.000Z</time>
      </trkpt>
      <trkpt lat="40.07861134275678" lon="116.33843827469039">
        <ele>45.2</ele>
        <time>2026-08-06T13:52:22.000Z</time>
      </trkpt>
      <trkpt lat="40.07863186973813" lon="116.33843403393965">
        <ele>45.2</ele>
        <time>2026-08-06T13:52:23.000Z</time>
      </trkpt>
      <trkpt lat="40.078652109444604" lon="116.33842960955982">
        <ele>45.2</ele>
        <time>2026-08-06T13:52:24.000Z</time>
      </trkpt>
      <trkpt lat="40.07867213107343" lon="116.33842529392727">
        <ele>45.2</ele>
        <time>2026-08-06T13:52:25.000Z</time>
      </trkpt>
      <trkpt lat="40.07869234664947" lon="116.33842136020974">
        <ele>45.2</ele>
        <time>2026-08-06T13:52:26.000Z</time>
      </trkpt>
      <trkpt lat="40.07871327293013" lon="116.33841798144074">
        <ele>45.2</ele>
        <time>2026-08-06T13:52:27.000Z</time>
      </trkpt>
      <trkpt lat="40.078735232680756" lon="116.33841510428311">
        <ele>45.2</ele>
        <time>2026-08-06T13:52:28.000Z</time>
      </trkpt>
      <trkpt lat="40.07875799153069" lon="116.33841255387219">
        <ele>45.2</ele>
        <time>2026-08-06T13:52:29.000Z</time>
      </trkpt>
      <trkpt lat="40.07878068700392" lon="116.33841029101973">
        <ele>45.2</ele>
        <time>2026-08-06T13:52:30.000Z</time>
      </trkpt>
      <trkpt lat="40.07880276104454" lon="116.33840841222398">
        <ele>45.2</ele>
        <time>2026-08-06T13:52:31.000Z</time>
      </trkpt>
      <trkpt lat="40.078824063187454" lon="116.33840694848784">
        <ele>45.2</ele>
        <time>2026-08-06T13:52:32.000Z</time>
      </trkpt>
      <trkpt lat="40.078844617806894" lon="116.33840602408596">
        <ele>45.2</ele>
        <time>2026-08-06T13:52:33.000Z</time>
      </trkpt>
      <trkpt lat="40.07886474118428" lon="116.33840581640698">
        <ele>45.2</ele>
        <time>2026-08-06T13:52:34.000Z</time>
      </trkpt>
      <trkpt lat="40.07888465409507" lon="116.33840634216918">
        <ele>45.2</ele>
        <time>2026-08-06T13:52:35.000Z</time>
      </trkpt>
      <trkpt lat="40.07890425353284" lon="116.33840770511668">
        <ele>45.2</ele>
        <time>2026-08-06T13:52:36.000Z</time>
      </trkpt>
      <trkpt lat="40.07892329138948" lon="116.33841021727847">
        <ele>45.2</ele>
        <time>2026-08-06T13:52:37.000Z</time>
      </trkpt>
      <trkpt lat="40.0789411911746" lon="116.33841452559106">
        <ele>45.2</ele>
        <time>2026-08-06T13:52:38.000Z</time>
      </trkpt>
      <trkpt lat="40.07895713020447" lon="116.33842141261145">
        <ele>45.2</ele>
        <time>2026-08-06T13:52:39.000Z</time>
      </trkpt>
      <trkpt lat="40.07897043393154" lon="116.33843138924844">
        <ele>45.2</ele>
        <time>2026-08-06T13:52:40.000Z</time>
      </trkpt>
      <trkpt lat="40.07898075589708" lon="116.33844500163285">
        <ele>45.2</ele>
        <time>2026-08-06T13:52:41.000Z</time>
      </trkpt>
      <trkpt lat="40.07898825294256" lon="116.33846281826226">
        <ele>45.2</ele>
        <time>2026-08-06T13:52:42.000Z</time>
      </trkpt>
      <trkpt lat="40.07899337126997" lon="116.33848454350444">
        <ele>45.2</ele>
        <time>2026-08-06T13:52:43.000Z</time>
      </trkpt>
      <trkpt lat="40.078996690811856" lon="116.33850928882741">
        <ele>45.2</ele>
        <time>2026-08-06T13:52:44.000Z</time>
      </trkpt>
      <trkpt lat="40.07899886163652" lon="116.33853598887022">
        <ele>45.2</ele>
        <time>2026-08-06T13:52:45.000Z</time>
      </trkpt>
      <trkpt lat="40.07900030023586" lon="116.33856338746332">
        <ele>45.2</ele>
        <time>2026-08-06T13:52:46.000Z</time>
      </trkpt>
      <trkpt lat="40.079001227082756" lon="116.33859078908148">
        <ele>45.2</ele>
        <time>2026-08-06T13:52:47.000Z</time>
      </trkpt>
      <trkpt lat="40.079001820299965" lon="116.33861840582706">
        <ele>45.2</ele>
        <time>2026-08-06T13:52:48.000Z</time>
      </trkpt>
      <trkpt lat="40.079002222332385" lon="116.33864657472441">
        <ele>45.2</ele>
        <time>2026-08-06T13:52:49.000Z</time>
      </trkpt>
      <trkpt lat="40.079002563156926" lon="116.33867524698195">
        <ele>45.2</ele>
        <time>2026-08-06T13:52:50.000Z</time>
      </trkpt>
      <trkpt lat="40.07900287824725" lon="116.33870426845034">
        <ele>45.2</ele>
        <time>2026-08-06T13:52:51.000Z</time>
      </trkpt>
      <trkpt lat="40.07900309479933" lon="116.33873345073594">
        <ele>45.2</ele>
        <time>2026-08-06T13:52:52.000Z</time>
      </trkpt>
      <trkpt lat="40.07900317971676" lon="116.33876260870291">
        <ele>45.2</ele>
        <time>2026-08-06T13:52:53.000Z</time>
      </trkpt>
      <trkpt lat="40.07900320661247" lon="116.33879162127248">
        <ele>45.2</ele>
        <time>2026-08-06T13:52:54.000Z</time>
      </trkpt>
      <trkpt lat="40.0790033222228" lon="116.3388205624327">
        <ele>45.2</ele>
        <time>2026-08-06T13:52:55.000Z</time>
      </trkpt>
      <trkpt lat="40.07900360858934" lon="116.33884954232512">
        <ele>45.2</ele>
        <time>2026-08-06T13:52:56.000Z</time>
      </trkpt>
      <trkpt lat="40.07900406894516" lon="116.3388785032638">
        <ele>45.2</ele>
        <time>2026-08-06T13:52:57.000Z</time>
      </trkpt>
      <trkpt lat="40.07900472449692" lon="116.3389072187116">
        <ele>45.2</ele>
        <time>2026-08-06T13:52:58.000Z</time>
      </trkpt>
      <trkpt lat="40.07900556307495" lon="116.33893552924825">
        <ele>45.2</ele>
        <time>2026-08-06T13:52:59.000Z</time>
      </trkpt>
      <trkpt lat="40.079006558250136" lon="116.33896362737407">
        <ele>45.2</ele>
        <time>2026-08-06T13:53:00.000Z</time>
      </trkpt>
      <trkpt lat="40.07900770282607" lon="116.33899178307678">
        <ele>45.2</ele>
        <time>2026-08-06T13:53:01.000Z</time>
      </trkpt>
      <trkpt lat="40.07900892402113" lon="116.33902010714294">
        <ele>45.2</ele>
        <time>2026-08-06T13:53:02.000Z</time>
      </trkpt>
      <trkpt lat="40.07901002121841" lon="116.33904877076488">
        <ele>45.2</ele>
        <time>2026-08-06T13:53:03.000Z</time>
      </trkpt>
      <trkpt lat="40.07901085723094" lon="116.33907788234717">
        <ele>45.2</ele>
        <time>2026-08-06T13:53:04.000Z</time>
      </trkpt>
      <trkpt lat="40.079011488937155" lon="116.33910717983004">
        <ele>45.2</ele>
        <time>2026-08-06T13:53:05.000Z</time>
      </trkpt>
      <trkpt lat="40.0790120392987" lon="116.33913628683116">
        <ele>45.1</ele>
        <time>2026-08-06T13:53:06.000Z</time>
      </trkpt>
      <trkpt lat="40.07901257525394" lon="116.33916484060411">
        <ele>45.1</ele>
        <time>2026-08-06T13:53:07.000Z</time>
      </trkpt>
      <trkpt lat="40.07901310701746" lon="116.33919249687511">
        <ele>45.1</ele>
        <time>2026-08-06T13:53:08.000Z</time>
      </trkpt>
      <trkpt lat="40.07901363658476" lon="116.33921901837036">
        <ele>45.1</ele>
        <time>2026-08-06T13:53:09.000Z</time>
      </trkpt>
      <trkpt lat="40.07901415531533" lon="116.3392444852953">
        <ele>45.1</ele>
        <time>2026-08-06T13:53:10.000Z</time>
      </trkpt>
      <trkpt lat="40.079014625567815" lon="116.3392690758132">
        <ele>45.1</ele>
        <time>2026-08-06T13:53:11.000Z</time>
      </trkpt>
      <trkpt lat="40.0790149984044" lon="116.33929288639524">
        <ele>45.1</ele>
        <time>2026-08-06T13:53:12.000Z</time>
      </trkpt>
      <trkpt lat="40.0790152813677" lon="116.33931628459783">
        <ele>45.0</ele>
        <time>2026-08-06T13:53:13.000Z</time>
      </trkpt>
      <trkpt lat="40.07901552292868" lon="116.3393398448425">
        <ele>45.0</ele>
        <time>2026-08-06T13:53:14.000Z</time>
      </trkpt>
      <trkpt lat="40.07901575269748" lon="116.33936394335225">
        <ele>45.0</ele>
        <time>2026-08-06T13:53:15.000Z</time>
      </trkpt>
      <trkpt lat="40.0790160118823" lon="116.33938870010658">
        <ele>45.0</ele>
        <time>2026-08-06T13:53:16.000Z</time>
      </trkpt>
      <trkpt lat="40.07901631267149" lon="116.33941428959896">
        <ele>45.0</ele>
        <time>2026-08-06T13:53:17.000Z</time>
      </trkpt>
      <trkpt lat="40.07901655448797" lon="116.33944120232974">
        <ele>45.0</ele>
        <time>2026-08-06T13:53:18.000Z</time>
      </trkpt>
      <trkpt lat="40.07901661229703" lon="116.33946979297527">
        <ele>45.0</ele>
        <time>2026-08-06T13:53:19.000Z</time>
      </trkpt>
      <trkpt lat="40.079016509701695" lon="116.33949972245124">
        <ele>45.0</ele>
        <time>2026-08-06T13:53:20.000Z</time>
      </trkpt>
      <trkpt lat="40.07901631046077" lon="116.33953025838056">
        <ele>45.0</ele>
        <time>2026-08-06T13:53:21.000Z</time>
      </trkpt>
      <trkpt lat="40.07901605448353" lon="116.33956078444221">
        <ele>45.0</ele>
        <time>2026-08-06T13:53:22.000Z</time>
      </trkpt>
      <trkpt lat="40.07901588770139" lon="116.33959089473413">
        <ele>45.0</ele>
        <time>2026-08-06T13:53:23.000Z</time>
      </trkpt>
      <trkpt lat="40.079016043129606" lon="116.33962028571521">
        <ele>45.0</ele>
        <time>2026-08-06T13:53:24.000Z</time>
      </trkpt>
      <trkpt lat="40.07901673031194" lon="116.33964860770949">
        <ele>45.0</ele>
        <time>2026-08-06T13:53:25.000Z</time>
      </trkpt>
      <trkpt lat="40.07901796106148" lon="116.3396753615285">
        <ele>45.0</ele>
        <time>2026-08-06T13:53:26.000Z</time>
      </trkpt>
      <trkpt lat="40.079019638062434" lon="116.33970064058005">
        <ele>44.9</ele>
        <time>2026-08-06T13:53:27.000Z</time>
      </trkpt>
      <trkpt lat="40.07902145995656" lon="116.33972505720726">
        <ele>44.9</ele>
        <time>2026-08-06T13:53:28.000Z</time>
      </trkpt>
      <trkpt lat="40.079022877680124" lon="116.33974925840995">
        <ele>44.9</ele>
        <time>2026-08-06T13:53:29.000Z</time>
      </trkpt>
      <trkpt lat="40.07902332658421" lon="116.33977399381548">
        <ele>44.9</ele>
        <time>2026-08-06T13:53:30.000Z</time>
      </trkpt>
      <trkpt lat="40.07902262761945" lon="116.33979940972789">
        <ele>44.9</ele>
        <time>2026-08-06T13:53:31.000Z</time>
      </trkpt>
      <trkpt lat="40.079020946239716" lon="116.33982555047243">
        <ele>44.9</ele>
        <time>2026-08-06T13:53:32.000Z</time>
      </trkpt>
      <trkpt lat="40.07901839014354" lon="116.33985285547496">
        <ele>44.9</ele>
        <time>2026-08-06T13:53:33.000Z</time>
      </trkpt>
      <trkpt lat="40.07901507670094" lon="116.33988126567338">
        <ele>44.9</ele>
        <time>2026-08-06T13:53:34.000Z</time>
      </trkpt>
      <trkpt lat="40.07901109931703" lon="116.33991014935205">
        <ele>44.9</ele>
        <time>2026-08-06T13:53:35.000Z</time>
      </trkpt>
      <trkpt lat="40.07900655128674" lon="116.33993882004545">
        <ele>44.9</ele>
        <time>2026-08-06T13:53:36.000Z</time>
      </trkpt>
      <trkpt lat="40.079001589931174" lon="116.3399668459119">
        <ele>44.9</ele>
        <time>2026-08-06T13:53:37.000Z</time>
      </trkpt>
      <trkpt lat="40.07899637834136" lon="116.3399938251365">
        <ele>44.9</ele>
        <time>2026-08-06T13:53:38.000Z</time>
      </trkpt>
      <trkpt lat="40.078991025772616" lon="116.34001952708222">
        <ele>44.9</ele>
        <time>2026-08-06T13:53:39.000Z</time>
      </trkpt>
      <trkpt lat="40.078985609662546" lon="116.34004408635187">
        <ele>44.9</ele>
        <time>2026-08-06T13:53:40.000Z</time>
      </trkpt>
      <trkpt lat="40.07898015844919" lon="116.34006774745546">
        <ele>44.9</ele>
        <time>2026-08-06T13:53:41.000Z</time>
      </trkpt>
      <trkpt lat="40.07897469672263" lon="116.34009080138306">
        <ele>44.8</ele>
        <time>2026-08-06T13:53:42.000Z</time>
      </trkpt>
      <trkpt lat="40.07896932435978" lon="116.34011378111788">
        <ele>44.8</ele>
        <time>2026-08-06T13:53:43.000Z</time>
      </trkpt>
      <trkpt lat="40.07896427388331" lon="116.34013752824252">
        <ele>44.8</ele>
        <time>2026-08-06T13:53:44.000Z</time>
      </trkpt>
      <trkpt lat="40.07895977465965" lon="116.3401625030699">
        <ele>44.8</ele>
        <time>2026-08-06T13:53:45.000Z</time>
      </trkpt>
      <trkpt lat="40.078955893733" lon="116.34018847736995">
        <ele>44.8</ele>
        <time>2026-08-06T13:53:46.000Z</time>
      </trkpt>
      <trkpt lat="40.07895255897769" lon="116.34021528814665">
        <ele>44.8</ele>
        <time>2026-08-06T13:53:47.000Z</time>
      </trkpt>
      <trkpt lat="40.07894956787245" lon="116.34024315081436">
        <ele>44.8</ele>
        <time>2026-08-06T13:53:48.000Z</time>
      </trkpt>
      <trkpt lat="40.0789467477259" lon="116.34027185611437">
        <ele>44.7</ele>
        <time>2026-08-06T13:53:49.000Z</time>
      </trkpt>
      <trkpt lat="40.07894398022836" lon="116.34030103851721">
        <ele>44.7</ele>
        <time>2026-08-06T13:53:50.000Z</time>
      </trkpt>
      <trkpt lat="40.078941207219046" lon="116.3403303033595">
        <ele>44.7</ele>
        <time>2026-08-06T13:53:51.000Z</time>
      </trkpt>
      <trkpt lat="40.07893850623923" lon="116.34035901464031">
        <ele>44.7</ele>
        <time>2026-08-06T13:53:52.000Z</time>
      </trkpt>
      <trkpt lat="40.0789359721003" lon="116.34038681336051">
        <ele>44.7</ele>
        <time>2026-08-06T13:53:53.000Z</time>
      </trkpt>
      <trkpt lat="40.0789336553783" lon="116.34041375151494">
        <ele>44.7</ele>
        <time>2026-08-06T13:53:54.000Z</time>
      </trkpt>
      <trkpt lat="40.07893166915264" lon="116.34044006730694">
        <ele>44.7</ele>
        <time>2026-08-06T13:53:55.000Z</time>
      </trkpt>
      <trkpt lat="40.07893017823318" lon="116.34046608700127">
        <ele>44.7</ele>
        <time>2026-08-06T13:53:56.000Z</time>
      </trkpt>
      <trkpt lat="40.07892934336115" lon="116.34049229528476">
        <ele>44.7</ele>
        <time>2026-08-06T13:53:57.000Z</time>
      </trkpt>
      <trkpt lat="40.07892929595617" lon="116.34051904183481">
        <ele>44.7</ele>
        <time>2026-08-06T13:53:58.000Z</time>
      </trkpt>
      <trkpt lat="40.078930010962694" lon="116.34054636703829">
        <ele>44.7</ele>
        <time>2026-08-06T13:53:59.000Z</time>
      </trkpt>
      <trkpt lat="40.07893129081241" lon="116.34057427620985">
        <ele>44.7</ele>
        <time>2026-08-06T13:54:00.000Z</time>
      </trkpt>
      <trkpt lat="40.078932884415366" lon="116.34060268554855">
        <ele>44.7</ele>
        <time>2026-08-06T13:54:01.000Z</time>
      </trkpt>
      <trkpt lat="40.07893460676738" lon="116.34063130029602">
        <ele>44.6</ele>
        <time>2026-08-06T13:54:02.000Z</time>
        <extensions>
  <gpxtpx:TrackPointExtension>
    <gpxtpx:hr>149</gpxtpx:hr>
  </gpxtpx:TrackPointExtension>
</extensions>
      </trkpt>
      <trkpt lat="40.07893636671516" lon="116.34065976126764">
        <ele>44.6</ele>
        <time>2026-08-06T13:54:03.000Z</time>
        <extensions>
  <gpxtpx:TrackPointExtension>
    <gpxtpx:hr>149</gpxtpx:hr>
  </gpxtpx:TrackPointExtension>
</extensions>
      </trkpt>
      <trkpt lat="40.07893815909701" lon="116.34068784252162">
        <ele>44.6</ele>
        <time>2026-08-06T13:54:04.000Z</time>
        <extensions>
  <gpxtpx:TrackPointExtension>
    <gpxtpx:hr>149</gpxtpx:hr>
  </gpxtpx:TrackPointExtension>
</extensions>
      </trkpt>
      <trkpt lat="40.07894003252042" lon="116.34071543566965">
        <ele>44.6</ele>
        <time>2026-08-06T13:54:05.000Z</time>
        <extensions>
  <gpxtpx:TrackPointExtension>
    <gpxtpx:hr>149</gpxtpx:hr>
  </gpxtpx:TrackPointExtension>
</extensions>
      </trkpt>
      <trkpt lat="40.07894206733596" lon="116.3407425505243">
        <ele>44.6</ele>
        <time>2026-08-06T13:54:06.000Z</time>
        <extensions>
  <gpxtpx:TrackPointExtension>
    <gpxtpx:hr>149</gpxtpx:hr>
  </gpxtpx:TrackPointExtension>
</extensions>
      </trkpt>
      <trkpt lat="40.07894432067236" lon="116.34076948586271">
        <ele>44.6</ele>
        <time>2026-08-06T13:54:07.000Z</time>
        <extensions>
  <gpxtpx:TrackPointExtension>
    <gpxtpx:hr>149</gpxtpx:hr>
  </gpxtpx:TrackPointExtension>
</extensions>
      </trkpt>
      <trkpt lat="40.07894677761871" lon="116.34079663345449">
        <ele>44.6</ele>
        <time>2026-08-06T13:54:08.000Z</time>
        <extensions>
  <gpxtpx:TrackPointExtension>
    <gpxtpx:hr>149</gpxtpx:hr>
  </gpxtpx:TrackPointExtension>
</extensions>
      </trkpt>
      <trkpt lat="40.07894933389559" lon="116.34082415503796">
        <ele>44.6</ele>
        <time>2026-08-06T13:54:09.000Z</time>
        <extensions>
  <gpxtpx:TrackPointExtension>
    <gpxtpx:hr>149</gpxtpx:hr>
  </gpxtpx:TrackPointExtension>
</extensions>
      </trkpt>
      <trkpt lat="40.07895187634879" lon="116.34085209367603">
        <ele>44.6</ele>
        <time>2026-08-06T13:54:10.000Z</time>
        <extensions>
  <gpxtpx:TrackPointExtension>
    <gpxtpx:hr>149</gpxtpx:hr>
  </gpxtpx:TrackPointExtension>
</extensions>
      </trkpt>
      <trkpt lat="40.07895441840104" lon="116.34088039641473">
        <ele>44.6</ele>
        <time>2026-08-06T13:54:11.000Z</time>
        <extensions>
  <gpxtpx:TrackPointExtension>
    <gpxtpx:hr>149</gpxtpx:hr>
  </gpxtpx:TrackPointExtension>
</extensions>
      </trkpt>
      <trkpt lat="40.078956980598186" lon="116.34090861279688">
        <ele>44.6</ele>
        <time>2026-08-06T13:54:12.000Z</time>
      </trkpt>
      <trkpt lat="40.078959490126266" lon="116.3409362686682">
        <ele>44.6</ele>
        <time>2026-08-06T13:54:13.000Z</time>
      </trkpt>
      <trkpt lat="40.07896186299017" lon="116.34096330280978">
        <ele>44.6</ele>
        <time>2026-08-06T13:54:14.000Z</time>
      </trkpt>
      <trkpt lat="40.078963954821376" lon="116.34098955745478">
        <ele>44.6</ele>
        <time>2026-08-06T13:54:15.000Z</time>
      </trkpt>
      <trkpt lat="40.07896570475074" lon="116.3410147870765">
        <ele>44.6</ele>
        <time>2026-08-06T13:54:16.000Z</time>
      </trkpt>
      <trkpt lat="40.07896712287586" lon="116.34103863890644">
        <ele>44.6</ele>
        <time>2026-08-06T13:54:17.000Z</time>
      </trkpt>
      <trkpt lat="40.07896805927501" lon="116.3410607824754">
        <ele>44.6</ele>
        <time>2026-08-06T13:54:18.000Z</time>
      </trkpt>
      <trkpt lat="40.07896833853631" lon="116.34108118033036">
        <ele>44.5</ele>
        <time>2026-08-06T13:54:19.000Z</time>
      </trkpt>
      <trkpt lat="40.07896800376784" lon="116.3411000591652">
        <ele>44.5</ele>
        <time>2026-08-06T13:54:20.000Z</time>
      </trkpt>
      <trkpt lat="40.07896716884312" lon="116.3411181617719">
        <ele>44.5</ele>
        <time>2026-08-06T13:54:21.000Z</time>
      </trkpt>
      <trkpt lat="40.07896590490384" lon="116.34113613513523">
        <ele>44.5</ele>
        <time>2026-08-06T13:54:22.000Z</time>
      </trkpt>
      <trkpt lat="40.078964347044376" lon="116.3411546690112">
        <ele>44.5</ele>
        <time>2026-08-06T13:54:23.000Z</time>
      </trkpt>
      <trkpt lat="40.078962676238845" lon="116.34117489671642">
        <ele>44.5</ele>
        <time>2026-08-06T13:54:24.000Z</time>
      </trkpt>
      <trkpt lat="40.07896107223144" lon="116.34119799683461">
        <ele>44.5</ele>
        <time>2026-08-06T13:54:25.000Z</time>
      </trkpt>
      <trkpt lat="40.078959710592834" lon="116.34122419433166">
        <ele>44.5</ele>
        <time>2026-08-06T13:54:26.000Z</time>
      </trkpt>
      <trkpt lat="40.078958681579294" lon="116.34125270208074">
        <ele>44.5</ele>
        <time>2026-08-06T13:54:27.000Z</time>
      </trkpt>
      <trkpt lat="40.078957865627444" lon="116.34128277732222">
        <ele>44.5</ele>
        <time>2026-08-06T13:54:28.000Z</time>
      </trkpt>
      <trkpt lat="40.07895706889215" lon="116.34131387231835">
        <ele>44.5</ele>
        <time>2026-08-06T13:54:29.000Z</time>
      </trkpt>
      <trkpt lat="40.07895624886884" lon="116.34134539010293">
        <ele>44.5</ele>
        <time>2026-08-06T13:54:30.000Z</time>
      </trkpt>
      <trkpt lat="40.07895553586834" lon="116.34137659652148">
        <ele>44.5</ele>
        <time>2026-08-06T13:54:31.000Z</time>
      </trkpt>
      <trkpt lat="40.07895498610955" lon="116.34140667144347">
        <ele>44.5</ele>
        <time>2026-08-06T13:54:32.000Z</time>
      </trkpt>
      <trkpt lat="40.078954548493364" lon="116.3414352737438">
        <ele>44.5</ele>
        <time>2026-08-06T13:54:33.000Z</time>
      </trkpt>
      <trkpt lat="40.078954206874805" lon="116.34146251996631">
        <ele>44.5</ele>
        <time>2026-08-06T13:54:34.000Z</time>
      </trkpt>
      <trkpt lat="40.07895402818513" lon="116.34148869066131">
        <ele>44.5</ele>
        <time>2026-08-06T13:54:35.000Z</time>
      </trkpt>
      <trkpt lat="40.078954028130774" lon="116.34151427223321">
        <ele>44.5</ele>
        <time>2026-08-06T13:54:36.000Z</time>
      </trkpt>
      <trkpt lat="40.07895408043833" lon="116.3415395375505">
        <ele>44.5</ele>
        <time>2026-08-06T13:54:37.000Z</time>
      </trkpt>
      <trkpt lat="40.07895418487031" lon="116.34156428643062">
        <ele>44.5</ele>
        <time>2026-08-06T13:54:38.000Z</time>
      </trkpt>
      <trkpt lat="40.07895442332619" lon="116.34158835589417">
        <ele>44.5</ele>
        <time>2026-08-06T13:54:39.000Z</time>
      </trkpt>
      <trkpt lat="40.07895483909562" lon="116.34161199947681">
        <ele>44.5</ele>
        <time>2026-08-06T13:54:40.000Z</time>
      </trkpt>
      <trkpt lat="40.078955481117774" lon="116.34163575338839">
        <ele>44.5</ele>
        <time>2026-08-06T13:54:41.000Z</time>
      </trkpt>
      <trkpt lat="40.07895639048812" lon="116.3416603471684">
        <ele>44.5</ele>
        <time>2026-08-06T13:54:42.000Z</time>
      </trkpt>
      <trkpt lat="40.07895753080362" lon="116.34168603577127">
        <ele>44.5</ele>
        <time>2026-08-06T13:54:43.000Z</time>
      </trkpt>
      <trkpt lat="40.07895882785235" lon="116.3417126076857">
        <ele>44.5</ele>
        <time>2026-08-06T13:54:44.000Z</time>
      </trkpt>
      <trkpt lat="40.078960252744764" lon="116.34173974445889">
        <ele>44.5</ele>
        <time>2026-08-06T13:54:45.000Z</time>
      </trkpt>
      <trkpt lat="40.078961785709204" lon="116.3417672041167">
        <ele>44.5</ele>
        <time>2026-08-06T13:54:46.000Z</time>
      </trkpt>
      <trkpt lat="40.07896338072441" lon="116.34179500104482">
        <ele>44.5</ele>
        <time>2026-08-06T13:54:47.000Z</time>
      </trkpt>
      <trkpt lat="40.078964998675026" lon="116.34182317909708">
        <ele>44.5</ele>
        <time>2026-08-06T13:54:48.000Z</time>
      </trkpt>
      <trkpt lat="40.07896663328336" lon="116.34185158973743">
        <ele>44.5</ele>
        <time>2026-08-06T13:54:49.000Z</time>
      </trkpt>
      <trkpt lat="40.07896820475516" lon="116.34187981200601">
        <ele>44.5</ele>
        <time>2026-08-06T13:54:50.000Z</time>
      </trkpt>
      <trkpt lat="40.07896966112434" lon="116.34190770203719">
        <ele>44.5</ele>
        <time>2026-08-06T13:54:51.000Z</time>
      </trkpt>
      <trkpt lat="40.0789710076548" lon="116.34193536432352">
        <ele>44.5</ele>
        <time>2026-08-06T13:54:52.000Z</time>
      </trkpt>
      <trkpt lat="40.07897224445057" lon="116.34196318471847">
        <ele>44.5</ele>
        <time>2026-08-06T13:54:53.000Z</time>
      </trkpt>
      <trkpt lat="40.07897336445363" lon="116.34199162389997">
        <ele>44.5</ele>
        <time>2026-08-06T13:54:54.000Z</time>
      </trkpt>
      <trkpt lat="40.078974368740845" lon="116.34202093083992">
        <ele>44.5</ele>
        <time>2026-08-06T13:54:55.000Z</time>
      </trkpt>
      <trkpt lat="40.07897531865673" lon="116.3420513620519">
        <ele>44.5</ele>
        <time>2026-08-06T13:54:56.000Z</time>
      </trkpt>
      <trkpt lat="40.0789762732833" lon="116.34208288666572">
        <ele>44.5</ele>
        <time>2026-08-06T13:54:57.000Z</time>
      </trkpt>
      <trkpt lat="40.07897715880204" lon="116.34211484961722">
        <ele>44.5</ele>
        <time>2026-08-06T13:54:58.000Z</time>
      </trkpt>
      <trkpt lat="40.0789778236359" lon="116.34214665811272">
        <ele>44.5</ele>
        <time>2026-08-06T13:54:59.000Z</time>
      </trkpt>
      <trkpt lat="40.07897815189778" lon="116.34217808176099">
        <ele>44.5</ele>
        <time>2026-08-06T13:55:00.000Z</time>
      </trkpt>
      <trkpt lat="40.07897815152526" lon="116.3422089280127">
        <ele>44.5</ele>
        <time>2026-08-06T13:55:01.000Z</time>
      </trkpt>
      <trkpt lat="40.07897789431876" lon="116.34223924869053">
        <ele>44.5</ele>
        <time>2026-08-06T13:55:02.000Z</time>
      </trkpt>
      <trkpt lat="40.078977382905144" lon="116.34226899376053">
        <ele>44.5</ele>
        <time>2026-08-06T13:55:03.000Z</time>
      </trkpt>
      <trkpt lat="40.078976619591934" lon="116.34229787509597">
        <ele>44.5</ele>
        <time>2026-08-06T13:55:04.000Z</time>
      </trkpt>
      <trkpt lat="40.078975686393164" lon="116.34232549367361">
        <ele>44.5</ele>
        <time>2026-08-06T13:55:05.000Z</time>
      </trkpt>
      <trkpt lat="40.07897467319349" lon="116.34235120168508">
        <ele>44.5</ele>
        <time>2026-08-06T13:55:06.000Z</time>
      </trkpt>
      <trkpt lat="40.078973582373926" lon="116.34237447888005">
        <ele>44.5</ele>
        <time>2026-08-06T13:55:07.000Z</time>
      </trkpt>
      <trkpt lat="40.07897234996539" lon="116.34239531914098">
        <ele>44.5</ele>
        <time>2026-08-06T13:55:08.000Z</time>
      </trkpt>
      <trkpt lat="40.07897096325751" lon="116.34241428832185">
        <ele>44.5</ele>
        <time>2026-08-06T13:55:09.000Z</time>
      </trkpt>
      <trkpt lat="40.07896955173072" lon="116.34243237994208">
        <ele>44.5</ele>
        <time>2026-08-06T13:55:10.000Z</time>
      </trkpt>
      <trkpt lat="40.07896824447255" lon="116.34245052175764">
        <ele>44.5</ele>
        <time>2026-08-06T13:55:11.000Z</time>
      </trkpt>
      <trkpt lat="40.07896707136785" lon="116.34246939420605">
        <ele>44.5</ele>
        <time>2026-08-06T13:55:12.000Z</time>
      </trkpt>
      <trkpt lat="40.078966002199266" lon="116.34248933001093">
        <ele>44.5</ele>
        <time>2026-08-06T13:55:13.000Z</time>
      </trkpt>
      <trkpt lat="40.07896502583428" lon="116.34251000450233">
        <ele>44.6</ele>
        <time>2026-08-06T13:55:14.000Z</time>
      </trkpt>
      <trkpt lat="40.078964236040015" lon="116.34253123310397">
        <ele>44.6</ele>
        <time>2026-08-06T13:55:15.000Z</time>
      </trkpt>
      <trkpt lat="40.07896367905198" lon="116.34255323570909">
        <ele>44.6</ele>
        <time>2026-08-06T13:55:16.000Z</time>
      </trkpt>
      <trkpt lat="40.07896323130558" lon="116.34257619518789">
        <ele>44.6</ele>
        <time>2026-08-06T13:55:17.000Z</time>
      </trkpt>
      <trkpt lat="40.07896306683441" lon="116.34260046808258">
        <ele>44.6</ele>
        <time>2026-08-06T13:55:18.000Z</time>
      </trkpt>
      <trkpt lat="40.078963589380436" lon="116.34262656965166">
        <ele>44.6</ele>
        <time>2026-08-06T13:55:19.000Z</time>
      </trkpt>
      <trkpt lat="40.078965088838046" lon="116.34265448656326">
        <ele>44.6</ele>
        <time>2026-08-06T13:55:20.000Z</time>
      </trkpt>
      <trkpt lat="40.078967560619404" lon="116.34268386517739">
        <ele>44.6</ele>
        <time>2026-08-06T13:55:21.000Z</time>
      </trkpt>
      <trkpt lat="40.07897070765891" lon="116.34271439551519">
        <ele>44.6</ele>
        <time>2026-08-06T13:55:22.000Z</time>
      </trkpt>
      <trkpt lat="40.07897430814288" lon="116.34274555955153">
        <ele>44.6</ele>
        <time>2026-08-06T13:55:23.000Z</time>
      </trkpt>
      <trkpt lat="40.07897824035456" lon="116.34277691791274">
        <ele>44.6</ele>
        <time>2026-08-06T13:55:24.000Z</time>
      </trkpt>
      <trkpt lat="40.07898243712881" lon="116.34280837102054">
        <ele>44.6</ele>
        <time>2026-08-06T13:55:25.000Z</time>
      </trkpt>
      <trkpt lat="40.07898681504831" lon="116.34283972685435">
        <ele>44.6</ele>
        <time>2026-08-06T13:55:26.000Z</time>
      </trkpt>
      <trkpt lat="40.0789912539229" lon="116.3428707009333">
        <ele>44.6</ele>
        <time>2026-08-06T13:55:27.000Z</time>
      </trkpt>
      <trkpt lat="40.07899554155867" lon="116.34290112895394">
        <ele>44.6</ele>
        <time>2026-08-06T13:55:28.000Z</time>
      </trkpt>
      <trkpt lat="40.07899947688183" lon="116.3429309103337">
        <ele>44.6</ele>
        <time>2026-08-06T13:55:29.000Z</time>
      </trkpt>
      <trkpt lat="40.079002972530134" lon="116.34296018305696">
        <ele>44.6</ele>
        <time>2026-08-06T13:55:30.000Z</time>
      </trkpt>
      <trkpt lat="40.07900599704456" lon="116.3429891729117">
        <ele>44.7</ele>
        <time>2026-08-06T13:55:31.000Z</time>
      </trkpt>
      <trkpt lat="40.0790085518268" lon="116.34301803327668">
        <ele>44.7</ele>
        <time>2026-08-06T13:55:32.000Z</time>
      </trkpt>
      <trkpt lat="40.07901065990963" lon="116.34304686782569">
        <ele>44.7</ele>
        <time>2026-08-06T13:55:33.000Z</time>
      </trkpt>
      <trkpt lat="40.079012369072586" lon="116.34307563870992">
        <ele>44.7</ele>
        <time>2026-08-06T13:55:34.000Z</time>
      </trkpt>
      <trkpt lat="40.07901378830364" lon="116.34310451947374">
        <ele>44.7</ele>
        <time>2026-08-06T13:55:35.000Z</time>
      </trkpt>
      <trkpt lat="40.0790149709625" lon="116.34313371451239">
        <ele>44.7</ele>
        <time>2026-08-06T13:55:36.000Z</time>
      </trkpt>
      <trkpt lat="40.07901590308914" lon="116.34316313784252">
        <ele>44.7</ele>
        <time>2026-08-06T13:55:37.000Z</time>
      </trkpt>
      <trkpt lat="40.07901661093009" lon="116.34319238531772">
        <ele>44.7</ele>
        <time>2026-08-06T13:55:38.000Z</time>
      </trkpt>
      <trkpt lat="40.079017068149454" lon="116.34322010931254">
        <ele>44.7</ele>
        <time>2026-08-06T13:55:39.000Z</time>
      </trkpt>
      <trkpt lat="40.07901720021594" lon="116.34324471845073">
        <ele>44.7</ele>
        <time>2026-08-06T13:55:40.000Z</time>
      </trkpt>
      <trkpt lat="40.079016913155314" lon="116.3432655380049">
        <ele>44.7</ele>
        <time>2026-08-06T13:55:41.000Z</time>
      </trkpt>
      <trkpt lat="40.07901610423056" lon="116.34328291167319">
        <ele>44.7</ele>
        <time>2026-08-06T13:55:42.000Z</time>
      </trkpt>
      <trkpt lat="40.07901473965783" lon="116.3432978978026">
        <ele>44.7</ele>
        <time>2026-08-06T13:55:43.000Z</time>
      </trkpt>
      <trkpt lat="40.07901285965493" lon="116.3433115586454">
        <ele>44.7</ele>
        <time>2026-08-06T13:55:44.000Z</time>
      </trkpt>
      <trkpt lat="40.07901059076141" lon="116.3433247240458">
        <ele>44.7</ele>
        <time>2026-08-06T13:55:45.000Z</time>
      </trkpt>
      <trkpt lat="40.079008144600394" lon="116.34333794949352">
        <ele>44.7</ele>
        <time>2026-08-06T13:55:46.000Z</time>
      </trkpt>
      <trkpt lat="40.079005860257965" lon="116.34335120725679">
        <ele>44.7</ele>
        <time>2026-08-06T13:55:47.000Z</time>
      </trkpt>
      <trkpt lat="40.07900386396475" lon="116.34336380623631">
        <ele>44.7</ele>
        <time>2026-08-06T13:55:48.000Z</time>
      </trkpt>
      <trkpt lat="40.07900195526906" lon="116.34337509159445">
        <ele>44.7</ele>
        <time>2026-08-06T13:55:49.000Z</time>
      </trkpt>
      <trkpt lat="40.07900006740403" lon="116.34338484464068">
        <ele>44.7</ele>
        <time>2026-08-06T13:55:50.000Z</time>
      </trkpt>
      <trkpt lat="40.07899814800867" lon="116.34339347129453">
        <ele>44.7</ele>
        <time>2026-08-06T13:55:51.000Z</time>
      </trkpt>
      <trkpt lat="40.07899611775523" lon="116.34340138660474">
        <ele>44.7</ele>
        <time>2026-08-06T13:55:52.000Z</time>
      </trkpt>
      <trkpt lat="40.078993997367306" lon="116.34340864492144">
        <ele>44.7</ele>
        <time>2026-08-06T13:55:53.000Z</time>
      </trkpt>
      <trkpt lat="40.0789917768565" lon="116.34341546671322">
        <ele>44.7</ele>
        <time>2026-08-06T13:55:54.000Z</time>
      </trkpt>
      <trkpt lat="40.07898957459129" lon="116.34342178795403">
        <ele>44.7</ele>
        <time>2026-08-06T13:55:55.000Z</time>
      </trkpt>
      <trkpt lat="40.07898753387045" lon="116.3434274158374">
        <ele>44.7</ele>
        <time>2026-08-06T13:55:56.000Z</time>
      </trkpt>
      <trkpt lat="40.07898563893382" lon="116.34343248940102">
        <ele>44.7</ele>
        <time>2026-08-06T13:55:57.000Z</time>
      </trkpt>
      <trkpt lat="40.078983907306124" lon="116.34343710216524">
        <ele>44.7</ele>
        <time>2026-08-06T13:55:58.000Z</time>
      </trkpt>
      <trkpt lat="40.078982383915545" lon="116.34344125123401">
        <ele>44.7</ele>
        <time>2026-08-06T13:55:59.000Z</time>
      </trkpt>
      <trkpt lat="40.078981120350214" lon="116.34344494484236">
        <ele>44.7</ele>
        <time>2026-08-06T13:56:00.000Z</time>
      </trkpt>
      <trkpt lat="40.07898013192543" lon="116.34344833356256">
        <ele>44.7</ele>
        <time>2026-08-06T13:56:01.000Z</time>
      </trkpt>
      <trkpt lat="40.078979352623065" lon="116.34345185108604">
        <ele>44.7</ele>
        <time>2026-08-06T13:56:02.000Z</time>
      </trkpt>
      <trkpt lat="40.07897874852666" lon="116.34345589100273">
        <ele>44.7</ele>
        <time>2026-08-06T13:56:03.000Z</time>
      </trkpt>
      <trkpt lat="40.0789783058284" lon="116.34346089308467">
        <ele>44.7</ele>
        <time>2026-08-06T13:56:04.000Z</time>
      </trkpt>
      <trkpt lat="40.07897799532001" lon="116.34346744365614">
        <ele>44.7</ele>
        <time>2026-08-06T13:56:05.000Z</time>
      </trkpt>
      <trkpt lat="40.078977830984286" lon="116.34347615590652">
        <ele>44.8</ele>
        <time>2026-08-06T13:56:06.000Z</time>
      </trkpt>
      <trkpt lat="40.07897788201365" lon="116.34348768628718">
        <ele>44.8</ele>
        <time>2026-08-06T13:56:07.000Z</time>
      </trkpt>
      <trkpt lat="40.07897826678894" lon="116.34350261127864">
        <ele>44.8</ele>
        <time>2026-08-06T13:56:08.000Z</time>
      </trkpt>
      <trkpt lat="40.07897891177635" lon="116.34352134107485">
        <ele>44.8</ele>
        <time>2026-08-06T13:56:09.000Z</time>
      </trkpt>
      <trkpt lat="40.078979389378354" lon="116.34354383038907">
        <ele>44.8</ele>
        <time>2026-08-06T13:56:10.000Z</time>
      </trkpt>
      <trkpt lat="40.078979316348445" lon="116.34356912328593">
        <ele>44.8</ele>
        <time>2026-08-06T13:56:11.000Z</time>
      </trkpt>
      <trkpt lat="40.078978608781675" lon="116.34359558394802">
        <ele>44.9</ele>
        <time>2026-08-06T13:56:12.000Z</time>
      </trkpt>
      <trkpt lat="40.07897731368088" lon="116.34362188610707">
        <ele>44.9</ele>
        <time>2026-08-06T13:56:13.000Z</time>
      </trkpt>
      <trkpt lat="40.0789754476454" lon="116.34364745464617">
        <ele>44.9</ele>
        <time>2026-08-06T13:56:14.000Z</time>
      </trkpt>
      <trkpt lat="40.07897299818467" lon="116.34367205006527">
        <ele>45.0</ele>
        <time>2026-08-06T13:56:15.000Z</time>
      </trkpt>
      <trkpt lat="40.07896995043417" lon="116.34369565260022">
        <ele>45.0</ele>
        <time>2026-08-06T13:56:16.000Z</time>
      </trkpt>
      <trkpt lat="40.078966311950104" lon="116.34371869825567">
        <ele>45.0</ele>
        <time>2026-08-06T13:56:17.000Z</time>
      </trkpt>
      <trkpt lat="40.07896220829855" lon="116.34374186399384">
        <ele>45.0</ele>
        <time>2026-08-06T13:56:18.000Z</time>
      </trkpt>
      <trkpt lat="40.07895779631455" lon="116.34376574094328">
        <ele>45.0</ele>
        <time>2026-08-06T13:56:19.000Z</time>
      </trkpt>
      <trkpt lat="40.07895319828888" lon="116.34379105835441">
        <ele>45.0</ele>
        <time>2026-08-06T13:56:20.000Z</time>
      </trkpt>
      <trkpt lat="40.07894860491199" lon="116.34381834138682">
        <ele>45.0</ele>
        <time>2026-08-06T13:56:21.000Z</time>
      </trkpt>
      <trkpt lat="40.07894421394926" lon="116.34384742175162">
        <ele>45.0</ele>
        <time>2026-08-06T13:56:22.000Z</time>
      </trkpt>
      <trkpt lat="40.078940191309684" lon="116.34387789768869">
        <ele>44.9</ele>
        <time>2026-08-06T13:56:23.000Z</time>
      </trkpt>
      <trkpt lat="40.0789366297857" lon="116.34390951036569">
        <ele>44.9</ele>
        <time>2026-08-06T13:56:24.000Z</time>
      </trkpt>
      <trkpt lat="40.07893348927714" lon="116.34394186198492">
        <ele>44.9</ele>
        <time>2026-08-06T13:56:25.000Z</time>
      </trkpt>
      <trkpt lat="40.078930741193844" lon="116.34397436476775">
        <ele>44.9</ele>
        <time>2026-08-06T13:56:26.000Z</time>
      </trkpt>
      <trkpt lat="40.07892842778712" lon="116.34400654233347">
        <ele>44.9</ele>
        <time>2026-08-06T13:56:27.000Z</time>
      </trkpt>
      <trkpt lat="40.078926634128045" lon="116.34403823248458">
        <ele>44.8</ele>
        <time>2026-08-06T13:56:28.000Z</time>
      </trkpt>
      <trkpt lat="40.07892551886854" lon="116.34406915997852">
        <ele>44.8</ele>
        <time>2026-08-06T13:56:29.000Z</time>
      </trkpt>
      <trkpt lat="40.07892517757919" lon="116.34409884799713">
        <ele>44.8</ele>
        <time>2026-08-06T13:56:30.000Z</time>
      </trkpt>
      <trkpt lat="40.078925598393546" lon="116.3441269875385">
        <ele>44.8</ele>
        <time>2026-08-06T13:56:31.000Z</time>
      </trkpt>
      <trkpt lat="40.078926576838526" lon="116.34415328225097">
        <ele>44.8</ele>
        <time>2026-08-06T13:56:32.000Z</time>
      </trkpt>
      <trkpt lat="40.078927756506204" lon="116.3441776193387">
        <ele>44.8</ele>
        <time>2026-08-06T13:56:33.000Z</time>
      </trkpt>
      <trkpt lat="40.07892886054465" lon="116.34420014554881">
        <ele>44.8</ele>
        <time>2026-08-06T13:56:34.000Z</time>
      </trkpt>
      <trkpt lat="40.07892967317731" lon="116.34422115320076">
        <ele>44.7</ele>
        <time>2026-08-06T13:56:35.000Z</time>
      </trkpt>
      <trkpt lat="40.078930040980616" lon="116.34424099556831">
        <ele>44.7</ele>
        <time>2026-08-06T13:56:36.000Z</time>
      </trkpt>
      <trkpt lat="40.07892983977381" lon="116.34425977700333">
        <ele>44.7</ele>
        <time>2026-08-06T13:56:37.000Z</time>
      </trkpt>
      <trkpt lat="40.07892914304136" lon="116.34427763934526">
        <ele>44.7</ele>
        <time>2026-08-06T13:56:38.000Z</time>
      </trkpt>
      <trkpt lat="40.07892816227569" lon="116.34429479192659">
        <ele>44.7</ele>
        <time>2026-08-06T13:56:39.000Z</time>
      </trkpt>
      <trkpt lat="40.078927075076834" lon="116.34431126619567">
        <ele>44.7</ele>
        <time>2026-08-06T13:56:40.000Z</time>
      </trkpt>
      <trkpt lat="40.07892601472836" lon="116.34432688622286">
        <ele>44.7</ele>
        <time>2026-08-06T13:56:41.000Z</time>
      </trkpt>
      <trkpt lat="40.0789250814555" lon="116.34434182442904">
        <ele>44.7</ele>
        <time>2026-08-06T13:56:42.000Z</time>
      </trkpt>
      <trkpt lat="40.07892438342305" lon="116.34435687891671">
        <ele>44.7</ele>
        <time>2026-08-06T13:56:43.000Z</time>
      </trkpt>
      <trkpt lat="40.078924096785684" lon="116.34437318750966">
        <ele>44.6</ele>
        <time>2026-08-06T13:56:44.000Z</time>
      </trkpt>
      <trkpt lat="40.07892432178726" lon="116.34439181691519">
        <ele>44.6</ele>
        <time>2026-08-06T13:56:45.000Z</time>
      </trkpt>
      <trkpt lat="40.078924897579924" lon="116.34441332685623">
        <ele>44.6</ele>
        <time>2026-08-06T13:56:46.000Z</time>
      </trkpt>
      <trkpt lat="40.07892556280383" lon="116.34443799049009">
        <ele>44.6</ele>
        <time>2026-08-06T13:56:47.000Z</time>
      </trkpt>
      <trkpt lat="40.078926006349434" lon="116.34446571791794">
        <ele>44.6</ele>
        <time>2026-08-06T13:56:48.000Z</time>
      </trkpt>
      <trkpt lat="40.07892590374585" lon="116.34449599567805">
        <ele>44.6</ele>
        <time>2026-08-06T13:56:49.000Z</time>
      </trkpt>
      <trkpt lat="40.07892492667844" lon="116.34452784676259">
        <ele>44.6</ele>
        <time>2026-08-06T13:56:50.000Z</time>
      </trkpt>
      <trkpt lat="40.07892304121845" lon="116.34455976175147">
        <ele>44.6</ele>
        <time>2026-08-06T13:56:51.000Z</time>
      </trkpt>
      <trkpt lat="40.07892055952756" lon="116.34459135120005">
        <ele>44.6</ele>
        <time>2026-08-06T13:56:52.000Z</time>
      </trkpt>
      <trkpt lat="40.078917828047544" lon="116.34462277823316">
        <ele>44.6</ele>
        <time>2026-08-06T13:56:53.000Z</time>
      </trkpt>
      <trkpt lat="40.0789153856616" lon="116.34465386405016">
        <ele>44.6</ele>
        <time>2026-08-06T13:56:54.000Z</time>
      </trkpt>
      <trkpt lat="40.0789139971113" lon="116.34468514296387">
        <ele>44.6</ele>
        <time>2026-08-06T13:56:55.000Z</time>
      </trkpt>
      <trkpt lat="40.078913907804896" lon="116.34471734374675">
        <ele>44.6</ele>
        <time>2026-08-06T13:56:56.000Z</time>
      </trkpt>
      <trkpt lat="40.07891519371521" lon="116.34475070883902">
        <ele>44.6</ele>
        <time>2026-08-06T13:56:57.000Z</time>
      </trkpt>
      <trkpt lat="40.07891779615542" lon="116.3447844727505">
        <ele>44.7</ele>
        <time>2026-08-06T13:56:58.000Z</time>
      </trkpt>
      <trkpt lat="40.07892137095527" lon="116.34481855309885">
        <ele>44.7</ele>
        <time>2026-08-06T13:56:59.000Z</time>
      </trkpt>
      <trkpt lat="40.07892562827726" lon="116.34485344128527">
        <ele>44.7</ele>
        <time>2026-08-06T13:57:00.000Z</time>
      </trkpt>
      <trkpt lat="40.078930290884315" lon="116.34488913045107">
        <ele>44.7</ele>
        <time>2026-08-06T13:57:01.000Z</time>
      </trkpt>
      <trkpt lat="40.07893510064743" lon="116.34492498532586">
        <ele>44.7</ele>
        <time>2026-08-06T13:57:02.000Z</time>
      </trkpt>
      <trkpt lat="40.07893996173552" lon="116.34496065478416">
        <ele>44.8</ele>
        <time>2026-08-06T13:57:03.000Z</time>
      </trkpt>
      <trkpt lat="40.07894477483644" lon="116.34499591944082">
        <ele>44.8</ele>
        <time>2026-08-06T13:57:04.000Z</time>
      </trkpt>
      <trkpt lat="40.078949141317736" lon="116.3450299854915">
        <ele>44.8</ele>
        <time>2026-08-06T13:57:05.000Z</time>
      </trkpt>
      <trkpt lat="40.07895293523242" lon="116.34506247559762">
        <ele>44.8</ele>
        <time>2026-08-06T13:57:06.000Z</time>
      </trkpt>
      <trkpt lat="40.078956215178955" lon="116.34509335089024">
        <ele>44.9</ele>
        <time>2026-08-06T13:57:07.000Z</time>
      </trkpt>
      <trkpt lat="40.07895887077202" lon="116.34512309847645">
        <ele>44.9</ele>
        <time>2026-08-06T13:57:08.000Z</time>
      </trkpt>
      <trkpt lat="40.078960786431" lon="116.34515183401783">
        <ele>44.9</ele>
        <time>2026-08-06T13:57:09.000Z</time>
      </trkpt>
      <trkpt lat="40.078961843878474" lon="116.3451790580892">
        <ele>44.9</ele>
        <time>2026-08-06T13:57:10.000Z</time>
      </trkpt>
      <trkpt lat="40.078962470944326" lon="116.34520513621446">
        <ele>44.9</ele>
        <time>2026-08-06T13:57:11.000Z</time>
      </trkpt>
      <trkpt lat="40.07896354112992" lon="116.34523124566402">
        <ele>44.9</ele>
        <time>2026-08-06T13:57:12.000Z</time>
      </trkpt>
      <trkpt lat="40.07896525440392" lon="116.34525833320612">
        <ele>44.9</ele>
        <time>2026-08-06T13:57:13.000Z</time>
      </trkpt>
      <trkpt lat="40.07896728645368" lon="116.34528640850553">
        <ele>44.9</ele>
        <time>2026-08-06T13:57:14.000Z</time>
      </trkpt>
      <trkpt lat="40.078969258706024" lon="116.34531482306204">
        <ele>44.8</ele>
        <time>2026-08-06T13:57:15.000Z</time>
      </trkpt>
      <trkpt lat="40.078970961042884" lon="116.34534293659674">
        <ele>44.8</ele>
        <time>2026-08-06T13:57:16.000Z</time>
      </trkpt>
      <trkpt lat="40.078972485674555" lon="116.34537040549775">
        <ele>44.7</ele>
        <time>2026-08-06T13:57:17.000Z</time>
      </trkpt>
      <trkpt lat="40.0789739671677" lon="116.34539714764584">
        <ele>44.7</ele>
        <time>2026-08-06T13:57:18.000Z</time>
      </trkpt>
      <trkpt lat="40.078975380662044" lon="116.34542278784228">
        <ele>44.7</ele>
        <time>2026-08-06T13:57:19.000Z</time>
      </trkpt>
      <trkpt lat="40.07897657971342" lon="116.34544676675942">
        <ele>44.6</ele>
        <time>2026-08-06T13:57:20.000Z</time>
      </trkpt>
      <trkpt lat="40.07897735702239" lon="116.34546858662861">
        <ele>44.6</ele>
        <time>2026-08-06T13:57:21.000Z</time>
      </trkpt>
      <trkpt lat="40.07897766474978" lon="116.34548835452443">
        <ele>44.6</ele>
        <time>2026-08-06T13:57:22.000Z</time>
      </trkpt>
      <trkpt lat="40.07897774248463" lon="116.34550712179215">
        <ele>44.6</ele>
        <time>2026-08-06T13:57:23.000Z</time>
      </trkpt>
      <trkpt lat="40.07897781959548" lon="116.34552625092081">
        <ele>44.5</ele>
        <time>2026-08-06T13:57:24.000Z</time>
      </trkpt>
      <trkpt lat="40.07897805710877" lon="116.34554785385544">
        <ele>44.5</ele>
        <time>2026-08-06T13:57:25.000Z</time>
      </trkpt>
      <trkpt lat="40.07897846120708" lon="116.34557320493712">
        <ele>44.5</ele>
        <time>2026-08-06T13:57:26.000Z</time>
      </trkpt>
      <trkpt lat="40.07897924014105" lon="116.34560253684343">
        <ele>44.5</ele>
        <time>2026-08-06T13:57:27.000Z</time>
      </trkpt>
      <trkpt lat="40.07898068134126" lon="116.34563619620528">
        <ele>44.5</ele>
        <time>2026-08-06T13:57:28.000Z</time>
      </trkpt>
      <trkpt lat="40.07898265938305" lon="116.34567336394268">
        <ele>44.5</ele>
        <time>2026-08-06T13:57:29.000Z</time>
      </trkpt>
      <trkpt lat="40.07898495430943" lon="116.34571248178068">
        <ele>44.4</ele>
        <time>2026-08-06T13:57:30.000Z</time>
      </trkpt>
      <trkpt lat="40.078987327195165" lon="116.34575201305003">
        <ele>44.4</ele>
        <time>2026-08-06T13:57:31.000Z</time>
      </trkpt>
      <trkpt lat="40.07898960329404" lon="116.34579101561269">
        <ele>44.4</ele>
        <time>2026-08-06T13:57:32.000Z</time>
      </trkpt>
      <trkpt lat="40.0789917224078" lon="116.34582924713177">
        <ele>44.4</ele>
        <time>2026-08-06T13:57:33.000Z</time>
      </trkpt>
      <trkpt lat="40.07899359750224" lon="116.34586664404591">
        <ele>44.4</ele>
        <time>2026-08-06T13:57:34.000Z</time>
      </trkpt>
      <trkpt lat="40.078995390293" lon="116.34590310522684">
        <ele>44.3</ele>
        <time>2026-08-06T13:57:35.000Z</time>
      </trkpt>
      <trkpt lat="40.078997331468216" lon="116.34593816478073">
        <ele>44.3</ele>
        <time>2026-08-06T13:57:36.000Z</time>
      </trkpt>
      <trkpt lat="40.078999436585015" lon="116.34597142209586">
        <ele>44.3</ele>
        <time>2026-08-06T13:57:37.000Z</time>
      </trkpt>
      <trkpt lat="40.07900171616047" lon="116.34600340017359">
        <ele>44.3</ele>
        <time>2026-08-06T13:57:38.000Z</time>
      </trkpt>
      <trkpt lat="40.07900412572489" lon="116.3460350288279">
        <ele>44.3</ele>
        <time>2026-08-06T13:57:39.000Z</time>
      </trkpt>
      <trkpt lat="40.07900664015964" lon="116.34606731035966">
        <ele>44.2</ele>
        <time>2026-08-06T13:57:40.000Z</time>
      </trkpt>
      <trkpt lat="40.07900922139106" lon="116.34610095613694">
        <ele>44.2</ele>
        <time>2026-08-06T13:57:41.000Z</time>
      </trkpt>
      <trkpt lat="40.079011839930025" lon="116.34613594416666">
        <ele>44.2</ele>
        <time>2026-08-06T13:57:42.000Z</time>
      </trkpt>
      <trkpt lat="40.079014502589224" lon="116.34617156561393">
        <ele>44.2</ele>
        <time>2026-08-06T13:57:43.000Z</time>
      </trkpt>
      <trkpt lat="40.07901726155726" lon="116.34620733079635">
        <ele>44.2</ele>
        <time>2026-08-06T13:57:44.000Z</time>
      </trkpt>
      <trkpt lat="40.07902018138138" lon="116.34624327030679">
        <ele>44.2</ele>
        <time>2026-08-06T13:57:45.000Z</time>
      </trkpt>
      <trkpt lat="40.07902313170172" lon="116.34627915932496">
        <ele>44.2</ele>
        <time>2026-08-06T13:57:46.000Z</time>
      </trkpt>
      <trkpt lat="40.07902579617405" lon="116.34631422858895">
        <ele>44.2</ele>
        <time>2026-08-06T13:57:47.000Z</time>
      </trkpt>
      <trkpt lat="40.0790278543017" lon="116.34634731570004">
        <ele>44.2</ele>
        <time>2026-08-06T13:57:48.000Z</time>
      </trkpt>
      <trkpt lat="40.07902920697795" lon="116.3463780651947">
        <ele>44.2</ele>
        <time>2026-08-06T13:57:49.000Z</time>
      </trkpt>
      <trkpt lat="40.07902994181388" lon="116.34640744326897">
        <ele>44.1</ele>
        <time>2026-08-06T13:57:50.000Z</time>
      </trkpt>
      <trkpt lat="40.07903045068123" lon="116.34643647996651">
        <ele>44.1</ele>
        <time>2026-08-06T13:57:51.000Z</time>
      </trkpt>
      <trkpt lat="40.079031091582884" lon="116.34646553658288">
        <ele>44.1</ele>
        <time>2026-08-06T13:57:52.000Z</time>
      </trkpt>
      <trkpt lat="40.07903193075018" lon="116.34649505296308">
        <ele>44.1</ele>
        <time>2026-08-06T13:57:53.000Z</time>
      </trkpt>
      <trkpt lat="40.07903287944065" lon="116.34652499786228">
        <ele>44.1</ele>
        <time>2026-08-06T13:57:54.000Z</time>
      </trkpt>
      <trkpt lat="40.0790338497513" lon="116.3465549503747">
        <ele>44.1</ele>
        <time>2026-08-06T13:57:55.000Z</time>
      </trkpt>
      <trkpt lat="40.07903482318205" lon="116.34658484087224">
        <ele>44.1</ele>
        <time>2026-08-06T13:57:56.000Z</time>
      </trkpt>
      <trkpt lat="40.07903600871769" lon="116.34661510071716">
        <ele>44.1</ele>
        <time>2026-08-06T13:57:57.000Z</time>
      </trkpt>
      <trkpt lat="40.07903768800356" lon="116.34664606780646">
        <ele>44.1</ele>
        <time>2026-08-06T13:57:58.000Z</time>
      </trkpt>
      <trkpt lat="40.079039911127936" lon="116.34667782167315">
        <ele>44.1</ele>
        <time>2026-08-06T13:57:59.000Z</time>
      </trkpt>
      <trkpt lat="40.07904264471732" lon="116.346710218839">
        <ele>44.1</ele>
        <time>2026-08-06T13:58:00.000Z</time>
      </trkpt>
      <trkpt lat="40.07904571002866" lon="116.34674278899176">
        <ele>44.1</ele>
        <time>2026-08-06T13:58:01.000Z</time>
      </trkpt>
      <trkpt lat="40.07904891995347" lon="116.34677497294263">
        <ele>44.1</ele>
        <time>2026-08-06T13:58:02.000Z</time>
      </trkpt>
      <trkpt lat="40.07905219752089" lon="116.34680646989912">
        <ele>44.1</ele>
        <time>2026-08-06T13:58:03.000Z</time>
      </trkpt>
      <trkpt lat="40.0790556712518" lon="116.34683740427278">
        <ele>44.1</ele>
        <time>2026-08-06T13:58:04.000Z</time>
      </trkpt>
      <trkpt lat="40.079059490804774" lon="116.34686780488498">
        <ele>44.1</ele>
        <time>2026-08-06T13:58:05.000Z</time>
      </trkpt>
      <trkpt lat="40.07906360092211" lon="116.34689737381383">
        <ele>44.1</ele>
        <time>2026-08-06T13:58:06.000Z</time>
      </trkpt>
      <trkpt lat="40.07906783898852" lon="116.34692558238518">
        <ele>44.1</ele>
        <time>2026-08-06T13:58:07.000Z</time>
      </trkpt>
      <trkpt lat="40.07907196594816" lon="116.34695214646345">
        <ele>44.1</ele>
        <time>2026-08-06T13:58:08.000Z</time>
      </trkpt>
      <trkpt lat="40.07907579510862" lon="116.3469779009922">
        <ele>44.1</ele>
        <time>2026-08-06T13:58:09.000Z</time>
      </trkpt>
      <trkpt lat="40.07907917513192" lon="116.34700429311043">
        <ele>44.1</ele>
        <time>2026-08-06T13:58:10.000Z</time>
      </trkpt>
      <trkpt lat="40.07908194311803" lon="116.34703234421772">
        <ele>44.1</ele>
        <time>2026-08-06T13:58:11.000Z</time>
      </trkpt>
      <trkpt lat="40.079084081376166" lon="116.34706220423243">
        <ele>44.1</ele>
        <time>2026-08-06T13:58:12.000Z</time>
      </trkpt>
      <trkpt lat="40.07908573654642" lon="116.34709337501464">
        <ele>44.1</ele>
        <time>2026-08-06T13:58:13.000Z</time>
      </trkpt>
      <trkpt lat="40.07908718639014" lon="116.34712537754166">
        <ele>44.1</ele>
        <time>2026-08-06T13:58:14.000Z</time>
      </trkpt>
      <trkpt lat="40.079088601598976" lon="116.34715768228536">
        <ele>44.1</ele>
        <time>2026-08-06T13:58:15.000Z</time>
      </trkpt>
      <trkpt lat="40.079089925263474" lon="116.34718982874257">
        <ele>44.1</ele>
        <time>2026-08-06T13:58:16.000Z</time>
      </trkpt>
      <trkpt lat="40.07909094718751" lon="116.34722138952064">
        <ele>44.1</ele>
        <time>2026-08-06T13:58:17.000Z</time>
      </trkpt>
      <trkpt lat="40.07909147496412" lon="116.34725163188216">
        <ele>44.1</ele>
        <time>2026-08-06T13:58:18.000Z</time>
      </trkpt>
      <trkpt lat="40.07909148536749" lon="116.34728015240385">
        <ele>44.1</ele>
        <time>2026-08-06T13:58:19.000Z</time>
      </trkpt>
      <trkpt lat="40.07909117158862" lon="116.34730728615705">
        <ele>44.1</ele>
        <time>2026-08-06T13:58:20.000Z</time>
      </trkpt>
      <trkpt lat="40.07909078508694" lon="116.34733373633816">
        <ele>44.1</ele>
        <time>2026-08-06T13:58:21.000Z</time>
      </trkpt>
      <trkpt lat="40.079090502070365" lon="116.34736068992471">
        <ele>44.1</ele>
        <time>2026-08-06T13:58:22.000Z</time>
      </trkpt>
      <trkpt lat="40.07909040274439" lon="116.3473890569894">
        <ele>44.1</ele>
        <time>2026-08-06T13:58:23.000Z</time>
      </trkpt>
      <trkpt lat="40.07909052571794" lon="116.34741897271485">
        <ele>44.1</ele>
        <time>2026-08-06T13:58:24.000Z</time>
      </trkpt>
      <trkpt lat="40.079090794841434" lon="116.34744994840767">
        <ele>44.1</ele>
        <time>2026-08-06T13:58:25.000Z</time>
      </trkpt>
      <trkpt lat="40.07909096834143" lon="116.34748105958386">
        <ele>44.1</ele>
        <time>2026-08-06T13:58:26.000Z</time>
      </trkpt>
      <trkpt lat="40.079090888259095" lon="116.34751142990373">
        <ele>44.1</ele>
        <time>2026-08-06T13:58:27.000Z</time>
      </trkpt>
      <trkpt lat="40.07909038276052" lon="116.34754062073057">
        <ele>44.1</ele>
        <time>2026-08-06T13:58:28.000Z</time>
      </trkpt>
      <trkpt lat="40.079089183868604" lon="116.34756871252159">
        <ele>44.1</ele>
        <time>2026-08-06T13:58:29.000Z</time>
      </trkpt>
      <trkpt lat="40.07908700462248" lon="116.34759587807376">
        <ele>44.1</ele>
        <time>2026-08-06T13:58:30.000Z</time>
      </trkpt>
      <trkpt lat="40.079083635770914" lon="116.34762224241354">
        <ele>44.1</ele>
        <time>2026-08-06T13:58:31.000Z</time>
      </trkpt>
      <trkpt lat="40.07907884980761" lon="116.34764788117232">
        <ele>44.1</ele>
        <time>2026-08-06T13:58:32.000Z</time>
      </trkpt>
      <trkpt lat="40.07907237472761" lon="116.34767274215838">
        <ele>44.1</ele>
        <time>2026-08-06T13:58:33.000Z</time>
      </trkpt>
      <trkpt lat="40.07906401407033" lon="116.34769651649619">
        <ele>44.1</ele>
        <time>2026-08-06T13:58:34.000Z</time>
      </trkpt>
      <trkpt lat="40.07905374747613" lon="116.3477185335164">
        <ele>44.1</ele>
        <time>2026-08-06T13:58:35.000Z</time>
      </trkpt>
      <trkpt lat="40.079041715084216" lon="116.34773824755086">
        <ele>44.2</ele>
        <time>2026-08-06T13:58:36.000Z</time>
      </trkpt>
      <trkpt lat="40.07902806426673" lon="116.3477557359851">
        <ele>44.2</ele>
        <time>2026-08-06T13:58:37.000Z</time>
      </trkpt>
      <trkpt lat="40.07901294318936" lon="116.34777115417717">
        <ele>44.2</ele>
        <time>2026-08-06T13:58:38.000Z</time>
      </trkpt>
      <trkpt lat="40.07899638295686" lon="116.3477844821829">
        <ele>44.2</ele>
        <time>2026-08-06T13:58:39.000Z</time>
      </trkpt>
      <trkpt lat="40.078978212899955" lon="116.34779581468801">
        <ele>44.2</ele>
        <time>2026-08-06T13:58:40.000Z</time>
      </trkpt>
      <trkpt lat="40.07895844275555" lon="116.34780533039199">
        <ele>44.2</ele>
        <time>2026-08-06T13:58:41.000Z</time>
      </trkpt>
      <trkpt lat="40.07893749841927" lon="116.34781308959869">
        <ele>44.2</ele>
        <time>2026-08-06T13:58:42.000Z</time>
      </trkpt>
      <trkpt lat="40.07891606630022" lon="116.34781904037762">
        <ele>44.1</ele>
        <time>2026-08-06T13:58:43.000Z</time>
      </trkpt>
      <trkpt lat="40.07889490439279" lon="116.34782326502196">
        <ele>44.1</ele>
        <time>2026-08-06T13:58:44.000Z</time>
      </trkpt>
      <trkpt lat="40.07887438832202" lon="116.34782615185509">
        <ele>44.1</ele>
        <time>2026-08-06T13:58:45.000Z</time>
      </trkpt>
      <trkpt lat="40.078854470533" lon="116.34782811805528">
        <ele>44.1</ele>
        <time>2026-08-06T13:58:46.000Z</time>
      </trkpt>
      <trkpt lat="40.07883496729545" lon="116.34782942906831">
        <ele>44.1</ele>
        <time>2026-08-06T13:58:47.000Z</time>
      </trkpt>
      <trkpt lat="40.07881562693547" lon="116.34783031385956">
        <ele>44.1</ele>
        <time>2026-08-06T13:58:48.000Z</time>
      </trkpt>
      <trkpt lat="40.07879613264645" lon="116.34783097653543">
        <ele>44.0</ele>
        <time>2026-08-06T13:58:49.000Z</time>
      </trkpt>
      <trkpt lat="40.078776177849484" lon="116.3478314497358">
        <ele>44.0</ele>
        <time>2026-08-06T13:58:50.000Z</time>
      </trkpt>
      <trkpt lat="40.07875584347975" lon="116.34783178892467">
        <ele>44.0</ele>
        <time>2026-08-06T13:58:51.000Z</time>
      </trkpt>
      <trkpt lat="40.078735643934984" lon="116.34783214309967">
        <ele>44.0</ele>
        <time>2026-08-06T13:58:52.000Z</time>
      </trkpt>
      <trkpt lat="40.078716170300964" lon="116.34783251550819">
        <ele>44.0</ele>
        <time>2026-08-06T13:58:53.000Z</time>
      </trkpt>
      <trkpt lat="40.07869795358614" lon="116.34783276300402">
        <ele>43.9</ele>
        <time>2026-08-06T13:58:54.000Z</time>
      </trkpt>
      <trkpt lat="40.07868118197027" lon="116.34783281836106">
        <ele>43.9</ele>
        <time>2026-08-06T13:58:55.000Z</time>
      </trkpt>
      <trkpt lat="40.078665485437845" lon="116.34783283067648">
        <ele>43.9</ele>
        <time>2026-08-06T13:58:56.000Z</time>
      </trkpt>
      <trkpt lat="40.07865030351396" lon="116.34783299668742">
        <ele>43.9</ele>
        <time>2026-08-06T13:58:57.000Z</time>
      </trkpt>
      <trkpt lat="40.07863527514254" lon="116.3478334850969">
        <ele>43.9</ele>
        <time>2026-08-06T13:58:58.000Z</time>
      </trkpt>
      <trkpt lat="40.07862023881784" lon="116.34783431232759">
        <ele>43.9</ele>
        <time>2026-08-06T13:58:59.000Z</time>
      </trkpt>
      <trkpt lat="40.07860486941129" lon="116.34783535848294">
        <ele>43.9</ele>
        <time>2026-08-06T13:59:00.000Z</time>
      </trkpt>
      <trkpt lat="40.07858854550368" lon="116.34783652285385">
        <ele>43.9</ele>
        <time>2026-08-06T13:59:01.000Z</time>
      </trkpt>
      <trkpt lat="40.07857080212313" lon="116.34783772813252">
        <ele>43.9</ele>
        <time>2026-08-06T13:59:02.000Z</time>
      </trkpt>
      <trkpt lat="40.07855182418117" lon="116.34783879358378">
        <ele>43.9</ele>
        <time>2026-08-06T13:59:03.000Z</time>
        <extensions>
  <gpxtpx:TrackPointExtension>
    <gpxtpx:hr>154</gpxtpx:hr>
  </gpxtpx:TrackPointExtension>
</extensions>
      </trkpt>
      <trkpt lat="40.07853190957249" lon="116.34783953662908">
        <ele>43.9</ele>
        <time>2026-08-06T13:59:04.000Z</time>
        <extensions>
  <gpxtpx:TrackPointExtension>
    <gpxtpx:hr>154</gpxtpx:hr>
  </gpxtpx:TrackPointExtension>
</extensions>
      </trkpt>
      <trkpt lat="40.07851114725952" lon="116.34783993714127">
        <ele>43.9</ele>
        <time>2026-08-06T13:59:05.000Z</time>
        <extensions>
  <gpxtpx:TrackPointExtension>
    <gpxtpx:hr>154</gpxtpx:hr>
  </gpxtpx:TrackPointExtension>
</extensions>
      </trkpt>
      <trkpt lat="40.0784898176629" lon="116.34784010259958">
        <ele>43.9</ele>
        <time>2026-08-06T13:59:06.000Z</time>
        <extensions>
  <gpxtpx:TrackPointExtension>
    <gpxtpx:hr>154</gpxtpx:hr>
  </gpxtpx:TrackPointExtension>
</extensions>
      </trkpt>
      <trkpt lat="40.078468147353135" lon="116.34784013327274">
        <ele>44.0</ele>
        <time>2026-08-06T13:59:07.000Z</time>
        <extensions>
  <gpxtpx:TrackPointExtension>
    <gpxtpx:hr>154</gpxtpx:hr>
  </gpxtpx:TrackPointExtension>
</extensions>
      </trkpt>
      <trkpt lat="40.07844610346249" lon="116.34784012016884">
        <ele>44.0</ele>
        <time>2026-08-06T13:59:08.000Z</time>
        <extensions>
  <gpxtpx:TrackPointExtension>
    <gpxtpx:hr>154</gpxtpx:hr>
  </gpxtpx:TrackPointExtension>
</extensions>
      </trkpt>
      <trkpt lat="40.07842379511856" lon="116.34784008314695">
        <ele>44.0</ele>
        <time>2026-08-06T13:59:09.000Z</time>
        <extensions>
  <gpxtpx:TrackPointExtension>
    <gpxtpx:hr>154</gpxtpx:hr>
  </gpxtpx:TrackPointExtension>
</extensions>
      </trkpt>
      <trkpt lat="40.07840148088947" lon="116.34783990572113">
        <ele>44.0</ele>
        <time>2026-08-06T13:59:10.000Z</time>
        <extensions>
  <gpxtpx:TrackPointExtension>
    <gpxtpx:hr>154</gpxtpx:hr>
  </gpxtpx:TrackPointExtension>
</extensions>
      </trkpt>
      <trkpt lat="40.07837938273225" lon="116.34783943674371">
        <ele>44.0</ele>
        <time>2026-08-06T13:59:11.000Z</time>
        <extensions>
  <gpxtpx:TrackPointExtension>
    <gpxtpx:hr>154</gpxtpx:hr>
  </gpxtpx:TrackPointExtension>
</extensions>
      </trkpt>
      <trkpt lat="40.078357542237185" lon="116.34783853958868">
        <ele>44.1</ele>
        <time>2026-08-06T13:59:12.000Z</time>
        <extensions>
  <gpxtpx:TrackPointExtension>
    <gpxtpx:hr>154</gpxtpx:hr>
  </gpxtpx:TrackPointExtension>
</extensions>
      </trkpt>
      <trkpt lat="40.07833598749852" lon="116.34783723550423">
        <ele>44.1</ele>
        <time>2026-08-06T13:59:13.000Z</time>
      </trkpt>
      <trkpt lat="40.07831486497842" lon="116.34783598790446">
        <ele>44.1</ele>
        <time>2026-08-06T13:59:14.000Z</time>
      </trkpt>
      <trkpt lat="40.07829434302387" lon="116.34783533776557">
        <ele>44.1</ele>
        <time>2026-08-06T13:59:15.000Z</time>
      </trkpt>
      <trkpt lat="40.078274457268115" lon="116.34783527304347">
        <ele>44.1</ele>
        <time>2026-08-06T13:59:16.000Z</time>
      </trkpt>
      <trkpt lat="40.07825502946985" lon="116.34783553218749">
        <ele>44.1</ele>
        <time>2026-08-06T13:59:17.000Z</time>
      </trkpt>
      <trkpt lat="40.0782356323318" lon="116.34783600940911">
        <ele>44.1</ele>
        <time>2026-08-06T13:59:18.000Z</time>
      </trkpt>
      <trkpt lat="40.078215893064794" lon="116.34783671661275">
        <ele>44.2</ele>
        <time>2026-08-06T13:59:19.000Z</time>
      </trkpt>
      <trkpt lat="40.07819562056197" lon="116.34783773400318">
        <ele>44.2</ele>
        <time>2026-08-06T13:59:20.000Z</time>
      </trkpt>
      <trkpt lat="40.078174760406505" lon="116.34783909453822">
        <ele>44.2</ele>
        <time>2026-08-06T13:59:21.000Z</time>
      </trkpt>
      <trkpt lat="40.078153414651275" lon="116.34784078164755">
        <ele>44.2</ele>
        <time>2026-08-06T13:59:22.000Z</time>
      </trkpt>
      <trkpt lat="40.07813155643523" lon="116.34784276321194">
        <ele>44.2</ele>
        <time>2026-08-06T13:59:23.000Z</time>
      </trkpt>
      <trkpt lat="40.07810929069104" lon="116.34784497387913">
        <ele>44.2</ele>
        <time>2026-08-06T13:59:24.000Z</time>
      </trkpt>
      <trkpt lat="40.07808687555215" lon="116.34784735002188">
        <ele>44.2</ele>
        <time>2026-08-06T13:59:25.000Z</time>
      </trkpt>
      <trkpt lat="40.078064382697974" lon="116.34784983670868">
        <ele>44.2</ele>
        <time>2026-08-06T13:59:26.000Z</time>
      </trkpt>
      <trkpt lat="40.07804171602945" lon="116.3478524291919">
        <ele>44.2</ele>
        <time>2026-08-06T13:59:27.000Z</time>
      </trkpt>
      <trkpt lat="40.07801888661949" lon="116.34785505633387">
        <ele>44.2</ele>
        <time>2026-08-06T13:59:28.000Z</time>
      </trkpt>
      <trkpt lat="40.0779962566309" lon="116.34785744869633">
        <ele>44.3</ele>
        <time>2026-08-06T13:59:29.000Z</time>
      </trkpt>
      <trkpt lat="40.07797464430928" lon="116.34785914716963">
        <ele>44.3</ele>
        <time>2026-08-06T13:59:30.000Z</time>
      </trkpt>
      <trkpt lat="40.07795499034817" lon="116.34785975267623">
        <ele>44.3</ele>
        <time>2026-08-06T13:59:31.000Z</time>
      </trkpt>
      <trkpt lat="40.07793740024463" lon="116.34785910924144">
        <ele>44.3</ele>
        <time>2026-08-06T13:59:32.000Z</time>
      </trkpt>
      <trkpt lat="40.07792145966313" lon="116.34785757605736">
        <ele>44.3</ele>
        <time>2026-08-06T13:59:33.000Z</time>
      </trkpt>
      <trkpt lat="40.07790719958315" lon="116.34785577263827">
        <ele>44.3</ele>
        <time>2026-08-06T13:59:34.000Z</time>
      </trkpt>
      <trkpt lat="40.077894220189854" lon="116.34785421593982">
        <ele>44.4</ele>
        <time>2026-08-06T13:59:35.000Z</time>
      </trkpt>
      <trkpt lat="40.0778815426129" lon="116.34785336175764">
        <ele>44.4</ele>
        <time>2026-08-06T13:59:36.000Z</time>
      </trkpt>
      <trkpt lat="40.07786859045036" lon="116.34785348108161">
        <ele>44.4</ele>
        <time>2026-08-06T13:59:37.000Z</time>
      </trkpt>
      <trkpt lat="40.07785472268904" lon="116.34785478250139">
        <ele>44.4</ele>
        <time>2026-08-06T13:59:38.000Z</time>
      </trkpt>
      <trkpt lat="40.07783908839641" lon="116.34785729558666">
        <ele>44.4</ele>
        <time>2026-08-06T13:59:39.000Z</time>
      </trkpt>
      <trkpt lat="40.07782140751365" lon="116.34786072928155">
        <ele>44.4</ele>
        <time>2026-08-06T13:59:40.000Z</time>
      </trkpt>
      <trkpt lat="40.07780167096269" lon="116.3478646120685">
        <ele>44.5</ele>
        <time>2026-08-06T13:59:41.000Z</time>
      </trkpt>
      <trkpt lat="40.077779816970306" lon="116.34786848605306">
        <ele>44.5</ele>
        <time>2026-08-06T13:59:42.000Z</time>
      </trkpt>
      <trkpt lat="40.07775625204471" lon="116.34787202566804">
        <ele>44.5</ele>
        <time>2026-08-06T13:59:43.000Z</time>
      </trkpt>
      <trkpt lat="40.077731613977704" lon="116.34787507064033">
        <ele>44.5</ele>
        <time>2026-08-06T13:59:44.000Z</time>
      </trkpt>
      <trkpt lat="40.077706609605926" lon="116.34787756964828">
        <ele>44.5</ele>
        <time>2026-08-06T13:59:45.000Z</time>
      </trkpt>
      <trkpt lat="40.07768211532716" lon="116.34787941915074">
        <ele>44.5</ele>
        <time>2026-08-06T13:59:46.000Z</time>
      </trkpt>
      <trkpt lat="40.077658412212394" lon="116.34788055416257">
        <ele>44.5</ele>
        <time>2026-08-06T13:59:47.000Z</time>
      </trkpt>
      <trkpt lat="40.077635430850236" lon="116.3478811601771">
        <ele>44.5</ele>
        <time>2026-08-06T13:59:48.000Z</time>
      </trkpt>
      <trkpt lat="40.07761302547199" lon="116.34788174136447">
        <ele>44.6</ele>
        <time>2026-08-06T13:59:49.000Z</time>
      </trkpt>
      <trkpt lat="40.07759040518625" lon="116.34788264240495">
        <ele>44.6</ele>
        <time>2026-08-06T13:59:50.000Z</time>
      </trkpt>
      <trkpt lat="40.077567066946344" lon="116.34788408686374">
        <ele>44.6</ele>
        <time>2026-08-06T13:59:51.000Z</time>
      </trkpt>
      <trkpt lat="40.07754315157824" lon="116.34788626080838">
        <ele>44.6</ele>
        <time>2026-08-06T13:59:52.000Z</time>
      </trkpt>
      <trkpt lat="40.077518708832436" lon="116.34788905890328">
        <ele>44.6</ele>
        <time>2026-08-06T13:59:53.000Z</time>
      </trkpt>
      <trkpt lat="40.0774939056671" lon="116.34789223157495">
        <ele>44.6</ele>
        <time>2026-08-06T13:59:54.000Z</time>
      </trkpt>
      <trkpt lat="40.07746921176477" lon="116.34789549924163">
        <ele>44.6</ele>
        <time>2026-08-06T13:59:55.000Z</time>
      </trkpt>
      <trkpt lat="40.07744528017245" lon="116.34789867588265">
        <ele>44.6</ele>
        <time>2026-08-06T13:59:56.000Z</time>
      </trkpt>
      <trkpt lat="40.077422322089866" lon="116.34790168135568">
        <ele>44.6</ele>
        <time>2026-08-06T13:59:57.000Z</time>
      </trkpt>
      <trkpt lat="40.0774002783197" lon="116.34790440342354">
        <ele>44.6</ele>
        <time>2026-08-06T13:59:58.000Z</time>
      </trkpt>
      <trkpt lat="40.0773791219364" lon="116.34790675387387">
        <ele>44.6</ele>
        <time>2026-08-06T13:59:59.000Z</time>
      </trkpt>
      <trkpt lat="40.07735887748257" lon="116.3479088099763">
        <ele>44.6</ele>
        <time>2026-08-06T14:00:00.000Z</time>
      </trkpt>
      <trkpt lat="40.07733929206583" lon="116.34791068968697">
        <ele>44.6</ele>
        <time>2026-08-06T14:00:01.000Z</time>
      </trkpt>
      <trkpt lat="40.07731994093742" lon="116.34791249325096">
        <ele>44.6</ele>
        <time>2026-08-06T14:00:02.000Z</time>
      </trkpt>
      <trkpt lat="40.07730053602708" lon="116.34791423451829">
        <ele>44.6</ele>
        <time>2026-08-06T14:00:03.000Z</time>
      </trkpt>
      <trkpt lat="40.0772808881702" lon="116.34791584570907">
        <ele>44.6</ele>
        <time>2026-08-06T14:00:04.000Z</time>
      </trkpt>
      <trkpt lat="40.07726053932901" lon="116.34791729776549">
        <ele>44.6</ele>
        <time>2026-08-06T14:00:05.000Z</time>
      </trkpt>
      <trkpt lat="40.07723922847366" lon="116.34791850633003">
        <ele>44.6</ele>
        <time>2026-08-06T14:00:06.000Z</time>
      </trkpt>
      <trkpt lat="40.07721735243788" lon="116.34791941186332">
        <ele>44.6</ele>
        <time>2026-08-06T14:00:07.000Z</time>
      </trkpt>
      <trkpt lat="40.077195408042755" lon="116.34792004741355">
        <ele>44.6</ele>
        <time>2026-08-06T14:00:08.000Z</time>
      </trkpt>
      <trkpt lat="40.07717374549488" lon="116.3479205898417">
        <ele>44.6</ele>
        <time>2026-08-06T14:00:09.000Z</time>
      </trkpt>
      <trkpt lat="40.077152441093595" lon="116.34792141502126">
        <ele>44.6</ele>
        <time>2026-08-06T14:00:10.000Z</time>
      </trkpt>
      <trkpt lat="40.0771311750987" lon="116.34792268946852">
        <ele>44.6</ele>
        <time>2026-08-06T14:00:11.000Z</time>
      </trkpt>
      <trkpt lat="40.077109725757936" lon="116.34792427067231">
        <ele>44.6</ele>
        <time>2026-08-06T14:00:12.000Z</time>
      </trkpt>
      <trkpt lat="40.077088142233805" lon="116.3479260793182">
        <ele>44.6</ele>
        <time>2026-08-06T14:00:13.000Z</time>
      </trkpt>
      <trkpt lat="40.07706636922256" lon="116.34792801932852">
        <ele>44.6</ele>
        <time>2026-08-06T14:00:14.000Z</time>
      </trkpt>
      <trkpt lat="40.077044228060664" lon="116.3479300056651">
        <ele>44.6</ele>
        <time>2026-08-06T14:00:15.000Z</time>
      </trkpt>
      <trkpt lat="40.07702156261068" lon="116.347932111622">
        <ele>44.6</ele>
        <time>2026-08-06T14:00:16.000Z</time>
      </trkpt>
      <trkpt lat="40.07699866223753" lon="116.34793437200749">
        <ele>44.6</ele>
        <time>2026-08-06T14:00:17.000Z</time>
      </trkpt>
      <trkpt lat="40.07697601220629" lon="116.34793671803942">
        <ele>44.6</ele>
        <time>2026-08-06T14:00:18.000Z</time>
      </trkpt>
      <trkpt lat="40.07695338094892" lon="116.34793899646634">
        <ele>44.6</ele>
        <time>2026-08-06T14:00:19.000Z</time>
      </trkpt>
      <trkpt lat="40.07693063748679" lon="116.34794090809656">
        <ele>44.6</ele>
        <time>2026-08-06T14:00:20.000Z</time>
      </trkpt>
      <trkpt lat="40.0769082562092" lon="116.34794207403303">
        <ele>44.6</ele>
        <time>2026-08-06T14:00:21.000Z</time>
      </trkpt>
      <trkpt lat="40.07688644982494" lon="116.34794232572372">
        <ele>44.5</ele>
        <time>2026-08-06T14:00:22.000Z</time>
      </trkpt>
      <trkpt lat="40.076865349565935" lon="116.34794183393043">
        <ele>44.5</ele>
        <time>2026-08-06T14:00:23.000Z</time>
      </trkpt>
      <trkpt lat="40.07684503586018" lon="116.34794116301225">
        <ele>44.5</ele>
        <time>2026-08-06T14:00:24.000Z</time>
      </trkpt>
      <trkpt lat="40.076825020021104" lon="116.34794090299337">
        <ele>44.5</ele>
        <time>2026-08-06T14:00:25.000Z</time>
      </trkpt>
      <trkpt lat="40.0768047887115" lon="116.34794122094338">
        <ele>44.5</ele>
        <time>2026-08-06T14:00:26.000Z</time>
      </trkpt>
      <trkpt lat="40.07678434029523" lon="116.34794200731">
        <ele>44.5</ele>
        <time>2026-08-06T14:00:27.000Z</time>
      </trkpt>
      <trkpt lat="40.07676354729913" lon="116.3479430843949">
        <ele>44.5</ele>
        <time>2026-08-06T14:00:28.000Z</time>
      </trkpt>
      <trkpt lat="40.07674248268467" lon="116.3479443271458">
        <ele>44.5</ele>
        <time>2026-08-06T14:00:29.000Z</time>
      </trkpt>
      <trkpt lat="40.07672117271635" lon="116.34794573650673">
        <ele>44.5</ele>
        <time>2026-08-06T14:00:30.000Z</time>
      </trkpt>
      <trkpt lat="40.076699579946926" lon="116.34794731313313">
        <ele>44.4</ele>
        <time>2026-08-06T14:00:31.000Z</time>
      </trkpt>
      <trkpt lat="40.07667749021496" lon="116.34794907929889">
        <ele>44.4</ele>
        <time>2026-08-06T14:00:32.000Z</time>
      </trkpt>
      <trkpt lat="40.07665424666659" lon="116.34795107294482">
        <ele>44.4</ele>
        <time>2026-08-06T14:00:33.000Z</time>
      </trkpt>
      <trkpt lat="40.07662929568506" lon="116.347953281552">
        <ele>44.4</ele>
        <time>2026-08-06T14:00:34.000Z</time>
      </trkpt>
      <trkpt lat="40.0766028233223" lon="116.34795561708246">
        <ele>44.4</ele>
        <time>2026-08-06T14:00:35.000Z</time>
      </trkpt>
      <trkpt lat="40.07657564598453" lon="116.34795793220155">
        <ele>44.4</ele>
        <time>2026-08-06T14:00:36.000Z</time>
      </trkpt>
      <trkpt lat="40.076548426079505" lon="116.34796014391833">
        <ele>44.4</ele>
        <time>2026-08-06T14:00:37.000Z</time>
      </trkpt>
      <trkpt lat="40.07652168277175" lon="116.34796218293837">
        <ele>44.4</ele>
        <time>2026-08-06T14:00:38.000Z</time>
      </trkpt>
      <trkpt lat="40.0764958856168" lon="116.34796399519996">
        <ele>44.4</ele>
        <time>2026-08-06T14:00:39.000Z</time>
      </trkpt>
      <trkpt lat="40.07647118064776" lon="116.34796547161676">
        <ele>44.4</ele>
        <time>2026-08-06T14:00:40.000Z</time>
      </trkpt>
      <trkpt lat="40.07644744275829" lon="116.34796655458506">
        <ele>44.4</ele>
        <time>2026-08-06T14:00:41.000Z</time>
      </trkpt>
      <trkpt lat="40.076423952716695" lon="116.34796747529829">
        <ele>44.4</ele>
        <time>2026-08-06T14:00:42.000Z</time>
      </trkpt>
      <trkpt lat="40.076399929540656" lon="116.34796847671684">
        <ele>44.4</ele>
        <time>2026-08-06T14:00:43.000Z</time>
      </trkpt>
      <trkpt lat="40.0763750041898" lon="116.34796963714204">
        <ele>44.4</ele>
        <time>2026-08-06T14:00:44.000Z</time>
      </trkpt>
      <trkpt lat="40.07634877034971" lon="116.34797093448266">
        <ele>44.4</ele>
        <time>2026-08-06T14:00:45.000Z</time>
      </trkpt>
      <trkpt lat="40.076321360556264" lon="116.34797226264877">
        <ele>44.4</ele>
        <time>2026-08-06T14:00:46.000Z</time>
      </trkpt>
      <trkpt lat="40.07629363098069" lon="116.34797357740247">
        <ele>44.4</ele>
        <time>2026-08-06T14:00:47.000Z</time>
      </trkpt>
      <trkpt lat="40.07626678113457" lon="116.34797490403035">
        <ele>44.3</ele>
        <time>2026-08-06T14:00:48.000Z</time>
      </trkpt>
      <trkpt lat="40.076241833802285" lon="116.34797624678092">
        <ele>44.3</ele>
        <time>2026-08-06T14:00:49.000Z</time>
      </trkpt>
      <trkpt lat="40.07621921667888" lon="116.34797760633724">
        <ele>44.3</ele>
        <time>2026-08-06T14:00:50.000Z</time>
      </trkpt>
      <trkpt lat="40.076198166281436" lon="116.34797905524907">
        <ele>44.3</ele>
        <time>2026-08-06T14:00:51.000Z</time>
      </trkpt>
      <trkpt lat="40.07617777739669" lon="116.34798063231696">
        <ele>44.3</ele>
        <time>2026-08-06T14:00:52.000Z</time>
      </trkpt>
      <trkpt lat="40.07615789800996" lon="116.3479822556615">
        <ele>44.3</ele>
        <time>2026-08-06T14:00:53.000Z</time>
      </trkpt>
      <trkpt lat="40.076138039790486" lon="116.34798393106601">
        <ele>44.3</ele>
        <time>2026-08-06T14:00:54.000Z</time>
      </trkpt>
      <trkpt lat="40.076117562582176" lon="116.34798566823837">
        <ele>44.3</ele>
        <time>2026-08-06T14:00:55.000Z</time>
      </trkpt>
      <trkpt lat="40.07609627324142" lon="116.34798738280179">
        <ele>44.3</ele>
        <time>2026-08-06T14:00:56.000Z</time>
      </trkpt>
      <trkpt lat="40.076074234506805" lon="116.34798902667588">
        <ele>44.3</ele>
        <time>2026-08-06T14:00:57.000Z</time>
      </trkpt>
      <trkpt lat="40.076051649987384" lon="116.34799054068039">
        <ele>44.3</ele>
        <time>2026-08-06T14:00:58.000Z</time>
      </trkpt>
      <trkpt lat="40.07602853243135" lon="116.34799204567922">
        <ele>44.3</ele>
        <time>2026-08-06T14:00:59.000Z</time>
      </trkpt>
      <trkpt lat="40.076004843267455" lon="116.3479937233225">
        <ele>44.3</ele>
        <time>2026-08-06T14:01:00.000Z</time>
      </trkpt>
      <trkpt lat="40.07598083470978" lon="116.34799555757469">
        <ele>44.2</ele>
        <time>2026-08-06T14:01:01.000Z</time>
      </trkpt>
      <trkpt lat="40.07595690987647" lon="116.34799741280412">
        <ele>44.2</ele>
        <time>2026-08-06T14:01:02.000Z</time>
      </trkpt>
      <trkpt lat="40.07593354251157" lon="116.34799912191195">
        <ele>44.2</ele>
        <time>2026-08-06T14:01:03.000Z</time>
      </trkpt>
      <trkpt lat="40.07591107211436" lon="116.3480006889445">
        <ele>44.2</ele>
        <time>2026-08-06T14:01:04.000Z</time>
      </trkpt>
      <trkpt lat="40.07588933381012" lon="116.3480022269337">
        <ele>44.2</ele>
        <time>2026-08-06T14:01:05.000Z</time>
      </trkpt>
      <trkpt lat="40.07586814247376" lon="116.34800374759949">
        <ele>44.2</ele>
        <time>2026-08-06T14:01:06.000Z</time>
      </trkpt>
      <trkpt lat="40.075847188464486" lon="116.34800524550184">
        <ele>44.2</ele>
        <time>2026-08-06T14:01:07.000Z</time>
      </trkpt>
      <trkpt lat="40.07582601776046" lon="116.3480067195177">
        <ele>44.2</ele>
        <time>2026-08-06T14:01:08.000Z</time>
      </trkpt>
      <trkpt lat="40.07580449487048" lon="116.34800823516291">
        <ele>44.2</ele>
        <time>2026-08-06T14:01:09.000Z</time>
      </trkpt>
      <trkpt lat="40.07578267333723" lon="116.34800988608086">
        <ele>44.2</ele>
        <time>2026-08-06T14:01:10.000Z</time>
      </trkpt>
      <trkpt lat="40.07576074735315" lon="116.34801167736725">
        <ele>44.2</ele>
        <time>2026-08-06T14:01:11.000Z</time>
      </trkpt>
      <trkpt lat="40.075738845773806" lon="116.34801363176494">
        <ele>44.2</ele>
        <time>2026-08-06T14:01:12.000Z</time>
      </trkpt>
      <trkpt lat="40.07571712091425" lon="116.3480156737113">
        <ele>44.2</ele>
        <time>2026-08-06T14:01:13.000Z</time>
      </trkpt>
      <trkpt lat="40.07569606312923" lon="116.34801758261045">
        <ele>44.2</ele>
        <time>2026-08-06T14:01:14.000Z</time>
      </trkpt>
      <trkpt lat="40.07567617966516" lon="116.34801917802297">
        <ele>44.2</ele>
        <time>2026-08-06T14:01:15.000Z</time>
      </trkpt>
      <trkpt lat="40.07565756900692" lon="116.34802028326014">
        <ele>44.2</ele>
        <time>2026-08-06T14:01:16.000Z</time>
      </trkpt>
      <trkpt lat="40.07563964498999" lon="116.34802079536765">
        <ele>44.2</ele>
        <time>2026-08-06T14:01:17.000Z</time>
      </trkpt>
      <trkpt lat="40.07562113329492" lon="116.3480208648531">
        <ele>44.2</ele>
        <time>2026-08-06T14:01:18.000Z</time>
      </trkpt>
      <trkpt lat="40.07560090191857" lon="116.34802091694768">
        <ele>44.2</ele>
        <time>2026-08-06T14:01:19.000Z</time>
      </trkpt>
      <trkpt lat="40.07557855076476" lon="116.34802161007387">
        <ele>44.2</ele>
        <time>2026-08-06T14:01:20.000Z</time>
      </trkpt>
      <trkpt lat="40.07555430842383" lon="116.34802332036955">
        <ele>44.2</ele>
        <time>2026-08-06T14:01:21.000Z</time>
      </trkpt>
      <trkpt lat="40.075528736066886" lon="116.34802596778347">
        <ele>44.2</ele>
        <time>2026-08-06T14:01:22.000Z</time>
      </trkpt>
      <trkpt lat="40.07550258890184" lon="116.34802913344339">
        <ele>44.2</ele>
        <time>2026-08-06T14:01:23.000Z</time>
      </trkpt>
      <trkpt lat="40.0754767017559" lon="116.34803229542277">
        <ele>44.2</ele>
        <time>2026-08-06T14:01:24.000Z</time>
      </trkpt>
      <trkpt lat="40.07545166173746" lon="116.34803509187046">
        <ele>44.2</ele>
        <time>2026-08-06T14:01:25.000Z</time>
      </trkpt>
      <trkpt lat="40.075427507494865" lon="116.34803730862939">
        <ele>44.2</ele>
        <time>2026-08-06T14:01:26.000Z</time>
      </trkpt>
      <trkpt lat="40.075404000905216" lon="116.34803895518297">
        <ele>44.2</ele>
        <time>2026-08-06T14:01:27.000Z</time>
      </trkpt>
      <trkpt lat="40.075380720810664" lon="116.3480401707508">
        <ele>44.2</ele>
        <time>2026-08-06T14:01:28.000Z</time>
      </trkpt>
      <trkpt lat="40.07535726928221" lon="116.34804110466831">
        <ele>44.2</ele>
        <time>2026-08-06T14:01:29.000Z</time>
      </trkpt>
      <trkpt lat="40.0753333136034" lon="116.34804185375894">
        <ele>44.2</ele>
        <time>2026-08-06T14:01:30.000Z</time>
      </trkpt>
      <trkpt lat="40.075308887659226" lon="116.34804255407546">
        <ele>44.2</ele>
        <time>2026-08-06T14:01:31.000Z</time>
      </trkpt>
      <trkpt lat="40.075284455073295" lon="116.34804329203854">
        <ele>44.2</ele>
        <time>2026-08-06T14:01:32.000Z</time>
      </trkpt>
      <trkpt lat="40.07526040290561" lon="116.34804402810907">
        <ele>44.2</ele>
        <time>2026-08-06T14:01:33.000Z</time>
      </trkpt>
      <trkpt lat="40.075236848743316" lon="116.34804469717142">
        <ele>44.2</ele>
        <time>2026-08-06T14:01:34.000Z</time>
      </trkpt>
      <trkpt lat="40.07521372876021" lon="116.34804533200024">
        <ele>44.2</ele>
        <time>2026-08-06T14:01:35.000Z</time>
      </trkpt>
      <trkpt lat="40.0751910072987" lon="116.34804608904678">
        <ele>44.2</ele>
        <time>2026-08-06T14:01:36.000Z</time>
      </trkpt>
      <trkpt lat="40.07516865417052" lon="116.34804704362884">
        <ele>44.3</ele>
        <time>2026-08-06T14:01:37.000Z</time>
      </trkpt>
      <trkpt lat="40.07514635022811" lon="116.3480481353381">
        <ele>44.3</ele>
        <time>2026-08-06T14:01:38.000Z</time>
      </trkpt>
      <trkpt lat="40.07512372155165" lon="116.34804928596799">
        <ele>44.3</ele>
        <time>2026-08-06T14:01:39.000Z</time>
      </trkpt>
      <trkpt lat="40.07510040478509" lon="116.34805047330543">
        <ele>44.3</ele>
        <time>2026-08-06T14:01:40.000Z</time>
      </trkpt>
      <trkpt lat="40.07507619110433" lon="116.34805165237088">
        <ele>44.3</ele>
        <time>2026-08-06T14:01:41.000Z</time>
      </trkpt>
      <trkpt lat="40.07505119450223" lon="116.34805278927904">
        <ele>44.3</ele>
        <time>2026-08-06T14:01:42.000Z</time>
      </trkpt>
      <trkpt lat="40.075025626035846" lon="116.34805387116482">
        <ele>44.3</ele>
        <time>2026-08-06T14:01:43.000Z</time>
      </trkpt>
      <trkpt lat="40.07499990387906" lon="116.34805492986641">
        <ele>44.3</ele>
        <time>2026-08-06T14:01:44.000Z</time>
      </trkpt>
      <trkpt lat="40.0749745230942" lon="116.34805606097191">
        <ele>44.3</ele>
        <time>2026-08-06T14:01:45.000Z</time>
      </trkpt>
      <trkpt lat="40.074949920036886" lon="116.34805734647358">
        <ele>44.3</ele>
        <time>2026-08-06T14:01:46.000Z</time>
      </trkpt>
      <trkpt lat="40.074926445955676" lon="116.34805880679079">
        <ele>44.3</ele>
        <time>2026-08-06T14:01:47.000Z</time>
      </trkpt>
      <trkpt lat="40.07490419003866" lon="116.34806037486858">
        <ele>44.3</ele>
        <time>2026-08-06T14:01:48.000Z</time>
      </trkpt>
      <trkpt lat="40.07488285949814" lon="116.3480619798284">
        <ele>44.3</ele>
        <time>2026-08-06T14:01:49.000Z</time>
      </trkpt>
      <trkpt lat="40.074861929890425" lon="116.34806353456116">
        <ele>44.3</ele>
        <time>2026-08-06T14:01:50.000Z</time>
      </trkpt>
      <trkpt lat="40.074840952913995" lon="116.34806499189258">
        <ele>44.3</ele>
        <time>2026-08-06T14:01:51.000Z</time>
      </trkpt>
      <trkpt lat="40.074819732602755" lon="116.34806637962544">
        <ele>44.3</ele>
        <time>2026-08-06T14:01:52.000Z</time>
      </trkpt>
      <trkpt lat="40.074798182057975" lon="116.34806777304189">
        <ele>44.3</ele>
        <time>2026-08-06T14:01:53.000Z</time>
      </trkpt>
      <trkpt lat="40.07477635671643" lon="116.34806928865004">
        <ele>44.4</ele>
        <time>2026-08-06T14:01:54.000Z</time>
      </trkpt>
      <trkpt lat="40.074754866386364" lon="116.34807090698872">
        <ele>44.4</ele>
        <time>2026-08-06T14:01:55.000Z</time>
      </trkpt>
      <trkpt lat="40.07473437345097" lon="116.34807256118295">
        <ele>44.4</ele>
        <time>2026-08-06T14:01:56.000Z</time>
      </trkpt>
      <trkpt lat="40.07471504938227" lon="116.34807417200359">
        <ele>44.4</ele>
        <time>2026-08-06T14:01:57.000Z</time>
      </trkpt>
      <trkpt lat="40.074697020470836" lon="116.34807560235559">
        <ele>44.4</ele>
        <time>2026-08-06T14:01:58.000Z</time>
      </trkpt>
      <trkpt lat="40.07468017810233" lon="116.34807684377277">
        <ele>44.4</ele>
        <time>2026-08-06T14:01:59.000Z</time>
      </trkpt>
      <trkpt lat="40.07466420966687" lon="116.348078103796">
        <ele>44.4</ele>
        <time>2026-08-06T14:02:00.000Z</time>
      </trkpt>
      <trkpt lat="40.07464861988814" lon="116.34807958259842">
        <ele>44.4</ele>
        <time>2026-08-06T14:02:01.000Z</time>
      </trkpt>
      <trkpt lat="40.07463278873225" lon="116.34808125573846">
        <ele>44.4</ele>
        <time>2026-08-06T14:02:02.000Z</time>
      </trkpt>
      <trkpt lat="40.074616312568146" lon="116.34808304156849">
        <ele>44.4</ele>
        <time>2026-08-06T14:02:03.000Z</time>
      </trkpt>
      <trkpt lat="40.074598812101485" lon="116.34808486330427">
        <ele>44.4</ele>
        <time>2026-08-06T14:02:04.000Z</time>
      </trkpt>
      <trkpt lat="40.07458007597001" lon="116.3480865819535">
        <ele>44.4</ele>
        <time>2026-08-06T14:02:05.000Z</time>
      </trkpt>
      <trkpt lat="40.074560283992234" lon="116.34808804804916">
        <ele>44.4</ele>
        <time>2026-08-06T14:02:06.000Z</time>
      </trkpt>
      <trkpt lat="40.07453994560941" lon="116.34808907738139">
        <ele>44.4</ele>
        <time>2026-08-06T14:02:07.000Z</time>
      </trkpt>
      <trkpt lat="40.074520024704476" lon="116.34808948800074">
        <ele>44.4</ele>
        <time>2026-08-06T14:02:08.000Z</time>
      </trkpt>
      <trkpt lat="40.07450159459046" lon="116.34808927190399">
        <ele>44.4</ele>
        <time>2026-08-06T14:02:09.000Z</time>
      </trkpt>
      <trkpt lat="40.07448493899112" lon="116.34808853420104">
        <ele>44.4</ele>
        <time>2026-08-06T14:02:10.000Z</time>
      </trkpt>
      <trkpt lat="40.074469602559795" lon="116.34808738700133">
        <ele>44.4</ele>
        <time>2026-08-06T14:02:11.000Z</time>
      </trkpt>
      <trkpt lat="40.07445501341961" lon="116.34808595279227">
        <ele>44.4</ele>
        <time>2026-08-06T14:02:12.000Z</time>
      </trkpt>
      <trkpt lat="40.07444070025861" lon="116.34808439912644">
        <ele>44.4</ele>
        <time>2026-08-06T14:02:13.000Z</time>
      </trkpt>
      <trkpt lat="40.07442643606151" lon="116.3480828531845">
        <ele>44.3</ele>
        <time>2026-08-06T14:02:14.000Z</time>
      </trkpt>
      <trkpt lat="40.07441217472241" lon="116.3480813413837">
        <ele>44.3</ele>
        <time>2026-08-06T14:02:15.000Z</time>
      </trkpt>
      <trkpt lat="40.074398000614615" lon="116.34807982382618">
        <ele>44.3</ele>
        <time>2026-08-06T14:02:16.000Z</time>
      </trkpt>
      <trkpt lat="40.074384049805424" lon="116.34807816626358">
        <ele>44.3</ele>
        <time>2026-08-06T14:02:17.000Z</time>
      </trkpt>
      <trkpt lat="40.074370567565445" lon="116.34807620300316">
        <ele>44.3</ele>
        <time>2026-08-06T14:02:18.000Z</time>
      </trkpt>
      <trkpt lat="40.07435775873604" lon="116.34807392135082">
        <ele>44.3</ele>
        <time>2026-08-06T14:02:19.000Z</time>
      </trkpt>
      <trkpt lat="40.07434561734151" lon="116.34807142491225">
        <ele>44.3</ele>
        <time>2026-08-06T14:02:20.000Z</time>
      </trkpt>
      <trkpt lat="40.07433409229649" lon="116.34806884155842">
        <ele>44.3</ele>
        <time>2026-08-06T14:02:21.000Z</time>
      </trkpt>
      <trkpt lat="40.07432326345586" lon="116.34806634551981">
        <ele>44.3</ele>
        <time>2026-08-06T14:02:22.000Z</time>
      </trkpt>
      <trkpt lat="40.07431329764811" lon="116.34806404247645">
        <ele>44.3</ele>
        <time>2026-08-06T14:02:23.000Z</time>
      </trkpt>
      <trkpt lat="40.0743042133553" lon="116.34806200375706">
        <ele>44.3</ele>
        <time>2026-08-06T14:02:24.000Z</time>
      </trkpt>
      <trkpt lat="40.07429567085481" lon="116.34806029338684">
        <ele>44.3</ele>
        <time>2026-08-06T14:02:25.000Z</time>
      </trkpt>
      <trkpt lat="40.07428725182012" lon="116.34805892147484">
        <ele>44.3</ele>
        <time>2026-08-06T14:02:26.000Z</time>
      </trkpt>
      <trkpt lat="40.07427864640669" lon="116.34805786046962">
        <ele>44.3</ele>
        <time>2026-08-06T14:02:27.000Z</time>
      </trkpt>
      <trkpt lat="40.07426947290359" lon="116.34805702435249">
        <ele>44.3</ele>
        <time>2026-08-06T14:02:28.000Z</time>
      </trkpt>
      <trkpt lat="40.07425940890301" lon="116.34805638976007">
        <ele>44.3</ele>
        <time>2026-08-06T14:02:29.000Z</time>
      </trkpt>
      <trkpt lat="40.0742482733887" lon="116.34805599658634">
        <ele>44.3</ele>
        <time>2026-08-06T14:02:30.000Z</time>
      </trkpt>
      <trkpt lat="40.07423597555449" lon="116.34805591731369">
        <ele>44.3</ele>
        <time>2026-08-06T14:02:31.000Z</time>
      </trkpt>
      <trkpt lat="40.07422242552963" lon="116.34805639578659">
        <ele>44.3</ele>
        <time>2026-08-06T14:02:32.000Z</time>
      </trkpt>
      <trkpt lat="40.07420736098327" lon="116.34805770381283">
        <ele>44.4</ele>
        <time>2026-08-06T14:02:33.000Z</time>
      </trkpt>
      <trkpt lat="40.07419043763275" lon="116.34805989657285">
        <ele>44.4</ele>
        <time>2026-08-06T14:02:34.000Z</time>
      </trkpt>
      <trkpt lat="40.07417159337625" lon="116.3480628371532">
        <ele>44.4</ele>
        <time>2026-08-06T14:02:35.000Z</time>
      </trkpt>
      <trkpt lat="40.074151083676036" lon="116.34806643987514">
        <ele>44.4</ele>
        <time>2026-08-06T14:02:36.000Z</time>
      </trkpt>
      <trkpt lat="40.074129211568376" lon="116.34807080775057">
        <ele>44.4</ele>
        <time>2026-08-06T14:02:37.000Z</time>
      </trkpt>
      <trkpt lat="40.074106204580914" lon="116.3480761362263">
        <ele>44.5</ele>
        <time>2026-08-06T14:02:38.000Z</time>
      </trkpt>
      <trkpt lat="40.074082446833444" lon="116.34808232682519">
        <ele>44.5</ele>
        <time>2026-08-06T14:02:39.000Z</time>
      </trkpt>
      <trkpt lat="40.074058544286466" lon="116.34808884687254">
        <ele>44.5</ele>
        <time>2026-08-06T14:02:40.000Z</time>
      </trkpt>
      <trkpt lat="40.07403477086348" lon="116.34809527360137">
        <ele>44.5</ele>
        <time>2026-08-06T14:02:41.000Z</time>
      </trkpt>
      <trkpt lat="40.0740112416605" lon="116.34810127526832">
        <ele>44.5</ele>
        <time>2026-08-06T14:02:42.000Z</time>
      </trkpt>
      <trkpt lat="40.07398815773887" lon="116.34810650005292">
        <ele>44.5</ele>
        <time>2026-08-06T14:02:43.000Z</time>
      </trkpt>
      <trkpt lat="40.07396563214311" lon="116.3481108111278">
        <ele>44.5</ele>
        <time>2026-08-06T14:02:44.000Z</time>
      </trkpt>
      <trkpt lat="40.073943876589496" lon="116.34811414413909">
        <ele>44.5</ele>
        <time>2026-08-06T14:02:45.000Z</time>
      </trkpt>
      <trkpt lat="40.07392333163164" lon="116.34811650604594">
        <ele>44.5</ele>
        <time>2026-08-06T14:02:46.000Z</time>
      </trkpt>
      <trkpt lat="40.07390429891185" lon="116.34811812587921">
        <ele>44.5</ele>
        <time>2026-08-06T14:02:47.000Z</time>
      </trkpt>
      <trkpt lat="40.07388649967308" lon="116.3481193533164">
        <ele>44.5</ele>
        <time>2026-08-06T14:02:48.000Z</time>
      </trkpt>
      <trkpt lat="40.07386892412367" lon="116.34812047713027">
        <ele>44.5</ele>
        <time>2026-08-06T14:02:49.000Z</time>
      </trkpt>
      <trkpt lat="40.07385069670037" lon="116.34812153496638">
        <ele>44.5</ele>
        <time>2026-08-06T14:02:50.000Z</time>
      </trkpt>
      <trkpt lat="40.073831245131004" lon="116.34812245107081">
        <ele>44.5</ele>
        <time>2026-08-06T14:02:51.000Z</time>
      </trkpt>
      <trkpt lat="40.07381011353374" lon="116.34812330534879">
        <ele>44.5</ele>
        <time>2026-08-06T14:02:52.000Z</time>
      </trkpt>
      <trkpt lat="40.07378767368992" lon="116.34812417882226">
        <ele>44.5</ele>
        <time>2026-08-06T14:02:53.000Z</time>
      </trkpt>
      <trkpt lat="40.07376493933783" lon="116.34812506697912">
        <ele>44.5</ele>
        <time>2026-08-06T14:02:54.000Z</time>
      </trkpt>
      <trkpt lat="40.07374271243542" lon="116.34812596937799">
        <ele>44.5</ele>
        <time>2026-08-06T14:02:55.000Z</time>
      </trkpt>
      <trkpt lat="40.07372155580317" lon="116.3481269116573">
        <ele>44.5</ele>
        <time>2026-08-06T14:02:56.000Z</time>
      </trkpt>
      <trkpt lat="40.07370205343312" lon="116.34812793777223">
        <ele>44.5</ele>
        <time>2026-08-06T14:02:57.000Z</time>
      </trkpt>
      <trkpt lat="40.07368446825941" lon="116.3481290677163">
        <ele>44.5</ele>
        <time>2026-08-06T14:02:58.000Z</time>
      </trkpt>
      <trkpt lat="40.07366888165485" lon="116.34813023434118">
        <ele>44.5</ele>
        <time>2026-08-06T14:02:59.000Z</time>
      </trkpt>
      <trkpt lat="40.07365484985477" lon="116.34813134025401">
        <ele>44.5</ele>
        <time>2026-08-06T14:03:00.000Z</time>
      </trkpt>
      <trkpt lat="40.073641403788294" lon="116.34813241904526">
        <ele>44.5</ele>
        <time>2026-08-06T14:03:01.000Z</time>
      </trkpt>
      <trkpt lat="40.07362817272543" lon="116.34813352804292">
        <ele>44.5</ele>
        <time>2026-08-06T14:03:02.000Z</time>
      </trkpt>
      <trkpt lat="40.073614647957285" lon="116.34813468705458">
        <ele>44.6</ele>
        <time>2026-08-06T14:03:03.000Z</time>
      </trkpt>
      <trkpt lat="40.07360017357441" lon="116.34813592955264">
        <ele>44.6</ele>
        <time>2026-08-06T14:03:04.000Z</time>
      </trkpt>
      <trkpt lat="40.07358430815568" lon="116.34813735385276">
        <ele>44.6</ele>
        <time>2026-08-06T14:03:05.000Z</time>
      </trkpt>
      <trkpt lat="40.073567107597725" lon="116.34813899104408">
        <ele>44.6</ele>
        <time>2026-08-06T14:03:06.000Z</time>
      </trkpt>
      <trkpt lat="40.0735493215484" lon="116.34814067065318">
        <ele>44.6</ele>
        <time>2026-08-06T14:03:07.000Z</time>
      </trkpt>
      <trkpt lat="40.073531619539274" lon="116.34814224924169">
        <ele>44.6</ele>
        <time>2026-08-06T14:03:08.000Z</time>
      </trkpt>
      <trkpt lat="40.073514512129385" lon="116.34814374131238">
        <ele>44.6</ele>
        <time>2026-08-06T14:03:09.000Z</time>
      </trkpt>
      <trkpt lat="40.07349866599258" lon="116.34814524154793">
        <ele>44.6</ele>
        <time>2026-08-06T14:03:10.000Z</time>
      </trkpt>
      <trkpt lat="40.07348360327793" lon="116.34814693214514">
        <ele>44.6</ele>
        <time>2026-08-06T14:03:11.000Z</time>
      </trkpt>
      <trkpt lat="40.073467955900064" lon="116.34814896810339">
        <ele>44.6</ele>
        <time>2026-08-06T14:03:12.000Z</time>
      </trkpt>
      <trkpt lat="40.07345121388214" lon="116.34815135851213">
        <ele>44.6</ele>
        <time>2026-08-06T14:03:13.000Z</time>
      </trkpt>
      <trkpt lat="40.07343396378258" lon="116.3481540607376">
        <ele>44.6</ele>
        <time>2026-08-06T14:03:14.000Z</time>
      </trkpt>
      <trkpt lat="40.07341688293707" lon="116.34815697687648">
        <ele>44.6</ele>
        <time>2026-08-06T14:03:15.000Z</time>
      </trkpt>
      <trkpt lat="40.07340017600782" lon="116.34816010065803">
        <ele>44.7</ele>
        <time>2026-08-06T14:03:16.000Z</time>
      </trkpt>
      <trkpt lat="40.07338342966335" lon="116.34816344467855">
        <ele>44.7</ele>
        <time>2026-08-06T14:03:17.000Z</time>
      </trkpt>
      <trkpt lat="40.073366219643724" lon="116.3481669307324">
        <ele>44.7</ele>
        <time>2026-08-06T14:03:18.000Z</time>
      </trkpt>
      <trkpt lat="40.073348415098835" lon="116.34817045563368">
        <ele>44.7</ele>
        <time>2026-08-06T14:03:19.000Z</time>
      </trkpt>
      <trkpt lat="40.073329528232456" lon="116.34817384520642">
        <ele>44.7</ele>
        <time>2026-08-06T14:03:20.000Z</time>
      </trkpt>
      <trkpt lat="40.07330938977802" lon="116.34817677936722">
        <ele>44.7</ele>
        <time>2026-08-06T14:03:21.000Z</time>
      </trkpt>
      <trkpt lat="40.07328843136462" lon="116.34817885630169">
        <ele>44.8</ele>
        <time>2026-08-06T14:03:22.000Z</time>
      </trkpt>
      <trkpt lat="40.07326664415992" lon="116.34818005617788">
        <ele>44.8</ele>
        <time>2026-08-06T14:03:23.000Z</time>
      </trkpt>
      <trkpt lat="40.07324389126568" lon="116.34818064166706">
        <ele>44.9</ele>
        <time>2026-08-06T14:03:24.000Z</time>
      </trkpt>
      <trkpt lat="40.07322055238045" lon="116.34818102722114">
        <ele>45.0</ele>
        <time>2026-08-06T14:03:25.000Z</time>
      </trkpt>
      <trkpt lat="40.07319642550368" lon="116.34818159470632">
        <ele>45.1</ele>
        <time>2026-08-06T14:03:26.000Z</time>
      </trkpt>
      <trkpt lat="40.07317097653259" lon="116.34818246140931">
        <ele>45.1</ele>
        <time>2026-08-06T14:03:27.000Z</time>
      </trkpt>
      <trkpt lat="40.07314371412793" lon="116.34818370553693">
        <ele>45.2</ele>
        <time>2026-08-06T14:03:28.000Z</time>
      </trkpt>
      <trkpt lat="40.07311459383263" lon="116.34818522073336">
        <ele>45.3</ele>
        <time>2026-08-06T14:03:29.000Z</time>
      </trkpt>
      <trkpt lat="40.073084094523146" lon="116.34818683386197">
        <ele>45.4</ele>
        <time>2026-08-06T14:03:30.000Z</time>
      </trkpt>
      <trkpt lat="40.07305257916734" lon="116.34818839597544">
        <ele>45.5</ele>
        <time>2026-08-06T14:03:31.000Z</time>
      </trkpt>
      <trkpt lat="40.07302069063471" lon="116.34818983029861">
        <ele>45.6</ele>
        <time>2026-08-06T14:03:32.000Z</time>
      </trkpt>
      <trkpt lat="40.072989289157135" lon="116.34819117528858">
        <ele>45.6</ele>
        <time>2026-08-06T14:03:33.000Z</time>
      </trkpt>
      <trkpt lat="40.072958899000625" lon="116.34819239471685">
        <ele>45.7</ele>
        <time>2026-08-06T14:03:34.000Z</time>
      </trkpt>
      <trkpt lat="40.0729293116815" lon="116.34819345613245">
        <ele>45.7</ele>
        <time>2026-08-06T14:03:35.000Z</time>
      </trkpt>
      <trkpt lat="40.07290057640766" lon="116.34819428859042">
        <ele>45.8</ele>
        <time>2026-08-06T14:03:36.000Z</time>
      </trkpt>
      <trkpt lat="40.07287255536702" lon="116.34819486506868">
        <ele>45.8</ele>
        <time>2026-08-06T14:03:37.000Z</time>
      </trkpt>
      <trkpt lat="40.0728448678816" lon="116.34819523698957">
        <ele>45.8</ele>
        <time>2026-08-06T14:03:38.000Z</time>
      </trkpt>
      <trkpt lat="40.07281772067633" lon="116.348195444732">
        <ele>45.8</ele>
        <time>2026-08-06T14:03:39.000Z</time>
      </trkpt>
      <trkpt lat="40.072791262845485" lon="116.3481955034443">
        <ele>45.9</ele>
        <time>2026-08-06T14:03:40.000Z</time>
      </trkpt>
      <trkpt lat="40.07276538611844" lon="116.3481953895074">
        <ele>45.9</ele>
        <time>2026-08-06T14:03:41.000Z</time>
      </trkpt>
      <trkpt lat="40.07274019558481" lon="116.34819515042665">
        <ele>45.9</ele>
        <time>2026-08-06T14:03:42.000Z</time>
      </trkpt>
      <trkpt lat="40.072715336619645" lon="116.3481948796826">
        <ele>45.9</ele>
        <time>2026-08-06T14:03:43.000Z</time>
      </trkpt>
      <trkpt lat="40.07269052627571" lon="116.34819466080937">
        <ele>45.9</ele>
        <time>2026-08-06T14:03:44.000Z</time>
      </trkpt>
      <trkpt lat="40.07266615931156" lon="116.34819468271685">
        <ele>46.0</ele>
        <time>2026-08-06T14:03:45.000Z</time>
      </trkpt>
      <trkpt lat="40.07264299608867" lon="116.34819529018473">
        <ele>46.0</ele>
        <time>2026-08-06T14:03:46.000Z</time>
      </trkpt>
      <trkpt lat="40.07262163101894" lon="116.34819666538269">
        <ele>46.0</ele>
        <time>2026-08-06T14:03:47.000Z</time>
      </trkpt>
      <trkpt lat="40.072601834333874" lon="116.3481986819526">
        <ele>46.0</ele>
        <time>2026-08-06T14:03:48.000Z</time>
      </trkpt>
      <trkpt lat="40.072583501469566" lon="116.34820120866452">
        <ele>46.1</ele>
        <time>2026-08-06T14:03:49.000Z</time>
      </trkpt>
      <trkpt lat="40.07256663263704" lon="116.34820414177884">
        <ele>46.1</ele>
        <time>2026-08-06T14:03:50.000Z</time>
      </trkpt>
      <trkpt lat="40.07255083574472" lon="116.34820744068837">
        <ele>46.1</ele>
        <time>2026-08-06T14:03:51.000Z</time>
      </trkpt>
      <trkpt lat="40.07253593435083" lon="116.34821110634448">
        <ele>46.1</ele>
        <time>2026-08-06T14:03:52.000Z</time>
      </trkpt>
      <trkpt lat="40.07252215122508" lon="116.34821498632611">
        <ele>46.2</ele>
        <time>2026-08-06T14:03:53.000Z</time>
      </trkpt>
      <trkpt lat="40.072509374942975" lon="116.34821895803911">
        <ele>46.2</ele>
        <time>2026-08-06T14:03:54.000Z</time>
      </trkpt>
      <trkpt lat="40.072497146641446" lon="116.34822304099619">
        <ele>46.2</ele>
        <time>2026-08-06T14:03:55.000Z</time>
      </trkpt>
      <trkpt lat="40.07248510390459" lon="116.34822724166061">
        <ele>46.2</ele>
        <time>2026-08-06T14:03:56.000Z</time>
      </trkpt>
      <trkpt lat="40.07247295385837" lon="116.3482315418648">
        <ele>46.2</ele>
        <time>2026-08-06T14:03:56.999Z</time>
      </trkpt>    </trkseg>
  </trk>
</gpx>