<?xml version="1.0" encoding="UTF-8"?>
<gpx version="1.1" creator="HealthSync iOS"
     xmlns="http://www.topografix.com/GPX/1/1"
     xmlns:gpxtpx="http://www.garmin.com/xmlschemas/TrackPointExtension/v1"
     xmlns:xsi="http://www.w3.org/2001/XMLSchema-instance"
     xsi:schemaLocation="http://www.topografix.com/GPX/1/1 http://www.topografix.com/GPX/1/1/gpx.xsd http://www.garmin.com/xmlschemas/TrackPointExtension/v1 http://www.garmin.com/xmlschemas/TrackPointExtensionv1.xsd">
  <trk>
    <name>Activity 2026/7/23, 19:09</name>
    <type>running</type>
    <trkseg>
      <trkpt lat="40.075836089509274" lon="116.3378315683433">
        <ele>45.2</ele>
        <time>2026-07-23T11:09:35.319Z</time>
        <extensions>
          <gpxtpx:TrackPointExtension>
            <gpxtpx:hr>140</gpxtpx:hr>
          </gpxtpx:TrackPointExtension>
        </extensions>
      </trkpt>
      <trkpt lat="40.07585738615239" lon="116.33782738751123">
        <ele>45.2</ele>
        <time>2026-07-23T11:09:36.318Z</time>
        <extensions>
          <gpxtpx:TrackPointExtension>
            <gpxtpx:hr>140</gpxtpx:hr>
          </gpxtpx:TrackPointExtension>
        </extensions>
      </trkpt>
      <trkpt lat="40.07587958507779" lon="116.33782308049257">
        <ele>45.2</ele>
        <time>2026-07-23T11:09:37.318Z</time>
        <extensions>
          <gpxtpx:TrackPointExtension>
            <gpxtpx:hr>140</gpxtpx:hr>
          </gpxtpx:TrackPointExtension>
        </extensions>
      </trkpt>
      <trkpt lat="40.07590274955925" lon="116.33781864903054">
        <ele>45.2</ele>
        <time>2026-07-23T11:09:38.318Z</time>
        <extensions>
          <gpxtpx:TrackPointExtension>
            <gpxtpx:hr>140</gpxtpx:hr>
          </gpxtpx:TrackPointExtension>
        </extensions>
      </trkpt>
      <trkpt lat="40.0759267173809" lon="116.33781431483321">
        <ele>45.2</ele>
        <time>2026-07-23T11:09:39.318Z</time>
        <extensions>
          <gpxtpx:TrackPointExtension>
            <gpxtpx:hr>140</gpxtpx:hr>
          </gpxtpx:TrackPointExtension>
        </extensions>
      </trkpt>
      <trkpt lat="40.07595121460995" lon="116.3378105389495">
        <ele>45.2</ele>
        <time>2026-07-23T11:09:40.318Z</time>
        <extensions>
          <gpxtpx:TrackPointExtension>
            <gpxtpx:hr>140</gpxtpx:hr>
          </gpxtpx:TrackPointExtension>
        </extensions>
      </trkpt>
      <trkpt lat="40.07597616913207" lon="116.33780727755916">
        <ele>45.2</ele>
        <time>2026-07-23T11:09:41.318Z</time>
        <extensions>
          <gpxtpx:TrackPointExtension>
            <gpxtpx:hr>140</gpxtpx:hr>
          </gpxtpx:TrackPointExtension>
        </extensions>
      </trkpt>
      <trkpt lat="40.07600153746181" lon="116.33780438770943">
        <ele>45.1</ele>
        <time>2026-07-23T11:09:42.318Z</time>
        <extensions>
          <gpxtpx:TrackPointExtension>
            <gpxtpx:hr>140</gpxtpx:hr>
          </gpxtpx:TrackPointExtension>
        </extensions>
      </trkpt>
      <trkpt lat="40.07602725206817" lon="116.33780194693453">
        <ele>45.1</ele>
        <time>2026-07-23T11:09:43.318Z</time>
        <extensions>
          <gpxtpx:TrackPointExtension>
            <gpxtpx:hr>140</gpxtpx:hr>
          </gpxtpx:TrackPointExtension>
        </extensions>
      </trkpt>
      <trkpt lat="40.07605325466066" lon="116.33780001528785">
        <ele>45.1</ele>
        <time>2026-07-23T11:09:44.318Z</time>
        <extensions>
          <gpxtpx:TrackPointExtension>
            <gpxtpx:hr>140</gpxtpx:hr>
          </gpxtpx:TrackPointExtension>
        </extensions>
      </trkpt>
      <trkpt lat="40.07607951157758" lon="116.3377985901297">
        <ele>45.1</ele>
        <time>2026-07-23T11:09:45.318Z</time>
      </trkpt>
      <trkpt lat="40.07610597900184" lon="116.33779766688907">
        <ele>45.1</ele>
        <time>2026-07-23T11:09:46.318Z</time>
      </trkpt>
      <trkpt lat="40.076132402090174" lon="116.33779730646609">
        <ele>45.1</ele>
        <time>2026-07-23T11:09:47.319Z</time>
      </trkpt>
      <trkpt lat="40.07615841487966" lon="116.33779727678926">
        <ele>45.1</ele>
        <time>2026-07-23T11:09:48.319Z</time>
      </trkpt>
      <trkpt lat="40.076183878833454" lon="116.33779757105873">
        <ele>45.1</ele>
        <time>2026-07-23T11:09:49.318Z</time>
      </trkpt>
      <trkpt lat="40.07620870426871" lon="116.33779807989472">
        <ele>45.1</ele>
        <time>2026-07-23T11:09:50.318Z</time>
      </trkpt>
      <trkpt lat="40.07623262060746" lon="116.3377984579327">
        <ele>45.1</ele>
        <time>2026-07-23T11:09:51.319Z</time>
      </trkpt>
      <trkpt lat="40.076255232896514" lon="116.33779827815275">
        <ele>45.1</ele>
        <time>2026-07-23T11:09:52.318Z</time>
      </trkpt>
      <trkpt lat="40.07627609170145" lon="116.33779716629391">
        <ele>45.1</ele>
        <time>2026-07-23T11:09:53.318Z</time>
      </trkpt>
      <trkpt lat="40.07629489891556" lon="116.33779513718345">
        <ele>45.1</ele>
        <time>2026-07-23T11:09:54.319Z</time>
      </trkpt>
      <trkpt lat="40.076311652996466" lon="116.33779235289856">
        <ele>45.1</ele>
        <time>2026-07-23T11:09:55.319Z</time>
      </trkpt>
      <trkpt lat="40.07632695861485" lon="116.33778945247383">
        <ele>45.1</ele>
        <time>2026-07-23T11:09:56.318Z</time>
      </trkpt>
      <trkpt lat="40.07634184819902" lon="116.33778751232272">
        <ele>45.1</ele>
        <time>2026-07-23T11:09:57.319Z</time>
      </trkpt>
      <trkpt lat="40.07635698164521" lon="116.33778667085541">
        <ele>45.1</ele>
        <time>2026-07-23T11:09:58.318Z</time>
      </trkpt>
      <trkpt lat="40.076372538284446" lon="116.33778644438391">
        <ele>45.1</ele>
        <time>2026-07-23T11:09:59.319Z</time>
      </trkpt>
      <trkpt lat="40.07638853704236" lon="116.33778664385179">
        <ele>45.1</ele>
        <time>2026-07-23T11:10:00.318Z</time>
      </trkpt>
      <trkpt lat="40.07640539861747" lon="116.33778710130832">
        <ele>45.1</ele>
        <time>2026-07-23T11:10:01.318Z</time>
      </trkpt>
      <trkpt lat="40.07642433413007" lon="116.3377884410371">
        <ele>45.1</ele>
        <time>2026-07-23T11:10:02.318Z</time>
      </trkpt>
      <trkpt lat="40.07644615439196" lon="116.33779145961591">
        <ele>45.1</ele>
        <time>2026-07-23T11:10:03.318Z</time>
      </trkpt>
      <trkpt lat="40.07647033381618" lon="116.33779500583952">
        <ele>45.1</ele>
        <time>2026-07-23T11:10:04.318Z</time>
      </trkpt>
      <trkpt lat="40.07649557032459" lon="116.33779760953061">
        <ele>45.1</ele>
        <time>2026-07-23T11:10:05.318Z</time>
      </trkpt>
      <trkpt lat="40.07652114191497" lon="116.33779904095363">
        <ele>45.1</ele>
        <time>2026-07-23T11:10:06.318Z</time>
      </trkpt>
      <trkpt lat="40.07654690043909" lon="116.33779922108032">
        <ele>45.1</ele>
        <time>2026-07-23T11:10:07.318Z</time>
      </trkpt>
      <trkpt lat="40.07657267240022" lon="116.33779841287634">
        <ele>45.1</ele>
        <time>2026-07-23T11:10:08.318Z</time>
      </trkpt>
      <trkpt lat="40.076598193364035" lon="116.3377972057031">
        <ele>45.2</ele>
        <time>2026-07-23T11:10:09.318Z</time>
      </trkpt>
      <trkpt lat="40.07662323773488" lon="116.33779567506647">
        <ele>45.2</ele>
        <time>2026-07-23T11:10:10.318Z</time>
      </trkpt>
      <trkpt lat="40.076648105541466" lon="116.33779329517485">
        <ele>45.2</ele>
        <time>2026-07-23T11:10:11.318Z</time>
      </trkpt>
      <trkpt lat="40.07667316778657" lon="116.33778981534552">
        <ele>45.2</ele>
        <time>2026-07-23T11:10:12.318Z</time>
      </trkpt>
      <trkpt lat="40.07669829611111" lon="116.33778460704869">
        <ele>45.2</ele>
        <time>2026-07-23T11:10:13.318Z</time>
      </trkpt>
      <trkpt lat="40.07672295547356" lon="116.33777669731242">
        <ele>45.2</ele>
        <time>2026-07-23T11:10:14.318Z</time>
      </trkpt>
      <trkpt lat="40.07674685685612" lon="116.33776593625015">
        <ele>45.2</ele>
        <time>2026-07-23T11:10:15.319Z</time>
      </trkpt>
      <trkpt lat="40.07677003222162" lon="116.33775258474078">
        <ele>45.2</ele>
        <time>2026-07-23T11:10:16.319Z</time>
      </trkpt>
      <trkpt lat="40.07679259209501" lon="116.33773706237226">
        <ele>45.2</ele>
        <time>2026-07-23T11:10:17.319Z</time>
      </trkpt>
      <trkpt lat="40.076814253667166" lon="116.33771951635191">
        <ele>45.2</ele>
        <time>2026-07-23T11:10:18.319Z</time>
      </trkpt>
      <trkpt lat="40.076834459513165" lon="116.3376999121535">
        <ele>45.1</ele>
        <time>2026-07-23T11:10:19.318Z</time>
      </trkpt>
      <trkpt lat="40.07685295645593" lon="116.33767863237092">
        <ele>45.1</ele>
        <time>2026-07-23T11:10:20.318Z</time>
      </trkpt>
      <trkpt lat="40.07686989672933" lon="116.33765591807835">
        <ele>45.1</ele>
        <time>2026-07-23T11:10:21.318Z</time>
      </trkpt>
      <trkpt lat="40.07688511546554" lon="116.33763149865624">
        <ele>45.1</ele>
        <time>2026-07-23T11:10:22.319Z</time>
      </trkpt>
      <trkpt lat="40.07689891888934" lon="116.33760560234651">
        <ele>45.1</ele>
        <time>2026-07-23T11:10:23.318Z</time>
      </trkpt>
      <trkpt lat="40.07691264368982" lon="116.33757913672547">
        <ele>45.1</ele>
        <time>2026-07-23T11:10:24.318Z</time>
      </trkpt>
      <trkpt lat="40.07692680882531" lon="116.33755230359277">
        <ele>45.1</ele>
        <time>2026-07-23T11:10:25.318Z</time>
      </trkpt>
      <trkpt lat="40.076940859269754" lon="116.33752515253335">
        <ele>45.1</ele>
        <time>2026-07-23T11:10:26.318Z</time>
      </trkpt>
      <trkpt lat="40.076954028807044" lon="116.3374978046717">
        <ele>45.0</ele>
        <time>2026-07-23T11:10:27.318Z</time>
      </trkpt>
      <trkpt lat="40.07696521558789" lon="116.33746996987533">
        <ele>45.0</ele>
        <time>2026-07-23T11:10:28.318Z</time>
      </trkpt>
      <trkpt lat="40.07697421673657" lon="116.33744115989391">
        <ele>45.0</ele>
        <time>2026-07-23T11:10:29.318Z</time>
      </trkpt>
      <trkpt lat="40.076981842804265" lon="116.3374108645571">
        <ele>45.1</ele>
        <time>2026-07-23T11:10:30.318Z</time>
      </trkpt>
      <trkpt lat="40.07698773851158" lon="116.3373790261101">
        <ele>45.1</ele>
        <time>2026-07-23T11:10:31.318Z</time>
      </trkpt>
      <trkpt lat="40.07699096462844" lon="116.33734611993178">
        <ele>45.1</ele>
        <time>2026-07-23T11:10:32.318Z</time>
      </trkpt>
      <trkpt lat="40.07699155798462" lon="116.33731275334281">
        <ele>45.1</ele>
        <time>2026-07-23T11:10:33.318Z</time>
      </trkpt>
      <trkpt lat="40.076989732696155" lon="116.33727936910637">
        <ele>45.1</ele>
        <time>2026-07-23T11:10:34.318Z</time>
      </trkpt>
      <trkpt lat="40.07698573664963" lon="116.33724626397618">
        <ele>45.1</ele>
        <time>2026-07-23T11:10:35.318Z</time>
      </trkpt>
      <trkpt lat="40.07697969556551" lon="116.3372139829869">
        <ele>45.2</ele>
        <time>2026-07-23T11:10:36.318Z</time>
      </trkpt>
      <trkpt lat="40.076971386254286" lon="116.33718304360181">
        <ele>45.2</ele>
        <time>2026-07-23T11:10:37.318Z</time>
      </trkpt>
      <trkpt lat="40.07696090649892" lon="116.3371536852069">
        <ele>45.2</ele>
        <time>2026-07-23T11:10:38.318Z</time>
      </trkpt>
      <trkpt lat="40.07694839558489" lon="116.33712560108633">
        <ele>45.2</ele>
        <time>2026-07-23T11:10:39.318Z</time>
      </trkpt>
      <trkpt lat="40.07693391643423" lon="116.33709851480572">
        <ele>45.2</ele>
        <time>2026-07-23T11:10:40.318Z</time>
      </trkpt>
      <trkpt lat="40.07691782642632" lon="116.33707231462692">
        <ele>45.2</ele>
        <time>2026-07-23T11:10:41.318Z</time>
      </trkpt>
      <trkpt lat="40.07690061058699" lon="116.33704737755777">
        <ele>45.2</ele>
        <time>2026-07-23T11:10:42.318Z</time>
      </trkpt>
      <trkpt lat="40.07688258382683" lon="116.33702420203223">
        <ele>45.2</ele>
        <time>2026-07-23T11:10:43.318Z</time>
      </trkpt>
      <trkpt lat="40.07686351326117" lon="116.33700289173105">
        <ele>45.2</ele>
        <time>2026-07-23T11:10:44.318Z</time>
      </trkpt>
      <trkpt lat="40.076843128450754" lon="116.33698350313665">
        <ele>45.2</ele>
        <time>2026-07-23T11:10:45.318Z</time>
      </trkpt>
      <trkpt lat="40.07682152564354" lon="116.33696621093968">
        <ele>45.1</ele>
        <time>2026-07-23T11:10:46.318Z</time>
      </trkpt>
      <trkpt lat="40.07679894644893" lon="116.33695113165305">
        <ele>45.1</ele>
        <time>2026-07-23T11:10:47.318Z</time>
      </trkpt>
      <trkpt lat="40.07677552359714" lon="116.33693807506127">
        <ele>45.1</ele>
        <time>2026-07-23T11:10:48.318Z</time>
      </trkpt>
      <trkpt lat="40.07675107482996" lon="116.33692673691823">
        <ele>45.1</ele>
        <time>2026-07-23T11:10:49.318Z</time>
      </trkpt>
      <trkpt lat="40.0767258264719" lon="116.3369169720353">
        <ele>45.1</ele>
        <time>2026-07-23T11:10:50.318Z</time>
      </trkpt>
      <trkpt lat="40.07670025198392" lon="116.33690890342238">
        <ele>45.0</ele>
        <time>2026-07-23T11:10:51.318Z</time>
      </trkpt>
      <trkpt lat="40.07667473148785" lon="116.33690285920696">
        <ele>45.0</ele>
        <time>2026-07-23T11:10:52.318Z</time>
      </trkpt>
      <trkpt lat="40.0766493977581" lon="116.33689901805417">
        <ele>45.0</ele>
        <time>2026-07-23T11:10:53.318Z</time>
      </trkpt>
      <trkpt lat="40.07662429736311" lon="116.33689712662937">
        <ele>45.0</ele>
        <time>2026-07-23T11:10:54.318Z</time>
      </trkpt>
      <trkpt lat="40.07659944080088" lon="116.3368966849097">
        <ele>45.0</ele>
        <time>2026-07-23T11:10:55.318Z</time>
      </trkpt>
      <trkpt lat="40.07657482867266" lon="116.33689702718006">
        <ele>45.0</ele>
        <time>2026-07-23T11:10:56.318Z</time>
      </trkpt>
      <trkpt lat="40.07655034026074" lon="116.33689754216837">
        <ele>45.0</ele>
        <time>2026-07-23T11:10:57.318Z</time>
      </trkpt>
      <trkpt lat="40.076525939176314" lon="116.33689801270582">
        <ele>45.0</ele>
        <time>2026-07-23T11:10:58.318Z</time>
      </trkpt>
      <trkpt lat="40.07650148533958" lon="116.33689833523636">
        <ele>44.9</ele>
        <time>2026-07-23T11:10:59.318Z</time>
      </trkpt>
      <trkpt lat="40.07647676386505" lon="116.33689836995471">
        <ele>44.9</ele>
        <time>2026-07-23T11:11:00.318Z</time>
      </trkpt>
      <trkpt lat="40.076451933344146" lon="116.33689848747152">
        <ele>44.9</ele>
        <time>2026-07-23T11:11:01.318Z</time>
      </trkpt>
      <trkpt lat="40.07642721002592" lon="116.33689904698267">
        <ele>44.9</ele>
        <time>2026-07-23T11:11:02.318Z</time>
      </trkpt>
      <trkpt lat="40.076402674966154" lon="116.33689979208808">
        <ele>44.9</ele>
        <time>2026-07-23T11:11:03.318Z</time>
      </trkpt>
      <trkpt lat="40.07637849550722" lon="116.3369004774885">
        <ele>44.9</ele>
        <time>2026-07-23T11:11:04.318Z</time>
      </trkpt>
      <trkpt lat="40.076354819416885" lon="116.33690119682365">
        <ele>44.9</ele>
        <time>2026-07-23T11:11:05.318Z</time>
      </trkpt>
      <trkpt lat="40.07633167001444" lon="116.33690197272215">
        <ele>44.9</ele>
        <time>2026-07-23T11:11:06.318Z</time>
      </trkpt>
      <trkpt lat="40.07630892088428" lon="116.33690257969646">
        <ele>44.9</ele>
        <time>2026-07-23T11:11:07.318Z</time>
      </trkpt>
      <trkpt lat="40.07628645951322" lon="116.33690270272557">
        <ele>44.9</ele>
        <time>2026-07-23T11:11:08.318Z</time>
      </trkpt>
      <trkpt lat="40.07626418644702" lon="116.33690215286683">
        <ele>44.9</ele>
        <time>2026-07-23T11:11:09.318Z</time>
      </trkpt>
      <trkpt lat="40.076241933733314" lon="116.33690102804557">
        <ele>44.9</ele>
        <time>2026-07-23T11:11:10.318Z</time>
      </trkpt>
      <trkpt lat="40.07621946156823" lon="116.33689965859004">
        <ele>44.9</ele>
        <time>2026-07-23T11:11:11.318Z</time>
      </trkpt>
      <trkpt lat="40.07619675052062" lon="116.33689842601692">
        <ele>44.9</ele>
        <time>2026-07-23T11:11:12.318Z</time>
      </trkpt>
      <trkpt lat="40.07617382953035" lon="116.33689778578699">
        <ele>44.9</ele>
        <time>2026-07-23T11:11:13.319Z</time>
      </trkpt>
      <trkpt lat="40.076150693232314" lon="116.33689794344087">
        <ele>44.9</ele>
        <time>2026-07-23T11:11:14.318Z</time>
      </trkpt>
      <trkpt lat="40.07612734742874" lon="116.33689893431884">
        <ele>45.0</ele>
        <time>2026-07-23T11:11:15.318Z</time>
      </trkpt>
      <trkpt lat="40.07610378649963" lon="116.33690063192988">
        <ele>45.0</ele>
        <time>2026-07-23T11:11:16.318Z</time>
      </trkpt>
      <trkpt lat="40.07608019799273" lon="116.33690276801694">
        <ele>45.0</ele>
        <time>2026-07-23T11:11:17.318Z</time>
      </trkpt>
      <trkpt lat="40.07605691437631" lon="116.33690528142677">
        <ele>45.0</ele>
        <time>2026-07-23T11:11:18.318Z</time>
      </trkpt>
      <trkpt lat="40.07603388218212" lon="116.3369079464912">
        <ele>45.0</ele>
        <time>2026-07-23T11:11:19.318Z</time>
      </trkpt>
      <trkpt lat="40.07601076869624" lon="116.33690999580512">
        <ele>45.1</ele>
        <time>2026-07-23T11:11:20.318Z</time>
      </trkpt>
      <trkpt lat="40.07598747694783" lon="116.33691092049034">
        <ele>45.1</ele>
        <time>2026-07-23T11:11:21.318Z</time>
      </trkpt>
      <trkpt lat="40.075963984705204" lon="116.33691080161671">
        <ele>45.1</ele>
        <time>2026-07-23T11:11:22.318Z</time>
      </trkpt>
      <trkpt lat="40.07594013222459" lon="116.33690972989031">
        <ele>45.2</ele>
        <time>2026-07-23T11:11:23.318Z</time>
      </trkpt>
      <trkpt lat="40.0759160856382" lon="116.33690856692884">
        <ele>45.2</ele>
        <time>2026-07-23T11:11:24.318Z</time>
      </trkpt>
      <trkpt lat="40.07589214033695" lon="116.33690808845897">
        <ele>45.2</ele>
        <time>2026-07-23T11:11:25.318Z</time>
      </trkpt>
      <trkpt lat="40.075868283392765" lon="116.33690852375574">
        <ele>45.3</ele>
        <time>2026-07-23T11:11:26.318Z</time>
      </trkpt>
      <trkpt lat="40.075844257778805" lon="116.3369099485319">
        <ele>45.3</ele>
        <time>2026-07-23T11:11:27.318Z</time>
      </trkpt>
      <trkpt lat="40.07581995883404" lon="116.33691241230471">
        <ele>45.4</ele>
        <time>2026-07-23T11:11:28.318Z</time>
      </trkpt>
      <trkpt lat="40.07579564911125" lon="116.33691670576545">
        <ele>45.4</ele>
        <time>2026-07-23T11:11:29.318Z</time>
      </trkpt>
      <trkpt lat="40.075771778042906" lon="116.336923474246">
        <ele>45.4</ele>
        <time>2026-07-23T11:11:30.318Z</time>
      </trkpt>
      <trkpt lat="40.075748625693706" lon="116.33693270587594">
        <ele>45.5</ele>
        <time>2026-07-23T11:11:31.318Z</time>
      </trkpt>
      <trkpt lat="40.07572613232451" lon="116.33694403325669">
        <ele>45.5</ele>
        <time>2026-07-23T11:11:32.318Z</time>
      </trkpt>
      <trkpt lat="40.07570400368174" lon="116.33695720318751">
        <ele>45.6</ele>
        <time>2026-07-23T11:11:33.318Z</time>
      </trkpt>
      <trkpt lat="40.07568225850527" lon="116.33697218171402">
        <ele>45.6</ele>
        <time>2026-07-23T11:11:34.318Z</time>
      </trkpt>
      <trkpt lat="40.075661318655854" lon="116.33698930971505">
        <ele>45.6</ele>
        <time>2026-07-23T11:11:35.318Z</time>
      </trkpt>
      <trkpt lat="40.07564161856368" lon="116.33700881739412">
        <ele>45.7</ele>
        <time>2026-07-23T11:11:36.318Z</time>
      </trkpt>
      <trkpt lat="40.075623457436365" lon="116.33703050683381">
        <ele>45.7</ele>
        <time>2026-07-23T11:11:37.318Z</time>
      </trkpt>
      <trkpt lat="40.07560689288719" lon="116.3370541285711">
        <ele>45.8</ele>
        <time>2026-07-23T11:11:38.318Z</time>
      </trkpt>
      <trkpt lat="40.07559170775146" lon="116.3370794122688">
        <ele>45.8</ele>
        <time>2026-07-23T11:11:39.318Z</time>
      </trkpt>
      <trkpt lat="40.07557777605323" lon="116.33710596940341">
        <ele>45.8</ele>
        <time>2026-07-23T11:11:40.318Z</time>
      </trkpt>
      <trkpt lat="40.07556510739317" lon="116.33713353781681">
        <ele>45.9</ele>
        <time>2026-07-23T11:11:41.318Z</time>
      </trkpt>
      <trkpt lat="40.07555366685233" lon="116.33716198149712">
        <ele>45.9</ele>
        <time>2026-07-23T11:11:42.318Z</time>
      </trkpt>
      <trkpt lat="40.07554315429684" lon="116.33719104165972">
        <ele>45.9</ele>
        <time>2026-07-23T11:11:43.318Z</time>
      </trkpt>
      <trkpt lat="40.075533499832" lon="116.33722043337806">
        <ele>46.0</ele>
        <time>2026-07-23T11:11:44.317Z</time>
      </trkpt>
      <trkpt lat="40.075524966320636" lon="116.33725015658398">
        <ele>46.0</ele>
        <time>2026-07-23T11:11:45.318Z</time>
      </trkpt>
      <trkpt lat="40.07551751013524" lon="116.33727998340112">
        <ele>46.1</ele>
        <time>2026-07-23T11:11:46.318Z</time>
      </trkpt>
      <trkpt lat="40.075511601404884" lon="116.33731012860135">
        <ele>46.1</ele>
        <time>2026-07-23T11:11:47.318Z</time>
      </trkpt>
      <trkpt lat="40.07550792371518" lon="116.33734096087865">
        <ele>46.1</ele>
        <time>2026-07-23T11:11:48.318Z</time>
      </trkpt>
      <trkpt lat="40.07550634403748" lon="116.33737236210158">
        <ele>46.2</ele>
        <time>2026-07-23T11:11:49.318Z</time>
      </trkpt>
      <trkpt lat="40.075506510226" lon="116.33740394469552">
        <ele>46.2</ele>
        <time>2026-07-23T11:11:50.318Z</time>
      </trkpt>
      <trkpt lat="40.07550804472432" lon="116.33743558300941">
        <ele>46.2</ele>
        <time>2026-07-23T11:11:51.318Z</time>
      </trkpt>
      <trkpt lat="40.0755107605846" lon="116.33746713396599">
        <ele>46.2</ele>
        <time>2026-07-23T11:11:52.317Z</time>
      </trkpt>
      <trkpt lat="40.075514730977225" lon="116.33749843531704">
        <ele>46.3</ele>
        <time>2026-07-23T11:11:53.318Z</time>
      </trkpt>
      <trkpt lat="40.07552025355732" lon="116.33752907471172">
        <ele>46.3</ele>
        <time>2026-07-23T11:11:54.318Z</time>
      </trkpt>
      <trkpt lat="40.075527431848826" lon="116.33755880566328">
        <ele>46.3</ele>
        <time>2026-07-23T11:11:55.318Z</time>
      </trkpt>
      <trkpt lat="40.07553572871624" lon="116.3375877792357">
        <ele>46.3</ele>
        <time>2026-07-23T11:11:56.318Z</time>
      </trkpt>
      <trkpt lat="40.075544940502375" lon="116.33761607016658">
        <ele>46.3</ele>
        <time>2026-07-23T11:11:57.318Z</time>
      </trkpt>
      <trkpt lat="40.07555521358607" lon="116.33764380028772">
        <ele>46.3</ele>
        <time>2026-07-23T11:11:58.318Z</time>
      </trkpt>
      <trkpt lat="40.075566598585716" lon="116.3376709408029">
        <ele>46.3</ele>
        <time>2026-07-23T11:11:59.318Z</time>
      </trkpt>
      <trkpt lat="40.075579462073385" lon="116.3376972635349">
        <ele>46.3</ele>
        <time>2026-07-23T11:12:00.318Z</time>
      </trkpt>
      <trkpt lat="40.0755940974453" lon="116.3377223096601">
        <ele>46.3</ele>
        <time>2026-07-23T11:12:01.318Z</time>
      </trkpt>
      <trkpt lat="40.07561037939209" lon="116.33774561399397">
        <ele>46.3</ele>
        <time>2026-07-23T11:12:02.318Z</time>
      </trkpt>
      <trkpt lat="40.07562826017415" lon="116.33776665456107">
        <ele>46.3</ele>
        <time>2026-07-23T11:12:03.318Z</time>
      </trkpt>
      <trkpt lat="40.07564755109755" lon="116.3377854685652">
        <ele>46.3</ele>
        <time>2026-07-23T11:12:04.318Z</time>
      </trkpt>
      <trkpt lat="40.075667788352085" lon="116.33780211696293">
        <ele>46.2</ele>
        <time>2026-07-23T11:12:05.318Z</time>
      </trkpt>
      <trkpt lat="40.075688723464005" lon="116.33781658814836">
        <ele>46.2</ele>
        <time>2026-07-23T11:12:06.318Z</time>
      </trkpt>
      <trkpt lat="40.075710124830366" lon="116.33782893274922">
        <ele>46.2</ele>
        <time>2026-07-23T11:12:07.317Z</time>
      </trkpt>
      <trkpt lat="40.075732122709724" lon="116.3378392655604">
        <ele>46.2</ele>
        <time>2026-07-23T11:12:08.318Z</time>
      </trkpt>
      <trkpt lat="40.0757546496903" lon="116.33784773829275">
        <ele>46.1</ele>
        <time>2026-07-23T11:12:09.318Z</time>
      </trkpt>
      <trkpt lat="40.07577741114507" lon="116.33785433023328">
        <ele>46.1</ele>
        <time>2026-07-23T11:12:10.318Z</time>
      </trkpt>
      <trkpt lat="40.0758001683289" lon="116.33785929994916">
        <ele>46.1</ele>
        <time>2026-07-23T11:12:11.318Z</time>
      </trkpt>
      <trkpt lat="40.07582280835347" lon="116.33786291892709">
        <ele>46.1</ele>
        <time>2026-07-23T11:12:12.318Z</time>
      </trkpt>
      <trkpt lat="40.075845360335066" lon="116.33786509348619">
        <ele>46.0</ele>
        <time>2026-07-23T11:12:13.317Z</time>
      </trkpt>
      <trkpt lat="40.07586784095419" lon="116.3378657038093">
        <ele>46.0</ele>
        <time>2026-07-23T11:12:14.318Z</time>
      </trkpt>
      <trkpt lat="40.075890098201654" lon="116.3378651643159">
        <ele>46.0</ele>
        <time>2026-07-23T11:12:15.318Z</time>
      </trkpt>
      <trkpt lat="40.075912198421534" lon="116.33786377872748">
        <ele>46.0</ele>
        <time>2026-07-23T11:12:16.318Z</time>
      </trkpt>
      <trkpt lat="40.075934403131136" lon="116.33786170054219">
        <ele>45.9</ele>
        <time>2026-07-23T11:12:17.318Z</time>
      </trkpt>
      <trkpt lat="40.075956910712186" lon="116.33785925745819">
        <ele>45.9</ele>
        <time>2026-07-23T11:12:18.318Z</time>
      </trkpt>
      <trkpt lat="40.07597973666501" lon="116.3378567793045">
        <ele>45.9</ele>
        <time>2026-07-23T11:12:19.317Z</time>
      </trkpt>
      <trkpt lat="40.07600266511937" lon="116.33785440653672">
        <ele>45.8</ele>
        <time>2026-07-23T11:12:20.318Z</time>
      </trkpt>
      <trkpt lat="40.07602539052362" lon="116.33785219312638">
        <ele>45.8</ele>
        <time>2026-07-23T11:12:21.318Z</time>
      </trkpt>
      <trkpt lat="40.076047871442086" lon="116.33785055072175">
        <ele>45.8</ele>
        <time>2026-07-23T11:12:22.318Z</time>
      </trkpt>
      <trkpt lat="40.07607024694645" lon="116.33784939542619">
        <ele>45.7</ele>
        <time>2026-07-23T11:12:23.318Z</time>
      </trkpt>
      <trkpt lat="40.07609257471313" lon="116.33784850054944">
        <ele>45.7</ele>
        <time>2026-07-23T11:12:24.317Z</time>
      </trkpt>
      <trkpt lat="40.07611485221021" lon="116.33784784194">
        <ele>45.7</ele>
        <time>2026-07-23T11:12:25.318Z</time>
      </trkpt>
      <trkpt lat="40.07613694013824" lon="116.33784699725352">
        <ele>45.6</ele>
        <time>2026-07-23T11:12:26.318Z</time>
      </trkpt>
      <trkpt lat="40.07615892887345" lon="116.33784580705478">
        <ele>45.6</ele>
        <time>2026-07-23T11:12:27.317Z</time>
      </trkpt>
      <trkpt lat="40.07618086153629" lon="116.33784446908138">
        <ele>45.6</ele>
        <time>2026-07-23T11:12:28.318Z</time>
      </trkpt>
      <trkpt lat="40.07620268755437" lon="116.3378432112394">
        <ele>45.5</ele>
        <time>2026-07-23T11:12:29.318Z</time>
      </trkpt>
      <trkpt lat="40.076224372993124" lon="116.33784221397006">
        <ele>45.5</ele>
        <time>2026-07-23T11:12:30.318Z</time>
      </trkpt>
      <trkpt lat="40.07624604646689" lon="116.33784150434091">
        <ele>45.5</ele>
        <time>2026-07-23T11:12:31.318Z</time>
      </trkpt>
      <trkpt lat="40.07626790313909" lon="116.3378413655237">
        <ele>45.4</ele>
        <time>2026-07-23T11:12:32.317Z</time>
      </trkpt>
      <trkpt lat="40.07629001133964" lon="116.33784218738192">
        <ele>45.4</ele>
        <time>2026-07-23T11:12:33.318Z</time>
      </trkpt>
      <trkpt lat="40.076312095252156" lon="116.3378439667028">
        <ele>45.4</ele>
        <time>2026-07-23T11:12:34.317Z</time>
      </trkpt>
      <trkpt lat="40.07633408209254" lon="116.33784640017782">
        <ele>45.3</ele>
        <time>2026-07-23T11:12:35.317Z</time>
      </trkpt>
      <trkpt lat="40.076356209859405" lon="116.33784914368816">
        <ele>45.3</ele>
        <time>2026-07-23T11:12:36.317Z</time>
      </trkpt>
      <trkpt lat="40.07637886143037" lon="116.337852194649">
        <ele>45.3</ele>
        <time>2026-07-23T11:12:37.317Z</time>
      </trkpt>
      <trkpt lat="40.076402666276564" lon="116.33785548373339">
        <ele>45.2</ele>
        <time>2026-07-23T11:12:38.318Z</time>
      </trkpt>
      <trkpt lat="40.07642784532897" lon="116.33785880473532">
        <ele>45.2</ele>
        <time>2026-07-23T11:12:39.318Z</time>
      </trkpt>
      <trkpt lat="40.076453764717435" lon="116.33786221788694">
        <ele>45.2</ele>
        <time>2026-07-23T11:12:40.317Z</time>
      </trkpt>
      <trkpt lat="40.07647971519806" lon="116.33786570876701">
        <ele>45.1</ele>
        <time>2026-07-23T11:12:41.317Z</time>
      </trkpt>
      <trkpt lat="40.07650538668818" lon="116.33786935208543">
        <ele>45.1</ele>
        <time>2026-07-23T11:12:42.317Z</time>
      </trkpt>
      <trkpt lat="40.076530548866984" lon="116.33787303289839">
        <ele>45.1</ele>
        <time>2026-07-23T11:12:43.318Z</time>
      </trkpt>
      <trkpt lat="40.076555174571226" lon="116.33787652272333">
        <ele>45.0</ele>
        <time>2026-07-23T11:12:44.317Z</time>
      </trkpt>
      <trkpt lat="40.07657953786568" lon="116.33787944215676">
        <ele>45.0</ele>
        <time>2026-07-23T11:12:45.318Z</time>
      </trkpt>
      <trkpt lat="40.07660370613151" lon="116.3378808980398">
        <ele>45.0</ele>
        <time>2026-07-23T11:12:46.318Z</time>
      </trkpt>
      <trkpt lat="40.07662784190021" lon="116.33788067061441">
        <ele>45.0</ele>
        <time>2026-07-23T11:12:47.318Z</time>
      </trkpt>
      <trkpt lat="40.07665231349946" lon="116.33787921270509">
        <ele>45.0</ele>
        <time>2026-07-23T11:12:48.318Z</time>
      </trkpt>
      <trkpt lat="40.07667725991865" lon="116.33787713011345">
        <ele>44.9</ele>
        <time>2026-07-23T11:12:49.318Z</time>
      </trkpt>
      <trkpt lat="40.07670239736111" lon="116.33787425423318">
        <ele>44.9</ele>
        <time>2026-07-23T11:12:50.317Z</time>
      </trkpt>
      <trkpt lat="40.07672760536598" lon="116.33786997621677">
        <ele>44.9</ele>
        <time>2026-07-23T11:12:51.318Z</time>
      </trkpt>
      <trkpt lat="40.07675272531149" lon="116.33786390890661">
        <ele>44.9</ele>
        <time>2026-07-23T11:12:52.317Z</time>
      </trkpt>
      <trkpt lat="40.076777708088365" lon="116.33785566083134">
        <ele>44.9</ele>
        <time>2026-07-23T11:12:53.317Z</time>
      </trkpt>
      <trkpt lat="40.07680237813196" lon="116.33784465996557">
        <ele>44.8</ele>
        <time>2026-07-23T11:12:54.317Z</time>
      </trkpt>
      <trkpt lat="40.07682621175542" lon="116.33783012212156">
        <ele>44.8</ele>
        <time>2026-07-23T11:12:55.317Z</time>
      </trkpt>
      <trkpt lat="40.076848974061804" lon="116.33781235868518">
        <ele>44.8</ele>
        <time>2026-07-23T11:12:56.316Z</time>
      </trkpt>
      <trkpt lat="40.076870877086854" lon="116.33779298739798">
        <ele>44.8</ele>
        <time>2026-07-23T11:12:57.317Z</time>
      </trkpt>
      <trkpt lat="40.076891807389224" lon="116.33777306395334">
        <ele>44.7</ele>
        <time>2026-07-23T11:12:58.317Z</time>
      </trkpt>
      <trkpt lat="40.07691166310673" lon="116.33775196538913">
        <ele>44.7</ele>
        <time>2026-07-23T11:12:59.317Z</time>
      </trkpt>
      <trkpt lat="40.07693072668822" lon="116.3377293282839">
        <ele>44.7</ele>
        <time>2026-07-23T11:13:00.317Z</time>
      </trkpt>
      <trkpt lat="40.076948996529715" lon="116.33770502030345">
        <ele>44.7</ele>
        <time>2026-07-23T11:13:01.317Z</time>
      </trkpt>
      <trkpt lat="40.07696644504234" lon="116.33767923059192">
        <ele>44.6</ele>
        <time>2026-07-23T11:13:02.317Z</time>
      </trkpt>
      <trkpt lat="40.076983154302106" lon="116.3376529001934">
        <ele>44.6</ele>
        <time>2026-07-23T11:13:03.317Z</time>
      </trkpt>
      <trkpt lat="40.0769991826407" lon="116.33762621103438">
        <ele>44.6</ele>
        <time>2026-07-23T11:13:04.317Z</time>
      </trkpt>
      <trkpt lat="40.077014492463626" lon="116.33759898337179">
        <ele>44.6</ele>
        <time>2026-07-23T11:13:05.318Z</time>
      </trkpt>
      <trkpt lat="40.07702909276111" lon="116.33757135951564">
        <ele>44.6</ele>
        <time>2026-07-23T11:13:06.317Z</time>
      </trkpt>
      <trkpt lat="40.07704266637155" lon="116.33754347644877">
        <ele>44.6</ele>
        <time>2026-07-23T11:13:07.318Z</time>
      </trkpt>
      <trkpt lat="40.07705452026088" lon="116.33751521498806">
        <ele>44.6</ele>
        <time>2026-07-23T11:13:08.318Z</time>
      </trkpt>
      <trkpt lat="40.07706407380307" lon="116.33748625026266">
        <ele>44.6</ele>
        <time>2026-07-23T11:13:09.317Z</time>
      </trkpt>
      <trkpt lat="40.07707125886191" lon="116.33745620166036">
        <ele>44.6</ele>
        <time>2026-07-23T11:13:10.318Z</time>
      </trkpt>
      <trkpt lat="40.077076500015124" lon="116.33742494703327">
        <ele>44.6</ele>
        <time>2026-07-23T11:13:11.317Z</time>
      </trkpt>
      <trkpt lat="40.077080209708726" lon="116.33739259194884">
        <ele>44.6</ele>
        <time>2026-07-23T11:13:12.317Z</time>
      </trkpt>
      <trkpt lat="40.07708231946456" lon="116.33735943702669">
        <ele>44.6</ele>
        <time>2026-07-23T11:13:13.317Z</time>
      </trkpt>
      <trkpt lat="40.07708265155214" lon="116.33732566815169">
        <ele>44.7</ele>
        <time>2026-07-23T11:13:14.317Z</time>
      </trkpt>
      <trkpt lat="40.07708085937685" lon="116.3372916015531">
        <ele>44.7</ele>
        <time>2026-07-23T11:13:15.317Z</time>
      </trkpt>
      <trkpt lat="40.07707682454995" lon="116.33725763371126">
        <ele>44.7</ele>
        <time>2026-07-23T11:13:16.317Z</time>
      </trkpt>
      <trkpt lat="40.07707096952458" lon="116.33722395164354">
        <ele>44.8</ele>
        <time>2026-07-23T11:13:17.317Z</time>
      </trkpt>
      <trkpt lat="40.07706331230995" lon="116.33719061481052">
        <ele>44.8</ele>
        <time>2026-07-23T11:13:18.318Z</time>
      </trkpt>
      <trkpt lat="40.07705400433017" lon="116.33715790938203">
        <ele>44.9</ele>
        <time>2026-07-23T11:13:19.318Z</time>
      </trkpt>
      <trkpt lat="40.07704336060555" lon="116.33712585852624">
        <ele>44.9</ele>
        <time>2026-07-23T11:13:20.318Z</time>
      </trkpt>
      <trkpt lat="40.07703157061312" lon="116.3370944613904">
        <ele>44.9</ele>
        <time>2026-07-23T11:13:21.317Z</time>
      </trkpt>
      <trkpt lat="40.07701845680727" lon="116.33706382052092">
        <ele>44.9</ele>
        <time>2026-07-23T11:13:22.317Z</time>
      </trkpt>
      <trkpt lat="40.077003867266185" lon="116.33703436105185">
        <ele>45.0</ele>
        <time>2026-07-23T11:13:23.317Z</time>
      </trkpt>
      <trkpt lat="40.07698805110939" lon="116.33700687023239">
        <ele>45.0</ele>
        <time>2026-07-23T11:13:24.317Z</time>
      </trkpt>
      <trkpt lat="40.07697092365314" lon="116.33698166830091">
        <ele>45.0</ele>
        <time>2026-07-23T11:13:25.318Z</time>
      </trkpt>
      <trkpt lat="40.07695210269806" lon="116.33695823738599">
        <ele>45.0</ele>
        <time>2026-07-23T11:13:26.318Z</time>
      </trkpt>
      <trkpt lat="40.07693191588044" lon="116.33693718876988">
        <ele>45.1</ele>
        <time>2026-07-23T11:13:27.317Z</time>
      </trkpt>
      <trkpt lat="40.07691052003776" lon="116.33691790291985">
        <ele>45.1</ele>
        <time>2026-07-23T11:13:28.317Z</time>
      </trkpt>
      <trkpt lat="40.076888007214606" lon="116.33690023867264">
        <ele>45.1</ele>
        <time>2026-07-23T11:13:29.318Z</time>
      </trkpt>
      <trkpt lat="40.076864305758846" lon="116.33688457593945">
        <ele>45.1</ele>
        <time>2026-07-23T11:13:30.317Z</time>
      </trkpt>
      <trkpt lat="40.07684010969137" lon="116.33687154551453">
        <ele>45.1</ele>
        <time>2026-07-23T11:13:31.317Z</time>
      </trkpt>
      <trkpt lat="40.07681531689946" lon="116.33686044491786">
        <ele>45.2</ele>
        <time>2026-07-23T11:13:32.317Z</time>
      </trkpt>
      <trkpt lat="40.076790041761846" lon="116.33685088866214">
        <ele>45.2</ele>
        <time>2026-07-23T11:13:33.317Z</time>
      </trkpt>
      <trkpt lat="40.07676438644881" lon="116.33684304978878">
        <ele>45.2</ele>
        <time>2026-07-23T11:13:34.317Z</time>
      </trkpt>
      <trkpt lat="40.07673833680999" lon="116.33683718155726">
        <ele>45.2</ele>
        <time>2026-07-23T11:13:35.317Z</time>
      </trkpt>
      <trkpt lat="40.076712361184676" lon="116.33683274452292">
        <ele>45.3</ele>
        <time>2026-07-23T11:13:36.317Z</time>
      </trkpt>
      <trkpt lat="40.076685777532646" lon="116.33682894952629">
        <ele>45.3</ele>
        <time>2026-07-23T11:13:37.317Z</time>
      </trkpt>
      <trkpt lat="40.07665876693537" lon="116.3368261377581">
        <ele>45.3</ele>
        <time>2026-07-23T11:13:38.317Z</time>
      </trkpt>
      <trkpt lat="40.076631521889574" lon="116.33682480012575">
        <ele>45.3</ele>
        <time>2026-07-23T11:13:39.317Z</time>
      </trkpt>
      <trkpt lat="40.07660417375924" lon="116.33682456983159">
        <ele>45.4</ele>
        <time>2026-07-23T11:13:40.317Z</time>
      </trkpt>
      <trkpt lat="40.07657671842563" lon="116.33682436742811">
        <ele>45.4</ele>
        <time>2026-07-23T11:13:41.318Z</time>
      </trkpt>
      <trkpt lat="40.076549274863474" lon="116.33682403712376">
        <ele>45.4</ele>
        <time>2026-07-23T11:13:42.318Z</time>
      </trkpt>
      <trkpt lat="40.07652192415895" lon="116.33682383147696">
        <ele>45.4</ele>
        <time>2026-07-23T11:13:43.317Z</time>
      </trkpt>
      <trkpt lat="40.0764946380787" lon="116.33682377186034">
        <ele>45.5</ele>
        <time>2026-07-23T11:13:44.317Z</time>
      </trkpt>
      <trkpt lat="40.07646752073694" lon="116.33682366047637">
        <ele>45.5</ele>
        <time>2026-07-23T11:13:45.317Z</time>
      </trkpt>
      <trkpt lat="40.076440440452636" lon="116.3368233876001">
        <ele>45.5</ele>
        <time>2026-07-23T11:13:46.317Z</time>
      </trkpt>
      <trkpt lat="40.076413229455866" lon="116.3368230240753">
        <ele>45.5</ele>
        <time>2026-07-23T11:13:47.317Z</time>
      </trkpt>
      <trkpt lat="40.07638601013377" lon="116.33682269446426">
        <ele>45.5</ele>
        <time>2026-07-23T11:13:48.317Z</time>
      </trkpt>
      <trkpt lat="40.076358861785316" lon="116.33682241837214">
        <ele>45.5</ele>
        <time>2026-07-23T11:13:49.318Z</time>
      </trkpt>
      <trkpt lat="40.07633203163925" lon="116.33682158794402">
        <ele>45.6</ele>
        <time>2026-07-23T11:13:50.317Z</time>
      </trkpt>
      <trkpt lat="40.076305471349244" lon="116.33682011685863">
        <ele>45.6</ele>
        <time>2026-07-23T11:13:51.317Z</time>
      </trkpt>
      <trkpt lat="40.07627907463817" lon="116.33681950479742">
        <ele>45.6</ele>
        <time>2026-07-23T11:13:52.317Z</time>
      </trkpt>
      <trkpt lat="40.07625289276419" lon="116.33682036442804">
        <ele>45.6</ele>
        <time>2026-07-23T11:13:53.317Z</time>
      </trkpt>
      <trkpt lat="40.07622710036645" lon="116.33682231891689">
        <ele>45.6</ele>
        <time>2026-07-23T11:13:54.317Z</time>
      </trkpt>
      <trkpt lat="40.07620182988537" lon="116.33682530891645">
        <ele>45.6</ele>
        <time>2026-07-23T11:13:55.317Z</time>
      </trkpt>
      <trkpt lat="40.07617699968956" lon="116.33682915649273">
        <ele>45.6</ele>
        <time>2026-07-23T11:13:56.317Z</time>
      </trkpt>
      <trkpt lat="40.07615261021543" lon="116.33683331698994">
        <ele>45.6</ele>
        <time>2026-07-23T11:13:57.317Z</time>
      </trkpt>
      <trkpt lat="40.07612855483423" lon="116.33683738588888">
        <ele>45.6</ele>
        <time>2026-07-23T11:13:58.317Z</time>
      </trkpt>
      <trkpt lat="40.07610436567074" lon="116.33684143487201">
        <ele>45.6</ele>
        <time>2026-07-23T11:13:59.317Z</time>
      </trkpt>
      <trkpt lat="40.07607943075541" lon="116.33684554258743">
        <ele>45.6</ele>
        <time>2026-07-23T11:14:00.317Z</time>
      </trkpt>
      <trkpt lat="40.07605366222304" lon="116.33684961128147">
        <ele>45.6</ele>
        <time>2026-07-23T11:14:01.317Z</time>
      </trkpt>
      <trkpt lat="40.07602742294633" lon="116.33685334569951">
        <ele>45.6</ele>
        <time>2026-07-23T11:14:02.317Z</time>
      </trkpt>
      <trkpt lat="40.07600092735331" lon="116.33685654433539">
        <ele>45.6</ele>
        <time>2026-07-23T11:14:03.317Z</time>
      </trkpt>
      <trkpt lat="40.075974367268415" lon="116.33685913203203">
        <ele>45.6</ele>
        <time>2026-07-23T11:14:04.317Z</time>
      </trkpt>
      <trkpt lat="40.07594800470411" lon="116.33686129380986">
        <ele>45.6</ele>
        <time>2026-07-23T11:14:05.317Z</time>
      </trkpt>
      <trkpt lat="40.07592192366299" lon="116.33686331953072">
        <ele>45.6</ele>
        <time>2026-07-23T11:14:06.317Z</time>
      </trkpt>
      <trkpt lat="40.07589595111659" lon="116.33686520551942">
        <ele>45.6</ele>
        <time>2026-07-23T11:14:07.317Z</time>
      </trkpt>
      <trkpt lat="40.07586995245679" lon="116.33686788421286">
        <ele>45.7</ele>
        <time>2026-07-23T11:14:08.317Z</time>
      </trkpt>
      <trkpt lat="40.07584406079312" lon="116.33687223036823">
        <ele>45.7</ele>
        <time>2026-07-23T11:14:09.317Z</time>
      </trkpt>
      <trkpt lat="40.075818559281146" lon="116.33687814106331">
        <ele>45.7</ele>
        <time>2026-07-23T11:14:10.317Z</time>
      </trkpt>
      <trkpt lat="40.0757937988591" lon="116.33688547870759">
        <ele>45.7</ele>
        <time>2026-07-23T11:14:11.317Z</time>
      </trkpt>
      <trkpt lat="40.07577027683619" lon="116.33689447291016">
        <ele>45.8</ele>
        <time>2026-07-23T11:14:12.317Z</time>
      </trkpt>
      <trkpt lat="40.07574843232631" lon="116.33690493861134">
        <ele>45.8</ele>
        <time>2026-07-23T11:14:13.317Z</time>
      </trkpt>
      <trkpt lat="40.07572773501777" lon="116.33691366136156">
        <ele>45.8</ele>
        <time>2026-07-23T11:14:14.317Z</time>
      </trkpt>
      <trkpt lat="40.075708427005154" lon="116.33691835705922">
        <ele>45.8</ele>
        <time>2026-07-23T11:14:15.317Z</time>
      </trkpt>
      <trkpt lat="40.07569149378021" lon="116.33692609955456">
        <ele>45.9</ele>
        <time>2026-07-23T11:14:16.317Z</time>
      </trkpt>
      <trkpt lat="40.075675510717964" lon="116.33693949361079">
        <ele>45.9</ele>
        <time>2026-07-23T11:14:17.317Z</time>
        <extensions>
          <gpxtpx:TrackPointExtension>
            <gpxtpx:hr>159</gpxtpx:hr>
          </gpxtpx:TrackPointExtension>
        </extensions>
      </trkpt>
      <trkpt lat="40.07565908229927" lon="116.33695476210322">
        <ele>45.9</ele>
        <time>2026-07-23T11:14:18.317Z</time>
        <extensions>
          <gpxtpx:TrackPointExtension>
            <gpxtpx:hr>159</gpxtpx:hr>
          </gpxtpx:TrackPointExtension>
        </extensions>
      </trkpt>
      <trkpt lat="40.0756427392148" lon="116.33697174825666">
        <ele>46.0</ele>
        <time>2026-07-23T11:14:19.316Z</time>
        <extensions>
          <gpxtpx:TrackPointExtension>
            <gpxtpx:hr>159</gpxtpx:hr>
          </gpxtpx:TrackPointExtension>
        </extensions>
      </trkpt>
      <trkpt lat="40.07562675654034" lon="116.33698896220602">
        <ele>46.0</ele>
        <time>2026-07-23T11:14:20.317Z</time>
        <extensions>
          <gpxtpx:TrackPointExtension>
            <gpxtpx:hr>159</gpxtpx:hr>
          </gpxtpx:TrackPointExtension>
        </extensions>
      </trkpt>
      <trkpt lat="40.07561022794306" lon="116.33700367038395">
        <ele>46.1</ele>
        <time>2026-07-23T11:14:21.317Z</time>
        <extensions>
          <gpxtpx:TrackPointExtension>
            <gpxtpx:hr>159</gpxtpx:hr>
          </gpxtpx:TrackPointExtension>
        </extensions>
      </trkpt>
      <trkpt lat="40.075594178177646" lon="116.33701808709615">
        <ele>46.1</ele>
        <time>2026-07-23T11:14:22.317Z</time>
        <extensions>
          <gpxtpx:TrackPointExtension>
            <gpxtpx:hr>159</gpxtpx:hr>
          </gpxtpx:TrackPointExtension>
        </extensions>
      </trkpt>
      <trkpt lat="40.07558086284874" lon="116.3370373025222">
        <ele>46.1</ele>
        <time>2026-07-23T11:14:23.317Z</time>
        <extensions>
          <gpxtpx:TrackPointExtension>
            <gpxtpx:hr>159</gpxtpx:hr>
          </gpxtpx:TrackPointExtension>
        </extensions>
      </trkpt>
      <trkpt lat="40.075569665997264" lon="116.33706059378085">
        <ele>46.2</ele>
        <time>2026-07-23T11:14:24.316Z</time>
        <extensions>
          <gpxtpx:TrackPointExtension>
            <gpxtpx:hr>159</gpxtpx:hr>
          </gpxtpx:TrackPointExtension>
        </extensions>
      </trkpt>
      <trkpt lat="40.075558459915456" lon="116.33708510738082">
        <ele>46.2</ele>
        <time>2026-07-23T11:14:25.316Z</time>
        <extensions>
          <gpxtpx:TrackPointExtension>
            <gpxtpx:hr>159</gpxtpx:hr>
          </gpxtpx:TrackPointExtension>
        </extensions>
      </trkpt>
      <trkpt lat="40.075545353449805" lon="116.33710893776605">
        <ele>46.2</ele>
        <time>2026-07-23T11:14:26.317Z</time>
        <extensions>
          <gpxtpx:TrackPointExtension>
            <gpxtpx:hr>159</gpxtpx:hr>
          </gpxtpx:TrackPointExtension>
        </extensions>
      </trkpt>
      <trkpt lat="40.07553149222841" lon="116.33713333743924">
        <ele>46.3</ele>
        <time>2026-07-23T11:14:27.317Z</time>
        <extensions>
          <gpxtpx:TrackPointExtension>
            <gpxtpx:hr>159</gpxtpx:hr>
          </gpxtpx:TrackPointExtension>
        </extensions>
      </trkpt>
      <trkpt lat="40.07551926207282" lon="116.33716034032986">
        <ele>46.3</ele>
        <time>2026-07-23T11:14:28.316Z</time>
        <extensions>
          <gpxtpx:TrackPointExtension>
            <gpxtpx:hr>159</gpxtpx:hr>
          </gpxtpx:TrackPointExtension>
        </extensions>
      </trkpt>
      <trkpt lat="40.075508971599106" lon="116.33718933615658">
        <ele>46.3</ele>
        <time>2026-07-23T11:14:29.316Z</time>
        <extensions>
          <gpxtpx:TrackPointExtension>
            <gpxtpx:hr>159</gpxtpx:hr>
          </gpxtpx:TrackPointExtension>
        </extensions>
      </trkpt>
      <trkpt lat="40.07550032078645" lon="116.33721944997514">
        <ele>46.4</ele>
        <time>2026-07-23T11:14:30.317Z</time>
        <extensions>
          <gpxtpx:TrackPointExtension>
            <gpxtpx:hr>159</gpxtpx:hr>
          </gpxtpx:TrackPointExtension>
        </extensions>
      </trkpt>
      <trkpt lat="40.075493240515556" lon="116.3372502532762">
        <ele>46.4</ele>
        <time>2026-07-23T11:14:31.317Z</time>
        <extensions>
          <gpxtpx:TrackPointExtension>
            <gpxtpx:hr>159</gpxtpx:hr>
          </gpxtpx:TrackPointExtension>
        </extensions>
      </trkpt>
      <trkpt lat="40.075487706071215" lon="116.33728155853225">
        <ele>46.4</ele>
        <time>2026-07-23T11:14:32.317Z</time>
        <extensions>
          <gpxtpx:TrackPointExtension>
            <gpxtpx:hr>159</gpxtpx:hr>
          </gpxtpx:TrackPointExtension>
        </extensions>
      </trkpt>
      <trkpt lat="40.0754833554865" lon="116.33731338607089">
        <ele>46.4</ele>
        <time>2026-07-23T11:14:33.317Z</time>
        <extensions>
          <gpxtpx:TrackPointExtension>
            <gpxtpx:hr>159</gpxtpx:hr>
          </gpxtpx:TrackPointExtension>
        </extensions>
      </trkpt>
      <trkpt lat="40.075480259415095" lon="116.33734574495286">
        <ele>46.5</ele>
        <time>2026-07-23T11:14:34.317Z</time>
        <extensions>
          <gpxtpx:TrackPointExtension>
            <gpxtpx:hr>159</gpxtpx:hr>
          </gpxtpx:TrackPointExtension>
        </extensions>
      </trkpt>
      <trkpt lat="40.075478517996665" lon="116.33737811681397">
        <ele>46.5</ele>
        <time>2026-07-23T11:14:35.317Z</time>
        <extensions>
          <gpxtpx:TrackPointExtension>
            <gpxtpx:hr>159</gpxtpx:hr>
          </gpxtpx:TrackPointExtension>
        </extensions>
      </trkpt>
      <trkpt lat="40.07547791106824" lon="116.3374097333676">
        <ele>46.5</ele>
        <time>2026-07-23T11:14:36.317Z</time>
        <extensions>
          <gpxtpx:TrackPointExtension>
            <gpxtpx:hr>159</gpxtpx:hr>
          </gpxtpx:TrackPointExtension>
        </extensions>
      </trkpt>
      <trkpt lat="40.07547880475203" lon="116.33744026069502">
        <ele>46.5</ele>
        <time>2026-07-23T11:14:37.317Z</time>
        <extensions>
          <gpxtpx:TrackPointExtension>
            <gpxtpx:hr>159</gpxtpx:hr>
          </gpxtpx:TrackPointExtension>
        </extensions>
      </trkpt>
      <trkpt lat="40.075481316179136" lon="116.33746974492865">
        <ele>46.5</ele>
        <time>2026-07-23T11:14:38.317Z</time>
        <extensions>
          <gpxtpx:TrackPointExtension>
            <gpxtpx:hr>159</gpxtpx:hr>
          </gpxtpx:TrackPointExtension>
        </extensions>
      </trkpt>
      <trkpt lat="40.07548517935915" lon="116.3374982279693">
        <ele>46.5</ele>
        <time>2026-07-23T11:14:39.317Z</time>
        <extensions>
          <gpxtpx:TrackPointExtension>
            <gpxtpx:hr>159</gpxtpx:hr>
          </gpxtpx:TrackPointExtension>
        </extensions>
      </trkpt>
      <trkpt lat="40.075490455442285" lon="116.33752587419856">
        <ele>46.5</ele>
        <time>2026-07-23T11:14:40.317Z</time>
        <extensions>
          <gpxtpx:TrackPointExtension>
            <gpxtpx:hr>159</gpxtpx:hr>
          </gpxtpx:TrackPointExtension>
        </extensions>
      </trkpt>
      <trkpt lat="40.07549719646403" lon="116.33755271390137">
        <ele>46.5</ele>
        <time>2026-07-23T11:14:41.317Z</time>
        <extensions>
          <gpxtpx:TrackPointExtension>
            <gpxtpx:hr>159</gpxtpx:hr>
          </gpxtpx:TrackPointExtension>
        </extensions>
      </trkpt>
      <trkpt lat="40.07550535135588" lon="116.33757871959669">
        <ele>46.5</ele>
        <time>2026-07-23T11:14:42.317Z</time>
        <extensions>
          <gpxtpx:TrackPointExtension>
            <gpxtpx:hr>159</gpxtpx:hr>
          </gpxtpx:TrackPointExtension>
        </extensions>
      </trkpt>
      <trkpt lat="40.075515012929166" lon="116.33760399782433">
        <ele>46.5</ele>
        <time>2026-07-23T11:14:43.317Z</time>
        <extensions>
          <gpxtpx:TrackPointExtension>
            <gpxtpx:hr>159</gpxtpx:hr>
          </gpxtpx:TrackPointExtension>
        </extensions>
      </trkpt>
      <trkpt lat="40.075526084602394" lon="116.33762870707156">
        <ele>46.5</ele>
        <time>2026-07-23T11:14:44.316Z</time>
        <extensions>
          <gpxtpx:TrackPointExtension>
            <gpxtpx:hr>159</gpxtpx:hr>
          </gpxtpx:TrackPointExtension>
        </extensions>
      </trkpt>
      <trkpt lat="40.07553837285543" lon="116.33765289235974">
        <ele>46.5</ele>
        <time>2026-07-23T11:14:45.317Z</time>
        <extensions>
          <gpxtpx:TrackPointExtension>
            <gpxtpx:hr>159</gpxtpx:hr>
          </gpxtpx:TrackPointExtension>
        </extensions>
      </trkpt>
      <trkpt lat="40.075551951809686" lon="116.33767628640398">
        <ele>46.5</ele>
        <time>2026-07-23T11:14:46.317Z</time>
        <extensions>
          <gpxtpx:TrackPointExtension>
            <gpxtpx:hr>159</gpxtpx:hr>
          </gpxtpx:TrackPointExtension>
        </extensions>
      </trkpt>
      <trkpt lat="40.075566881238245" lon="116.33769869704135">
        <ele>46.5</ele>
        <time>2026-07-23T11:14:47.317Z</time>
      </trkpt>
      <trkpt lat="40.07558309440398" lon="116.33771995106714">
        <ele>46.5</ele>
        <time>2026-07-23T11:14:48.317Z</time>
      </trkpt>
      <trkpt lat="40.07560035202587" lon="116.33774020881663">
        <ele>46.4</ele>
        <time>2026-07-23T11:14:49.316Z</time>
      </trkpt>
      <trkpt lat="40.075618377473546" lon="116.33775970726853">
        <ele>46.4</ele>
        <time>2026-07-23T11:14:50.316Z</time>
      </trkpt>
      <trkpt lat="40.07563704334613" lon="116.33777830119475">
        <ele>46.4</ele>
        <time>2026-07-23T11:14:51.316Z</time>
      </trkpt>
      <trkpt lat="40.07565650939905" lon="116.33779524840644">
        <ele>46.4</ele>
        <time>2026-07-23T11:14:52.317Z</time>
      </trkpt>
      <trkpt lat="40.075676730915625" lon="116.33781057645434">
        <ele>46.3</ele>
        <time>2026-07-23T11:14:53.316Z</time>
      </trkpt>
      <trkpt lat="40.075697944534305" lon="116.33782413835699">
        <ele>46.3</ele>
        <time>2026-07-23T11:14:54.316Z</time>
      </trkpt>
      <trkpt lat="40.07572028078808" lon="116.33783566043394">
        <ele>46.3</ele>
        <time>2026-07-23T11:14:55.316Z</time>
      </trkpt>
      <trkpt lat="40.07574326264594" lon="116.33784575210738">
        <ele>46.2</ele>
        <time>2026-07-23T11:14:56.317Z</time>
      </trkpt>
      <trkpt lat="40.075766504451295" lon="116.33785450367886">
        <ele>46.2</ele>
        <time>2026-07-23T11:14:57.317Z</time>
      </trkpt>
      <trkpt lat="40.075789711395004" lon="116.3378617168781">
        <ele>46.1</ele>
        <time>2026-07-23T11:14:58.317Z</time>
      </trkpt>
      <trkpt lat="40.07581261877775" lon="116.33786716456292">
        <ele>46.1</ele>
        <time>2026-07-23T11:14:59.316Z</time>
      </trkpt>
      <trkpt lat="40.07583523770043" lon="116.3378705971257">
        <ele>46.1</ele>
        <time>2026-07-23T11:15:00.316Z</time>
      </trkpt>
      <trkpt lat="40.07585770190487" lon="116.33787187506718">
        <ele>46.0</ele>
        <time>2026-07-23T11:15:01.317Z</time>
      </trkpt>
      <trkpt lat="40.07588000408627" lon="116.33787137906587">
        <ele>46.0</ele>
        <time>2026-07-23T11:15:02.316Z</time>
      </trkpt>
      <trkpt lat="40.07590224340657" lon="116.33786941716953">
        <ele>46.0</ele>
        <time>2026-07-23T11:15:03.316Z</time>
      </trkpt>
      <trkpt lat="40.075924672948254" lon="116.33786627054894">
        <ele>45.9</ele>
        <time>2026-07-23T11:15:04.316Z</time>
      </trkpt>
      <trkpt lat="40.07594747890192" lon="116.33786206200894">
        <ele>45.9</ele>
        <time>2026-07-23T11:15:05.316Z</time>
      </trkpt>
      <trkpt lat="40.07597065213575" lon="116.3378572510372">
        <ele>45.9</ele>
        <time>2026-07-23T11:15:06.316Z</time>
      </trkpt>
      <trkpt lat="40.075994216592456" lon="116.33785273077937">
        <ele>45.9</ele>
        <time>2026-07-23T11:15:07.317Z</time>
      </trkpt>
      <trkpt lat="40.07601818139162" lon="116.33784914713698">
        <ele>45.9</ele>
        <time>2026-07-23T11:15:08.316Z</time>
      </trkpt>
      <trkpt lat="40.076042627470486" lon="116.337847764981">
        <ele>45.8</ele>
        <time>2026-07-23T11:15:09.317Z</time>
      </trkpt>
      <trkpt lat="40.07606726000289" lon="116.33784785073375">
        <ele>45.8</ele>
        <time>2026-07-23T11:15:10.317Z</time>
      </trkpt>
      <trkpt lat="40.07609188002218" lon="116.33784776203635">
        <ele>45.8</ele>
        <time>2026-07-23T11:15:11.317Z</time>
      </trkpt>
      <trkpt lat="40.07611630422356" lon="116.33784761075334">
        <ele>45.8</ele>
        <time>2026-07-23T11:15:12.316Z</time>
      </trkpt>
      <trkpt lat="40.076140420687096" lon="116.33784770255349">
        <ele>45.8</ele>
        <time>2026-07-23T11:15:13.316Z</time>
      </trkpt>
      <trkpt lat="40.07616420241115" lon="116.33784879290452">
        <ele>45.8</ele>
        <time>2026-07-23T11:15:14.317Z</time>
      </trkpt>
      <trkpt lat="40.07618750918079" lon="116.33785214024456">
        <ele>45.8</ele>
        <time>2026-07-23T11:15:15.317Z</time>
      </trkpt>
      <trkpt lat="40.07621058152009" lon="116.33785652446765">
        <ele>45.8</ele>
        <time>2026-07-23T11:15:16.317Z</time>
      </trkpt>
      <trkpt lat="40.07623370164695" lon="116.33786105149598">
        <ele>45.8</ele>
        <time>2026-07-23T11:15:17.316Z</time>
      </trkpt>
      <trkpt lat="40.07625681688794" lon="116.33786642682685">
        <ele>45.8</ele>
        <time>2026-07-23T11:15:18.316Z</time>
      </trkpt>
      <trkpt lat="40.07627962304096" lon="116.33787306162264">
        <ele>45.8</ele>
        <time>2026-07-23T11:15:19.317Z</time>
      </trkpt>
      <trkpt lat="40.07630196691511" lon="116.33788095161982">
        <ele>45.8</ele>
        <time>2026-07-23T11:15:20.316Z</time>
      </trkpt>
      <trkpt lat="40.076324232902955" lon="116.33788732372766">
        <ele>45.8</ele>
        <time>2026-07-23T11:15:21.316Z</time>
      </trkpt>
      <trkpt lat="40.07634645377719" lon="116.33789041518752">
        <ele>45.7</ele>
        <time>2026-07-23T11:15:22.316Z</time>
      </trkpt>
      <trkpt lat="40.07636855539282" lon="116.33789078494863">
        <ele>45.7</ele>
        <time>2026-07-23T11:15:23.316Z</time>
      </trkpt>
      <trkpt lat="40.07639084185469" lon="116.33788921061289">
        <ele>45.7</ele>
        <time>2026-07-23T11:15:24.316Z</time>
      </trkpt>
      <trkpt lat="40.0764132956317" lon="116.33788676949534">
        <ele>45.7</ele>
        <time>2026-07-23T11:15:25.317Z</time>
      </trkpt>
      <trkpt lat="40.07643575267121" lon="116.33788408276706">
        <ele>45.7</ele>
        <time>2026-07-23T11:15:26.316Z</time>
      </trkpt>
      <trkpt lat="40.07645807866996" lon="116.33788134305118">
        <ele>45.7</ele>
        <time>2026-07-23T11:15:27.316Z</time>
      </trkpt>
      <trkpt lat="40.076480327621454" lon="116.33787853447008">
        <ele>45.7</ele>
        <time>2026-07-23T11:15:28.316Z</time>
      </trkpt>
      <trkpt lat="40.07650273949775" lon="116.33787586744643">
        <ele>45.7</ele>
        <time>2026-07-23T11:15:29.316Z</time>
      </trkpt>
      <trkpt lat="40.076525592562334" lon="116.33787318076598">
        <ele>45.7</ele>
        <time>2026-07-23T11:15:30.316Z</time>
      </trkpt>
      <trkpt lat="40.07654871964366" lon="116.33787058054814">
        <ele>45.6</ele>
        <time>2026-07-23T11:15:31.316Z</time>
      </trkpt>
      <trkpt lat="40.07657204100755" lon="116.337868088521">
        <ele>45.6</ele>
        <time>2026-07-23T11:15:32.317Z</time>
      </trkpt>
      <trkpt lat="40.07659555549303" lon="116.33786559096258">
        <ele>45.6</ele>
        <time>2026-07-23T11:15:33.316Z</time>
      </trkpt>
      <trkpt lat="40.07661935596376" lon="116.33786357047423">
        <ele>45.6</ele>
        <time>2026-07-23T11:15:34.316Z</time>
      </trkpt>
      <trkpt lat="40.076643439613136" lon="116.33786244441085">
        <ele>45.6</ele>
        <time>2026-07-23T11:15:35.316Z</time>
      </trkpt>
      <trkpt lat="40.07666768941833" lon="116.33786212705887">
        <ele>45.5</ele>
        <time>2026-07-23T11:15:36.316Z</time>
      </trkpt>
      <trkpt lat="40.07669206550861" lon="116.33786240491754">
        <ele>45.5</ele>
        <time>2026-07-23T11:15:37.316Z</time>
      </trkpt>
      <trkpt lat="40.076716487660676" lon="116.33786183414102">
        <ele>45.5</ele>
        <time>2026-07-23T11:15:38.316Z</time>
      </trkpt>
      <trkpt lat="40.07674093851181" lon="116.33785934007498">
        <ele>45.5</ele>
        <time>2026-07-23T11:15:39.316Z</time>
      </trkpt>
      <trkpt lat="40.07676528003729" lon="116.33785487539231">
        <ele>45.5</ele>
        <time>2026-07-23T11:15:40.316Z</time>
      </trkpt>
      <trkpt lat="40.07678932794019" lon="116.3378483264332">
        <ele>45.4</ele>
        <time>2026-07-23T11:15:41.316Z</time>
      </trkpt>
      <trkpt lat="40.07681301142839" lon="116.3378400196661">
        <ele>45.4</ele>
        <time>2026-07-23T11:15:42.316Z</time>
      </trkpt>
      <trkpt lat="40.07683627197848" lon="116.33782996747169">
        <ele>45.4</ele>
        <time>2026-07-23T11:15:43.316Z</time>
      </trkpt>
      <trkpt lat="40.07685880364628" lon="116.33781746666097">
        <ele>45.4</ele>
        <time>2026-07-23T11:15:44.316Z</time>
      </trkpt>
      <trkpt lat="40.07688038246406" lon="116.33780260723674">
        <ele>45.4</ele>
        <time>2026-07-23T11:15:45.316Z</time>
      </trkpt>
      <trkpt lat="40.07690101325752" lon="116.33778582460374">
        <ele>45.4</ele>
        <time>2026-07-23T11:15:46.316Z</time>
      </trkpt>
      <trkpt lat="40.0769208476997" lon="116.33776748931149">
        <ele>45.4</ele>
        <time>2026-07-23T11:15:47.316Z</time>
      </trkpt>
      <trkpt lat="40.076939670989475" lon="116.33774733581949">
        <ele>45.3</ele>
        <time>2026-07-23T11:15:48.316Z</time>
      </trkpt>
      <trkpt lat="40.07695722845055" lon="116.33772529555549">
        <ele>45.3</ele>
        <time>2026-07-23T11:15:49.316Z</time>
      </trkpt>
      <trkpt lat="40.07697328405219" lon="116.33770123934436">
        <ele>45.3</ele>
        <time>2026-07-23T11:15:50.316Z</time>
      </trkpt>
      <trkpt lat="40.076987858885296" lon="116.33767540645302">
        <ele>45.3</ele>
        <time>2026-07-23T11:15:51.316Z</time>
      </trkpt>
      <trkpt lat="40.077000798142635" lon="116.33764795565683">
        <ele>45.4</ele>
        <time>2026-07-23T11:15:52.316Z</time>
      </trkpt>
      <trkpt lat="40.07701220699442" lon="116.33761951925705">
        <ele>45.4</ele>
        <time>2026-07-23T11:15:53.316Z</time>
      </trkpt>
      <trkpt lat="40.07702232593742" lon="116.33759044327833">
        <ele>45.4</ele>
        <time>2026-07-23T11:15:54.316Z</time>
      </trkpt>
      <trkpt lat="40.07703023782404" lon="116.33756008011643">
        <ele>45.4</ele>
        <time>2026-07-23T11:15:55.316Z</time>
      </trkpt>
      <trkpt lat="40.077035250257886" lon="116.33752818122038">
        <ele>45.4</ele>
        <time>2026-07-23T11:15:56.316Z</time>
      </trkpt>
      <trkpt lat="40.07703885535357" lon="116.3374955151462">
        <ele>45.5</ele>
        <time>2026-07-23T11:15:57.316Z</time>
      </trkpt>
      <trkpt lat="40.07704214105757" lon="116.33746274469877">
        <ele>45.5</ele>
        <time>2026-07-23T11:15:58.316Z</time>
      </trkpt>
      <trkpt lat="40.07704398799985" lon="116.33742997709793">
        <ele>45.5</ele>
        <time>2026-07-23T11:15:59.316Z</time>
      </trkpt>
      <trkpt lat="40.077044192495535" lon="116.33739715951772">
        <ele>45.6</ele>
        <time>2026-07-23T11:16:00.316Z</time>
      </trkpt>
      <trkpt lat="40.07704336664818" lon="116.33736427249787">
        <ele>45.6</ele>
        <time>2026-07-23T11:16:01.316Z</time>
      </trkpt>
      <trkpt lat="40.07704131996862" lon="116.33733137112297">
        <ele>45.6</ele>
        <time>2026-07-23T11:16:02.316Z</time>
      </trkpt>
      <trkpt lat="40.077038081113464" lon="116.33729861150165">
        <ele>45.7</ele>
        <time>2026-07-23T11:16:03.316Z</time>
      </trkpt>
      <trkpt lat="40.07703369793455" lon="116.33726617454808">
        <ele>45.7</ele>
        <time>2026-07-23T11:16:04.316Z</time>
      </trkpt>
      <trkpt lat="40.07702787078541" lon="116.337234140991">
        <ele>45.7</ele>
        <time>2026-07-23T11:16:05.316Z</time>
      </trkpt>
      <trkpt lat="40.077020536073384" lon="116.33720291661288">
        <ele>45.8</ele>
        <time>2026-07-23T11:16:06.316Z</time>
      </trkpt>
      <trkpt lat="40.077011281217956" lon="116.33717299486179">
        <ele>45.8</ele>
        <time>2026-07-23T11:16:07.316Z</time>
      </trkpt>
      <trkpt lat="40.07699980748377" lon="116.33714479093044">
        <ele>45.8</ele>
        <time>2026-07-23T11:16:08.316Z</time>
      </trkpt>
      <trkpt lat="40.076986770289516" lon="116.33711794551475">
        <ele>45.8</ele>
        <time>2026-07-23T11:16:09.316Z</time>
      </trkpt>
      <trkpt lat="40.07697253925812" lon="116.33709205107782">
        <ele>45.8</ele>
        <time>2026-07-23T11:16:10.316Z</time>
      </trkpt>
      <trkpt lat="40.07695672718377" lon="116.33706750174211">
        <ele>45.8</ele>
        <time>2026-07-23T11:16:11.316Z</time>
      </trkpt>
      <trkpt lat="40.076939400963234" lon="116.33704446824396">
        <ele>45.8</ele>
        <time>2026-07-23T11:16:12.316Z</time>
      </trkpt>
      <trkpt lat="40.07692104869384" lon="116.33702310689058">
        <ele>45.8</ele>
        <time>2026-07-23T11:16:13.316Z</time>
      </trkpt>
      <trkpt lat="40.07690172841764" lon="116.33700399556776">
        <ele>45.8</ele>
        <time>2026-07-23T11:16:14.316Z</time>
      </trkpt>
      <trkpt lat="40.0768815742021" lon="116.3369867707686">
        <ele>45.7</ele>
        <time>2026-07-23T11:16:15.316Z</time>
      </trkpt>
      <trkpt lat="40.0768607826283" lon="116.33697097608182">
        <ele>45.7</ele>
        <time>2026-07-23T11:16:16.316Z</time>
      </trkpt>
      <trkpt lat="40.07683928674561" lon="116.33695659838935">
        <ele>45.7</ele>
        <time>2026-07-23T11:16:17.316Z</time>
      </trkpt>
      <trkpt lat="40.07681734195841" lon="116.33694267884101">
        <ele>45.7</ele>
        <time>2026-07-23T11:16:18.316Z</time>
      </trkpt>
      <trkpt lat="40.07679570730315" lon="116.3369277467835">
        <ele>45.7</ele>
        <time>2026-07-23T11:16:19.316Z</time>
      </trkpt>
      <trkpt lat="40.076773894363754" lon="116.33691354679964">
        <ele>45.7</ele>
        <time>2026-07-23T11:16:20.316Z</time>
      </trkpt>
      <trkpt lat="40.076751233831764" lon="116.33690276112583">
        <ele>45.7</ele>
        <time>2026-07-23T11:16:21.316Z</time>
      </trkpt>
      <trkpt lat="40.07672843121053" lon="116.33689515474032">
        <ele>45.6</ele>
        <time>2026-07-23T11:16:22.316Z</time>
      </trkpt>
      <trkpt lat="40.076705440451995" lon="116.33689003747126">
        <ele>45.6</ele>
        <time>2026-07-23T11:16:23.316Z</time>
      </trkpt>
      <trkpt lat="40.076681764513864" lon="116.33688708719185">
        <ele>45.6</ele>
        <time>2026-07-23T11:16:24.316Z</time>
      </trkpt>
      <trkpt lat="40.076657350979865" lon="116.33688608156127">
        <ele>45.6</ele>
        <time>2026-07-23T11:16:25.316Z</time>
      </trkpt>
      <trkpt lat="40.076632359732535" lon="116.3368864391233">
        <ele>45.6</ele>
        <time>2026-07-23T11:16:26.316Z</time>
      </trkpt>
      <trkpt lat="40.07660709476611" lon="116.33688741828597">
        <ele>45.6</ele>
        <time>2026-07-23T11:16:27.316Z</time>
      </trkpt>
      <trkpt lat="40.07658193086157" lon="116.3368886447463">
        <ele>45.6</ele>
        <time>2026-07-23T11:16:28.316Z</time>
      </trkpt>
      <trkpt lat="40.076556926078204" lon="116.336889883839">
        <ele>45.6</ele>
        <time>2026-07-23T11:16:29.316Z</time>
      </trkpt>
      <trkpt lat="40.07653200887601" lon="116.33689086281223">
        <ele>45.6</ele>
        <time>2026-07-23T11:16:30.316Z</time>
      </trkpt>
      <trkpt lat="40.07650730024404" lon="116.33689130785125">
        <ele>45.6</ele>
        <time>2026-07-23T11:16:31.316Z</time>
      </trkpt>
      <trkpt lat="40.07648278686287" lon="116.33689128227935">
        <ele>45.6</ele>
        <time>2026-07-23T11:16:32.316Z</time>
      </trkpt>
      <trkpt lat="40.07645823639136" lon="116.33689106754005">
        <ele>45.6</ele>
        <time>2026-07-23T11:16:33.316Z</time>
      </trkpt>
      <trkpt lat="40.07643359873912" lon="116.33689118034754">
        <ele>45.6</ele>
        <time>2026-07-23T11:16:34.316Z</time>
      </trkpt>
      <trkpt lat="40.076409036980884" lon="116.33689162323276">
        <ele>45.6</ele>
        <time>2026-07-23T11:16:35.316Z</time>
      </trkpt>
      <trkpt lat="40.076384665112855" lon="116.33689206867199">
        <ele>45.6</ele>
        <time>2026-07-23T11:16:36.316Z</time>
      </trkpt>
      <trkpt lat="40.076360511041656" lon="116.33689265526479">
        <ele>45.6</ele>
        <time>2026-07-23T11:16:37.316Z</time>
      </trkpt>
      <trkpt lat="40.07633660530439" lon="116.33689339791374">
        <ele>45.6</ele>
        <time>2026-07-23T11:16:38.316Z</time>
      </trkpt>
      <trkpt lat="40.076313000692586" lon="116.336893731084">
        <ele>45.6</ele>
        <time>2026-07-23T11:16:39.316Z</time>
      </trkpt>
      <trkpt lat="40.076289718659005" lon="116.33689335628934">
        <ele>45.6</ele>
        <time>2026-07-23T11:16:40.316Z</time>
      </trkpt>
      <trkpt lat="40.07626684880592" lon="116.33689297080252">
        <ele>45.6</ele>
        <time>2026-07-23T11:16:41.316Z</time>
      </trkpt>
      <trkpt lat="40.076244363333224" lon="116.33689324271471">
        <ele>45.6</ele>
        <time>2026-07-23T11:16:42.316Z</time>
      </trkpt>
      <trkpt lat="40.0762221159551" lon="116.33689394236285">
        <ele>45.6</ele>
        <time>2026-07-23T11:16:43.316Z</time>
      </trkpt>
      <trkpt lat="40.07620006463781" lon="116.3368944688694">
        <ele>45.6</ele>
        <time>2026-07-23T11:16:44.316Z</time>
      </trkpt>
      <trkpt lat="40.076178054387874" lon="116.33689499433126">
        <ele>45.6</ele>
        <time>2026-07-23T11:16:45.316Z</time>
      </trkpt>
      <trkpt lat="40.07615592913284" lon="116.33689608984493">
        <ele>45.5</ele>
        <time>2026-07-23T11:16:46.316Z</time>
      </trkpt>
      <trkpt lat="40.07613365827736" lon="116.33689706179277">
        <ele>45.5</ele>
        <time>2026-07-23T11:16:47.316Z</time>
      </trkpt>
      <trkpt lat="40.07611146647044" lon="116.33689764005653">
        <ele>45.5</ele>
        <time>2026-07-23T11:16:48.316Z</time>
      </trkpt>
      <trkpt lat="40.076089466741585" lon="116.33689827027668">
        <ele>45.5</ele>
        <time>2026-07-23T11:16:49.315Z</time>
      </trkpt>
      <trkpt lat="40.07606778667199" lon="116.33689843942054">
        <ele>45.5</ele>
        <time>2026-07-23T11:16:50.316Z</time>
      </trkpt>
      <trkpt lat="40.076046709654165" lon="116.33689851325211">
        <ele>45.5</ele>
        <time>2026-07-23T11:16:51.316Z</time>
      </trkpt>
      <trkpt lat="40.07602629022766" lon="116.33689907047895">
        <ele>45.5</ele>
        <time>2026-07-23T11:16:52.316Z</time>
      </trkpt>
      <trkpt lat="40.07600630978458" lon="116.33690027647796">
        <ele>45.5</ele>
        <time>2026-07-23T11:16:53.316Z</time>
      </trkpt>
      <trkpt lat="40.0759865660553" lon="116.33690223017545">
        <ele>45.4</ele>
        <time>2026-07-23T11:16:54.316Z</time>
      </trkpt>
      <trkpt lat="40.07596683964391" lon="116.3369043431327">
        <ele>45.4</ele>
        <time>2026-07-23T11:16:55.316Z</time>
      </trkpt>
      <trkpt lat="40.07594706762847" lon="116.33690617203271">
        <ele>45.4</ele>
        <time>2026-07-23T11:16:56.316Z</time>
      </trkpt>
      <trkpt lat="40.075927243276944" lon="116.33690737640813">
        <ele>45.4</ele>
        <time>2026-07-23T11:16:57.315Z</time>
      </trkpt>
      <trkpt lat="40.07590718457237" lon="116.33690765679434">
        <ele>45.4</ele>
        <time>2026-07-23T11:16:58.316Z</time>
      </trkpt>
      <trkpt lat="40.075886669089805" lon="116.33690736473974">
        <ele>45.4</ele>
        <time>2026-07-23T11:16:59.316Z</time>
      </trkpt>
      <trkpt lat="40.07586559699183" lon="116.3369071780192">
        <ele>45.5</ele>
        <time>2026-07-23T11:17:00.315Z</time>
      </trkpt>
      <trkpt lat="40.07584417880831" lon="116.3369080350372">
        <ele>45.5</ele>
        <time>2026-07-23T11:17:01.316Z</time>
      </trkpt>
      <trkpt lat="40.075822649230446" lon="116.33691065913148">
        <ele>45.5</ele>
        <time>2026-07-23T11:17:02.316Z</time>
      </trkpt>
      <trkpt lat="40.075801052538" lon="116.33691490170318">
        <ele>45.5</ele>
        <time>2026-07-23T11:17:03.315Z</time>
      </trkpt>
      <trkpt lat="40.07577928669083" lon="116.33692023499212">
        <ele>45.6</ele>
        <time>2026-07-23T11:17:04.316Z</time>
      </trkpt>
      <trkpt lat="40.075757399353044" lon="116.3369264254202">
        <ele>45.6</ele>
        <time>2026-07-23T11:17:05.316Z</time>
      </trkpt>
      <trkpt lat="40.07573549352693" lon="116.33693344798344">
        <ele>45.7</ele>
        <time>2026-07-23T11:17:06.316Z</time>
      </trkpt>
      <trkpt lat="40.07571378217019" lon="116.33694165256537">
        <ele>45.7</ele>
        <time>2026-07-23T11:17:07.316Z</time>
      </trkpt>
      <trkpt lat="40.075692546941575" lon="116.33695190163002">
        <ele>45.8</ele>
        <time>2026-07-23T11:17:08.316Z</time>
      </trkpt>
      <trkpt lat="40.07567186959714" lon="116.33696457520247">
        <ele>45.8</ele>
        <time>2026-07-23T11:17:09.316Z</time>
      </trkpt>
      <trkpt lat="40.0756518336625" lon="116.33697963441965">
        <ele>45.9</ele>
        <time>2026-07-23T11:17:10.316Z</time>
      </trkpt>
      <trkpt lat="40.0756328550786" lon="116.3369975209401">
        <ele>45.9</ele>
        <time>2026-07-23T11:17:11.316Z</time>
      </trkpt>
      <trkpt lat="40.075615135025195" lon="116.33701784427616">
        <ele>46.0</ele>
        <time>2026-07-23T11:17:12.316Z</time>
      </trkpt>
      <trkpt lat="40.0755984264485" lon="116.3370394052638">
        <ele>46.0</ele>
        <time>2026-07-23T11:17:13.316Z</time>
      </trkpt>
      <trkpt lat="40.075582912393195" lon="116.33706201286985">
        <ele>46.1</ele>
        <time>2026-07-23T11:17:14.316Z</time>
      </trkpt>
      <trkpt lat="40.07556909300975" lon="116.33708607124579">
        <ele>46.2</ele>
        <time>2026-07-23T11:17:15.316Z</time>
      </trkpt>
      <trkpt lat="40.07555676467022" lon="116.33711119306435">
        <ele>46.2</ele>
        <time>2026-07-23T11:17:16.316Z</time>
      </trkpt>
      <trkpt lat="40.07554577857586" lon="116.337136699708">
        <ele>46.3</ele>
        <time>2026-07-23T11:17:17.316Z</time>
      </trkpt>
      <trkpt lat="40.07553620862242" lon="116.33716248655593">
        <ele>46.3</ele>
        <time>2026-07-23T11:17:18.315Z</time>
      </trkpt>
      <trkpt lat="40.07552782255611" lon="116.33718881369069">
        <ele>46.4</ele>
        <time>2026-07-23T11:17:19.315Z</time>
      </trkpt>
      <trkpt lat="40.07552049243233" lon="116.33721578133226">
        <ele>46.4</ele>
        <time>2026-07-23T11:17:20.315Z</time>
      </trkpt>
      <trkpt lat="40.07551376690329" lon="116.33724294094341">
        <ele>46.5</ele>
        <time>2026-07-23T11:17:21.316Z</time>
      </trkpt>
      <trkpt lat="40.07550701411801" lon="116.33726949750998">
        <ele>46.5</ele>
        <time>2026-07-23T11:17:22.316Z</time>
      </trkpt>
      <trkpt lat="40.07549934157284" lon="116.33729478740908">
        <ele>46.6</ele>
        <time>2026-07-23T11:17:23.316Z</time>
      </trkpt>
      <trkpt lat="40.075492235323" lon="116.33732002639258">
        <ele>46.6</ele>
        <time>2026-07-23T11:17:24.316Z</time>
      </trkpt>
      <trkpt lat="40.075487854435046" lon="116.33734647540311">
        <ele>46.6</ele>
        <time>2026-07-23T11:17:25.316Z</time>
      </trkpt>
      <trkpt lat="40.0754858444666" lon="116.33737386241155">
        <ele>46.7</ele>
        <time>2026-07-23T11:17:26.316Z</time>
      </trkpt>
      <trkpt lat="40.0754855302721" lon="116.33740244514544">
        <ele>46.7</ele>
        <time>2026-07-23T11:17:27.315Z</time>
      </trkpt>
      <trkpt lat="40.07548665412566" lon="116.33743212812907">
        <ele>46.7</ele>
        <time>2026-07-23T11:17:28.315Z</time>
      </trkpt>
      <trkpt lat="40.07548931974215" lon="116.33746227248757">
        <ele>46.7</ele>
        <time>2026-07-23T11:17:29.316Z</time>
      </trkpt>
      <trkpt lat="40.07549290924779" lon="116.33749250116574">
        <ele>46.7</ele>
        <time>2026-07-23T11:17:30.316Z</time>
      </trkpt>
      <trkpt lat="40.075496160488775" lon="116.33752274181488">
        <ele>46.7</ele>
        <time>2026-07-23T11:17:31.316Z</time>
      </trkpt>
      <trkpt lat="40.07550020833427" lon="116.33755271035083">
        <ele>46.7</ele>
        <time>2026-07-23T11:17:32.316Z</time>
      </trkpt>
      <trkpt lat="40.07550644312565" lon="116.33758207137862">
        <ele>46.7</ele>
        <time>2026-07-23T11:17:33.316Z</time>
      </trkpt>
      <trkpt lat="40.075514501007476" lon="116.3376105859829">
        <ele>46.7</ele>
        <time>2026-07-23T11:17:34.316Z</time>
      </trkpt>
      <trkpt lat="40.07552421321837" lon="116.33763787947382">
        <ele>46.7</ele>
        <time>2026-07-23T11:17:35.316Z</time>
      </trkpt>
      <trkpt lat="40.07553529776959" lon="116.33766367773731">
        <ele>46.7</ele>
        <time>2026-07-23T11:17:36.315Z</time>
      </trkpt>
      <trkpt lat="40.07554756985082" lon="116.33768767277732">
        <ele>46.7</ele>
        <time>2026-07-23T11:17:37.316Z</time>
      </trkpt>
      <trkpt lat="40.07556065321703" lon="116.3377099494164">
        <ele>46.6</ele>
        <time>2026-07-23T11:17:38.315Z</time>
      </trkpt>
      <trkpt lat="40.075574446571274" lon="116.33773094854463">
        <ele>46.6</ele>
        <time>2026-07-23T11:17:39.316Z</time>
      </trkpt>
      <trkpt lat="40.0755894624565" lon="116.3377502415696">
        <ele>46.5</ele>
        <time>2026-07-23T11:17:40.315Z</time>
      </trkpt>
      <trkpt lat="40.07560597911067" lon="116.33776737699971">
        <ele>46.5</ele>
        <time>2026-07-23T11:17:41.316Z</time>
      </trkpt>
      <trkpt lat="40.07562411683498" lon="116.33778199286215">
        <ele>46.5</ele>
        <time>2026-07-23T11:17:42.316Z</time>
      </trkpt>
      <trkpt lat="40.07564356890936" lon="116.33779453410914">
        <ele>46.4</ele>
        <time>2026-07-23T11:17:43.316Z</time>
      </trkpt>
      <trkpt lat="40.075663882032465" lon="116.33780562366043">
        <ele>46.4</ele>
        <time>2026-07-23T11:17:44.315Z</time>
      </trkpt>
      <trkpt lat="40.07568505022521" lon="116.33781540290788">
        <ele>46.3</ele>
        <time>2026-07-23T11:17:45.316Z</time>
      </trkpt>
      <trkpt lat="40.07570689526715" lon="116.33782397679387">
        <ele>46.3</ele>
        <time>2026-07-23T11:17:46.316Z</time>
      </trkpt>
      <trkpt lat="40.07572911053416" lon="116.33783156754562">
        <ele>46.3</ele>
        <time>2026-07-23T11:17:47.316Z</time>
      </trkpt>
      <trkpt lat="40.075751599131856" lon="116.33783817517423">
        <ele>46.2</ele>
        <time>2026-07-23T11:17:48.316Z</time>
      </trkpt>
      <trkpt lat="40.07577429633085" lon="116.33784362875265">
        <ele>46.2</ele>
        <time>2026-07-23T11:17:49.316Z</time>
      </trkpt>
      <trkpt lat="40.075796891790354" lon="116.33784783624849">
        <ele>46.2</ele>
        <time>2026-07-23T11:17:50.316Z</time>
      </trkpt>
      <trkpt lat="40.075819337060146" lon="116.3378502458592">
        <ele>46.1</ele>
        <time>2026-07-23T11:17:51.315Z</time>
      </trkpt>
      <trkpt lat="40.07584191674896" lon="116.33785082894946">
        <ele>46.1</ele>
        <time>2026-07-23T11:17:52.316Z</time>
      </trkpt>
      <trkpt lat="40.07586479624577" lon="116.33784994373774">
        <ele>46.1</ele>
        <time>2026-07-23T11:17:53.316Z</time>
      </trkpt>
      <trkpt lat="40.075887864902846" lon="116.33784808480789">
        <ele>46.1</ele>
        <time>2026-07-23T11:17:54.316Z</time>
      </trkpt>
      <trkpt lat="40.07591092645685" lon="116.33784589405305">
        <ele>46.1</ele>
        <time>2026-07-23T11:17:55.316Z</time>
      </trkpt>
      <trkpt lat="40.075933938697446" lon="116.33784354299314">
        <ele>46.0</ele>
        <time>2026-07-23T11:17:56.316Z</time>
      </trkpt>
      <trkpt lat="40.07595696144859" lon="116.33784063380902">
        <ele>46.0</ele>
        <time>2026-07-23T11:17:57.316Z</time>
      </trkpt>
      <trkpt lat="40.07597998705368" lon="116.33783729380133">
        <ele>46.0</ele>
        <time>2026-07-23T11:17:58.315Z</time>
      </trkpt>
      <trkpt lat="40.076002873803624" lon="116.33783457721646">
        <ele>46.0</ele>
        <time>2026-07-23T11:17:59.315Z</time>
      </trkpt>
      <trkpt lat="40.07602537262793" lon="116.33783328875482">
        <ele>46.0</ele>
        <time>2026-07-23T11:18:00.315Z</time>
      </trkpt>
      <trkpt lat="40.07604750915854" lon="116.33783322220087">
        <ele>46.0</ele>
        <time>2026-07-23T11:18:01.315Z</time>
      </trkpt>
      <trkpt lat="40.07606958692694" lon="116.33783388708342">
        <ele>46.0</ele>
        <time>2026-07-23T11:18:02.316Z</time>
      </trkpt>
      <trkpt lat="40.07609197488384" lon="116.33783445559996">
        <ele>45.9</ele>
        <time>2026-07-23T11:18:03.316Z</time>
      </trkpt>
      <trkpt lat="40.076114740819015" lon="116.33783426739267">
        <ele>45.9</ele>
        <time>2026-07-23T11:18:04.315Z</time>
      </trkpt>
      <trkpt lat="40.07613755314525" lon="116.33783384618516">
        <ele>45.9</ele>
        <time>2026-07-23T11:18:05.315Z</time>
      </trkpt>
      <trkpt lat="40.07616019999266" lon="116.33783396639853">
        <ele>45.9</ele>
        <time>2026-07-23T11:18:06.316Z</time>
      </trkpt>
      <trkpt lat="40.07618263215195" lon="116.33783455063933">
        <ele>45.9</ele>
        <time>2026-07-23T11:18:07.316Z</time>
      </trkpt>
      <trkpt lat="40.07620481002611" lon="116.33783520048762">
        <ele>45.9</ele>
        <time>2026-07-23T11:18:08.315Z</time>
      </trkpt>
      <trkpt lat="40.07622678986864" lon="116.33783546953121">
        <ele>45.8</ele>
        <time>2026-07-23T11:18:09.315Z</time>
      </trkpt>
      <trkpt lat="40.07624869650132" lon="116.33783494500659">
        <ele>45.8</ele>
        <time>2026-07-23T11:18:10.315Z</time>
      </trkpt>
      <trkpt lat="40.07627071034628" lon="116.33783389304169">
        <ele>45.8</ele>
        <time>2026-07-23T11:18:11.315Z</time>
      </trkpt>
      <trkpt lat="40.07629289846209" lon="116.33783307318387">
        <ele>45.8</ele>
        <time>2026-07-23T11:18:12.316Z</time>
      </trkpt>
      <trkpt lat="40.07631520141696" lon="116.33783227812212">
        <ele>45.8</ele>
        <time>2026-07-23T11:18:13.316Z</time>
      </trkpt>
      <trkpt lat="40.07633748080421" lon="116.3378312014075">
        <ele>45.7</ele>
        <time>2026-07-23T11:18:14.315Z</time>
      </trkpt>
      <trkpt lat="40.07635967755232" lon="116.33783067632054">
        <ele>45.7</ele>
        <time>2026-07-23T11:18:15.315Z</time>
      </trkpt>
      <trkpt lat="40.07638170129043" lon="116.33783098506771">
        <ele>45.7</ele>
        <time>2026-07-23T11:18:16.315Z</time>
      </trkpt>
      <trkpt lat="40.07640355062178" lon="116.33783203585428">
        <ele>45.7</ele>
        <time>2026-07-23T11:18:17.315Z</time>
      </trkpt>
      <trkpt lat="40.07642554417974" lon="116.3378335847307">
        <ele>45.7</ele>
        <time>2026-07-23T11:18:18.315Z</time>
      </trkpt>
      <trkpt lat="40.076447759119425" lon="116.33783523249555">
        <ele>45.6</ele>
        <time>2026-07-23T11:18:19.315Z</time>
      </trkpt>
      <trkpt lat="40.076469892424875" lon="116.3378367620604">
        <ele>45.6</ele>
        <time>2026-07-23T11:18:20.315Z</time>
      </trkpt>
      <trkpt lat="40.07649156389978" lon="116.3378387014346">
        <ele>45.6</ele>
        <time>2026-07-23T11:18:21.315Z</time>
      </trkpt>
      <trkpt lat="40.07651283081277" lon="116.33784171031272">
        <ele>45.6</ele>
        <time>2026-07-23T11:18:22.315Z</time>
      </trkpt>
      <trkpt lat="40.076533840095976" lon="116.33784503762415">
        <ele>45.6</ele>
        <time>2026-07-23T11:18:23.315Z</time>
      </trkpt>
      <trkpt lat="40.0765546878435" lon="116.33784796790675">
        <ele>45.5</ele>
        <time>2026-07-23T11:18:24.315Z</time>
      </trkpt>
      <trkpt lat="40.076575441402575" lon="116.3378507719805">
        <ele>45.5</ele>
        <time>2026-07-23T11:18:25.315Z</time>
      </trkpt>
      <trkpt lat="40.07659631378368" lon="116.33785274649551">
        <ele>45.5</ele>
        <time>2026-07-23T11:18:26.315Z</time>
      </trkpt>
      <trkpt lat="40.076617355491216" lon="116.33785265458953">
        <ele>45.5</ele>
        <time>2026-07-23T11:18:27.315Z</time>
      </trkpt>
      <trkpt lat="40.076638533834476" lon="116.33785086470746">
        <ele>45.5</ele>
        <time>2026-07-23T11:18:28.316Z</time>
      </trkpt>
      <trkpt lat="40.076659907622165" lon="116.33784802537744">
        <ele>45.4</ele>
        <time>2026-07-23T11:18:29.315Z</time>
      </trkpt>
      <trkpt lat="40.07668145532413" lon="116.33784443854316">
        <ele>45.4</ele>
        <time>2026-07-23T11:18:30.315Z</time>
      </trkpt>
      <trkpt lat="40.076702988950245" lon="116.33783996353445">
        <ele>45.4</ele>
        <time>2026-07-23T11:18:31.315Z</time>
      </trkpt>
      <trkpt lat="40.076724324938056" lon="116.33783434945254">
        <ele>45.4</ele>
        <time>2026-07-23T11:18:32.315Z</time>
      </trkpt>
      <trkpt lat="40.07674554565963" lon="116.33782777176019">
        <ele>45.3</ele>
        <time>2026-07-23T11:18:33.315Z</time>
      </trkpt>
      <trkpt lat="40.076766835189225" lon="116.33781995822521">
        <ele>45.3</ele>
        <time>2026-07-23T11:18:34.315Z</time>
      </trkpt>
      <trkpt lat="40.07678812757514" lon="116.33781068659621">
        <ele>45.3</ele>
        <time>2026-07-23T11:18:35.315Z</time>
      </trkpt>
      <trkpt lat="40.07680902461351" lon="116.33779938426308">
        <ele>45.3</ele>
        <time>2026-07-23T11:18:36.315Z</time>
      </trkpt>
      <trkpt lat="40.0768292771595" lon="116.33778605612243">
        <ele>45.2</ele>
        <time>2026-07-23T11:18:37.315Z</time>
      </trkpt>
      <trkpt lat="40.07684879554075" lon="116.33777114070526">
        <ele>45.2</ele>
        <time>2026-07-23T11:18:38.315Z</time>
      </trkpt>
      <trkpt lat="40.07686718050028" lon="116.33775456423491">
        <ele>45.2</ele>
        <time>2026-07-23T11:18:39.315Z</time>
      </trkpt>
      <trkpt lat="40.07688387372786" lon="116.33773599467531">
        <ele>45.1</ele>
        <time>2026-07-23T11:18:40.315Z</time>
      </trkpt>
      <trkpt lat="40.07689900734495" lon="116.33771571701475">
        <ele>45.1</ele>
        <time>2026-07-23T11:18:41.315Z</time>
      </trkpt>
      <trkpt lat="40.076913197086135" lon="116.33769460815216">
        <ele>45.1</ele>
        <time>2026-07-23T11:18:42.315Z</time>
      </trkpt>
      <trkpt lat="40.07692659897916" lon="116.33767269439383">
        <ele>45.0</ele>
        <time>2026-07-23T11:18:43.315Z</time>
      </trkpt>
      <trkpt lat="40.07693925171096" lon="116.33764989897261">
        <ele>45.0</ele>
        <time>2026-07-23T11:18:44.315Z</time>
      </trkpt>
      <trkpt lat="40.07695136603604" lon="116.33762659742808">
        <ele>45.0</ele>
        <time>2026-07-23T11:18:45.315Z</time>
      </trkpt>
      <trkpt lat="40.07696270849527" lon="116.3376026210135">
        <ele>45.0</ele>
        <time>2026-07-23T11:18:46.315Z</time>
      </trkpt>
      <trkpt lat="40.07697306430623" lon="116.3375779099264">
        <ele>44.9</ele>
        <time>2026-07-23T11:18:47.315Z</time>
      </trkpt>
      <trkpt lat="40.07698215702476" lon="116.33755254927902">
        <ele>44.9</ele>
        <time>2026-07-23T11:18:48.315Z</time>
      </trkpt>
      <trkpt lat="40.07698944356968" lon="116.3375260681404">
        <ele>44.9</ele>
        <time>2026-07-23T11:18:49.315Z</time>
      </trkpt>
      <trkpt lat="40.07699495192308" lon="116.33749857840687">
        <ele>44.9</ele>
        <time>2026-07-23T11:18:50.315Z</time>
      </trkpt>
      <trkpt lat="40.076999174901516" lon="116.33747058244924">
        <ele>44.9</ele>
        <time>2026-07-23T11:18:51.315Z</time>
      </trkpt>
      <trkpt lat="40.07700251991261" lon="116.33744243539341">
        <ele>44.9</ele>
        <time>2026-07-23T11:18:52.315Z</time>
      </trkpt>
      <trkpt lat="40.077004709703" lon="116.3374139285419">
        <ele>44.9</ele>
        <time>2026-07-23T11:18:53.315Z</time>
      </trkpt>
      <trkpt lat="40.07700572437825" lon="116.33738476144863">
        <ele>44.9</ele>
        <time>2026-07-23T11:18:54.315Z</time>
      </trkpt>
      <trkpt lat="40.07700568533845" lon="116.33735521439466">
        <ele>45.0</ele>
        <time>2026-07-23T11:18:55.315Z</time>
      </trkpt>
      <trkpt lat="40.07700408500203" lon="116.33732545923523">
        <ele>45.0</ele>
        <time>2026-07-23T11:18:56.315Z</time>
      </trkpt>
      <trkpt lat="40.077001063109876" lon="116.33729577980166">
        <ele>45.0</ele>
        <time>2026-07-23T11:18:57.315Z</time>
      </trkpt>
      <trkpt lat="40.07699665206976" lon="116.33726624249196">
        <ele>45.0</ele>
        <time>2026-07-23T11:18:58.315Z</time>
      </trkpt>
      <trkpt lat="40.076991048618986" lon="116.33723704929733">
        <ele>45.0</ele>
        <time>2026-07-23T11:18:59.315Z</time>
      </trkpt>
      <trkpt lat="40.0769845257958" lon="116.33720833153814">
        <ele>45.1</ele>
        <time>2026-07-23T11:19:00.315Z</time>
      </trkpt>
      <trkpt lat="40.076976708418165" lon="116.3371802226556">
        <ele>45.1</ele>
        <time>2026-07-23T11:19:01.315Z</time>
      </trkpt>
      <trkpt lat="40.07696769006563" lon="116.33715259712088">
        <ele>45.1</ele>
        <time>2026-07-23T11:19:02.315Z</time>
      </trkpt>
      <trkpt lat="40.076957510445546" lon="116.33712556272366">
        <ele>45.1</ele>
        <time>2026-07-23T11:19:03.314Z</time>
      </trkpt>
      <trkpt lat="40.076946024247526" lon="116.33709940466291">
        <ele>45.1</ele>
        <time>2026-07-23T11:19:04.315Z</time>
      </trkpt>
      <trkpt lat="40.07693342434471" lon="116.33707448583306">
        <ele>45.1</ele>
        <time>2026-07-23T11:19:05.314Z</time>
      </trkpt>
      <trkpt lat="40.07691987152475" lon="116.3370513279474">
        <ele>45.1</ele>
        <time>2026-07-23T11:19:06.315Z</time>
      </trkpt>
      <trkpt lat="40.076905942913314" lon="116.33703015664624">
        <ele>45.1</ele>
        <time>2026-07-23T11:19:07.315Z</time>
      </trkpt>
      <trkpt lat="40.07689169031546" lon="116.33701068260812">
        <ele>45.1</ele>
        <time>2026-07-23T11:19:08.315Z</time>
      </trkpt>
      <trkpt lat="40.07687673495928" lon="116.33699254925754">
        <ele>45.1</ele>
        <time>2026-07-23T11:19:09.315Z</time>
      </trkpt>
      <trkpt lat="40.07686104322852" lon="116.33697539028341">
        <ele>45.1</ele>
        <time>2026-07-23T11:19:10.315Z</time>
      </trkpt>
      <trkpt lat="40.076844522609775" lon="116.33695911926564">
        <ele>45.1</ele>
        <time>2026-07-23T11:19:11.315Z</time>
      </trkpt>
      <trkpt lat="40.07682680248752" lon="116.33694421714799">
        <ele>45.1</ele>
        <time>2026-07-23T11:19:12.315Z</time>
      </trkpt>
      <trkpt lat="40.07680787856622" lon="116.33693106143393">
        <ele>45.1</ele>
        <time>2026-07-23T11:19:13.315Z</time>
      </trkpt>
      <trkpt lat="40.07678827152698" lon="116.33692009755603">
        <ele>45.2</ele>
        <time>2026-07-23T11:19:14.315Z</time>
      </trkpt>
      <trkpt lat="40.07676799464309" lon="116.33691191088612">
        <ele>45.2</ele>
        <time>2026-07-23T11:19:15.315Z</time>
      </trkpt>
      <trkpt lat="40.07674669851604" lon="116.33690622476043">
        <ele>45.2</ele>
        <time>2026-07-23T11:19:16.315Z</time>
      </trkpt>
      <trkpt lat="40.07672446348062" lon="116.3369028423298">
        <ele>45.2</ele>
        <time>2026-07-23T11:19:17.315Z</time>
      </trkpt>
      <trkpt lat="40.07670158182017" lon="116.33690131494392">
        <ele>45.2</ele>
        <time>2026-07-23T11:19:18.315Z</time>
      </trkpt>
      <trkpt lat="40.07667823787713" lon="116.33690132822885">
        <ele>45.2</ele>
        <time>2026-07-23T11:19:19.315Z</time>
      </trkpt>
      <trkpt lat="40.07665443911278" lon="116.33690282363088">
        <ele>45.3</ele>
        <time>2026-07-23T11:19:20.315Z</time>
      </trkpt>
      <trkpt lat="40.076630207579726" lon="116.33690546124258">
        <ele>45.3</ele>
        <time>2026-07-23T11:19:21.315Z</time>
        <extensions>
          <gpxtpx:TrackPointExtension>
            <gpxtpx:hr>163</gpxtpx:hr>
          </gpxtpx:TrackPointExtension>
        </extensions>
      </trkpt>
      <trkpt lat="40.07660584675135" lon="116.33690873188257">
        <ele>45.3</ele>
        <time>2026-07-23T11:19:22.315Z</time>
        <extensions>
          <gpxtpx:TrackPointExtension>
            <gpxtpx:hr>163</gpxtpx:hr>
          </gpxtpx:TrackPointExtension>
        </extensions>
      </trkpt>
      <trkpt lat="40.076581586046565" lon="116.33691185980302">
        <ele>45.3</ele>
        <time>2026-07-23T11:19:23.315Z</time>
        <extensions>
          <gpxtpx:TrackPointExtension>
            <gpxtpx:hr>163</gpxtpx:hr>
          </gpxtpx:TrackPointExtension>
        </extensions>
      </trkpt>
      <trkpt lat="40.076557552172865" lon="116.33691502237124">
        <ele>45.4</ele>
        <time>2026-07-23T11:19:24.315Z</time>
        <extensions>
          <gpxtpx:TrackPointExtension>
            <gpxtpx:hr>163</gpxtpx:hr>
          </gpxtpx:TrackPointExtension>
        </extensions>
      </trkpt>
      <trkpt lat="40.07653367234159" lon="116.33691843898472">
        <ele>45.4</ele>
        <time>2026-07-23T11:19:25.315Z</time>
        <extensions>
          <gpxtpx:TrackPointExtension>
            <gpxtpx:hr>163</gpxtpx:hr>
          </gpxtpx:TrackPointExtension>
        </extensions>
      </trkpt>
      <trkpt lat="40.076509866613954" lon="116.33692170614813">
        <ele>45.4</ele>
        <time>2026-07-23T11:19:26.315Z</time>
        <extensions>
          <gpxtpx:TrackPointExtension>
            <gpxtpx:hr>163</gpxtpx:hr>
          </gpxtpx:TrackPointExtension>
        </extensions>
      </trkpt>
      <trkpt lat="40.07648609939399" lon="116.33692487099042">
        <ele>45.5</ele>
        <time>2026-07-23T11:19:27.315Z</time>
        <extensions>
          <gpxtpx:TrackPointExtension>
            <gpxtpx:hr>163</gpxtpx:hr>
          </gpxtpx:TrackPointExtension>
        </extensions>
      </trkpt>
      <trkpt lat="40.07646236009538" lon="116.33692770273177">
        <ele>45.5</ele>
        <time>2026-07-23T11:19:28.315Z</time>
        <extensions>
          <gpxtpx:TrackPointExtension>
            <gpxtpx:hr>163</gpxtpx:hr>
          </gpxtpx:TrackPointExtension>
        </extensions>
      </trkpt>
      <trkpt lat="40.076438787109794" lon="116.33692956714863">
        <ele>45.5</ele>
        <time>2026-07-23T11:19:29.315Z</time>
        <extensions>
          <gpxtpx:TrackPointExtension>
            <gpxtpx:hr>163</gpxtpx:hr>
          </gpxtpx:TrackPointExtension>
        </extensions>
      </trkpt>
      <trkpt lat="40.07641552743872" lon="116.33693078329539">
        <ele>45.5</ele>
        <time>2026-07-23T11:19:30.315Z</time>
        <extensions>
          <gpxtpx:TrackPointExtension>
            <gpxtpx:hr>163</gpxtpx:hr>
          </gpxtpx:TrackPointExtension>
        </extensions>
      </trkpt>
      <trkpt lat="40.07639257213363" lon="116.33693193420486">
        <ele>45.5</ele>
        <time>2026-07-23T11:19:31.314Z</time>
        <extensions>
          <gpxtpx:TrackPointExtension>
            <gpxtpx:hr>163</gpxtpx:hr>
          </gpxtpx:TrackPointExtension>
        </extensions>
      </trkpt>
      <trkpt lat="40.076369664671276" lon="116.3369327016114">
        <ele>45.6</ele>
        <time>2026-07-23T11:19:32.315Z</time>
        <extensions>
          <gpxtpx:TrackPointExtension>
            <gpxtpx:hr>163</gpxtpx:hr>
          </gpxtpx:TrackPointExtension>
        </extensions>
      </trkpt>
      <trkpt lat="40.076346657945955" lon="116.33693327150003">
        <ele>45.6</ele>
        <time>2026-07-23T11:19:33.315Z</time>
        <extensions>
          <gpxtpx:TrackPointExtension>
            <gpxtpx:hr>163</gpxtpx:hr>
          </gpxtpx:TrackPointExtension>
        </extensions>
      </trkpt>
      <trkpt lat="40.07632348572308" lon="116.33693365718338">
        <ele>45.6</ele>
        <time>2026-07-23T11:19:34.315Z</time>
        <extensions>
          <gpxtpx:TrackPointExtension>
            <gpxtpx:hr>163</gpxtpx:hr>
          </gpxtpx:TrackPointExtension>
        </extensions>
      </trkpt>
      <trkpt lat="40.0763001959991" lon="116.33693263680284">
        <ele>45.6</ele>
        <time>2026-07-23T11:19:35.315Z</time>
        <extensions>
          <gpxtpx:TrackPointExtension>
            <gpxtpx:hr>163</gpxtpx:hr>
          </gpxtpx:TrackPointExtension>
        </extensions>
      </trkpt>
      <trkpt lat="40.07627695516994" lon="116.33692936802532">
        <ele>45.6</ele>
        <time>2026-07-23T11:19:36.315Z</time>
        <extensions>
          <gpxtpx:TrackPointExtension>
            <gpxtpx:hr>163</gpxtpx:hr>
          </gpxtpx:TrackPointExtension>
        </extensions>
      </trkpt>
      <trkpt lat="40.07625371645666" lon="116.33692553039232">
        <ele>45.6</ele>
        <time>2026-07-23T11:19:37.315Z</time>
        <extensions>
          <gpxtpx:TrackPointExtension>
            <gpxtpx:hr>163</gpxtpx:hr>
          </gpxtpx:TrackPointExtension>
        </extensions>
      </trkpt>
      <trkpt lat="40.076230380995014" lon="116.33692242377238">
        <ele>45.6</ele>
        <time>2026-07-23T11:19:38.315Z</time>
        <extensions>
          <gpxtpx:TrackPointExtension>
            <gpxtpx:hr>163</gpxtpx:hr>
          </gpxtpx:TrackPointExtension>
        </extensions>
      </trkpt>
      <trkpt lat="40.07620703289511" lon="116.33692000256002">
        <ele>45.5</ele>
        <time>2026-07-23T11:19:39.314Z</time>
        <extensions>
          <gpxtpx:TrackPointExtension>
            <gpxtpx:hr>163</gpxtpx:hr>
          </gpxtpx:TrackPointExtension>
        </extensions>
      </trkpt>
      <trkpt lat="40.07618372484444" lon="116.33691823664677">
        <ele>45.5</ele>
        <time>2026-07-23T11:19:40.315Z</time>
        <extensions>
          <gpxtpx:TrackPointExtension>
            <gpxtpx:hr>163</gpxtpx:hr>
          </gpxtpx:TrackPointExtension>
        </extensions>
      </trkpt>
      <trkpt lat="40.07616046799427" lon="116.33691682287136">
        <ele>45.5</ele>
        <time>2026-07-23T11:19:41.315Z</time>
        <extensions>
          <gpxtpx:TrackPointExtension>
            <gpxtpx:hr>163</gpxtpx:hr>
          </gpxtpx:TrackPointExtension>
        </extensions>
      </trkpt>
      <trkpt lat="40.07613718856726" lon="116.33691626151199">
        <ele>45.5</ele>
        <time>2026-07-23T11:19:42.314Z</time>
        <extensions>
          <gpxtpx:TrackPointExtension>
            <gpxtpx:hr>163</gpxtpx:hr>
          </gpxtpx:TrackPointExtension>
        </extensions>
      </trkpt>
      <trkpt lat="40.07611388709472" lon="116.3369168452785">
        <ele>45.5</ele>
        <time>2026-07-23T11:19:43.315Z</time>
        <extensions>
          <gpxtpx:TrackPointExtension>
            <gpxtpx:hr>163</gpxtpx:hr>
          </gpxtpx:TrackPointExtension>
        </extensions>
      </trkpt>
      <trkpt lat="40.07609083328217" lon="116.33691808375532">
        <ele>45.5</ele>
        <time>2026-07-23T11:19:44.314Z</time>
        <extensions>
          <gpxtpx:TrackPointExtension>
            <gpxtpx:hr>163</gpxtpx:hr>
          </gpxtpx:TrackPointExtension>
        </extensions>
      </trkpt>
      <trkpt lat="40.0760682253074" lon="116.33691846654197">
        <ele>45.5</ele>
        <time>2026-07-23T11:19:45.315Z</time>
        <extensions>
          <gpxtpx:TrackPointExtension>
            <gpxtpx:hr>163</gpxtpx:hr>
          </gpxtpx:TrackPointExtension>
        </extensions>
      </trkpt>
      <trkpt lat="40.07604606115476" lon="116.33691813204838">
        <ele>45.5</ele>
        <time>2026-07-23T11:19:46.315Z</time>
        <extensions>
          <gpxtpx:TrackPointExtension>
            <gpxtpx:hr>163</gpxtpx:hr>
          </gpxtpx:TrackPointExtension>
        </extensions>
      </trkpt>
      <trkpt lat="40.076024195577546" lon="116.33691816348974">
        <ele>45.5</ele>
        <time>2026-07-23T11:19:47.314Z</time>
        <extensions>
          <gpxtpx:TrackPointExtension>
            <gpxtpx:hr>163</gpxtpx:hr>
          </gpxtpx:TrackPointExtension>
        </extensions>
      </trkpt>
      <trkpt lat="40.07600255364694" lon="116.33691863144391">
        <ele>45.5</ele>
        <time>2026-07-23T11:19:48.314Z</time>
        <extensions>
          <gpxtpx:TrackPointExtension>
            <gpxtpx:hr>163</gpxtpx:hr>
          </gpxtpx:TrackPointExtension>
        </extensions>
      </trkpt>
      <trkpt lat="40.07598109658297" lon="116.33691943244271">
        <ele>45.5</ele>
        <time>2026-07-23T11:19:49.314Z</time>
        <extensions>
          <gpxtpx:TrackPointExtension>
            <gpxtpx:hr>163</gpxtpx:hr>
          </gpxtpx:TrackPointExtension>
        </extensions>
      </trkpt>
      <trkpt lat="40.07595958759335" lon="116.33692031131007">
        <ele>45.5</ele>
        <time>2026-07-23T11:19:50.315Z</time>
        <extensions>
          <gpxtpx:TrackPointExtension>
            <gpxtpx:hr>163</gpxtpx:hr>
          </gpxtpx:TrackPointExtension>
        </extensions>
      </trkpt>
      <trkpt lat="40.07593802213303" lon="116.33692151087021">
        <ele>45.5</ele>
        <time>2026-07-23T11:19:51.314Z</time>
      </trkpt>
      <trkpt lat="40.07591654279328" lon="116.33692331121765">
        <ele>45.5</ele>
        <time>2026-07-23T11:19:52.314Z</time>
      </trkpt>
      <trkpt lat="40.07589541428871" lon="116.33692528614976">
        <ele>45.5</ele>
        <time>2026-07-23T11:19:53.314Z</time>
      </trkpt>
      <trkpt lat="40.07587462233281" lon="116.33692699983472">
        <ele>45.5</ele>
        <time>2026-07-23T11:19:54.314Z</time>
      </trkpt>
      <trkpt lat="40.07585384039709" lon="116.33692876171884">
        <ele>45.5</ele>
        <time>2026-07-23T11:19:55.314Z</time>
      </trkpt>
      <trkpt lat="40.07583279050438" lon="116.33693077508967">
        <ele>45.5</ele>
        <time>2026-07-23T11:19:56.314Z</time>
      </trkpt>
      <trkpt lat="40.07581144042211" lon="116.33693335002289">
        <ele>45.6</ele>
        <time>2026-07-23T11:19:57.314Z</time>
      </trkpt>
      <trkpt lat="40.075790033089376" lon="116.33693788481624">
        <ele>45.6</ele>
        <time>2026-07-23T11:19:58.314Z</time>
      </trkpt>
      <trkpt lat="40.07576857843443" lon="116.33694430067726">
        <ele>45.6</ele>
        <time>2026-07-23T11:19:59.314Z</time>
      </trkpt>
      <trkpt lat="40.07574702373759" lon="116.33695125283371">
        <ele>45.6</ele>
        <time>2026-07-23T11:20:00.314Z</time>
      </trkpt>
      <trkpt lat="40.075725594353194" lon="116.33695942726645">
        <ele>45.7</ele>
        <time>2026-07-23T11:20:01.314Z</time>
      </trkpt>
      <trkpt lat="40.07570454048614" lon="116.33696941651652">
        <ele>45.7</ele>
        <time>2026-07-23T11:20:02.314Z</time>
      </trkpt>
      <trkpt lat="40.075683838629246" lon="116.33698078472045">
        <ele>45.7</ele>
        <time>2026-07-23T11:20:03.314Z</time>
      </trkpt>
      <trkpt lat="40.075663306815215" lon="116.33699300879923">
        <ele>45.8</ele>
        <time>2026-07-23T11:20:04.314Z</time>
      </trkpt>
      <trkpt lat="40.07564254190846" lon="116.3370050324051">
        <ele>45.8</ele>
        <time>2026-07-23T11:20:05.315Z</time>
      </trkpt>
      <trkpt lat="40.075621568108104" lon="116.33701753588504">
        <ele>45.8</ele>
        <time>2026-07-23T11:20:06.314Z</time>
      </trkpt>
      <trkpt lat="40.075601040370195" lon="116.33703278818005">
        <ele>45.9</ele>
        <time>2026-07-23T11:20:07.314Z</time>
      </trkpt>
      <trkpt lat="40.07558143569468" lon="116.33705171509322">
        <ele>45.9</ele>
        <time>2026-07-23T11:20:08.314Z</time>
      </trkpt>
      <trkpt lat="40.07556260429464" lon="116.3370737368594">
        <ele>46.0</ele>
        <time>2026-07-23T11:20:09.314Z</time>
      </trkpt>
      <trkpt lat="40.07554425868421" lon="116.33709768207925">
        <ele>46.0</ele>
        <time>2026-07-23T11:20:10.314Z</time>
      </trkpt>
      <trkpt lat="40.07552696742482" lon="116.33712279151928">
        <ele>46.1</ele>
        <time>2026-07-23T11:20:11.315Z</time>
      </trkpt>
      <trkpt lat="40.075511530599336" lon="116.33714884706083">
        <ele>46.1</ele>
        <time>2026-07-23T11:20:12.314Z</time>
      </trkpt>
      <trkpt lat="40.07549828609633" lon="116.33717640840854">
        <ele>46.1</ele>
        <time>2026-07-23T11:20:13.314Z</time>
      </trkpt>
      <trkpt lat="40.07548711641024" lon="116.33720565065101">
        <ele>46.2</ele>
        <time>2026-07-23T11:20:14.314Z</time>
      </trkpt>
      <trkpt lat="40.07547744478075" lon="116.33723574111153">
        <ele>46.2</ele>
        <time>2026-07-23T11:20:15.314Z</time>
      </trkpt>
      <trkpt lat="40.07546927449444" lon="116.33726558477973">
        <ele>46.3</ele>
        <time>2026-07-23T11:20:16.314Z</time>
      </trkpt>
      <trkpt lat="40.07546322487608" lon="116.33729503522198">
        <ele>46.3</ele>
        <time>2026-07-23T11:20:17.314Z</time>
      </trkpt>
      <trkpt lat="40.0754595269933" lon="116.33732453182868">
        <ele>46.3</ele>
        <time>2026-07-23T11:20:18.315Z</time>
      </trkpt>
      <trkpt lat="40.07545774112363" lon="116.33735411670395">
        <ele>46.4</ele>
        <time>2026-07-23T11:20:19.314Z</time>
      </trkpt>
      <trkpt lat="40.07545771766319" lon="116.3373838197042">
        <ele>46.4</ele>
        <time>2026-07-23T11:20:20.314Z</time>
      </trkpt>
      <trkpt lat="40.07545935755897" lon="116.33741350393127">
        <ele>46.4</ele>
        <time>2026-07-23T11:20:21.314Z</time>
      </trkpt>
      <trkpt lat="40.07546221656512" lon="116.33744306176679">
        <ele>46.5</ele>
        <time>2026-07-23T11:20:22.314Z</time>
      </trkpt>
      <trkpt lat="40.07546596362264" lon="116.33747268509617">
        <ele>46.5</ele>
        <time>2026-07-23T11:20:23.314Z</time>
      </trkpt>
      <trkpt lat="40.07547070736023" lon="116.33750258961048">
        <ele>46.5</ele>
        <time>2026-07-23T11:20:24.314Z</time>
      </trkpt>
      <trkpt lat="40.07547694272223" lon="116.33753254537126">
        <ele>46.6</ele>
        <time>2026-07-23T11:20:25.314Z</time>
      </trkpt>
      <trkpt lat="40.07548467666227" lon="116.33756178430083">
        <ele>46.6</ele>
        <time>2026-07-23T11:20:26.314Z</time>
      </trkpt>
      <trkpt lat="40.075493815187095" lon="116.33758977358937">
        <ele>46.6</ele>
        <time>2026-07-23T11:20:27.314Z</time>
      </trkpt>
      <trkpt lat="40.07550466704318" lon="116.3376162494075">
        <ele>46.6</ele>
        <time>2026-07-23T11:20:28.314Z</time>
      </trkpt>
      <trkpt lat="40.07551711911777" lon="116.33764156300396">
        <ele>46.6</ele>
        <time>2026-07-23T11:20:29.314Z</time>
      </trkpt>
      <trkpt lat="40.075530999835486" lon="116.33766587444478">
        <ele>46.6</ele>
        <time>2026-07-23T11:20:30.314Z</time>
      </trkpt>
      <trkpt lat="40.0755460981543" lon="116.33768921178337">
        <ele>46.6</ele>
        <time>2026-07-23T11:20:31.314Z</time>
      </trkpt>
      <trkpt lat="40.07556197860148" lon="116.3377118083635">
        <ele>46.6</ele>
        <time>2026-07-23T11:20:32.314Z</time>
      </trkpt>
      <trkpt lat="40.0755784673069" lon="116.33773373078407">
        <ele>46.6</ele>
        <time>2026-07-23T11:20:33.314Z</time>
      </trkpt>
      <trkpt lat="40.07559560337918" lon="116.33775512437522">
        <ele>46.6</ele>
        <time>2026-07-23T11:20:34.314Z</time>
      </trkpt>
      <trkpt lat="40.075613701037945" lon="116.3377754767479">
        <ele>46.6</ele>
        <time>2026-07-23T11:20:35.314Z</time>
      </trkpt>
      <trkpt lat="40.075632874902276" lon="116.33779395447863">
        <ele>46.5</ele>
        <time>2026-07-23T11:20:36.314Z</time>
      </trkpt>
      <trkpt lat="40.075652899323444" lon="116.33781020622892">
        <ele>46.5</ele>
        <time>2026-07-23T11:20:37.314Z</time>
      </trkpt>
      <trkpt lat="40.075673537522036" lon="116.33782404030042">
        <ele>46.5</ele>
        <time>2026-07-23T11:20:38.314Z</time>
      </trkpt>
      <trkpt lat="40.075694516186545" lon="116.33783550609732">
        <ele>46.5</ele>
        <time>2026-07-23T11:20:39.314Z</time>
      </trkpt>
      <trkpt lat="40.07571559247175" lon="116.33784502831362">
        <ele>46.4</ele>
        <time>2026-07-23T11:20:40.314Z</time>
      </trkpt>
      <trkpt lat="40.075736777009986" lon="116.33785299069835">
        <ele>46.4</ele>
        <time>2026-07-23T11:20:41.314Z</time>
      </trkpt>
      <trkpt lat="40.07575807673722" lon="116.33786021905269">
        <ele>46.3</ele>
        <time>2026-07-23T11:20:42.314Z</time>
      </trkpt>
      <trkpt lat="40.07577960407693" lon="116.33786637107752">
        <ele>46.3</ele>
        <time>2026-07-23T11:20:43.314Z</time>
      </trkpt>
      <trkpt lat="40.07580135940694" lon="116.33787094513748">
        <ele>46.3</ele>
        <time>2026-07-23T11:20:44.314Z</time>
      </trkpt>
      <trkpt lat="40.0758231323739" lon="116.33787440677048">
        <ele>46.2</ele>
        <time>2026-07-23T11:20:45.314Z</time>
      </trkpt>
      <trkpt lat="40.075845017789064" lon="116.33787600209786">
        <ele>46.2</ele>
        <time>2026-07-23T11:20:46.314Z</time>
      </trkpt>
      <trkpt lat="40.0758671112239" lon="116.33787524559305">
        <ele>46.2</ele>
        <time>2026-07-23T11:20:47.314Z</time>
      </trkpt>
      <trkpt lat="40.07588945640381" lon="116.33787273851199">
        <ele>46.1</ele>
        <time>2026-07-23T11:20:48.314Z</time>
      </trkpt>
      <trkpt lat="40.07591232942669" lon="116.33786926984743">
        <ele>46.1</ele>
        <time>2026-07-23T11:20:49.314Z</time>
      </trkpt>
      <trkpt lat="40.07593573364179" lon="116.33786547435245">
        <ele>46.1</ele>
        <time>2026-07-23T11:20:50.314Z</time>
      </trkpt>
      <trkpt lat="40.07595940596041" lon="116.3378616696836">
        <ele>46.0</ele>
        <time>2026-07-23T11:20:51.314Z</time>
      </trkpt>
      <trkpt lat="40.07598312914452" lon="116.33785833923595">
        <ele>46.0</ele>
        <time>2026-07-23T11:20:52.314Z</time>
      </trkpt>
      <trkpt lat="40.076006794501396" lon="116.33785580137223">
        <ele>46.0</ele>
        <time>2026-07-23T11:20:53.314Z</time>
      </trkpt>
      <trkpt lat="40.07603032798987" lon="116.33785373307784">
        <ele>46.0</ele>
        <time>2026-07-23T11:20:54.314Z</time>
      </trkpt>
      <trkpt lat="40.076053611200344" lon="116.33785169968759">
        <ele>45.9</ele>
        <time>2026-07-23T11:20:55.314Z</time>
      </trkpt>
      <trkpt lat="40.07607664487032" lon="116.33784962326386">
        <ele>45.9</ele>
        <time>2026-07-23T11:20:56.314Z</time>
      </trkpt>
      <trkpt lat="40.07609937860067" lon="116.3378481125838">
        <ele>45.9</ele>
        <time>2026-07-23T11:20:57.314Z</time>
      </trkpt>
      <trkpt lat="40.07612177742939" lon="116.33784747955045">
        <ele>45.9</ele>
        <time>2026-07-23T11:20:58.314Z</time>
      </trkpt>
      <trkpt lat="40.076143896870434" lon="116.3378475595675">
        <ele>45.9</ele>
        <time>2026-07-23T11:20:59.314Z</time>
      </trkpt>
      <trkpt lat="40.076165665581826" lon="116.33784775766021">
        <ele>45.9</ele>
        <time>2026-07-23T11:21:00.314Z</time>
      </trkpt>
      <trkpt lat="40.0761871013212" lon="116.33784793471382">
        <ele>45.9</ele>
        <time>2026-07-23T11:21:01.314Z</time>
      </trkpt>
      <trkpt lat="40.07620824272733" lon="116.33784857629152">
        <ele>45.8</ele>
        <time>2026-07-23T11:21:02.314Z</time>
      </trkpt>
      <trkpt lat="40.076229080814365" lon="116.33785054318705">
        <ele>45.8</ele>
        <time>2026-07-23T11:21:03.314Z</time>
      </trkpt>
      <trkpt lat="40.076249740530216" lon="116.33785369968534">
        <ele>45.8</ele>
        <time>2026-07-23T11:21:04.314Z</time>
      </trkpt>
      <trkpt lat="40.076270508571945" lon="116.33785667253295">
        <ele>45.8</ele>
        <time>2026-07-23T11:21:05.314Z</time>
      </trkpt>
      <trkpt lat="40.076291425099164" lon="116.33785868658939">
        <ele>45.8</ele>
        <time>2026-07-23T11:21:06.314Z</time>
      </trkpt>
      <trkpt lat="40.07631241949927" lon="116.33785982857695">
        <ele>45.8</ele>
        <time>2026-07-23T11:21:07.314Z</time>
      </trkpt>
      <trkpt lat="40.07633346997414" lon="116.33786042804424">
        <ele>45.8</ele>
        <time>2026-07-23T11:21:08.314Z</time>
      </trkpt>
      <trkpt lat="40.07635486226067" lon="116.33786043236">
        <ele>45.8</ele>
        <time>2026-07-23T11:21:09.314Z</time>
      </trkpt>
      <trkpt lat="40.07637690890685" lon="116.33785958200065">
        <ele>45.7</ele>
        <time>2026-07-23T11:21:10.314Z</time>
      </trkpt>
      <trkpt lat="40.07639945851265" lon="116.3378578622909">
        <ele>45.7</ele>
        <time>2026-07-23T11:21:11.314Z</time>
      </trkpt>
      <trkpt lat="40.07642242818465" lon="116.33785514061897">
        <ele>45.7</ele>
        <time>2026-07-23T11:21:12.314Z</time>
      </trkpt>
      <trkpt lat="40.076445782381896" lon="116.33785189437695">
        <ele>45.7</ele>
        <time>2026-07-23T11:21:13.314Z</time>
      </trkpt>
      <trkpt lat="40.076469494482204" lon="116.33784923069841">
        <ele>45.7</ele>
        <time>2026-07-23T11:21:14.314Z</time>
      </trkpt>
      <trkpt lat="40.07649347451" lon="116.33784719239026">
        <ele>45.7</ele>
        <time>2026-07-23T11:21:15.314Z</time>
      </trkpt>
      <trkpt lat="40.076517514527545" lon="116.33784537977728">
        <ele>45.7</ele>
        <time>2026-07-23T11:21:16.314Z</time>
      </trkpt>
      <trkpt lat="40.0765413429857" lon="116.33784371483479">
        <ele>45.6</ele>
        <time>2026-07-23T11:21:17.314Z</time>
      </trkpt>
      <trkpt lat="40.07656501825715" lon="116.33784227347496">
        <ele>45.6</ele>
        <time>2026-07-23T11:21:18.314Z</time>
      </trkpt>
      <trkpt lat="40.07658873066852" lon="116.33784092202549">
        <ele>45.6</ele>
        <time>2026-07-23T11:21:19.314Z</time>
      </trkpt>
      <trkpt lat="40.07661247267066" lon="116.3378394241376">
        <ele>45.6</ele>
        <time>2026-07-23T11:21:20.314Z</time>
      </trkpt>
      <trkpt lat="40.07663601178521" lon="116.33783733443312">
        <ele>45.5</ele>
        <time>2026-07-23T11:21:21.314Z</time>
      </trkpt>
      <trkpt lat="40.07665926978961" lon="116.33783417522332">
        <ele>45.5</ele>
        <time>2026-07-23T11:21:22.314Z</time>
      </trkpt>
      <trkpt lat="40.076682357879896" lon="116.33783031841139">
        <ele>45.5</ele>
        <time>2026-07-23T11:21:23.314Z</time>
      </trkpt>
      <trkpt lat="40.076705281144584" lon="116.33782594642229">
        <ele>45.4</ele>
        <time>2026-07-23T11:21:24.314Z</time>
      </trkpt>
      <trkpt lat="40.07672778005383" lon="116.33782075507625">
        <ele>45.4</ele>
        <time>2026-07-23T11:21:25.313Z</time>
      </trkpt>
      <trkpt lat="40.07674956798931" lon="116.33781400421734">
        <ele>45.4</ele>
        <time>2026-07-23T11:21:26.314Z</time>
      </trkpt>
      <trkpt lat="40.076770672311014" lon="116.3378048826855">
        <ele>45.3</ele>
        <time>2026-07-23T11:21:27.314Z</time>
      </trkpt>
      <trkpt lat="40.07679141228517" lon="116.33779360300548">
        <ele>45.3</ele>
        <time>2026-07-23T11:21:28.314Z</time>
      </trkpt>
      <trkpt lat="40.07681175948599" lon="116.337780261722">
        <ele>45.2</ele>
        <time>2026-07-23T11:21:29.314Z</time>
      </trkpt>
      <trkpt lat="40.076831158741214" lon="116.33776428111949">
        <ele>45.2</ele>
        <time>2026-07-23T11:21:30.314Z</time>
      </trkpt>
      <trkpt lat="40.07684926472598" lon="116.33774578687252">
        <ele>45.2</ele>
        <time>2026-07-23T11:21:31.314Z</time>
      </trkpt>
      <trkpt lat="40.07686594374676" lon="116.33772505370546">
        <ele>45.1</ele>
        <time>2026-07-23T11:21:32.314Z</time>
      </trkpt>
      <trkpt lat="40.076881251540776" lon="116.33770216625206">
        <ele>45.1</ele>
        <time>2026-07-23T11:21:33.314Z</time>
      </trkpt>
      <trkpt lat="40.07689551954827" lon="116.33767782392212">
        <ele>45.0</ele>
        <time>2026-07-23T11:21:34.314Z</time>
      </trkpt>
      <trkpt lat="40.07690908140683" lon="116.33765264806694">
        <ele>45.0</ele>
        <time>2026-07-23T11:21:35.314Z</time>
      </trkpt>
      <trkpt lat="40.07692185646853" lon="116.33762694254658">
        <ele>45.0</ele>
        <time>2026-07-23T11:21:36.314Z</time>
      </trkpt>
      <trkpt lat="40.0769338790145" lon="116.33760085590957">
        <ele>44.9</ele>
        <time>2026-07-23T11:21:37.314Z</time>
      </trkpt>
      <trkpt lat="40.07694547753288" lon="116.3375744229129">
        <ele>44.9</ele>
        <time>2026-07-23T11:21:38.314Z</time>
      </trkpt>
      <trkpt lat="40.07695632787477" lon="116.33754723431761">
        <ele>44.9</ele>
        <time>2026-07-23T11:21:39.314Z</time>
      </trkpt>
      <trkpt lat="40.076965955664186" lon="116.33751905261195">
        <ele>44.9</ele>
        <time>2026-07-23T11:21:40.314Z</time>
      </trkpt>
      <trkpt lat="40.076974504811886" lon="116.33749025916889">
        <ele>44.8</ele>
        <time>2026-07-23T11:21:41.314Z</time>
      </trkpt>
      <trkpt lat="40.07698222093641" lon="116.33746130368928">
        <ele>44.8</ele>
        <time>2026-07-23T11:21:42.314Z</time>
      </trkpt>
      <trkpt lat="40.07698886128272" lon="116.3374321605249">
        <ele>44.8</ele>
        <time>2026-07-23T11:21:43.313Z</time>
      </trkpt>
      <trkpt lat="40.07699395398092" lon="116.33740257766223">
        <ele>44.8</ele>
        <time>2026-07-23T11:21:44.314Z</time>
      </trkpt>
      <trkpt lat="40.07699761949334" lon="116.33737261413648">
        <ele>44.8</ele>
        <time>2026-07-23T11:21:45.313Z</time>
      </trkpt>
      <trkpt lat="40.076999660685686" lon="116.33734241446095">
        <ele>44.8</ele>
        <time>2026-07-23T11:21:46.313Z</time>
      </trkpt>
      <trkpt lat="40.07699974111667" lon="116.33731207156013">
        <ele>44.8</ele>
        <time>2026-07-23T11:21:47.314Z</time>
      </trkpt>
      <trkpt lat="40.07699834916249" lon="116.33728184591905">
        <ele>44.9</ele>
        <time>2026-07-23T11:21:48.314Z</time>
      </trkpt>
      <trkpt lat="40.07699616173952" lon="116.33725180186222">
        <ele>44.9</ele>
        <time>2026-07-23T11:21:49.313Z</time>
      </trkpt>
      <trkpt lat="40.07699308823654" lon="116.33722198426528">
        <ele>44.9</ele>
        <time>2026-07-23T11:21:50.314Z</time>
      </trkpt>
      <trkpt lat="40.07698854582899" lon="116.33719256735934">
        <ele>44.9</ele>
        <time>2026-07-23T11:21:51.314Z</time>
      </trkpt>
      <trkpt lat="40.076982215492706" lon="116.33716388151093">
        <ele>45.0</ele>
        <time>2026-07-23T11:21:52.313Z</time>
      </trkpt>
      <trkpt lat="40.076973810441025" lon="116.33713618171464">
        <ele>45.0</ele>
        <time>2026-07-23T11:21:53.313Z</time>
      </trkpt>
      <trkpt lat="40.07696360949342" lon="116.33710944735505">
        <ele>45.0</ele>
        <time>2026-07-23T11:21:54.314Z</time>
      </trkpt>
      <trkpt lat="40.076952046334604" lon="116.33708355787489">
        <ele>45.1</ele>
        <time>2026-07-23T11:21:55.313Z</time>
      </trkpt>
      <trkpt lat="40.07693923649674" lon="116.33705851569133">
        <ele>45.1</ele>
        <time>2026-07-23T11:21:56.314Z</time>
      </trkpt>
      <trkpt lat="40.0769255155696" lon="116.33703401397233">
        <ele>45.1</ele>
        <time>2026-07-23T11:21:57.313Z</time>
      </trkpt>
      <trkpt lat="40.07691097694288" lon="116.33701012180616">
        <ele>45.2</ele>
        <time>2026-07-23T11:21:58.313Z</time>
      </trkpt>
      <trkpt lat="40.07689553561163" lon="116.33698713885741">
        <ele>45.2</ele>
        <time>2026-07-23T11:21:59.313Z</time>
      </trkpt>
      <trkpt lat="40.07687896111737" lon="116.33696549338042">
        <ele>45.3</ele>
        <time>2026-07-23T11:22:00.313Z</time>
      </trkpt>
      <trkpt lat="40.076860708083494" lon="116.33694614241043">
        <ele>45.3</ele>
        <time>2026-07-23T11:22:01.314Z</time>
      </trkpt>
      <trkpt lat="40.0768408099048" lon="116.3369295462721">
        <ele>45.4</ele>
        <time>2026-07-23T11:22:02.314Z</time>
      </trkpt>
      <trkpt lat="40.076819607591055" lon="116.33691552611718">
        <ele>45.4</ele>
        <time>2026-07-23T11:22:03.313Z</time>
      </trkpt>
      <trkpt lat="40.07679745575608" lon="116.3369034743695">
        <ele>45.4</ele>
        <time>2026-07-23T11:22:04.313Z</time>
      </trkpt>
      <trkpt lat="40.07677449493614" lon="116.33689345567788">
        <ele>45.5</ele>
        <time>2026-07-23T11:22:05.313Z</time>
      </trkpt>
      <trkpt lat="40.076750805116404" lon="116.33688559226393">
        <ele>45.5</ele>
        <time>2026-07-23T11:22:06.313Z</time>
      </trkpt>
      <trkpt lat="40.07672655116332" lon="116.3368795476854">
        <ele>45.6</ele>
        <time>2026-07-23T11:22:07.313Z</time>
      </trkpt>
      <trkpt lat="40.076702009288276" lon="116.33687523699331">
        <ele>45.6</ele>
        <time>2026-07-23T11:22:08.313Z</time>
      </trkpt>
      <trkpt lat="40.07667750277246" lon="116.33687267285244">
        <ele>45.7</ele>
        <time>2026-07-23T11:22:09.314Z</time>
      </trkpt>
      <trkpt lat="40.07665321088652" lon="116.33687142304451">
        <ele>45.7</ele>
        <time>2026-07-23T11:22:10.313Z</time>
      </trkpt>
      <trkpt lat="40.07662911992241" lon="116.33687064866007">
        <ele>45.7</ele>
        <time>2026-07-23T11:22:11.313Z</time>
      </trkpt>
      <trkpt lat="40.0766052643266" lon="116.33687044479124">
        <ele>45.7</ele>
        <time>2026-07-23T11:22:12.313Z</time>
      </trkpt>
      <trkpt lat="40.07658168398008" lon="116.33687081488516">
        <ele>45.8</ele>
        <time>2026-07-23T11:22:13.313Z</time>
      </trkpt>
      <trkpt lat="40.076558477191405" lon="116.33687104287874">
        <ele>45.8</ele>
        <time>2026-07-23T11:22:14.313Z</time>
      </trkpt>
      <trkpt lat="40.07653565380837" lon="116.3368716149422">
        <ele>45.8</ele>
        <time>2026-07-23T11:22:15.313Z</time>
      </trkpt>
      <trkpt lat="40.07651314276242" lon="116.33687304449069">
        <ele>45.8</ele>
        <time>2026-07-23T11:22:16.313Z</time>
      </trkpt>
      <trkpt lat="40.07649088243898" lon="116.33687518103054">
        <ele>45.8</ele>
        <time>2026-07-23T11:22:17.313Z</time>
      </trkpt>
      <trkpt lat="40.07646863863322" lon="116.33687789561499">
        <ele>45.8</ele>
        <time>2026-07-23T11:22:18.313Z</time>
      </trkpt>
      <trkpt lat="40.076446020223024" lon="116.33688122815634">
        <ele>45.8</ele>
        <time>2026-07-23T11:22:19.313Z</time>
      </trkpt>
      <trkpt lat="40.07642290209136" lon="116.33688490517054">
        <ele>45.8</ele>
        <time>2026-07-23T11:22:20.313Z</time>
      </trkpt>
      <trkpt lat="40.076399438735024" lon="116.336888495486">
        <ele>45.7</ele>
        <time>2026-07-23T11:22:21.313Z</time>
      </trkpt>
      <trkpt lat="40.07637585992327" lon="116.33689220217462">
        <ele>45.7</ele>
        <time>2026-07-23T11:22:22.313Z</time>
      </trkpt>
      <trkpt lat="40.076352271113166" lon="116.33689602985743">
        <ele>45.7</ele>
        <time>2026-07-23T11:22:23.314Z</time>
      </trkpt>
      <trkpt lat="40.07632867419582" lon="116.33689958833297">
        <ele>45.7</ele>
        <time>2026-07-23T11:22:24.313Z</time>
      </trkpt>
      <trkpt lat="40.07630498831689" lon="116.336902001355">
        <ele>45.6</ele>
        <time>2026-07-23T11:22:25.313Z</time>
      </trkpt>
      <trkpt lat="40.076281314778434" lon="116.33690364547488">
        <ele>45.6</ele>
        <time>2026-07-23T11:22:26.314Z</time>
      </trkpt>
      <trkpt lat="40.07625785217262" lon="116.33690493134647">
        <ele>45.6</ele>
        <time>2026-07-23T11:22:27.313Z</time>
      </trkpt>
      <trkpt lat="40.07623459486509" lon="116.33690516351531">
        <ele>45.6</ele>
        <time>2026-07-23T11:22:28.313Z</time>
      </trkpt>
      <trkpt lat="40.07621149754352" lon="116.33690494924177">
        <ele>45.5</ele>
        <time>2026-07-23T11:22:29.313Z</time>
      </trkpt>
      <trkpt lat="40.07618852728395" lon="116.33690532731579">
        <ele>45.5</ele>
        <time>2026-07-23T11:22:30.313Z</time>
      </trkpt>
      <trkpt lat="40.07616576660004" lon="116.33690622768196">
        <ele>45.5</ele>
        <time>2026-07-23T11:22:31.313Z</time>
      </trkpt>
      <trkpt lat="40.07614341401726" lon="116.33690725122791">
        <ele>45.4</ele>
        <time>2026-07-23T11:22:32.313Z</time>
      </trkpt>
      <trkpt lat="40.07612157257004" lon="116.3369080381744">
        <ele>45.4</ele>
        <time>2026-07-23T11:22:33.313Z</time>
      </trkpt>
      <trkpt lat="40.07610013454648" lon="116.33690852733885">
        <ele>45.4</ele>
        <time>2026-07-23T11:22:34.313Z</time>
      </trkpt>
      <trkpt lat="40.0760789959947" lon="116.33690874290394">
        <ele>45.3</ele>
        <time>2026-07-23T11:22:35.313Z</time>
      </trkpt>
      <trkpt lat="40.07605796193425" lon="116.33690864679237">
        <ele>45.3</ele>
        <time>2026-07-23T11:22:36.313Z</time>
      </trkpt>
      <trkpt lat="40.07603680372802" lon="116.33690808449788">
        <ele>45.3</ele>
        <time>2026-07-23T11:22:37.313Z</time>
      </trkpt>
      <trkpt lat="40.07601541003552" lon="116.33690644559825">
        <ele>45.3</ele>
        <time>2026-07-23T11:22:38.313Z</time>
      </trkpt>
      <trkpt lat="40.07599376887604" lon="116.33690435153265">
        <ele>45.3</ele>
        <time>2026-07-23T11:22:39.313Z</time>
      </trkpt>
      <trkpt lat="40.07597188591704" lon="116.33690239806607">
        <ele>45.3</ele>
        <time>2026-07-23T11:22:40.313Z</time>
      </trkpt>
      <trkpt lat="40.07594967393247" lon="116.33690110696259">
        <ele>45.3</ele>
        <time>2026-07-23T11:22:41.313Z</time>
      </trkpt>
      <trkpt lat="40.0759269388868" lon="116.33690089230407">
        <ele>45.3</ele>
        <time>2026-07-23T11:22:42.313Z</time>
      </trkpt>
      <trkpt lat="40.07590359476265" lon="116.33690113011033">
        <ele>45.3</ele>
        <time>2026-07-23T11:22:43.313Z</time>
      </trkpt>
      <trkpt lat="40.07587974867061" lon="116.33690153647561">
        <ele>45.4</ele>
        <time>2026-07-23T11:22:44.313Z</time>
      </trkpt>
      <trkpt lat="40.0758556501476" lon="116.33690231246068">
        <ele>45.4</ele>
        <time>2026-07-23T11:22:45.313Z</time>
      </trkpt>
      <trkpt lat="40.075831596668046" lon="116.33690385226221">
        <ele>45.5</ele>
        <time>2026-07-23T11:22:46.313Z</time>
      </trkpt>
      <trkpt lat="40.07580776913497" lon="116.33690661747784">
        <ele>45.5</ele>
        <time>2026-07-23T11:22:47.313Z</time>
      </trkpt>
      <trkpt lat="40.07578414791972" lon="116.33691104975473">
        <ele>45.5</ele>
        <time>2026-07-23T11:22:48.313Z</time>
      </trkpt>
      <trkpt lat="40.07576078545976" lon="116.33691778096983">
        <ele>45.6</ele>
        <time>2026-07-23T11:22:49.313Z</time>
      </trkpt>
      <trkpt lat="40.075737847838795" lon="116.33692710679564">
        <ele>45.6</ele>
        <time>2026-07-23T11:22:50.313Z</time>
      </trkpt>
      <trkpt lat="40.07571520817779" lon="116.33693788600138">
        <ele>45.7</ele>
        <time>2026-07-23T11:22:51.313Z</time>
      </trkpt>
      <trkpt lat="40.075693080500706" lon="116.33695006177817">
        <ele>45.7</ele>
        <time>2026-07-23T11:22:52.313Z</time>
      </trkpt>
      <trkpt lat="40.075671921687785" lon="116.33696444106467">
        <ele>45.8</ele>
        <time>2026-07-23T11:22:53.313Z</time>
      </trkpt>
      <trkpt lat="40.07565190176513" lon="116.33698065358328">
        <ele>45.8</ele>
        <time>2026-07-23T11:22:54.313Z</time>
      </trkpt>
      <trkpt lat="40.07563336675323" lon="116.33699850443116">
        <ele>45.9</ele>
        <time>2026-07-23T11:22:55.313Z</time>
      </trkpt>
      <trkpt lat="40.07561672292042" lon="116.33701830269958">
        <ele>45.9</ele>
        <time>2026-07-23T11:22:56.313Z</time>
      </trkpt>
      <trkpt lat="40.07560192298837" lon="116.33704025160515">
        <ele>45.9</ele>
        <time>2026-07-23T11:22:57.313Z</time>
      </trkpt>
      <trkpt lat="40.07558864190385" lon="116.3370641677678">
        <ele>46.0</ele>
        <time>2026-07-23T11:22:58.312Z</time>
      </trkpt>
      <trkpt lat="40.075576213991184" lon="116.33708948556361">
        <ele>46.0</ele>
        <time>2026-07-23T11:22:59.313Z</time>
      </trkpt>
      <trkpt lat="40.07556425012558" lon="116.33711557221397">
        <ele>46.1</ele>
        <time>2026-07-23T11:23:00.313Z</time>
      </trkpt>
      <trkpt lat="40.07555302880996" lon="116.33714226744245">
        <ele>46.1</ele>
        <time>2026-07-23T11:23:01.313Z</time>
      </trkpt>
      <trkpt lat="40.075542179456626" lon="116.33716905043028">
        <ele>46.1</ele>
        <time>2026-07-23T11:23:02.313Z</time>
      </trkpt>
      <trkpt lat="40.07553176638845" lon="116.33719590627175">
        <ele>46.2</ele>
        <time>2026-07-23T11:23:03.312Z</time>
      </trkpt>
      <trkpt lat="40.07552227030606" lon="116.33722304152577">
        <ele>46.2</ele>
        <time>2026-07-23T11:23:04.313Z</time>
      </trkpt>
      <trkpt lat="40.075513331268176" lon="116.33725061860181">
        <ele>46.2</ele>
        <time>2026-07-23T11:23:05.312Z</time>
      </trkpt>
      <trkpt lat="40.07550514919803" lon="116.33727922140504">
        <ele>46.2</ele>
        <time>2026-07-23T11:23:06.313Z</time>
      </trkpt>
      <trkpt lat="40.07549822732566" lon="116.33730881138175">
        <ele>46.3</ele>
        <time>2026-07-23T11:23:07.313Z</time>
      </trkpt>
      <trkpt lat="40.07549244532142" lon="116.3373392234531">
        <ele>46.3</ele>
        <time>2026-07-23T11:23:08.313Z</time>
      </trkpt>
      <trkpt lat="40.07548818256154" lon="116.33737041722956">
        <ele>46.3</ele>
        <time>2026-07-23T11:23:09.313Z</time>
      </trkpt>
      <trkpt lat="40.075485900306795" lon="116.33740237325512">
        <ele>46.3</ele>
        <time>2026-07-23T11:23:10.313Z</time>
      </trkpt>
      <trkpt lat="40.07548539921152" lon="116.33743475373171">
        <ele>46.3</ele>
        <time>2026-07-23T11:23:11.313Z</time>
      </trkpt>
      <trkpt lat="40.07548669886765" lon="116.33746704323765">
        <ele>46.3</ele>
        <time>2026-07-23T11:23:12.313Z</time>
      </trkpt>
      <trkpt lat="40.07548968687008" lon="116.33749891636586">
        <ele>46.3</ele>
        <time>2026-07-23T11:23:13.313Z</time>
      </trkpt>
      <trkpt lat="40.07549435987059" lon="116.33753004575179">
        <ele>46.3</ele>
        <time>2026-07-23T11:23:14.313Z</time>
      </trkpt>
      <trkpt lat="40.075500991023496" lon="116.33756011835199">
        <ele>46.3</ele>
        <time>2026-07-23T11:23:15.313Z</time>
      </trkpt>
      <trkpt lat="40.075509513519954" lon="116.33758883081644">
        <ele>46.3</ele>
        <time>2026-07-23T11:23:16.313Z</time>
      </trkpt>
      <trkpt lat="40.075519578700835" lon="116.3376159765198">
        <ele>46.3</ele>
        <time>2026-07-23T11:23:17.313Z</time>
      </trkpt>
      <trkpt lat="40.07553096394623" lon="116.33764123619127">
        <ele>46.3</ele>
        <time>2026-07-23T11:23:18.313Z</time>
      </trkpt>
      <trkpt lat="40.07554366626537" lon="116.33766465854167">
        <ele>46.3</ele>
        <time>2026-07-23T11:23:19.313Z</time>
      </trkpt>
      <trkpt lat="40.07555760188435" lon="116.3376868745736">
        <ele>46.3</ele>
        <time>2026-07-23T11:23:20.313Z</time>
      </trkpt>
      <trkpt lat="40.07557265827663" lon="116.33770820243527">
        <ele>46.3</ele>
        <time>2026-07-23T11:23:21.313Z</time>
      </trkpt>
      <trkpt lat="40.07558886474797" lon="116.337728569154">
        <ele>46.3</ele>
        <time>2026-07-23T11:23:22.313Z</time>
      </trkpt>
      <trkpt lat="40.075606462004856" lon="116.33774784037419">
        <ele>46.3</ele>
        <time>2026-07-23T11:23:23.313Z</time>
      </trkpt>
      <trkpt lat="40.07562541559701" lon="116.33776591879335">
        <ele>46.3</ele>
        <time>2026-07-23T11:23:24.313Z</time>
      </trkpt>
      <trkpt lat="40.07564531651391" lon="116.33778293173428">
        <ele>46.3</ele>
        <time>2026-07-23T11:23:25.312Z</time>
      </trkpt>
      <trkpt lat="40.075665646408936" lon="116.33779953928762">
        <ele>46.3</ele>
        <time>2026-07-23T11:23:26.313Z</time>
      </trkpt>
      <trkpt lat="40.075686581622016" lon="116.337815024804">
        <ele>46.3</ele>
        <time>2026-07-23T11:23:27.312Z</time>
      </trkpt>
      <trkpt lat="40.07570854914272" lon="116.33782826384154">
        <ele>46.3</ele>
        <time>2026-07-23T11:23:28.313Z</time>
      </trkpt>
      <trkpt lat="40.075731138737446" lon="116.33783902859975">
        <ele>46.3</ele>
        <time>2026-07-23T11:23:29.313Z</time>
      </trkpt>
      <trkpt lat="40.075754069868054" lon="116.33784681496843">
        <ele>46.3</ele>
        <time>2026-07-23T11:23:30.313Z</time>
      </trkpt>
      <trkpt lat="40.07577705555431" lon="116.33785218643506">
        <ele>46.3</ele>
        <time>2026-07-23T11:23:31.313Z</time>
      </trkpt>
      <trkpt lat="40.07580000115871" lon="116.33785617530796">
        <ele>46.3</ele>
        <time>2026-07-23T11:23:32.313Z</time>
      </trkpt>
      <trkpt lat="40.07582313110817" lon="116.33785899566854">
        <ele>46.3</ele>
        <time>2026-07-23T11:23:33.313Z</time>
      </trkpt>
      <trkpt lat="40.07584646267513" lon="116.33786066507126">
        <ele>46.3</ele>
        <time>2026-07-23T11:23:34.313Z</time>
      </trkpt>
      <trkpt lat="40.07586979571945" lon="116.33786133267908">
        <ele>46.3</ele>
        <time>2026-07-23T11:23:35.312Z</time>
      </trkpt>
      <trkpt lat="40.075892902067146" lon="116.33786091984787">
        <ele>46.3</ele>
        <time>2026-07-23T11:23:36.313Z</time>
      </trkpt>
      <trkpt lat="40.075915765673976" lon="116.33785923104959">
        <ele>46.2</ele>
        <time>2026-07-23T11:23:37.313Z</time>
      </trkpt>
      <trkpt lat="40.07593862642963" lon="116.33785663787391">
        <ele>46.2</ele>
        <time>2026-07-23T11:23:38.313Z</time>
      </trkpt>
      <trkpt lat="40.07596142970278" lon="116.33785325218042">
        <ele>46.2</ele>
        <time>2026-07-23T11:23:39.313Z</time>
      </trkpt>
      <trkpt lat="40.075983978003784" lon="116.33784969144959">
        <ele>46.2</ele>
        <time>2026-07-23T11:23:40.312Z</time>
      </trkpt>
      <trkpt lat="40.076006222187004" lon="116.33784669521955">
        <ele>46.2</ele>
        <time>2026-07-23T11:23:41.312Z</time>
      </trkpt>
      <trkpt lat="40.07602823099786" lon="116.33784405456001">
        <ele>46.1</ele>
        <time>2026-07-23T11:23:42.312Z</time>
      </trkpt>
      <trkpt lat="40.07605000976075" lon="116.33784175547027">
        <ele>46.1</ele>
        <time>2026-07-23T11:23:43.313Z</time>
      </trkpt>
      <trkpt lat="40.0760715697493" lon="116.33784011860469">
        <ele>46.1</ele>
        <time>2026-07-23T11:23:44.313Z</time>
      </trkpt>
      <trkpt lat="40.076093045502375" lon="116.33783950596087">
        <ele>46.1</ele>
        <time>2026-07-23T11:23:45.312Z</time>
      </trkpt>
      <trkpt lat="40.07611470255902" lon="116.33784004132616">
        <ele>46.0</ele>
        <time>2026-07-23T11:23:46.313Z</time>
      </trkpt>
      <trkpt lat="40.076136613054615" lon="116.33784201463287">
        <ele>46.0</ele>
        <time>2026-07-23T11:23:47.313Z</time>
      </trkpt>
      <trkpt lat="40.076158613581235" lon="116.33784454078265">
        <ele>46.0</ele>
        <time>2026-07-23T11:23:48.313Z</time>
      </trkpt>
      <trkpt lat="40.076180567988246" lon="116.33784645897627">
        <ele>45.9</ele>
        <time>2026-07-23T11:23:49.312Z</time>
      </trkpt>
      <trkpt lat="40.07620244743945" lon="116.33784749952349">
        <ele>45.9</ele>
        <time>2026-07-23T11:23:50.312Z</time>
      </trkpt>
      <trkpt lat="40.07622440287768" lon="116.33784761965393">
        <ele>45.9</ele>
        <time>2026-07-23T11:23:51.312Z</time>
      </trkpt>
      <trkpt lat="40.076246462744315" lon="116.33784715559749">
        <ele>45.9</ele>
        <time>2026-07-23T11:23:52.312Z</time>
      </trkpt>
      <trkpt lat="40.07626847282131" lon="116.3378461523678">
        <ele>45.8</ele>
        <time>2026-07-23T11:23:53.313Z</time>
      </trkpt>
      <trkpt lat="40.07629029555285" lon="116.33784472083207">
        <ele>45.8</ele>
        <time>2026-07-23T11:23:54.312Z</time>
      </trkpt>
      <trkpt lat="40.07631200625662" lon="116.33784345245348">
        <ele>45.8</ele>
        <time>2026-07-23T11:23:55.312Z</time>
      </trkpt>
      <trkpt lat="40.076333774659986" lon="116.33784185933624">
        <ele>45.7</ele>
        <time>2026-07-23T11:23:56.312Z</time>
      </trkpt>
      <trkpt lat="40.07635564090352" lon="116.33783968035723">
        <ele>45.7</ele>
        <time>2026-07-23T11:23:57.312Z</time>
      </trkpt>
      <trkpt lat="40.076377580758106" lon="116.33783754737952">
        <ele>45.7</ele>
        <time>2026-07-23T11:23:58.312Z</time>
      </trkpt>
      <trkpt lat="40.07639959696081" lon="116.33783555909439">
        <ele>45.7</ele>
        <time>2026-07-23T11:23:59.312Z</time>
      </trkpt>
      <trkpt lat="40.076421731733625" lon="116.33783403601055">
        <ele>45.6</ele>
        <time>2026-07-23T11:24:00.312Z</time>
      </trkpt>
      <trkpt lat="40.076443901538376" lon="116.33783332604293">
        <ele>45.6</ele>
        <time>2026-07-23T11:24:01.313Z</time>
      </trkpt>
      <trkpt lat="40.076466030997345" lon="116.33783312621723">
        <ele>45.6</ele>
        <time>2026-07-23T11:24:02.313Z</time>
      </trkpt>
      <trkpt lat="40.07648806156551" lon="116.33783283789802">
        <ele>45.6</ele>
        <time>2026-07-23T11:24:03.312Z</time>
      </trkpt>
      <trkpt lat="40.07650991469103" lon="116.33783247406">
        <ele>45.5</ele>
        <time>2026-07-23T11:24:04.313Z</time>
      </trkpt>
      <trkpt lat="40.0765316188059" lon="116.33783220270905">
        <ele>45.5</ele>
        <time>2026-07-23T11:24:05.312Z</time>
      </trkpt>
      <trkpt lat="40.07655330062378" lon="116.3378315553269">
        <ele>45.5</ele>
        <time>2026-07-23T11:24:06.313Z</time>
      </trkpt>
      <trkpt lat="40.076574936462464" lon="116.33782961093267">
        <ele>45.5</ele>
        <time>2026-07-23T11:24:07.312Z</time>
      </trkpt>
      <trkpt lat="40.07659671437088" lon="116.33782705979017">
        <ele>45.4</ele>
        <time>2026-07-23T11:24:08.313Z</time>
      </trkpt>
      <trkpt lat="40.076618718211414" lon="116.33782459444477">
        <ele>45.4</ele>
        <time>2026-07-23T11:24:09.312Z</time>
      </trkpt>
      <trkpt lat="40.0766408992253" lon="116.33782188419741">
        <ele>45.4</ele>
        <time>2026-07-23T11:24:10.312Z</time>
      </trkpt>
      <trkpt lat="40.076663133824596" lon="116.33781855681664">
        <ele>45.4</ele>
        <time>2026-07-23T11:24:11.313Z</time>
      </trkpt>
      <trkpt lat="40.0766852742826" lon="116.33781390256304">
        <ele>45.4</ele>
        <time>2026-07-23T11:24:12.312Z</time>
      </trkpt>
      <trkpt lat="40.07670717857302" lon="116.33780777079862">
        <ele>45.4</ele>
        <time>2026-07-23T11:24:13.312Z</time>
      </trkpt>
      <trkpt lat="40.076728743607426" lon="116.33780025854718">
        <ele>45.3</ele>
        <time>2026-07-23T11:24:14.312Z</time>
      </trkpt>
      <trkpt lat="40.07674990125272" lon="116.33779134988005">
        <ele>45.3</ele>
        <time>2026-07-23T11:24:15.312Z</time>
      </trkpt>
      <trkpt lat="40.076770863777064" lon="116.33778157726434">
        <ele>45.3</ele>
        <time>2026-07-23T11:24:16.312Z</time>
      </trkpt>
      <trkpt lat="40.076791710527054" lon="116.33777105282012">
        <ele>45.3</ele>
        <time>2026-07-23T11:24:17.312Z</time>
      </trkpt>
      <trkpt lat="40.07681225941671" lon="116.33775922919551">
        <ele>45.3</ele>
        <time>2026-07-23T11:24:18.312Z</time>
      </trkpt>
      <trkpt lat="40.076832408789976" lon="116.33774606292135">
        <ele>45.3</ele>
        <time>2026-07-23T11:24:19.312Z</time>
      </trkpt>
      <trkpt lat="40.07685207149186" lon="116.33773167636267">
        <ele>45.3</ele>
        <time>2026-07-23T11:24:20.312Z</time>
      </trkpt>
      <trkpt lat="40.07687097568154" lon="116.33771578073586">
        <ele>45.3</ele>
        <time>2026-07-23T11:24:21.312Z</time>
      </trkpt>
      <trkpt lat="40.07688896384952" lon="116.33769795528214">
        <ele>45.3</ele>
        <time>2026-07-23T11:24:22.312Z</time>
      </trkpt>
      <trkpt lat="40.07690614262919" lon="116.33767833486777">
        <ele>45.3</ele>
        <time>2026-07-23T11:24:23.312Z</time>
      </trkpt>
      <trkpt lat="40.07692261442824" lon="116.33765716902334">
        <ele>45.3</ele>
        <time>2026-07-23T11:24:24.312Z</time>
      </trkpt>
      <trkpt lat="40.076938299930376" lon="116.33763495294245">
        <ele>45.3</ele>
        <time>2026-07-23T11:24:25.312Z</time>
      </trkpt>
      <trkpt lat="40.07695246124817" lon="116.33761137978259">
        <ele>45.3</ele>
        <time>2026-07-23T11:24:26.312Z</time>
        <extensions>
          <gpxtpx:TrackPointExtension>
            <gpxtpx:hr>165</gpxtpx:hr>
          </gpxtpx:TrackPointExtension>
        </extensions>
      </trkpt>
      <trkpt lat="40.07696441704998" lon="116.33758623793916">
        <ele>45.3</ele>
        <time>2026-07-23T11:24:27.312Z</time>
        <extensions>
          <gpxtpx:TrackPointExtension>
            <gpxtpx:hr>165</gpxtpx:hr>
          </gpxtpx:TrackPointExtension>
        </extensions>
      </trkpt>
      <trkpt lat="40.076974327997476" lon="116.33755974776716">
        <ele>45.3</ele>
        <time>2026-07-23T11:24:28.312Z</time>
        <extensions>
          <gpxtpx:TrackPointExtension>
            <gpxtpx:hr>165</gpxtpx:hr>
          </gpxtpx:TrackPointExtension>
        </extensions>
      </trkpt>
      <trkpt lat="40.07698259008791" lon="116.33753183317515">
        <ele>45.4</ele>
        <time>2026-07-23T11:24:29.312Z</time>
        <extensions>
          <gpxtpx:TrackPointExtension>
            <gpxtpx:hr>165</gpxtpx:hr>
          </gpxtpx:TrackPointExtension>
        </extensions>
      </trkpt>
      <trkpt lat="40.07698959042566" lon="116.33750286082348">
        <ele>45.4</ele>
        <time>2026-07-23T11:24:30.312Z</time>
        <extensions>
          <gpxtpx:TrackPointExtension>
            <gpxtpx:hr>165</gpxtpx:hr>
          </gpxtpx:TrackPointExtension>
        </extensions>
      </trkpt>
      <trkpt lat="40.076995396032196" lon="116.33747328224275">
        <ele>45.4</ele>
        <time>2026-07-23T11:24:31.312Z</time>
        <extensions>
          <gpxtpx:TrackPointExtension>
            <gpxtpx:hr>165</gpxtpx:hr>
          </gpxtpx:TrackPointExtension>
        </extensions>
      </trkpt>
      <trkpt lat="40.07699978128074" lon="116.33744338800854">
        <ele>45.4</ele>
        <time>2026-07-23T11:24:32.312Z</time>
        <extensions>
          <gpxtpx:TrackPointExtension>
            <gpxtpx:hr>165</gpxtpx:hr>
          </gpxtpx:TrackPointExtension>
        </extensions>
      </trkpt>
      <trkpt lat="40.07700269755399" lon="116.33741322843373">
        <ele>45.4</ele>
        <time>2026-07-23T11:24:33.312Z</time>
        <extensions>
          <gpxtpx:TrackPointExtension>
            <gpxtpx:hr>165</gpxtpx:hr>
          </gpxtpx:TrackPointExtension>
        </extensions>
      </trkpt>
      <trkpt lat="40.07700430736624" lon="116.33738250090416">
        <ele>45.4</ele>
        <time>2026-07-23T11:24:34.312Z</time>
        <extensions>
          <gpxtpx:TrackPointExtension>
            <gpxtpx:hr>165</gpxtpx:hr>
          </gpxtpx:TrackPointExtension>
        </extensions>
      </trkpt>
      <trkpt lat="40.07700468008797" lon="116.33735099857893">
        <ele>45.4</ele>
        <time>2026-07-23T11:24:35.312Z</time>
        <extensions>
          <gpxtpx:TrackPointExtension>
            <gpxtpx:hr>165</gpxtpx:hr>
          </gpxtpx:TrackPointExtension>
        </extensions>
      </trkpt>
      <trkpt lat="40.0770037262556" lon="116.33731889183099">
        <ele>45.4</ele>
        <time>2026-07-23T11:24:36.312Z</time>
        <extensions>
          <gpxtpx:TrackPointExtension>
            <gpxtpx:hr>165</gpxtpx:hr>
          </gpxtpx:TrackPointExtension>
        </extensions>
      </trkpt>
      <trkpt lat="40.07700149527813" lon="116.33728652166992">
        <ele>45.4</ele>
        <time>2026-07-23T11:24:37.312Z</time>
        <extensions>
          <gpxtpx:TrackPointExtension>
            <gpxtpx:hr>165</gpxtpx:hr>
          </gpxtpx:TrackPointExtension>
        </extensions>
      </trkpt>
      <trkpt lat="40.07699793398968" lon="116.33725431397443">
        <ele>45.4</ele>
        <time>2026-07-23T11:24:38.312Z</time>
        <extensions>
          <gpxtpx:TrackPointExtension>
            <gpxtpx:hr>165</gpxtpx:hr>
          </gpxtpx:TrackPointExtension>
        </extensions>
      </trkpt>
      <trkpt lat="40.07699216648343" lon="116.33722280947492">
        <ele>45.4</ele>
        <time>2026-07-23T11:24:39.312Z</time>
        <extensions>
          <gpxtpx:TrackPointExtension>
            <gpxtpx:hr>165</gpxtpx:hr>
          </gpxtpx:TrackPointExtension>
        </extensions>
      </trkpt>
      <trkpt lat="40.07698378891392" lon="116.33719257773329">
        <ele>45.4</ele>
        <time>2026-07-23T11:24:40.312Z</time>
        <extensions>
          <gpxtpx:TrackPointExtension>
            <gpxtpx:hr>165</gpxtpx:hr>
          </gpxtpx:TrackPointExtension>
        </extensions>
      </trkpt>
      <trkpt lat="40.07697363675256" lon="116.33716357655337">
        <ele>45.4</ele>
        <time>2026-07-23T11:24:41.312Z</time>
        <extensions>
          <gpxtpx:TrackPointExtension>
            <gpxtpx:hr>165</gpxtpx:hr>
          </gpxtpx:TrackPointExtension>
        </extensions>
      </trkpt>
      <trkpt lat="40.0769622405928" lon="116.33713566562041">
        <ele>45.4</ele>
        <time>2026-07-23T11:24:42.312Z</time>
        <extensions>
          <gpxtpx:TrackPointExtension>
            <gpxtpx:hr>165</gpxtpx:hr>
          </gpxtpx:TrackPointExtension>
        </extensions>
      </trkpt>
      <trkpt lat="40.076949662711584" lon="116.33710902692043">
        <ele>45.4</ele>
        <time>2026-07-23T11:24:43.312Z</time>
        <extensions>
          <gpxtpx:TrackPointExtension>
            <gpxtpx:hr>165</gpxtpx:hr>
          </gpxtpx:TrackPointExtension>
        </extensions>
      </trkpt>
      <trkpt lat="40.076936002244345" lon="116.33708370098454">
        <ele>45.4</ele>
        <time>2026-07-23T11:24:44.312Z</time>
        <extensions>
          <gpxtpx:TrackPointExtension>
            <gpxtpx:hr>165</gpxtpx:hr>
          </gpxtpx:TrackPointExtension>
        </extensions>
      </trkpt>
      <trkpt lat="40.076921660405" lon="116.33705923445338">
        <ele>45.4</ele>
        <time>2026-07-23T11:24:45.312Z</time>
        <extensions>
          <gpxtpx:TrackPointExtension>
            <gpxtpx:hr>165</gpxtpx:hr>
          </gpxtpx:TrackPointExtension>
        </extensions>
      </trkpt>
      <trkpt lat="40.07690676443619" lon="116.33703541064017">
        <ele>45.4</ele>
        <time>2026-07-23T11:24:46.312Z</time>
        <extensions>
          <gpxtpx:TrackPointExtension>
            <gpxtpx:hr>165</gpxtpx:hr>
          </gpxtpx:TrackPointExtension>
        </extensions>
      </trkpt>
      <trkpt lat="40.076891118054085" lon="116.33701221193611">
        <ele>45.4</ele>
        <time>2026-07-23T11:24:47.312Z</time>
        <extensions>
          <gpxtpx:TrackPointExtension>
            <gpxtpx:hr>165</gpxtpx:hr>
          </gpxtpx:TrackPointExtension>
        </extensions>
      </trkpt>
      <trkpt lat="40.07687476465267" lon="116.33698956038856">
        <ele>45.3</ele>
        <time>2026-07-23T11:24:48.312Z</time>
        <extensions>
          <gpxtpx:TrackPointExtension>
            <gpxtpx:hr>165</gpxtpx:hr>
          </gpxtpx:TrackPointExtension>
        </extensions>
      </trkpt>
      <trkpt lat="40.07685708008716" lon="116.33696852974859">
        <ele>45.3</ele>
        <time>2026-07-23T11:24:49.312Z</time>
        <extensions>
          <gpxtpx:TrackPointExtension>
            <gpxtpx:hr>165</gpxtpx:hr>
          </gpxtpx:TrackPointExtension>
        </extensions>
      </trkpt>
      <trkpt lat="40.07683761712127" lon="116.33695065025017">
        <ele>45.3</ele>
        <time>2026-07-23T11:24:50.312Z</time>
        <extensions>
          <gpxtpx:TrackPointExtension>
            <gpxtpx:hr>165</gpxtpx:hr>
          </gpxtpx:TrackPointExtension>
        </extensions>
      </trkpt>
      <trkpt lat="40.07681681627313" lon="116.3369360446761">
        <ele>45.3</ele>
        <time>2026-07-23T11:24:51.312Z</time>
        <extensions>
          <gpxtpx:TrackPointExtension>
            <gpxtpx:hr>165</gpxtpx:hr>
          </gpxtpx:TrackPointExtension>
        </extensions>
      </trkpt>
      <trkpt lat="40.07679518565912" lon="116.33692385506448">
        <ele>45.3</ele>
        <time>2026-07-23T11:24:52.312Z</time>
        <extensions>
          <gpxtpx:TrackPointExtension>
            <gpxtpx:hr>165</gpxtpx:hr>
          </gpxtpx:TrackPointExtension>
        </extensions>
      </trkpt>
      <trkpt lat="40.07677303327334" lon="116.3369130239181">
        <ele>45.3</ele>
        <time>2026-07-23T11:24:53.312Z</time>
        <extensions>
          <gpxtpx:TrackPointExtension>
            <gpxtpx:hr>165</gpxtpx:hr>
          </gpxtpx:TrackPointExtension>
        </extensions>
      </trkpt>
      <trkpt lat="40.07675034504234" lon="116.33690346503951">
        <ele>45.3</ele>
        <time>2026-07-23T11:24:54.312Z</time>
        <extensions>
          <gpxtpx:TrackPointExtension>
            <gpxtpx:hr>165</gpxtpx:hr>
          </gpxtpx:TrackPointExtension>
        </extensions>
      </trkpt>
      <trkpt lat="40.07672731824519" lon="116.33689486465082">
        <ele>45.3</ele>
        <time>2026-07-23T11:24:55.312Z</time>
        <extensions>
          <gpxtpx:TrackPointExtension>
            <gpxtpx:hr>165</gpxtpx:hr>
          </gpxtpx:TrackPointExtension>
        </extensions>
      </trkpt>
      <trkpt lat="40.07670410989712" lon="116.33688675311033">
        <ele>45.3</ele>
        <time>2026-07-23T11:24:56.312Z</time>
      </trkpt>
      <trkpt lat="40.07668045343786" lon="116.33687949063825">
        <ele>45.3</ele>
        <time>2026-07-23T11:24:57.312Z</time>
      </trkpt>
      <trkpt lat="40.07665615595462" lon="116.33687316022369">
        <ele>45.3</ele>
        <time>2026-07-23T11:24:58.312Z</time>
      </trkpt>
      <trkpt lat="40.07663123278863" lon="116.3368683308095">
        <ele>45.3</ele>
        <time>2026-07-23T11:24:59.312Z</time>
      </trkpt>
      <trkpt lat="40.076605876078084" lon="116.33686572954794">
        <ele>45.3</ele>
        <time>2026-07-23T11:25:00.312Z</time>
      </trkpt>
      <trkpt lat="40.076580485401514" lon="116.33686471803964">
        <ele>45.4</ele>
        <time>2026-07-23T11:25:01.312Z</time>
      </trkpt>
      <trkpt lat="40.076555486567884" lon="116.33686442509634">
        <ele>45.4</ele>
        <time>2026-07-23T11:25:02.312Z</time>
      </trkpt>
      <trkpt lat="40.07653110547972" lon="116.33686527576573">
        <ele>45.4</ele>
        <time>2026-07-23T11:25:03.312Z</time>
      </trkpt>
      <trkpt lat="40.076507435018534" lon="116.33686724784322">
        <ele>45.5</ele>
        <time>2026-07-23T11:25:04.312Z</time>
      </trkpt>
      <trkpt lat="40.07648432237347" lon="116.3368694272123">
        <ele>45.5</ele>
        <time>2026-07-23T11:25:05.312Z</time>
      </trkpt>
      <trkpt lat="40.07646149895414" lon="116.3368709714309">
        <ele>45.6</ele>
        <time>2026-07-23T11:25:06.312Z</time>
      </trkpt>
      <trkpt lat="40.07643879120265" lon="116.33687158097132">
        <ele>45.6</ele>
        <time>2026-07-23T11:25:07.312Z</time>
      </trkpt>
      <trkpt lat="40.076416159547925" lon="116.33687160119828">
        <ele>45.6</ele>
        <time>2026-07-23T11:25:08.312Z</time>
      </trkpt>
      <trkpt lat="40.076393656339924" lon="116.33687207494859">
        <ele>45.7</ele>
        <time>2026-07-23T11:25:09.311Z</time>
      </trkpt>
      <trkpt lat="40.076371359879566" lon="116.3368734928035">
        <ele>45.7</ele>
        <time>2026-07-23T11:25:10.312Z</time>
      </trkpt>
      <trkpt lat="40.07634935802268" lon="116.33687581946086">
        <ele>45.7</ele>
        <time>2026-07-23T11:25:11.312Z</time>
      </trkpt>
      <trkpt lat="40.07632762875616" lon="116.33687884728448">
        <ele>45.7</ele>
        <time>2026-07-23T11:25:12.312Z</time>
      </trkpt>
      <trkpt lat="40.076306278088204" lon="116.33688233827446">
        <ele>45.7</ele>
        <time>2026-07-23T11:25:13.312Z</time>
      </trkpt>
      <trkpt lat="40.07628525461956" lon="116.33688616284185">
        <ele>45.8</ele>
        <time>2026-07-23T11:25:14.312Z</time>
      </trkpt>
      <trkpt lat="40.07626426612113" lon="116.33688976415667">
        <ele>45.8</ele>
        <time>2026-07-23T11:25:15.311Z</time>
      </trkpt>
      <trkpt lat="40.07624321537377" lon="116.33689314897501">
        <ele>45.8</ele>
        <time>2026-07-23T11:25:16.312Z</time>
      </trkpt>
      <trkpt lat="40.07622215438096" lon="116.33689652651448">
        <ele>45.8</ele>
        <time>2026-07-23T11:25:17.312Z</time>
      </trkpt>
      <trkpt lat="40.07620091404733" lon="116.33689983193796">
        <ele>45.8</ele>
        <time>2026-07-23T11:25:18.312Z</time>
      </trkpt>
      <trkpt lat="40.076179383716244" lon="116.3369030378654">
        <ele>45.8</ele>
        <time>2026-07-23T11:25:19.312Z</time>
      </trkpt>
      <trkpt lat="40.076157591938966" lon="116.33690624608913">
        <ele>45.8</ele>
        <time>2026-07-23T11:25:20.312Z</time>
      </trkpt>
      <trkpt lat="40.0761356047571" lon="116.33690924124294">
        <ele>45.7</ele>
        <time>2026-07-23T11:25:21.312Z</time>
      </trkpt>
      <trkpt lat="40.076113470863014" lon="116.33691161617979">
        <ele>45.7</ele>
        <time>2026-07-23T11:25:22.312Z</time>
      </trkpt>
      <trkpt lat="40.076091203627634" lon="116.33691389800424">
        <ele>45.7</ele>
        <time>2026-07-23T11:25:23.312Z</time>
      </trkpt>
      <trkpt lat="40.07606880993744" lon="116.33691642110018">
        <ele>45.7</ele>
        <time>2026-07-23T11:25:24.312Z</time>
      </trkpt>
      <trkpt lat="40.07604633220232" lon="116.33691867767594">
        <ele>45.7</ele>
        <time>2026-07-23T11:25:25.312Z</time>
      </trkpt>
      <trkpt lat="40.07602373845295" lon="116.33692065400199">
        <ele>45.7</ele>
        <time>2026-07-23T11:25:26.312Z</time>
      </trkpt>
      <trkpt lat="40.07600112564618" lon="116.33692255069498">
        <ele>45.7</ele>
        <time>2026-07-23T11:25:27.312Z</time>
      </trkpt>
      <trkpt lat="40.0759785603917" lon="116.3369240152332">
        <ele>45.7</ele>
        <time>2026-07-23T11:25:28.312Z</time>
      </trkpt>
      <trkpt lat="40.075956049203825" lon="116.3369248233914">
        <ele>45.7</ele>
        <time>2026-07-23T11:25:29.312Z</time>
      </trkpt>
      <trkpt lat="40.075933590595426" lon="116.33692480727497">
        <ele>45.7</ele>
        <time>2026-07-23T11:25:30.312Z</time>
      </trkpt>
      <trkpt lat="40.075911133172944" lon="116.33692383464631">
        <ele>45.6</ele>
        <time>2026-07-23T11:25:31.312Z</time>
      </trkpt>
      <trkpt lat="40.075888661121304" lon="116.33692179586453">
        <ele>45.6</ele>
        <time>2026-07-23T11:25:32.312Z</time>
      </trkpt>
      <trkpt lat="40.075866210524026" lon="116.33691892407985">
        <ele>45.6</ele>
        <time>2026-07-23T11:25:33.311Z</time>
      </trkpt>
      <trkpt lat="40.07584376321893" lon="116.33691663689852">
        <ele>45.7</ele>
        <time>2026-07-23T11:25:34.312Z</time>
      </trkpt>
      <trkpt lat="40.075821308625045" lon="116.33691601072275">
        <ele>45.7</ele>
        <time>2026-07-23T11:25:35.312Z</time>
      </trkpt>
      <trkpt lat="40.07579880295939" lon="116.33691747585733">
        <ele>45.7</ele>
        <time>2026-07-23T11:25:36.312Z</time>
      </trkpt>
      <trkpt lat="40.07577629477429" lon="116.33692128442502">
        <ele>45.7</ele>
        <time>2026-07-23T11:25:37.312Z</time>
      </trkpt>
      <trkpt lat="40.07575397997295" lon="116.33692772428724">
        <ele>45.7</ele>
        <time>2026-07-23T11:25:38.312Z</time>
      </trkpt>
      <trkpt lat="40.07573197646861" lon="116.33693667049761">
        <ele>45.7</ele>
        <time>2026-07-23T11:25:39.312Z</time>
      </trkpt>
      <trkpt lat="40.07571036431238" lon="116.33694790144223">
        <ele>45.7</ele>
        <time>2026-07-23T11:25:40.312Z</time>
      </trkpt>
      <trkpt lat="40.07568934296345" lon="116.33696165909286">
        <ele>45.8</ele>
        <time>2026-07-23T11:25:41.312Z</time>
      </trkpt>
      <trkpt lat="40.07566913441519" lon="116.33697771228786">
        <ele>45.8</ele>
        <time>2026-07-23T11:25:42.312Z</time>
      </trkpt>
      <trkpt lat="40.075649805044584" lon="116.33699530209225">
        <ele>45.8</ele>
        <time>2026-07-23T11:25:43.312Z</time>
      </trkpt>
      <trkpt lat="40.07563147640883" lon="116.33701388473435">
        <ele>45.8</ele>
        <time>2026-07-23T11:25:44.312Z</time>
      </trkpt>
      <trkpt lat="40.07561408958447" lon="116.3370335414889">
        <ele>45.9</ele>
        <time>2026-07-23T11:25:45.311Z</time>
      </trkpt>
      <trkpt lat="40.07559768057305" lon="116.3370551613712">
        <ele>45.9</ele>
        <time>2026-07-23T11:25:46.311Z</time>
      </trkpt>
      <trkpt lat="40.07558228026879" lon="116.3370789601869">
        <ele>45.9</ele>
        <time>2026-07-23T11:25:47.312Z</time>
      </trkpt>
      <trkpt lat="40.07556777799325" lon="116.33710419508026">
        <ele>45.9</ele>
        <time>2026-07-23T11:25:48.312Z</time>
      </trkpt>
      <trkpt lat="40.075554480844715" lon="116.33713068915037">
        <ele>46.0</ele>
        <time>2026-07-23T11:25:49.312Z</time>
      </trkpt>
      <trkpt lat="40.07554272985283" lon="116.33715846347968">
        <ele>46.0</ele>
        <time>2026-07-23T11:25:50.311Z</time>
      </trkpt>
      <trkpt lat="40.07553249963906" lon="116.3371872256982">
        <ele>46.0</ele>
        <time>2026-07-23T11:25:51.312Z</time>
      </trkpt>
      <trkpt lat="40.07552383817217" lon="116.33721660547825">
        <ele>46.0</ele>
        <time>2026-07-23T11:25:52.311Z</time>
      </trkpt>
      <trkpt lat="40.075516857756064" lon="116.33724652849808">
        <ele>46.0</ele>
        <time>2026-07-23T11:25:53.312Z</time>
      </trkpt>
      <trkpt lat="40.075511239640534" lon="116.33727687037444">
        <ele>46.1</ele>
        <time>2026-07-23T11:25:54.311Z</time>
      </trkpt>
      <trkpt lat="40.07550669105745" lon="116.3373075104388">
        <ele>46.1</ele>
        <time>2026-07-23T11:25:55.311Z</time>
      </trkpt>
      <trkpt lat="40.07550337315728" lon="116.33733827868978">
        <ele>46.1</ele>
        <time>2026-07-23T11:25:56.311Z</time>
      </trkpt>
      <trkpt lat="40.07550133828781" lon="116.33736895758145">
        <ele>46.1</ele>
        <time>2026-07-23T11:25:57.312Z</time>
      </trkpt>
      <trkpt lat="40.075500460025644" lon="116.33739930206329">
        <ele>46.1</ele>
        <time>2026-07-23T11:25:58.311Z</time>
      </trkpt>
      <trkpt lat="40.07550057381307" lon="116.33742905764127">
        <ele>46.2</ele>
        <time>2026-07-23T11:25:59.311Z</time>
      </trkpt>
      <trkpt lat="40.07550159747374" lon="116.33745826682639">
        <ele>46.2</ele>
        <time>2026-07-23T11:26:00.311Z</time>
      </trkpt>
      <trkpt lat="40.07550407160113" lon="116.33748725308992">
        <ele>46.2</ele>
        <time>2026-07-23T11:26:01.312Z</time>
      </trkpt>
      <trkpt lat="40.075508386345604" lon="116.33751614055981">
        <ele>46.2</ele>
        <time>2026-07-23T11:26:02.311Z</time>
      </trkpt>
      <trkpt lat="40.07551426401946" lon="116.33754501292944">
        <ele>46.2</ele>
        <time>2026-07-23T11:26:03.311Z</time>
      </trkpt>
      <trkpt lat="40.0755218544303" lon="116.33757375704184">
        <ele>46.2</ele>
        <time>2026-07-23T11:26:04.311Z</time>
      </trkpt>
      <trkpt lat="40.07553145415436" lon="116.33760196862583">
        <ele>46.2</ele>
        <time>2026-07-23T11:26:05.311Z</time>
      </trkpt>
      <trkpt lat="40.075542890265694" lon="116.33762942197626">
        <ele>46.2</ele>
        <time>2026-07-23T11:26:06.312Z</time>
      </trkpt>
      <trkpt lat="40.07555583916391" lon="116.33765595928656">
        <ele>46.3</ele>
        <time>2026-07-23T11:26:07.311Z</time>
      </trkpt>
      <trkpt lat="40.07557005563403" lon="116.33768140959921">
        <ele>46.3</ele>
        <time>2026-07-23T11:26:08.312Z</time>
      </trkpt>
      <trkpt lat="40.07558538553065" lon="116.33770542174682">
        <ele>46.3</ele>
        <time>2026-07-23T11:26:09.311Z</time>
      </trkpt>
      <trkpt lat="40.07560170538122" lon="116.3377280162196">
        <ele>46.3</ele>
        <time>2026-07-23T11:26:10.312Z</time>
      </trkpt>
      <trkpt lat="40.075618654880415" lon="116.33774985722914">
        <ele>46.2</ele>
        <time>2026-07-23T11:26:11.311Z</time>
      </trkpt>
      <trkpt lat="40.075635954408185" lon="116.33777145288974">
        <ele>46.2</ele>
        <time>2026-07-23T11:26:12.312Z</time>
      </trkpt>
      <trkpt lat="40.075654142435035" lon="116.33779185438435">
        <ele>46.2</ele>
        <time>2026-07-23T11:26:13.311Z</time>
      </trkpt>
      <trkpt lat="40.07567360939692" lon="116.3378101022753">
        <ele>46.2</ele>
        <time>2026-07-23T11:26:14.312Z</time>
      </trkpt>
      <trkpt lat="40.07569405982071" lon="116.33782624820346">
        <ele>46.2</ele>
        <time>2026-07-23T11:26:15.311Z</time>
      </trkpt>
      <trkpt lat="40.075715333564695" lon="116.3378404239753">
        <ele>46.2</ele>
        <time>2026-07-23T11:26:16.311Z</time>
      </trkpt>
      <trkpt lat="40.07573725174822" lon="116.33785243838547">
        <ele>46.2</ele>
        <time>2026-07-23T11:26:17.311Z</time>
      </trkpt>
      <trkpt lat="40.0757596120054" lon="116.33786174377936">
        <ele>46.1</ele>
        <time>2026-07-23T11:26:18.311Z</time>
      </trkpt>
      <trkpt lat="40.075782180361195" lon="116.33786789013256">
        <ele>46.1</ele>
        <time>2026-07-23T11:26:19.311Z</time>
      </trkpt>
      <trkpt lat="40.07580464625683" lon="116.33787102003474">
        <ele>46.1</ele>
        <time>2026-07-23T11:26:20.311Z</time>
      </trkpt>
      <trkpt lat="40.07582680810519" lon="116.33787158139774">
        <ele>46.1</ele>
        <time>2026-07-23T11:26:21.311Z</time>
      </trkpt>
      <trkpt lat="40.07584860458712" lon="116.33787009967293">
        <ele>46.1</ele>
        <time>2026-07-23T11:26:22.311Z</time>
      </trkpt>
      <trkpt lat="40.07587008769128" lon="116.33786687568812">
        <ele>46.0</ele>
        <time>2026-07-23T11:26:23.311Z</time>
      </trkpt>
      <trkpt lat="40.07589152295683" lon="116.33786224725452">
        <ele>46.0</ele>
        <time>2026-07-23T11:26:24.311Z</time>
      </trkpt>
      <trkpt lat="40.07591322670349" lon="116.33785725489338">
        <ele>46.0</ele>
        <time>2026-07-23T11:26:25.311Z</time>
      </trkpt>
      <trkpt lat="40.075935259666586" lon="116.33785253841597">
        <ele>45.9</ele>
        <time>2026-07-23T11:26:26.311Z</time>
      </trkpt>
      <trkpt lat="40.07595740118783" lon="116.33784804033422">
        <ele>45.9</ele>
        <time>2026-07-23T11:26:27.312Z</time>
      </trkpt>
      <trkpt lat="40.07597947891161" lon="116.33784402477603">
        <ele>45.9</ele>
        <time>2026-07-23T11:26:28.311Z</time>
      </trkpt>
      <trkpt lat="40.07600148888795" lon="116.3378405823447">
        <ele>45.9</ele>
        <time>2026-07-23T11:26:29.311Z</time>
      </trkpt>
      <trkpt lat="40.076023714322446" lon="116.33783793019371">
        <ele>45.8</ele>
        <time>2026-07-23T11:26:30.311Z</time>
      </trkpt>
      <trkpt lat="40.076046270359015" lon="116.33783645886265">
        <ele>45.8</ele>
        <time>2026-07-23T11:26:31.311Z</time>
      </trkpt>
      <trkpt lat="40.07606885109243" lon="116.3378361895042">
        <ele>45.8</ele>
        <time>2026-07-23T11:26:32.311Z</time>
      </trkpt>
      <trkpt lat="40.076091162096354" lon="116.3378365442982">
        <ele>45.7</ele>
        <time>2026-07-23T11:26:33.311Z</time>
      </trkpt>
      <trkpt lat="40.07611324948865" lon="116.33783679021695">
        <ele>45.7</ele>
        <time>2026-07-23T11:26:34.311Z</time>
      </trkpt>
      <trkpt lat="40.0761353750512" lon="116.33783720047533">
        <ele>45.7</ele>
        <time>2026-07-23T11:26:35.311Z</time>
      </trkpt>
      <trkpt lat="40.076157692693464" lon="116.33783835786951">
        <ele>45.6</ele>
        <time>2026-07-23T11:26:36.311Z</time>
      </trkpt>
      <trkpt lat="40.07618010648109" lon="116.3378396756739">
        <ele>45.6</ele>
        <time>2026-07-23T11:26:37.311Z</time>
      </trkpt>
      <trkpt lat="40.07620246400611" lon="116.33784035732715">
        <ele>45.6</ele>
        <time>2026-07-23T11:26:38.311Z</time>
      </trkpt>
      <trkpt lat="40.07622475717664" lon="116.33784050830859">
        <ele>45.5</ele>
        <time>2026-07-23T11:26:39.311Z</time>
      </trkpt>
      <trkpt lat="40.076247115130705" lon="116.33784077429026">
        <ele>45.5</ele>
        <time>2026-07-23T11:26:40.311Z</time>
      </trkpt>
      <trkpt lat="40.076269587646706" lon="116.33784079010032">
        <ele>45.5</ele>
        <time>2026-07-23T11:26:41.311Z</time>
      </trkpt>
      <trkpt lat="40.076291911831625" lon="116.33783973949825">
        <ele>45.4</ele>
        <time>2026-07-23T11:26:42.311Z</time>
      </trkpt>
      <trkpt lat="40.07631373299314" lon="116.33783788024078">
        <ele>45.4</ele>
        <time>2026-07-23T11:26:43.311Z</time>
      </trkpt>
      <trkpt lat="40.07633504804059" lon="116.33783558736133">
        <ele>45.4</ele>
        <time>2026-07-23T11:26:44.311Z</time>
      </trkpt>
      <trkpt lat="40.07635594601667" lon="116.3378332848564">
        <ele>45.3</ele>
        <time>2026-07-23T11:26:45.311Z</time>
      </trkpt>
      <trkpt lat="40.076376567194266" lon="116.33783146673257">
        <ele>45.3</ele>
        <time>2026-07-23T11:26:46.311Z</time>
      </trkpt>
      <trkpt lat="40.07639709356845" lon="116.33783003131026">
        <ele>45.3</ele>
        <time>2026-07-23T11:26:47.311Z</time>
      </trkpt>
      <trkpt lat="40.07641765058549" lon="116.33782863708424">
        <ele>45.3</ele>
        <time>2026-07-23T11:26:48.311Z</time>
      </trkpt>
      <trkpt lat="40.07643824523508" lon="116.337827363278">
        <ele>45.3</ele>
        <time>2026-07-23T11:26:49.311Z</time>
      </trkpt>
      <trkpt lat="40.07645881977204" lon="116.3378261023856">
        <ele>45.2</ele>
        <time>2026-07-23T11:26:50.311Z</time>
      </trkpt>
      <trkpt lat="40.076479525298595" lon="116.33782481749127">
        <ele>45.2</ele>
        <time>2026-07-23T11:26:51.311Z</time>
      </trkpt>
      <trkpt lat="40.076500548008674" lon="116.33782398137694">
        <ele>45.2</ele>
        <time>2026-07-23T11:26:52.311Z</time>
      </trkpt>
      <trkpt lat="40.07652193939416" lon="116.3378236144405">
        <ele>45.2</ele>
        <time>2026-07-23T11:26:53.311Z</time>
      </trkpt>
      <trkpt lat="40.076543625381895" lon="116.3378233024746">
        <ele>45.2</ele>
        <time>2026-07-23T11:26:54.311Z</time>
      </trkpt>
      <trkpt lat="40.076565571588716" lon="116.33782300876508">
        <ele>45.2</ele>
        <time>2026-07-23T11:26:55.311Z</time>
      </trkpt>
      <trkpt lat="40.07658773150503" lon="116.33782378650783">
        <ele>45.2</ele>
        <time>2026-07-23T11:26:56.311Z</time>
      </trkpt>
      <trkpt lat="40.076609958736256" lon="116.33782636856786">
        <ele>45.2</ele>
        <time>2026-07-23T11:26:57.311Z</time>
      </trkpt>
      <trkpt lat="40.07663214044569" lon="116.33782942060043">
        <ele>45.2</ele>
        <time>2026-07-23T11:26:58.311Z</time>
      </trkpt>
      <trkpt lat="40.07665424447092" lon="116.33783109616553">
        <ele>45.2</ele>
        <time>2026-07-23T11:26:59.311Z</time>
      </trkpt>
      <trkpt lat="40.07667624389091" lon="116.33783073028836">
        <ele>45.2</ele>
        <time>2026-07-23T11:27:00.311Z</time>
      </trkpt>
      <trkpt lat="40.07669823581609" lon="116.3378283842319">
        <ele>45.2</ele>
        <time>2026-07-23T11:27:01.311Z</time>
      </trkpt>
      <trkpt lat="40.07672023390282" lon="116.33782405087896">
        <ele>45.2</ele>
        <time>2026-07-23T11:27:02.311Z</time>
      </trkpt>
      <trkpt lat="40.076742046368565" lon="116.33781741262189">
        <ele>45.1</ele>
        <time>2026-07-23T11:27:03.311Z</time>
      </trkpt>
      <trkpt lat="40.076763383757694" lon="116.33780841453762">
        <ele>45.1</ele>
        <time>2026-07-23T11:27:04.311Z</time>
      </trkpt>
      <trkpt lat="40.07678392394504" lon="116.33779747169127">
        <ele>45.1</ele>
        <time>2026-07-23T11:27:05.311Z</time>
      </trkpt>
      <trkpt lat="40.07680344621699" lon="116.337785010724">
        <ele>45.1</ele>
        <time>2026-07-23T11:27:06.311Z</time>
      </trkpt>
      <trkpt lat="40.07682213413828" lon="116.33777131962741">
        <ele>45.1</ele>
        <time>2026-07-23T11:27:07.311Z</time>
      </trkpt>
      <trkpt lat="40.0768403579464" lon="116.33775634068809">
        <ele>45.1</ele>
        <time>2026-07-23T11:27:08.311Z</time>
      </trkpt>
      <trkpt lat="40.076858188960415" lon="116.33773975708456">
        <ele>45.1</ele>
        <time>2026-07-23T11:27:09.311Z</time>
      </trkpt>
      <trkpt lat="40.076875431030274" lon="116.33772120150952">
        <ele>45.1</ele>
        <time>2026-07-23T11:27:10.311Z</time>
      </trkpt>
      <trkpt lat="40.07689216007696" lon="116.33770076135804">
        <ele>45.1</ele>
        <time>2026-07-23T11:27:11.311Z</time>
      </trkpt>
      <trkpt lat="40.07690842176801" lon="116.33767863704836">
        <ele>45.0</ele>
        <time>2026-07-23T11:27:12.311Z</time>
      </trkpt>
      <trkpt lat="40.07692389200408" lon="116.33765476638743">
        <ele>45.0</ele>
        <time>2026-07-23T11:27:13.311Z</time>
      </trkpt>
      <trkpt lat="40.07693846298393" lon="116.33762926952049">
        <ele>45.0</ele>
        <time>2026-07-23T11:27:14.311Z</time>
      </trkpt>
      <trkpt lat="40.076952072696685" lon="116.33760256224313">
        <ele>45.0</ele>
        <time>2026-07-23T11:27:15.311Z</time>
      </trkpt>
      <trkpt lat="40.07696450179522" lon="116.33757486543114">
        <ele>45.0</ele>
        <time>2026-07-23T11:27:16.310Z</time>
      </trkpt>
      <trkpt lat="40.076975603829595" lon="116.33754625500157">
        <ele>45.0</ele>
        <time>2026-07-23T11:27:17.311Z</time>
      </trkpt>
      <trkpt lat="40.07698515876625" lon="116.33751702426905">
        <ele>45.0</ele>
        <time>2026-07-23T11:27:18.311Z</time>
      </trkpt>
      <trkpt lat="40.07699310486667" lon="116.33748727103118">
        <ele>45.0</ele>
        <time>2026-07-23T11:27:19.311Z</time>
      </trkpt>
      <trkpt lat="40.07699978212711" lon="116.33745722814118">
        <ele>45.0</ele>
        <time>2026-07-23T11:27:20.311Z</time>
      </trkpt>
      <trkpt lat="40.07700559705152" lon="116.33742706414876">
        <ele>45.0</ele>
        <time>2026-07-23T11:27:21.311Z</time>
      </trkpt>
      <trkpt lat="40.07701011629295" lon="116.33739662130024">
        <ele>45.1</ele>
        <time>2026-07-23T11:27:22.311Z</time>
      </trkpt>
      <trkpt lat="40.07701318080416" lon="116.33736574343588">
        <ele>45.1</ele>
        <time>2026-07-23T11:27:23.311Z</time>
      </trkpt>
      <trkpt lat="40.077015007451536" lon="116.33733447593163">
        <ele>45.1</ele>
        <time>2026-07-23T11:27:24.310Z</time>
      </trkpt>
      <trkpt lat="40.07701552248018" lon="116.33730292830384">
        <ele>45.2</ele>
        <time>2026-07-23T11:27:25.311Z</time>
      </trkpt>
      <trkpt lat="40.0770148361767" lon="116.33727150831949">
        <ele>45.2</ele>
        <time>2026-07-23T11:27:26.311Z</time>
      </trkpt>
      <trkpt lat="40.077012516575174" lon="116.33724036494033">
        <ele>45.2</ele>
        <time>2026-07-23T11:27:27.311Z</time>
      </trkpt>
      <trkpt lat="40.07700785238179" lon="116.3372096262491">
        <ele>45.3</ele>
        <time>2026-07-23T11:27:28.311Z</time>
      </trkpt>
      <trkpt lat="40.07700109860166" lon="116.33717960994026">
        <ele>45.3</ele>
        <time>2026-07-23T11:27:29.311Z</time>
      </trkpt>
      <trkpt lat="40.07699275789296" lon="116.33715044673063">
        <ele>45.3</ele>
        <time>2026-07-23T11:27:30.311Z</time>
      </trkpt>
      <trkpt lat="40.076982823500416" lon="116.33712230348503">
        <ele>45.4</ele>
        <time>2026-07-23T11:27:31.311Z</time>
      </trkpt>
      <trkpt lat="40.07697140301616" lon="116.33709525474826">
        <ele>45.4</ele>
        <time>2026-07-23T11:27:32.311Z</time>
      </trkpt>
      <trkpt lat="40.076958929976165" lon="116.3370691365677">
        <ele>45.4</ele>
        <time>2026-07-23T11:27:33.311Z</time>
      </trkpt>
      <trkpt lat="40.07694584755859" lon="116.33704359762766">
        <ele>45.4</ele>
        <time>2026-07-23T11:27:34.311Z</time>
      </trkpt>
      <trkpt lat="40.07693236770826" lon="116.33701832968801">
        <ele>45.5</ele>
        <time>2026-07-23T11:27:35.311Z</time>
      </trkpt>
      <trkpt lat="40.07691779369064" lon="116.33699392516863">
        <ele>45.5</ele>
        <time>2026-07-23T11:27:36.311Z</time>
      </trkpt>
      <trkpt lat="40.076901424694256" lon="116.3369712491732">
        <ele>45.5</ele>
        <time>2026-07-23T11:27:37.311Z</time>
      </trkpt>
      <trkpt lat="40.07688338470566" lon="116.33695051123556">
        <ele>45.5</ele>
        <time>2026-07-23T11:27:38.311Z</time>
      </trkpt>
      <trkpt lat="40.07686388954861" lon="116.33693164804012">
        <ele>45.5</ele>
        <time>2026-07-23T11:27:39.311Z</time>
      </trkpt>
      <trkpt lat="40.07684333710528" lon="116.33691468073658">
        <ele>45.5</ele>
        <time>2026-07-23T11:27:40.311Z</time>
      </trkpt>
      <trkpt lat="40.07682219386441" lon="116.3368997059192">
        <ele>45.5</ele>
        <time>2026-07-23T11:27:41.311Z</time>
      </trkpt>
      <trkpt lat="40.076800837964555" lon="116.33688628691839">
        <ele>45.4</ele>
        <time>2026-07-23T11:27:42.311Z</time>
      </trkpt>
      <trkpt lat="40.07677972706688" lon="116.33687322229784">
        <ele>45.4</ele>
        <time>2026-07-23T11:27:43.311Z</time>
      </trkpt>
      <trkpt lat="40.07675848080484" lon="116.33686094495147">
        <ele>45.4</ele>
        <time>2026-07-23T11:27:44.311Z</time>
      </trkpt>
      <trkpt lat="40.07673662026957" lon="116.3368499108515">
        <ele>45.4</ele>
        <time>2026-07-23T11:27:45.311Z</time>
      </trkpt>
      <trkpt lat="40.07671407550645" lon="116.33683979221672">
        <ele>45.4</ele>
        <time>2026-07-23T11:27:46.310Z</time>
      </trkpt>
      <trkpt lat="40.07669064789012" lon="116.33683101808676">
        <ele>45.4</ele>
        <time>2026-07-23T11:27:47.311Z</time>
      </trkpt>
      <trkpt lat="40.076666788464856" lon="116.33682354421519">
        <ele>45.4</ele>
        <time>2026-07-23T11:27:48.310Z</time>
      </trkpt>
      <trkpt lat="40.07664281133368" lon="116.33681856126569">
        <ele>45.4</ele>
        <time>2026-07-23T11:27:49.311Z</time>
      </trkpt>
      <trkpt lat="40.07661896136351" lon="116.33681668133137">
        <ele>45.4</ele>
        <time>2026-07-23T11:27:50.311Z</time>
      </trkpt>
      <trkpt lat="40.076595460838746" lon="116.33681665879597">
        <ele>45.4</ele>
        <time>2026-07-23T11:27:51.311Z</time>
      </trkpt>
      <trkpt lat="40.076572421577616" lon="116.33681794941414">
        <ele>45.4</ele>
        <time>2026-07-23T11:27:52.311Z</time>
      </trkpt>
      <trkpt lat="40.0765498305408" lon="116.33681991531418">
        <ele>45.4</ele>
        <time>2026-07-23T11:27:53.311Z</time>
      </trkpt>
      <trkpt lat="40.07652767818489" lon="116.33682210409917">
        <ele>45.4</ele>
        <time>2026-07-23T11:27:54.311Z</time>
      </trkpt>
      <trkpt lat="40.07650579604194" lon="116.3368245837916">
        <ele>45.4</ele>
        <time>2026-07-23T11:27:55.310Z</time>
      </trkpt>
      <trkpt lat="40.07648393130707" lon="116.33682742986888">
        <ele>45.4</ele>
        <time>2026-07-23T11:27:56.311Z</time>
      </trkpt>
      <trkpt lat="40.0764618512332" lon="116.33683080500514">
        <ele>45.4</ele>
        <time>2026-07-23T11:27:57.310Z</time>
      </trkpt>
      <trkpt lat="40.07643951489413" lon="116.33683459470865">
        <ele>45.5</ele>
        <time>2026-07-23T11:27:58.310Z</time>
      </trkpt>
      <trkpt lat="40.07641712027872" lon="116.33683905990581">
        <ele>45.5</ele>
        <time>2026-07-23T11:27:59.311Z</time>
      </trkpt>
      <trkpt lat="40.07639457735007" lon="116.33684317043222">
        <ele>45.5</ele>
        <time>2026-07-23T11:28:00.310Z</time>
      </trkpt>
      <trkpt lat="40.076371642195056" lon="116.3368453509018">
        <ele>45.5</ele>
        <time>2026-07-23T11:28:01.311Z</time>
      </trkpt>
      <trkpt lat="40.076348462536394" lon="116.33684599084114">
        <ele>45.5</ele>
        <time>2026-07-23T11:28:02.311Z</time>
      </trkpt>
      <trkpt lat="40.07632518684794" lon="116.33684611069637">
        <ele>45.5</ele>
        <time>2026-07-23T11:28:03.310Z</time>
      </trkpt>
      <trkpt lat="40.07630178674501" lon="116.33684595504836">
        <ele>45.5</ele>
        <time>2026-07-23T11:28:04.311Z</time>
      </trkpt>
      <trkpt lat="40.07627818307211" lon="116.33684572478198">
        <ele>45.6</ele>
        <time>2026-07-23T11:28:05.310Z</time>
      </trkpt>
      <trkpt lat="40.07625432337695" lon="116.33684602713737">
        <ele>45.6</ele>
        <time>2026-07-23T11:28:06.311Z</time>
      </trkpt>
      <trkpt lat="40.07623031400594" lon="116.33684708480246">
        <ele>45.6</ele>
        <time>2026-07-23T11:28:07.311Z</time>
      </trkpt>
      <trkpt lat="40.07620626551371" lon="116.33684865218645">
        <ele>45.6</ele>
        <time>2026-07-23T11:28:08.310Z</time>
      </trkpt>
      <trkpt lat="40.07618224296409" lon="116.3368504761415">
        <ele>45.6</ele>
        <time>2026-07-23T11:28:09.311Z</time>
      </trkpt>
      <trkpt lat="40.07615816040831" lon="116.33685193678224">
        <ele>45.7</ele>
        <time>2026-07-23T11:28:10.310Z</time>
      </trkpt>
      <trkpt lat="40.0761339202468" lon="116.33685335318029">
        <ele>45.7</ele>
        <time>2026-07-23T11:28:11.311Z</time>
      </trkpt>
      <trkpt lat="40.0761096147198" lon="116.33685584605523">
        <ele>45.7</ele>
        <time>2026-07-23T11:28:12.310Z</time>
      </trkpt>
      <trkpt lat="40.0760853925977" lon="116.33685948089433">
        <ele>45.7</ele>
        <time>2026-07-23T11:28:13.310Z</time>
      </trkpt>
      <trkpt lat="40.076061577996064" lon="116.33686427245459">
        <ele>45.7</ele>
        <time>2026-07-23T11:28:14.310Z</time>
      </trkpt>
      <trkpt lat="40.0760382405375" lon="116.33686977367711">
        <ele>45.8</ele>
        <time>2026-07-23T11:28:15.310Z</time>
      </trkpt>
      <trkpt lat="40.07601533295022" lon="116.33687565077263">
        <ele>45.8</ele>
        <time>2026-07-23T11:28:16.310Z</time>
      </trkpt>
      <trkpt lat="40.07599264806407" lon="116.33688125194318">
        <ele>45.8</ele>
        <time>2026-07-23T11:28:17.310Z</time>
      </trkpt>
      <trkpt lat="40.07596993718542" lon="116.33688571528552">
        <ele>45.8</ele>
        <time>2026-07-23T11:28:18.310Z</time>
      </trkpt>
      <trkpt lat="40.07594707191486" lon="116.33688890905731">
        <ele>45.8</ele>
        <time>2026-07-23T11:28:19.310Z</time>
      </trkpt>
      <trkpt lat="40.07592396353597" lon="116.33689144348017">
        <ele>45.9</ele>
        <time>2026-07-23T11:28:20.310Z</time>
      </trkpt>
      <trkpt lat="40.07590057475099" lon="116.33689402549214">
        <ele>45.9</ele>
        <time>2026-07-23T11:28:21.310Z</time>
      </trkpt>
      <trkpt lat="40.07587687093707" lon="116.33689652995176">
        <ele>45.9</ele>
        <time>2026-07-23T11:28:22.310Z</time>
      </trkpt>
      <trkpt lat="40.07585289558903" lon="116.33689880677386">
        <ele>45.9</ele>
        <time>2026-07-23T11:28:23.310Z</time>
      </trkpt>
      <trkpt lat="40.07582879712219" lon="116.33690132607335">
        <ele>46.0</ele>
        <time>2026-07-23T11:28:24.310Z</time>
      </trkpt>
      <trkpt lat="40.075804773066416" lon="116.3369052471002">
        <ele>46.0</ele>
        <time>2026-07-23T11:28:25.310Z</time>
      </trkpt>
      <trkpt lat="40.075780984110665" lon="116.33691158518508">
        <ele>46.0</ele>
        <time>2026-07-23T11:28:26.310Z</time>
      </trkpt>
      <trkpt lat="40.07575744559644" lon="116.33692036065472">
        <ele>46.1</ele>
        <time>2026-07-23T11:28:27.310Z</time>
      </trkpt>
      <trkpt lat="40.075734284469085" lon="116.33693101819468">
        <ele>46.1</ele>
        <time>2026-07-23T11:28:28.310Z</time>
      </trkpt>
      <trkpt lat="40.07571159036601" lon="116.3369432946082">
        <ele>46.1</ele>
        <time>2026-07-23T11:28:29.310Z</time>
      </trkpt>
      <trkpt lat="40.075689264943044" lon="116.33695681161994">
        <ele>46.2</ele>
        <time>2026-07-23T11:28:30.310Z</time>
      </trkpt>
      <trkpt lat="40.07566729723264" lon="116.33697122139701">
        <ele>46.2</ele>
        <time>2026-07-23T11:28:31.310Z</time>
      </trkpt>
      <trkpt lat="40.075646126346626" lon="116.33698714443908">
        <ele>46.2</ele>
        <time>2026-07-23T11:28:32.310Z</time>
      </trkpt>
      <trkpt lat="40.07562599839942" lon="116.33700497035922">
        <ele>46.3</ele>
        <time>2026-07-23T11:28:33.310Z</time>
      </trkpt>
      <trkpt lat="40.075607028093" lon="116.33702466860932">
        <ele>46.3</ele>
        <time>2026-07-23T11:28:34.310Z</time>
      </trkpt>
      <trkpt lat="40.07558942427972" lon="116.33704642135507">
        <ele>46.4</ele>
        <time>2026-07-23T11:28:35.310Z</time>
      </trkpt>
      <trkpt lat="40.07557304246713" lon="116.33706982360724">
        <ele>46.4</ele>
        <time>2026-07-23T11:28:36.310Z</time>
      </trkpt>
      <trkpt lat="40.07555814946756" lon="116.33709486533667">
        <ele>46.4</ele>
        <time>2026-07-23T11:28:37.310Z</time>
      </trkpt>
      <trkpt lat="40.07554532042686" lon="116.3371215200495">
        <ele>46.5</ele>
        <time>2026-07-23T11:28:38.310Z</time>
      </trkpt>
      <trkpt lat="40.07553456103287" lon="116.33714927489609">
        <ele>46.5</ele>
        <time>2026-07-23T11:28:39.310Z</time>
      </trkpt>
      <trkpt lat="40.07552536808455" lon="116.33717750808813">
        <ele>46.5</ele>
        <time>2026-07-23T11:28:40.310Z</time>
      </trkpt>
      <trkpt lat="40.07551747587733" lon="116.33720586283559">
        <ele>46.6</ele>
        <time>2026-07-23T11:28:41.310Z</time>
      </trkpt>
      <trkpt lat="40.0755108343467" lon="116.33723455515396">
        <ele>46.6</ele>
        <time>2026-07-23T11:28:42.311Z</time>
      </trkpt>
      <trkpt lat="40.07550524259104" lon="116.33726390650801">
        <ele>46.6</ele>
        <time>2026-07-23T11:28:43.310Z</time>
      </trkpt>
      <trkpt lat="40.075500411487454" lon="116.33729415109839">
        <ele>46.6</ele>
        <time>2026-07-23T11:28:44.310Z</time>
      </trkpt>
      <trkpt lat="40.075496624359744" lon="116.33732508449403">
        <ele>46.6</ele>
        <time>2026-07-23T11:28:45.310Z</time>
      </trkpt>
      <trkpt lat="40.07549419783143" lon="116.33735635179514">
        <ele>46.6</ele>
        <time>2026-07-23T11:28:46.310Z</time>
      </trkpt>
      <trkpt lat="40.07549287481214" lon="116.33738756634365">
        <ele>46.7</ele>
        <time>2026-07-23T11:28:47.310Z</time>
      </trkpt>
      <trkpt lat="40.075492715784115" lon="116.33741851599488">
        <ele>46.7</ele>
        <time>2026-07-23T11:28:48.310Z</time>
      </trkpt>
      <trkpt lat="40.07549369708427" lon="116.33744917428801">
        <ele>46.7</ele>
        <time>2026-07-23T11:28:49.310Z</time>
      </trkpt>
      <trkpt lat="40.07549570218977" lon="116.33747966996928">
        <ele>46.7</ele>
        <time>2026-07-23T11:28:50.310Z</time>
      </trkpt>
      <trkpt lat="40.07549951080065" lon="116.33751009238854">
        <ele>46.7</ele>
        <time>2026-07-23T11:28:51.310Z</time>
      </trkpt>
      <trkpt lat="40.0755052027588" lon="116.33754047991093">
        <ele>46.7</ele>
        <time>2026-07-23T11:28:52.310Z</time>
      </trkpt>
      <trkpt lat="40.07551219210146" lon="116.33757053864001">
        <ele>46.7</ele>
        <time>2026-07-23T11:28:53.310Z</time>
      </trkpt>
      <trkpt lat="40.07552054443921" lon="116.33759994947907">
        <ele>46.7</ele>
        <time>2026-07-23T11:28:54.310Z</time>
      </trkpt>
      <trkpt lat="40.07553031237734" lon="116.33762846818398">
        <ele>46.7</ele>
        <time>2026-07-23T11:28:55.310Z</time>
      </trkpt>
      <trkpt lat="40.07554158142997" lon="116.33765564699857">
        <ele>46.6</ele>
        <time>2026-07-23T11:28:56.310Z</time>
      </trkpt>
      <trkpt lat="40.075554182931064" lon="116.33768119460082">
        <ele>46.6</ele>
        <time>2026-07-23T11:28:57.310Z</time>
      </trkpt>
      <trkpt lat="40.07556826030649" lon="116.33770489262112">
        <ele>46.6</ele>
        <time>2026-07-23T11:28:58.310Z</time>
      </trkpt>
      <trkpt lat="40.07558389109285" lon="116.33772680710402">
        <ele>46.6</ele>
        <time>2026-07-23T11:28:59.310Z</time>
      </trkpt>
      <trkpt lat="40.07560051311981" lon="116.33774711172376">
        <ele>46.6</ele>
        <time>2026-07-23T11:29:00.310Z</time>
      </trkpt>
      <trkpt lat="40.0756176505791" lon="116.33776546129937">
        <ele>46.6</ele>
        <time>2026-07-23T11:29:01.310Z</time>
      </trkpt>
      <trkpt lat="40.075635009631114" lon="116.33778187102446">
        <ele>46.5</ele>
        <time>2026-07-23T11:29:02.310Z</time>
      </trkpt>
      <trkpt lat="40.07565264053798" lon="116.3377966012204">
        <ele>46.5</ele>
        <time>2026-07-23T11:29:03.310Z</time>
      </trkpt>
      <trkpt lat="40.07567059987043" lon="116.33780994841868">
        <ele>46.5</ele>
        <time>2026-07-23T11:29:04.310Z</time>
      </trkpt>
      <trkpt lat="40.075689019495144" lon="116.33782246161515">
        <ele>46.4</ele>
        <time>2026-07-23T11:29:05.310Z</time>
      </trkpt>
      <trkpt lat="40.07570814258437" lon="116.3378344523801">
        <ele>46.4</ele>
        <time>2026-07-23T11:29:06.310Z</time>
      </trkpt>
      <trkpt lat="40.07572817441831" lon="116.33784506732262">
        <ele>46.4</ele>
        <time>2026-07-23T11:29:07.310Z</time>
      </trkpt>
      <trkpt lat="40.07574921165942" lon="116.33785343837948">
        <ele>46.3</ele>
        <time>2026-07-23T11:29:08.310Z</time>
      </trkpt>
      <trkpt lat="40.075771070918734" lon="116.33785970731066">
        <ele>46.3</ele>
        <time>2026-07-23T11:29:09.310Z</time>
      </trkpt>
      <trkpt lat="40.07579342567926" lon="116.33786403896522">
        <ele>46.3</ele>
        <time>2026-07-23T11:29:10.310Z</time>
      </trkpt>
      <trkpt lat="40.075815969826486" lon="116.33786651078654">
        <ele>46.2</ele>
        <time>2026-07-23T11:29:11.310Z</time>
      </trkpt>
      <trkpt lat="40.0758384581892" lon="116.33786719467933">
        <ele>46.2</ele>
        <time>2026-07-23T11:29:12.310Z</time>
      </trkpt>
      <trkpt lat="40.07586070902356" lon="116.33786655694955">
        <ele>46.1</ele>
        <time>2026-07-23T11:29:13.310Z</time>
      </trkpt>
      <trkpt lat="40.07588275106164" lon="116.33786496934133">
        <ele>46.1</ele>
        <time>2026-07-23T11:29:14.310Z</time>
      </trkpt>
      <trkpt lat="40.07590475650953" lon="116.33786201755281">
        <ele>46.0</ele>
        <time>2026-07-23T11:29:15.310Z</time>
      </trkpt>
      <trkpt lat="40.07592690573859" lon="116.33785777246356">
        <ele>46.0</ele>
        <time>2026-07-23T11:29:16.310Z</time>
      </trkpt>
      <trkpt lat="40.07594928159185" lon="116.3378537119684">
        <ele>45.9</ele>
        <time>2026-07-23T11:29:17.309Z</time>
      </trkpt>
      <trkpt lat="40.07597178836343" lon="116.33785022974554">
        <ele>45.9</ele>
        <time>2026-07-23T11:29:18.310Z</time>
      </trkpt>
      <trkpt lat="40.07599441657142" lon="116.33784648960066">
        <ele>45.9</ele>
        <time>2026-07-23T11:29:19.310Z</time>
      </trkpt>
      <trkpt lat="40.076017206194074" lon="116.33784260557586">
        <ele>45.8</ele>
        <time>2026-07-23T11:29:20.310Z</time>
      </trkpt>
      <trkpt lat="40.07604001512302" lon="116.33783928004232">
        <ele>45.8</ele>
        <time>2026-07-23T11:29:21.310Z</time>
      </trkpt>
      <trkpt lat="40.07606264518545" lon="116.33783699800853">
        <ele>45.7</ele>
        <time>2026-07-23T11:29:22.310Z</time>
      </trkpt>
      <trkpt lat="40.07608503534809" lon="116.33783608372553">
        <ele>45.7</ele>
        <time>2026-07-23T11:29:23.310Z</time>
      </trkpt>
      <trkpt lat="40.07610713144333" lon="116.33783612224524">
        <ele>45.6</ele>
        <time>2026-07-23T11:29:24.310Z</time>
      </trkpt>
      <trkpt lat="40.076128935765546" lon="116.33783672810665">
        <ele>45.6</ele>
        <time>2026-07-23T11:29:25.310Z</time>
      </trkpt>
      <trkpt lat="40.076150486155285" lon="116.33783801956122">
        <ele>45.6</ele>
        <time>2026-07-23T11:29:26.310Z</time>
      </trkpt>
      <trkpt lat="40.076171903163726" lon="116.33783944735568">
        <ele>45.5</ele>
        <time>2026-07-23T11:29:27.310Z</time>
      </trkpt>
      <trkpt lat="40.07619334892777" lon="116.33784053397876">
        <ele>45.5</ele>
        <time>2026-07-23T11:29:28.310Z</time>
      </trkpt>
      <trkpt lat="40.076215020683364" lon="116.33784140102804">
        <ele>45.4</ele>
        <time>2026-07-23T11:29:29.310Z</time>
      </trkpt>
      <trkpt lat="40.07623692108222" lon="116.33784182586153">
        <ele>45.4</ele>
        <time>2026-07-23T11:29:30.310Z</time>
      </trkpt>
      <trkpt lat="40.07625885352059" lon="116.33784170428832">
        <ele>45.4</ele>
        <time>2026-07-23T11:29:31.310Z</time>
      </trkpt>
      <trkpt lat="40.076280572198044" lon="116.33784084788863">
        <ele>45.3</ele>
        <time>2026-07-23T11:29:32.310Z</time>
      </trkpt>
      <trkpt lat="40.076302186479715" lon="116.33783901059256">
        <ele>45.3</ele>
        <time>2026-07-23T11:29:33.310Z</time>
        <extensions>
          <gpxtpx:TrackPointExtension>
            <gpxtpx:hr>167</gpxtpx:hr>
          </gpxtpx:TrackPointExtension>
        </extensions>
      </trkpt>
      <trkpt lat="40.076323855270395" lon="116.3378369804237">
        <ele>45.3</ele>
        <time>2026-07-23T11:29:34.310Z</time>
        <extensions>
          <gpxtpx:TrackPointExtension>
            <gpxtpx:hr>167</gpxtpx:hr>
          </gpxtpx:TrackPointExtension>
        </extensions>
      </trkpt>
      <trkpt lat="40.076345555984275" lon="116.33783515094923">
        <ele>45.2</ele>
        <time>2026-07-23T11:29:35.310Z</time>
        <extensions>
          <gpxtpx:TrackPointExtension>
            <gpxtpx:hr>167</gpxtpx:hr>
          </gpxtpx:TrackPointExtension>
        </extensions>
      </trkpt>
      <trkpt lat="40.07636731811528" lon="116.33783375287541">
        <ele>45.2</ele>
        <time>2026-07-23T11:29:36.310Z</time>
        <extensions>
          <gpxtpx:TrackPointExtension>
            <gpxtpx:hr>167</gpxtpx:hr>
          </gpxtpx:TrackPointExtension>
        </extensions>
      </trkpt>
      <trkpt lat="40.07638926184917" lon="116.33783278162966">
        <ele>45.2</ele>
        <time>2026-07-23T11:29:37.310Z</time>
        <extensions>
          <gpxtpx:TrackPointExtension>
            <gpxtpx:hr>167</gpxtpx:hr>
          </gpxtpx:TrackPointExtension>
        </extensions>
      </trkpt>
      <trkpt lat="40.076411358743776" lon="116.33783144307306">
        <ele>45.1</ele>
        <time>2026-07-23T11:29:38.310Z</time>
        <extensions>
          <gpxtpx:TrackPointExtension>
            <gpxtpx:hr>167</gpxtpx:hr>
          </gpxtpx:TrackPointExtension>
        </extensions>
      </trkpt>
      <trkpt lat="40.07643363238173" lon="116.33782961854143">
        <ele>45.1</ele>
        <time>2026-07-23T11:29:39.310Z</time>
        <extensions>
          <gpxtpx:TrackPointExtension>
            <gpxtpx:hr>167</gpxtpx:hr>
          </gpxtpx:TrackPointExtension>
        </extensions>
      </trkpt>
      <trkpt lat="40.076456109273174" lon="116.3378279960869">
        <ele>45.1</ele>
        <time>2026-07-23T11:29:40.310Z</time>
        <extensions>
          <gpxtpx:TrackPointExtension>
            <gpxtpx:hr>167</gpxtpx:hr>
          </gpxtpx:TrackPointExtension>
        </extensions>
      </trkpt>
      <trkpt lat="40.07647863797149" lon="116.33782667881901">
        <ele>45.1</ele>
        <time>2026-07-23T11:29:41.309Z</time>
        <extensions>
          <gpxtpx:TrackPointExtension>
            <gpxtpx:hr>167</gpxtpx:hr>
          </gpxtpx:TrackPointExtension>
        </extensions>
      </trkpt>
      <trkpt lat="40.07650107165651" lon="116.33782575622402">
        <ele>45.1</ele>
        <time>2026-07-23T11:29:42.310Z</time>
        <extensions>
          <gpxtpx:TrackPointExtension>
            <gpxtpx:hr>167</gpxtpx:hr>
          </gpxtpx:TrackPointExtension>
        </extensions>
      </trkpt>
      <trkpt lat="40.076523335436455" lon="116.33782563529752">
        <ele>45.1</ele>
        <time>2026-07-23T11:29:43.310Z</time>
        <extensions>
          <gpxtpx:TrackPointExtension>
            <gpxtpx:hr>167</gpxtpx:hr>
          </gpxtpx:TrackPointExtension>
        </extensions>
      </trkpt>
      <trkpt lat="40.076545525252214" lon="116.33782558176772">
        <ele>45.0</ele>
        <time>2026-07-23T11:29:44.310Z</time>
        <extensions>
          <gpxtpx:TrackPointExtension>
            <gpxtpx:hr>167</gpxtpx:hr>
          </gpxtpx:TrackPointExtension>
        </extensions>
      </trkpt>
      <trkpt lat="40.07656770391959" lon="116.33782503992884">
        <ele>45.0</ele>
        <time>2026-07-23T11:29:45.310Z</time>
        <extensions>
          <gpxtpx:TrackPointExtension>
            <gpxtpx:hr>167</gpxtpx:hr>
          </gpxtpx:TrackPointExtension>
        </extensions>
      </trkpt>
      <trkpt lat="40.07658969928362" lon="116.33782406786744">
        <ele>45.0</ele>
        <time>2026-07-23T11:29:46.309Z</time>
        <extensions>
          <gpxtpx:TrackPointExtension>
            <gpxtpx:hr>167</gpxtpx:hr>
          </gpxtpx:TrackPointExtension>
        </extensions>
      </trkpt>
      <trkpt lat="40.076611239596765" lon="116.33782314252267">
        <ele>45.0</ele>
        <time>2026-07-23T11:29:47.310Z</time>
        <extensions>
          <gpxtpx:TrackPointExtension>
            <gpxtpx:hr>167</gpxtpx:hr>
          </gpxtpx:TrackPointExtension>
        </extensions>
      </trkpt>
      <trkpt lat="40.07663234296888" lon="116.33782267078331">
        <ele>45.0</ele>
        <time>2026-07-23T11:29:48.310Z</time>
        <extensions>
          <gpxtpx:TrackPointExtension>
            <gpxtpx:hr>167</gpxtpx:hr>
          </gpxtpx:TrackPointExtension>
        </extensions>
      </trkpt>
      <trkpt lat="40.076653151921064" lon="116.33782230199179">
        <ele>45.0</ele>
        <time>2026-07-23T11:29:49.310Z</time>
        <extensions>
          <gpxtpx:TrackPointExtension>
            <gpxtpx:hr>167</gpxtpx:hr>
          </gpxtpx:TrackPointExtension>
        </extensions>
      </trkpt>
      <trkpt lat="40.07667377455421" lon="116.337821837596">
        <ele>45.0</ele>
        <time>2026-07-23T11:29:50.310Z</time>
        <extensions>
          <gpxtpx:TrackPointExtension>
            <gpxtpx:hr>167</gpxtpx:hr>
          </gpxtpx:TrackPointExtension>
        </extensions>
      </trkpt>
      <trkpt lat="40.07669440403161" lon="116.33782082463749">
        <ele>45.0</ele>
        <time>2026-07-23T11:29:51.310Z</time>
        <extensions>
          <gpxtpx:TrackPointExtension>
            <gpxtpx:hr>167</gpxtpx:hr>
          </gpxtpx:TrackPointExtension>
        </extensions>
      </trkpt>
      <trkpt lat="40.07671529031554" lon="116.3378183393185">
        <ele>45.0</ele>
        <time>2026-07-23T11:29:52.310Z</time>
        <extensions>
          <gpxtpx:TrackPointExtension>
            <gpxtpx:hr>167</gpxtpx:hr>
          </gpxtpx:TrackPointExtension>
        </extensions>
      </trkpt>
      <trkpt lat="40.076736402364624" lon="116.33781405855582">
        <ele>45.0</ele>
        <time>2026-07-23T11:29:53.310Z</time>
        <extensions>
          <gpxtpx:TrackPointExtension>
            <gpxtpx:hr>167</gpxtpx:hr>
          </gpxtpx:TrackPointExtension>
        </extensions>
      </trkpt>
      <trkpt lat="40.07675751849668" lon="116.3378076524527">
        <ele>45.0</ele>
        <time>2026-07-23T11:29:54.309Z</time>
        <extensions>
          <gpxtpx:TrackPointExtension>
            <gpxtpx:hr>167</gpxtpx:hr>
          </gpxtpx:TrackPointExtension>
        </extensions>
      </trkpt>
      <trkpt lat="40.07677829330562" lon="116.33779808919172">
        <ele>45.0</ele>
        <time>2026-07-23T11:29:55.309Z</time>
        <extensions>
          <gpxtpx:TrackPointExtension>
            <gpxtpx:hr>167</gpxtpx:hr>
          </gpxtpx:TrackPointExtension>
        </extensions>
      </trkpt>
      <trkpt lat="40.07679863529987" lon="116.33778550425937">
        <ele>45.0</ele>
        <time>2026-07-23T11:29:56.310Z</time>
        <extensions>
          <gpxtpx:TrackPointExtension>
            <gpxtpx:hr>167</gpxtpx:hr>
          </gpxtpx:TrackPointExtension>
        </extensions>
      </trkpt>
      <trkpt lat="40.076818484409976" lon="116.33777080083377">
        <ele>45.0</ele>
        <time>2026-07-23T11:29:57.310Z</time>
        <extensions>
          <gpxtpx:TrackPointExtension>
            <gpxtpx:hr>167</gpxtpx:hr>
          </gpxtpx:TrackPointExtension>
        </extensions>
      </trkpt>
      <trkpt lat="40.076837338530375" lon="116.33775372926628">
        <ele>45.0</ele>
        <time>2026-07-23T11:29:58.309Z</time>
        <extensions>
          <gpxtpx:TrackPointExtension>
            <gpxtpx:hr>167</gpxtpx:hr>
          </gpxtpx:TrackPointExtension>
        </extensions>
      </trkpt>
      <trkpt lat="40.07685499092721" lon="116.33773437876596">
        <ele>45.1</ele>
        <time>2026-07-23T11:29:59.310Z</time>
        <extensions>
          <gpxtpx:TrackPointExtension>
            <gpxtpx:hr>167</gpxtpx:hr>
          </gpxtpx:TrackPointExtension>
        </extensions>
      </trkpt>
      <trkpt lat="40.07687192816046" lon="116.33771369918902">
        <ele>45.1</ele>
        <time>2026-07-23T11:30:00.309Z</time>
        <extensions>
          <gpxtpx:TrackPointExtension>
            <gpxtpx:hr>167</gpxtpx:hr>
          </gpxtpx:TrackPointExtension>
        </extensions>
      </trkpt>
      <trkpt lat="40.07688903460552" lon="116.33769281270983">
        <ele>45.1</ele>
        <time>2026-07-23T11:30:01.309Z</time>
        <extensions>
          <gpxtpx:TrackPointExtension>
            <gpxtpx:hr>167</gpxtpx:hr>
          </gpxtpx:TrackPointExtension>
        </extensions>
      </trkpt>
      <trkpt lat="40.07690596635447" lon="116.3376712572101">
        <ele>45.1</ele>
        <time>2026-07-23T11:30:02.309Z</time>
        <extensions>
          <gpxtpx:TrackPointExtension>
            <gpxtpx:hr>167</gpxtpx:hr>
          </gpxtpx:TrackPointExtension>
        </extensions>
      </trkpt>
      <trkpt lat="40.076921766391486" lon="116.3376478883695">
        <ele>45.1</ele>
        <time>2026-07-23T11:30:03.309Z</time>
      </trkpt>
      <trkpt lat="40.07693635977843" lon="116.33762277786778">
        <ele>45.1</ele>
        <time>2026-07-23T11:30:04.309Z</time>
      </trkpt>
      <trkpt lat="40.076950018709624" lon="116.33759640240818">
        <ele>45.2</ele>
        <time>2026-07-23T11:30:05.309Z</time>
      </trkpt>
      <trkpt lat="40.076962679125856" lon="116.33756889884515">
        <ele>45.2</ele>
        <time>2026-07-23T11:30:06.309Z</time>
      </trkpt>
      <trkpt lat="40.0769742404789" lon="116.33754027521294">
        <ele>45.2</ele>
        <time>2026-07-23T11:30:07.309Z</time>
      </trkpt>
      <trkpt lat="40.0769844939702" lon="116.3375107080845">
        <ele>45.2</ele>
        <time>2026-07-23T11:30:08.309Z</time>
      </trkpt>
      <trkpt lat="40.07699261279667" lon="116.33748026863586">
        <ele>45.3</ele>
        <time>2026-07-23T11:30:09.309Z</time>
      </trkpt>
      <trkpt lat="40.07699846711006" lon="116.33744952095199">
        <ele>45.3</ele>
        <time>2026-07-23T11:30:10.309Z</time>
      </trkpt>
      <trkpt lat="40.07700266304151" lon="116.33741896693573">
        <ele>45.3</ele>
        <time>2026-07-23T11:30:11.309Z</time>
      </trkpt>
      <trkpt lat="40.077005175710774" lon="116.33738871148812">
        <ele>45.3</ele>
        <time>2026-07-23T11:30:12.309Z</time>
      </trkpt>
      <trkpt lat="40.07700605169943" lon="116.3373587083689">
        <ele>45.4</ele>
        <time>2026-07-23T11:30:13.309Z</time>
      </trkpt>
      <trkpt lat="40.07700527333041" lon="116.33732883540964">
        <ele>45.4</ele>
        <time>2026-07-23T11:30:14.310Z</time>
      </trkpt>
      <trkpt lat="40.07700254955656" lon="116.33729876804833">
        <ele>45.4</ele>
        <time>2026-07-23T11:30:15.309Z</time>
      </trkpt>
      <trkpt lat="40.07699843434489" lon="116.33726855097026">
        <ele>45.5</ele>
        <time>2026-07-23T11:30:16.309Z</time>
      </trkpt>
      <trkpt lat="40.07699276324633" lon="116.3372388063163">
        <ele>45.5</ele>
        <time>2026-07-23T11:30:17.309Z</time>
      </trkpt>
      <trkpt lat="40.07698533694382" lon="116.33720976185383">
        <ele>45.5</ele>
        <time>2026-07-23T11:30:18.309Z</time>
      </trkpt>
      <trkpt lat="40.076976459983555" lon="116.33718140057665">
        <ele>45.6</ele>
        <time>2026-07-23T11:30:19.309Z</time>
      </trkpt>
      <trkpt lat="40.07696604382959" lon="116.33715405569968">
        <ele>45.6</ele>
        <time>2026-07-23T11:30:20.309Z</time>
      </trkpt>
      <trkpt lat="40.076953831081724" lon="116.33712815336982">
        <ele>45.6</ele>
        <time>2026-07-23T11:30:21.309Z</time>
      </trkpt>
      <trkpt lat="40.076939868716856" lon="116.33710382829146">
        <ele>45.7</ele>
        <time>2026-07-23T11:30:22.309Z</time>
      </trkpt>
      <trkpt lat="40.07692479947573" lon="116.33708073505386">
        <ele>45.7</ele>
        <time>2026-07-23T11:30:23.309Z</time>
      </trkpt>
      <trkpt lat="40.07690895398494" lon="116.33705852546667">
        <ele>45.7</ele>
        <time>2026-07-23T11:30:24.309Z</time>
      </trkpt>
      <trkpt lat="40.076892451428265" lon="116.3370371110182">
        <ele>45.7</ele>
        <time>2026-07-23T11:30:25.309Z</time>
      </trkpt>
      <trkpt lat="40.07687512022198" lon="116.33701690143128">
        <ele>45.7</ele>
        <time>2026-07-23T11:30:26.309Z</time>
      </trkpt>
      <trkpt lat="40.07685640969583" lon="116.33699886895232">
        <ele>45.7</ele>
        <time>2026-07-23T11:30:27.309Z</time>
      </trkpt>
      <trkpt lat="40.07683655662351" lon="116.3369825162919">
        <ele>45.7</ele>
        <time>2026-07-23T11:30:28.309Z</time>
      </trkpt>
      <trkpt lat="40.07681620500519" lon="116.33696695496798">
        <ele>45.8</ele>
        <time>2026-07-23T11:30:29.309Z</time>
      </trkpt>
      <trkpt lat="40.07679574540458" lon="116.3369515790104">
        <ele>45.8</ele>
        <time>2026-07-23T11:30:30.309Z</time>
      </trkpt>
      <trkpt lat="40.076775240074625" lon="116.3369362814277">
        <ele>45.8</ele>
        <time>2026-07-23T11:30:31.309Z</time>
      </trkpt>
      <trkpt lat="40.07675430664485" lon="116.33692218729188">
        <ele>45.8</ele>
        <time>2026-07-23T11:30:32.309Z</time>
      </trkpt>
      <trkpt lat="40.07673310525201" lon="116.33691001184961">
        <ele>45.8</ele>
        <time>2026-07-23T11:30:33.309Z</time>
      </trkpt>
      <trkpt lat="40.07671174242995" lon="116.33690008517897">
        <ele>45.8</ele>
        <time>2026-07-23T11:30:34.309Z</time>
      </trkpt>
      <trkpt lat="40.07669007741765" lon="116.33689220009428">
        <ele>45.8</ele>
        <time>2026-07-23T11:30:35.309Z</time>
      </trkpt>
      <trkpt lat="40.076668229553796" lon="116.33688553210753">
        <ele>45.8</ele>
        <time>2026-07-23T11:30:36.309Z</time>
      </trkpt>
      <trkpt lat="40.07664625395199" lon="116.33687967247437">
        <ele>45.8</ele>
        <time>2026-07-23T11:30:37.309Z</time>
      </trkpt>
      <trkpt lat="40.07662420790196" lon="116.33687515404559">
        <ele>45.8</ele>
        <time>2026-07-23T11:30:38.309Z</time>
      </trkpt>
      <trkpt lat="40.076602105147344" lon="116.33687248369829">
        <ele>45.8</ele>
        <time>2026-07-23T11:30:39.309Z</time>
      </trkpt>
      <trkpt lat="40.07657996716846" lon="116.33687110620403">
        <ele>45.8</ele>
        <time>2026-07-23T11:30:40.309Z</time>
      </trkpt>
      <trkpt lat="40.07655778679865" lon="116.33687092859668">
        <ele>45.8</ele>
        <time>2026-07-23T11:30:41.309Z</time>
      </trkpt>
      <trkpt lat="40.07653560623191" lon="116.33687192454853">
        <ele>45.8</ele>
        <time>2026-07-23T11:30:42.309Z</time>
      </trkpt>
      <trkpt lat="40.076513417573764" lon="116.33687387666714">
        <ele>45.8</ele>
        <time>2026-07-23T11:30:43.309Z</time>
      </trkpt>
      <trkpt lat="40.07649119774873" lon="116.33687695006518">
        <ele>45.8</ele>
        <time>2026-07-23T11:30:44.309Z</time>
      </trkpt>
      <trkpt lat="40.07646877146505" lon="116.33688034909714">
        <ele>45.8</ele>
        <time>2026-07-23T11:30:45.309Z</time>
      </trkpt>
      <trkpt lat="40.076446026052665" lon="116.33688351934602">
        <ele>45.8</ele>
        <time>2026-07-23T11:30:46.309Z</time>
      </trkpt>
      <trkpt lat="40.07642299059196" lon="116.33688660247007">
        <ele>45.8</ele>
        <time>2026-07-23T11:30:47.309Z</time>
      </trkpt>
      <trkpt lat="40.07639978943698" lon="116.33688953293428">
        <ele>45.8</ele>
        <time>2026-07-23T11:30:48.309Z</time>
      </trkpt>
      <trkpt lat="40.076376441025815" lon="116.33689191821571">
        <ele>45.8</ele>
        <time>2026-07-23T11:30:49.309Z</time>
      </trkpt>
      <trkpt lat="40.07635296012543" lon="116.3368939749211">
        <ele>45.8</ele>
        <time>2026-07-23T11:30:50.309Z</time>
      </trkpt>
      <trkpt lat="40.07632942956832" lon="116.33689606824356">
        <ele>45.8</ele>
        <time>2026-07-23T11:30:51.309Z</time>
      </trkpt>
      <trkpt lat="40.076306019190916" lon="116.33689838480474">
        <ele>45.8</ele>
        <time>2026-07-23T11:30:52.309Z</time>
      </trkpt>
      <trkpt lat="40.07628264150431" lon="116.33690029971288">
        <ele>45.8</ele>
        <time>2026-07-23T11:30:53.309Z</time>
      </trkpt>
      <trkpt lat="40.07625929691352" lon="116.33690151631967">
        <ele>45.8</ele>
        <time>2026-07-23T11:30:54.309Z</time>
      </trkpt>
      <trkpt lat="40.07623610425029" lon="116.33690314998492">
        <ele>45.8</ele>
        <time>2026-07-23T11:30:55.309Z</time>
      </trkpt>
      <trkpt lat="40.07621323404716" lon="116.33690508743138">
        <ele>45.7</ele>
        <time>2026-07-23T11:30:56.309Z</time>
      </trkpt>
      <trkpt lat="40.07619073116778" lon="116.3369068486466">
        <ele>45.7</ele>
        <time>2026-07-23T11:30:57.309Z</time>
      </trkpt>
      <trkpt lat="40.07616847697322" lon="116.3369084730908">
        <ele>45.7</ele>
        <time>2026-07-23T11:30:58.309Z</time>
      </trkpt>
      <trkpt lat="40.076146403214096" lon="116.33691052387887">
        <ele>45.7</ele>
        <time>2026-07-23T11:30:59.309Z</time>
      </trkpt>
      <trkpt lat="40.0761244354129" lon="116.33691338321086">
        <ele>45.7</ele>
        <time>2026-07-23T11:31:00.309Z</time>
      </trkpt>
      <trkpt lat="40.0761024488843" lon="116.33691611574069">
        <ele>45.7</ele>
        <time>2026-07-23T11:31:01.309Z</time>
      </trkpt>
      <trkpt lat="40.07608029122152" lon="116.3369180827264">
        <ele>45.8</ele>
        <time>2026-07-23T11:31:02.309Z</time>
      </trkpt>
      <trkpt lat="40.07605789216556" lon="116.3369195583207">
        <ele>45.8</ele>
        <time>2026-07-23T11:31:03.309Z</time>
      </trkpt>
      <trkpt lat="40.07603535974284" lon="116.33692117958438">
        <ele>45.8</ele>
        <time>2026-07-23T11:31:04.309Z</time>
      </trkpt>
      <trkpt lat="40.076012797512206" lon="116.33692304237103">
        <ele>45.8</ele>
        <time>2026-07-23T11:31:05.309Z</time>
      </trkpt>
      <trkpt lat="40.07599023987772" lon="116.33692480722192">
        <ele>45.8</ele>
        <time>2026-07-23T11:31:06.309Z</time>
      </trkpt>
      <trkpt lat="40.07596763727754" lon="116.33692597557608">
        <ele>45.8</ele>
        <time>2026-07-23T11:31:07.309Z</time>
      </trkpt>
      <trkpt lat="40.07594498267848" lon="116.3369262595965">
        <ele>45.8</ele>
        <time>2026-07-23T11:31:08.309Z</time>
      </trkpt>
      <trkpt lat="40.075922313737074" lon="116.33692636549512">
        <ele>45.8</ele>
        <time>2026-07-23T11:31:09.309Z</time>
      </trkpt>
      <trkpt lat="40.07589961972896" lon="116.3369270412923">
        <ele>45.9</ele>
        <time>2026-07-23T11:31:10.309Z</time>
      </trkpt>
      <trkpt lat="40.075876886580865" lon="116.33692823212945">
        <ele>45.9</ele>
        <time>2026-07-23T11:31:11.309Z</time>
      </trkpt>
      <trkpt lat="40.07585410584612" lon="116.33692939225845">
        <ele>45.9</ele>
        <time>2026-07-23T11:31:12.309Z</time>
      </trkpt>
      <trkpt lat="40.07583119693135" lon="116.33693051872113">
        <ele>45.9</ele>
        <time>2026-07-23T11:31:13.309Z</time>
      </trkpt>
      <trkpt lat="40.07580809755279" lon="116.33693167643244">
        <ele>46.0</ele>
        <time>2026-07-23T11:31:14.309Z</time>
      </trkpt>
      <trkpt lat="40.07578494163822" lon="116.33693394991232">
        <ele>46.0</ele>
        <time>2026-07-23T11:31:15.309Z</time>
      </trkpt>
      <trkpt lat="40.075762001897154" lon="116.33693869080741">
        <ele>46.0</ele>
        <time>2026-07-23T11:31:16.309Z</time>
      </trkpt>
      <trkpt lat="40.07573949029397" lon="116.33694570665205">
        <ele>46.0</ele>
        <time>2026-07-23T11:31:17.309Z</time>
      </trkpt>
      <trkpt lat="40.075717574234694" lon="116.33695422652822">
        <ele>46.1</ele>
        <time>2026-07-23T11:31:18.309Z</time>
      </trkpt>
      <trkpt lat="40.07569655598993" lon="116.33696382803697">
        <ele>46.1</ele>
        <time>2026-07-23T11:31:19.309Z</time>
      </trkpt>
      <trkpt lat="40.075676729583584" lon="116.33697502390962">
        <ele>46.1</ele>
        <time>2026-07-23T11:31:20.309Z</time>
      </trkpt>
      <trkpt lat="40.075658067982474" lon="116.33698854696316">
        <ele>46.2</ele>
        <time>2026-07-23T11:31:21.309Z</time>
      </trkpt>
      <trkpt lat="40.07564042930882" lon="116.33700439496988">
        <ele>46.2</ele>
        <time>2026-07-23T11:31:22.309Z</time>
      </trkpt>
      <trkpt lat="40.075623822159415" lon="116.33702243014936">
        <ele>46.2</ele>
        <time>2026-07-23T11:31:23.309Z</time>
      </trkpt>
      <trkpt lat="40.075608148884726" lon="116.33704245251921">
        <ele>46.3</ele>
        <time>2026-07-23T11:31:24.308Z</time>
      </trkpt>
      <trkpt lat="40.07559352704118" lon="116.3370644301699">
        <ele>46.3</ele>
        <time>2026-07-23T11:31:25.309Z</time>
      </trkpt>
      <trkpt lat="40.07557991359468" lon="116.33708785797874">
        <ele>46.3</ele>
        <time>2026-07-23T11:31:26.309Z</time>
      </trkpt>
      <trkpt lat="40.07556694197475" lon="116.33711208123853">
        <ele>46.4</ele>
        <time>2026-07-23T11:31:27.309Z</time>
      </trkpt>
      <trkpt lat="40.075554332320415" lon="116.33713682207618">
        <ele>46.4</ele>
        <time>2026-07-23T11:31:28.309Z</time>
      </trkpt>
      <trkpt lat="40.07554183022091" lon="116.33716191067421">
        <ele>46.5</ele>
        <time>2026-07-23T11:31:29.309Z</time>
      </trkpt>
      <trkpt lat="40.075530024420225" lon="116.33718766362071">
        <ele>46.5</ele>
        <time>2026-07-23T11:31:30.309Z</time>
      </trkpt>
      <trkpt lat="40.07551937561715" lon="116.33721420684151">
        <ele>46.5</ele>
        <time>2026-07-23T11:31:31.309Z</time>
      </trkpt>
      <trkpt lat="40.075509760785636" lon="116.33724133521588">
        <ele>46.6</ele>
        <time>2026-07-23T11:31:32.308Z</time>
      </trkpt>
      <trkpt lat="40.07550125582997" lon="116.33726916600502">
        <ele>46.6</ele>
        <time>2026-07-23T11:31:33.309Z</time>
      </trkpt>
      <trkpt lat="40.07549415822536" lon="116.33729788800373">
        <ele>46.6</ele>
        <time>2026-07-23T11:31:34.309Z</time>
      </trkpt>
      <trkpt lat="40.07548865913685" lon="116.33732745452835">
        <ele>46.6</ele>
        <time>2026-07-23T11:31:35.309Z</time>
      </trkpt>
      <trkpt lat="40.07548524419882" lon="116.33735777473287">
        <ele>46.6</ele>
        <time>2026-07-23T11:31:36.309Z</time>
      </trkpt>
      <trkpt lat="40.07548409958112" lon="116.33738864117768">
        <ele>46.6</ele>
        <time>2026-07-23T11:31:37.309Z</time>
      </trkpt>
      <trkpt lat="40.075484465839864" lon="116.33741969731533">
        <ele>46.6</ele>
        <time>2026-07-23T11:31:38.308Z</time>
      </trkpt>
      <trkpt lat="40.07548539307767" lon="116.33745071030657">
        <ele>46.7</ele>
        <time>2026-07-23T11:31:39.309Z</time>
      </trkpt>
      <trkpt lat="40.07548732624227" lon="116.33748158486738">
        <ele>46.7</ele>
        <time>2026-07-23T11:31:40.309Z</time>
      </trkpt>
      <trkpt lat="40.07549091918089" lon="116.33751221670504">
        <ele>46.7</ele>
        <time>2026-07-23T11:31:41.309Z</time>
      </trkpt>
      <trkpt lat="40.07549543284798" lon="116.33754240540003">
        <ele>46.7</ele>
        <time>2026-07-23T11:31:42.309Z</time>
      </trkpt>
      <trkpt lat="40.075500638452766" lon="116.33757198266596">
        <ele>46.7</ele>
        <time>2026-07-23T11:31:43.309Z</time>
      </trkpt>
      <trkpt lat="40.07550639666116" lon="116.3376009444219">
        <ele>46.6</ele>
        <time>2026-07-23T11:31:44.309Z</time>
      </trkpt>
      <trkpt lat="40.07551278170885" lon="116.3376291362235">
        <ele>46.6</ele>
        <time>2026-07-23T11:31:45.309Z</time>
      </trkpt>
      <trkpt lat="40.075520522651345" lon="116.33765663009949">
        <ele>46.6</ele>
        <time>2026-07-23T11:31:46.309Z</time>
      </trkpt>
      <trkpt lat="40.07552958432591" lon="116.33768412036007">
        <ele>46.6</ele>
        <time>2026-07-23T11:31:47.309Z</time>
      </trkpt>
      <trkpt lat="40.075539910711875" lon="116.33771179674017">
        <ele>46.6</ele>
        <time>2026-07-23T11:31:48.308Z</time>
      </trkpt>
      <trkpt lat="40.07555154220239" lon="116.33773910199612">
        <ele>46.6</ele>
        <time>2026-07-23T11:31:49.309Z</time>
      </trkpt>
      <trkpt lat="40.075564593655514" lon="116.33776527573278">
        <ele>46.5</ele>
        <time>2026-07-23T11:31:50.309Z</time>
      </trkpt>
      <trkpt lat="40.075579047282055" lon="116.33778997857375">
        <ele>46.5</ele>
        <time>2026-07-23T11:31:51.308Z</time>
      </trkpt>
      <trkpt lat="40.07559459939655" lon="116.3378134158603">
        <ele>46.5</ele>
        <time>2026-07-23T11:31:52.309Z</time>
      </trkpt>
      <trkpt lat="40.07561119581912" lon="116.33783567534489">
        <ele>46.5</ele>
        <time>2026-07-23T11:31:53.309Z</time>
      </trkpt>
      <trkpt lat="40.07562894612319" lon="116.33785660705021">
        <ele>46.4</ele>
        <time>2026-07-23T11:31:54.308Z</time>
      </trkpt>
      <trkpt lat="40.07564780469025" lon="116.33787608956855">
        <ele>46.4</ele>
        <time>2026-07-23T11:31:55.309Z</time>
      </trkpt>
      <trkpt lat="40.0756676225619" lon="116.33789393632088">
        <ele>46.3</ele>
        <time>2026-07-23T11:31:56.309Z</time>
      </trkpt>
      <trkpt lat="40.07568840263681" lon="116.3379097506263">
        <ele>46.3</ele>
        <time>2026-07-23T11:31:57.309Z</time>
      </trkpt>
      <trkpt lat="40.07571006573179" lon="116.33792292973696">
        <ele>46.3</ele>
        <time>2026-07-23T11:31:58.309Z</time>
      </trkpt>
      <trkpt lat="40.07573232767579" lon="116.33793336250177">
        <ele>46.2</ele>
        <time>2026-07-23T11:31:59.309Z</time>
      </trkpt>
      <trkpt lat="40.075754857950926" lon="116.33794089563803">
        <ele>46.2</ele>
        <time>2026-07-23T11:32:00.308Z</time>
      </trkpt>
      <trkpt lat="40.07577739706398" lon="116.33794536489721">
        <ele>46.2</ele>
        <time>2026-07-23T11:32:01.308Z</time>
      </trkpt>
      <trkpt lat="40.075799741990984" lon="116.33794737052227">
        <ele>46.1</ele>
        <time>2026-07-23T11:32:02.309Z</time>
      </trkpt>
      <trkpt lat="40.075821835075345" lon="116.33794738616167">
        <ele>46.1</ele>
        <time>2026-07-23T11:32:03.308Z</time>
      </trkpt>
      <trkpt lat="40.07584379377562" lon="116.33794581790448">
        <ele>46.0</ele>
        <time>2026-07-23T11:32:04.308Z</time>
      </trkpt>
      <trkpt lat="40.075865555415064" lon="116.3379429919893">
        <ele>46.0</ele>
        <time>2026-07-23T11:32:05.308Z</time>
      </trkpt>
      <trkpt lat="40.075887147962746" lon="116.3379392442133">
        <ele>45.9</ele>
        <time>2026-07-23T11:32:06.308Z</time>
      </trkpt>
      <trkpt lat="40.075908945397266" lon="116.33793547234137">
        <ele>45.9</ele>
        <time>2026-07-23T11:32:07.308Z</time>
      </trkpt>
      <trkpt lat="40.075931175104486" lon="116.33793202389663">
        <ele>45.8</ele>
        <time>2026-07-23T11:32:08.308Z</time>
      </trkpt>
      <trkpt lat="40.07595386999278" lon="116.33792874639022">
        <ele>45.8</ele>
        <time>2026-07-23T11:32:09.308Z</time>
      </trkpt>
      <trkpt lat="40.07597693022591" lon="116.33792545480958">
        <ele>45.7</ele>
        <time>2026-07-23T11:32:10.308Z</time>
      </trkpt>
      <trkpt lat="40.07600021921989" lon="116.3379217200566">
        <ele>45.7</ele>
        <time>2026-07-23T11:32:11.308Z</time>
      </trkpt>
      <trkpt lat="40.07602375742623" lon="116.33791727725557">
        <ele>45.6</ele>
        <time>2026-07-23T11:32:12.308Z</time>
      </trkpt>
      <trkpt lat="40.07604778998114" lon="116.33791257209113">
        <ele>45.6</ele>
        <time>2026-07-23T11:32:13.308Z</time>
      </trkpt>
      <trkpt lat="40.07607219330176" lon="116.33790811134004">
        <ele>45.6</ele>
        <time>2026-07-23T11:32:14.308Z</time>
      </trkpt>
      <trkpt lat="40.076096605578336" lon="116.3379039361469">
        <ele>45.5</ele>
        <time>2026-07-23T11:32:15.308Z</time>
      </trkpt>
      <trkpt lat="40.076120931921906" lon="116.3379001189882">
        <ele>45.5</ele>
        <time>2026-07-23T11:32:16.308Z</time>
      </trkpt>
      <trkpt lat="40.07614531406705" lon="116.33789688230888">
        <ele>45.5</ele>
        <time>2026-07-23T11:32:17.308Z</time>
      </trkpt>
      <trkpt lat="40.07616971484327" lon="116.33789338739072">
        <ele>45.5</ele>
        <time>2026-07-23T11:32:18.308Z</time>
      </trkpt>
      <trkpt lat="40.076194020559626" lon="116.33788916587142">
        <ele>45.4</ele>
        <time>2026-07-23T11:32:19.308Z</time>
      </trkpt>
      <trkpt lat="40.07621819718767" lon="116.33788453462655">
        <ele>45.4</ele>
        <time>2026-07-23T11:32:20.308Z</time>
      </trkpt>
      <trkpt lat="40.07624224587944" lon="116.33787983150938">
        <ele>45.4</ele>
        <time>2026-07-23T11:32:21.308Z</time>
      </trkpt>
      <trkpt lat="40.07626624421965" lon="116.33787546897771">
        <ele>45.4</ele>
        <time>2026-07-23T11:32:22.308Z</time>
      </trkpt>
      <trkpt lat="40.0762901841528" lon="116.33787217114117">
        <ele>45.4</ele>
        <time>2026-07-23T11:32:23.308Z</time>
      </trkpt>
      <trkpt lat="40.076314081798195" lon="116.33787053134046">
        <ele>45.4</ele>
        <time>2026-07-23T11:32:24.308Z</time>
      </trkpt>
      <trkpt lat="40.07633789527926" lon="116.33786937157737">
        <ele>45.4</ele>
        <time>2026-07-23T11:32:25.308Z</time>
      </trkpt>
      <trkpt lat="40.076361506174145" lon="116.33786771181468">
        <ele>45.4</ele>
        <time>2026-07-23T11:32:26.308Z</time>
      </trkpt>
      <trkpt lat="40.07638480234455" lon="116.3378661589343">
        <ele>45.4</ele>
        <time>2026-07-23T11:32:27.308Z</time>
      </trkpt>
      <trkpt lat="40.076407625394054" lon="116.33786480923949">
        <ele>45.4</ele>
        <time>2026-07-23T11:32:28.308Z</time>
      </trkpt>
      <trkpt lat="40.07642995781353" lon="116.33786401230037">
        <ele>45.4</ele>
        <time>2026-07-23T11:32:29.308Z</time>
      </trkpt>
      <trkpt lat="40.07645191600557" lon="116.33786451461407">
        <ele>45.5</ele>
        <time>2026-07-23T11:32:30.308Z</time>
      </trkpt>
      <trkpt lat="40.076473646623135" lon="116.33786547065519">
        <ele>45.5</ele>
        <time>2026-07-23T11:32:31.308Z</time>
      </trkpt>
      <trkpt lat="40.07649545096171" lon="116.33786551669968">
        <ele>45.5</ele>
        <time>2026-07-23T11:32:32.308Z</time>
      </trkpt>
      <trkpt lat="40.07651761957943" lon="116.33786451351838">
        <ele>45.5</ele>
        <time>2026-07-23T11:32:33.308Z</time>
      </trkpt>
      <trkpt lat="40.07654004100995" lon="116.33786244549088">
        <ele>45.6</ele>
        <time>2026-07-23T11:32:34.308Z</time>
      </trkpt>
      <trkpt lat="40.07656251891276" lon="116.33785953632226">
        <ele>45.6</ele>
        <time>2026-07-23T11:32:35.308Z</time>
      </trkpt>
      <trkpt lat="40.0765849545525" lon="116.3378564888434">
        <ele>45.6</ele>
        <time>2026-07-23T11:32:36.308Z</time>
      </trkpt>
      <trkpt lat="40.07660729047229" lon="116.33785347622384">
        <ele>45.7</ele>
        <time>2026-07-23T11:32:37.308Z</time>
      </trkpt>
      <trkpt lat="40.076629615091065" lon="116.33785050782505">
        <ele>45.7</ele>
        <time>2026-07-23T11:32:38.308Z</time>
      </trkpt>
      <trkpt lat="40.07665200451862" lon="116.33784735545441">
        <ele>45.7</ele>
        <time>2026-07-23T11:32:39.308Z</time>
      </trkpt>
      <trkpt lat="40.07667436756136" lon="116.33784361433588">
        <ele>45.7</ele>
        <time>2026-07-23T11:32:40.308Z</time>
      </trkpt>
      <trkpt lat="40.07669657789354" lon="116.33783870488821">
        <ele>45.7</ele>
        <time>2026-07-23T11:32:41.308Z</time>
      </trkpt>
      <trkpt lat="40.076718427125606" lon="116.33783193551778">
        <ele>45.8</ele>
        <time>2026-07-23T11:32:42.308Z</time>
      </trkpt>
      <trkpt lat="40.07673984738267" lon="116.33782254822684">
        <ele>45.8</ele>
        <time>2026-07-23T11:32:43.308Z</time>
      </trkpt>
      <trkpt lat="40.076761073195144" lon="116.337811202457">
        <ele>45.8</ele>
        <time>2026-07-23T11:32:44.308Z</time>
      </trkpt>
      <trkpt lat="40.076781983049045" lon="116.33779823252871">
        <ele>45.8</ele>
        <time>2026-07-23T11:32:45.308Z</time>
      </trkpt>
      <trkpt lat="40.07680251164087" lon="116.33778371792172">
        <ele>45.8</ele>
        <time>2026-07-23T11:32:46.308Z</time>
      </trkpt>
      <trkpt lat="40.076822871394434" lon="116.33776823296138">
        <ele>45.8</ele>
        <time>2026-07-23T11:32:47.308Z</time>
      </trkpt>
      <trkpt lat="40.07684279901776" lon="116.33775135795064">
        <ele>45.7</ele>
        <time>2026-07-23T11:32:48.308Z</time>
      </trkpt>
      <trkpt lat="40.07686194145168" lon="116.3377327131698">
        <ele>45.7</ele>
        <time>2026-07-23T11:32:49.308Z</time>
      </trkpt>
      <trkpt lat="40.07687991700206" lon="116.33771240262102">
        <ele>45.7</ele>
        <time>2026-07-23T11:32:50.308Z</time>
      </trkpt>
      <trkpt lat="40.07689669702528" lon="116.3376911964795">
        <ele>45.7</ele>
        <time>2026-07-23T11:32:51.308Z</time>
      </trkpt>
      <trkpt lat="40.07691216885825" lon="116.33766952822613">
        <ele>45.7</ele>
        <time>2026-07-23T11:32:52.308Z</time>
      </trkpt>
      <trkpt lat="40.076926246020776" lon="116.33764712470395">
        <ele>45.6</ele>
        <time>2026-07-23T11:32:53.308Z</time>
      </trkpt>
      <trkpt lat="40.07693865831566" lon="116.3376237402308">
        <ele>45.6</ele>
        <time>2026-07-23T11:32:54.308Z</time>
      </trkpt>
      <trkpt lat="40.076949447163365" lon="116.33759922432264">
        <ele>45.6</ele>
        <time>2026-07-23T11:32:55.308Z</time>
      </trkpt>
      <trkpt lat="40.07695914502822" lon="116.33757362763592">
        <ele>45.6</ele>
        <time>2026-07-23T11:32:56.308Z</time>
      </trkpt>
      <trkpt lat="40.076968034981334" lon="116.33754710496007">
        <ele>45.6</ele>
        <time>2026-07-23T11:32:57.308Z</time>
      </trkpt>
      <trkpt lat="40.07697605499536" lon="116.33751989024283">
        <ele>45.6</ele>
        <time>2026-07-23T11:32:58.308Z</time>
      </trkpt>
      <trkpt lat="40.076982869108775" lon="116.33749195159666">
        <ele>45.6</ele>
        <time>2026-07-23T11:32:59.308Z</time>
      </trkpt>
      <trkpt lat="40.076988299826645" lon="116.33746340026225">
        <ele>45.6</ele>
        <time>2026-07-23T11:33:00.308Z</time>
      </trkpt>
      <trkpt lat="40.07699234381913" lon="116.33743438065183">
        <ele>45.6</ele>
        <time>2026-07-23T11:33:01.308Z</time>
      </trkpt>
      <trkpt lat="40.07699514808165" lon="116.33740510246112">
        <ele>45.6</ele>
        <time>2026-07-23T11:33:02.308Z</time>
      </trkpt>
      <trkpt lat="40.07699681151181" lon="116.33737572946654">
        <ele>45.6</ele>
        <time>2026-07-23T11:33:03.308Z</time>
      </trkpt>
      <trkpt lat="40.07699734601054" lon="116.33734639809815">
        <ele>45.6</ele>
        <time>2026-07-23T11:33:04.308Z</time>
      </trkpt>
      <trkpt lat="40.07699650423914" lon="116.33731727418154">
        <ele>45.6</ele>
        <time>2026-07-23T11:33:05.308Z</time>
      </trkpt>
      <trkpt lat="40.07699414976052" lon="116.33728842788685">
        <ele>45.6</ele>
        <time>2026-07-23T11:33:06.308Z</time>
      </trkpt>
      <trkpt lat="40.07699019100911" lon="116.33726002014902">
        <ele>45.7</ele>
        <time>2026-07-23T11:33:07.308Z</time>
      </trkpt>
      <trkpt lat="40.076985111885165" lon="116.33723200764899">
        <ele>45.7</ele>
        <time>2026-07-23T11:33:08.308Z</time>
      </trkpt>
      <trkpt lat="40.07697924206358" lon="116.33720436272107">
        <ele>45.7</ele>
        <time>2026-07-23T11:33:09.308Z</time>
      </trkpt>
      <trkpt lat="40.076971960868384" lon="116.3371773772933">
        <ele>45.7</ele>
        <time>2026-07-23T11:33:10.308Z</time>
      </trkpt>
      <trkpt lat="40.07696307299923" lon="116.33715125675523">
        <ele>45.7</ele>
        <time>2026-07-23T11:33:11.308Z</time>
      </trkpt>
      <trkpt lat="40.07695258508215" lon="116.33712616169632">
        <ele>45.7</ele>
        <time>2026-07-23T11:33:12.308Z</time>
      </trkpt>
      <trkpt lat="40.07694064119205" lon="116.33710216141557">
        <ele>45.8</ele>
        <time>2026-07-23T11:33:13.308Z</time>
      </trkpt>
      <trkpt lat="40.076927572403505" lon="116.33707941785796">
        <ele>45.8</ele>
        <time>2026-07-23T11:33:14.308Z</time>
      </trkpt>
      <trkpt lat="40.076913711560145" lon="116.3370577866211">
        <ele>45.8</ele>
        <time>2026-07-23T11:33:15.308Z</time>
      </trkpt>
      <trkpt lat="40.0768990849974" lon="116.33703697488357">
        <ele>45.8</ele>
        <time>2026-07-23T11:33:16.308Z</time>
      </trkpt>
      <trkpt lat="40.076883424488514" lon="116.33701716580435">
        <ele>45.8</ele>
        <time>2026-07-23T11:33:17.308Z</time>
      </trkpt>
      <trkpt lat="40.07686700705056" lon="116.33699803138747">
        <ele>45.8</ele>
        <time>2026-07-23T11:33:18.308Z</time>
      </trkpt>
      <trkpt lat="40.07684988819564" lon="116.33697952789409">
        <ele>45.8</ele>
        <time>2026-07-23T11:33:19.308Z</time>
      </trkpt>
      <trkpt lat="40.076831829574026" lon="116.33696206571715">
        <ele>45.8</ele>
        <time>2026-07-23T11:33:20.308Z</time>
      </trkpt>
      <trkpt lat="40.07681254881847" lon="116.33694622640127">
        <ele>45.8</ele>
        <time>2026-07-23T11:33:21.307Z</time>
      </trkpt>
      <trkpt lat="40.07679206113659" lon="116.33693196784469">
        <ele>45.8</ele>
        <time>2026-07-23T11:33:22.308Z</time>
      </trkpt>
      <trkpt lat="40.07677085265834" lon="116.33691889871277">
        <ele>45.8</ele>
        <time>2026-07-23T11:33:23.307Z</time>
      </trkpt>
      <trkpt lat="40.07674879208071" lon="116.33690791780079">
        <ele>45.8</ele>
        <time>2026-07-23T11:33:24.308Z</time>
      </trkpt>
      <trkpt lat="40.076725896589885" lon="116.33689943102694">
        <ele>45.8</ele>
        <time>2026-07-23T11:33:25.308Z</time>
      </trkpt>
      <trkpt lat="40.0767024939884" lon="116.33689277177346">
        <ele>45.8</ele>
        <time>2026-07-23T11:33:26.308Z</time>
      </trkpt>
      <trkpt lat="40.07667860853871" lon="116.33688876000906">
        <ele>45.8</ele>
        <time>2026-07-23T11:33:27.308Z</time>
      </trkpt>
      <trkpt lat="40.076654267580146" lon="116.33688756695553">
        <ele>45.8</ele>
        <time>2026-07-23T11:33:28.308Z</time>
      </trkpt>
      <trkpt lat="40.07662974859388" lon="116.33688762953439">
        <ele>45.8</ele>
        <time>2026-07-23T11:33:29.308Z</time>
      </trkpt>
      <trkpt lat="40.076605215543836" lon="116.33688766811426">
        <ele>45.8</ele>
        <time>2026-07-23T11:33:30.307Z</time>
      </trkpt>
      <trkpt lat="40.076580669640826" lon="116.33688708299286">
        <ele>45.8</ele>
        <time>2026-07-23T11:33:31.307Z</time>
      </trkpt>
      <trkpt lat="40.07655604507207" lon="116.33688577577512">
        <ele>45.8</ele>
        <time>2026-07-23T11:33:32.308Z</time>
      </trkpt>
      <trkpt lat="40.07653138266432" lon="116.33688431927226">
        <ele>45.8</ele>
        <time>2026-07-23T11:33:33.308Z</time>
      </trkpt>
      <trkpt lat="40.076506876349775" lon="116.33688294185687">
        <ele>45.8</ele>
        <time>2026-07-23T11:33:34.308Z</time>
      </trkpt>
      <trkpt lat="40.076482662592596" lon="116.33688116658635">
        <ele>45.8</ele>
        <time>2026-07-23T11:33:35.308Z</time>
      </trkpt>
      <trkpt lat="40.076458678524155" lon="116.33687910197888">
        <ele>45.8</ele>
        <time>2026-07-23T11:33:36.308Z</time>
      </trkpt>
      <trkpt lat="40.07643489065137" lon="116.33687672430854">
        <ele>45.8</ele>
        <time>2026-07-23T11:33:37.308Z</time>
      </trkpt>
      <trkpt lat="40.076411281889634" lon="116.33687458481872">
        <ele>45.8</ele>
        <time>2026-07-23T11:33:38.308Z</time>
      </trkpt>
      <trkpt lat="40.076387837355774" lon="116.33687299990437">
        <ele>45.8</ele>
        <time>2026-07-23T11:33:39.308Z</time>
      </trkpt>
      <trkpt lat="40.076364619597214" lon="116.33687178155387">
        <ele>45.8</ele>
        <time>2026-07-23T11:33:40.308Z</time>
      </trkpt>
      <trkpt lat="40.07634153658154" lon="116.33687068041819">
        <ele>45.8</ele>
        <time>2026-07-23T11:33:41.308Z</time>
      </trkpt>
      <trkpt lat="40.07631833383809" lon="116.33687009714134">
        <ele>45.8</ele>
        <time>2026-07-23T11:33:42.308Z</time>
      </trkpt>
      <trkpt lat="40.07629485471357" lon="116.33687072141178">
        <ele>45.8</ele>
        <time>2026-07-23T11:33:43.308Z</time>
      </trkpt>
      <trkpt lat="40.07627120744185" lon="116.33687219733112">
        <ele>45.8</ele>
        <time>2026-07-23T11:33:44.308Z</time>
      </trkpt>
      <trkpt lat="40.076247519439214" lon="116.33687415853673">
        <ele>45.8</ele>
        <time>2026-07-23T11:33:45.307Z</time>
      </trkpt>
      <trkpt lat="40.076223785797836" lon="116.33687628832632">
        <ele>45.7</ele>
        <time>2026-07-23T11:33:46.307Z</time>
      </trkpt>
      <trkpt lat="40.07620003083116" lon="116.33687839285062">
        <ele>45.7</ele>
        <time>2026-07-23T11:33:47.307Z</time>
      </trkpt>
      <trkpt lat="40.07617625213763" lon="116.33687987814587">
        <ele>45.7</ele>
        <time>2026-07-23T11:33:48.308Z</time>
      </trkpt>
      <trkpt lat="40.076152494557626" lon="116.33687977863448">
        <ele>45.7</ele>
        <time>2026-07-23T11:33:49.308Z</time>
      </trkpt>
      <trkpt lat="40.07612870589954" lon="116.33687916301156">
        <ele>45.7</ele>
        <time>2026-07-23T11:33:50.307Z</time>
      </trkpt>
      <trkpt lat="40.07610480708836" lon="116.33687903922048">
        <ele>45.7</ele>
        <time>2026-07-23T11:33:51.307Z</time>
      </trkpt>
      <trkpt lat="40.076080798843854" lon="116.33688015798297">
        <ele>45.7</ele>
        <time>2026-07-23T11:33:52.308Z</time>
      </trkpt>
      <trkpt lat="40.076056713815156" lon="116.33688291998381">
        <ele>45.7</ele>
        <time>2026-07-23T11:33:53.307Z</time>
      </trkpt>
      <trkpt lat="40.07603252536611" lon="116.33688640924932">
        <ele>45.7</ele>
        <time>2026-07-23T11:33:54.308Z</time>
      </trkpt>
      <trkpt lat="40.076008264156215" lon="116.33689051087154">
        <ele>45.7</ele>
        <time>2026-07-23T11:33:55.307Z</time>
      </trkpt>
      <trkpt lat="40.07598387388253" lon="116.33689475299057">
        <ele>45.7</ele>
        <time>2026-07-23T11:33:56.307Z</time>
      </trkpt>
      <trkpt lat="40.07595933083944" lon="116.33689855886988">
        <ele>45.7</ele>
        <time>2026-07-23T11:33:57.307Z</time>
      </trkpt>
      <trkpt lat="40.07593470351879" lon="116.33690144586855">
        <ele>45.7</ele>
        <time>2026-07-23T11:33:58.307Z</time>
      </trkpt>
      <trkpt lat="40.075910091722875" lon="116.33690315846422">
        <ele>45.7</ele>
        <time>2026-07-23T11:33:59.307Z</time>
      </trkpt>
      <trkpt lat="40.07588545396198" lon="116.33690382442823">
        <ele>45.7</ele>
        <time>2026-07-23T11:34:00.307Z</time>
      </trkpt>
      <trkpt lat="40.07586070144785" lon="116.33690325716816">
        <ele>45.7</ele>
        <time>2026-07-23T11:34:01.308Z</time>
      </trkpt>
      <trkpt lat="40.075835873249744" lon="116.33690255232689">
        <ele>45.8</ele>
        <time>2026-07-23T11:34:02.307Z</time>
      </trkpt>
      <trkpt lat="40.075811009820946" lon="116.33690260993691">
        <ele>45.8</ele>
        <time>2026-07-23T11:34:03.307Z</time>
      </trkpt>
      <trkpt lat="40.075786121628006" lon="116.33690346095091">
        <ele>45.8</ele>
        <time>2026-07-23T11:34:04.307Z</time>
      </trkpt>
      <trkpt lat="40.07576114389506" lon="116.33690574017896">
        <ele>45.8</ele>
        <time>2026-07-23T11:34:05.307Z</time>
      </trkpt>
      <trkpt lat="40.07573616208498" lon="116.33690997908829">
        <ele>45.9</ele>
        <time>2026-07-23T11:34:06.307Z</time>
      </trkpt>
      <trkpt lat="40.075711369709516" lon="116.33691621650146">
        <ele>45.9</ele>
        <time>2026-07-23T11:34:07.307Z</time>
      </trkpt>
      <trkpt lat="40.07568708764713" lon="116.33692474170445">
        <ele>45.9</ele>
        <time>2026-07-23T11:34:08.307Z</time>
      </trkpt>
      <trkpt lat="40.0756635943128" lon="116.33693599100856">
        <ele>46.0</ele>
        <time>2026-07-23T11:34:09.307Z</time>
      </trkpt>
      <trkpt lat="40.07564093834805" lon="116.33694979914684">
        <ele>46.0</ele>
        <time>2026-07-23T11:34:10.307Z</time>
      </trkpt>
      <trkpt lat="40.07561920068992" lon="116.33696617682861">
        <ele>46.0</ele>
        <time>2026-07-23T11:34:11.307Z</time>
      </trkpt>
      <trkpt lat="40.07559869218062" lon="116.33698545217985">
        <ele>46.0</ele>
        <time>2026-07-23T11:34:12.307Z</time>
      </trkpt>
      <trkpt lat="40.07557954158387" lon="116.3370073867174">
        <ele>46.1</ele>
        <time>2026-07-23T11:34:13.307Z</time>
      </trkpt>
      <trkpt lat="40.075561875086564" lon="116.33703161092616">
        <ele>46.1</ele>
        <time>2026-07-23T11:34:14.307Z</time>
      </trkpt>
      <trkpt lat="40.075545458529696" lon="116.33705759856099">
        <ele>46.1</ele>
        <time>2026-07-23T11:34:15.307Z</time>
      </trkpt>
      <trkpt lat="40.07553011955934" lon="116.33708485844814">
        <ele>46.1</ele>
        <time>2026-07-23T11:34:16.307Z</time>
      </trkpt>
      <trkpt lat="40.07551613115444" lon="116.33711344232903">
        <ele>46.2</ele>
        <time>2026-07-23T11:34:17.307Z</time>
      </trkpt>
      <trkpt lat="40.07550346163237" lon="116.33714294107922">
        <ele>46.2</ele>
        <time>2026-07-23T11:34:18.307Z</time>
      </trkpt>
      <trkpt lat="40.07549228582756" lon="116.33717332976569">
        <ele>46.2</ele>
        <time>2026-07-23T11:34:19.307Z</time>
      </trkpt>
      <trkpt lat="40.075482721695096" lon="116.33720450737015">
        <ele>46.2</ele>
        <time>2026-07-23T11:34:20.307Z</time>
      </trkpt>
      <trkpt lat="40.075474726281605" lon="116.33723635308381">
        <ele>46.2</ele>
        <time>2026-07-23T11:34:21.307Z</time>
      </trkpt>
      <trkpt lat="40.07546796256016" lon="116.3372686597994">
        <ele>46.3</ele>
        <time>2026-07-23T11:34:22.307Z</time>
      </trkpt>
      <trkpt lat="40.075463136784585" lon="116.33730142343839">
        <ele>46.3</ele>
        <time>2026-07-23T11:34:23.307Z</time>
      </trkpt>
      <trkpt lat="40.07546116626624" lon="116.33733458852096">
        <ele>46.3</ele>
        <time>2026-07-23T11:34:24.307Z</time>
      </trkpt>
      <trkpt lat="40.07546165449912" lon="116.33736769799305">
        <ele>46.3</ele>
        <time>2026-07-23T11:34:25.307Z</time>
      </trkpt>
      <trkpt lat="40.07546409468575" lon="116.33740035533853">
        <ele>46.3</ele>
        <time>2026-07-23T11:34:26.307Z</time>
      </trkpt>
      <trkpt lat="40.07546834224114" lon="116.33743229403677">
        <ele>46.3</ele>
        <time>2026-07-23T11:34:27.307Z</time>
      </trkpt>
      <trkpt lat="40.07547437281932" lon="116.33746368429614">
        <ele>46.3</ele>
        <time>2026-07-23T11:34:28.307Z</time>
      </trkpt>
      <trkpt lat="40.075482094528454" lon="116.33749453753988">
        <ele>46.3</ele>
        <time>2026-07-23T11:34:29.307Z</time>
      </trkpt>
      <trkpt lat="40.0754916016738" lon="116.33752470821807">
        <ele>46.3</ele>
        <time>2026-07-23T11:34:30.307Z</time>
      </trkpt>
      <trkpt lat="40.07550262702618" lon="116.33755436041902">
        <ele>46.3</ele>
        <time>2026-07-23T11:34:31.307Z</time>
      </trkpt>
      <trkpt lat="40.075514918258925" lon="116.33758358036614">
        <ele>46.3</ele>
        <time>2026-07-23T11:34:32.307Z</time>
      </trkpt>
      <trkpt lat="40.07552869823414" lon="116.33761204234133">
        <ele>46.3</ele>
        <time>2026-07-23T11:34:33.307Z</time>
      </trkpt>
      <trkpt lat="40.075543703509545" lon="116.33763973186413">
        <ele>46.3</ele>
        <time>2026-07-23T11:34:34.307Z</time>
      </trkpt>
      <trkpt lat="40.07555949617278" lon="116.33766663976122">
        <ele>46.3</ele>
        <time>2026-07-23T11:34:35.307Z</time>
      </trkpt>
      <trkpt lat="40.07557625347653" lon="116.33769209863289">
        <ele>46.3</ele>
        <time>2026-07-23T11:34:36.307Z</time>
      </trkpt>
      <trkpt lat="40.07559395860868" lon="116.33771589252135">
        <ele>46.3</ele>
        <time>2026-07-23T11:34:37.307Z</time>
        <extensions>
          <gpxtpx:TrackPointExtension>
            <gpxtpx:hr>169</gpxtpx:hr>
          </gpxtpx:TrackPointExtension>
        </extensions>
      </trkpt>
      <trkpt lat="40.07561249423063" lon="116.33773803493177">
        <ele>46.3</ele>
        <time>2026-07-23T11:34:38.307Z</time>
        <extensions>
          <gpxtpx:TrackPointExtension>
            <gpxtpx:hr>169</gpxtpx:hr>
          </gpxtpx:TrackPointExtension>
        </extensions>
      </trkpt>
      <trkpt lat="40.07563190961025" lon="116.33775827845191">
        <ele>46.3</ele>
        <time>2026-07-23T11:34:39.307Z</time>
        <extensions>
          <gpxtpx:TrackPointExtension>
            <gpxtpx:hr>169</gpxtpx:hr>
          </gpxtpx:TrackPointExtension>
        </extensions>
      </trkpt>
      <trkpt lat="40.07565222031275" lon="116.33777670735992">
        <ele>46.3</ele>
        <time>2026-07-23T11:34:40.307Z</time>
        <extensions>
          <gpxtpx:TrackPointExtension>
            <gpxtpx:hr>169</gpxtpx:hr>
          </gpxtpx:TrackPointExtension>
        </extensions>
      </trkpt>
      <trkpt lat="40.075673357464694" lon="116.33779350940648">
        <ele>46.3</ele>
        <time>2026-07-23T11:34:41.307Z</time>
        <extensions>
          <gpxtpx:TrackPointExtension>
            <gpxtpx:hr>169</gpxtpx:hr>
          </gpxtpx:TrackPointExtension>
        </extensions>
      </trkpt>
      <trkpt lat="40.0756952761312" lon="116.33780841958378">
        <ele>46.3</ele>
        <time>2026-07-23T11:34:42.307Z</time>
        <extensions>
          <gpxtpx:TrackPointExtension>
            <gpxtpx:hr>169</gpxtpx:hr>
          </gpxtpx:TrackPointExtension>
        </extensions>
      </trkpt>
      <trkpt lat="40.07571766398092" lon="116.33782159945153">
        <ele>46.2</ele>
        <time>2026-07-23T11:34:43.307Z</time>
        <extensions>
          <gpxtpx:TrackPointExtension>
            <gpxtpx:hr>169</gpxtpx:hr>
          </gpxtpx:TrackPointExtension>
        </extensions>
      </trkpt>
      <trkpt lat="40.075740406592125" lon="116.33783251789788">
        <ele>46.2</ele>
        <time>2026-07-23T11:34:44.307Z</time>
        <extensions>
          <gpxtpx:TrackPointExtension>
            <gpxtpx:hr>169</gpxtpx:hr>
          </gpxtpx:TrackPointExtension>
        </extensions>
      </trkpt>
      <trkpt lat="40.075763415257995" lon="116.3378404807822">
        <ele>46.2</ele>
        <time>2026-07-23T11:34:45.307Z</time>
        <extensions>
          <gpxtpx:TrackPointExtension>
            <gpxtpx:hr>169</gpxtpx:hr>
          </gpxtpx:TrackPointExtension>
        </extensions>
      </trkpt>
      <trkpt lat="40.07578605503338" lon="116.33784668965954">
        <ele>46.1</ele>
        <time>2026-07-23T11:34:46.307Z</time>
        <extensions>
          <gpxtpx:TrackPointExtension>
            <gpxtpx:hr>169</gpxtpx:hr>
          </gpxtpx:TrackPointExtension>
        </extensions>
      </trkpt>
      <trkpt lat="40.075808227343934" lon="116.33785138392739">
        <ele>46.1</ele>
        <time>2026-07-23T11:34:47.307Z</time>
        <extensions>
          <gpxtpx:TrackPointExtension>
            <gpxtpx:hr>169</gpxtpx:hr>
          </gpxtpx:TrackPointExtension>
        </extensions>
      </trkpt>
      <trkpt lat="40.075830257683684" lon="116.33785391718152">
        <ele>46.1</ele>
        <time>2026-07-23T11:34:48.307Z</time>
        <extensions>
          <gpxtpx:TrackPointExtension>
            <gpxtpx:hr>169</gpxtpx:hr>
          </gpxtpx:TrackPointExtension>
        </extensions>
      </trkpt>
      <trkpt lat="40.075852268305646" lon="116.33785454495171">
        <ele>46.1</ele>
        <time>2026-07-23T11:34:49.307Z</time>
        <extensions>
          <gpxtpx:TrackPointExtension>
            <gpxtpx:hr>169</gpxtpx:hr>
          </gpxtpx:TrackPointExtension>
        </extensions>
      </trkpt>
      <trkpt lat="40.075874328102685" lon="116.33785417169648">
        <ele>46.0</ele>
        <time>2026-07-23T11:34:50.307Z</time>
        <extensions>
          <gpxtpx:TrackPointExtension>
            <gpxtpx:hr>169</gpxtpx:hr>
          </gpxtpx:TrackPointExtension>
        </extensions>
      </trkpt>
      <trkpt lat="40.07589654900396" lon="116.33785312300579">
        <ele>46.0</ele>
        <time>2026-07-23T11:34:51.307Z</time>
        <extensions>
          <gpxtpx:TrackPointExtension>
            <gpxtpx:hr>169</gpxtpx:hr>
          </gpxtpx:TrackPointExtension>
        </extensions>
      </trkpt>
      <trkpt lat="40.075919023466426" lon="116.33785104640515">
        <ele>46.0</ele>
        <time>2026-07-23T11:34:52.307Z</time>
        <extensions>
          <gpxtpx:TrackPointExtension>
            <gpxtpx:hr>169</gpxtpx:hr>
          </gpxtpx:TrackPointExtension>
        </extensions>
      </trkpt>
      <trkpt lat="40.07594182001489" lon="116.33784860501642">
        <ele>45.9</ele>
        <time>2026-07-23T11:34:53.307Z</time>
        <extensions>
          <gpxtpx:TrackPointExtension>
            <gpxtpx:hr>169</gpxtpx:hr>
          </gpxtpx:TrackPointExtension>
        </extensions>
      </trkpt>
      <trkpt lat="40.07596491186308" lon="116.33784658677905">
        <ele>45.9</ele>
        <time>2026-07-23T11:34:54.307Z</time>
        <extensions>
          <gpxtpx:TrackPointExtension>
            <gpxtpx:hr>169</gpxtpx:hr>
          </gpxtpx:TrackPointExtension>
        </extensions>
      </trkpt>
      <trkpt lat="40.07598813601036" lon="116.33784507466255">
        <ele>45.9</ele>
        <time>2026-07-23T11:34:55.307Z</time>
        <extensions>
          <gpxtpx:TrackPointExtension>
            <gpxtpx:hr>169</gpxtpx:hr>
          </gpxtpx:TrackPointExtension>
        </extensions>
      </trkpt>
      <trkpt lat="40.07601137524155" lon="116.33784353236256">
        <ele>45.9</ele>
        <time>2026-07-23T11:34:56.307Z</time>
        <extensions>
          <gpxtpx:TrackPointExtension>
            <gpxtpx:hr>169</gpxtpx:hr>
          </gpxtpx:TrackPointExtension>
        </extensions>
      </trkpt>
      <trkpt lat="40.07603455822511" lon="116.3378418398735">
        <ele>45.9</ele>
        <time>2026-07-23T11:34:57.307Z</time>
        <extensions>
          <gpxtpx:TrackPointExtension>
            <gpxtpx:hr>169</gpxtpx:hr>
          </gpxtpx:TrackPointExtension>
        </extensions>
      </trkpt>
      <trkpt lat="40.076057706017586" lon="116.33784076089852">
        <ele>45.9</ele>
        <time>2026-07-23T11:34:58.307Z</time>
        <extensions>
          <gpxtpx:TrackPointExtension>
            <gpxtpx:hr>169</gpxtpx:hr>
          </gpxtpx:TrackPointExtension>
        </extensions>
      </trkpt>
      <trkpt lat="40.07608084460097" lon="116.33784033099603">
        <ele>45.8</ele>
        <time>2026-07-23T11:34:59.307Z</time>
        <extensions>
          <gpxtpx:TrackPointExtension>
            <gpxtpx:hr>169</gpxtpx:hr>
          </gpxtpx:TrackPointExtension>
        </extensions>
      </trkpt>
      <trkpt lat="40.07610401622958" lon="116.33784051546628">
        <ele>45.8</ele>
        <time>2026-07-23T11:35:00.307Z</time>
        <extensions>
          <gpxtpx:TrackPointExtension>
            <gpxtpx:hr>169</gpxtpx:hr>
          </gpxtpx:TrackPointExtension>
        </extensions>
      </trkpt>
      <trkpt lat="40.076127207177365" lon="116.3378411863936">
        <ele>45.8</ele>
        <time>2026-07-23T11:35:01.307Z</time>
        <extensions>
          <gpxtpx:TrackPointExtension>
            <gpxtpx:hr>169</gpxtpx:hr>
          </gpxtpx:TrackPointExtension>
        </extensions>
      </trkpt>
      <trkpt lat="40.07615041034708" lon="116.33784219010433">
        <ele>45.8</ele>
        <time>2026-07-23T11:35:02.307Z</time>
        <extensions>
          <gpxtpx:TrackPointExtension>
            <gpxtpx:hr>169</gpxtpx:hr>
          </gpxtpx:TrackPointExtension>
        </extensions>
      </trkpt>
      <trkpt lat="40.07617371165597" lon="116.33784321344835">
        <ele>45.8</ele>
        <time>2026-07-23T11:35:03.307Z</time>
        <extensions>
          <gpxtpx:TrackPointExtension>
            <gpxtpx:hr>169</gpxtpx:hr>
          </gpxtpx:TrackPointExtension>
        </extensions>
      </trkpt>
      <trkpt lat="40.07619716941507" lon="116.33784384516173">
        <ele>45.8</ele>
        <time>2026-07-23T11:35:04.307Z</time>
        <extensions>
          <gpxtpx:TrackPointExtension>
            <gpxtpx:hr>169</gpxtpx:hr>
          </gpxtpx:TrackPointExtension>
        </extensions>
      </trkpt>
      <trkpt lat="40.07622076530398" lon="116.33784395676238">
        <ele>45.8</ele>
        <time>2026-07-23T11:35:05.307Z</time>
        <extensions>
          <gpxtpx:TrackPointExtension>
            <gpxtpx:hr>169</gpxtpx:hr>
          </gpxtpx:TrackPointExtension>
        </extensions>
      </trkpt>
      <trkpt lat="40.07624438701006" lon="116.33784358894546">
        <ele>45.8</ele>
        <time>2026-07-23T11:35:06.307Z</time>
        <extensions>
          <gpxtpx:TrackPointExtension>
            <gpxtpx:hr>169</gpxtpx:hr>
          </gpxtpx:TrackPointExtension>
        </extensions>
      </trkpt>
      <trkpt lat="40.07626804397698" lon="116.33784312439951">
        <ele>45.8</ele>
        <time>2026-07-23T11:35:07.307Z</time>
      </trkpt>
      <trkpt lat="40.07629174471707" lon="116.33784238664525">
        <ele>45.8</ele>
        <time>2026-07-23T11:35:08.307Z</time>
      </trkpt>
      <trkpt lat="40.07631528286432" lon="116.33784121805061">
        <ele>45.8</ele>
        <time>2026-07-23T11:35:09.307Z</time>
      </trkpt>
      <trkpt lat="40.07633849250285" lon="116.33783976234692">
        <ele>45.8</ele>
        <time>2026-07-23T11:35:10.307Z</time>
      </trkpt>
      <trkpt lat="40.076361588153524" lon="116.33783843214935">
        <ele>45.8</ele>
        <time>2026-07-23T11:35:11.307Z</time>
      </trkpt>
      <trkpt lat="40.076384413610015" lon="116.33783755495612">
        <ele>45.8</ele>
        <time>2026-07-23T11:35:12.307Z</time>
      </trkpt>
      <trkpt lat="40.07640685513968" lon="116.3378368211088">
        <ele>45.8</ele>
        <time>2026-07-23T11:35:13.307Z</time>
      </trkpt>
      <trkpt lat="40.07642914877309" lon="116.33783592205725">
        <ele>45.8</ele>
        <time>2026-07-23T11:35:14.307Z</time>
      </trkpt>
      <trkpt lat="40.07645149197428" lon="116.33783466511515">
        <ele>45.8</ele>
        <time>2026-07-23T11:35:15.307Z</time>
      </trkpt>
      <trkpt lat="40.07647399005813" lon="116.33783321870773">
        <ele>45.8</ele>
        <time>2026-07-23T11:35:16.307Z</time>
      </trkpt>
      <trkpt lat="40.07649676379563" lon="116.33783212731032">
        <ele>45.8</ele>
        <time>2026-07-23T11:35:17.307Z</time>
      </trkpt>
      <trkpt lat="40.076519800326466" lon="116.33783202459279">
        <ele>45.8</ele>
        <time>2026-07-23T11:35:18.307Z</time>
      </trkpt>
      <trkpt lat="40.07654291595477" lon="116.3378333165578">
        <ele>45.8</ele>
        <time>2026-07-23T11:35:19.307Z</time>
      </trkpt>
      <trkpt lat="40.076566017185" lon="116.3378355514228">
        <ele>45.8</ele>
        <time>2026-07-23T11:35:20.307Z</time>
      </trkpt>
      <trkpt lat="40.07658919696277" lon="116.33783772343308">
        <ele>45.9</ele>
        <time>2026-07-23T11:35:21.307Z</time>
      </trkpt>
      <trkpt lat="40.076612670001765" lon="116.3378389525911">
        <ele>45.9</ele>
        <time>2026-07-23T11:35:22.307Z</time>
      </trkpt>
      <trkpt lat="40.076636421866226" lon="116.3378388727277">
        <ele>45.9</ele>
        <time>2026-07-23T11:35:23.306Z</time>
      </trkpt>
      <trkpt lat="40.07666022794155" lon="116.33783768013127">
        <ele>45.9</ele>
        <time>2026-07-23T11:35:24.307Z</time>
      </trkpt>
      <trkpt lat="40.07668398030305" lon="116.33783566146141">
        <ele>45.9</ele>
        <time>2026-07-23T11:35:25.307Z</time>
      </trkpt>
      <trkpt lat="40.07670766493319" lon="116.33783248797869">
        <ele>45.8</ele>
        <time>2026-07-23T11:35:26.307Z</time>
      </trkpt>
      <trkpt lat="40.07673137992885" lon="116.33782737080494">
        <ele>45.8</ele>
        <time>2026-07-23T11:35:27.307Z</time>
      </trkpt>
      <trkpt lat="40.07675502537442" lon="116.33781991262924">
        <ele>45.8</ele>
        <time>2026-07-23T11:35:28.307Z</time>
      </trkpt>
      <trkpt lat="40.07677823307569" lon="116.33781008515032">
        <ele>45.8</ele>
        <time>2026-07-23T11:35:29.306Z</time>
      </trkpt>
      <trkpt lat="40.07680086005981" lon="116.33779796330974">
        <ele>45.8</ele>
        <time>2026-07-23T11:35:30.306Z</time>
      </trkpt>
      <trkpt lat="40.076822887686006" lon="116.33778336754546">
        <ele>45.8</ele>
        <time>2026-07-23T11:35:31.307Z</time>
      </trkpt>
      <trkpt lat="40.07684424458306" lon="116.33776630406267">
        <ele>45.7</ele>
        <time>2026-07-23T11:35:32.307Z</time>
      </trkpt>
      <trkpt lat="40.07686506557697" lon="116.33774772814643">
        <ele>45.7</ele>
        <time>2026-07-23T11:35:33.307Z</time>
      </trkpt>
      <trkpt lat="40.076885193774196" lon="116.33772811322949">
        <ele>45.7</ele>
        <time>2026-07-23T11:35:34.307Z</time>
      </trkpt>
      <trkpt lat="40.07690426545136" lon="116.33770726822992">
        <ele>45.7</ele>
        <time>2026-07-23T11:35:35.307Z</time>
      </trkpt>
      <trkpt lat="40.076922304580734" lon="116.3376854939341">
        <ele>45.6</ele>
        <time>2026-07-23T11:35:36.307Z</time>
      </trkpt>
      <trkpt lat="40.076938820061194" lon="116.33766240213532">
        <ele>45.6</ele>
        <time>2026-07-23T11:35:37.307Z</time>
      </trkpt>
      <trkpt lat="40.076953335197274" lon="116.33763754819952">
        <ele>45.5</ele>
        <time>2026-07-23T11:35:38.307Z</time>
      </trkpt>
      <trkpt lat="40.07696611974096" lon="116.33761127212453">
        <ele>45.5</ele>
        <time>2026-07-23T11:35:39.307Z</time>
      </trkpt>
      <trkpt lat="40.076977343149345" lon="116.3375836052628">
        <ele>45.5</ele>
        <time>2026-07-23T11:35:40.306Z</time>
      </trkpt>
      <trkpt lat="40.07698722422234" lon="116.33755471631927">
        <ele>45.4</ele>
        <time>2026-07-23T11:35:41.307Z</time>
      </trkpt>
      <trkpt lat="40.07699570911772" lon="116.33752521822598">
        <ele>45.4</ele>
        <time>2026-07-23T11:35:42.307Z</time>
      </trkpt>
      <trkpt lat="40.07700247491847" lon="116.33749563281823">
        <ele>45.4</ele>
        <time>2026-07-23T11:35:43.307Z</time>
      </trkpt>
      <trkpt lat="40.07700775987166" lon="116.33746629471243">
        <ele>45.3</ele>
        <time>2026-07-23T11:35:44.306Z</time>
      </trkpt>
      <trkpt lat="40.07701146191065" lon="116.3374371017668">
        <ele>45.3</ele>
        <time>2026-07-23T11:35:45.306Z</time>
      </trkpt>
      <trkpt lat="40.077012999441465" lon="116.33740761143025">
        <ele>45.3</ele>
        <time>2026-07-23T11:35:46.307Z</time>
      </trkpt>
      <trkpt lat="40.07701259182656" lon="116.33737769521015">
        <ele>45.3</ele>
        <time>2026-07-23T11:35:47.306Z</time>
      </trkpt>
      <trkpt lat="40.077010704788776" lon="116.33734750363955">
        <ele>45.3</ele>
        <time>2026-07-23T11:35:48.306Z</time>
      </trkpt>
      <trkpt lat="40.07700725904144" lon="116.33731722127426">
        <ele>45.3</ele>
        <time>2026-07-23T11:35:49.306Z</time>
      </trkpt>
      <trkpt lat="40.077002204468926" lon="116.3372870672968">
        <ele>45.3</ele>
        <time>2026-07-23T11:35:50.306Z</time>
      </trkpt>
      <trkpt lat="40.07699559008929" lon="116.33725728423234">
        <ele>45.3</ele>
        <time>2026-07-23T11:35:51.306Z</time>
      </trkpt>
      <trkpt lat="40.076987421719316" lon="116.33722795278617">
        <ele>45.3</ele>
        <time>2026-07-23T11:35:52.306Z</time>
      </trkpt>
      <trkpt lat="40.076977822534204" lon="116.33719904188814">
        <ele>45.3</ele>
        <time>2026-07-23T11:35:53.306Z</time>
      </trkpt>
      <trkpt lat="40.07696678628857" lon="116.33717075100365">
        <ele>45.3</ele>
        <time>2026-07-23T11:35:54.306Z</time>
      </trkpt>
      <trkpt lat="40.07695466975588" lon="116.33714326614471">
        <ele>45.3</ele>
        <time>2026-07-23T11:35:55.307Z</time>
      </trkpt>
      <trkpt lat="40.07694197947211" lon="116.33711669772896">
        <ele>45.3</ele>
        <time>2026-07-23T11:35:56.307Z</time>
      </trkpt>
      <trkpt lat="40.07692859164944" lon="116.33709147523427">
        <ele>45.3</ele>
        <time>2026-07-23T11:35:57.306Z</time>
      </trkpt>
      <trkpt lat="40.07691425372639" lon="116.3370682983774">
        <ele>45.3</ele>
        <time>2026-07-23T11:35:58.307Z</time>
      </trkpt>
      <trkpt lat="40.076898685290814" lon="116.33704732071682">
        <ele>45.3</ele>
        <time>2026-07-23T11:35:59.306Z</time>
      </trkpt>
      <trkpt lat="40.07688212771957" lon="116.33702763074825">
        <ele>45.3</ele>
        <time>2026-07-23T11:36:00.306Z</time>
      </trkpt>
      <trkpt lat="40.07686509363003" lon="116.33700816053212">
        <ele>45.3</ele>
        <time>2026-07-23T11:36:01.306Z</time>
      </trkpt>
      <trkpt lat="40.076847468917464" lon="116.3369890479505">
        <ele>45.3</ele>
        <time>2026-07-23T11:36:02.306Z</time>
      </trkpt>
      <trkpt lat="40.076829095806715" lon="116.33697064998105">
        <ele>45.3</ele>
        <time>2026-07-23T11:36:03.306Z</time>
      </trkpt>
      <trkpt lat="40.076810421886904" lon="116.33695222925532">
        <ele>45.3</ele>
        <time>2026-07-23T11:36:04.306Z</time>
      </trkpt>
      <trkpt lat="40.076791382769535" lon="116.33693372202158">
        <ele>45.4</ele>
        <time>2026-07-23T11:36:05.306Z</time>
      </trkpt>
      <trkpt lat="40.07677163005181" lon="116.33691557235204">
        <ele>45.4</ele>
        <time>2026-07-23T11:36:06.306Z</time>
      </trkpt>
      <trkpt lat="40.07675127482006" lon="116.33689787133846">
        <ele>45.4</ele>
        <time>2026-07-23T11:36:07.306Z</time>
      </trkpt>
      <trkpt lat="40.076729995388995" lon="116.33688166551674">
        <ele>45.4</ele>
        <time>2026-07-23T11:36:08.306Z</time>
      </trkpt>
      <trkpt lat="40.07670754186793" lon="116.3368681386762">
        <ele>45.4</ele>
        <time>2026-07-23T11:36:09.306Z</time>
      </trkpt>
      <trkpt lat="40.07668428269832" lon="116.33685780838131">
        <ele>45.4</ele>
        <time>2026-07-23T11:36:10.306Z</time>
      </trkpt>
      <trkpt lat="40.07666089950884" lon="116.33685005940404">
        <ele>45.4</ele>
        <time>2026-07-23T11:36:11.306Z</time>
      </trkpt>
      <trkpt lat="40.07663822946286" lon="116.3368426894431">
        <ele>45.4</ele>
        <time>2026-07-23T11:36:12.306Z</time>
      </trkpt>
      <trkpt lat="40.076617361733966" lon="116.33683309128364">
        <ele>45.4</ele>
        <time>2026-07-23T11:36:13.306Z</time>
      </trkpt>
      <trkpt lat="40.07659626154507" lon="116.33682491368846">
        <ele>45.4</ele>
        <time>2026-07-23T11:36:14.306Z</time>
      </trkpt>
      <trkpt lat="40.07657291712535" lon="116.33682144375652">
        <ele>45.4</ele>
        <time>2026-07-23T11:36:15.306Z</time>
      </trkpt>
      <trkpt lat="40.07654844856824" lon="116.33682052729264">
        <ele>45.4</ele>
        <time>2026-07-23T11:36:16.306Z</time>
      </trkpt>
      <trkpt lat="40.076523637514626" lon="116.33682129768772">
        <ele>45.4</ele>
        <time>2026-07-23T11:36:17.306Z</time>
      </trkpt>
      <trkpt lat="40.07649891898452" lon="116.33682297560924">
        <ele>45.5</ele>
        <time>2026-07-23T11:36:18.305Z</time>
      </trkpt>
      <trkpt lat="40.076474356911696" lon="116.33682532892564">
        <ele>45.5</ele>
        <time>2026-07-23T11:36:19.306Z</time>
      </trkpt>
      <trkpt lat="40.07645004273515" lon="116.33682837759997">
        <ele>45.5</ele>
        <time>2026-07-23T11:36:20.306Z</time>
      </trkpt>
      <trkpt lat="40.07642575270184" lon="116.33683192572775">
        <ele>45.5</ele>
        <time>2026-07-23T11:36:21.306Z</time>
      </trkpt>
      <trkpt lat="40.076401328364" lon="116.33683650698525">
        <ele>45.5</ele>
        <time>2026-07-23T11:36:22.306Z</time>
      </trkpt>
      <trkpt lat="40.07637667628966" lon="116.33684208233754">
        <ele>45.5</ele>
        <time>2026-07-23T11:36:23.306Z</time>
      </trkpt>
      <trkpt lat="40.076351592532696" lon="116.33684751782955">
        <ele>45.5</ele>
        <time>2026-07-23T11:36:24.306Z</time>
      </trkpt>
      <trkpt lat="40.07632622782896" lon="116.33685241795125">
        <ele>45.5</ele>
        <time>2026-07-23T11:36:25.306Z</time>
      </trkpt>
      <trkpt lat="40.07630091230883" lon="116.33685660219335">
        <ele>45.5</ele>
        <time>2026-07-23T11:36:26.306Z</time>
      </trkpt>
      <trkpt lat="40.076275725164564" lon="116.33685995314534">
        <ele>45.5</ele>
        <time>2026-07-23T11:36:27.306Z</time>
      </trkpt>
      <trkpt lat="40.0762504862887" lon="116.33686267954023">
        <ele>45.5</ele>
        <time>2026-07-23T11:36:28.306Z</time>
      </trkpt>
      <trkpt lat="40.07622491901141" lon="116.33686499434404">
        <ele>45.5</ele>
        <time>2026-07-23T11:36:29.306Z</time>
      </trkpt>
      <trkpt lat="40.076198932483834" lon="116.33686749551555">
        <ele>45.4</ele>
        <time>2026-07-23T11:36:30.306Z</time>
      </trkpt>
      <trkpt lat="40.07617255179697" lon="116.33687025845694">
        <ele>45.4</ele>
        <time>2026-07-23T11:36:31.306Z</time>
      </trkpt>
      <trkpt lat="40.07614580619112" lon="116.33687323411363">
        <ele>45.4</ele>
        <time>2026-07-23T11:36:32.306Z</time>
      </trkpt>
      <trkpt lat="40.07611880556681" lon="116.33687639395724">
        <ele>45.4</ele>
        <time>2026-07-23T11:36:33.306Z</time>
      </trkpt>
      <trkpt lat="40.07609163735464" lon="116.3368791189124">
        <ele>45.4</ele>
        <time>2026-07-23T11:36:34.306Z</time>
      </trkpt>
      <trkpt lat="40.076064313347445" lon="116.33688087939474">
        <ele>45.4</ele>
        <time>2026-07-23T11:36:35.306Z</time>
        <extensions>
          <gpxtpx:TrackPointExtension>
            <gpxtpx:hr>169</gpxtpx:hr>
          </gpxtpx:TrackPointExtension>
        </extensions>
      </trkpt>
      <trkpt lat="40.07603687955422" lon="116.33688255633201">
        <ele>45.4</ele>
        <time>2026-07-23T11:36:36.306Z</time>
        <extensions>
          <gpxtpx:TrackPointExtension>
            <gpxtpx:hr>169</gpxtpx:hr>
          </gpxtpx:TrackPointExtension>
        </extensions>
      </trkpt>
      <trkpt lat="40.0760094153346" lon="116.33688517123716">
        <ele>45.4</ele>
        <time>2026-07-23T11:36:37.306Z</time>
        <extensions>
          <gpxtpx:TrackPointExtension>
            <gpxtpx:hr>169</gpxtpx:hr>
          </gpxtpx:TrackPointExtension>
        </extensions>
      </trkpt>
      <trkpt lat="40.07598194317383" lon="116.33688801029783">
        <ele>45.4</ele>
        <time>2026-07-23T11:36:38.306Z</time>
        <extensions>
          <gpxtpx:TrackPointExtension>
            <gpxtpx:hr>169</gpxtpx:hr>
          </gpxtpx:TrackPointExtension>
        </extensions>
      </trkpt>
      <trkpt lat="40.07595450418663" lon="116.33689079927215">
        <ele>45.4</ele>
        <time>2026-07-23T11:36:39.306Z</time>
        <extensions>
          <gpxtpx:TrackPointExtension>
            <gpxtpx:hr>169</gpxtpx:hr>
          </gpxtpx:TrackPointExtension>
        </extensions>
      </trkpt>
      <trkpt lat="40.07592719016183" lon="116.33689378541271">
        <ele>45.4</ele>
        <time>2026-07-23T11:36:40.306Z</time>
        <extensions>
          <gpxtpx:TrackPointExtension>
            <gpxtpx:hr>169</gpxtpx:hr>
          </gpxtpx:TrackPointExtension>
        </extensions>
      </trkpt>
      <trkpt lat="40.07590014548876" lon="116.33689669631879">
        <ele>45.4</ele>
        <time>2026-07-23T11:36:41.306Z</time>
        <extensions>
          <gpxtpx:TrackPointExtension>
            <gpxtpx:hr>169</gpxtpx:hr>
          </gpxtpx:TrackPointExtension>
        </extensions>
      </trkpt>
      <trkpt lat="40.07587354608148" lon="116.3368993699119">
        <ele>45.4</ele>
        <time>2026-07-23T11:36:42.306Z</time>
        <extensions>
          <gpxtpx:TrackPointExtension>
            <gpxtpx:hr>169</gpxtpx:hr>
          </gpxtpx:TrackPointExtension>
        </extensions>
      </trkpt>
      <trkpt lat="40.07584729215483" lon="116.33690199066902">
        <ele>45.4</ele>
        <time>2026-07-23T11:36:43.306Z</time>
        <extensions>
          <gpxtpx:TrackPointExtension>
            <gpxtpx:hr>169</gpxtpx:hr>
          </gpxtpx:TrackPointExtension>
        </extensions>
      </trkpt>
      <trkpt lat="40.07582138539175" lon="116.33690503605791">
        <ele>45.4</ele>
        <time>2026-07-23T11:36:44.306Z</time>
        <extensions>
          <gpxtpx:TrackPointExtension>
            <gpxtpx:hr>169</gpxtpx:hr>
          </gpxtpx:TrackPointExtension>
        </extensions>
      </trkpt>
      <trkpt lat="40.075795734829285" lon="116.33690829854862">
        <ele>45.4</ele>
        <time>2026-07-23T11:36:45.306Z</time>
        <extensions>
          <gpxtpx:TrackPointExtension>
            <gpxtpx:hr>169</gpxtpx:hr>
          </gpxtpx:TrackPointExtension>
        </extensions>
      </trkpt>
      <trkpt lat="40.075770226282025" lon="116.33691155398786">
        <ele>45.4</ele>
        <time>2026-07-23T11:36:46.306Z</time>
        <extensions>
          <gpxtpx:TrackPointExtension>
            <gpxtpx:hr>169</gpxtpx:hr>
          </gpxtpx:TrackPointExtension>
        </extensions>
      </trkpt>
      <trkpt lat="40.075744900563116" lon="116.33691534016391">
        <ele>45.4</ele>
        <time>2026-07-23T11:36:47.306Z</time>
        <extensions>
          <gpxtpx:TrackPointExtension>
            <gpxtpx:hr>169</gpxtpx:hr>
          </gpxtpx:TrackPointExtension>
        </extensions>
      </trkpt>
      <trkpt lat="40.07571966162429" lon="116.33691912855369">
        <ele>45.4</ele>
        <time>2026-07-23T11:36:48.306Z</time>
        <extensions>
          <gpxtpx:TrackPointExtension>
            <gpxtpx:hr>169</gpxtpx:hr>
          </gpxtpx:TrackPointExtension>
        </extensions>
      </trkpt>    </trkseg>
  </trk>
</gpx>