<?xml version="1.0" encoding="UTF-8"?>
<gpx version="1.1" creator="HealthSync iOS"
     xmlns="http://www.topografix.com/GPX/1/1"
     xmlns:gpxtpx="http://www.garmin.com/xmlschemas/TrackPointExtension/v1"
     xmlns:xsi="http://www.w3.org/2001/XMLSchema-instance"
     xsi:schemaLocation="http://www.topografix.com/GPX/1/1 http://www.topografix.com/GPX/1/1/gpx.xsd http://www.garmin.com/xmlschemas/TrackPointExtension/v1 http://www.garmin.com/xmlschemas/TrackPointExtensionv1.xsd">
  <trk>
    <name>Activity 2026/8/18, 19:54</name>
    <type>running</type>
    <trkseg>
      <trkpt lat="40.07566185105325" lon="116.33790843825022">
        <ele>45.6</ele>
        <time>2026-08-18T11:54:14.811Z</time>
        <extensions>
          <gpxtpx:TrackPointExtension>
            <gpxtpx:hr>144</gpxtpx:hr>
          </gpxtpx:TrackPointExtension>
        </extensions>
      </trkpt>
      <trkpt lat="40.075674948974424" lon="116.33790315187645">
        <ele>45.6</ele>
        <time>2026-08-18T11:54:15.811Z</time>
        <extensions>
          <gpxtpx:TrackPointExtension>
            <gpxtpx:hr>144</gpxtpx:hr>
          </gpxtpx:TrackPointExtension>
        </extensions>
      </trkpt>
      <trkpt lat="40.07568930433098" lon="116.33789897615549">
        <ele>45.6</ele>
        <time>2026-08-18T11:54:16.811Z</time>
        <extensions>
          <gpxtpx:TrackPointExtension>
            <gpxtpx:hr>144</gpxtpx:hr>
          </gpxtpx:TrackPointExtension>
        </extensions>
      </trkpt>
      <trkpt lat="40.07570638726437" lon="116.3378968843422">
        <ele>45.6</ele>
        <time>2026-08-18T11:54:17.811Z</time>
        <extensions>
          <gpxtpx:TrackPointExtension>
            <gpxtpx:hr>144</gpxtpx:hr>
          </gpxtpx:TrackPointExtension>
        </extensions>
      </trkpt>
      <trkpt lat="40.07572612608946" lon="116.33789660669976">
        <ele>45.6</ele>
        <time>2026-08-18T11:54:18.811Z</time>
        <extensions>
          <gpxtpx:TrackPointExtension>
            <gpxtpx:hr>144</gpxtpx:hr>
          </gpxtpx:TrackPointExtension>
        </extensions>
      </trkpt>
      <trkpt lat="40.07574789452753" lon="116.33789645139841">
        <ele>45.5</ele>
        <time>2026-08-18T11:54:19.811Z</time>
        <extensions>
          <gpxtpx:TrackPointExtension>
            <gpxtpx:hr>144</gpxtpx:hr>
          </gpxtpx:TrackPointExtension>
        </extensions>
      </trkpt>
      <trkpt lat="40.07577125393799" lon="116.33789456688444">
        <ele>45.5</ele>
        <time>2026-08-18T11:54:20.811Z</time>
        <extensions>
          <gpxtpx:TrackPointExtension>
            <gpxtpx:hr>144</gpxtpx:hr>
          </gpxtpx:TrackPointExtension>
        </extensions>
      </trkpt>
      <trkpt lat="40.075796484241195" lon="116.33789196034365">
        <ele>45.5</ele>
        <time>2026-08-18T11:54:21.811Z</time>
        <extensions>
          <gpxtpx:TrackPointExtension>
            <gpxtpx:hr>144</gpxtpx:hr>
          </gpxtpx:TrackPointExtension>
        </extensions>
      </trkpt>
      <trkpt lat="40.07582355933839" lon="116.33788761987788">
        <ele>45.4</ele>
        <time>2026-08-18T11:54:22.811Z</time>
        <extensions>
          <gpxtpx:TrackPointExtension>
            <gpxtpx:hr>144</gpxtpx:hr>
          </gpxtpx:TrackPointExtension>
        </extensions>
      </trkpt>
      <trkpt lat="40.07585153055638" lon="116.33787838414813">
        <ele>45.4</ele>
        <time>2026-08-18T11:54:23.811Z</time>
        <extensions>
          <gpxtpx:TrackPointExtension>
            <gpxtpx:hr>144</gpxtpx:hr>
          </gpxtpx:TrackPointExtension>
        </extensions>
      </trkpt>
      <trkpt lat="40.07588038076338" lon="116.33786662717526">
        <ele>45.3</ele>
        <time>2026-08-18T11:54:24.811Z</time>
        <extensions>
          <gpxtpx:TrackPointExtension>
            <gpxtpx:hr>144</gpxtpx:hr>
          </gpxtpx:TrackPointExtension>
        </extensions>
      </trkpt>
      <trkpt lat="40.07591082787449" lon="116.33785686670699">
        <ele>45.3</ele>
        <time>2026-08-18T11:54:25.811Z</time>
        <extensions>
          <gpxtpx:TrackPointExtension>
            <gpxtpx:hr>144</gpxtpx:hr>
          </gpxtpx:TrackPointExtension>
        </extensions>
      </trkpt>
      <trkpt lat="40.07594230429608" lon="116.3378498770269">
        <ele>45.2</ele>
        <time>2026-08-18T11:54:26.811Z</time>
        <extensions>
          <gpxtpx:TrackPointExtension>
            <gpxtpx:hr>144</gpxtpx:hr>
          </gpxtpx:TrackPointExtension>
        </extensions>
      </trkpt>
      <trkpt lat="40.07597443183794" lon="116.33784476835403">
        <ele>45.2</ele>
        <time>2026-08-18T11:54:27.811Z</time>
        <extensions>
          <gpxtpx:TrackPointExtension>
            <gpxtpx:hr>144</gpxtpx:hr>
          </gpxtpx:TrackPointExtension>
        </extensions>
      </trkpt>
      <trkpt lat="40.07600666820862" lon="116.33784093937415">
        <ele>45.2</ele>
        <time>2026-08-18T11:54:28.811Z</time>
        <extensions>
          <gpxtpx:TrackPointExtension>
            <gpxtpx:hr>144</gpxtpx:hr>
          </gpxtpx:TrackPointExtension>
        </extensions>
      </trkpt>
      <trkpt lat="40.07603841137576" lon="116.33783584069388">
        <ele>45.1</ele>
        <time>2026-08-18T11:54:29.811Z</time>
        <extensions>
          <gpxtpx:TrackPointExtension>
            <gpxtpx:hr>144</gpxtpx:hr>
          </gpxtpx:TrackPointExtension>
        </extensions>
      </trkpt>
      <trkpt lat="40.07606958216833" lon="116.33782909155107">
        <ele>45.1</ele>
        <time>2026-08-18T11:54:30.811Z</time>
        <extensions>
          <gpxtpx:TrackPointExtension>
            <gpxtpx:hr>144</gpxtpx:hr>
          </gpxtpx:TrackPointExtension>
        </extensions>
      </trkpt>
      <trkpt lat="40.07610044881701" lon="116.33782262116615">
        <ele>45.0</ele>
        <time>2026-08-18T11:54:31.811Z</time>
        <extensions>
          <gpxtpx:TrackPointExtension>
            <gpxtpx:hr>144</gpxtpx:hr>
          </gpxtpx:TrackPointExtension>
        </extensions>
      </trkpt>
      <trkpt lat="40.0761310509989" lon="116.33781657993">
        <ele>45.0</ele>
        <time>2026-08-18T11:54:32.811Z</time>
      </trkpt>
      <trkpt lat="40.0761613542996" lon="116.33781068246877">
        <ele>45.0</ele>
        <time>2026-08-18T11:54:33.811Z</time>
      </trkpt>
      <trkpt lat="40.07619122796658" lon="116.33780473843302">
        <ele>44.9</ele>
        <time>2026-08-18T11:54:34.811Z</time>
      </trkpt>
      <trkpt lat="40.07622084984561" lon="116.33779964385634">
        <ele>44.9</ele>
        <time>2026-08-18T11:54:35.811Z</time>
      </trkpt>
      <trkpt lat="40.07625015076697" lon="116.33779637683797">
        <ele>44.9</ele>
        <time>2026-08-18T11:54:36.811Z</time>
      </trkpt>
      <trkpt lat="40.0762790656998" lon="116.33779442404638">
        <ele>44.9</ele>
        <time>2026-08-18T11:54:37.811Z</time>
      </trkpt>
      <trkpt lat="40.07630757939737" lon="116.33779330671945">
        <ele>44.9</ele>
        <time>2026-08-18T11:54:38.811Z</time>
      </trkpt>
      <trkpt lat="40.07633571206932" lon="116.3377927982454">
        <ele>44.9</ele>
        <time>2026-08-18T11:54:39.811Z</time>
      </trkpt>
      <trkpt lat="40.07636364799527" lon="116.33779211347482">
        <ele>44.9</ele>
        <time>2026-08-18T11:54:40.811Z</time>
      </trkpt>
      <trkpt lat="40.076391569248536" lon="116.33779152329733">
        <ele>44.9</ele>
        <time>2026-08-18T11:54:41.811Z</time>
      </trkpt>
      <trkpt lat="40.07641971814748" lon="116.33779175534633">
        <ele>44.9</ele>
        <time>2026-08-18T11:54:42.811Z</time>
      </trkpt>
      <trkpt lat="40.0764482632866" lon="116.33779196237013">
        <ele>44.9</ele>
        <time>2026-08-18T11:54:43.811Z</time>
      </trkpt>
      <trkpt lat="40.07647734096694" lon="116.33779134468502">
        <ele>45.0</ele>
        <time>2026-08-18T11:54:44.811Z</time>
      </trkpt>
      <trkpt lat="40.07650734958949" lon="116.33778991984181">
        <ele>45.0</ele>
        <time>2026-08-18T11:54:45.811Z</time>
      </trkpt>
      <trkpt lat="40.07653853046542" lon="116.33778793241221">
        <ele>45.0</ele>
        <time>2026-08-18T11:54:46.811Z</time>
      </trkpt>
      <trkpt lat="40.076570581370504" lon="116.3377853357754">
        <ele>45.0</ele>
        <time>2026-08-18T11:54:47.811Z</time>
      </trkpt>
      <trkpt lat="40.076603124203785" lon="116.33778197303332">
        <ele>45.0</ele>
        <time>2026-08-18T11:54:48.811Z</time>
      </trkpt>
      <trkpt lat="40.076635986570906" lon="116.3377781069028">
        <ele>45.0</ele>
        <time>2026-08-18T11:54:49.811Z</time>
      </trkpt>
      <trkpt lat="40.0766688051893" lon="116.33777327573759">
        <ele>44.9</ele>
        <time>2026-08-18T11:54:50.811Z</time>
      </trkpt>
      <trkpt lat="40.07670130588226" lon="116.33776684466366">
        <ele>44.9</ele>
        <time>2026-08-18T11:54:51.811Z</time>
      </trkpt>
      <trkpt lat="40.076733480779815" lon="116.33775940287497">
        <ele>44.9</ele>
        <time>2026-08-18T11:54:52.811Z</time>
      </trkpt>
      <trkpt lat="40.076765390281" lon="116.3377521292489">
        <ele>44.8</ele>
        <time>2026-08-18T11:54:53.811Z</time>
      </trkpt>
      <trkpt lat="40.07679693003788" lon="116.33774390466722">
        <ele>44.8</ele>
        <time>2026-08-18T11:54:54.811Z</time>
      </trkpt>
      <trkpt lat="40.0768278654196" lon="116.33773338075754">
        <ele>44.7</ele>
        <time>2026-08-18T11:54:55.811Z</time>
      </trkpt>
      <trkpt lat="40.07685801765618" lon="116.33771972996232">
        <ele>44.7</ele>
        <time>2026-08-18T11:54:56.811Z</time>
      </trkpt>
      <trkpt lat="40.07688708679971" lon="116.33770262501567">
        <ele>44.6</ele>
        <time>2026-08-18T11:54:57.811Z</time>
      </trkpt>
      <trkpt lat="40.07691464043067" lon="116.33768161892533">
        <ele>44.6</ele>
        <time>2026-08-18T11:54:58.811Z</time>
      </trkpt>
      <trkpt lat="40.076940286478056" lon="116.33765658427068">
        <ele>44.5</ele>
        <time>2026-08-18T11:54:59.810Z</time>
      </trkpt>
      <trkpt lat="40.07696418927725" lon="116.33762861542512">
        <ele>44.5</ele>
        <time>2026-08-18T11:55:00.811Z</time>
      </trkpt>
      <trkpt lat="40.076986498875364" lon="116.33759855143036">
        <ele>44.4</ele>
        <time>2026-08-18T11:55:01.811Z</time>
      </trkpt>
      <trkpt lat="40.07700717518621" lon="116.33756660434814">
        <ele>44.4</ele>
        <time>2026-08-18T11:55:02.811Z</time>
      </trkpt>
      <trkpt lat="40.077026553096" lon="116.33753332712591">
        <ele>44.3</ele>
        <time>2026-08-18T11:55:03.811Z</time>
      </trkpt>
      <trkpt lat="40.0770445398792" lon="116.33749879332736">
        <ele>44.3</ele>
        <time>2026-08-18T11:55:04.811Z</time>
      </trkpt>
      <trkpt lat="40.077060007700666" lon="116.33746248615151">
        <ele>44.3</ele>
        <time>2026-08-18T11:55:05.811Z</time>
      </trkpt>
      <trkpt lat="40.0770728898597" lon="116.33742482157822">
        <ele>44.2</ele>
        <time>2026-08-18T11:55:06.811Z</time>
      </trkpt>
      <trkpt lat="40.07708359337082" lon="116.3373863518904">
        <ele>44.2</ele>
        <time>2026-08-18T11:55:07.811Z</time>
      </trkpt>
      <trkpt lat="40.077091140077364" lon="116.33734687785068">
        <ele>44.1</ele>
        <time>2026-08-18T11:55:08.810Z</time>
      </trkpt>
      <trkpt lat="40.07709480446582" lon="116.33730630763623">
        <ele>44.1</ele>
        <time>2026-08-18T11:55:09.811Z</time>
      </trkpt>
      <trkpt lat="40.07709494895598" lon="116.3372651790127">
        <ele>44.1</ele>
        <time>2026-08-18T11:55:10.811Z</time>
      </trkpt>
      <trkpt lat="40.077091973123835" lon="116.33722410749128">
        <ele>44.1</ele>
        <time>2026-08-18T11:55:11.811Z</time>
      </trkpt>
      <trkpt lat="40.07708643508854" lon="116.33718346297606">
        <ele>44.1</ele>
        <time>2026-08-18T11:55:12.811Z</time>
      </trkpt>
      <trkpt lat="40.07707842052043" lon="116.33714370301364">
        <ele>44.0</ele>
        <time>2026-08-18T11:55:13.810Z</time>
      </trkpt>
      <trkpt lat="40.07706789596285" lon="116.3371049597217">
        <ele>44.0</ele>
        <time>2026-08-18T11:55:14.811Z</time>
      </trkpt>
      <trkpt lat="40.07705540179448" lon="116.33706732637043">
        <ele>44.0</ele>
        <time>2026-08-18T11:55:15.811Z</time>
      </trkpt>
      <trkpt lat="40.07704105117049" lon="116.33703091834397">
        <ele>44.0</ele>
        <time>2026-08-18T11:55:16.811Z</time>
      </trkpt>
      <trkpt lat="40.077024380300855" lon="116.33699611565504">
        <ele>44.1</ele>
        <time>2026-08-18T11:55:17.811Z</time>
      </trkpt>
      <trkpt lat="40.07700526276265" lon="116.3369633672293">
        <ele>44.1</ele>
        <time>2026-08-18T11:55:18.811Z</time>
      </trkpt>
      <trkpt lat="40.07698435026586" lon="116.33693249039173">
        <ele>44.1</ele>
        <time>2026-08-18T11:55:19.810Z</time>
      </trkpt>
      <trkpt lat="40.076961982916245" lon="116.33690354206767">
        <ele>44.2</ele>
        <time>2026-08-18T11:55:20.810Z</time>
      </trkpt>
      <trkpt lat="40.07693828096374" lon="116.33687677391181">
        <ele>44.2</ele>
        <time>2026-08-18T11:55:21.810Z</time>
      </trkpt>
      <trkpt lat="40.07691313312244" lon="116.3368526363867">
        <ele>44.2</ele>
        <time>2026-08-18T11:55:22.811Z</time>
      </trkpt>
      <trkpt lat="40.07688644838645" lon="116.33683156264145">
        <ele>44.3</ele>
        <time>2026-08-18T11:55:23.811Z</time>
      </trkpt>
      <trkpt lat="40.076858404207194" lon="116.33681345120426">
        <ele>44.3</ele>
        <time>2026-08-18T11:55:24.811Z</time>
      </trkpt>
      <trkpt lat="40.07682916173909" lon="116.33679897790685">
        <ele>44.3</ele>
        <time>2026-08-18T11:55:25.811Z</time>
      </trkpt>
      <trkpt lat="40.076799166458386" lon="116.3367881638624">
        <ele>44.4</ele>
        <time>2026-08-18T11:55:26.810Z</time>
      </trkpt>
      <trkpt lat="40.076768828988996" lon="116.3367802663369">
        <ele>44.4</ele>
        <time>2026-08-18T11:55:27.811Z</time>
      </trkpt>
      <trkpt lat="40.076738196878686" lon="116.33677529172972">
        <ele>44.4</ele>
        <time>2026-08-18T11:55:28.810Z</time>
      </trkpt>
      <trkpt lat="40.07670731320175" lon="116.33677311464193">
        <ele>44.5</ele>
        <time>2026-08-18T11:55:29.810Z</time>
      </trkpt>
      <trkpt lat="40.07667628881585" lon="116.33677380767352">
        <ele>44.5</ele>
        <time>2026-08-18T11:55:30.811Z</time>
      </trkpt>
      <trkpt lat="40.07664517495106" lon="116.33677703404862">
        <ele>44.5</ele>
        <time>2026-08-18T11:55:31.811Z</time>
      </trkpt>
      <trkpt lat="40.07661386409579" lon="116.33678221517978">
        <ele>44.5</ele>
        <time>2026-08-18T11:55:32.810Z</time>
      </trkpt>
      <trkpt lat="40.07658232587523" lon="116.33678890964633">
        <ele>44.6</ele>
        <time>2026-08-18T11:55:33.811Z</time>
      </trkpt>
      <trkpt lat="40.07655072723724" lon="116.33679640616965">
        <ele>44.6</ele>
        <time>2026-08-18T11:55:34.811Z</time>
      </trkpt>
      <trkpt lat="40.07651919049386" lon="116.33680467108238">
        <ele>44.6</ele>
        <time>2026-08-18T11:55:35.811Z</time>
      </trkpt>
      <trkpt lat="40.07648770871473" lon="116.33681344255794">
        <ele>44.7</ele>
        <time>2026-08-18T11:55:36.811Z</time>
      </trkpt>
      <trkpt lat="40.076456210854666" lon="116.33682210476634">
        <ele>44.7</ele>
        <time>2026-08-18T11:55:37.811Z</time>
      </trkpt>
      <trkpt lat="40.07642489317625" lon="116.33683111436038">
        <ele>44.7</ele>
        <time>2026-08-18T11:55:38.810Z</time>
      </trkpt>
      <trkpt lat="40.07639380753056" lon="116.33684034981528">
        <ele>44.7</ele>
        <time>2026-08-18T11:55:39.811Z</time>
      </trkpt>
      <trkpt lat="40.07636288084187" lon="116.33684933870083">
        <ele>44.8</ele>
        <time>2026-08-18T11:55:40.811Z</time>
      </trkpt>
      <trkpt lat="40.07633201999232" lon="116.33685799386448">
        <ele>44.8</ele>
        <time>2026-08-18T11:55:41.810Z</time>
      </trkpt>
      <trkpt lat="40.07630107851586" lon="116.33686595284338">
        <ele>44.8</ele>
        <time>2026-08-18T11:55:42.811Z</time>
      </trkpt>
      <trkpt lat="40.07627007349034" lon="116.33687300620798">
        <ele>44.9</ele>
        <time>2026-08-18T11:55:43.811Z</time>
      </trkpt>
      <trkpt lat="40.076239058131115" lon="116.33687899369448">
        <ele>44.9</ele>
        <time>2026-08-18T11:55:44.810Z</time>
      </trkpt>
      <trkpt lat="40.07620807587314" lon="116.33688375993093">
        <ele>44.9</ele>
        <time>2026-08-18T11:55:45.811Z</time>
      </trkpt>
      <trkpt lat="40.07617715527541" lon="116.3368873649541">
        <ele>45.0</ele>
        <time>2026-08-18T11:55:46.811Z</time>
      </trkpt>
      <trkpt lat="40.07614628563636" lon="116.33688971424905">
        <ele>45.0</ele>
        <time>2026-08-18T11:55:47.811Z</time>
      </trkpt>
      <trkpt lat="40.07611557182069" lon="116.33689117666069">
        <ele>45.1</ele>
        <time>2026-08-18T11:55:48.811Z</time>
      </trkpt>
      <trkpt lat="40.076085089026705" lon="116.33689266053842">
        <ele>45.1</ele>
        <time>2026-08-18T11:55:49.810Z</time>
      </trkpt>
      <trkpt lat="40.07605495594415" lon="116.33689412337186">
        <ele>45.1</ele>
        <time>2026-08-18T11:55:50.810Z</time>
      </trkpt>
      <trkpt lat="40.076025193072354" lon="116.33689527615901">
        <ele>45.1</ele>
        <time>2026-08-18T11:55:51.811Z</time>
      </trkpt>
      <trkpt lat="40.07599581625104" lon="116.33689621403116">
        <ele>45.2</ele>
        <time>2026-08-18T11:55:52.811Z</time>
      </trkpt>
      <trkpt lat="40.07596674668781" lon="116.33689683911508">
        <ele>45.2</ele>
        <time>2026-08-18T11:55:53.811Z</time>
      </trkpt>
      <trkpt lat="40.075937924223155" lon="116.33689681803315">
        <ele>45.2</ele>
        <time>2026-08-18T11:55:54.811Z</time>
      </trkpt>
      <trkpt lat="40.07590936600299" lon="116.33689581328254">
        <ele>45.2</ele>
        <time>2026-08-18T11:55:55.810Z</time>
      </trkpt>
      <trkpt lat="40.075881111297086" lon="116.33689417638847">
        <ele>45.2</ele>
        <time>2026-08-18T11:55:56.811Z</time>
      </trkpt>
      <trkpt lat="40.07585338512549" lon="116.33689422940297">
        <ele>45.2</ele>
        <time>2026-08-18T11:55:57.810Z</time>
      </trkpt>
      <trkpt lat="40.075826326185066" lon="116.3368974341661">
        <ele>45.2</ele>
        <time>2026-08-18T11:55:58.810Z</time>
      </trkpt>
      <trkpt lat="40.075799961346384" lon="116.33690288909229">
        <ele>45.2</ele>
        <time>2026-08-18T11:55:59.810Z</time>
      </trkpt>
      <trkpt lat="40.0757741191348" lon="116.33690962372543">
        <ele>45.2</ele>
        <time>2026-08-18T11:56:00.811Z</time>
      </trkpt>
      <trkpt lat="40.07574850157905" lon="116.33691660494607">
        <ele>45.3</ele>
        <time>2026-08-18T11:56:01.811Z</time>
      </trkpt>
      <trkpt lat="40.07572275901675" lon="116.33692360418283">
        <ele>45.3</ele>
        <time>2026-08-18T11:56:02.810Z</time>
      </trkpt>
      <trkpt lat="40.075696794845264" lon="116.3369312309975">
        <ele>45.3</ele>
        <time>2026-08-18T11:56:03.810Z</time>
      </trkpt>
      <trkpt lat="40.075670737576765" lon="116.33694020052978">
        <ele>45.4</ele>
        <time>2026-08-18T11:56:04.811Z</time>
      </trkpt>
      <trkpt lat="40.075644825949624" lon="116.33695082490792">
        <ele>45.4</ele>
        <time>2026-08-18T11:56:05.811Z</time>
      </trkpt>
      <trkpt lat="40.075619311335494" lon="116.33696319293873">
        <ele>45.5</ele>
        <time>2026-08-18T11:56:06.811Z</time>
      </trkpt>
      <trkpt lat="40.075594373037696" lon="116.33697747918147">
        <ele>45.6</ele>
        <time>2026-08-18T11:56:07.811Z</time>
      </trkpt>
      <trkpt lat="40.075570156913116" lon="116.33699357731821">
        <ele>45.6</ele>
        <time>2026-08-18T11:56:08.810Z</time>
      </trkpt>
      <trkpt lat="40.075547085649255" lon="116.33701193799634">
        <ele>45.7</ele>
        <time>2026-08-18T11:56:09.811Z</time>
      </trkpt>
      <trkpt lat="40.0755258329717" lon="116.33703332220924">
        <ele>45.8</ele>
        <time>2026-08-18T11:56:10.810Z</time>
      </trkpt>
      <trkpt lat="40.07550680324345" lon="116.3370582142077">
        <ele>45.9</ele>
        <time>2026-08-18T11:56:11.810Z</time>
      </trkpt>
      <trkpt lat="40.07549004972681" lon="116.33708629247425">
        <ele>45.9</ele>
        <time>2026-08-18T11:56:12.811Z</time>
      </trkpt>
      <trkpt lat="40.07547554040969" lon="116.33711714819374">
        <ele>46.0</ele>
        <time>2026-08-18T11:56:13.810Z</time>
      </trkpt>
      <trkpt lat="40.07546335340828" lon="116.33715029115542">
        <ele>46.0</ele>
        <time>2026-08-18T11:56:14.811Z</time>
      </trkpt>
      <trkpt lat="40.07545376325365" lon="116.33718502309442">
        <ele>46.0</ele>
        <time>2026-08-18T11:56:15.810Z</time>
      </trkpt>
      <trkpt lat="40.07544664494568" lon="116.33722085945456">
        <ele>46.1</ele>
        <time>2026-08-18T11:56:16.810Z</time>
      </trkpt>
      <trkpt lat="40.07544134986752" lon="116.33725732425702">
        <ele>46.1</ele>
        <time>2026-08-18T11:56:17.811Z</time>
      </trkpt>
      <trkpt lat="40.07543728189476" lon="116.33729407796426">
        <ele>46.0</ele>
        <time>2026-08-18T11:56:18.810Z</time>
      </trkpt>
      <trkpt lat="40.07543395915239" lon="116.33733088361421">
        <ele>46.0</ele>
        <time>2026-08-18T11:56:19.810Z</time>
      </trkpt>
      <trkpt lat="40.075431225242234" lon="116.33736762615429">
        <ele>46.0</ele>
        <time>2026-08-18T11:56:20.810Z</time>
      </trkpt>
      <trkpt lat="40.07542905397411" lon="116.33740432707869">
        <ele>45.9</ele>
        <time>2026-08-18T11:56:21.810Z</time>
      </trkpt>
      <trkpt lat="40.075427516411864" lon="116.33744095844078">
        <ele>45.9</ele>
        <time>2026-08-18T11:56:22.810Z</time>
      </trkpt>
      <trkpt lat="40.07542717299436" lon="116.3374774120728">
        <ele>45.8</ele>
        <time>2026-08-18T11:56:23.810Z</time>
      </trkpt>
      <trkpt lat="40.07542841114407" lon="116.33751362741634">
        <ele>45.8</ele>
        <time>2026-08-18T11:56:24.810Z</time>
      </trkpt>
      <trkpt lat="40.075431451010544" lon="116.33754944226531">
        <ele>45.7</ele>
        <time>2026-08-18T11:56:25.810Z</time>
      </trkpt>
      <trkpt lat="40.07543655290126" lon="116.33758471265358">
        <ele>45.7</ele>
        <time>2026-08-18T11:56:26.810Z</time>
      </trkpt>
      <trkpt lat="40.07544361777367" lon="116.33761950602631">
        <ele>45.6</ele>
        <time>2026-08-18T11:56:27.810Z</time>
      </trkpt>
      <trkpt lat="40.07545236315918" lon="116.33765371298618">
        <ele>45.6</ele>
        <time>2026-08-18T11:56:28.810Z</time>
      </trkpt>
      <trkpt lat="40.075462827179486" lon="116.33768681824257">
        <ele>45.5</ele>
        <time>2026-08-18T11:56:29.810Z</time>
      </trkpt>
      <trkpt lat="40.07547509958614" lon="116.3377184757231">
        <ele>45.5</ele>
        <time>2026-08-18T11:56:30.810Z</time>
      </trkpt>
      <trkpt lat="40.07548927771459" lon="116.33774861062089">
        <ele>45.5</ele>
        <time>2026-08-18T11:56:31.810Z</time>
      </trkpt>
      <trkpt lat="40.075505612990376" lon="116.33777716506962">
        <ele>45.4</ele>
        <time>2026-08-18T11:56:32.810Z</time>
      </trkpt>
      <trkpt lat="40.07552400383164" lon="116.33780390366164">
        <ele>45.4</ele>
        <time>2026-08-18T11:56:33.810Z</time>
      </trkpt>
      <trkpt lat="40.075544390179026" lon="116.33782819244074">
        <ele>45.4</ele>
        <time>2026-08-18T11:56:34.810Z</time>
      </trkpt>
      <trkpt lat="40.07556668784043" lon="116.33784931545702">
        <ele>45.3</ele>
        <time>2026-08-18T11:56:35.810Z</time>
      </trkpt>
      <trkpt lat="40.07559055913865" lon="116.33786703508254">
        <ele>45.3</ele>
        <time>2026-08-18T11:56:36.810Z</time>
      </trkpt>
      <trkpt lat="40.07561568342331" lon="116.3378816851785">
        <ele>45.3</ele>
        <time>2026-08-18T11:56:37.810Z</time>
      </trkpt>
      <trkpt lat="40.07564178399516" lon="116.3378939540897">
        <ele>45.3</ele>
        <time>2026-08-18T11:56:38.810Z</time>
      </trkpt>
      <trkpt lat="40.07566863649951" lon="116.33790447122912">
        <ele>45.2</ele>
        <time>2026-08-18T11:56:39.810Z</time>
      </trkpt>
      <trkpt lat="40.07569602194123" lon="116.33791336105426">
        <ele>45.2</ele>
        <time>2026-08-18T11:56:40.810Z</time>
      </trkpt>
      <trkpt lat="40.075723773096435" lon="116.33792018848156">
        <ele>45.2</ele>
        <time>2026-08-18T11:56:41.810Z</time>
      </trkpt>
      <trkpt lat="40.07575181143492" lon="116.3379243831543">
        <ele>45.2</ele>
        <time>2026-08-18T11:56:42.810Z</time>
      </trkpt>
      <trkpt lat="40.07578002724234" lon="116.33792577096997">
        <ele>45.2</ele>
        <time>2026-08-18T11:56:43.810Z</time>
      </trkpt>
      <trkpt lat="40.07580833644805" lon="116.337924677583">
        <ele>45.2</ele>
        <time>2026-08-18T11:56:44.810Z</time>
      </trkpt>
      <trkpt lat="40.07583671551554" lon="116.33792200029988">
        <ele>45.1</ele>
        <time>2026-08-18T11:56:45.810Z</time>
      </trkpt>
      <trkpt lat="40.07586510235919" lon="116.3379189261404">
        <ele>45.1</ele>
        <time>2026-08-18T11:56:46.810Z</time>
      </trkpt>
      <trkpt lat="40.07589339066567" lon="116.33791588206762">
        <ele>45.1</ele>
        <time>2026-08-18T11:56:47.810Z</time>
      </trkpt>
      <trkpt lat="40.075921439478066" lon="116.3379128612862">
        <ele>45.1</ele>
        <time>2026-08-18T11:56:48.810Z</time>
      </trkpt>
      <trkpt lat="40.07594920101133" lon="116.33791001153928">
        <ele>45.1</ele>
        <time>2026-08-18T11:56:49.810Z</time>
      </trkpt>
      <trkpt lat="40.075976754886135" lon="116.33790693128921">
        <ele>45.1</ele>
        <time>2026-08-18T11:56:50.810Z</time>
      </trkpt>
      <trkpt lat="40.07600412781016" lon="116.33790379435813">
        <ele>45.1</ele>
        <time>2026-08-18T11:56:51.810Z</time>
      </trkpt>
      <trkpt lat="40.07603147099071" lon="116.33790120456237">
        <ele>45.0</ele>
        <time>2026-08-18T11:56:52.810Z</time>
      </trkpt>
      <trkpt lat="40.07605879916863" lon="116.33789903980075">
        <ele>45.0</ele>
        <time>2026-08-18T11:56:53.810Z</time>
      </trkpt>
      <trkpt lat="40.076086110333115" lon="116.33789710817122">
        <ele>45.0</ele>
        <time>2026-08-18T11:56:54.810Z</time>
      </trkpt>
      <trkpt lat="40.07611348233276" lon="116.33789527506721">
        <ele>45.0</ele>
        <time>2026-08-18T11:56:55.810Z</time>
      </trkpt>
      <trkpt lat="40.076140945804674" lon="116.33789319853165">
        <ele>44.9</ele>
        <time>2026-08-18T11:56:56.810Z</time>
      </trkpt>
      <trkpt lat="40.07616827651319" lon="116.33789082905818">
        <ele>44.9</ele>
        <time>2026-08-18T11:56:57.810Z</time>
      </trkpt>
      <trkpt lat="40.076195340743425" lon="116.33788850582731">
        <ele>44.9</ele>
        <time>2026-08-18T11:56:58.810Z</time>
      </trkpt>
      <trkpt lat="40.07622220070999" lon="116.33788624452323">
        <ele>44.9</ele>
        <time>2026-08-18T11:56:59.810Z</time>
      </trkpt>
      <trkpt lat="40.07624896553004" lon="116.33788361887484">
        <ele>44.8</ele>
        <time>2026-08-18T11:57:00.810Z</time>
      </trkpt>
      <trkpt lat="40.076275551568436" lon="116.33788007863858">
        <ele>44.8</ele>
        <time>2026-08-18T11:57:01.810Z</time>
      </trkpt>
      <trkpt lat="40.07630198381533" lon="116.33787600884611">
        <ele>44.8</ele>
        <time>2026-08-18T11:57:02.810Z</time>
      </trkpt>
      <trkpt lat="40.076328388603066" lon="116.33787203896851">
        <ele>44.7</ele>
        <time>2026-08-18T11:57:03.810Z</time>
      </trkpt>
      <trkpt lat="40.076354973744216" lon="116.3378682388627">
        <ele>44.7</ele>
        <time>2026-08-18T11:57:04.810Z</time>
      </trkpt>
      <trkpt lat="40.076381836054296" lon="116.33786487939733">
        <ele>44.7</ele>
        <time>2026-08-18T11:57:05.810Z</time>
      </trkpt>
      <trkpt lat="40.07640888628821" lon="116.33786195316631">
        <ele>44.6</ele>
        <time>2026-08-18T11:57:06.810Z</time>
      </trkpt>
      <trkpt lat="40.07643601034911" lon="116.33785915832921">
        <ele>44.6</ele>
        <time>2026-08-18T11:57:07.810Z</time>
      </trkpt>
      <trkpt lat="40.07646319073965" lon="116.33785673868569">
        <ele>44.6</ele>
        <time>2026-08-18T11:57:08.810Z</time>
      </trkpt>
      <trkpt lat="40.076490541172824" lon="116.33785508025291">
        <ele>44.5</ele>
        <time>2026-08-18T11:57:09.810Z</time>
      </trkpt>
      <trkpt lat="40.07651798386256" lon="116.3378539310679">
        <ele>44.5</ele>
        <time>2026-08-18T11:57:10.810Z</time>
      </trkpt>
      <trkpt lat="40.07654554103479" lon="116.33785321462288">
        <ele>44.5</ele>
        <time>2026-08-18T11:57:11.810Z</time>
      </trkpt>
      <trkpt lat="40.07657315936614" lon="116.33785261350386">
        <ele>44.5</ele>
        <time>2026-08-18T11:57:12.810Z</time>
      </trkpt>
      <trkpt lat="40.07660064513371" lon="116.33785163694495">
        <ele>44.5</ele>
        <time>2026-08-18T11:57:13.810Z</time>
      </trkpt>
      <trkpt lat="40.07662785548758" lon="116.33785055293555">
        <ele>44.4</ele>
        <time>2026-08-18T11:57:14.810Z</time>
      </trkpt>
      <trkpt lat="40.07665469242378" lon="116.33784941567227">
        <ele>44.4</ele>
        <time>2026-08-18T11:57:15.810Z</time>
      </trkpt>
      <trkpt lat="40.076681218834146" lon="116.33784773548899">
        <ele>44.4</ele>
        <time>2026-08-18T11:57:16.810Z</time>
      </trkpt>
      <trkpt lat="40.07670743123988" lon="116.33784494557383">
        <ele>44.4</ele>
        <time>2026-08-18T11:57:17.810Z</time>
      </trkpt>
      <trkpt lat="40.076733229209935" lon="116.33784040368066">
        <ele>44.4</ele>
        <time>2026-08-18T11:57:18.810Z</time>
      </trkpt>
      <trkpt lat="40.07675839134345" lon="116.3378334464271">
        <ele>44.4</ele>
        <time>2026-08-18T11:57:19.810Z</time>
      </trkpt>
      <trkpt lat="40.07678279446291" lon="116.33782367076853">
        <ele>44.3</ele>
        <time>2026-08-18T11:57:20.810Z</time>
      </trkpt>
      <trkpt lat="40.07680629256294" lon="116.33781105314522">
        <ele>44.3</ele>
        <time>2026-08-18T11:57:21.809Z</time>
      </trkpt>
      <trkpt lat="40.07682841435122" lon="116.33779509358601">
        <ele>44.3</ele>
        <time>2026-08-18T11:57:22.810Z</time>
      </trkpt>
      <trkpt lat="40.07684887631079" lon="116.33777582554194">
        <ele>44.3</ele>
        <time>2026-08-18T11:57:23.810Z</time>
      </trkpt>
      <trkpt lat="40.07686807714541" lon="116.33775410045538">
        <ele>44.3</ele>
        <time>2026-08-18T11:57:24.810Z</time>
      </trkpt>
      <trkpt lat="40.07688636759288" lon="116.33773051480135">
        <ele>44.2</ele>
        <time>2026-08-18T11:57:25.810Z</time>
      </trkpt>
      <trkpt lat="40.07690396929747" lon="116.33770541681021">
        <ele>44.2</ele>
        <time>2026-08-18T11:57:26.810Z</time>
      </trkpt>
      <trkpt lat="40.07692081874652" lon="116.33767853764314">
        <ele>44.2</ele>
        <time>2026-08-18T11:57:27.810Z</time>
      </trkpt>
      <trkpt lat="40.076936783655704" lon="116.33764976776472">
        <ele>44.2</ele>
        <time>2026-08-18T11:57:28.810Z</time>
      </trkpt>
      <trkpt lat="40.07695163926672" lon="116.3376193013064">
        <ele>44.2</ele>
        <time>2026-08-18T11:57:29.810Z</time>
      </trkpt>
      <trkpt lat="40.07696498300567" lon="116.33758743044456">
        <ele>44.2</ele>
        <time>2026-08-18T11:57:30.810Z</time>
      </trkpt>
      <trkpt lat="40.07697675383528" lon="116.33755451466254">
        <ele>44.1</ele>
        <time>2026-08-18T11:57:31.810Z</time>
      </trkpt>
      <trkpt lat="40.07698675430799" lon="116.33752061381713">
        <ele>44.1</ele>
        <time>2026-08-18T11:57:32.810Z</time>
      </trkpt>
      <trkpt lat="40.07699479628709" lon="116.33748579978894">
        <ele>44.1</ele>
        <time>2026-08-18T11:57:33.809Z</time>
      </trkpt>
      <trkpt lat="40.07700094012544" lon="116.33745025520732">
        <ele>44.1</ele>
        <time>2026-08-18T11:57:34.810Z</time>
      </trkpt>
      <trkpt lat="40.07700509364014" lon="116.3374141886036">
        <ele>44.1</ele>
        <time>2026-08-18T11:57:35.810Z</time>
      </trkpt>
      <trkpt lat="40.07700713175796" lon="116.33737784920301">
        <ele>44.1</ele>
        <time>2026-08-18T11:57:36.810Z</time>
      </trkpt>
      <trkpt lat="40.0770071438782" lon="116.33734181329964">
        <ele>44.1</ele>
        <time>2026-08-18T11:57:37.810Z</time>
      </trkpt>
      <trkpt lat="40.077005229614855" lon="116.3373063319364">
        <ele>44.1</ele>
        <time>2026-08-18T11:57:38.810Z</time>
      </trkpt>
      <trkpt lat="40.07700147421816" lon="116.33727117979191">
        <ele>44.2</ele>
        <time>2026-08-18T11:57:39.810Z</time>
      </trkpt>
      <trkpt lat="40.07699631611231" lon="116.33723623603339">
        <ele>44.2</ele>
        <time>2026-08-18T11:57:40.810Z</time>
      </trkpt>
      <trkpt lat="40.07698977699971" lon="116.33720163293411">
        <ele>44.2</ele>
        <time>2026-08-18T11:57:41.810Z</time>
      </trkpt>
      <trkpt lat="40.07698175249318" lon="116.337167502578">
        <ele>44.2</ele>
        <time>2026-08-18T11:57:42.810Z</time>
      </trkpt>
      <trkpt lat="40.076972163908266" lon="116.33713407054957">
        <ele>44.3</ele>
        <time>2026-08-18T11:57:43.810Z</time>
      </trkpt>
      <trkpt lat="40.07696083836217" lon="116.33710157626298">
        <ele>44.3</ele>
        <time>2026-08-18T11:57:44.810Z</time>
      </trkpt>
      <trkpt lat="40.076947706429344" lon="116.33707027497326">
        <ele>44.3</ele>
        <time>2026-08-18T11:57:45.810Z</time>
      </trkpt>
      <trkpt lat="40.07693278175317" lon="116.33704025106036">
        <ele>44.4</ele>
        <time>2026-08-18T11:57:46.810Z</time>
      </trkpt>
      <trkpt lat="40.07691623732578" lon="116.33701169183341">
        <ele>44.4</ele>
        <time>2026-08-18T11:57:47.810Z</time>
      </trkpt>
      <trkpt lat="40.076898056115574" lon="116.33698486850612">
        <ele>44.5</ele>
        <time>2026-08-18T11:57:48.810Z</time>
      </trkpt>
      <trkpt lat="40.07687836479097" lon="116.33695990944048">
        <ele>44.5</ele>
        <time>2026-08-18T11:57:49.810Z</time>
      </trkpt>
      <trkpt lat="40.076857334632436" lon="116.33693696122363">
        <ele>44.6</ele>
        <time>2026-08-18T11:57:50.810Z</time>
      </trkpt>
      <trkpt lat="40.07683505720434" lon="116.33691628146602">
        <ele>44.6</ele>
        <time>2026-08-18T11:57:51.810Z</time>
      </trkpt>
      <trkpt lat="40.07681150272726" lon="116.33689838695813">
        <ele>44.7</ele>
        <time>2026-08-18T11:57:52.810Z</time>
      </trkpt>
      <trkpt lat="40.07678682528337" lon="116.33688382735808">
        <ele>44.8</ele>
        <time>2026-08-18T11:57:53.809Z</time>
      </trkpt>
      <trkpt lat="40.076761321958315" lon="116.33687232076063">
        <ele>44.8</ele>
        <time>2026-08-18T11:57:54.810Z</time>
      </trkpt>
      <trkpt lat="40.076735269449635" lon="116.33686353181058">
        <ele>44.9</ele>
        <time>2026-08-18T11:57:55.810Z</time>
      </trkpt>
      <trkpt lat="40.076708778128754" lon="116.3368571708089">
        <ele>45.0</ele>
        <time>2026-08-18T11:57:56.810Z</time>
      </trkpt>
      <trkpt lat="40.076682024010566" lon="116.3368528260536">
        <ele>45.1</ele>
        <time>2026-08-18T11:57:57.809Z</time>
      </trkpt>
      <trkpt lat="40.07665513372355" lon="116.33685020392878">
        <ele>45.1</ele>
        <time>2026-08-18T11:57:58.809Z</time>
      </trkpt>
      <trkpt lat="40.07662829668639" lon="116.33684895706956">
        <ele>45.2</ele>
        <time>2026-08-18T11:57:59.810Z</time>
      </trkpt>
      <trkpt lat="40.07660163949486" lon="116.33684889001532">
        <ele>45.2</ele>
        <time>2026-08-18T11:58:00.810Z</time>
      </trkpt>
      <trkpt lat="40.076575099163705" lon="116.33684958430301">
        <ele>45.3</ele>
        <time>2026-08-18T11:58:01.810Z</time>
      </trkpt>
      <trkpt lat="40.07654859676262" lon="116.33685072270106">
        <ele>45.3</ele>
        <time>2026-08-18T11:58:02.810Z</time>
      </trkpt>
      <trkpt lat="40.076522152572984" lon="116.33685200140067">
        <ele>45.4</ele>
        <time>2026-08-18T11:58:03.810Z</time>
      </trkpt>
      <trkpt lat="40.0764957322464" lon="116.33685351306237">
        <ele>45.4</ele>
        <time>2026-08-18T11:58:04.810Z</time>
      </trkpt>
      <trkpt lat="40.07646941765218" lon="116.3368555290685">
        <ele>45.4</ele>
        <time>2026-08-18T11:58:05.810Z</time>
      </trkpt>
      <trkpt lat="40.07644319877895" lon="116.33685808304213">
        <ele>45.5</ele>
        <time>2026-08-18T11:58:06.810Z</time>
      </trkpt>
      <trkpt lat="40.07641706195298" lon="116.33686050533736">
        <ele>45.5</ele>
        <time>2026-08-18T11:58:07.810Z</time>
      </trkpt>
      <trkpt lat="40.076390918583606" lon="116.33686177438942">
        <ele>45.5</ele>
        <time>2026-08-18T11:58:08.809Z</time>
      </trkpt>
      <trkpt lat="40.07636471020918" lon="116.33686191258889">
        <ele>45.5</ele>
        <time>2026-08-18T11:58:09.810Z</time>
      </trkpt>
      <trkpt lat="40.07633843470486" lon="116.33686108551102">
        <ele>45.6</ele>
        <time>2026-08-18T11:58:10.810Z</time>
      </trkpt>
      <trkpt lat="40.07631212725604" lon="116.33685961902545">
        <ele>45.6</ele>
        <time>2026-08-18T11:58:11.810Z</time>
      </trkpt>
      <trkpt lat="40.076285813434914" lon="116.33685806042757">
        <ele>45.6</ele>
        <time>2026-08-18T11:58:12.810Z</time>
      </trkpt>
      <trkpt lat="40.076259445136856" lon="116.33685652914158">
        <ele>45.6</ele>
        <time>2026-08-18T11:58:13.809Z</time>
      </trkpt>
      <trkpt lat="40.076232879391256" lon="116.33685514842203">
        <ele>45.6</ele>
        <time>2026-08-18T11:58:14.810Z</time>
      </trkpt>
      <trkpt lat="40.07620613489985" lon="116.33685419892764">
        <ele>45.6</ele>
        <time>2026-08-18T11:58:15.810Z</time>
      </trkpt>
      <trkpt lat="40.07617933930712" lon="116.33685367944825">
        <ele>45.5</ele>
        <time>2026-08-18T11:58:16.810Z</time>
      </trkpt>
      <trkpt lat="40.07615260584164" lon="116.33685376653827">
        <ele>45.5</ele>
        <time>2026-08-18T11:58:17.810Z</time>
      </trkpt>
      <trkpt lat="40.07612604552771" lon="116.3368548174661">
        <ele>45.5</ele>
        <time>2026-08-18T11:58:18.809Z</time>
      </trkpt>
      <trkpt lat="40.07609968729862" lon="116.33685679913334">
        <ele>45.4</ele>
        <time>2026-08-18T11:58:19.809Z</time>
      </trkpt>
      <trkpt lat="40.07607346773238" lon="116.33685950259118">
        <ele>45.4</ele>
        <time>2026-08-18T11:58:20.810Z</time>
      </trkpt>
      <trkpt lat="40.076047365007675" lon="116.33686269240714">
        <ele>45.3</ele>
        <time>2026-08-18T11:58:21.810Z</time>
      </trkpt>
      <trkpt lat="40.076021347185886" lon="116.336866082667">
        <ele>45.3</ele>
        <time>2026-08-18T11:58:22.810Z</time>
      </trkpt>
      <trkpt lat="40.0759954223991" lon="116.33686947105224">
        <ele>45.2</ele>
        <time>2026-08-18T11:58:23.809Z</time>
      </trkpt>
      <trkpt lat="40.07596948019168" lon="116.33687265026357">
        <ele>45.2</ele>
        <time>2026-08-18T11:58:24.810Z</time>
      </trkpt>
      <trkpt lat="40.07594348436407" lon="116.33687524241803">
        <ele>45.2</ele>
        <time>2026-08-18T11:58:25.810Z</time>
      </trkpt>
      <trkpt lat="40.075917439015036" lon="116.33687715730133">
        <ele>45.2</ele>
        <time>2026-08-18T11:58:26.810Z</time>
      </trkpt>
      <trkpt lat="40.07589148675823" lon="116.33687901088851">
        <ele>45.2</ele>
        <time>2026-08-18T11:58:27.810Z</time>
      </trkpt>
      <trkpt lat="40.075865785173896" lon="116.33688071666474">
        <ele>45.2</ele>
        <time>2026-08-18T11:58:28.809Z</time>
      </trkpt>
      <trkpt lat="40.075840281922154" lon="116.3368821278499">
        <ele>45.2</ele>
        <time>2026-08-18T11:58:29.809Z</time>
      </trkpt>
      <trkpt lat="40.07581478739173" lon="116.33688367239965">
        <ele>45.2</ele>
        <time>2026-08-18T11:58:30.810Z</time>
      </trkpt>
      <trkpt lat="40.07578917169901" lon="116.3368859019312">
        <ele>45.2</ele>
        <time>2026-08-18T11:58:31.810Z</time>
      </trkpt>
      <trkpt lat="40.07576355706268" lon="116.33688986949892">
        <ele>45.2</ele>
        <time>2026-08-18T11:58:32.809Z</time>
      </trkpt>
      <trkpt lat="40.07573810745663" lon="116.33689632719359">
        <ele>45.3</ele>
        <time>2026-08-18T11:58:33.809Z</time>
      </trkpt>
      <trkpt lat="40.075712998441205" lon="116.33690555002445">
        <ele>45.4</ele>
        <time>2026-08-18T11:58:34.809Z</time>
      </trkpt>
      <trkpt lat="40.07568841281318" lon="116.33691728930131">
        <ele>45.4</ele>
        <time>2026-08-18T11:58:35.809Z</time>
      </trkpt>
      <trkpt lat="40.075664463553125" lon="116.33693115328052">
        <ele>45.5</ele>
        <time>2026-08-18T11:58:36.810Z</time>
      </trkpt>
      <trkpt lat="40.0756413938158" lon="116.33694725871243">
        <ele>45.6</ele>
        <time>2026-08-18T11:58:37.809Z</time>
      </trkpt>
      <trkpt lat="40.0756192384311" lon="116.33696548208177">
        <ele>45.7</ele>
        <time>2026-08-18T11:58:38.809Z</time>
      </trkpt>
      <trkpt lat="40.07559793435291" lon="116.33698547917743">
        <ele>45.7</ele>
        <time>2026-08-18T11:58:39.809Z</time>
      </trkpt>
      <trkpt lat="40.0755776701878" lon="116.33700746850803">
        <ele>45.8</ele>
        <time>2026-08-18T11:58:40.809Z</time>
      </trkpt>
      <trkpt lat="40.075558348275614" lon="116.33703125752253">
        <ele>45.9</ele>
        <time>2026-08-18T11:58:41.809Z</time>
      </trkpt>
      <trkpt lat="40.07553995231903" lon="116.3370567397546">
        <ele>45.9</ele>
        <time>2026-08-18T11:58:42.809Z</time>
      </trkpt>
      <trkpt lat="40.075522723560404" lon="116.3370837845645">
        <ele>46.0</ele>
        <time>2026-08-18T11:58:43.809Z</time>
      </trkpt>
      <trkpt lat="40.075506990831784" lon="116.3371124205797">
        <ele>46.0</ele>
        <time>2026-08-18T11:58:44.809Z</time>
      </trkpt>
      <trkpt lat="40.07549337653353" lon="116.33714279606865">
        <ele>46.0</ele>
        <time>2026-08-18T11:58:45.809Z</time>
      </trkpt>
      <trkpt lat="40.07548226658977" lon="116.33717490901437">
        <ele>46.0</ele>
        <time>2026-08-18T11:58:46.809Z</time>
      </trkpt>
      <trkpt lat="40.07547380125415" lon="116.33720854908054">
        <ele>46.0</ele>
        <time>2026-08-18T11:58:47.809Z</time>
      </trkpt>
      <trkpt lat="40.07546758404368" lon="116.33724327435465">
        <ele>46.0</ele>
        <time>2026-08-18T11:58:48.809Z</time>
      </trkpt>
      <trkpt lat="40.07546322282592" lon="116.33727876542223">
        <ele>45.9</ele>
        <time>2026-08-18T11:58:49.809Z</time>
      </trkpt>
      <trkpt lat="40.075460552191814" lon="116.3373147512871">
        <ele>45.9</ele>
        <time>2026-08-18T11:58:50.809Z</time>
      </trkpt>
      <trkpt lat="40.07545958633086" lon="116.33735098521342">
        <ele>45.9</ele>
        <time>2026-08-18T11:58:51.809Z</time>
      </trkpt>
      <trkpt lat="40.075460175235115" lon="116.33738729582707">
        <ele>45.9</ele>
        <time>2026-08-18T11:58:52.810Z</time>
      </trkpt>
      <trkpt lat="40.075462336250496" lon="116.33742341667262">
        <ele>45.8</ele>
        <time>2026-08-18T11:58:53.809Z</time>
      </trkpt>
      <trkpt lat="40.0754666247791" lon="116.33745913206747">
        <ele>45.8</ele>
        <time>2026-08-18T11:58:54.810Z</time>
      </trkpt>
      <trkpt lat="40.07547303353392" lon="116.33749414213696">
        <ele>45.8</ele>
        <time>2026-08-18T11:58:55.809Z</time>
      </trkpt>
      <trkpt lat="40.075481058587386" lon="116.33752841612237">
        <ele>45.7</ele>
        <time>2026-08-18T11:58:56.809Z</time>
      </trkpt>
      <trkpt lat="40.07549050203197" lon="116.33756178877813">
        <ele>45.7</ele>
        <time>2026-08-18T11:58:57.809Z</time>
      </trkpt>
      <trkpt lat="40.075501270001574" lon="116.33759395972399">
        <ele>45.7</ele>
        <time>2026-08-18T11:58:58.809Z</time>
      </trkpt>
      <trkpt lat="40.07551350343312" lon="116.33762424460184">
        <ele>45.6</ele>
        <time>2026-08-18T11:58:59.809Z</time>
      </trkpt>
      <trkpt lat="40.07552736061877" lon="116.33765234863364">
        <ele>45.6</ele>
        <time>2026-08-18T11:59:00.810Z</time>
      </trkpt>
      <trkpt lat="40.075542780450874" lon="116.3376785995907">
        <ele>45.6</ele>
        <time>2026-08-18T11:59:01.810Z</time>
      </trkpt>
      <trkpt lat="40.0755598320283" lon="116.33770328059774">
        <ele>45.5</ele>
        <time>2026-08-18T11:59:02.810Z</time>
      </trkpt>
      <trkpt lat="40.07557850575037" lon="116.33772652947012">
        <ele>45.5</ele>
        <time>2026-08-18T11:59:03.809Z</time>
        <extensions>
          <gpxtpx:TrackPointExtension>
            <gpxtpx:hr>160</gpxtpx:hr>
          </gpxtpx:TrackPointExtension>
        </extensions>
      </trkpt>
      <trkpt lat="40.07559855265244" lon="116.33774861844903">
        <ele>45.5</ele>
        <time>2026-08-18T11:59:04.809Z</time>
        <extensions>
          <gpxtpx:TrackPointExtension>
            <gpxtpx:hr>160</gpxtpx:hr>
          </gpxtpx:TrackPointExtension>
        </extensions>
      </trkpt>
      <trkpt lat="40.07561951668283" lon="116.3377697048888">
        <ele>45.5</ele>
        <time>2026-08-18T11:59:05.810Z</time>
        <extensions>
          <gpxtpx:TrackPointExtension>
            <gpxtpx:hr>160</gpxtpx:hr>
          </gpxtpx:TrackPointExtension>
        </extensions>
      </trkpt>
      <trkpt lat="40.0756410496176" lon="116.33778959884745">
        <ele>45.5</ele>
        <time>2026-08-18T11:59:06.810Z</time>
        <extensions>
          <gpxtpx:TrackPointExtension>
            <gpxtpx:hr>160</gpxtpx:hr>
          </gpxtpx:TrackPointExtension>
        </extensions>
      </trkpt>
      <trkpt lat="40.07566309580858" lon="116.33780784288831">
        <ele>45.4</ele>
        <time>2026-08-18T11:59:07.809Z</time>
        <extensions>
          <gpxtpx:TrackPointExtension>
            <gpxtpx:hr>160</gpxtpx:hr>
          </gpxtpx:TrackPointExtension>
        </extensions>
      </trkpt>
      <trkpt lat="40.07568566376995" lon="116.3378240752947">
        <ele>45.4</ele>
        <time>2026-08-18T11:59:08.809Z</time>
        <extensions>
          <gpxtpx:TrackPointExtension>
            <gpxtpx:hr>160</gpxtpx:hr>
          </gpxtpx:TrackPointExtension>
        </extensions>
      </trkpt>
      <trkpt lat="40.075708645671895" lon="116.33783849143956">
        <ele>45.4</ele>
        <time>2026-08-18T11:59:09.810Z</time>
        <extensions>
          <gpxtpx:TrackPointExtension>
            <gpxtpx:hr>160</gpxtpx:hr>
          </gpxtpx:TrackPointExtension>
        </extensions>
      </trkpt>
      <trkpt lat="40.07573194715668" lon="116.33785101394278">
        <ele>45.4</ele>
        <time>2026-08-18T11:59:10.809Z</time>
        <extensions>
          <gpxtpx:TrackPointExtension>
            <gpxtpx:hr>160</gpxtpx:hr>
          </gpxtpx:TrackPointExtension>
        </extensions>
      </trkpt>
      <trkpt lat="40.07575578528165" lon="116.33786107167576">
        <ele>45.4</ele>
        <time>2026-08-18T11:59:11.809Z</time>
        <extensions>
          <gpxtpx:TrackPointExtension>
            <gpxtpx:hr>160</gpxtpx:hr>
          </gpxtpx:TrackPointExtension>
        </extensions>
      </trkpt>
      <trkpt lat="40.07578026978398" lon="116.3378686694867">
        <ele>45.4</ele>
        <time>2026-08-18T11:59:12.810Z</time>
        <extensions>
          <gpxtpx:TrackPointExtension>
            <gpxtpx:hr>160</gpxtpx:hr>
          </gpxtpx:TrackPointExtension>
        </extensions>
      </trkpt>
      <trkpt lat="40.0758052714092" lon="116.33787421168456">
        <ele>45.4</ele>
        <time>2026-08-18T11:59:13.809Z</time>
        <extensions>
          <gpxtpx:TrackPointExtension>
            <gpxtpx:hr>160</gpxtpx:hr>
          </gpxtpx:TrackPointExtension>
        </extensions>
      </trkpt>
      <trkpt lat="40.075830753481895" lon="116.33787786487169">
        <ele>45.4</ele>
        <time>2026-08-18T11:59:14.810Z</time>
        <extensions>
          <gpxtpx:TrackPointExtension>
            <gpxtpx:hr>160</gpxtpx:hr>
          </gpxtpx:TrackPointExtension>
        </extensions>
      </trkpt>
      <trkpt lat="40.07585635741645" lon="116.3378795991711">
        <ele>45.3</ele>
        <time>2026-08-18T11:59:15.809Z</time>
        <extensions>
          <gpxtpx:TrackPointExtension>
            <gpxtpx:hr>160</gpxtpx:hr>
          </gpxtpx:TrackPointExtension>
        </extensions>
      </trkpt>
      <trkpt lat="40.075881750694926" lon="116.33787980772038">
        <ele>45.3</ele>
        <time>2026-08-18T11:59:16.809Z</time>
        <extensions>
          <gpxtpx:TrackPointExtension>
            <gpxtpx:hr>160</gpxtpx:hr>
          </gpxtpx:TrackPointExtension>
        </extensions>
      </trkpt>
      <trkpt lat="40.07590670204714" lon="116.33787908922211">
        <ele>45.3</ele>
        <time>2026-08-18T11:59:17.809Z</time>
        <extensions>
          <gpxtpx:TrackPointExtension>
            <gpxtpx:hr>160</gpxtpx:hr>
          </gpxtpx:TrackPointExtension>
        </extensions>
      </trkpt>
      <trkpt lat="40.075931250527454" lon="116.33787767855846">
        <ele>45.3</ele>
        <time>2026-08-18T11:59:18.809Z</time>
        <extensions>
          <gpxtpx:TrackPointExtension>
            <gpxtpx:hr>160</gpxtpx:hr>
          </gpxtpx:TrackPointExtension>
        </extensions>
      </trkpt>
      <trkpt lat="40.07595559522071" lon="116.33787590575736">
        <ele>45.3</ele>
        <time>2026-08-18T11:59:19.810Z</time>
        <extensions>
          <gpxtpx:TrackPointExtension>
            <gpxtpx:hr>160</gpxtpx:hr>
          </gpxtpx:TrackPointExtension>
        </extensions>
      </trkpt>
      <trkpt lat="40.07597989696556" lon="116.33787385497783">
        <ele>45.3</ele>
        <time>2026-08-18T11:59:20.809Z</time>
        <extensions>
          <gpxtpx:TrackPointExtension>
            <gpxtpx:hr>160</gpxtpx:hr>
          </gpxtpx:TrackPointExtension>
        </extensions>
      </trkpt>
      <trkpt lat="40.07600420957574" lon="116.33787134523101">
        <ele>45.3</ele>
        <time>2026-08-18T11:59:21.809Z</time>
        <extensions>
          <gpxtpx:TrackPointExtension>
            <gpxtpx:hr>160</gpxtpx:hr>
          </gpxtpx:TrackPointExtension>
        </extensions>
      </trkpt>
      <trkpt lat="40.076028455727936" lon="116.3378683886831">
        <ele>45.3</ele>
        <time>2026-08-18T11:59:22.809Z</time>
        <extensions>
          <gpxtpx:TrackPointExtension>
            <gpxtpx:hr>160</gpxtpx:hr>
          </gpxtpx:TrackPointExtension>
        </extensions>
      </trkpt>
      <trkpt lat="40.07605265657868" lon="116.33786565616445">
        <ele>45.2</ele>
        <time>2026-08-18T11:59:23.809Z</time>
        <extensions>
          <gpxtpx:TrackPointExtension>
            <gpxtpx:hr>160</gpxtpx:hr>
          </gpxtpx:TrackPointExtension>
        </extensions>
      </trkpt>
      <trkpt lat="40.07607696502509" lon="116.3378637811087">
        <ele>45.2</ele>
        <time>2026-08-18T11:59:24.810Z</time>
        <extensions>
          <gpxtpx:TrackPointExtension>
            <gpxtpx:hr>160</gpxtpx:hr>
          </gpxtpx:TrackPointExtension>
        </extensions>
      </trkpt>
      <trkpt lat="40.0761013899165" lon="116.33786336970869">
        <ele>45.2</ele>
        <time>2026-08-18T11:59:25.809Z</time>
        <extensions>
          <gpxtpx:TrackPointExtension>
            <gpxtpx:hr>160</gpxtpx:hr>
          </gpxtpx:TrackPointExtension>
        </extensions>
      </trkpt>
      <trkpt lat="40.07612582992057" lon="116.33786428969677">
        <ele>45.1</ele>
        <time>2026-08-18T11:59:26.809Z</time>
        <extensions>
          <gpxtpx:TrackPointExtension>
            <gpxtpx:hr>160</gpxtpx:hr>
          </gpxtpx:TrackPointExtension>
        </extensions>
      </trkpt>
      <trkpt lat="40.076150188592145" lon="116.33786555696173">
        <ele>45.1</ele>
        <time>2026-08-18T11:59:27.809Z</time>
        <extensions>
          <gpxtpx:TrackPointExtension>
            <gpxtpx:hr>160</gpxtpx:hr>
          </gpxtpx:TrackPointExtension>
        </extensions>
      </trkpt>
      <trkpt lat="40.07617449815206" lon="116.33786650533311">
        <ele>45.1</ele>
        <time>2026-08-18T11:59:28.809Z</time>
        <extensions>
          <gpxtpx:TrackPointExtension>
            <gpxtpx:hr>160</gpxtpx:hr>
          </gpxtpx:TrackPointExtension>
        </extensions>
      </trkpt>
      <trkpt lat="40.076198760362985" lon="116.33786692944273">
        <ele>45.0</ele>
        <time>2026-08-18T11:59:29.809Z</time>
        <extensions>
          <gpxtpx:TrackPointExtension>
            <gpxtpx:hr>160</gpxtpx:hr>
          </gpxtpx:TrackPointExtension>
        </extensions>
      </trkpt>
      <trkpt lat="40.07622298150162" lon="116.33786709571476">
        <ele>45.0</ele>
        <time>2026-08-18T11:59:30.809Z</time>
        <extensions>
          <gpxtpx:TrackPointExtension>
            <gpxtpx:hr>160</gpxtpx:hr>
          </gpxtpx:TrackPointExtension>
        </extensions>
      </trkpt>
      <trkpt lat="40.07624727099263" lon="116.33786713636027">
        <ele>44.9</ele>
        <time>2026-08-18T11:59:31.809Z</time>
        <extensions>
          <gpxtpx:TrackPointExtension>
            <gpxtpx:hr>160</gpxtpx:hr>
          </gpxtpx:TrackPointExtension>
        </extensions>
      </trkpt>
      <trkpt lat="40.07627186662331" lon="116.33786714707854">
        <ele>44.9</ele>
        <time>2026-08-18T11:59:32.809Z</time>
        <extensions>
          <gpxtpx:TrackPointExtension>
            <gpxtpx:hr>160</gpxtpx:hr>
          </gpxtpx:TrackPointExtension>
        </extensions>
      </trkpt>
      <trkpt lat="40.07629697514678" lon="116.33786742985032">
        <ele>44.8</ele>
        <time>2026-08-18T11:59:33.809Z</time>
      </trkpt>
      <trkpt lat="40.07632249213856" lon="116.33786803748424">
        <ele>44.8</ele>
        <time>2026-08-18T11:59:34.809Z</time>
      </trkpt>
      <trkpt lat="40.07634815173267" lon="116.33786844206365">
        <ele>44.8</ele>
        <time>2026-08-18T11:59:35.809Z</time>
      </trkpt>
      <trkpt lat="40.07637390733049" lon="116.33786794973712">
        <ele>44.7</ele>
        <time>2026-08-18T11:59:36.809Z</time>
      </trkpt>
      <trkpt lat="40.07639966776501" lon="116.33786690171885">
        <ele>44.7</ele>
        <time>2026-08-18T11:59:37.809Z</time>
      </trkpt>
      <trkpt lat="40.07642542621363" lon="116.33786573483654">
        <ele>44.6</ele>
        <time>2026-08-18T11:59:38.809Z</time>
      </trkpt>
      <trkpt lat="40.07645129108137" lon="116.33786418361633">
        <ele>44.6</ele>
        <time>2026-08-18T11:59:39.809Z</time>
      </trkpt>
      <trkpt lat="40.07647735005701" lon="116.33786235166015">
        <ele>44.5</ele>
        <time>2026-08-18T11:59:40.809Z</time>
      </trkpt>
      <trkpt lat="40.07650356684064" lon="116.33786008784206">
        <ele>44.5</ele>
        <time>2026-08-18T11:59:41.809Z</time>
      </trkpt>
      <trkpt lat="40.076529802588674" lon="116.33785719878824">
        <ele>44.4</ele>
        <time>2026-08-18T11:59:42.809Z</time>
      </trkpt>
      <trkpt lat="40.07655602165917" lon="116.33785349306598">
        <ele>44.4</ele>
        <time>2026-08-18T11:59:43.809Z</time>
      </trkpt>
      <trkpt lat="40.07658235445454" lon="116.3378490375222">
        <ele>44.3</ele>
        <time>2026-08-18T11:59:44.809Z</time>
      </trkpt>
      <trkpt lat="40.07660879492481" lon="116.33784399765287">
        <ele>44.3</ele>
        <time>2026-08-18T11:59:45.809Z</time>
      </trkpt>
      <trkpt lat="40.07663526328341" lon="116.33783872834304">
        <ele>44.2</ele>
        <time>2026-08-18T11:59:46.809Z</time>
      </trkpt>
      <trkpt lat="40.07666167779861" lon="116.33783329670213">
        <ele>44.2</ele>
        <time>2026-08-18T11:59:47.808Z</time>
      </trkpt>
      <trkpt lat="40.076687887090955" lon="116.33782720008409">
        <ele>44.2</ele>
        <time>2026-08-18T11:59:48.809Z</time>
      </trkpt>
      <trkpt lat="40.076713615830464" lon="116.33782007215093">
        <ele>44.1</ele>
        <time>2026-08-18T11:59:49.809Z</time>
      </trkpt>
      <trkpt lat="40.076738539543314" lon="116.33781088755387">
        <ele>44.1</ele>
        <time>2026-08-18T11:59:50.809Z</time>
      </trkpt>
      <trkpt lat="40.076762629231695" lon="116.33779926421666">
        <ele>44.1</ele>
        <time>2026-08-18T11:59:51.809Z</time>
      </trkpt>
      <trkpt lat="40.07678588369278" lon="116.33778556633172">
        <ele>44.0</ele>
        <time>2026-08-18T11:59:52.809Z</time>
      </trkpt>
      <trkpt lat="40.076808299429985" lon="116.33776977038154">
        <ele>44.0</ele>
        <time>2026-08-18T11:59:53.809Z</time>
      </trkpt>
      <trkpt lat="40.07683000369342" lon="116.33775228711288">
        <ele>44.0</ele>
        <time>2026-08-18T11:59:54.809Z</time>
      </trkpt>
      <trkpt lat="40.07685094091357" lon="116.33773361367918">
        <ele>44.0</ele>
        <time>2026-08-18T11:59:55.809Z</time>
      </trkpt>
      <trkpt lat="40.07687095145486" lon="116.3377136179671">
        <ele>44.0</ele>
        <time>2026-08-18T11:59:56.809Z</time>
      </trkpt>
      <trkpt lat="40.07689018347416" lon="116.33769248605792">
        <ele>44.0</ele>
        <time>2026-08-18T11:59:57.809Z</time>
      </trkpt>
      <trkpt lat="40.07690857515982" lon="116.33767042980853">
        <ele>44.0</ele>
        <time>2026-08-18T11:59:58.809Z</time>
      </trkpt>
      <trkpt lat="40.076925466227664" lon="116.33764685870666">
        <ele>44.0</ele>
        <time>2026-08-18T11:59:59.809Z</time>
      </trkpt>
      <trkpt lat="40.07694059680683" lon="116.3376216191441">
        <ele>44.0</ele>
        <time>2026-08-18T12:00:00.809Z</time>
      </trkpt>
      <trkpt lat="40.076953974903" lon="116.3375950310174">
        <ele>44.0</ele>
        <time>2026-08-18T12:00:01.809Z</time>
      </trkpt>
      <trkpt lat="40.07696520270414" lon="116.33756693406112">
        <ele>44.0</ele>
        <time>2026-08-18T12:00:02.809Z</time>
      </trkpt>
      <trkpt lat="40.07697426262494" lon="116.33753733903983">
        <ele>44.0</ele>
        <time>2026-08-18T12:00:03.809Z</time>
      </trkpt>
      <trkpt lat="40.076981861803965" lon="116.33750651325575">
        <ele>44.0</ele>
        <time>2026-08-18T12:00:04.809Z</time>
      </trkpt>
      <trkpt lat="40.07698856560738" lon="116.3374747096077">
        <ele>44.0</ele>
        <time>2026-08-18T12:00:05.809Z</time>
      </trkpt>
      <trkpt lat="40.07699374115083" lon="116.33744223501874">
        <ele>44.1</ele>
        <time>2026-08-18T12:00:06.808Z</time>
      </trkpt>
      <trkpt lat="40.076996938761035" lon="116.33740954165401">
        <ele>44.1</ele>
        <time>2026-08-18T12:00:07.809Z</time>
      </trkpt>
      <trkpt lat="40.07699817873321" lon="116.33737696506518">
        <ele>44.1</ele>
        <time>2026-08-18T12:00:08.809Z</time>
      </trkpt>
      <trkpt lat="40.07699765271427" lon="116.33734438520659">
        <ele>44.2</ele>
        <time>2026-08-18T12:00:09.809Z</time>
      </trkpt>
      <trkpt lat="40.076996145951576" lon="116.3373117901161">
        <ele>44.2</ele>
        <time>2026-08-18T12:00:10.809Z</time>
      </trkpt>
      <trkpt lat="40.07699353846336" lon="116.33727931634161">
        <ele>44.2</ele>
        <time>2026-08-18T12:00:11.809Z</time>
      </trkpt>
      <trkpt lat="40.076989603521" lon="116.33724711124255">
        <ele>44.3</ele>
        <time>2026-08-18T12:00:12.809Z</time>
      </trkpt>
      <trkpt lat="40.076984704998644" lon="116.33721532149931">
        <ele>44.4</ele>
        <time>2026-08-18T12:00:13.809Z</time>
      </trkpt>
      <trkpt lat="40.07697847809844" lon="116.33718419497248">
        <ele>44.4</ele>
        <time>2026-08-18T12:00:14.809Z</time>
      </trkpt>
      <trkpt lat="40.07697032714125" lon="116.33715414210042">
        <ele>44.5</ele>
        <time>2026-08-18T12:00:15.809Z</time>
      </trkpt>
      <trkpt lat="40.07695998073945" lon="116.33712549130608">
        <ele>44.5</ele>
        <time>2026-08-18T12:00:16.809Z</time>
      </trkpt>
      <trkpt lat="40.07694745545366" lon="116.3370981900881">
        <ele>44.6</ele>
        <time>2026-08-18T12:00:17.809Z</time>
      </trkpt>
      <trkpt lat="40.076933142093786" lon="116.33707179747624">
        <ele>44.7</ele>
        <time>2026-08-18T12:00:18.809Z</time>
      </trkpt>
      <trkpt lat="40.07691721999611" lon="116.33704627854597">
        <ele>44.7</ele>
        <time>2026-08-18T12:00:19.809Z</time>
      </trkpt>
      <trkpt lat="40.076899715414356" lon="116.33702195224565">
        <ele>44.8</ele>
        <time>2026-08-18T12:00:20.809Z</time>
      </trkpt>
      <trkpt lat="40.07688080428492" lon="116.33699923355472">
        <ele>44.9</ele>
        <time>2026-08-18T12:00:21.809Z</time>
      </trkpt>
      <trkpt lat="40.07686073054334" lon="116.33697841133122">
        <ele>44.9</ele>
        <time>2026-08-18T12:00:22.809Z</time>
      </trkpt>
      <trkpt lat="40.076839761956975" lon="116.33695934514313">
        <ele>45.0</ele>
        <time>2026-08-18T12:00:23.809Z</time>
      </trkpt>
      <trkpt lat="40.076817830418385" lon="116.3369422963304">
        <ele>45.0</ele>
        <time>2026-08-18T12:00:24.809Z</time>
      </trkpt>
      <trkpt lat="40.07679501594932" lon="116.33692747973696">
        <ele>45.1</ele>
        <time>2026-08-18T12:00:25.809Z</time>
      </trkpt>
      <trkpt lat="40.07677158799853" lon="116.33691459138237">
        <ele>45.1</ele>
        <time>2026-08-18T12:00:26.809Z</time>
      </trkpt>
      <trkpt lat="40.076747595708454" lon="116.33690377844171">
        <ele>45.1</ele>
        <time>2026-08-18T12:00:27.809Z</time>
      </trkpt>
      <trkpt lat="40.07672317145322" lon="116.3368952429879">
        <ele>45.2</ele>
        <time>2026-08-18T12:00:28.809Z</time>
      </trkpt>
      <trkpt lat="40.0766984291699" lon="116.33688909560705">
        <ele>45.2</ele>
        <time>2026-08-18T12:00:29.809Z</time>
      </trkpt>
      <trkpt lat="40.07667349795957" lon="116.33688477531356">
        <ele>45.2</ele>
        <time>2026-08-18T12:00:30.809Z</time>
      </trkpt>
      <trkpt lat="40.07664847869159" lon="116.33688196086824">
        <ele>45.3</ele>
        <time>2026-08-18T12:00:31.809Z</time>
      </trkpt>
      <trkpt lat="40.07662324931278" lon="116.33688082197737">
        <ele>45.3</ele>
        <time>2026-08-18T12:00:32.809Z</time>
      </trkpt>
      <trkpt lat="40.07659770304357" lon="116.33688097402352">
        <ele>45.3</ele>
        <time>2026-08-18T12:00:33.809Z</time>
      </trkpt>
      <trkpt lat="40.07657173794914" lon="116.33688207666246">
        <ele>45.4</ele>
        <time>2026-08-18T12:00:34.809Z</time>
      </trkpt>
      <trkpt lat="40.07654522803502" lon="116.33688354486861">
        <ele>45.4</ele>
        <time>2026-08-18T12:00:35.809Z</time>
      </trkpt>
      <trkpt lat="40.07651829020445" lon="116.33688525505103">
        <ele>45.4</ele>
        <time>2026-08-18T12:00:36.809Z</time>
      </trkpt>
      <trkpt lat="40.07649131984493" lon="116.3368876190423">
        <ele>45.5</ele>
        <time>2026-08-18T12:00:37.809Z</time>
      </trkpt>
      <trkpt lat="40.07646458178678" lon="116.3368905075816">
        <ele>45.5</ele>
        <time>2026-08-18T12:00:38.809Z</time>
      </trkpt>
      <trkpt lat="40.076438110774895" lon="116.33689344802053">
        <ele>45.5</ele>
        <time>2026-08-18T12:00:39.809Z</time>
      </trkpt>
      <trkpt lat="40.076411905530975" lon="116.33689608356362">
        <ele>45.6</ele>
        <time>2026-08-18T12:00:40.809Z</time>
      </trkpt>
      <trkpt lat="40.07638578737039" lon="116.33689852085651">
        <ele>45.6</ele>
        <time>2026-08-18T12:00:41.809Z</time>
      </trkpt>
      <trkpt lat="40.076359472301995" lon="116.33690029910836">
        <ele>45.6</ele>
        <time>2026-08-18T12:00:42.809Z</time>
      </trkpt>
      <trkpt lat="40.07633286991935" lon="116.3369012416499">
        <ele>45.7</ele>
        <time>2026-08-18T12:00:43.809Z</time>
      </trkpt>
      <trkpt lat="40.07630611366855" lon="116.33690198521175">
        <ele>45.7</ele>
        <time>2026-08-18T12:00:44.808Z</time>
      </trkpt>
      <trkpt lat="40.07627928577483" lon="116.33690246679744">
        <ele>45.7</ele>
        <time>2026-08-18T12:00:45.809Z</time>
      </trkpt>
      <trkpt lat="40.07625257727163" lon="116.3369026335079">
        <ele>45.8</ele>
        <time>2026-08-18T12:00:46.809Z</time>
      </trkpt>
      <trkpt lat="40.07622617951057" lon="116.33690238835608">
        <ele>45.8</ele>
        <time>2026-08-18T12:00:47.809Z</time>
      </trkpt>
      <trkpt lat="40.07620020074758" lon="116.3369017468566">
        <ele>45.8</ele>
        <time>2026-08-18T12:00:48.809Z</time>
      </trkpt>
      <trkpt lat="40.07617462427417" lon="116.33690116453205">
        <ele>45.8</ele>
        <time>2026-08-18T12:00:49.809Z</time>
      </trkpt>
      <trkpt lat="40.07614940365002" lon="116.3369005597601">
        <ele>45.9</ele>
        <time>2026-08-18T12:00:50.809Z</time>
      </trkpt>
      <trkpt lat="40.076124467675925" lon="116.3368997960911">
        <ele>45.9</ele>
        <time>2026-08-18T12:00:51.809Z</time>
      </trkpt>
      <trkpt lat="40.07609971106524" lon="116.33689926870443">
        <ele>45.9</ele>
        <time>2026-08-18T12:00:52.808Z</time>
      </trkpt>
      <trkpt lat="40.07607491306206" lon="116.3368993438249">
        <ele>45.9</ele>
        <time>2026-08-18T12:00:53.808Z</time>
      </trkpt>
      <trkpt lat="40.0760500327662" lon="116.33689973075269">
        <ele>45.9</ele>
        <time>2026-08-18T12:00:54.809Z</time>
      </trkpt>
      <trkpt lat="40.07602507076456" lon="116.33689995981514">
        <ele>46.0</ele>
        <time>2026-08-18T12:00:55.809Z</time>
      </trkpt>
      <trkpt lat="40.075999913660624" lon="116.33689979694432">
        <ele>46.0</ele>
        <time>2026-08-18T12:00:56.809Z</time>
      </trkpt>
      <trkpt lat="40.07597446914499" lon="116.33689976705332">
        <ele>46.0</ele>
        <time>2026-08-18T12:00:57.808Z</time>
      </trkpt>
      <trkpt lat="40.07594857232109" lon="116.33690021762288">
        <ele>46.0</ele>
        <time>2026-08-18T12:00:58.809Z</time>
      </trkpt>
      <trkpt lat="40.07592223149755" lon="116.33690062451488">
        <ele>46.0</ele>
        <time>2026-08-18T12:00:59.808Z</time>
      </trkpt>
      <trkpt lat="40.0758956840591" lon="116.33690094944943">
        <ele>46.0</ele>
        <time>2026-08-18T12:01:00.809Z</time>
      </trkpt>
      <trkpt lat="40.075869229980015" lon="116.33690171102363">
        <ele>46.0</ele>
        <time>2026-08-18T12:01:01.809Z</time>
      </trkpt>
      <trkpt lat="40.075842857474896" lon="116.33690275252705">
        <ele>46.0</ele>
        <time>2026-08-18T12:01:02.809Z</time>
      </trkpt>
      <trkpt lat="40.07581643872682" lon="116.33690377316978">
        <ele>46.0</ele>
        <time>2026-08-18T12:01:03.809Z</time>
      </trkpt>
      <trkpt lat="40.07578992157046" lon="116.3369057115699">
        <ele>46.0</ele>
        <time>2026-08-18T12:01:04.808Z</time>
      </trkpt>
      <trkpt lat="40.07576333647476" lon="116.33690926676921">
        <ele>46.0</ele>
        <time>2026-08-18T12:01:05.809Z</time>
      </trkpt>
      <trkpt lat="40.075736776102794" lon="116.33691452729322">
        <ele>46.0</ele>
        <time>2026-08-18T12:01:06.809Z</time>
      </trkpt>
      <trkpt lat="40.07571045021862" lon="116.33692195573569">
        <ele>46.0</ele>
        <time>2026-08-18T12:01:07.809Z</time>
      </trkpt>
      <trkpt lat="40.07568450891345" lon="116.33693155239489">
        <ele>46.0</ele>
        <time>2026-08-18T12:01:08.809Z</time>
      </trkpt>
      <trkpt lat="40.075659086632626" lon="116.3369433251943">
        <ele>46.0</ele>
        <time>2026-08-18T12:01:09.809Z</time>
      </trkpt>
      <trkpt lat="40.0756344386378" lon="116.33695770204288">
        <ele>46.0</ele>
        <time>2026-08-18T12:01:10.809Z</time>
      </trkpt>
      <trkpt lat="40.07561066133818" lon="116.3369746063205">
        <ele>46.0</ele>
        <time>2026-08-18T12:01:11.809Z</time>
      </trkpt>
      <trkpt lat="40.075587725665336" lon="116.33699381427557">
        <ele>46.0</ele>
        <time>2026-08-18T12:01:12.809Z</time>
      </trkpt>
      <trkpt lat="40.07556569335246" lon="116.33701518910789">
        <ele>46.1</ele>
        <time>2026-08-18T12:01:13.809Z</time>
      </trkpt>
      <trkpt lat="40.07554486897738" lon="116.33703865941307">
        <ele>46.1</ele>
        <time>2026-08-18T12:01:14.809Z</time>
      </trkpt>
      <trkpt lat="40.07552587850938" lon="116.33706438868143">
        <ele>46.1</ele>
        <time>2026-08-18T12:01:15.808Z</time>
      </trkpt>
      <trkpt lat="40.07550917445541" lon="116.3370922629961">
        <ele>46.1</ele>
        <time>2026-08-18T12:01:16.809Z</time>
      </trkpt>
      <trkpt lat="40.07549503793524" lon="116.3371218668799">
        <ele>46.1</ele>
        <time>2026-08-18T12:01:17.808Z</time>
      </trkpt>
      <trkpt lat="40.07548352156067" lon="116.33715274817025">
        <ele>46.1</ele>
        <time>2026-08-18T12:01:18.808Z</time>
      </trkpt>
      <trkpt lat="40.07547421537227" lon="116.33718451642383">
        <ele>46.1</ele>
        <time>2026-08-18T12:01:19.808Z</time>
      </trkpt>
      <trkpt lat="40.07546675841648" lon="116.33721725469063">
        <ele>46.1</ele>
        <time>2026-08-18T12:01:20.809Z</time>
      </trkpt>
      <trkpt lat="40.075460964844446" lon="116.33725098378659">
        <ele>46.0</ele>
        <time>2026-08-18T12:01:21.809Z</time>
      </trkpt>
      <trkpt lat="40.07545676776804" lon="116.33728552904682">
        <ele>46.0</ele>
        <time>2026-08-18T12:01:22.809Z</time>
      </trkpt>
      <trkpt lat="40.075453853460296" lon="116.33732058223124">
        <ele>46.0</ele>
        <time>2026-08-18T12:01:23.809Z</time>
      </trkpt>
      <trkpt lat="40.075452083241586" lon="116.33735582756431">
        <ele>46.0</ele>
        <time>2026-08-18T12:01:24.809Z</time>
      </trkpt>
      <trkpt lat="40.075451324262716" lon="116.33739091306839">
        <ele>45.9</ele>
        <time>2026-08-18T12:01:25.809Z</time>
      </trkpt>
      <trkpt lat="40.07545143061076" lon="116.33742564316198">
        <ele>45.9</ele>
        <time>2026-08-18T12:01:26.808Z</time>
      </trkpt>
      <trkpt lat="40.07545278667206" lon="116.33746002610074">
        <ele>45.9</ele>
        <time>2026-08-18T12:01:27.809Z</time>
      </trkpt>
      <trkpt lat="40.07545604249178" lon="116.33749386630276">
        <ele>45.8</ele>
        <time>2026-08-18T12:01:28.808Z</time>
      </trkpt>
      <trkpt lat="40.075461741669095" lon="116.33752692486205">
        <ele>45.8</ele>
        <time>2026-08-18T12:01:29.808Z</time>
      </trkpt>
      <trkpt lat="40.07547008993935" lon="116.33755886746377">
        <ele>45.7</ele>
        <time>2026-08-18T12:01:30.808Z</time>
      </trkpt>
      <trkpt lat="40.07548035160923" lon="116.33758979157912">
        <ele>45.7</ele>
        <time>2026-08-18T12:01:31.808Z</time>
      </trkpt>
      <trkpt lat="40.07549163314114" lon="116.3376196789489">
        <ele>45.6</ele>
        <time>2026-08-18T12:01:32.808Z</time>
      </trkpt>
      <trkpt lat="40.07550435614254" lon="116.33764809036626">
        <ele>45.6</ele>
        <time>2026-08-18T12:01:33.808Z</time>
      </trkpt>
      <trkpt lat="40.075519025952026" lon="116.33767490484618">
        <ele>45.6</ele>
        <time>2026-08-18T12:01:34.809Z</time>
      </trkpt>
      <trkpt lat="40.0755355548022" lon="116.337700153073">
        <ele>45.5</ele>
        <time>2026-08-18T12:01:35.808Z</time>
      </trkpt>
      <trkpt lat="40.07555378147758" lon="116.33772379123417">
        <ele>45.5</ele>
        <time>2026-08-18T12:01:36.808Z</time>
      </trkpt>
      <trkpt lat="40.07557316981411" lon="116.33774603384727">
        <ele>45.4</ele>
        <time>2026-08-18T12:01:37.808Z</time>
      </trkpt>
      <trkpt lat="40.0755931230018" lon="116.33776715781725">
        <ele>45.4</ele>
        <time>2026-08-18T12:01:38.808Z</time>
      </trkpt>
      <trkpt lat="40.07561374905528" lon="116.33778690172154">
        <ele>45.3</ele>
        <time>2026-08-18T12:01:39.808Z</time>
      </trkpt>
      <trkpt lat="40.07563526813676" lon="116.33780507419078">
        <ele>45.3</ele>
        <time>2026-08-18T12:01:40.808Z</time>
      </trkpt>
      <trkpt lat="40.07565782147877" lon="116.33782126805073">
        <ele>45.3</ele>
        <time>2026-08-18T12:01:41.809Z</time>
      </trkpt>
      <trkpt lat="40.07568128809576" lon="116.33783503175097">
        <ele>45.2</ele>
        <time>2026-08-18T12:01:42.808Z</time>
      </trkpt>
      <trkpt lat="40.07570541658098" lon="116.33784636713251">
        <ele>45.2</ele>
        <time>2026-08-18T12:01:43.808Z</time>
      </trkpt>
      <trkpt lat="40.075730134317745" lon="116.33785486941389">
        <ele>45.2</ele>
        <time>2026-08-18T12:01:44.808Z</time>
      </trkpt>
      <trkpt lat="40.07575541704883" lon="116.33786013911174">
        <ele>45.2</ele>
        <time>2026-08-18T12:01:45.808Z</time>
      </trkpt>
      <trkpt lat="40.07578107168703" lon="116.33786276993321">
        <ele>45.1</ele>
        <time>2026-08-18T12:01:46.808Z</time>
      </trkpt>
      <trkpt lat="40.07580685660023" lon="116.33786406095616">
        <ele>45.1</ele>
        <time>2026-08-18T12:01:47.808Z</time>
      </trkpt>
      <trkpt lat="40.075832560392506" lon="116.33786517607221">
        <ele>45.1</ele>
        <time>2026-08-18T12:01:48.808Z</time>
      </trkpt>
      <trkpt lat="40.07585796180031" lon="116.33786624360445">
        <ele>45.1</ele>
        <time>2026-08-18T12:01:49.808Z</time>
      </trkpt>
      <trkpt lat="40.07588311594264" lon="116.33786668370223">
        <ele>45.1</ele>
        <time>2026-08-18T12:01:50.809Z</time>
      </trkpt>
      <trkpt lat="40.075908193411664" lon="116.33786645758614">
        <ele>45.0</ele>
        <time>2026-08-18T12:01:51.808Z</time>
      </trkpt>
      <trkpt lat="40.075933407540816" lon="116.33786661022135">
        <ele>45.0</ele>
        <time>2026-08-18T12:01:52.808Z</time>
      </trkpt>
      <trkpt lat="40.07595874011408" lon="116.33786733336122">
        <ele>45.0</ele>
        <time>2026-08-18T12:01:53.808Z</time>
      </trkpt>
      <trkpt lat="40.07598399719193" lon="116.33786810465514">
        <ele>45.0</ele>
        <time>2026-08-18T12:01:54.808Z</time>
      </trkpt>
      <trkpt lat="40.07600891234308" lon="116.33786898971344">
        <ele>45.0</ele>
        <time>2026-08-18T12:01:55.808Z</time>
      </trkpt>
      <trkpt lat="40.07603341240061" lon="116.3378697768421">
        <ele>45.0</ele>
        <time>2026-08-18T12:01:56.808Z</time>
      </trkpt>
      <trkpt lat="40.07605756042879" lon="116.33787042199634">
        <ele>44.9</ele>
        <time>2026-08-18T12:01:57.808Z</time>
      </trkpt>
      <trkpt lat="40.076081332427705" lon="116.33787067892914">
        <ele>44.9</ele>
        <time>2026-08-18T12:01:58.808Z</time>
      </trkpt>
      <trkpt lat="40.076104647684616" lon="116.33787049230294">
        <ele>44.9</ele>
        <time>2026-08-18T12:01:59.808Z</time>
      </trkpt>
      <trkpt lat="40.07612747803583" lon="116.33787016173933">
        <ele>44.9</ele>
        <time>2026-08-18T12:02:00.808Z</time>
      </trkpt>
      <trkpt lat="40.076150047711046" lon="116.33786957096285">
        <ele>44.9</ele>
        <time>2026-08-18T12:02:01.808Z</time>
      </trkpt>
      <trkpt lat="40.07617264687542" lon="116.33786895590724">
        <ele>44.8</ele>
        <time>2026-08-18T12:02:02.808Z</time>
      </trkpt>
      <trkpt lat="40.07619542041239" lon="116.33786873408872">
        <ele>44.8</ele>
        <time>2026-08-18T12:02:03.808Z</time>
      </trkpt>
      <trkpt lat="40.07621834840756" lon="116.33786899437177">
        <ele>44.8</ele>
        <time>2026-08-18T12:02:04.808Z</time>
      </trkpt>
      <trkpt lat="40.07624129742917" lon="116.33786981781303">
        <ele>44.8</ele>
        <time>2026-08-18T12:02:05.808Z</time>
      </trkpt>
      <trkpt lat="40.07626426001799" lon="116.3378708267377">
        <ele>44.7</ele>
        <time>2026-08-18T12:02:06.808Z</time>
      </trkpt>
      <trkpt lat="40.07628730342478" lon="116.33787151844302">
        <ele>44.7</ele>
        <time>2026-08-18T12:02:07.808Z</time>
      </trkpt>
      <trkpt lat="40.076310423284056" lon="116.33787139335278">
        <ele>44.7</ele>
        <time>2026-08-18T12:02:08.808Z</time>
      </trkpt>
      <trkpt lat="40.07633358741236" lon="116.33787040848031">
        <ele>44.6</ele>
        <time>2026-08-18T12:02:09.808Z</time>
      </trkpt>
      <trkpt lat="40.076356756133116" lon="116.33786877790465">
        <ele>44.6</ele>
        <time>2026-08-18T12:02:10.808Z</time>
      </trkpt>
      <trkpt lat="40.07637991551645" lon="116.33786681661009">
        <ele>44.6</ele>
        <time>2026-08-18T12:02:11.808Z</time>
      </trkpt>
      <trkpt lat="40.07640320036217" lon="116.33786472321106">
        <ele>44.5</ele>
        <time>2026-08-18T12:02:12.808Z</time>
      </trkpt>
      <trkpt lat="40.07642674579683" lon="116.33786245444003">
        <ele>44.5</ele>
        <time>2026-08-18T12:02:13.808Z</time>
      </trkpt>
      <trkpt lat="40.076450642427794" lon="116.33786014295602">
        <ele>44.4</ele>
        <time>2026-08-18T12:02:14.808Z</time>
      </trkpt>
      <trkpt lat="40.07647490961877" lon="116.33785745521912">
        <ele>44.3</ele>
        <time>2026-08-18T12:02:15.808Z</time>
      </trkpt>
      <trkpt lat="40.07649941624398" lon="116.33785400809485">
        <ele>44.3</ele>
        <time>2026-08-18T12:02:16.808Z</time>
      </trkpt>
      <trkpt lat="40.07652398946993" lon="116.33785007675895">
        <ele>44.2</ele>
        <time>2026-08-18T12:02:17.808Z</time>
      </trkpt>
      <trkpt lat="40.076548569443766" lon="116.33784638776015">
        <ele>44.2</ele>
        <time>2026-08-18T12:02:18.808Z</time>
      </trkpt>
      <trkpt lat="40.076573152389955" lon="116.33784279693128">
        <ele>44.1</ele>
        <time>2026-08-18T12:02:19.808Z</time>
      </trkpt>
      <trkpt lat="40.076597716517554" lon="116.33783882107926">
        <ele>44.0</ele>
        <time>2026-08-18T12:02:20.808Z</time>
      </trkpt>
      <trkpt lat="40.0766222744345" lon="116.33783401558749">
        <ele>44.0</ele>
        <time>2026-08-18T12:02:21.808Z</time>
      </trkpt>
      <trkpt lat="40.076646792497286" lon="116.33782774864858">
        <ele>43.9</ele>
        <time>2026-08-18T12:02:22.808Z</time>
      </trkpt>
      <trkpt lat="40.07667125015327" lon="116.33782007694238">
        <ele>43.8</ele>
        <time>2026-08-18T12:02:23.808Z</time>
      </trkpt>
      <trkpt lat="40.076695546140975" lon="116.33781097551969">
        <ele>43.8</ele>
        <time>2026-08-18T12:02:24.808Z</time>
      </trkpt>
      <trkpt lat="40.07671952974586" lon="116.33780036893431">
        <ele>43.7</ele>
        <time>2026-08-18T12:02:25.808Z</time>
      </trkpt>
      <trkpt lat="40.076743124848946" lon="116.33778827247448">
        <ele>43.7</ele>
        <time>2026-08-18T12:02:26.808Z</time>
      </trkpt>
      <trkpt lat="40.07676630781803" lon="116.33777479031373">
        <ele>43.6</ele>
        <time>2026-08-18T12:02:27.808Z</time>
      </trkpt>
      <trkpt lat="40.07678902193947" lon="116.33775993211619">
        <ele>43.6</ele>
        <time>2026-08-18T12:02:28.808Z</time>
      </trkpt>
      <trkpt lat="40.0768112078116" lon="116.33774359392406">
        <ele>43.6</ele>
        <time>2026-08-18T12:02:29.808Z</time>
      </trkpt>
      <trkpt lat="40.076832864618005" lon="116.33772603689309">
        <ele>43.6</ele>
        <time>2026-08-18T12:02:30.808Z</time>
      </trkpt>
      <trkpt lat="40.07685377549839" lon="116.33770708235464">
        <ele>43.6</ele>
        <time>2026-08-18T12:02:31.808Z</time>
      </trkpt>
      <trkpt lat="40.07687379088008" lon="116.33768645091163">
        <ele>43.6</ele>
        <time>2026-08-18T12:02:32.808Z</time>
      </trkpt>
      <trkpt lat="40.076892818144024" lon="116.33766414250353">
        <ele>43.6</ele>
        <time>2026-08-18T12:02:33.808Z</time>
      </trkpt>
      <trkpt lat="40.07691046626353" lon="116.33764001576667">
        <ele>43.6</ele>
        <time>2026-08-18T12:02:34.808Z</time>
      </trkpt>
      <trkpt lat="40.076926708996936" lon="116.33761444250185">
        <ele>43.6</ele>
        <time>2026-08-18T12:02:35.808Z</time>
      </trkpt>
      <trkpt lat="40.07694176075942" lon="116.33758794904446">
        <ele>43.6</ele>
        <time>2026-08-18T12:02:36.808Z</time>
      </trkpt>
      <trkpt lat="40.076955585084896" lon="116.33756066952893">
        <ele>43.7</ele>
        <time>2026-08-18T12:02:37.808Z</time>
      </trkpt>
      <trkpt lat="40.076968169209046" lon="116.33753268130857">
        <ele>43.7</ele>
        <time>2026-08-18T12:02:38.808Z</time>
      </trkpt>
      <trkpt lat="40.07697929780188" lon="116.3375038265908">
        <ele>43.7</ele>
        <time>2026-08-18T12:02:39.808Z</time>
      </trkpt>
      <trkpt lat="40.07698877328003" lon="116.33747399952834">
        <ele>43.8</ele>
        <time>2026-08-18T12:02:40.808Z</time>
      </trkpt>
      <trkpt lat="40.07699638492444" lon="116.33744339117358">
        <ele>43.8</ele>
        <time>2026-08-18T12:02:41.808Z</time>
      </trkpt>
      <trkpt lat="40.07700190549512" lon="116.33741221296606">
        <ele>43.8</ele>
        <time>2026-08-18T12:02:42.808Z</time>
      </trkpt>
      <trkpt lat="40.077005474887386" lon="116.33738051473055">
        <ele>43.9</ele>
        <time>2026-08-18T12:02:43.808Z</time>
      </trkpt>
      <trkpt lat="40.07700719858963" lon="116.33734845406383">
        <ele>43.9</ele>
        <time>2026-08-18T12:02:44.808Z</time>
      </trkpt>
      <trkpt lat="40.077007278287475" lon="116.33731629712763">
        <ele>43.9</ele>
        <time>2026-08-18T12:02:45.808Z</time>
      </trkpt>
      <trkpt lat="40.07700611008613" lon="116.33728449820528">
        <ele>44.0</ele>
        <time>2026-08-18T12:02:46.808Z</time>
      </trkpt>
      <trkpt lat="40.07700372412808" lon="116.33725348468523">
        <ele>44.0</ele>
        <time>2026-08-18T12:02:47.808Z</time>
      </trkpt>
      <trkpt lat="40.07700016499314" lon="116.33722336346007">
        <ele>44.1</ele>
        <time>2026-08-18T12:02:48.808Z</time>
      </trkpt>
      <trkpt lat="40.07699523976984" lon="116.33719408018734">
        <ele>44.1</ele>
        <time>2026-08-18T12:02:49.808Z</time>
      </trkpt>
      <trkpt lat="40.07698853817577" lon="116.33716580139276">
        <ele>44.2</ele>
        <time>2026-08-18T12:02:50.808Z</time>
      </trkpt>
      <trkpt lat="40.076979747962866" lon="116.33713853594224">
        <ele>44.2</ele>
        <time>2026-08-18T12:02:51.808Z</time>
      </trkpt>
      <trkpt lat="40.07696896637745" lon="116.33711206799079">
        <ele>44.3</ele>
        <time>2026-08-18T12:02:52.808Z</time>
      </trkpt>
      <trkpt lat="40.07695651567942" lon="116.33708642912043">
        <ele>44.3</ele>
        <time>2026-08-18T12:02:53.808Z</time>
      </trkpt>
      <trkpt lat="40.07694224914658" lon="116.33706212832149">
        <ele>44.4</ele>
        <time>2026-08-18T12:02:54.808Z</time>
      </trkpt>
      <trkpt lat="40.07692632345156" lon="116.33703941496177">
        <ele>44.5</ele>
        <time>2026-08-18T12:02:55.808Z</time>
      </trkpt>
      <trkpt lat="40.07690894229016" lon="116.33701822374388">
        <ele>44.5</ele>
        <time>2026-08-18T12:02:56.808Z</time>
      </trkpt>
      <trkpt lat="40.0768905039682" lon="116.33699802811464">
        <ele>44.6</ele>
        <time>2026-08-18T12:02:57.808Z</time>
      </trkpt>
      <trkpt lat="40.07687153525206" lon="116.33697838938286">
        <ele>44.7</ele>
        <time>2026-08-18T12:02:58.808Z</time>
      </trkpt>
      <trkpt lat="40.07685177264734" lon="116.33696013828961">
        <ele>44.7</ele>
        <time>2026-08-18T12:02:59.808Z</time>
      </trkpt>
      <trkpt lat="40.076830968067306" lon="116.33694393875815">
        <ele>44.8</ele>
        <time>2026-08-18T12:03:00.808Z</time>
      </trkpt>
      <trkpt lat="40.07680914267532" lon="116.33692956654237">
        <ele>44.8</ele>
        <time>2026-08-18T12:03:01.808Z</time>
      </trkpt>
      <trkpt lat="40.07678628397208" lon="116.33691684785097">
        <ele>44.9</ele>
        <time>2026-08-18T12:03:02.808Z</time>
      </trkpt>
      <trkpt lat="40.076762467383055" lon="116.33690599745196">
        <ele>45.0</ele>
        <time>2026-08-18T12:03:03.808Z</time>
      </trkpt>
      <trkpt lat="40.07673781766108" lon="116.33689713813904">
        <ele>45.0</ele>
        <time>2026-08-18T12:03:04.808Z</time>
      </trkpt>
      <trkpt lat="40.07671259480006" lon="116.33688985966933">
        <ele>45.1</ele>
        <time>2026-08-18T12:03:05.808Z</time>
      </trkpt>
      <trkpt lat="40.07668699040182" lon="116.33688414045257">
        <ele>45.1</ele>
        <time>2026-08-18T12:03:06.808Z</time>
      </trkpt>
      <trkpt lat="40.07666111841994" lon="116.33688016967055">
        <ele>45.2</ele>
        <time>2026-08-18T12:03:07.808Z</time>
      </trkpt>
      <trkpt lat="40.07663519700712" lon="116.33687797178376">
        <ele>45.2</ele>
        <time>2026-08-18T12:03:08.808Z</time>
      </trkpt>
      <trkpt lat="40.076609440902644" lon="116.33687768184988">
        <ele>45.2</ele>
        <time>2026-08-18T12:03:09.808Z</time>
      </trkpt>
      <trkpt lat="40.07658380887439" lon="116.33687898584166">
        <ele>45.3</ele>
        <time>2026-08-18T12:03:10.808Z</time>
      </trkpt>
      <trkpt lat="40.07655816131614" lon="116.33688162140614">
        <ele>45.3</ele>
        <time>2026-08-18T12:03:11.808Z</time>
      </trkpt>
      <trkpt lat="40.07653257250291" lon="116.33688504422662">
        <ele>45.4</ele>
        <time>2026-08-18T12:03:12.808Z</time>
      </trkpt>
      <trkpt lat="40.076507055427896" lon="116.33688820497535">
        <ele>45.4</ele>
        <time>2026-08-18T12:03:13.808Z</time>
      </trkpt>
      <trkpt lat="40.076481658261045" lon="116.33689047676582">
        <ele>45.5</ele>
        <time>2026-08-18T12:03:14.808Z</time>
      </trkpt>
      <trkpt lat="40.07645642617632" lon="116.33689181648397">
        <ele>45.5</ele>
        <time>2026-08-18T12:03:15.808Z</time>
      </trkpt>
      <trkpt lat="40.07643130192079" lon="116.3368926593316">
        <ele>45.5</ele>
        <time>2026-08-18T12:03:16.808Z</time>
      </trkpt>
      <trkpt lat="40.07640626923034" lon="116.3368933189583">
        <ele>45.5</ele>
        <time>2026-08-18T12:03:17.808Z</time>
      </trkpt>
      <trkpt lat="40.07638118341349" lon="116.33689389914841">
        <ele>45.6</ele>
        <time>2026-08-18T12:03:18.808Z</time>
      </trkpt>
      <trkpt lat="40.076355922901016" lon="116.3368947672321">
        <ele>45.6</ele>
        <time>2026-08-18T12:03:19.808Z</time>
      </trkpt>
      <trkpt lat="40.076330476085" lon="116.33689619741487">
        <ele>45.6</ele>
        <time>2026-08-18T12:03:20.808Z</time>
      </trkpt>
      <trkpt lat="40.07630482834211" lon="116.33689711167544">
        <ele>45.6</ele>
        <time>2026-08-18T12:03:21.808Z</time>
      </trkpt>
      <trkpt lat="40.07627914628221" lon="116.33689718850601">
        <ele>45.6</ele>
        <time>2026-08-18T12:03:22.808Z</time>
      </trkpt>
      <trkpt lat="40.076253536430485" lon="116.33689718416397">
        <ele>45.6</ele>
        <time>2026-08-18T12:03:23.808Z</time>
      </trkpt>
      <trkpt lat="40.076228020234524" lon="116.33689759111121">
        <ele>45.6</ele>
        <time>2026-08-18T12:03:24.808Z</time>
      </trkpt>
      <trkpt lat="40.076202583985356" lon="116.33689852388956">
        <ele>45.7</ele>
        <time>2026-08-18T12:03:25.808Z</time>
      </trkpt>
      <trkpt lat="40.07617710065285" lon="116.33689939367582">
        <ele>45.7</ele>
        <time>2026-08-18T12:03:26.808Z</time>
      </trkpt>
      <trkpt lat="40.076151575075144" lon="116.33690039701406">
        <ele>45.7</ele>
        <time>2026-08-18T12:03:27.808Z</time>
      </trkpt>
      <trkpt lat="40.07612607478097" lon="116.3369016286941">
        <ele>45.7</ele>
        <time>2026-08-18T12:03:28.808Z</time>
      </trkpt>
      <trkpt lat="40.07610060594526" lon="116.33690282388518">
        <ele>45.7</ele>
        <time>2026-08-18T12:03:29.807Z</time>
      </trkpt>
      <trkpt lat="40.07607505851608" lon="116.33690410547545">
        <ele>45.8</ele>
        <time>2026-08-18T12:03:30.808Z</time>
      </trkpt>
      <trkpt lat="40.0760494432978" lon="116.33690534657292">
        <ele>45.8</ele>
        <time>2026-08-18T12:03:31.808Z</time>
      </trkpt>
      <trkpt lat="40.07602377968255" lon="116.33690649400769">
        <ele>45.8</ele>
        <time>2026-08-18T12:03:32.808Z</time>
      </trkpt>
      <trkpt lat="40.07599809754285" lon="116.33690757580958">
        <ele>45.9</ele>
        <time>2026-08-18T12:03:33.808Z</time>
      </trkpt>
      <trkpt lat="40.075972273402485" lon="116.33690842934853">
        <ele>45.9</ele>
        <time>2026-08-18T12:03:34.808Z</time>
      </trkpt>
      <trkpt lat="40.07594617116737" lon="116.33690879577132">
        <ele>46.0</ele>
        <time>2026-08-18T12:03:35.808Z</time>
      </trkpt>
      <trkpt lat="40.07591978570066" lon="116.33690900426622">
        <ele>46.0</ele>
        <time>2026-08-18T12:03:36.808Z</time>
      </trkpt>
      <trkpt lat="40.075893298456506" lon="116.33690958599301">
        <ele>46.0</ele>
        <time>2026-08-18T12:03:37.808Z</time>
      </trkpt>
      <trkpt lat="40.07586695571141" lon="116.3369103836114">
        <ele>46.1</ele>
        <time>2026-08-18T12:03:38.808Z</time>
      </trkpt>
      <trkpt lat="40.07584103052673" lon="116.336911157901">
        <ele>46.1</ele>
        <time>2026-08-18T12:03:39.808Z</time>
      </trkpt>
      <trkpt lat="40.07581557749507" lon="116.33691157051798">
        <ele>46.2</ele>
        <time>2026-08-18T12:03:40.808Z</time>
      </trkpt>
      <trkpt lat="40.07579042271742" lon="116.33691184636167">
        <ele>46.2</ele>
        <time>2026-08-18T12:03:41.808Z</time>
      </trkpt>
      <trkpt lat="40.075765521404996" lon="116.33691258863588">
        <ele>46.2</ele>
        <time>2026-08-18T12:03:42.808Z</time>
      </trkpt>
      <trkpt lat="40.07574091595171" lon="116.33691471154044">
        <ele>46.3</ele>
        <time>2026-08-18T12:03:43.808Z</time>
      </trkpt>
      <trkpt lat="40.0757166629155" lon="116.33691911435514">
        <ele>46.3</ele>
        <time>2026-08-18T12:03:44.808Z</time>
      </trkpt>
      <trkpt lat="40.07569297430045" lon="116.33692633956286">
        <ele>46.3</ele>
        <time>2026-08-18T12:03:45.808Z</time>
      </trkpt>
      <trkpt lat="40.075670225142346" lon="116.33693725158842">
        <ele>46.3</ele>
        <time>2026-08-18T12:03:46.808Z</time>
      </trkpt>
      <trkpt lat="40.075648584624965" lon="116.33695170501889">
        <ele>46.3</ele>
        <time>2026-08-18T12:03:47.808Z</time>
      </trkpt>
      <trkpt lat="40.075627908167405" lon="116.33696868556227">
        <ele>46.3</ele>
        <time>2026-08-18T12:03:48.808Z</time>
      </trkpt>
      <trkpt lat="40.07560812692084" lon="116.33698740700221">
        <ele>46.4</ele>
        <time>2026-08-18T12:03:49.808Z</time>
      </trkpt>
      <trkpt lat="40.07558945052171" lon="116.33700780821532">
        <ele>46.4</ele>
        <time>2026-08-18T12:03:50.808Z</time>
      </trkpt>
      <trkpt lat="40.07557206536564" lon="116.3370301700103">
        <ele>46.4</ele>
        <time>2026-08-18T12:03:51.808Z</time>
      </trkpt>
      <trkpt lat="40.07555592796764" lon="116.3370543283498">
        <ele>46.3</ele>
        <time>2026-08-18T12:03:52.808Z</time>
      </trkpt>
      <trkpt lat="40.07554115892459" lon="116.33708015158821">
        <ele>46.3</ele>
        <time>2026-08-18T12:03:53.808Z</time>
      </trkpt>
      <trkpt lat="40.07552811451047" lon="116.3371076089692">
        <ele>46.3</ele>
        <time>2026-08-18T12:03:54.808Z</time>
      </trkpt>
      <trkpt lat="40.075517130454564" lon="116.33713663648393">
        <ele>46.3</ele>
        <time>2026-08-18T12:03:55.808Z</time>
      </trkpt>
      <trkpt lat="40.07550797674256" lon="116.33716688367124">
        <ele>46.3</ele>
        <time>2026-08-18T12:03:56.808Z</time>
      </trkpt>
      <trkpt lat="40.07550002071589" lon="116.33719801129838">
        <ele>46.2</ele>
        <time>2026-08-18T12:03:57.808Z</time>
      </trkpt>
      <trkpt lat="40.07549276185672" lon="116.33722988609777">
        <ele>46.2</ele>
        <time>2026-08-18T12:03:58.808Z</time>
      </trkpt>
      <trkpt lat="40.07548602701851" lon="116.33726245352662">
        <ele>46.2</ele>
        <time>2026-08-18T12:03:59.808Z</time>
      </trkpt>
      <trkpt lat="40.07548007391531" lon="116.33729559241763">
        <ele>46.1</ele>
        <time>2026-08-18T12:04:00.808Z</time>
      </trkpt>
      <trkpt lat="40.075475298458" lon="116.33732901065297">
        <ele>46.1</ele>
        <time>2026-08-18T12:04:01.808Z</time>
      </trkpt>
      <trkpt lat="40.075472276707785" lon="116.337362525166">
        <ele>46.1</ele>
        <time>2026-08-18T12:04:02.808Z</time>
      </trkpt>
      <trkpt lat="40.07547125945157" lon="116.33739599484109">
        <ele>46.0</ele>
        <time>2026-08-18T12:04:03.808Z</time>
      </trkpt>
      <trkpt lat="40.07547178226213" lon="116.33742920446191">
        <ele>46.0</ele>
        <time>2026-08-18T12:04:04.808Z</time>
      </trkpt>
      <trkpt lat="40.07547349345834" lon="116.33746203545073">
        <ele>45.9</ele>
        <time>2026-08-18T12:04:05.808Z</time>
      </trkpt>
      <trkpt lat="40.07547636622275" lon="116.33749430945663">
        <ele>45.9</ele>
        <time>2026-08-18T12:04:06.808Z</time>
      </trkpt>
      <trkpt lat="40.07548041783844" lon="116.33752587579285">
        <ele>45.9</ele>
        <time>2026-08-18T12:04:07.808Z</time>
      </trkpt>
      <trkpt lat="40.075486002507034" lon="116.3375564362308">
        <ele>45.8</ele>
        <time>2026-08-18T12:04:08.808Z</time>
      </trkpt>
      <trkpt lat="40.075493371346596" lon="116.33758564517471">
        <ele>45.8</ele>
        <time>2026-08-18T12:04:09.808Z</time>
      </trkpt>
      <trkpt lat="40.07550279928106" lon="116.33761320697519">
        <ele>45.8</ele>
        <time>2026-08-18T12:04:10.808Z</time>
      </trkpt>
      <trkpt lat="40.07551463335689" lon="116.33763894455768">
        <ele>45.8</ele>
        <time>2026-08-18T12:04:11.808Z</time>
      </trkpt>
      <trkpt lat="40.07552858354901" lon="116.33766303081373">
        <ele>45.7</ele>
        <time>2026-08-18T12:04:12.808Z</time>
        <extensions>
          <gpxtpx:TrackPointExtension>
            <gpxtpx:hr>160</gpxtpx:hr>
          </gpxtpx:TrackPointExtension>
        </extensions>
      </trkpt>
      <trkpt lat="40.07554445432032" lon="116.33768552364164">
        <ele>45.7</ele>
        <time>2026-08-18T12:04:13.807Z</time>
        <extensions>
          <gpxtpx:TrackPointExtension>
            <gpxtpx:hr>160</gpxtpx:hr>
          </gpxtpx:TrackPointExtension>
        </extensions>
      </trkpt>
      <trkpt lat="40.07556193836968" lon="116.33770683820133">
        <ele>45.7</ele>
        <time>2026-08-18T12:04:14.808Z</time>
        <extensions>
          <gpxtpx:TrackPointExtension>
            <gpxtpx:hr>160</gpxtpx:hr>
          </gpxtpx:TrackPointExtension>
        </extensions>
      </trkpt>
      <trkpt lat="40.07558056529241" lon="116.33772751883949">
        <ele>45.6</ele>
        <time>2026-08-18T12:04:15.808Z</time>
        <extensions>
          <gpxtpx:TrackPointExtension>
            <gpxtpx:hr>160</gpxtpx:hr>
          </gpxtpx:TrackPointExtension>
        </extensions>
      </trkpt>
      <trkpt lat="40.07560032494768" lon="116.33774738629238">
        <ele>45.6</ele>
        <time>2026-08-18T12:04:16.808Z</time>
        <extensions>
          <gpxtpx:TrackPointExtension>
            <gpxtpx:hr>160</gpxtpx:hr>
          </gpxtpx:TrackPointExtension>
        </extensions>
      </trkpt>
      <trkpt lat="40.07562092523612" lon="116.33776618105594">
        <ele>45.6</ele>
        <time>2026-08-18T12:04:17.808Z</time>
        <extensions>
          <gpxtpx:TrackPointExtension>
            <gpxtpx:hr>160</gpxtpx:hr>
          </gpxtpx:TrackPointExtension>
        </extensions>
      </trkpt>
      <trkpt lat="40.07564211812797" lon="116.33778349544488">
        <ele>45.5</ele>
        <time>2026-08-18T12:04:18.808Z</time>
        <extensions>
          <gpxtpx:TrackPointExtension>
            <gpxtpx:hr>160</gpxtpx:hr>
          </gpxtpx:TrackPointExtension>
        </extensions>
      </trkpt>
      <trkpt lat="40.07566383891759" lon="116.33779921894937">
        <ele>45.5</ele>
        <time>2026-08-18T12:04:19.808Z</time>
        <extensions>
          <gpxtpx:TrackPointExtension>
            <gpxtpx:hr>160</gpxtpx:hr>
          </gpxtpx:TrackPointExtension>
        </extensions>
      </trkpt>
      <trkpt lat="40.07568619135878" lon="116.33781355982728">
        <ele>45.5</ele>
        <time>2026-08-18T12:04:20.808Z</time>
        <extensions>
          <gpxtpx:TrackPointExtension>
            <gpxtpx:hr>160</gpxtpx:hr>
          </gpxtpx:TrackPointExtension>
        </extensions>
      </trkpt>
      <trkpt lat="40.07570945681379" lon="116.3378262667525">
        <ele>45.4</ele>
        <time>2026-08-18T12:04:21.807Z</time>
        <extensions>
          <gpxtpx:TrackPointExtension>
            <gpxtpx:hr>160</gpxtpx:hr>
          </gpxtpx:TrackPointExtension>
        </extensions>
      </trkpt>
      <trkpt lat="40.075733660293764" lon="116.33783713736216">
        <ele>45.4</ele>
        <time>2026-08-18T12:04:22.807Z</time>
        <extensions>
          <gpxtpx:TrackPointExtension>
            <gpxtpx:hr>160</gpxtpx:hr>
          </gpxtpx:TrackPointExtension>
        </extensions>
      </trkpt>
      <trkpt lat="40.07575856926932" lon="116.33784626560043">
        <ele>45.4</ele>
        <time>2026-08-18T12:04:23.807Z</time>
        <extensions>
          <gpxtpx:TrackPointExtension>
            <gpxtpx:hr>160</gpxtpx:hr>
          </gpxtpx:TrackPointExtension>
        </extensions>
      </trkpt>
      <trkpt lat="40.075783958205136" lon="116.33785339387724">
        <ele>45.3</ele>
        <time>2026-08-18T12:04:24.807Z</time>
        <extensions>
          <gpxtpx:TrackPointExtension>
            <gpxtpx:hr>160</gpxtpx:hr>
          </gpxtpx:TrackPointExtension>
        </extensions>
      </trkpt>
      <trkpt lat="40.07580971670603" lon="116.33785873266153">
        <ele>45.3</ele>
        <time>2026-08-18T12:04:25.808Z</time>
        <extensions>
          <gpxtpx:TrackPointExtension>
            <gpxtpx:hr>160</gpxtpx:hr>
          </gpxtpx:TrackPointExtension>
        </extensions>
      </trkpt>
      <trkpt lat="40.075835718613675" lon="116.33786298151666">
        <ele>45.3</ele>
        <time>2026-08-18T12:04:26.808Z</time>
        <extensions>
          <gpxtpx:TrackPointExtension>
            <gpxtpx:hr>160</gpxtpx:hr>
          </gpxtpx:TrackPointExtension>
        </extensions>
      </trkpt>
      <trkpt lat="40.075861829191545" lon="116.3378659662723">
        <ele>45.2</ele>
        <time>2026-08-18T12:04:27.807Z</time>
        <extensions>
          <gpxtpx:TrackPointExtension>
            <gpxtpx:hr>160</gpxtpx:hr>
          </gpxtpx:TrackPointExtension>
        </extensions>
      </trkpt>
      <trkpt lat="40.07588787966456" lon="116.33786750554009">
        <ele>45.2</ele>
        <time>2026-08-18T12:04:28.807Z</time>
        <extensions>
          <gpxtpx:TrackPointExtension>
            <gpxtpx:hr>160</gpxtpx:hr>
          </gpxtpx:TrackPointExtension>
        </extensions>
      </trkpt>
      <trkpt lat="40.07591369714574" lon="116.33786818940392">
        <ele>45.2</ele>
        <time>2026-08-18T12:04:29.807Z</time>
        <extensions>
          <gpxtpx:TrackPointExtension>
            <gpxtpx:hr>160</gpxtpx:hr>
          </gpxtpx:TrackPointExtension>
        </extensions>
      </trkpt>
      <trkpt lat="40.07593912417499" lon="116.3378686385702">
        <ele>45.2</ele>
        <time>2026-08-18T12:04:30.807Z</time>
        <extensions>
          <gpxtpx:TrackPointExtension>
            <gpxtpx:hr>160</gpxtpx:hr>
          </gpxtpx:TrackPointExtension>
        </extensions>
      </trkpt>
      <trkpt lat="40.0759640154449" lon="116.33786907338373">
        <ele>45.1</ele>
        <time>2026-08-18T12:04:31.808Z</time>
        <extensions>
          <gpxtpx:TrackPointExtension>
            <gpxtpx:hr>160</gpxtpx:hr>
          </gpxtpx:TrackPointExtension>
        </extensions>
      </trkpt>
      <trkpt lat="40.07598835831651" lon="116.3378697426495">
        <ele>45.1</ele>
        <time>2026-08-18T12:04:32.808Z</time>
        <extensions>
          <gpxtpx:TrackPointExtension>
            <gpxtpx:hr>160</gpxtpx:hr>
          </gpxtpx:TrackPointExtension>
        </extensions>
      </trkpt>
      <trkpt lat="40.076012460640726" lon="116.33787047733225">
        <ele>45.1</ele>
        <time>2026-08-18T12:04:33.807Z</time>
        <extensions>
          <gpxtpx:TrackPointExtension>
            <gpxtpx:hr>160</gpxtpx:hr>
          </gpxtpx:TrackPointExtension>
        </extensions>
      </trkpt>
      <trkpt lat="40.0760366304268" lon="116.337870998781">
        <ele>45.0</ele>
        <time>2026-08-18T12:04:34.807Z</time>
        <extensions>
          <gpxtpx:TrackPointExtension>
            <gpxtpx:hr>160</gpxtpx:hr>
          </gpxtpx:TrackPointExtension>
        </extensions>
      </trkpt>
      <trkpt lat="40.07606079436618" lon="116.33787091429305">
        <ele>45.0</ele>
        <time>2026-08-18T12:04:35.808Z</time>
        <extensions>
          <gpxtpx:TrackPointExtension>
            <gpxtpx:hr>160</gpxtpx:hr>
          </gpxtpx:TrackPointExtension>
        </extensions>
      </trkpt>
      <trkpt lat="40.07608466947312" lon="116.33786969136978">
        <ele>45.0</ele>
        <time>2026-08-18T12:04:36.808Z</time>
        <extensions>
          <gpxtpx:TrackPointExtension>
            <gpxtpx:hr>160</gpxtpx:hr>
          </gpxtpx:TrackPointExtension>
        </extensions>
      </trkpt>
      <trkpt lat="40.07610818014738" lon="116.33786751932713">
        <ele>45.0</ele>
        <time>2026-08-18T12:04:37.808Z</time>
        <extensions>
          <gpxtpx:TrackPointExtension>
            <gpxtpx:hr>160</gpxtpx:hr>
          </gpxtpx:TrackPointExtension>
        </extensions>
      </trkpt>
      <trkpt lat="40.07613147311152" lon="116.3378651819754">
        <ele>44.9</ele>
        <time>2026-08-18T12:04:38.807Z</time>
        <extensions>
          <gpxtpx:TrackPointExtension>
            <gpxtpx:hr>160</gpxtpx:hr>
          </gpxtpx:TrackPointExtension>
        </extensions>
      </trkpt>
      <trkpt lat="40.07615449815491" lon="116.3378631529095">
        <ele>44.9</ele>
        <time>2026-08-18T12:04:39.807Z</time>
        <extensions>
          <gpxtpx:TrackPointExtension>
            <gpxtpx:hr>160</gpxtpx:hr>
          </gpxtpx:TrackPointExtension>
        </extensions>
      </trkpt>
      <trkpt lat="40.076177107683314" lon="116.33786146998494">
        <ele>44.9</ele>
        <time>2026-08-18T12:04:40.808Z</time>
        <extensions>
          <gpxtpx:TrackPointExtension>
            <gpxtpx:hr>160</gpxtpx:hr>
          </gpxtpx:TrackPointExtension>
        </extensions>
      </trkpt>
      <trkpt lat="40.07619937540975" lon="116.33786007263565">
        <ele>44.8</ele>
        <time>2026-08-18T12:04:41.808Z</time>
        <extensions>
          <gpxtpx:TrackPointExtension>
            <gpxtpx:hr>160</gpxtpx:hr>
          </gpxtpx:TrackPointExtension>
        </extensions>
      </trkpt>
      <trkpt lat="40.07622147233484" lon="116.33785881876385">
        <ele>44.8</ele>
        <time>2026-08-18T12:04:42.808Z</time>
      </trkpt>
      <trkpt lat="40.07624357472858" lon="116.33785749130737">
        <ele>44.7</ele>
        <time>2026-08-18T12:04:43.807Z</time>
      </trkpt>
      <trkpt lat="40.07626588375688" lon="116.33785596780005">
        <ele>44.7</ele>
        <time>2026-08-18T12:04:44.808Z</time>
      </trkpt>
      <trkpt lat="40.076288607839444" lon="116.33785404326217">
        <ele>44.7</ele>
        <time>2026-08-18T12:04:45.807Z</time>
      </trkpt>
      <trkpt lat="40.07631176094469" lon="116.33785195993903">
        <ele>44.6</ele>
        <time>2026-08-18T12:04:46.807Z</time>
      </trkpt>
      <trkpt lat="40.07633520317496" lon="116.3378501311164">
        <ele>44.6</ele>
        <time>2026-08-18T12:04:47.807Z</time>
      </trkpt>
      <trkpt lat="40.076358868125446" lon="116.3378482321806">
        <ele>44.6</ele>
        <time>2026-08-18T12:04:48.807Z</time>
      </trkpt>
      <trkpt lat="40.076382793624816" lon="116.33784671313033">
        <ele>44.5</ele>
        <time>2026-08-18T12:04:49.807Z</time>
      </trkpt>
      <trkpt lat="40.07640705792129" lon="116.33784613390006">
        <ele>44.5</ele>
        <time>2026-08-18T12:04:50.807Z</time>
      </trkpt>
      <trkpt lat="40.07643162249571" lon="116.33784665543945">
        <ele>44.4</ele>
        <time>2026-08-18T12:04:51.808Z</time>
      </trkpt>
      <trkpt lat="40.076456485817396" lon="116.33784785000482">
        <ele>44.4</ele>
        <time>2026-08-18T12:04:52.807Z</time>
      </trkpt>
      <trkpt lat="40.07648163000674" lon="116.33784918494305">
        <ele>44.4</ele>
        <time>2026-08-18T12:04:53.807Z</time>
      </trkpt>
      <trkpt lat="40.076506960977525" lon="116.33785080450733">
        <ele>44.3</ele>
        <time>2026-08-18T12:04:54.807Z</time>
      </trkpt>
      <trkpt lat="40.076532368744054" lon="116.33785279223152">
        <ele>44.3</ele>
        <time>2026-08-18T12:04:55.807Z</time>
      </trkpt>
      <trkpt lat="40.076557540640664" lon="116.33785519729157">
        <ele>44.3</ele>
        <time>2026-08-18T12:04:56.807Z</time>
      </trkpt>
      <trkpt lat="40.0765823406296" lon="116.33785792066261">
        <ele>44.3</ele>
        <time>2026-08-18T12:04:57.807Z</time>
      </trkpt>
      <trkpt lat="40.076607002877076" lon="116.33786011862482">
        <ele>44.2</ele>
        <time>2026-08-18T12:04:58.807Z</time>
      </trkpt>
      <trkpt lat="40.07663165726738" lon="116.33786098357456">
        <ele>44.2</ele>
        <time>2026-08-18T12:04:59.807Z</time>
      </trkpt>
      <trkpt lat="40.07665625318986" lon="116.33786054976652">
        <ele>44.2</ele>
        <time>2026-08-18T12:05:00.807Z</time>
      </trkpt>
      <trkpt lat="40.07668060713055" lon="116.33785804255113">
        <ele>44.1</ele>
        <time>2026-08-18T12:05:01.807Z</time>
      </trkpt>
      <trkpt lat="40.07670440045755" lon="116.33785259272067">
        <ele>44.1</ele>
        <time>2026-08-18T12:05:02.807Z</time>
      </trkpt>
      <trkpt lat="40.076727343676204" lon="116.3378442638689">
        <ele>44.1</ele>
        <time>2026-08-18T12:05:03.807Z</time>
      </trkpt>
      <trkpt lat="40.07674945865364" lon="116.33783350240682">
        <ele>44.1</ele>
        <time>2026-08-18T12:05:04.807Z</time>
      </trkpt>
      <trkpt lat="40.076771036126615" lon="116.33782094581824">
        <ele>44.0</ele>
        <time>2026-08-18T12:05:05.807Z</time>
      </trkpt>
      <trkpt lat="40.076792245349715" lon="116.33780690214924">
        <ele>44.0</ele>
        <time>2026-08-18T12:05:06.807Z</time>
      </trkpt>
      <trkpt lat="40.07681308437408" lon="116.3377914409436">
        <ele>44.0</ele>
        <time>2026-08-18T12:05:07.807Z</time>
      </trkpt>
      <trkpt lat="40.076833277176156" lon="116.33777413773775">
        <ele>44.0</ele>
        <time>2026-08-18T12:05:08.807Z</time>
      </trkpt>
      <trkpt lat="40.076852505468366" lon="116.33775467104981">
        <ele>44.0</ele>
        <time>2026-08-18T12:05:09.807Z</time>
      </trkpt>
      <trkpt lat="40.076870636363346" lon="116.3377330378227">
        <ele>44.0</ele>
        <time>2026-08-18T12:05:10.807Z</time>
      </trkpt>
      <trkpt lat="40.07688759003603" lon="116.33770922650265">
        <ele>44.0</ele>
        <time>2026-08-18T12:05:11.807Z</time>
      </trkpt>
      <trkpt lat="40.076903481249296" lon="116.33768361743007">
        <ele>44.0</ele>
        <time>2026-08-18T12:05:12.807Z</time>
      </trkpt>
      <trkpt lat="40.076918216237445" lon="116.33765653342095">
        <ele>44.0</ele>
        <time>2026-08-18T12:05:13.807Z</time>
      </trkpt>
      <trkpt lat="40.07693175917972" lon="116.33762821753264">
        <ele>44.0</ele>
        <time>2026-08-18T12:05:14.807Z</time>
      </trkpt>
      <trkpt lat="40.07694424180195" lon="116.3375988912013">
        <ele>44.0</ele>
        <time>2026-08-18T12:05:15.807Z</time>
      </trkpt>
      <trkpt lat="40.07695550970322" lon="116.33756866335214">
        <ele>44.0</ele>
        <time>2026-08-18T12:05:16.807Z</time>
      </trkpt>
      <trkpt lat="40.076965375829054" lon="116.33753779880898">
        <ele>44.0</ele>
        <time>2026-08-18T12:05:17.807Z</time>
      </trkpt>
      <trkpt lat="40.07697374002241" lon="116.33750636369142">
        <ele>44.0</ele>
        <time>2026-08-18T12:05:18.807Z</time>
      </trkpt>
      <trkpt lat="40.07698079558766" lon="116.33747421043634">
        <ele>44.1</ele>
        <time>2026-08-18T12:05:19.807Z</time>
      </trkpt>
      <trkpt lat="40.076986455219895" lon="116.33744145331868">
        <ele>44.1</ele>
        <time>2026-08-18T12:05:20.807Z</time>
      </trkpt>
      <trkpt lat="40.076990268772974" lon="116.33740812071159">
        <ele>44.1</ele>
        <time>2026-08-18T12:05:21.807Z</time>
      </trkpt>
      <trkpt lat="40.076992186504285" lon="116.33737449409763">
        <ele>44.2</ele>
        <time>2026-08-18T12:05:22.807Z</time>
      </trkpt>
      <trkpt lat="40.07699256831118" lon="116.33734077559006">
        <ele>44.2</ele>
        <time>2026-08-18T12:05:23.807Z</time>
      </trkpt>
      <trkpt lat="40.07699149791008" lon="116.33730707374345">
        <ele>44.2</ele>
        <time>2026-08-18T12:05:24.807Z</time>
      </trkpt>
      <trkpt lat="40.07698865889075" lon="116.337273542543">
        <ele>44.3</ele>
        <time>2026-08-18T12:05:25.807Z</time>
      </trkpt>
      <trkpt lat="40.07698363323259" lon="116.33724052357006">
        <ele>44.3</ele>
        <time>2026-08-18T12:05:26.807Z</time>
      </trkpt>
      <trkpt lat="40.0769761875363" lon="116.33720835856077">
        <ele>44.4</ele>
        <time>2026-08-18T12:05:27.807Z</time>
      </trkpt>
      <trkpt lat="40.07696660297256" lon="116.33717723536239">
        <ele>44.4</ele>
        <time>2026-08-18T12:05:28.807Z</time>
      </trkpt>
      <trkpt lat="40.076955324016154" lon="116.33714723331043">
        <ele>44.5</ele>
        <time>2026-08-18T12:05:29.807Z</time>
      </trkpt>
      <trkpt lat="40.07694231016431" lon="116.33711853891684">
        <ele>44.5</ele>
        <time>2026-08-18T12:05:30.807Z</time>
      </trkpt>
      <trkpt lat="40.07692739364818" lon="116.33709113386618">
        <ele>44.6</ele>
        <time>2026-08-18T12:05:31.807Z</time>
      </trkpt>
      <trkpt lat="40.07691072392662" lon="116.33706478280405">
        <ele>44.6</ele>
        <time>2026-08-18T12:05:32.807Z</time>
      </trkpt>
      <trkpt lat="40.076892536998365" lon="116.33703953345334">
        <ele>44.7</ele>
        <time>2026-08-18T12:05:33.807Z</time>
      </trkpt>
      <trkpt lat="40.07687321232565" lon="116.33701539802199">
        <ele>44.7</ele>
        <time>2026-08-18T12:05:34.807Z</time>
      </trkpt>
      <trkpt lat="40.07685321251227" lon="116.33699207229944">
        <ele>44.7</ele>
        <time>2026-08-18T12:05:35.807Z</time>
      </trkpt>
      <trkpt lat="40.07683251842057" lon="116.33696977974536">
        <ele>44.8</ele>
        <time>2026-08-18T12:05:36.807Z</time>
      </trkpt>
      <trkpt lat="40.07681071290063" lon="116.33694953811907">
        <ele>44.8</ele>
        <time>2026-08-18T12:05:37.807Z</time>
      </trkpt>
      <trkpt lat="40.07678770670092" lon="116.33693220295383">
        <ele>44.9</ele>
        <time>2026-08-18T12:05:38.807Z</time>
      </trkpt>
      <trkpt lat="40.076763723858924" lon="116.33691802629305">
        <ele>44.9</ele>
        <time>2026-08-18T12:05:39.807Z</time>
      </trkpt>
      <trkpt lat="40.07673904469325" lon="116.33690668288438">
        <ele>45.0</ele>
        <time>2026-08-18T12:05:40.807Z</time>
      </trkpt>
      <trkpt lat="40.07671372086032" lon="116.33689798072038">
        <ele>45.0</ele>
        <time>2026-08-18T12:05:41.807Z</time>
      </trkpt>
      <trkpt lat="40.076687887554115" lon="116.33689175395632">
        <ele>45.1</ele>
        <time>2026-08-18T12:05:42.807Z</time>
      </trkpt>
      <trkpt lat="40.07666180990302" lon="116.3368873771311">
        <ele>45.1</ele>
        <time>2026-08-18T12:05:43.807Z</time>
      </trkpt>
      <trkpt lat="40.076635586300725" lon="116.3368847722301">
        <ele>45.2</ele>
        <time>2026-08-18T12:05:44.807Z</time>
      </trkpt>
      <trkpt lat="40.07660928783685" lon="116.33688364909042">
        <ele>45.2</ele>
        <time>2026-08-18T12:05:45.807Z</time>
      </trkpt>
      <trkpt lat="40.076583194942074" lon="116.33688327066015">
        <ele>45.3</ele>
        <time>2026-08-18T12:05:46.807Z</time>
      </trkpt>
      <trkpt lat="40.07655736690264" lon="116.3368838004806">
        <ele>45.3</ele>
        <time>2026-08-18T12:05:47.807Z</time>
      </trkpt>
      <trkpt lat="40.07653175560313" lon="116.33688534238912">
        <ele>45.4</ele>
        <time>2026-08-18T12:05:48.807Z</time>
      </trkpt>
      <trkpt lat="40.07650639827976" lon="116.33688755518992">
        <ele>45.4</ele>
        <time>2026-08-18T12:05:49.807Z</time>
      </trkpt>
      <trkpt lat="40.07648121154629" lon="116.33688984664204">
        <ele>45.5</ele>
        <time>2026-08-18T12:05:50.807Z</time>
      </trkpt>
      <trkpt lat="40.07645603005405" lon="116.33689202170044">
        <ele>45.5</ele>
        <time>2026-08-18T12:05:51.807Z</time>
      </trkpt>
      <trkpt lat="40.0764308261349" lon="116.33689443377916">
        <ele>45.6</ele>
        <time>2026-08-18T12:05:52.807Z</time>
      </trkpt>
      <trkpt lat="40.07640572043675" lon="116.33689659241516">
        <ele>45.6</ele>
        <time>2026-08-18T12:05:53.807Z</time>
      </trkpt>
      <trkpt lat="40.07638092817527" lon="116.33689825807373">
        <ele>45.7</ele>
        <time>2026-08-18T12:05:54.807Z</time>
      </trkpt>
      <trkpt lat="40.076356622065184" lon="116.33689928373796">
        <ele>45.7</ele>
        <time>2026-08-18T12:05:55.807Z</time>
      </trkpt>
      <trkpt lat="40.07633272966972" lon="116.33689971531844">
        <ele>45.7</ele>
        <time>2026-08-18T12:05:56.807Z</time>
      </trkpt>
      <trkpt lat="40.07630914338998" lon="116.33690020708126">
        <ele>45.8</ele>
        <time>2026-08-18T12:05:57.807Z</time>
      </trkpt>
      <trkpt lat="40.076285586254386" lon="116.33690049585577">
        <ele>45.8</ele>
        <time>2026-08-18T12:05:58.807Z</time>
      </trkpt>
      <trkpt lat="40.07626195415947" lon="116.33690040284282">
        <ele>45.8</ele>
        <time>2026-08-18T12:05:59.807Z</time>
      </trkpt>
      <trkpt lat="40.076238335791935" lon="116.33690018666132">
        <ele>45.8</ele>
        <time>2026-08-18T12:06:00.807Z</time>
      </trkpt>
      <trkpt lat="40.07621466091368" lon="116.33690005775809">
        <ele>45.8</ele>
        <time>2026-08-18T12:06:01.807Z</time>
      </trkpt>
      <trkpt lat="40.07619085612286" lon="116.33689999744436">
        <ele>45.8</ele>
        <time>2026-08-18T12:06:02.807Z</time>
      </trkpt>
      <trkpt lat="40.07616701874389" lon="116.33689974708608">
        <ele>45.8</ele>
        <time>2026-08-18T12:06:03.807Z</time>
      </trkpt>
      <trkpt lat="40.07614318367225" lon="116.33689923241452">
        <ele>45.8</ele>
        <time>2026-08-18T12:06:04.807Z</time>
      </trkpt>
      <trkpt lat="40.07611924319743" lon="116.33689848540223">
        <ele>45.8</ele>
        <time>2026-08-18T12:06:05.807Z</time>
      </trkpt>
      <trkpt lat="40.07609515553929" lon="116.33689792218402">
        <ele>45.8</ele>
        <time>2026-08-18T12:06:06.807Z</time>
      </trkpt>
      <trkpt lat="40.07607096205051" lon="116.336897571482">
        <ele>45.8</ele>
        <time>2026-08-18T12:06:07.807Z</time>
      </trkpt>
      <trkpt lat="40.076046632201326" lon="116.33689707808209">
        <ele>45.8</ele>
        <time>2026-08-18T12:06:08.807Z</time>
      </trkpt>
      <trkpt lat="40.07602208916682" lon="116.33689664546948">
        <ele>45.8</ele>
        <time>2026-08-18T12:06:09.807Z</time>
      </trkpt>
      <trkpt lat="40.07599742055342" lon="116.33689642504682">
        <ele>45.8</ele>
        <time>2026-08-18T12:06:10.807Z</time>
      </trkpt>
      <trkpt lat="40.07597282429645" lon="116.33689668360023">
        <ele>45.8</ele>
        <time>2026-08-18T12:06:11.807Z</time>
      </trkpt>
      <trkpt lat="40.07594824572541" lon="116.33689738975266">
        <ele>45.8</ele>
        <time>2026-08-18T12:06:12.807Z</time>
      </trkpt>
      <trkpt lat="40.075923413459556" lon="116.33689798463712">
        <ele>45.8</ele>
        <time>2026-08-18T12:06:13.807Z</time>
      </trkpt>
      <trkpt lat="40.07589820356097" lon="116.33689845975067">
        <ele>45.8</ele>
        <time>2026-08-18T12:06:14.807Z</time>
      </trkpt>
      <trkpt lat="40.07587273394259" lon="116.3368986487395">
        <ele>45.8</ele>
        <time>2026-08-18T12:06:15.806Z</time>
      </trkpt>
      <trkpt lat="40.07584705159951" lon="116.33689859484923">
        <ele>45.8</ele>
        <time>2026-08-18T12:06:16.807Z</time>
      </trkpt>
      <trkpt lat="40.07582131213177" lon="116.3368994103101">
        <ele>45.8</ele>
        <time>2026-08-18T12:06:17.807Z</time>
      </trkpt>
      <trkpt lat="40.07579564391985" lon="116.33690182086437">
        <ele>45.9</ele>
        <time>2026-08-18T12:06:18.807Z</time>
      </trkpt>
      <trkpt lat="40.07577015405369" lon="116.33690597465797">
        <ele>45.9</ele>
        <time>2026-08-18T12:06:19.807Z</time>
      </trkpt>
      <trkpt lat="40.07574504784656" lon="116.33691243432466">
        <ele>45.9</ele>
        <time>2026-08-18T12:06:20.807Z</time>
      </trkpt>
      <trkpt lat="40.07572018330686" lon="116.33692092234854">
        <ele>45.9</ele>
        <time>2026-08-18T12:06:21.807Z</time>
      </trkpt>
      <trkpt lat="40.075695446501186" lon="116.33693097522118">
        <ele>46.0</ele>
        <time>2026-08-18T12:06:22.807Z</time>
      </trkpt>
      <trkpt lat="40.07567105449432" lon="116.3369427258004">
        <ele>46.0</ele>
        <time>2026-08-18T12:06:23.806Z</time>
      </trkpt>
      <trkpt lat="40.07564726298201" lon="116.33695639018568">
        <ele>46.0</ele>
        <time>2026-08-18T12:06:24.807Z</time>
      </trkpt>
      <trkpt lat="40.07562425193034" lon="116.33697209818162">
        <ele>46.1</ele>
        <time>2026-08-18T12:06:25.807Z</time>
      </trkpt>
      <trkpt lat="40.075602067846916" lon="116.33698962563406">
        <ele>46.1</ele>
        <time>2026-08-18T12:06:26.807Z</time>
      </trkpt>
      <trkpt lat="40.07558091024397" lon="116.33700902656692">
        <ele>46.1</ele>
        <time>2026-08-18T12:06:27.807Z</time>
      </trkpt>
      <trkpt lat="40.075561339861096" lon="116.33703076250181">
        <ele>46.2</ele>
        <time>2026-08-18T12:06:28.807Z</time>
      </trkpt>
      <trkpt lat="40.07554345818737" lon="116.33705486634345">
        <ele>46.2</ele>
        <time>2026-08-18T12:06:29.807Z</time>
      </trkpt>
      <trkpt lat="40.07552694973038" lon="116.3370810529103">
        <ele>46.2</ele>
        <time>2026-08-18T12:06:30.807Z</time>
      </trkpt>
      <trkpt lat="40.075511651795374" lon="116.33710901613692">
        <ele>46.2</ele>
        <time>2026-08-18T12:06:31.807Z</time>
      </trkpt>
      <trkpt lat="40.07549747117721" lon="116.3371383480512">
        <ele>46.2</ele>
        <time>2026-08-18T12:06:32.807Z</time>
      </trkpt>
      <trkpt lat="40.07548457629257" lon="116.33716876055148">
        <ele>46.2</ele>
        <time>2026-08-18T12:06:33.807Z</time>
      </trkpt>
      <trkpt lat="40.07547293826127" lon="116.33719997846619">
        <ele>46.2</ele>
        <time>2026-08-18T12:06:34.807Z</time>
      </trkpt>
      <trkpt lat="40.07546272895536" lon="116.33723189192376">
        <ele>46.2</ele>
        <time>2026-08-18T12:06:35.807Z</time>
      </trkpt>
      <trkpt lat="40.07545391718592" lon="116.33726442013348">
        <ele>46.2</ele>
        <time>2026-08-18T12:06:36.807Z</time>
      </trkpt>
      <trkpt lat="40.075446583258966" lon="116.33729739589508">
        <ele>46.1</ele>
        <time>2026-08-18T12:06:37.807Z</time>
      </trkpt>
      <trkpt lat="40.07544136661227" lon="116.33733084503314">
        <ele>46.1</ele>
        <time>2026-08-18T12:06:38.807Z</time>
      </trkpt>
      <trkpt lat="40.075438946077945" lon="116.3373646437302">
        <ele>46.1</ele>
        <time>2026-08-18T12:06:39.807Z</time>
      </trkpt>
      <trkpt lat="40.075439422100686" lon="116.33739856497367">
        <ele>46.1</ele>
        <time>2026-08-18T12:06:40.807Z</time>
      </trkpt>
      <trkpt lat="40.075442354013525" lon="116.33743233441913">
        <ele>46.0</ele>
        <time>2026-08-18T12:06:41.807Z</time>
      </trkpt>
      <trkpt lat="40.075447503098104" lon="116.33746583362601">
        <ele>46.0</ele>
        <time>2026-08-18T12:06:42.807Z</time>
      </trkpt>
      <trkpt lat="40.075454358268196" lon="116.33749903763362">
        <ele>46.0</ele>
        <time>2026-08-18T12:06:43.807Z</time>
      </trkpt>
      <trkpt lat="40.07546246182483" lon="116.33753173389823">
        <ele>45.9</ele>
        <time>2026-08-18T12:06:44.807Z</time>
      </trkpt>
      <trkpt lat="40.075471814853586" lon="116.33756357899277">
        <ele>45.9</ele>
        <time>2026-08-18T12:06:45.807Z</time>
      </trkpt>
      <trkpt lat="40.07548249701359" lon="116.33759411963383">
        <ele>45.9</ele>
        <time>2026-08-18T12:06:46.806Z</time>
      </trkpt>
      <trkpt lat="40.07549464723616" lon="116.33762303345135">
        <ele>45.9</ele>
        <time>2026-08-18T12:06:47.807Z</time>
      </trkpt>
      <trkpt lat="40.075508181326" lon="116.33765020827902">
        <ele>45.9</ele>
        <time>2026-08-18T12:06:48.807Z</time>
      </trkpt>
      <trkpt lat="40.07552331077378" lon="116.33767557670589">
        <ele>45.8</ele>
        <time>2026-08-18T12:06:49.807Z</time>
      </trkpt>
      <trkpt lat="40.0755401745994" lon="116.33769931495415">
        <ele>45.8</ele>
        <time>2026-08-18T12:06:50.807Z</time>
      </trkpt>
      <trkpt lat="40.075558502438795" lon="116.33772164028707">
        <ele>45.8</ele>
        <time>2026-08-18T12:06:51.807Z</time>
      </trkpt>
      <trkpt lat="40.07557794667057" lon="116.33774274008408">
        <ele>45.8</ele>
        <time>2026-08-18T12:06:52.807Z</time>
      </trkpt>
      <trkpt lat="40.075598236325355" lon="116.33776276328518">
        <ele>45.8</ele>
        <time>2026-08-18T12:06:53.807Z</time>
      </trkpt>
      <trkpt lat="40.075619380813585" lon="116.33778150797131">
        <ele>45.7</ele>
        <time>2026-08-18T12:06:54.807Z</time>
      </trkpt>
      <trkpt lat="40.075641448992215" lon="116.33779844185206">
        <ele>45.7</ele>
        <time>2026-08-18T12:06:55.806Z</time>
      </trkpt>
      <trkpt lat="40.07566440579221" lon="116.33781328428122">
        <ele>45.7</ele>
        <time>2026-08-18T12:06:56.807Z</time>
      </trkpt>
      <trkpt lat="40.07568801080241" lon="116.33782638330783">
        <ele>45.7</ele>
        <time>2026-08-18T12:06:57.807Z</time>
      </trkpt>
      <trkpt lat="40.07571208334377" lon="116.33783809675256">
        <ele>45.6</ele>
        <time>2026-08-18T12:06:58.806Z</time>
      </trkpt>
      <trkpt lat="40.07573648247286" lon="116.33784845850836">
        <ele>45.6</ele>
        <time>2026-08-18T12:06:59.806Z</time>
      </trkpt>
      <trkpt lat="40.07576125654296" lon="116.33785719226643">
        <ele>45.6</ele>
        <time>2026-08-18T12:07:00.807Z</time>
      </trkpt>
      <trkpt lat="40.07578626164157" lon="116.33786424491184">
        <ele>45.5</ele>
        <time>2026-08-18T12:07:01.807Z</time>
      </trkpt>
      <trkpt lat="40.07581137727391" lon="116.33786924045948">
        <ele>45.5</ele>
        <time>2026-08-18T12:07:02.807Z</time>
      </trkpt>
      <trkpt lat="40.075836542466575" lon="116.33787196174261">
        <ele>45.5</ele>
        <time>2026-08-18T12:07:03.807Z</time>
      </trkpt>
      <trkpt lat="40.07586177053518" lon="116.33787307024481">
        <ele>45.4</ele>
        <time>2026-08-18T12:07:04.807Z</time>
      </trkpt>
      <trkpt lat="40.07588717138856" lon="116.33787287872767">
        <ele>45.4</ele>
        <time>2026-08-18T12:07:05.807Z</time>
      </trkpt>
      <trkpt lat="40.07591280026048" lon="116.33787143524056">
        <ele>45.3</ele>
        <time>2026-08-18T12:07:06.807Z</time>
      </trkpt>
      <trkpt lat="40.07593848800891" lon="116.3378694306346">
        <ele>45.3</ele>
        <time>2026-08-18T12:07:07.806Z</time>
      </trkpt>
      <trkpt lat="40.07596399541426" lon="116.33786723014013">
        <ele>45.2</ele>
        <time>2026-08-18T12:07:08.807Z</time>
      </trkpt>
      <trkpt lat="40.07598906922161" lon="116.3378644493027">
        <ele>45.1</ele>
        <time>2026-08-18T12:07:09.807Z</time>
      </trkpt>
      <trkpt lat="40.07601365634305" lon="116.33786060344855">
        <ele>45.1</ele>
        <time>2026-08-18T12:07:10.807Z</time>
      </trkpt>
      <trkpt lat="40.0760378166202" lon="116.33785613467386">
        <ele>45.0</ele>
        <time>2026-08-18T12:07:11.807Z</time>
      </trkpt>
      <trkpt lat="40.076061671688414" lon="116.33785206818119">
        <ele>44.9</ele>
        <time>2026-08-18T12:07:12.807Z</time>
      </trkpt>
      <trkpt lat="40.076085408388536" lon="116.33784861377971">
        <ele>44.9</ele>
        <time>2026-08-18T12:07:13.807Z</time>
      </trkpt>
      <trkpt lat="40.07610916588526" lon="116.3378457780206">
        <ele>44.8</ele>
        <time>2026-08-18T12:07:14.807Z</time>
      </trkpt>
      <trkpt lat="40.07613293078219" lon="116.33784300471272">
        <ele>44.8</ele>
        <time>2026-08-18T12:07:15.807Z</time>
      </trkpt>
      <trkpt lat="40.076156654185475" lon="116.3378398625532">
        <ele>44.7</ele>
        <time>2026-08-18T12:07:16.807Z</time>
      </trkpt>
      <trkpt lat="40.07618044487912" lon="116.33783720867868">
        <ele>44.7</ele>
        <time>2026-08-18T12:07:17.807Z</time>
      </trkpt>
      <trkpt lat="40.07620431338033" lon="116.33783557616064">
        <ele>44.6</ele>
        <time>2026-08-18T12:07:18.806Z</time>
      </trkpt>
      <trkpt lat="40.076228150075714" lon="116.33783460770373">
        <ele>44.6</ele>
        <time>2026-08-18T12:07:19.807Z</time>
      </trkpt>
      <trkpt lat="40.076251866389335" lon="116.33783403144831">
        <ele>44.6</ele>
        <time>2026-08-18T12:07:20.806Z</time>
      </trkpt>
      <trkpt lat="40.07627559160197" lon="116.33783341932413">
        <ele>44.5</ele>
        <time>2026-08-18T12:07:21.806Z</time>
      </trkpt>
      <trkpt lat="40.07629941922816" lon="116.33783265480476">
        <ele>44.5</ele>
        <time>2026-08-18T12:07:22.807Z</time>
      </trkpt>
      <trkpt lat="40.07632315139759" lon="116.33783235174248">
        <ele>44.5</ele>
        <time>2026-08-18T12:07:23.806Z</time>
      </trkpt>
      <trkpt lat="40.07634669148688" lon="116.33783325360675">
        <ele>44.5</ele>
        <time>2026-08-18T12:07:24.807Z</time>
      </trkpt>
      <trkpt lat="40.076370188283946" lon="116.3378356965469">
        <ele>44.5</ele>
        <time>2026-08-18T12:07:25.806Z</time>
      </trkpt>
      <trkpt lat="40.07639375167818" lon="116.33783966653627">
        <ele>44.4</ele>
        <time>2026-08-18T12:07:26.807Z</time>
      </trkpt>
      <trkpt lat="40.076417349782645" lon="116.33784417042011">
        <ele>44.4</ele>
        <time>2026-08-18T12:07:27.807Z</time>
      </trkpt>
      <trkpt lat="40.07644085200977" lon="116.33784828230382">
        <ele>44.4</ele>
        <time>2026-08-18T12:07:28.806Z</time>
      </trkpt>
      <trkpt lat="40.07646415427812" lon="116.33785161132039">
        <ele>44.4</ele>
        <time>2026-08-18T12:07:29.806Z</time>
      </trkpt>
      <trkpt lat="40.07648724682914" lon="116.33785339471721">
        <ele>44.4</ele>
        <time>2026-08-18T12:07:30.806Z</time>
      </trkpt>
      <trkpt lat="40.076510106557585" lon="116.3378537230521">
        <ele>44.4</ele>
        <time>2026-08-18T12:07:31.807Z</time>
      </trkpt>
      <trkpt lat="40.076532683322355" lon="116.3378535156733">
        <ele>44.4</ele>
        <time>2026-08-18T12:07:32.807Z</time>
      </trkpt>
      <trkpt lat="40.0765550346697" lon="116.33785293136869">
        <ele>44.4</ele>
        <time>2026-08-18T12:07:33.806Z</time>
      </trkpt>
      <trkpt lat="40.07657731547907" lon="116.33785210784029">
        <ele>44.5</ele>
        <time>2026-08-18T12:07:34.806Z</time>
      </trkpt>
      <trkpt lat="40.07659955958156" lon="116.33785148644019">
        <ele>44.5</ele>
        <time>2026-08-18T12:07:35.806Z</time>
      </trkpt>
      <trkpt lat="40.0766219642462" lon="116.33785071695897">
        <ele>44.5</ele>
        <time>2026-08-18T12:07:36.806Z</time>
      </trkpt>
      <trkpt lat="40.07664469441894" lon="116.33784955540503">
        <ele>44.5</ele>
        <time>2026-08-18T12:07:37.806Z</time>
      </trkpt>
      <trkpt lat="40.07666768211502" lon="116.33784759675505">
        <ele>44.5</ele>
        <time>2026-08-18T12:07:38.806Z</time>
      </trkpt>
      <trkpt lat="40.076690749095995" lon="116.33784417532428">
        <ele>44.5</ele>
        <time>2026-08-18T12:07:39.806Z</time>
      </trkpt>
      <trkpt lat="40.07671380235014" lon="116.33783925144427">
        <ele>44.5</ele>
        <time>2026-08-18T12:07:40.806Z</time>
      </trkpt>
      <trkpt lat="40.07673671073265" lon="116.33783262705451">
        <ele>44.5</ele>
        <time>2026-08-18T12:07:41.806Z</time>
      </trkpt>
      <trkpt lat="40.07675935867553" lon="116.33782405742325">
        <ele>44.6</ele>
        <time>2026-08-18T12:07:42.806Z</time>
      </trkpt>
      <trkpt lat="40.076781766400245" lon="116.33781386419517">
        <ele>44.6</ele>
        <time>2026-08-18T12:07:43.806Z</time>
      </trkpt>
      <trkpt lat="40.076803601109525" lon="116.33780179901386">
        <ele>44.6</ele>
        <time>2026-08-18T12:07:44.806Z</time>
      </trkpt>
      <trkpt lat="40.0768245804526" lon="116.3377875159337">
        <ele>44.6</ele>
        <time>2026-08-18T12:07:45.806Z</time>
      </trkpt>
      <trkpt lat="40.07684476918554" lon="116.33777112567306">
        <ele>44.6</ele>
        <time>2026-08-18T12:07:46.807Z</time>
      </trkpt>
      <trkpt lat="40.076864055968194" lon="116.33775264347108">
        <ele>44.6</ele>
        <time>2026-08-18T12:07:47.806Z</time>
      </trkpt>
      <trkpt lat="40.07688216702256" lon="116.33773201822474">
        <ele>44.6</ele>
        <time>2026-08-18T12:07:48.806Z</time>
      </trkpt>
      <trkpt lat="40.076899191859994" lon="116.33770952121746">
        <ele>44.6</ele>
        <time>2026-08-18T12:07:49.806Z</time>
      </trkpt>
      <trkpt lat="40.07691499289262" lon="116.33768521947705">
        <ele>44.6</ele>
        <time>2026-08-18T12:07:50.806Z</time>
      </trkpt>
      <trkpt lat="40.07692883195028" lon="116.33765873250405">
        <ele>44.6</ele>
        <time>2026-08-18T12:07:51.806Z</time>
      </trkpt>
      <trkpt lat="40.07694032354177" lon="116.33763008169032">
        <ele>44.6</ele>
        <time>2026-08-18T12:07:52.806Z</time>
      </trkpt>
      <trkpt lat="40.0769501212254" lon="116.33759981155902">
        <ele>44.6</ele>
        <time>2026-08-18T12:07:53.806Z</time>
      </trkpt>
      <trkpt lat="40.076959171662914" lon="116.33756857638197">
        <ele>44.6</ele>
        <time>2026-08-18T12:07:54.806Z</time>
      </trkpt>
      <trkpt lat="40.076967539828615" lon="116.3375367542699">
        <ele>44.6</ele>
        <time>2026-08-18T12:07:55.806Z</time>
      </trkpt>
      <trkpt lat="40.07697484668952" lon="116.33750460854753">
        <ele>44.6</ele>
        <time>2026-08-18T12:07:56.806Z</time>
      </trkpt>
      <trkpt lat="40.076980963384194" lon="116.33747239705072">
        <ele>44.6</ele>
        <time>2026-08-18T12:07:57.806Z</time>
      </trkpt>
      <trkpt lat="40.07698568803498" lon="116.33743976859897">
        <ele>44.6</ele>
        <time>2026-08-18T12:07:58.806Z</time>
      </trkpt>
      <trkpt lat="40.07698881642805" lon="116.33740630725607">
        <ele>44.6</ele>
        <time>2026-08-18T12:07:59.806Z</time>
      </trkpt>
      <trkpt lat="40.07699035826336" lon="116.33737218513572">
        <ele>44.6</ele>
        <time>2026-08-18T12:08:00.806Z</time>
      </trkpt>
      <trkpt lat="40.07699022124285" lon="116.33733783016568">
        <ele>44.5</ele>
        <time>2026-08-18T12:08:01.806Z</time>
      </trkpt>
      <trkpt lat="40.076988318558776" lon="116.3373035413604">
        <ele>44.5</ele>
        <time>2026-08-18T12:08:02.806Z</time>
      </trkpt>
      <trkpt lat="40.07698466292105" lon="116.3372696828277">
        <ele>44.5</ele>
        <time>2026-08-18T12:08:03.806Z</time>
      </trkpt>
      <trkpt lat="40.07697943400101" lon="116.33723647094676">
        <ele>44.5</ele>
        <time>2026-08-18T12:08:04.806Z</time>
      </trkpt>
      <trkpt lat="40.076972870990545" lon="116.33720395720285">
        <ele>44.5</ele>
        <time>2026-08-18T12:08:05.806Z</time>
      </trkpt>
      <trkpt lat="40.07696501656314" lon="116.33717211074415">
        <ele>44.5</ele>
        <time>2026-08-18T12:08:06.806Z</time>
      </trkpt>
      <trkpt lat="40.07695551673952" lon="116.33714096381695">
        <ele>44.5</ele>
        <time>2026-08-18T12:08:07.806Z</time>
      </trkpt>
      <trkpt lat="40.076944762993776" lon="116.3371104156402">
        <ele>44.5</ele>
        <time>2026-08-18T12:08:08.806Z</time>
      </trkpt>
      <trkpt lat="40.07693297370986" lon="116.3370804941623">
        <ele>44.5</ele>
        <time>2026-08-18T12:08:09.806Z</time>
      </trkpt>
      <trkpt lat="40.07691970770383" lon="116.33705130694206">
        <ele>44.5</ele>
        <time>2026-08-18T12:08:10.806Z</time>
      </trkpt>
      <trkpt lat="40.07690485734279" lon="116.33702296946059">
        <ele>44.6</ele>
        <time>2026-08-18T12:08:11.806Z</time>
      </trkpt>
      <trkpt lat="40.076888122278966" lon="116.33699615677618">
        <ele>44.6</ele>
        <time>2026-08-18T12:08:12.806Z</time>
      </trkpt>
      <trkpt lat="40.07686945856395" lon="116.33697127579781">
        <ele>44.6</ele>
        <time>2026-08-18T12:08:13.806Z</time>
      </trkpt>
      <trkpt lat="40.07684918164934" lon="116.33694827059196">
        <ele>44.6</ele>
        <time>2026-08-18T12:08:14.806Z</time>
      </trkpt>
      <trkpt lat="40.07682736621962" lon="116.33692725833015">
        <ele>44.7</ele>
        <time>2026-08-18T12:08:15.806Z</time>
      </trkpt>
      <trkpt lat="40.07680400882384" lon="116.33690872530514">
        <ele>44.7</ele>
        <time>2026-08-18T12:08:16.806Z</time>
      </trkpt>
      <trkpt lat="40.076779528026314" lon="116.336892540014">
        <ele>44.7</ele>
        <time>2026-08-18T12:08:17.806Z</time>
      </trkpt>
      <trkpt lat="40.07675439471034" lon="116.33687836938272">
        <ele>44.8</ele>
        <time>2026-08-18T12:08:18.806Z</time>
      </trkpt>
      <trkpt lat="40.07672865444699" lon="116.33686706877977">
        <ele>44.9</ele>
        <time>2026-08-18T12:08:19.806Z</time>
      </trkpt>
      <trkpt lat="40.076702271132895" lon="116.33685886547066">
        <ele>44.9</ele>
        <time>2026-08-18T12:08:20.806Z</time>
      </trkpt>
      <trkpt lat="40.07667538430637" lon="116.33685300451666">
        <ele>45.0</ele>
        <time>2026-08-18T12:08:21.806Z</time>
      </trkpt>
      <trkpt lat="40.07664813143769" lon="116.33684917119666">
        <ele>45.0</ele>
        <time>2026-08-18T12:08:22.806Z</time>
      </trkpt>
      <trkpt lat="40.07662062956524" lon="116.33684720112501">
        <ele>45.1</ele>
        <time>2026-08-18T12:08:23.806Z</time>
      </trkpt>
      <trkpt lat="40.07659303164925" lon="116.33684686402718">
        <ele>45.1</ele>
        <time>2026-08-18T12:08:24.806Z</time>
      </trkpt>
      <trkpt lat="40.07656552941268" lon="116.33684803357605">
        <ele>45.2</ele>
        <time>2026-08-18T12:08:25.806Z</time>
      </trkpt>
      <trkpt lat="40.07653827330633" lon="116.33685113847828">
        <ele>45.2</ele>
        <time>2026-08-18T12:08:26.806Z</time>
      </trkpt>
      <trkpt lat="40.07651130859804" lon="116.33685570984609">
        <ele>45.2</ele>
        <time>2026-08-18T12:08:27.806Z</time>
      </trkpt>
      <trkpt lat="40.076484557731256" lon="116.33686092111951">
        <ele>45.3</ele>
        <time>2026-08-18T12:08:28.805Z</time>
      </trkpt>
      <trkpt lat="40.07645793929098" lon="116.33686613230867">
        <ele>45.3</ele>
        <time>2026-08-18T12:08:29.806Z</time>
      </trkpt>
      <trkpt lat="40.07643147044938" lon="116.33687066116804">
        <ele>45.3</ele>
        <time>2026-08-18T12:08:30.806Z</time>
      </trkpt>
      <trkpt lat="40.07640520159826" lon="116.33687468155516">
        <ele>45.4</ele>
        <time>2026-08-18T12:08:31.806Z</time>
      </trkpt>
      <trkpt lat="40.07637919882088" lon="116.33687884869502">
        <ele>45.4</ele>
        <time>2026-08-18T12:08:32.806Z</time>
      </trkpt>
      <trkpt lat="40.07635340180581" lon="116.33688304665976">
        <ele>45.4</ele>
        <time>2026-08-18T12:08:33.806Z</time>
      </trkpt>
      <trkpt lat="40.076327644980694" lon="116.33688615295056">
        <ele>45.4</ele>
        <time>2026-08-18T12:08:34.806Z</time>
      </trkpt>
      <trkpt lat="40.076301890188496" lon="116.33688826257145">
        <ele>45.4</ele>
        <time>2026-08-18T12:08:35.806Z</time>
      </trkpt>
      <trkpt lat="40.076276228369274" lon="116.33689019858205">
        <ele>45.4</ele>
        <time>2026-08-18T12:08:36.806Z</time>
      </trkpt>
      <trkpt lat="40.07625067168523" lon="116.3368920047768">
        <ele>45.4</ele>
        <time>2026-08-18T12:08:37.806Z</time>
      </trkpt>
      <trkpt lat="40.0762252314335" lon="116.33689346360393">
        <ele>45.4</ele>
        <time>2026-08-18T12:08:38.806Z</time>
      </trkpt>
      <trkpt lat="40.076200027968994" lon="116.33689485915805">
        <ele>45.4</ele>
        <time>2026-08-18T12:08:39.806Z</time>
      </trkpt>
      <trkpt lat="40.07617520013162" lon="116.33689676229156">
        <ele>45.4</ele>
        <time>2026-08-18T12:08:40.806Z</time>
      </trkpt>
      <trkpt lat="40.07615064728852" lon="116.336899120001">
        <ele>45.4</ele>
        <time>2026-08-18T12:08:41.806Z</time>
      </trkpt>
      <trkpt lat="40.076126267584606" lon="116.336901763559">
        <ele>45.4</ele>
        <time>2026-08-18T12:08:42.806Z</time>
      </trkpt>
      <trkpt lat="40.076102045081065" lon="116.33690481390242">
        <ele>45.3</ele>
        <time>2026-08-18T12:08:43.806Z</time>
      </trkpt>
      <trkpt lat="40.076077984624405" lon="116.33690817547537">
        <ele>45.3</ele>
        <time>2026-08-18T12:08:44.806Z</time>
      </trkpt>
      <trkpt lat="40.076054000325804" lon="116.33691193887141">
        <ele>45.3</ele>
        <time>2026-08-18T12:08:45.806Z</time>
      </trkpt>
      <trkpt lat="40.07602989437665" lon="116.33691560021914">
        <ele>45.3</ele>
        <time>2026-08-18T12:08:46.806Z</time>
      </trkpt>
      <trkpt lat="40.07600559051366" lon="116.33691822967342">
        <ele>45.3</ele>
        <time>2026-08-18T12:08:47.806Z</time>
      </trkpt>
      <trkpt lat="40.075981172483296" lon="116.33691900331839">
        <ele>45.3</ele>
        <time>2026-08-18T12:08:48.806Z</time>
      </trkpt>
      <trkpt lat="40.07595664970904" lon="116.33691798596296">
        <ele>45.3</ele>
        <time>2026-08-18T12:08:49.806Z</time>
      </trkpt>
      <trkpt lat="40.07593207747241" lon="116.33691637071175">
        <ele>45.3</ele>
        <time>2026-08-18T12:08:50.806Z</time>
      </trkpt>
      <trkpt lat="40.075907461907974" lon="116.33691482819629">
        <ele>45.3</ele>
        <time>2026-08-18T12:08:51.806Z</time>
      </trkpt>
      <trkpt lat="40.075882904055945" lon="116.33691326907976">
        <ele>45.3</ele>
        <time>2026-08-18T12:08:52.806Z</time>
      </trkpt>
      <trkpt lat="40.07585849450029" lon="116.33691162603847">
        <ele>45.3</ele>
        <time>2026-08-18T12:08:53.806Z</time>
      </trkpt>
      <trkpt lat="40.07583418485794" lon="116.33691004653224">
        <ele>45.4</ele>
        <time>2026-08-18T12:08:54.806Z</time>
      </trkpt>
      <trkpt lat="40.075809867466994" lon="116.33690845242573">
        <ele>45.4</ele>
        <time>2026-08-18T12:08:55.806Z</time>
      </trkpt>
      <trkpt lat="40.0757855667083" lon="116.33690726138269">
        <ele>45.4</ele>
        <time>2026-08-18T12:08:56.806Z</time>
      </trkpt>
      <trkpt lat="40.07576129443379" lon="116.33690683593976">
        <ele>45.5</ele>
        <time>2026-08-18T12:08:57.806Z</time>
      </trkpt>
      <trkpt lat="40.07573692495879" lon="116.33690788882959">
        <ele>45.5</ele>
        <time>2026-08-18T12:08:58.806Z</time>
      </trkpt>
      <trkpt lat="40.07571248422165" lon="116.33691164643587">
        <ele>45.6</ele>
        <time>2026-08-18T12:08:59.806Z</time>
      </trkpt>
      <trkpt lat="40.075688196935076" lon="116.3369179394334">
        <ele>45.6</ele>
        <time>2026-08-18T12:09:00.806Z</time>
      </trkpt>
      <trkpt lat="40.07566427390037" lon="116.33692622513365">
        <ele>45.7</ele>
        <time>2026-08-18T12:09:01.806Z</time>
      </trkpt>
      <trkpt lat="40.07564068091169" lon="116.33693609469884">
        <ele>45.7</ele>
        <time>2026-08-18T12:09:02.806Z</time>
      </trkpt>
      <trkpt lat="40.07561763411184" lon="116.33694848064172">
        <ele>45.8</ele>
        <time>2026-08-18T12:09:03.806Z</time>
      </trkpt>
      <trkpt lat="40.07559520001745" lon="116.33696390018477">
        <ele>45.9</ele>
        <time>2026-08-18T12:09:04.806Z</time>
      </trkpt>
      <trkpt lat="40.07557328004022" lon="116.33698136710584">
        <ele>45.9</ele>
        <time>2026-08-18T12:09:05.806Z</time>
      </trkpt>
      <trkpt lat="40.07555205856698" lon="116.33700057192802">
        <ele>46.0</ele>
        <time>2026-08-18T12:09:06.806Z</time>
      </trkpt>
      <trkpt lat="40.07553186793028" lon="116.33702151610811">
        <ele>46.0</ele>
        <time>2026-08-18T12:09:07.806Z</time>
      </trkpt>
      <trkpt lat="40.07551321252329" lon="116.3370446514931">
        <ele>46.1</ele>
        <time>2026-08-18T12:09:08.806Z</time>
      </trkpt>
      <trkpt lat="40.075496344089686" lon="116.33706999407262">
        <ele>46.2</ele>
        <time>2026-08-18T12:09:09.806Z</time>
      </trkpt>
      <trkpt lat="40.075481058176194" lon="116.3370971491017">
        <ele>46.2</ele>
        <time>2026-08-18T12:09:10.806Z</time>
      </trkpt>
      <trkpt lat="40.075467170188226" lon="116.33712581194806">
        <ele>46.2</ele>
        <time>2026-08-18T12:09:11.806Z</time>
      </trkpt>
      <trkpt lat="40.07545503363161" lon="116.3371559086208">
        <ele>46.3</ele>
        <time>2026-08-18T12:09:12.806Z</time>
        <extensions>
          <gpxtpx:TrackPointExtension>
            <gpxtpx:hr>161</gpxtpx:hr>
          </gpxtpx:TrackPointExtension>
        </extensions>
      </trkpt>
      <trkpt lat="40.07544497656126" lon="116.33718724080983">
        <ele>46.3</ele>
        <time>2026-08-18T12:09:13.806Z</time>
        <extensions>
          <gpxtpx:TrackPointExtension>
            <gpxtpx:hr>161</gpxtpx:hr>
          </gpxtpx:TrackPointExtension>
        </extensions>
      </trkpt>
      <trkpt lat="40.07543688940323" lon="116.33721952325624">
        <ele>46.3</ele>
        <time>2026-08-18T12:09:14.806Z</time>
        <extensions>
          <gpxtpx:TrackPointExtension>
            <gpxtpx:hr>161</gpxtpx:hr>
          </gpxtpx:TrackPointExtension>
        </extensions>
      </trkpt>
      <trkpt lat="40.07543059886777" lon="116.3372526619236">
        <ele>46.3</ele>
        <time>2026-08-18T12:09:15.806Z</time>
        <extensions>
          <gpxtpx:TrackPointExtension>
            <gpxtpx:hr>161</gpxtpx:hr>
          </gpxtpx:TrackPointExtension>
        </extensions>
      </trkpt>
      <trkpt lat="40.075425854938736" lon="116.33728686419904">
        <ele>46.3</ele>
        <time>2026-08-18T12:09:16.806Z</time>
        <extensions>
          <gpxtpx:TrackPointExtension>
            <gpxtpx:hr>161</gpxtpx:hr>
          </gpxtpx:TrackPointExtension>
        </extensions>
      </trkpt>
      <trkpt lat="40.07542232807519" lon="116.3373220649694">
        <ele>46.3</ele>
        <time>2026-08-18T12:09:17.806Z</time>
        <extensions>
          <gpxtpx:TrackPointExtension>
            <gpxtpx:hr>161</gpxtpx:hr>
          </gpxtpx:TrackPointExtension>
        </extensions>
      </trkpt>
      <trkpt lat="40.075419771737934" lon="116.33735775517681">
        <ele>46.3</ele>
        <time>2026-08-18T12:09:18.806Z</time>
        <extensions>
          <gpxtpx:TrackPointExtension>
            <gpxtpx:hr>161</gpxtpx:hr>
          </gpxtpx:TrackPointExtension>
        </extensions>
      </trkpt>
      <trkpt lat="40.07541807533079" lon="116.33739363179254">
        <ele>46.2</ele>
        <time>2026-08-18T12:09:19.806Z</time>
        <extensions>
          <gpxtpx:TrackPointExtension>
            <gpxtpx:hr>161</gpxtpx:hr>
          </gpxtpx:TrackPointExtension>
        </extensions>
      </trkpt>
      <trkpt lat="40.075417485849655" lon="116.33742944573581">
        <ele>46.2</ele>
        <time>2026-08-18T12:09:20.806Z</time>
        <extensions>
          <gpxtpx:TrackPointExtension>
            <gpxtpx:hr>161</gpxtpx:hr>
          </gpxtpx:TrackPointExtension>
        </extensions>
      </trkpt>
      <trkpt lat="40.075418125724" lon="116.33746493111505">
        <ele>46.2</ele>
        <time>2026-08-18T12:09:21.806Z</time>
        <extensions>
          <gpxtpx:TrackPointExtension>
            <gpxtpx:hr>161</gpxtpx:hr>
          </gpxtpx:TrackPointExtension>
        </extensions>
      </trkpt>
      <trkpt lat="40.0754204880635" lon="116.33749989998876">
        <ele>46.1</ele>
        <time>2026-08-18T12:09:22.806Z</time>
        <extensions>
          <gpxtpx:TrackPointExtension>
            <gpxtpx:hr>161</gpxtpx:hr>
          </gpxtpx:TrackPointExtension>
        </extensions>
      </trkpt>
      <trkpt lat="40.075424841844466" lon="116.33753423757078">
        <ele>46.1</ele>
        <time>2026-08-18T12:09:23.806Z</time>
        <extensions>
          <gpxtpx:TrackPointExtension>
            <gpxtpx:hr>161</gpxtpx:hr>
          </gpxtpx:TrackPointExtension>
        </extensions>
      </trkpt>
      <trkpt lat="40.07543116066746" lon="116.33756790876429">
        <ele>46.1</ele>
        <time>2026-08-18T12:09:24.806Z</time>
        <extensions>
          <gpxtpx:TrackPointExtension>
            <gpxtpx:hr>161</gpxtpx:hr>
          </gpxtpx:TrackPointExtension>
        </extensions>
      </trkpt>
      <trkpt lat="40.07543976603225" lon="116.33760083236342">
        <ele>46.0</ele>
        <time>2026-08-18T12:09:25.806Z</time>
        <extensions>
          <gpxtpx:TrackPointExtension>
            <gpxtpx:hr>161</gpxtpx:hr>
          </gpxtpx:TrackPointExtension>
        </extensions>
      </trkpt>
      <trkpt lat="40.07545104585081" lon="116.33763250182992">
        <ele>46.0</ele>
        <time>2026-08-18T12:09:26.806Z</time>
        <extensions>
          <gpxtpx:TrackPointExtension>
            <gpxtpx:hr>161</gpxtpx:hr>
          </gpxtpx:TrackPointExtension>
        </extensions>
      </trkpt>
      <trkpt lat="40.07546485174082" lon="116.33766254675105">
        <ele>46.0</ele>
        <time>2026-08-18T12:09:27.806Z</time>
        <extensions>
          <gpxtpx:TrackPointExtension>
            <gpxtpx:hr>161</gpxtpx:hr>
          </gpxtpx:TrackPointExtension>
        </extensions>
      </trkpt>
      <trkpt lat="40.0754802250412" lon="116.33769112512817">
        <ele>46.0</ele>
        <time>2026-08-18T12:09:28.806Z</time>
        <extensions>
          <gpxtpx:TrackPointExtension>
            <gpxtpx:hr>161</gpxtpx:hr>
          </gpxtpx:TrackPointExtension>
        </extensions>
      </trkpt>
      <trkpt lat="40.075497003222075" lon="116.3377179923586">
        <ele>45.9</ele>
        <time>2026-08-18T12:09:29.805Z</time>
        <extensions>
          <gpxtpx:TrackPointExtension>
            <gpxtpx:hr>161</gpxtpx:hr>
          </gpxtpx:TrackPointExtension>
        </extensions>
      </trkpt>
      <trkpt lat="40.075515318118505" lon="116.33774295235064">
        <ele>45.9</ele>
        <time>2026-08-18T12:09:30.806Z</time>
        <extensions>
          <gpxtpx:TrackPointExtension>
            <gpxtpx:hr>161</gpxtpx:hr>
          </gpxtpx:TrackPointExtension>
        </extensions>
      </trkpt>
      <trkpt lat="40.0755347255185" lon="116.3377664051632">
        <ele>45.9</ele>
        <time>2026-08-18T12:09:31.806Z</time>
        <extensions>
          <gpxtpx:TrackPointExtension>
            <gpxtpx:hr>161</gpxtpx:hr>
          </gpxtpx:TrackPointExtension>
        </extensions>
      </trkpt>
      <trkpt lat="40.07555502342322" lon="116.33778857698687">
        <ele>45.9</ele>
        <time>2026-08-18T12:09:32.806Z</time>
        <extensions>
          <gpxtpx:TrackPointExtension>
            <gpxtpx:hr>161</gpxtpx:hr>
          </gpxtpx:TrackPointExtension>
        </extensions>
      </trkpt>
      <trkpt lat="40.07557603533484" lon="116.33780947531442">
        <ele>45.8</ele>
        <time>2026-08-18T12:09:33.806Z</time>
        <extensions>
          <gpxtpx:TrackPointExtension>
            <gpxtpx:hr>161</gpxtpx:hr>
          </gpxtpx:TrackPointExtension>
        </extensions>
      </trkpt>
      <trkpt lat="40.07559760005153" lon="116.33782924332323">
        <ele>45.8</ele>
        <time>2026-08-18T12:09:34.806Z</time>
        <extensions>
          <gpxtpx:TrackPointExtension>
            <gpxtpx:hr>161</gpxtpx:hr>
          </gpxtpx:TrackPointExtension>
        </extensions>
      </trkpt>
      <trkpt lat="40.07561996152328" lon="116.3378473966166">
        <ele>45.7</ele>
        <time>2026-08-18T12:09:35.806Z</time>
        <extensions>
          <gpxtpx:TrackPointExtension>
            <gpxtpx:hr>161</gpxtpx:hr>
          </gpxtpx:TrackPointExtension>
        </extensions>
      </trkpt>
      <trkpt lat="40.07564337366462" lon="116.33786312941245">
        <ele>45.7</ele>
        <time>2026-08-18T12:09:36.806Z</time>
        <extensions>
          <gpxtpx:TrackPointExtension>
            <gpxtpx:hr>161</gpxtpx:hr>
          </gpxtpx:TrackPointExtension>
        </extensions>
      </trkpt>
      <trkpt lat="40.07566769498447" lon="116.3378760778977">
        <ele>45.6</ele>
        <time>2026-08-18T12:09:37.806Z</time>
        <extensions>
          <gpxtpx:TrackPointExtension>
            <gpxtpx:hr>161</gpxtpx:hr>
          </gpxtpx:TrackPointExtension>
        </extensions>
      </trkpt>
      <trkpt lat="40.075692749982814" lon="116.33788615246213">
        <ele>45.6</ele>
        <time>2026-08-18T12:09:38.805Z</time>
        <extensions>
          <gpxtpx:TrackPointExtension>
            <gpxtpx:hr>161</gpxtpx:hr>
          </gpxtpx:TrackPointExtension>
        </extensions>
      </trkpt>
      <trkpt lat="40.075718471655" lon="116.33789326378854">
        <ele>45.5</ele>
        <time>2026-08-18T12:09:39.806Z</time>
        <extensions>
          <gpxtpx:TrackPointExtension>
            <gpxtpx:hr>161</gpxtpx:hr>
          </gpxtpx:TrackPointExtension>
        </extensions>
      </trkpt>
      <trkpt lat="40.07574466382568" lon="116.33789791424631">
        <ele>45.5</ele>
        <time>2026-08-18T12:09:40.806Z</time>
        <extensions>
          <gpxtpx:TrackPointExtension>
            <gpxtpx:hr>161</gpxtpx:hr>
          </gpxtpx:TrackPointExtension>
        </extensions>
      </trkpt>
      <trkpt lat="40.075771256910215" lon="116.337900720302">
        <ele>45.4</ele>
        <time>2026-08-18T12:09:41.806Z</time>
        <extensions>
          <gpxtpx:TrackPointExtension>
            <gpxtpx:hr>161</gpxtpx:hr>
          </gpxtpx:TrackPointExtension>
        </extensions>
      </trkpt>
      <trkpt lat="40.07579825069003" lon="116.33790136140213">
        <ele>45.3</ele>
        <time>2026-08-18T12:09:42.806Z</time>
      </trkpt>
      <trkpt lat="40.07582560277342" lon="116.33789948481582">
        <ele>45.3</ele>
        <time>2026-08-18T12:09:43.806Z</time>
      </trkpt>
      <trkpt lat="40.07585319676286" lon="116.33789552689215">
        <ele>45.2</ele>
        <time>2026-08-18T12:09:44.806Z</time>
      </trkpt>
      <trkpt lat="40.07588089280824" lon="116.33789045787789">
        <ele>45.1</ele>
        <time>2026-08-18T12:09:45.806Z</time>
      </trkpt>
      <trkpt lat="40.07590864191084" lon="116.33788499657902">
        <ele>45.1</ele>
        <time>2026-08-18T12:09:46.806Z</time>
      </trkpt>
      <trkpt lat="40.075936326108874" lon="116.33787924207589">
        <ele>45.0</ele>
        <time>2026-08-18T12:09:47.805Z</time>
      </trkpt>
      <trkpt lat="40.07596378340169" lon="116.33787311492581">
        <ele>44.9</ele>
        <time>2026-08-18T12:09:48.805Z</time>
      </trkpt>
      <trkpt lat="40.0759909080088" lon="116.33786692121535">
        <ele>44.9</ele>
        <time>2026-08-18T12:09:49.805Z</time>
      </trkpt>
      <trkpt lat="40.076017716778914" lon="116.33786156208356">
        <ele>44.8</ele>
        <time>2026-08-18T12:09:50.806Z</time>
      </trkpt>
      <trkpt lat="40.076044287481224" lon="116.33785760824273">
        <ele>44.7</ele>
        <time>2026-08-18T12:09:51.806Z</time>
      </trkpt>
      <trkpt lat="40.076070677512135" lon="116.3378546265848">
        <ele>44.7</ele>
        <time>2026-08-18T12:09:52.806Z</time>
      </trkpt>
      <trkpt lat="40.07609679148726" lon="116.3378520251748">
        <ele>44.6</ele>
        <time>2026-08-18T12:09:53.806Z</time>
      </trkpt>
      <trkpt lat="40.0761225479538" lon="116.33784954278757">
        <ele>44.5</ele>
        <time>2026-08-18T12:09:54.806Z</time>
      </trkpt>
      <trkpt lat="40.07614791744352" lon="116.33784747984932">
        <ele>44.5</ele>
        <time>2026-08-18T12:09:55.805Z</time>
      </trkpt>
      <trkpt lat="40.07617307842006" lon="116.33784595826197">
        <ele>44.4</ele>
        <time>2026-08-18T12:09:56.806Z</time>
      </trkpt>
      <trkpt lat="40.07619822576771" lon="116.33784504560757">
        <ele>44.3</ele>
        <time>2026-08-18T12:09:57.806Z</time>
      </trkpt>
      <trkpt lat="40.07622344894873" lon="116.33784492272711">
        <ele>44.3</ele>
        <time>2026-08-18T12:09:58.806Z</time>
      </trkpt>
      <trkpt lat="40.07624870412001" lon="116.33784529281114">
        <ele>44.2</ele>
        <time>2026-08-18T12:09:59.805Z</time>
      </trkpt>
      <trkpt lat="40.07627396295102" lon="116.3378456675247">
        <ele>44.1</ele>
        <time>2026-08-18T12:10:00.806Z</time>
      </trkpt>
      <trkpt lat="40.07629922503549" lon="116.3378461755743">
        <ele>44.1</ele>
        <time>2026-08-18T12:10:01.806Z</time>
      </trkpt>
      <trkpt lat="40.07632440042544" lon="116.33784702297193">
        <ele>44.0</ele>
        <time>2026-08-18T12:10:02.805Z</time>
      </trkpt>
      <trkpt lat="40.07634942034139" lon="116.33784766527685">
        <ele>44.0</ele>
        <time>2026-08-18T12:10:03.805Z</time>
      </trkpt>
      <trkpt lat="40.07637443166746" lon="116.33784799051378">
        <ele>43.9</ele>
        <time>2026-08-18T12:10:04.805Z</time>
      </trkpt>
      <trkpt lat="40.076399420261176" lon="116.33784802944407">
        <ele>43.9</ele>
        <time>2026-08-18T12:10:05.806Z</time>
      </trkpt>
      <trkpt lat="40.076424638956695" lon="116.33784794021024">
        <ele>43.8</ele>
        <time>2026-08-18T12:10:06.806Z</time>
      </trkpt>
      <trkpt lat="40.07645035693061" lon="116.33784833103478">
        <ele>43.8</ele>
        <time>2026-08-18T12:10:07.805Z</time>
      </trkpt>
      <trkpt lat="40.076476501298856" lon="116.33784940867992">
        <ele>43.7</ele>
        <time>2026-08-18T12:10:08.805Z</time>
      </trkpt>
      <trkpt lat="40.076502851404186" lon="116.33785082426073">
        <ele>43.7</ele>
        <time>2026-08-18T12:10:09.806Z</time>
      </trkpt>
      <trkpt lat="40.076529250071225" lon="116.33785245328461">
        <ele>43.7</ele>
        <time>2026-08-18T12:10:10.806Z</time>
      </trkpt>
      <trkpt lat="40.07655557870816" lon="116.33785405300186">
        <ele>43.6</ele>
        <time>2026-08-18T12:10:11.805Z</time>
      </trkpt>
      <trkpt lat="40.07658174114761" lon="116.33785527854988">
        <ele>43.6</ele>
        <time>2026-08-18T12:10:12.805Z</time>
      </trkpt>
      <trkpt lat="40.07660756423681" lon="116.33785607728436">
        <ele>43.6</ele>
        <time>2026-08-18T12:10:13.806Z</time>
      </trkpt>
      <trkpt lat="40.07663291492459" lon="116.33785640120857">
        <ele>43.6</ele>
        <time>2026-08-18T12:10:14.805Z</time>
      </trkpt>
      <trkpt lat="40.07665799612046" lon="116.33785608014118">
        <ele>43.5</ele>
        <time>2026-08-18T12:10:15.805Z</time>
      </trkpt>
      <trkpt lat="40.07668296335518" lon="116.33785468116925">
        <ele>43.5</ele>
        <time>2026-08-18T12:10:16.805Z</time>
      </trkpt>
      <trkpt lat="40.07670796099871" lon="116.33785145932313">
        <ele>43.5</ele>
        <time>2026-08-18T12:10:17.805Z</time>
      </trkpt>
      <trkpt lat="40.076733077865875" lon="116.3378457519664">
        <ele>43.5</ele>
        <time>2026-08-18T12:10:18.805Z</time>
      </trkpt>
      <trkpt lat="40.07675818140808" lon="116.3378372666796">
        <ele>43.5</ele>
        <time>2026-08-18T12:10:19.805Z</time>
      </trkpt>
      <trkpt lat="40.07678326252686" lon="116.33782636443067">
        <ele>43.6</ele>
        <time>2026-08-18T12:10:20.805Z</time>
      </trkpt>
      <trkpt lat="40.07680823667579" lon="116.33781355761141">
        <ele>43.6</ele>
        <time>2026-08-18T12:10:21.806Z</time>
      </trkpt>
      <trkpt lat="40.076832831212144" lon="116.33779880313396">
        <ele>43.6</ele>
        <time>2026-08-18T12:10:22.805Z</time>
      </trkpt>
      <trkpt lat="40.07685666408644" lon="116.33778199876953">
        <ele>43.6</ele>
        <time>2026-08-18T12:10:23.805Z</time>
      </trkpt>
      <trkpt lat="40.076879229524735" lon="116.33776290491627">
        <ele>43.6</ele>
        <time>2026-08-18T12:10:24.805Z</time>
      </trkpt>
      <trkpt lat="40.07690048103774" lon="116.33774164551473">
        <ele>43.6</ele>
        <time>2026-08-18T12:10:25.805Z</time>
      </trkpt>
      <trkpt lat="40.076920559445" lon="116.33771866986598">
        <ele>43.7</ele>
        <time>2026-08-18T12:10:26.805Z</time>
      </trkpt>
      <trkpt lat="40.07693936180519" lon="116.33769416741693">
        <ele>43.7</ele>
        <time>2026-08-18T12:10:27.805Z</time>
      </trkpt>
      <trkpt lat="40.0769565309843" lon="116.33766806819885">
        <ele>43.7</ele>
        <time>2026-08-18T12:10:28.805Z</time>
      </trkpt>
      <trkpt lat="40.07697169704997" lon="116.33764029388023">
        <ele>43.7</ele>
        <time>2026-08-18T12:10:29.805Z</time>
      </trkpt>
      <trkpt lat="40.076984304193154" lon="116.33761061943376">
        <ele>43.7</ele>
        <time>2026-08-18T12:10:30.805Z</time>
      </trkpt>
      <trkpt lat="40.076994081048326" lon="116.33757895590799">
        <ele>43.7</ele>
        <time>2026-08-18T12:10:31.806Z</time>
      </trkpt>
      <trkpt lat="40.07700137199209" lon="116.33754575758881">
        <ele>43.7</ele>
        <time>2026-08-18T12:10:32.806Z</time>
      </trkpt>
      <trkpt lat="40.07700671401946" lon="116.33751141568854">
        <ele>43.7</ele>
        <time>2026-08-18T12:10:33.805Z</time>
      </trkpt>
      <trkpt lat="40.07701042884943" lon="116.33747621171747">
        <ele>43.6</ele>
        <time>2026-08-18T12:10:34.805Z</time>
      </trkpt>
      <trkpt lat="40.077012616654315" lon="116.33744057368173">
        <ele>43.6</ele>
        <time>2026-08-18T12:10:35.805Z</time>
      </trkpt>
      <trkpt lat="40.077013466153645" lon="116.33740474019503">
        <ele>43.6</ele>
        <time>2026-08-18T12:10:36.805Z</time>
      </trkpt>
      <trkpt lat="40.07701314137168" lon="116.33736877583618">
        <ele>43.6</ele>
        <time>2026-08-18T12:10:37.805Z</time>
      </trkpt>
      <trkpt lat="40.07701175706447" lon="116.3373328582378">
        <ele>43.6</ele>
        <time>2026-08-18T12:10:38.805Z</time>
      </trkpt>
      <trkpt lat="40.077009512012864" lon="116.33729714548573">
        <ele>43.6</ele>
        <time>2026-08-18T12:10:39.806Z</time>
      </trkpt>
      <trkpt lat="40.0770065759244" lon="116.33726169766983">
        <ele>43.6</ele>
        <time>2026-08-18T12:10:40.805Z</time>
      </trkpt>
      <trkpt lat="40.0770026781161" lon="116.33722672262486">
        <ele>43.6</ele>
        <time>2026-08-18T12:10:41.805Z</time>
      </trkpt>
      <trkpt lat="40.076997639208834" lon="116.33719235957957">
        <ele>43.6</ele>
        <time>2026-08-18T12:10:42.805Z</time>
      </trkpt>
      <trkpt lat="40.076991449641284" lon="116.33715861955058">
        <ele>43.6</ele>
        <time>2026-08-18T12:10:43.805Z</time>
      </trkpt>
      <trkpt lat="40.076983886126534" lon="116.33712561175012">
        <ele>43.6</ele>
        <time>2026-08-18T12:10:44.805Z</time>
      </trkpt>
      <trkpt lat="40.076974873776436" lon="116.3370933051412">
        <ele>43.7</ele>
        <time>2026-08-18T12:10:45.805Z</time>
      </trkpt>
      <trkpt lat="40.07696463352321" lon="116.33706133519064">
        <ele>43.7</ele>
        <time>2026-08-18T12:10:46.805Z</time>
      </trkpt>
      <trkpt lat="40.076952969069445" lon="116.3370295779337">
        <ele>43.7</ele>
        <time>2026-08-18T12:10:47.806Z</time>
      </trkpt>
      <trkpt lat="40.07693968410534" lon="116.33699840178859">
        <ele>43.8</ele>
        <time>2026-08-18T12:10:48.805Z</time>
      </trkpt>
      <trkpt lat="40.076924910662164" lon="116.3369681526503">
        <ele>43.9</ele>
        <time>2026-08-18T12:10:49.805Z</time>
      </trkpt>
      <trkpt lat="40.076908654485365" lon="116.33693944573871">
        <ele>43.9</ele>
        <time>2026-08-18T12:10:50.805Z</time>
      </trkpt>
      <trkpt lat="40.076890571837495" lon="116.33691328846096">
        <ele>44.0</ele>
        <time>2026-08-18T12:10:51.805Z</time>
      </trkpt>
      <trkpt lat="40.07687044272825" lon="116.33689032614258">
        <ele>44.1</ele>
        <time>2026-08-18T12:10:52.805Z</time>
      </trkpt>
      <trkpt lat="40.076848458514604" lon="116.33687064069859">
        <ele>44.2</ele>
        <time>2026-08-18T12:10:53.805Z</time>
      </trkpt>
      <trkpt lat="40.07682498980168" lon="116.33685377697337">
        <ele>44.3</ele>
        <time>2026-08-18T12:10:54.805Z</time>
      </trkpt>
      <trkpt lat="40.07680043441824" lon="116.33683934266155">
        <ele>44.4</ele>
        <time>2026-08-18T12:10:55.805Z</time>
      </trkpt>
      <trkpt lat="40.07677487708481" lon="116.33682756077307">
        <ele>44.5</ele>
        <time>2026-08-18T12:10:56.805Z</time>
      </trkpt>
      <trkpt lat="40.07674858175486" lon="116.33681860807764">
        <ele>44.6</ele>
        <time>2026-08-18T12:10:57.805Z</time>
      </trkpt>
      <trkpt lat="40.076721923280665" lon="116.33681270136452">
        <ele>44.7</ele>
        <time>2026-08-18T12:10:58.805Z</time>
      </trkpt>
      <trkpt lat="40.07669498308951" lon="116.33680985709574">
        <ele>44.8</ele>
        <time>2026-08-18T12:10:59.805Z</time>
      </trkpt>
      <trkpt lat="40.076667880417794" lon="116.33680968697476">
        <ele>44.9</ele>
        <time>2026-08-18T12:11:00.805Z</time>
      </trkpt>
      <trkpt lat="40.07664077446109" lon="116.33681149413569">
        <ele>45.0</ele>
        <time>2026-08-18T12:11:01.805Z</time>
      </trkpt>
      <trkpt lat="40.076613809898205" lon="116.3368148100019">
        <ele>45.1</ele>
        <time>2026-08-18T12:11:02.805Z</time>
      </trkpt>
      <trkpt lat="40.076587089292964" lon="116.33681955621455">
        <ele>45.1</ele>
        <time>2026-08-18T12:11:03.805Z</time>
      </trkpt>
      <trkpt lat="40.07656075060698" lon="116.33682515695247">
        <ele>45.2</ele>
        <time>2026-08-18T12:11:04.805Z</time>
      </trkpt>
      <trkpt lat="40.07653481176593" lon="116.3368309696327">
        <ele>45.3</ele>
        <time>2026-08-18T12:11:05.805Z</time>
      </trkpt>
      <trkpt lat="40.076509078108046" lon="116.33683628225509">
        <ele>45.3</ele>
        <time>2026-08-18T12:11:06.805Z</time>
      </trkpt>
      <trkpt lat="40.07648329089936" lon="116.33684034703792">
        <ele>45.4</ele>
        <time>2026-08-18T12:11:07.805Z</time>
      </trkpt>
      <trkpt lat="40.076457203941025" lon="116.33684303204953">
        <ele>45.4</ele>
        <time>2026-08-18T12:11:08.805Z</time>
      </trkpt>
      <trkpt lat="40.07643062923619" lon="116.33684474283557">
        <ele>45.4</ele>
        <time>2026-08-18T12:11:09.805Z</time>
      </trkpt>
      <trkpt lat="40.07640353907356" lon="116.33684590767805">
        <ele>45.5</ele>
        <time>2026-08-18T12:11:10.805Z</time>
      </trkpt>
      <trkpt lat="40.07637617755243" lon="116.33684684389816">
        <ele>45.5</ele>
        <time>2026-08-18T12:11:11.805Z</time>
      </trkpt>
      <trkpt lat="40.076348767437004" lon="116.33684813137519">
        <ele>45.5</ele>
        <time>2026-08-18T12:11:12.805Z</time>
      </trkpt>
      <trkpt lat="40.076321552007094" lon="116.33685055168199">
        <ele>45.6</ele>
        <time>2026-08-18T12:11:13.805Z</time>
      </trkpt>
      <trkpt lat="40.076294646371124" lon="116.33685438998167">
        <ele>45.6</ele>
        <time>2026-08-18T12:11:14.805Z</time>
      </trkpt>
      <trkpt lat="40.07626809759755" lon="116.33685933828029">
        <ele>45.6</ele>
        <time>2026-08-18T12:11:15.805Z</time>
      </trkpt>
      <trkpt lat="40.07624183279938" lon="116.33686499304149">
        <ele>45.6</ele>
        <time>2026-08-18T12:11:16.805Z</time>
      </trkpt>
      <trkpt lat="40.07621564806825" lon="116.33687086131016">
        <ele>45.6</ele>
        <time>2026-08-18T12:11:17.805Z</time>
      </trkpt>
      <trkpt lat="40.07618948287112" lon="116.33687644760793">
        <ele>45.6</ele>
        <time>2026-08-18T12:11:18.805Z</time>
      </trkpt>
      <trkpt lat="40.07616342158797" lon="116.33688178626385">
        <ele>45.6</ele>
        <time>2026-08-18T12:11:19.805Z</time>
      </trkpt>
      <trkpt lat="40.07613759997059" lon="116.33688730802714">
        <ele>45.6</ele>
        <time>2026-08-18T12:11:20.805Z</time>
      </trkpt>
      <trkpt lat="40.076112032384316" lon="116.33689316522108">
        <ele>45.6</ele>
        <time>2026-08-18T12:11:21.805Z</time>
      </trkpt>
      <trkpt lat="40.07608655258578" lon="116.33689891912714">
        <ele>45.6</ele>
        <time>2026-08-18T12:11:22.805Z</time>
      </trkpt>
      <trkpt lat="40.07606096748501" lon="116.33690368747568">
        <ele>45.6</ele>
        <time>2026-08-18T12:11:23.805Z</time>
      </trkpt>
      <trkpt lat="40.0760352258748" lon="116.33690689552841">
        <ele>45.6</ele>
        <time>2026-08-18T12:11:24.805Z</time>
      </trkpt>
      <trkpt lat="40.07600953884852" lon="116.33690850372315">
        <ele>45.5</ele>
        <time>2026-08-18T12:11:25.805Z</time>
      </trkpt>
      <trkpt lat="40.07598398180173" lon="116.33690864579867">
        <ele>45.5</ele>
        <time>2026-08-18T12:11:26.805Z</time>
      </trkpt>
      <trkpt lat="40.075958535219414" lon="116.33690812696719">
        <ele>45.5</ele>
        <time>2026-08-18T12:11:27.805Z</time>
      </trkpt>
      <trkpt lat="40.07593336054968" lon="116.3369072255709">
        <ele>45.5</ele>
        <time>2026-08-18T12:11:28.805Z</time>
      </trkpt>
      <trkpt lat="40.07590848966629" lon="116.33690564275477">
        <ele>45.5</ele>
        <time>2026-08-18T12:11:29.805Z</time>
      </trkpt>
      <trkpt lat="40.07588373454981" lon="116.33690407467921">
        <ele>45.5</ele>
        <time>2026-08-18T12:11:30.805Z</time>
      </trkpt>
      <trkpt lat="40.07585900507306" lon="116.33690286635036">
        <ele>45.5</ele>
        <time>2026-08-18T12:11:31.805Z</time>
      </trkpt>
      <trkpt lat="40.0758341959716" lon="116.33690173935884">
        <ele>45.5</ele>
        <time>2026-08-18T12:11:32.805Z</time>
      </trkpt>
      <trkpt lat="40.075809088576946" lon="116.3369009393912">
        <ele>45.5</ele>
        <time>2026-08-18T12:11:33.805Z</time>
      </trkpt>
      <trkpt lat="40.075783585374865" lon="116.33690141473382">
        <ele>45.5</ele>
        <time>2026-08-18T12:11:34.804Z</time>
      </trkpt>
      <trkpt lat="40.07575774923212" lon="116.33690352628146">
        <ele>45.5</ele>
        <time>2026-08-18T12:11:35.805Z</time>
      </trkpt>
      <trkpt lat="40.075731916137485" lon="116.33690760338499">
        <ele>45.5</ele>
        <time>2026-08-18T12:11:36.805Z</time>
      </trkpt>
      <trkpt lat="40.075706341643176" lon="116.33691417304391">
        <ele>45.5</ele>
        <time>2026-08-18T12:11:37.805Z</time>
      </trkpt>
      <trkpt lat="40.07568130235602" lon="116.33692323289442">
        <ele>45.5</ele>
        <time>2026-08-18T12:11:38.805Z</time>
      </trkpt>
      <trkpt lat="40.07565716627403" lon="116.33693480979798">
        <ele>45.6</ele>
        <time>2026-08-18T12:11:39.805Z</time>
      </trkpt>
      <trkpt lat="40.07563420378958" lon="116.33694907529778">
        <ele>45.6</ele>
        <time>2026-08-18T12:11:40.805Z</time>
      </trkpt>
      <trkpt lat="40.075612475674255" lon="116.33696588275181">
        <ele>45.6</ele>
        <time>2026-08-18T12:11:41.805Z</time>
      </trkpt>
      <trkpt lat="40.07559192602464" lon="116.33698468752767">
        <ele>45.6</ele>
        <time>2026-08-18T12:11:42.805Z</time>
      </trkpt>
      <trkpt lat="40.07557271163896" lon="116.33700537190926">
        <ele>45.7</ele>
        <time>2026-08-18T12:11:43.805Z</time>
      </trkpt>
      <trkpt lat="40.075555272603616" lon="116.33702811234161">
        <ele>45.7</ele>
        <time>2026-08-18T12:11:44.805Z</time>
      </trkpt>
      <trkpt lat="40.07553958559517" lon="116.33705262703492">
        <ele>45.7</ele>
        <time>2026-08-18T12:11:45.805Z</time>
      </trkpt>
      <trkpt lat="40.07552554051469" lon="116.33707842217608">
        <ele>45.7</ele>
        <time>2026-08-18T12:11:46.805Z</time>
      </trkpt>
      <trkpt lat="40.07551341001544" lon="116.33710558517333">
        <ele>45.7</ele>
        <time>2026-08-18T12:11:47.804Z</time>
      </trkpt>
      <trkpt lat="40.07550332077534" lon="116.33713448314538">
        <ele>45.7</ele>
        <time>2026-08-18T12:11:48.805Z</time>
      </trkpt>
      <trkpt lat="40.075495147067684" lon="116.33716512802827">
        <ele>45.7</ele>
        <time>2026-08-18T12:11:49.805Z</time>
      </trkpt>
      <trkpt lat="40.075488487992764" lon="116.33719724820514">
        <ele>45.8</ele>
        <time>2026-08-18T12:11:50.805Z</time>
      </trkpt>
      <trkpt lat="40.07548333483448" lon="116.33723058963729">
        <ele>45.8</ele>
        <time>2026-08-18T12:11:51.805Z</time>
      </trkpt>
      <trkpt lat="40.0754796215804" lon="116.33726502355228">
        <ele>45.8</ele>
        <time>2026-08-18T12:11:52.805Z</time>
      </trkpt>
      <trkpt lat="40.07547749486535" lon="116.33730023928615">
        <ele>45.7</ele>
        <time>2026-08-18T12:11:53.805Z</time>
      </trkpt>
      <trkpt lat="40.07547730285659" lon="116.33733586351643">
        <ele>45.7</ele>
        <time>2026-08-18T12:11:54.805Z</time>
      </trkpt>
      <trkpt lat="40.07547873854655" lon="116.33737155889537">
        <ele>45.7</ele>
        <time>2026-08-18T12:11:55.805Z</time>
      </trkpt>
      <trkpt lat="40.07548122829494" lon="116.33740705436925">
        <ele>45.7</ele>
        <time>2026-08-18T12:11:56.805Z</time>
      </trkpt>
      <trkpt lat="40.07548432113857" lon="116.33744221001432">
        <ele>45.7</ele>
        <time>2026-08-18T12:11:57.805Z</time>
      </trkpt>
      <trkpt lat="40.07548802055775" lon="116.33747690154767">
        <ele>45.6</ele>
        <time>2026-08-18T12:11:58.805Z</time>
      </trkpt>
      <trkpt lat="40.07549267983749" lon="116.33751075912491">
        <ele>45.6</ele>
        <time>2026-08-18T12:11:59.804Z</time>
      </trkpt>
      <trkpt lat="40.07549853045642" lon="116.33754364178064">
        <ele>45.6</ele>
        <time>2026-08-18T12:12:00.805Z</time>
      </trkpt>
      <trkpt lat="40.075505764469455" lon="116.33757535603867">
        <ele>45.5</ele>
        <time>2026-08-18T12:12:01.805Z</time>
      </trkpt>
      <trkpt lat="40.07551463015803" lon="116.33760587779916">
        <ele>45.5</ele>
        <time>2026-08-18T12:12:02.805Z</time>
      </trkpt>
      <trkpt lat="40.07552531906474" lon="116.33763485378991">
        <ele>45.5</ele>
        <time>2026-08-18T12:12:03.805Z</time>
      </trkpt>
      <trkpt lat="40.07553770902396" lon="116.33766180097555">
        <ele>45.4</ele>
        <time>2026-08-18T12:12:04.805Z</time>
      </trkpt>
      <trkpt lat="40.07555132713569" lon="116.33768672761474">
        <ele>45.4</ele>
        <time>2026-08-18T12:12:05.805Z</time>
      </trkpt>
      <trkpt lat="40.07556589579655" lon="116.33770990922335">
        <ele>45.4</ele>
        <time>2026-08-18T12:12:06.805Z</time>
      </trkpt>
      <trkpt lat="40.07558148709379" lon="116.33773181626509">
        <ele>45.3</ele>
        <time>2026-08-18T12:12:07.805Z</time>
      </trkpt>
      <trkpt lat="40.07559838843712" lon="116.3377529692015">
        <ele>45.3</ele>
        <time>2026-08-18T12:12:08.805Z</time>
      </trkpt>
      <trkpt lat="40.075616792449345" lon="116.33777316098762">
        <ele>45.3</ele>
        <time>2026-08-18T12:12:09.805Z</time>
      </trkpt>
      <trkpt lat="40.07563658413773" lon="116.33779205961707">
        <ele>45.2</ele>
        <time>2026-08-18T12:12:10.805Z</time>
      </trkpt>
      <trkpt lat="40.07565760388862" lon="116.33780925887629">
        <ele>45.2</ele>
        <time>2026-08-18T12:12:11.805Z</time>
      </trkpt>
      <trkpt lat="40.07567958663427" lon="116.33782444120438">
        <ele>45.1</ele>
        <time>2026-08-18T12:12:12.805Z</time>
      </trkpt>
      <trkpt lat="40.07570196550496" lon="116.33783751216168">
        <ele>45.1</ele>
        <time>2026-08-18T12:12:13.805Z</time>
      </trkpt>
      <trkpt lat="40.07572470911402" lon="116.33784836134025">
        <ele>45.0</ele>
        <time>2026-08-18T12:12:14.805Z</time>
      </trkpt>
      <trkpt lat="40.07574791728799" lon="116.33785735297728">
        <ele>45.0</ele>
        <time>2026-08-18T12:12:15.805Z</time>
      </trkpt>
      <trkpt lat="40.07577168371195" lon="116.33786475287815">
        <ele>44.9</ele>
        <time>2026-08-18T12:12:16.805Z</time>
      </trkpt>
      <trkpt lat="40.07579592354941" lon="116.33786985854319">
        <ele>44.9</ele>
        <time>2026-08-18T12:12:17.805Z</time>
      </trkpt>
      <trkpt lat="40.07582047687133" lon="116.33787226563263">
        <ele>44.8</ele>
        <time>2026-08-18T12:12:18.804Z</time>
      </trkpt>
      <trkpt lat="40.07584534693061" lon="116.33787292355333">
        <ele>44.8</ele>
        <time>2026-08-18T12:12:19.805Z</time>
      </trkpt>
      <trkpt lat="40.07587038330338" lon="116.33787265118163">
        <ele>44.7</ele>
        <time>2026-08-18T12:12:20.805Z</time>
      </trkpt>
      <trkpt lat="40.07589552203437" lon="116.33787135020486">
        <ele>44.7</ele>
        <time>2026-08-18T12:12:21.805Z</time>
      </trkpt>
      <trkpt lat="40.07592065590201" lon="116.3378691274352">
        <ele>44.6</ele>
        <time>2026-08-18T12:12:22.805Z</time>
      </trkpt>
      <trkpt lat="40.07594561964292" lon="116.33786658133043">
        <ele>44.5</ele>
        <time>2026-08-18T12:12:23.805Z</time>
      </trkpt>
      <trkpt lat="40.075970217352044" lon="116.33786411742368">
        <ele>44.5</ele>
        <time>2026-08-18T12:12:24.805Z</time>
      </trkpt>
      <trkpt lat="40.075994370529266" lon="116.3378616277191">
        <ele>44.4</ele>
        <time>2026-08-18T12:12:25.805Z</time>
      </trkpt>
      <trkpt lat="40.076018064401566" lon="116.3378587796607">
        <ele>44.4</ele>
        <time>2026-08-18T12:12:26.805Z</time>
      </trkpt>
      <trkpt lat="40.07604140223545" lon="116.33785547682454">
        <ele>44.3</ele>
        <time>2026-08-18T12:12:27.805Z</time>
      </trkpt>
      <trkpt lat="40.0760645587995" lon="116.33785214262258">
        <ele>44.3</ele>
        <time>2026-08-18T12:12:28.805Z</time>
      </trkpt>
      <trkpt lat="40.07608767617772" lon="116.33784952242021">
        <ele>44.3</ele>
        <time>2026-08-18T12:12:29.804Z</time>
      </trkpt>
      <trkpt lat="40.07611074031779" lon="116.33784798582269">
        <ele>44.2</ele>
        <time>2026-08-18T12:12:30.805Z</time>
      </trkpt>
      <trkpt lat="40.076133689211154" lon="116.33784716392452">
        <ele>44.2</ele>
        <time>2026-08-18T12:12:31.805Z</time>
      </trkpt>
      <trkpt lat="40.07615662015741" lon="116.33784665461252">
        <ele>44.2</ele>
        <time>2026-08-18T12:12:32.805Z</time>
      </trkpt>
      <trkpt lat="40.076179680382836" lon="116.33784593529975">
        <ele>44.1</ele>
        <time>2026-08-18T12:12:33.805Z</time>
      </trkpt>
      <trkpt lat="40.07620306956261" lon="116.33784476960186">
        <ele>44.1</ele>
        <time>2026-08-18T12:12:34.804Z</time>
      </trkpt>
      <trkpt lat="40.07622680133621" lon="116.33784357232432">
        <ele>44.1</ele>
        <time>2026-08-18T12:12:35.805Z</time>
      </trkpt>
      <trkpt lat="40.07625069655991" lon="116.33784234767998">
        <ele>44.1</ele>
        <time>2026-08-18T12:12:36.805Z</time>
      </trkpt>
      <trkpt lat="40.07627457055349" lon="116.33784090881547">
        <ele>44.1</ele>
        <time>2026-08-18T12:12:37.805Z</time>
      </trkpt>
      <trkpt lat="40.07629837966408" lon="116.33783944473484">
        <ele>44.0</ele>
        <time>2026-08-18T12:12:38.805Z</time>
      </trkpt>
      <trkpt lat="40.07632217904024" lon="116.33783846203288">
        <ele>44.0</ele>
        <time>2026-08-18T12:12:39.805Z</time>
      </trkpt>
      <trkpt lat="40.07634611273491" lon="116.33783812110164">
        <ele>44.0</ele>
        <time>2026-08-18T12:12:40.805Z</time>
      </trkpt>
      <trkpt lat="40.076370230013225" lon="116.33783815709023">
        <ele>44.0</ele>
        <time>2026-08-18T12:12:41.805Z</time>
      </trkpt>
      <trkpt lat="40.07639453306827" lon="116.33783787634306">
        <ele>44.0</ele>
        <time>2026-08-18T12:12:42.805Z</time>
      </trkpt>
      <trkpt lat="40.076419011862825" lon="116.33783673202313">
        <ele>44.0</ele>
        <time>2026-08-18T12:12:43.805Z</time>
      </trkpt>
      <trkpt lat="40.07644374611914" lon="116.33783529749395">
        <ele>44.0</ele>
        <time>2026-08-18T12:12:44.805Z</time>
      </trkpt>
      <trkpt lat="40.07646883956232" lon="116.33783458628628">
        <ele>44.0</ele>
        <time>2026-08-18T12:12:45.805Z</time>
      </trkpt>
      <trkpt lat="40.07649433228327" lon="116.33783457367838">
        <ele>44.0</ele>
        <time>2026-08-18T12:12:46.805Z</time>
      </trkpt>
      <trkpt lat="40.07652009246959" lon="116.33783477687842">
        <ele>44.0</ele>
        <time>2026-08-18T12:12:47.805Z</time>
      </trkpt>
      <trkpt lat="40.07654599184656" lon="116.33783509541749">
        <ele>44.0</ele>
        <time>2026-08-18T12:12:48.805Z</time>
      </trkpt>
      <trkpt lat="40.076571894960175" lon="116.33783557697664">
        <ele>44.0</ele>
        <time>2026-08-18T12:12:49.805Z</time>
      </trkpt>
      <trkpt lat="40.07659768160015" lon="116.33783607338984">
        <ele>44.0</ele>
        <time>2026-08-18T12:12:50.805Z</time>
      </trkpt>
      <trkpt lat="40.076623338430146" lon="116.33783609424529">
        <ele>44.0</ele>
        <time>2026-08-18T12:12:51.805Z</time>
      </trkpt>
      <trkpt lat="40.07664878991908" lon="116.33783544058515">
        <ele>44.0</ele>
        <time>2026-08-18T12:12:52.805Z</time>
      </trkpt>
      <trkpt lat="40.076673967561064" lon="116.33783433955556">
        <ele>44.0</ele>
        <time>2026-08-18T12:12:53.805Z</time>
      </trkpt>
      <trkpt lat="40.07669872281708" lon="116.33783289373929">
        <ele>44.0</ele>
        <time>2026-08-18T12:12:54.805Z</time>
      </trkpt>
      <trkpt lat="40.07672294073329" lon="116.3378304995687">
        <ele>44.0</ele>
        <time>2026-08-18T12:12:55.805Z</time>
      </trkpt>
      <trkpt lat="40.07674654976061" lon="116.33782657584787">
        <ele>44.0</ele>
        <time>2026-08-18T12:12:56.805Z</time>
      </trkpt>
      <trkpt lat="40.076769542152796" lon="116.33782075813068">
        <ele>44.0</ele>
        <time>2026-08-18T12:12:57.805Z</time>
      </trkpt>
      <trkpt lat="40.07679182892984" lon="116.33781258789708">
        <ele>44.0</ele>
        <time>2026-08-18T12:12:58.805Z</time>
      </trkpt>
      <trkpt lat="40.076813412372616" lon="116.33780170604365">
        <ele>44.0</ele>
        <time>2026-08-18T12:12:59.804Z</time>
      </trkpt>
      <trkpt lat="40.076834439942274" lon="116.33778806579282">
        <ele>44.0</ele>
        <time>2026-08-18T12:13:00.805Z</time>
      </trkpt>
      <trkpt lat="40.07685470761378" lon="116.33777173210291">
        <ele>44.0</ele>
        <time>2026-08-18T12:13:01.805Z</time>
      </trkpt>
      <trkpt lat="40.07687407152362" lon="116.33775286877817">
        <ele>44.0</ele>
        <time>2026-08-18T12:13:02.805Z</time>
      </trkpt>
      <trkpt lat="40.07689257256808" lon="116.3377319633218">
        <ele>43.9</ele>
        <time>2026-08-18T12:13:03.805Z</time>
      </trkpt>
      <trkpt lat="40.07691028935843" lon="116.33770948225681">
        <ele>43.9</ele>
        <time>2026-08-18T12:13:04.805Z</time>
      </trkpt>
      <trkpt lat="40.07692725257035" lon="116.3376860005654">
        <ele>43.9</ele>
        <time>2026-08-18T12:13:05.804Z</time>
      </trkpt>
      <trkpt lat="40.07694339624176" lon="116.33766184717295">
        <ele>43.9</ele>
        <time>2026-08-18T12:13:06.805Z</time>
      </trkpt>
      <trkpt lat="40.07695840600346" lon="116.33763700562916">
        <ele>43.9</ele>
        <time>2026-08-18T12:13:07.805Z</time>
      </trkpt>
      <trkpt lat="40.07697187949669" lon="116.33761110029097">
        <ele>43.9</ele>
        <time>2026-08-18T12:13:08.805Z</time>
      </trkpt>
      <trkpt lat="40.0769833730052" lon="116.33758367631971">
        <ele>43.9</ele>
        <time>2026-08-18T12:13:09.804Z</time>
      </trkpt>
      <trkpt lat="40.07699268855767" lon="116.3375547965711">
        <ele>43.8</ele>
        <time>2026-08-18T12:13:10.805Z</time>
      </trkpt>
      <trkpt lat="40.0769999182365" lon="116.337524989631">
        <ele>43.8</ele>
        <time>2026-08-18T12:13:11.805Z</time>
      </trkpt>
      <trkpt lat="40.077004873859394" lon="116.33749434106039">
        <ele>43.8</ele>
        <time>2026-08-18T12:13:12.805Z</time>
      </trkpt>
      <trkpt lat="40.07700767039467" lon="116.33746272366284">
        <ele>43.8</ele>
        <time>2026-08-18T12:13:13.805Z</time>
      </trkpt>
      <trkpt lat="40.0770089840479" lon="116.33743007711105">
        <ele>43.7</ele>
        <time>2026-08-18T12:13:14.805Z</time>
      </trkpt>
      <trkpt lat="40.07700944612407" lon="116.33739676683588">
        <ele>43.7</ele>
        <time>2026-08-18T12:13:15.805Z</time>
      </trkpt>
      <trkpt lat="40.07700889116399" lon="116.33736348437664">
        <ele>43.7</ele>
        <time>2026-08-18T12:13:16.805Z</time>
      </trkpt>
      <trkpt lat="40.07700698710349" lon="116.33733051744393">
        <ele>43.7</ele>
        <time>2026-08-18T12:13:17.805Z</time>
      </trkpt>
      <trkpt lat="40.07700375282754" lon="116.33729785280153">
        <ele>43.7</ele>
        <time>2026-08-18T12:13:18.805Z</time>
      </trkpt>
      <trkpt lat="40.07699918578136" lon="116.33726538995512">
        <ele>43.7</ele>
        <time>2026-08-18T12:13:19.805Z</time>
      </trkpt>
      <trkpt lat="40.076993667449585" lon="116.33723303486579">
        <ele>43.7</ele>
        <time>2026-08-18T12:13:20.804Z</time>
      </trkpt>
      <trkpt lat="40.076987223126686" lon="116.33720107264661">
        <ele>43.7</ele>
        <time>2026-08-18T12:13:21.804Z</time>
      </trkpt>
      <trkpt lat="40.07697940588692" lon="116.33717015831478">
        <ele>43.8</ele>
        <time>2026-08-18T12:13:22.805Z</time>
      </trkpt>
      <trkpt lat="40.07696995532821" lon="116.33714061236533">
        <ele>43.8</ele>
        <time>2026-08-18T12:13:23.805Z</time>
      </trkpt>
      <trkpt lat="40.076958843725635" lon="116.33711231689608">
        <ele>43.9</ele>
        <time>2026-08-18T12:13:24.805Z</time>
      </trkpt>
      <trkpt lat="40.076946177278124" lon="116.33708510600579">
        <ele>43.9</ele>
        <time>2026-08-18T12:13:25.804Z</time>
      </trkpt>
      <trkpt lat="40.07693211663981" lon="116.33705870558376">
        <ele>44.0</ele>
        <time>2026-08-18T12:13:26.805Z</time>
      </trkpt>
      <trkpt lat="40.07691646618996" lon="116.33703319911426">
        <ele>44.1</ele>
        <time>2026-08-18T12:13:27.804Z</time>
      </trkpt>
      <trkpt lat="40.076899013747166" lon="116.33700879803735">
        <ele>44.1</ele>
        <time>2026-08-18T12:13:28.804Z</time>
      </trkpt>
      <trkpt lat="40.07688007388161" lon="116.33698552067742">
        <ele>44.2</ele>
        <time>2026-08-18T12:13:29.804Z</time>
      </trkpt>
      <trkpt lat="40.076859823614896" lon="116.33696358298437">
        <ele>44.3</ele>
        <time>2026-08-18T12:13:30.804Z</time>
      </trkpt>
      <trkpt lat="40.07683836078636" lon="116.33694314244727">
        <ele>44.3</ele>
        <time>2026-08-18T12:13:31.804Z</time>
      </trkpt>
      <trkpt lat="40.076815930634" lon="116.33692418741124">
        <ele>44.4</ele>
        <time>2026-08-18T12:13:32.804Z</time>
      </trkpt>
      <trkpt lat="40.076792749332846" lon="116.33690671900884">
        <ele>44.5</ele>
        <time>2026-08-18T12:13:33.804Z</time>
      </trkpt>
      <trkpt lat="40.07676889555081" lon="116.33689102225435">
        <ele>44.6</ele>
        <time>2026-08-18T12:13:34.804Z</time>
      </trkpt>
      <trkpt lat="40.07674438895854" lon="116.33687799906882">
        <ele>44.7</ele>
        <time>2026-08-18T12:13:35.804Z</time>
      </trkpt>
      <trkpt lat="40.07671953504709" lon="116.33686790316666">
        <ele>44.8</ele>
        <time>2026-08-18T12:13:36.804Z</time>
      </trkpt>
      <trkpt lat="40.076694906058954" lon="116.3368597000629">
        <ele>44.9</ele>
        <time>2026-08-18T12:13:37.804Z</time>
      </trkpt>
      <trkpt lat="40.07667069162257" lon="116.336852869364">
        <ele>45.0</ele>
        <time>2026-08-18T12:13:38.804Z</time>
      </trkpt>
      <trkpt lat="40.0766466458766" lon="116.33684778278628">
        <ele>45.0</ele>
        <time>2026-08-18T12:13:39.804Z</time>
      </trkpt>
      <trkpt lat="40.076622432571746" lon="116.33684496067248">
        <ele>45.1</ele>
        <time>2026-08-18T12:13:40.805Z</time>
      </trkpt>
      <trkpt lat="40.07659784614278" lon="116.33684404725203">
        <ele>45.2</ele>
        <time>2026-08-18T12:13:41.805Z</time>
      </trkpt>
      <trkpt lat="40.07657277919015" lon="116.33684394415684">
        <ele>45.3</ele>
        <time>2026-08-18T12:13:42.804Z</time>
      </trkpt>
      <trkpt lat="40.076547240507075" lon="116.33684411834847">
        <ele>45.3</ele>
        <time>2026-08-18T12:13:43.804Z</time>
      </trkpt>
      <trkpt lat="40.076521394107786" lon="116.33684447145424">
        <ele>45.4</ele>
        <time>2026-08-18T12:13:44.804Z</time>
      </trkpt>
      <trkpt lat="40.07649551862525" lon="116.33684540613488">
        <ele>45.4</ele>
        <time>2026-08-18T12:13:45.804Z</time>
      </trkpt>
      <trkpt lat="40.0764698665158" lon="116.33684695550777">
        <ele>45.5</ele>
        <time>2026-08-18T12:13:46.804Z</time>
      </trkpt>
      <trkpt lat="40.07644454804536" lon="116.3368485238599">
        <ele>45.5</ele>
        <time>2026-08-18T12:13:47.804Z</time>
      </trkpt>
      <trkpt lat="40.07641947836565" lon="116.33684981970477">
        <ele>45.5</ele>
        <time>2026-08-18T12:13:48.804Z</time>
      </trkpt>
      <trkpt lat="40.076394499123445" lon="116.33685073601727">
        <ele>45.5</ele>
        <time>2026-08-18T12:13:49.804Z</time>
      </trkpt>
      <trkpt lat="40.07636950763026" lon="116.33685169896944">
        <ele>45.6</ele>
        <time>2026-08-18T12:13:50.804Z</time>
      </trkpt>
      <trkpt lat="40.076344445934964" lon="116.33685309987388">
        <ele>45.6</ele>
        <time>2026-08-18T12:13:51.804Z</time>
      </trkpt>
      <trkpt lat="40.07631928680033" lon="116.33685471494826">
        <ele>45.6</ele>
        <time>2026-08-18T12:13:52.804Z</time>
      </trkpt>
      <trkpt lat="40.076294017329936" lon="116.33685661177603">
        <ele>45.6</ele>
        <time>2026-08-18T12:13:53.804Z</time>
      </trkpt>
      <trkpt lat="40.07626864876068" lon="116.33685873405727">
        <ele>45.5</ele>
        <time>2026-08-18T12:13:54.804Z</time>
      </trkpt>
      <trkpt lat="40.07624322607851" lon="116.33686088665807">
        <ele>45.5</ele>
        <time>2026-08-18T12:13:55.804Z</time>
      </trkpt>
      <trkpt lat="40.076217818578144" lon="116.33686277366265">
        <ele>45.5</ele>
        <time>2026-08-18T12:13:56.804Z</time>
      </trkpt>
      <trkpt lat="40.07619249185908" lon="116.33686464245505">
        <ele>45.5</ele>
        <time>2026-08-18T12:13:57.804Z</time>
      </trkpt>
      <trkpt lat="40.07616723247277" lon="116.33686689446769">
        <ele>45.4</ele>
        <time>2026-08-18T12:13:58.804Z</time>
      </trkpt>
      <trkpt lat="40.07614205993625" lon="116.33686910846518">
        <ele>45.4</ele>
        <time>2026-08-18T12:13:59.804Z</time>
      </trkpt>
      <trkpt lat="40.07611694615967" lon="116.33687115720063">
        <ele>45.4</ele>
        <time>2026-08-18T12:14:00.805Z</time>
      </trkpt>
      <trkpt lat="40.0760918363005" lon="116.33687279827878">
        <ele>45.3</ele>
        <time>2026-08-18T12:14:01.804Z</time>
      </trkpt>
      <trkpt lat="40.07606659789165" lon="116.33687376780966">
        <ele>45.3</ele>
        <time>2026-08-18T12:14:02.804Z</time>
      </trkpt>
      <trkpt lat="40.07604127294637" lon="116.33687409977598">
        <ele>45.3</ele>
        <time>2026-08-18T12:14:03.804Z</time>
      </trkpt>
      <trkpt lat="40.07601589860618" lon="116.33687402522774">
        <ele>45.3</ele>
        <time>2026-08-18T12:14:04.804Z</time>
      </trkpt>
      <trkpt lat="40.07599060435612" lon="116.33687361051948">
        <ele>45.3</ele>
        <time>2026-08-18T12:14:05.804Z</time>
      </trkpt>
      <trkpt lat="40.07596541184472" lon="116.33687308607969">
        <ele>45.3</ele>
        <time>2026-08-18T12:14:06.804Z</time>
      </trkpt>
      <trkpt lat="40.07594027824533" lon="116.33687275960179">
        <ele>45.3</ele>
        <time>2026-08-18T12:14:07.804Z</time>
      </trkpt>
      <trkpt lat="40.07591521146392" lon="116.33687272410845">
        <ele>45.3</ele>
        <time>2026-08-18T12:14:08.804Z</time>
      </trkpt>
      <trkpt lat="40.0758902132782" lon="116.33687295461445">
        <ele>45.3</ele>
        <time>2026-08-18T12:14:09.804Z</time>
      </trkpt>
      <trkpt lat="40.07586517617296" lon="116.33687309835551">
        <ele>45.4</ele>
        <time>2026-08-18T12:14:10.804Z</time>
      </trkpt>
      <trkpt lat="40.07583995448508" lon="116.33687318743489">
        <ele>45.4</ele>
        <time>2026-08-18T12:14:11.805Z</time>
      </trkpt>
      <trkpt lat="40.07581462516079" lon="116.33687357934228">
        <ele>45.5</ele>
        <time>2026-08-18T12:14:12.804Z</time>
      </trkpt>
      <trkpt lat="40.075789304085944" lon="116.33687481032834">
        <ele>45.5</ele>
        <time>2026-08-18T12:14:13.804Z</time>
      </trkpt>
      <trkpt lat="40.075764119814956" lon="116.33687718571336">
        <ele>45.6</ele>
        <time>2026-08-18T12:14:14.804Z</time>
        <extensions>
          <gpxtpx:TrackPointExtension>
            <gpxtpx:hr>162</gpxtpx:hr>
          </gpxtpx:TrackPointExtension>
        </extensions>
      </trkpt>
      <trkpt lat="40.07573926221614" lon="116.33688105478457">
        <ele>45.7</ele>
        <time>2026-08-18T12:14:15.804Z</time>
        <extensions>
          <gpxtpx:TrackPointExtension>
            <gpxtpx:hr>162</gpxtpx:hr>
          </gpxtpx:TrackPointExtension>
        </extensions>
      </trkpt>
      <trkpt lat="40.07571487633259" lon="116.33688699481053">
        <ele>45.8</ele>
        <time>2026-08-18T12:14:16.804Z</time>
        <extensions>
          <gpxtpx:TrackPointExtension>
            <gpxtpx:hr>162</gpxtpx:hr>
          </gpxtpx:TrackPointExtension>
        </extensions>
      </trkpt>
      <trkpt lat="40.07569098056371" lon="116.33689522421653">
        <ele>45.8</ele>
        <time>2026-08-18T12:14:17.804Z</time>
        <extensions>
          <gpxtpx:TrackPointExtension>
            <gpxtpx:hr>162</gpxtpx:hr>
          </gpxtpx:TrackPointExtension>
        </extensions>
      </trkpt>
      <trkpt lat="40.075667608858524" lon="116.33690568777018">
        <ele>45.9</ele>
        <time>2026-08-18T12:14:18.804Z</time>
        <extensions>
          <gpxtpx:TrackPointExtension>
            <gpxtpx:hr>162</gpxtpx:hr>
          </gpxtpx:TrackPointExtension>
        </extensions>
      </trkpt>
      <trkpt lat="40.07564492355675" lon="116.33691864538449">
        <ele>46.0</ele>
        <time>2026-08-18T12:14:19.804Z</time>
        <extensions>
          <gpxtpx:TrackPointExtension>
            <gpxtpx:hr>162</gpxtpx:hr>
          </gpxtpx:TrackPointExtension>
        </extensions>
      </trkpt>
      <trkpt lat="40.07562324274061" lon="116.33693451154544">
        <ele>46.0</ele>
        <time>2026-08-18T12:14:20.805Z</time>
        <extensions>
          <gpxtpx:TrackPointExtension>
            <gpxtpx:hr>162</gpxtpx:hr>
          </gpxtpx:TrackPointExtension>
        </extensions>
      </trkpt>
      <trkpt lat="40.0756028216896" lon="116.3369533254645">
        <ele>46.1</ele>
        <time>2026-08-18T12:14:21.804Z</time>
        <extensions>
          <gpxtpx:TrackPointExtension>
            <gpxtpx:hr>162</gpxtpx:hr>
          </gpxtpx:TrackPointExtension>
        </extensions>
      </trkpt>
      <trkpt lat="40.075583327116576" lon="116.33697403777515">
        <ele>46.1</ele>
        <time>2026-08-18T12:14:22.804Z</time>
        <extensions>
          <gpxtpx:TrackPointExtension>
            <gpxtpx:hr>162</gpxtpx:hr>
          </gpxtpx:TrackPointExtension>
        </extensions>
      </trkpt>
      <trkpt lat="40.07556437430052" lon="116.33699566491617">
        <ele>46.2</ele>
        <time>2026-08-18T12:14:23.804Z</time>
        <extensions>
          <gpxtpx:TrackPointExtension>
            <gpxtpx:hr>162</gpxtpx:hr>
          </gpxtpx:TrackPointExtension>
        </extensions>
      </trkpt>
      <trkpt lat="40.075546321997635" lon="116.33701875146791">
        <ele>46.2</ele>
        <time>2026-08-18T12:14:24.804Z</time>
        <extensions>
          <gpxtpx:TrackPointExtension>
            <gpxtpx:hr>162</gpxtpx:hr>
          </gpxtpx:TrackPointExtension>
        </extensions>
      </trkpt>
      <trkpt lat="40.07552931616567" lon="116.33704383631913">
        <ele>46.3</ele>
        <time>2026-08-18T12:14:25.804Z</time>
        <extensions>
          <gpxtpx:TrackPointExtension>
            <gpxtpx:hr>162</gpxtpx:hr>
          </gpxtpx:TrackPointExtension>
        </extensions>
      </trkpt>
      <trkpt lat="40.075513228674076" lon="116.33707099303689">
        <ele>46.3</ele>
        <time>2026-08-18T12:14:26.804Z</time>
        <extensions>
          <gpxtpx:TrackPointExtension>
            <gpxtpx:hr>162</gpxtpx:hr>
          </gpxtpx:TrackPointExtension>
        </extensions>
      </trkpt>
      <trkpt lat="40.075498381680525" lon="116.33710050961936">
        <ele>46.3</ele>
        <time>2026-08-18T12:14:27.804Z</time>
        <extensions>
          <gpxtpx:TrackPointExtension>
            <gpxtpx:hr>162</gpxtpx:hr>
          </gpxtpx:TrackPointExtension>
        </extensions>
      </trkpt>
      <trkpt lat="40.075485184480286" lon="116.3371327826847">
        <ele>46.3</ele>
        <time>2026-08-18T12:14:28.804Z</time>
        <extensions>
          <gpxtpx:TrackPointExtension>
            <gpxtpx:hr>162</gpxtpx:hr>
          </gpxtpx:TrackPointExtension>
        </extensions>
      </trkpt>
      <trkpt lat="40.07547385715826" lon="116.33716764938846">
        <ele>46.4</ele>
        <time>2026-08-18T12:14:29.804Z</time>
        <extensions>
          <gpxtpx:TrackPointExtension>
            <gpxtpx:hr>162</gpxtpx:hr>
          </gpxtpx:TrackPointExtension>
        </extensions>
      </trkpt>
      <trkpt lat="40.07546446157515" lon="116.33720440051242">
        <ele>46.4</ele>
        <time>2026-08-18T12:14:30.804Z</time>
        <extensions>
          <gpxtpx:TrackPointExtension>
            <gpxtpx:hr>162</gpxtpx:hr>
          </gpxtpx:TrackPointExtension>
        </extensions>
      </trkpt>
      <trkpt lat="40.075457055471254" lon="116.33724240191036">
        <ele>46.3</ele>
        <time>2026-08-18T12:14:31.804Z</time>
        <extensions>
          <gpxtpx:TrackPointExtension>
            <gpxtpx:hr>162</gpxtpx:hr>
          </gpxtpx:TrackPointExtension>
        </extensions>
      </trkpt>
      <trkpt lat="40.07545172122816" lon="116.33728114701046">
        <ele>46.3</ele>
        <time>2026-08-18T12:14:32.804Z</time>
        <extensions>
          <gpxtpx:TrackPointExtension>
            <gpxtpx:hr>162</gpxtpx:hr>
          </gpxtpx:TrackPointExtension>
        </extensions>
      </trkpt>
      <trkpt lat="40.075448340282264" lon="116.33732003349336">
        <ele>46.3</ele>
        <time>2026-08-18T12:14:33.804Z</time>
        <extensions>
          <gpxtpx:TrackPointExtension>
            <gpxtpx:hr>162</gpxtpx:hr>
          </gpxtpx:TrackPointExtension>
        </extensions>
      </trkpt>
      <trkpt lat="40.07544675215228" lon="116.33735860272537">
        <ele>46.2</ele>
        <time>2026-08-18T12:14:34.804Z</time>
        <extensions>
          <gpxtpx:TrackPointExtension>
            <gpxtpx:hr>162</gpxtpx:hr>
          </gpxtpx:TrackPointExtension>
        </extensions>
      </trkpt>
      <trkpt lat="40.075447216567795" lon="116.3373963731939">
        <ele>46.2</ele>
        <time>2026-08-18T12:14:35.804Z</time>
        <extensions>
          <gpxtpx:TrackPointExtension>
            <gpxtpx:hr>162</gpxtpx:hr>
          </gpxtpx:TrackPointExtension>
        </extensions>
      </trkpt>
      <trkpt lat="40.07545006532246" lon="116.3374331112089">
        <ele>46.1</ele>
        <time>2026-08-18T12:14:36.804Z</time>
        <extensions>
          <gpxtpx:TrackPointExtension>
            <gpxtpx:hr>162</gpxtpx:hr>
          </gpxtpx:TrackPointExtension>
        </extensions>
      </trkpt>
      <trkpt lat="40.07545510550518" lon="116.33746878572113">
        <ele>46.0</ele>
        <time>2026-08-18T12:14:37.804Z</time>
        <extensions>
          <gpxtpx:TrackPointExtension>
            <gpxtpx:hr>162</gpxtpx:hr>
          </gpxtpx:TrackPointExtension>
        </extensions>
      </trkpt>
      <trkpt lat="40.07546180086846" lon="116.33750348207015">
        <ele>45.9</ele>
        <time>2026-08-18T12:14:38.804Z</time>
        <extensions>
          <gpxtpx:TrackPointExtension>
            <gpxtpx:hr>162</gpxtpx:hr>
          </gpxtpx:TrackPointExtension>
        </extensions>
      </trkpt>
      <trkpt lat="40.07547000421238" lon="116.3375372649818">
        <ele>45.9</ele>
        <time>2026-08-18T12:14:39.804Z</time>
        <extensions>
          <gpxtpx:TrackPointExtension>
            <gpxtpx:hr>162</gpxtpx:hr>
          </gpxtpx:TrackPointExtension>
        </extensions>
      </trkpt>
      <trkpt lat="40.07547990777661" lon="116.3375700052727">
        <ele>45.8</ele>
        <time>2026-08-18T12:14:40.804Z</time>
        <extensions>
          <gpxtpx:TrackPointExtension>
            <gpxtpx:hr>162</gpxtpx:hr>
          </gpxtpx:TrackPointExtension>
        </extensions>
      </trkpt>
      <trkpt lat="40.07549140418374" lon="116.33760147640824">
        <ele>45.7</ele>
        <time>2026-08-18T12:14:41.804Z</time>
        <extensions>
          <gpxtpx:TrackPointExtension>
            <gpxtpx:hr>162</gpxtpx:hr>
          </gpxtpx:TrackPointExtension>
        </extensions>
      </trkpt>
      <trkpt lat="40.075504160059985" lon="116.33763158513857">
        <ele>45.6</ele>
        <time>2026-08-18T12:14:42.804Z</time>
        <extensions>
          <gpxtpx:TrackPointExtension>
            <gpxtpx:hr>162</gpxtpx:hr>
          </gpxtpx:TrackPointExtension>
        </extensions>
      </trkpt>
      <trkpt lat="40.07551813852027" lon="116.33765998387268">
        <ele>45.6</ele>
        <time>2026-08-18T12:14:43.804Z</time>
        <extensions>
          <gpxtpx:TrackPointExtension>
            <gpxtpx:hr>162</gpxtpx:hr>
          </gpxtpx:TrackPointExtension>
        </extensions>
      </trkpt>
      <trkpt lat="40.07553350263266" lon="116.33768607095443">
        <ele>45.5</ele>
        <time>2026-08-18T12:14:44.804Z</time>
      </trkpt>
      <trkpt lat="40.07555047782899" lon="116.33770922284953">
        <ele>45.5</ele>
        <time>2026-08-18T12:14:45.804Z</time>
      </trkpt>
      <trkpt lat="40.07556889135711" lon="116.3377299114334">
        <ele>45.4</ele>
        <time>2026-08-18T12:14:46.804Z</time>
      </trkpt>
      <trkpt lat="40.075588372818615" lon="116.3377489769859">
        <ele>45.4</ele>
        <time>2026-08-18T12:14:47.804Z</time>
      </trkpt>
      <trkpt lat="40.07560886512998" lon="116.33776648327675">
        <ele>45.3</ele>
        <time>2026-08-18T12:14:48.804Z</time>
      </trkpt>
      <trkpt lat="40.07563015085831" lon="116.33778251095475">
        <ele>45.3</ele>
        <time>2026-08-18T12:14:49.804Z</time>
      </trkpt>
      <trkpt lat="40.07565198985678" lon="116.33779720998506">
        <ele>45.3</ele>
        <time>2026-08-18T12:14:50.804Z</time>
      </trkpt>
      <trkpt lat="40.075674167957104" lon="116.33781076444006">
        <ele>45.2</ele>
        <time>2026-08-18T12:14:51.804Z</time>
      </trkpt>
      <trkpt lat="40.075696592109466" lon="116.33782310379273">
        <ele>45.2</ele>
        <time>2026-08-18T12:14:52.804Z</time>
      </trkpt>
      <trkpt lat="40.07571951243367" lon="116.33783389018588">
        <ele>45.2</ele>
        <time>2026-08-18T12:14:53.804Z</time>
      </trkpt>
      <trkpt lat="40.07574331206131" lon="116.33784277801422">
        <ele>45.1</ele>
        <time>2026-08-18T12:14:54.804Z</time>
      </trkpt>
      <trkpt lat="40.075767804106384" lon="116.33784986253707">
        <ele>45.1</ele>
        <time>2026-08-18T12:14:55.804Z</time>
      </trkpt>
      <trkpt lat="40.075792601811145" lon="116.33785536733245">
        <ele>45.1</ele>
        <time>2026-08-18T12:14:56.804Z</time>
      </trkpt>
      <trkpt lat="40.07581750563111" lon="116.33785860382018">
        <ele>45.0</ele>
        <time>2026-08-18T12:14:57.804Z</time>
      </trkpt>
      <trkpt lat="40.07584240930308" lon="116.33785882741462">
        <ele>45.0</ele>
        <time>2026-08-18T12:14:58.804Z</time>
      </trkpt>
      <trkpt lat="40.07586727070852" lon="116.33785684028388">
        <ele>44.9</ele>
        <time>2026-08-18T12:14:59.804Z</time>
      </trkpt>
      <trkpt lat="40.07589218066983" lon="116.33785378201358">
        <ele>44.9</ele>
        <time>2026-08-18T12:15:00.804Z</time>
      </trkpt>
      <trkpt lat="40.075917178137914" lon="116.33784980203758">
        <ele>44.8</ele>
        <time>2026-08-18T12:15:01.804Z</time>
      </trkpt>
      <trkpt lat="40.0759421788421" lon="116.33784504556144">
        <ele>44.8</ele>
        <time>2026-08-18T12:15:02.804Z</time>
      </trkpt>
      <trkpt lat="40.0759672092566" lon="116.33784031190936">
        <ele>44.7</ele>
        <time>2026-08-18T12:15:03.804Z</time>
      </trkpt>
      <trkpt lat="40.075992255871924" lon="116.33783650319585">
        <ele>44.7</ele>
        <time>2026-08-18T12:15:04.804Z</time>
      </trkpt>
      <trkpt lat="40.07601713097573" lon="116.33783350009986">
        <ele>44.6</ele>
        <time>2026-08-18T12:15:05.804Z</time>
      </trkpt>
      <trkpt lat="40.076041618360044" lon="116.3378309206509">
        <ele>44.6</ele>
        <time>2026-08-18T12:15:06.804Z</time>
      </trkpt>
      <trkpt lat="40.07606580103611" lon="116.33782845874616">
        <ele>44.5</ele>
        <time>2026-08-18T12:15:07.804Z</time>
      </trkpt>
      <trkpt lat="40.07608989311137" lon="116.33782584822383">
        <ele>44.5</ele>
        <time>2026-08-18T12:15:08.804Z</time>
      </trkpt>
      <trkpt lat="40.07611401802135" lon="116.33782331772174">
        <ele>44.4</ele>
        <time>2026-08-18T12:15:09.803Z</time>
      </trkpt>
      <trkpt lat="40.07613816927615" lon="116.33782113653281">
        <ele>44.4</ele>
        <time>2026-08-18T12:15:10.804Z</time>
      </trkpt>
      <trkpt lat="40.07616228774385" lon="116.3378193746057">
        <ele>44.4</ele>
        <time>2026-08-18T12:15:11.804Z</time>
      </trkpt>
      <trkpt lat="40.076186419635995" lon="116.3378178816556">
        <ele>44.3</ele>
        <time>2026-08-18T12:15:12.804Z</time>
      </trkpt>
      <trkpt lat="40.076210573778994" lon="116.33781614306726">
        <ele>44.3</ele>
        <time>2026-08-18T12:15:13.804Z</time>
      </trkpt>
      <trkpt lat="40.076234897128685" lon="116.33781479958147">
        <ele>44.2</ele>
        <time>2026-08-18T12:15:14.804Z</time>
      </trkpt>
      <trkpt lat="40.076259418973095" lon="116.33781501935884">
        <ele>44.2</ele>
        <time>2026-08-18T12:15:15.804Z</time>
      </trkpt>
      <trkpt lat="40.0762840038871" lon="116.33781628133721">
        <ele>44.1</ele>
        <time>2026-08-18T12:15:16.804Z</time>
      </trkpt>
      <trkpt lat="40.07630863160221" lon="116.33781780511099">
        <ele>44.1</ele>
        <time>2026-08-18T12:15:17.804Z</time>
      </trkpt>
      <trkpt lat="40.07633337561279" lon="116.33781946327544">
        <ele>44.1</ele>
        <time>2026-08-18T12:15:18.804Z</time>
      </trkpt>
      <trkpt lat="40.07635837951822" lon="116.33782124226333">
        <ele>44.0</ele>
        <time>2026-08-18T12:15:19.804Z</time>
      </trkpt>
      <trkpt lat="40.07638368066409" lon="116.33782238706982">
        <ele>44.0</ele>
        <time>2026-08-18T12:15:20.804Z</time>
      </trkpt>
      <trkpt lat="40.07640932694511" lon="116.33782217311187">
        <ele>43.9</ele>
        <time>2026-08-18T12:15:21.804Z</time>
      </trkpt>
      <trkpt lat="40.07643526249965" lon="116.33782079420052">
        <ele>43.9</ele>
        <time>2026-08-18T12:15:22.804Z</time>
      </trkpt>
      <trkpt lat="40.07646115285498" lon="116.33781865314445">
        <ele>43.8</ele>
        <time>2026-08-18T12:15:23.804Z</time>
      </trkpt>
      <trkpt lat="40.076486808853005" lon="116.33781553894767">
        <ele>43.8</ele>
        <time>2026-08-18T12:15:24.804Z</time>
      </trkpt>
      <trkpt lat="40.07651236970254" lon="116.33781227638742">
        <ele>43.8</ele>
        <time>2026-08-18T12:15:25.804Z</time>
      </trkpt>
      <trkpt lat="40.07653799468401" lon="116.33780997738062">
        <ele>43.7</ele>
        <time>2026-08-18T12:15:26.804Z</time>
      </trkpt>
      <trkpt lat="40.076563699148984" lon="116.3378085190881">
        <ele>43.7</ele>
        <time>2026-08-18T12:15:27.804Z</time>
      </trkpt>
      <trkpt lat="40.07658944384566" lon="116.33780748623842">
        <ele>43.7</ele>
        <time>2026-08-18T12:15:28.804Z</time>
      </trkpt>
      <trkpt lat="40.076615165994205" lon="116.3378063805844">
        <ele>43.7</ele>
        <time>2026-08-18T12:15:29.804Z</time>
      </trkpt>
      <trkpt lat="40.076640905366446" lon="116.33780509227678">
        <ele>43.6</ele>
        <time>2026-08-18T12:15:30.804Z</time>
      </trkpt>
      <trkpt lat="40.07666665138508" lon="116.33780292760723">
        <ele>43.6</ele>
        <time>2026-08-18T12:15:31.804Z</time>
      </trkpt>
      <trkpt lat="40.07669235850035" lon="116.3377995634042">
        <ele>43.6</ele>
        <time>2026-08-18T12:15:32.803Z</time>
      </trkpt>
      <trkpt lat="40.0767180285797" lon="116.33779505288484">
        <ele>43.6</ele>
        <time>2026-08-18T12:15:33.804Z</time>
      </trkpt>
      <trkpt lat="40.07674355178015" lon="116.33778868601632">
        <ele>43.6</ele>
        <time>2026-08-18T12:15:34.804Z</time>
      </trkpt>
      <trkpt lat="40.07676879830539" lon="116.33777976680213">
        <ele>43.6</ele>
        <time>2026-08-18T12:15:35.804Z</time>
      </trkpt>
      <trkpt lat="40.076793712167216" lon="116.33776827965653">
        <ele>43.6</ele>
        <time>2026-08-18T12:15:36.804Z</time>
      </trkpt>
      <trkpt lat="40.07681813209932" lon="116.33775449655465">
        <ele>43.6</ele>
        <time>2026-08-18T12:15:37.804Z</time>
      </trkpt>
      <trkpt lat="40.07684164872978" lon="116.33773848821303">
        <ele>43.6</ele>
        <time>2026-08-18T12:15:38.804Z</time>
      </trkpt>
      <trkpt lat="40.07686390988783" lon="116.3377204678839">
        <ele>43.6</ele>
        <time>2026-08-18T12:15:39.804Z</time>
      </trkpt>
      <trkpt lat="40.07688502913685" lon="116.33770076304049">
        <ele>43.7</ele>
        <time>2026-08-18T12:15:40.803Z</time>
      </trkpt>
      <trkpt lat="40.076905187950544" lon="116.33767943825204">
        <ele>43.7</ele>
        <time>2026-08-18T12:15:41.804Z</time>
      </trkpt>
      <trkpt lat="40.07692423568795" lon="116.33765609494104">
        <ele>43.7</ele>
        <time>2026-08-18T12:15:42.804Z</time>
      </trkpt>
      <trkpt lat="40.076942117854365" lon="116.33763052067829">
        <ele>43.7</ele>
        <time>2026-08-18T12:15:43.804Z</time>
      </trkpt>
      <trkpt lat="40.07695881548981" lon="116.33760299256353">
        <ele>43.7</ele>
        <time>2026-08-18T12:15:44.803Z</time>
      </trkpt>
      <trkpt lat="40.076974499790545" lon="116.33757394519753">
        <ele>43.7</ele>
        <time>2026-08-18T12:15:45.803Z</time>
      </trkpt>
      <trkpt lat="40.07698909652833" lon="116.3375437049423">
        <ele>43.7</ele>
        <time>2026-08-18T12:15:46.804Z</time>
      </trkpt>
      <trkpt lat="40.07700234442553" lon="116.33751258609638">
        <ele>43.8</ele>
        <time>2026-08-18T12:15:47.804Z</time>
      </trkpt>
      <trkpt lat="40.07701403184498" lon="116.33748130389084">
        <ele>43.8</ele>
        <time>2026-08-18T12:15:48.804Z</time>
      </trkpt>
      <trkpt lat="40.077024143419514" lon="116.33745012990806">
        <ele>43.8</ele>
        <time>2026-08-18T12:15:49.804Z</time>
      </trkpt>
      <trkpt lat="40.07703268731157" lon="116.33741847050605">
        <ele>43.8</ele>
        <time>2026-08-18T12:15:50.804Z</time>
      </trkpt>
      <trkpt lat="40.07703951415945" lon="116.33738570482909">
        <ele>43.8</ele>
        <time>2026-08-18T12:15:51.804Z</time>
      </trkpt>
      <trkpt lat="40.07704454226315" lon="116.33735147903931">
        <ele>43.8</ele>
        <time>2026-08-18T12:15:52.804Z</time>
      </trkpt>
      <trkpt lat="40.0770477505065" lon="116.33731607795347">
        <ele>43.8</ele>
        <time>2026-08-18T12:15:53.804Z</time>
      </trkpt>
      <trkpt lat="40.07704910463685" lon="116.33727989174918">
        <ele>43.8</ele>
        <time>2026-08-18T12:15:54.803Z</time>
      </trkpt>
      <trkpt lat="40.07704838403977" lon="116.33724341787601">
        <ele>43.9</ele>
        <time>2026-08-18T12:15:55.804Z</time>
      </trkpt>
      <trkpt lat="40.07704536879743" lon="116.33720728540943">
        <ele>43.9</ele>
        <time>2026-08-18T12:15:56.803Z</time>
      </trkpt>
      <trkpt lat="40.07703990175762" lon="116.33717186183335">
        <ele>43.9</ele>
        <time>2026-08-18T12:15:57.804Z</time>
      </trkpt>
      <trkpt lat="40.07703210513373" lon="116.33713728555581">
        <ele>43.9</ele>
        <time>2026-08-18T12:15:58.804Z</time>
      </trkpt>
      <trkpt lat="40.07702202428154" lon="116.33710375854518">
        <ele>43.9</ele>
        <time>2026-08-18T12:15:59.803Z</time>
      </trkpt>
      <trkpt lat="40.07700986223719" lon="116.33707141380931">
        <ele>44.0</ele>
        <time>2026-08-18T12:16:00.804Z</time>
      </trkpt>
      <trkpt lat="40.07699614320187" lon="116.33704027871052">
        <ele>44.0</ele>
        <time>2026-08-18T12:16:01.803Z</time>
      </trkpt>
      <trkpt lat="40.07698127070682" lon="116.3370102135991">
        <ele>44.0</ele>
        <time>2026-08-18T12:16:02.803Z</time>
      </trkpt>
      <trkpt lat="40.076965302843355" lon="116.33698136902896">
        <ele>44.1</ele>
        <time>2026-08-18T12:16:03.803Z</time>
      </trkpt>
      <trkpt lat="40.07694795570159" lon="116.33695396721158">
        <ele>44.1</ele>
        <time>2026-08-18T12:16:04.804Z</time>
      </trkpt>
      <trkpt lat="40.076929384264396" lon="116.33692815240387">
        <ele>44.2</ele>
        <time>2026-08-18T12:16:05.804Z</time>
      </trkpt>
      <trkpt lat="40.07690969067668" lon="116.33690428127318">
        <ele>44.2</ele>
        <time>2026-08-18T12:16:06.804Z</time>
      </trkpt>
      <trkpt lat="40.07688883578404" lon="116.33688304052617">
        <ele>44.3</ele>
        <time>2026-08-18T12:16:07.803Z</time>
      </trkpt>
      <trkpt lat="40.07686704784268" lon="116.33686447608088">
        <ele>44.4</ele>
        <time>2026-08-18T12:16:08.804Z</time>
      </trkpt>
      <trkpt lat="40.07684472684696" lon="116.3368483023053">
        <ele>44.4</ele>
        <time>2026-08-18T12:16:09.804Z</time>
      </trkpt>
      <trkpt lat="40.07682180775917" lon="116.33683461763374">
        <ele>44.5</ele>
        <time>2026-08-18T12:16:10.804Z</time>
      </trkpt>
      <trkpt lat="40.07679784466483" lon="116.33682375608718">
        <ele>44.6</ele>
        <time>2026-08-18T12:16:11.803Z</time>
      </trkpt>
      <trkpt lat="40.07677286055096" lon="116.33681585568398">
        <ele>44.6</ele>
        <time>2026-08-18T12:16:12.804Z</time>
      </trkpt>
      <trkpt lat="40.076747274138455" lon="116.3368102298093">
        <ele>44.7</ele>
        <time>2026-08-18T12:16:13.804Z</time>
      </trkpt>
      <trkpt lat="40.07672133297698" lon="116.3368063314266">
        <ele>44.8</ele>
        <time>2026-08-18T12:16:14.803Z</time>
      </trkpt>
      <trkpt lat="40.076695276565324" lon="116.33680415301224">
        <ele>44.9</ele>
        <time>2026-08-18T12:16:15.803Z</time>
      </trkpt>
      <trkpt lat="40.07666922917965" lon="116.33680354096957">
        <ele>44.9</ele>
        <time>2026-08-18T12:16:16.803Z</time>
      </trkpt>
      <trkpt lat="40.07664327680427" lon="116.3368037285117">
        <ele>45.0</ele>
        <time>2026-08-18T12:16:17.804Z</time>
      </trkpt>
      <trkpt lat="40.076617500246364" lon="116.33680419200248">
        <ele>45.1</ele>
        <time>2026-08-18T12:16:18.803Z</time>
      </trkpt>
      <trkpt lat="40.076591694751045" lon="116.33680503982235">
        <ele>45.1</ele>
        <time>2026-08-18T12:16:19.803Z</time>
      </trkpt>
      <trkpt lat="40.07656577384374" lon="116.33680631122627">
        <ele>45.2</ele>
        <time>2026-08-18T12:16:20.803Z</time>
      </trkpt>
      <trkpt lat="40.07653957288134" lon="116.33680854173028">
        <ele>45.2</ele>
        <time>2026-08-18T12:16:21.803Z</time>
      </trkpt>
      <trkpt lat="40.07651306383931" lon="116.33681200334844">
        <ele>45.3</ele>
        <time>2026-08-18T12:16:22.803Z</time>
      </trkpt>
      <trkpt lat="40.07648632007343" lon="116.33681629168106">
        <ele>45.3</ele>
        <time>2026-08-18T12:16:23.804Z</time>
      </trkpt>
      <trkpt lat="40.07645945292702" lon="116.33682074701926">
        <ele>45.3</ele>
        <time>2026-08-18T12:16:24.804Z</time>
      </trkpt>
      <trkpt lat="40.07643259581161" lon="116.33682490472079">
        <ele>45.3</ele>
        <time>2026-08-18T12:16:25.804Z</time>
      </trkpt>
      <trkpt lat="40.076405890471804" lon="116.33682917096309">
        <ele>45.3</ele>
        <time>2026-08-18T12:16:26.803Z</time>
      </trkpt>
      <trkpt lat="40.07637940276517" lon="116.33683396419967">
        <ele>45.3</ele>
        <time>2026-08-18T12:16:27.803Z</time>
      </trkpt>
      <trkpt lat="40.07635313016855" lon="116.3368384671228">
        <ele>45.3</ele>
        <time>2026-08-18T12:16:28.803Z</time>
      </trkpt>
      <trkpt lat="40.07632689664305" lon="116.33684195605089">
        <ele>45.3</ele>
        <time>2026-08-18T12:16:29.803Z</time>
      </trkpt>
      <trkpt lat="40.076300755314556" lon="116.3368447849394">
        <ele>45.3</ele>
        <time>2026-08-18T12:16:30.804Z</time>
      </trkpt>
      <trkpt lat="40.076274834071775" lon="116.33684713988592">
        <ele>45.3</ele>
        <time>2026-08-18T12:16:31.803Z</time>
      </trkpt>
      <trkpt lat="40.07624908756948" lon="116.33684916763708">
        <ele>45.2</ele>
        <time>2026-08-18T12:16:32.804Z</time>
      </trkpt>
      <trkpt lat="40.07622343152788" lon="116.3368508599615">
        <ele>45.2</ele>
        <time>2026-08-18T12:16:33.803Z</time>
      </trkpt>
      <trkpt lat="40.07619777127864" lon="116.33685241892029">
        <ele>45.2</ele>
        <time>2026-08-18T12:16:34.803Z</time>
      </trkpt>
      <trkpt lat="40.0761720956582" lon="116.33685397020685">
        <ele>45.2</ele>
        <time>2026-08-18T12:16:35.803Z</time>
      </trkpt>
      <trkpt lat="40.07614646519584" lon="116.33685571813909">
        <ele>45.2</ele>
        <time>2026-08-18T12:16:36.803Z</time>
      </trkpt>
      <trkpt lat="40.076120915645426" lon="116.33685788665262">
        <ele>45.2</ele>
        <time>2026-08-18T12:16:37.803Z</time>
      </trkpt>
      <trkpt lat="40.0760953790169" lon="116.33686000429361">
        <ele>45.2</ele>
        <time>2026-08-18T12:16:38.803Z</time>
      </trkpt>
      <trkpt lat="40.07606984889648" lon="116.33686176506568">
        <ele>45.2</ele>
        <time>2026-08-18T12:16:39.803Z</time>
      </trkpt>
      <trkpt lat="40.07604421728349" lon="116.3368634895927">
        <ele>45.2</ele>
        <time>2026-08-18T12:16:40.803Z</time>
      </trkpt>
      <trkpt lat="40.076018446604344" lon="116.33686561376425">
        <ele>45.3</ele>
        <time>2026-08-18T12:16:41.803Z</time>
      </trkpt>
      <trkpt lat="40.075992547584754" lon="116.33686844685172">
        <ele>45.3</ele>
        <time>2026-08-18T12:16:42.803Z</time>
      </trkpt>
      <trkpt lat="40.0759665269822" lon="116.33687152781141">
        <ele>45.3</ele>
        <time>2026-08-18T12:16:43.803Z</time>
      </trkpt>
      <trkpt lat="40.07594045269545" lon="116.33687385301934">
        <ele>45.3</ele>
        <time>2026-08-18T12:16:44.804Z</time>
      </trkpt>
      <trkpt lat="40.07591446296842" lon="116.33687536425514">
        <ele>45.3</ele>
        <time>2026-08-18T12:16:45.803Z</time>
      </trkpt>
      <trkpt lat="40.07588856031354" lon="116.33687624320997">
        <ele>45.4</ele>
        <time>2026-08-18T12:16:46.804Z</time>
      </trkpt>
      <trkpt lat="40.07586276911092" lon="116.33687665412072">
        <ele>45.4</ele>
        <time>2026-08-18T12:16:47.803Z</time>
      </trkpt>
      <trkpt lat="40.07583708779064" lon="116.33687715242526">
        <ele>45.5</ele>
        <time>2026-08-18T12:16:48.803Z</time>
      </trkpt>
      <trkpt lat="40.07581156266499" lon="116.33687809545344">
        <ele>45.5</ele>
        <time>2026-08-18T12:16:49.803Z</time>
      </trkpt>
      <trkpt lat="40.07578615499238" lon="116.33687969394964">
        <ele>45.5</ele>
        <time>2026-08-18T12:16:50.803Z</time>
      </trkpt>
      <trkpt lat="40.0757607512005" lon="116.33688268607077">
        <ele>45.6</ele>
        <time>2026-08-18T12:16:51.803Z</time>
      </trkpt>
      <trkpt lat="40.07573566821965" lon="116.33688829569695">
        <ele>45.7</ele>
        <time>2026-08-18T12:16:52.803Z</time>
      </trkpt>
      <trkpt lat="40.07571123261271" lon="116.33689690211004">
        <ele>45.7</ele>
        <time>2026-08-18T12:16:53.803Z</time>
      </trkpt>
      <trkpt lat="40.07568738148404" lon="116.3369079422914">
        <ele>45.8</ele>
        <time>2026-08-18T12:16:54.804Z</time>
      </trkpt>
      <trkpt lat="40.07566416828094" lon="116.33692114368245">
        <ele>45.8</ele>
        <time>2026-08-18T12:16:55.803Z</time>
      </trkpt>
      <trkpt lat="40.07564188815224" lon="116.33693673624767">
        <ele>45.8</ele>
        <time>2026-08-18T12:16:56.803Z</time>
      </trkpt>
      <trkpt lat="40.075620916619265" lon="116.33695473014131">
        <ele>45.9</ele>
        <time>2026-08-18T12:16:57.803Z</time>
      </trkpt>
      <trkpt lat="40.07560117538101" lon="116.33697449184534">
        <ele>45.9</ele>
        <time>2026-08-18T12:16:58.803Z</time>
      </trkpt>
      <trkpt lat="40.07558247257206" lon="116.33699547191937">
        <ele>46.0</ele>
        <time>2026-08-18T12:16:59.803Z</time>
      </trkpt>
      <trkpt lat="40.07556485041729" lon="116.337017905533">
        <ele>46.0</ele>
        <time>2026-08-18T12:17:00.803Z</time>
      </trkpt>
      <trkpt lat="40.07554851514302" lon="116.33704221453465">
        <ele>46.0</ele>
        <time>2026-08-18T12:17:01.803Z</time>
      </trkpt>
      <trkpt lat="40.07553357755737" lon="116.3370684044994">
        <ele>46.0</ele>
        <time>2026-08-18T12:17:02.803Z</time>
      </trkpt>
      <trkpt lat="40.07552035240932" lon="116.33709651195674">
        <ele>46.0</ele>
        <time>2026-08-18T12:17:03.803Z</time>
      </trkpt>
      <trkpt lat="40.075509345172264" lon="116.33712677447163">
        <ele>46.1</ele>
        <time>2026-08-18T12:17:04.803Z</time>
      </trkpt>
      <trkpt lat="40.07550053911688" lon="116.33715901375025">
        <ele>46.1</ele>
        <time>2026-08-18T12:17:05.803Z</time>
      </trkpt>
      <trkpt lat="40.075493556388295" lon="116.3371925501736">
        <ele>46.1</ele>
        <time>2026-08-18T12:17:06.803Z</time>
      </trkpt>
      <trkpt lat="40.07548794000703" lon="116.33722683506818">
        <ele>46.1</ele>
        <time>2026-08-18T12:17:07.803Z</time>
      </trkpt>
      <trkpt lat="40.075483352867536" lon="116.3372615602322">
        <ele>46.1</ele>
        <time>2026-08-18T12:17:08.803Z</time>
      </trkpt>
      <trkpt lat="40.075480192501864" lon="116.33729667790158">
        <ele>46.1</ele>
        <time>2026-08-18T12:17:09.803Z</time>
      </trkpt>
      <trkpt lat="40.07547853236014" lon="116.33733209649643">
        <ele>46.0</ele>
        <time>2026-08-18T12:17:10.803Z</time>
      </trkpt>
      <trkpt lat="40.07547801893675" lon="116.33736752027905">
        <ele>46.0</ele>
        <time>2026-08-18T12:17:11.803Z</time>
      </trkpt>
      <trkpt lat="40.075478868519696" lon="116.33740271996659">
        <ele>46.0</ele>
        <time>2026-08-18T12:17:12.803Z</time>
      </trkpt>
      <trkpt lat="40.07548109624937" lon="116.33743753489635">
        <ele>45.9</ele>
        <time>2026-08-18T12:17:13.803Z</time>
      </trkpt>
      <trkpt lat="40.07548456409462" lon="116.3374719726443">
        <ele>45.9</ele>
        <time>2026-08-18T12:17:14.802Z</time>
      </trkpt>
      <trkpt lat="40.07548908132831" lon="116.33750611223786">
        <ele>45.8</ele>
        <time>2026-08-18T12:17:15.803Z</time>
      </trkpt>
      <trkpt lat="40.07549451169873" lon="116.33753979952068">
        <ele>45.8</ele>
        <time>2026-08-18T12:17:16.803Z</time>
      </trkpt>
      <trkpt lat="40.075501249564965" lon="116.33757276959149">
        <ele>45.7</ele>
        <time>2026-08-18T12:17:17.803Z</time>
      </trkpt>
      <trkpt lat="40.075509552636674" lon="116.33760477146087">
        <ele>45.6</ele>
        <time>2026-08-18T12:17:18.803Z</time>
      </trkpt>
      <trkpt lat="40.07551967965421" lon="116.33763554559943">
        <ele>45.6</ele>
        <time>2026-08-18T12:17:19.803Z</time>
      </trkpt>
      <trkpt lat="40.075531761447785" lon="116.33766479971321">
        <ele>45.5</ele>
        <time>2026-08-18T12:17:20.803Z</time>
      </trkpt>
      <trkpt lat="40.07554545680221" lon="116.33769251149666">
        <ele>45.5</ele>
        <time>2026-08-18T12:17:21.803Z</time>
      </trkpt>
      <trkpt lat="40.0755605692322" lon="116.33771854972824">
        <ele>45.5</ele>
        <time>2026-08-18T12:17:22.803Z</time>
      </trkpt>
      <trkpt lat="40.07557727804117" lon="116.33774250892816">
        <ele>45.4</ele>
        <time>2026-08-18T12:17:23.803Z</time>
      </trkpt>
      <trkpt lat="40.07559566364903" lon="116.3377641872026">
        <ele>45.4</ele>
        <time>2026-08-18T12:17:24.803Z</time>
      </trkpt>
      <trkpt lat="40.0756152399647" lon="116.3377839761974">
        <ele>45.4</ele>
        <time>2026-08-18T12:17:25.803Z</time>
      </trkpt>
      <trkpt lat="40.075635627484864" lon="116.337801919326">
        <ele>45.3</ele>
        <time>2026-08-18T12:17:26.803Z</time>
      </trkpt>
      <trkpt lat="40.075656819247165" lon="116.33781749625577">
        <ele>45.3</ele>
        <time>2026-08-18T12:17:27.803Z</time>
      </trkpt>
      <trkpt lat="40.07567853689981" lon="116.33783096868456">
        <ele>45.2</ele>
        <time>2026-08-18T12:17:28.803Z</time>
      </trkpt>
      <trkpt lat="40.07570042446224" lon="116.3378430393535">
        <ele>45.2</ele>
        <time>2026-08-18T12:17:29.802Z</time>
      </trkpt>
      <trkpt lat="40.075722569374626" lon="116.33785373247093">
        <ele>45.1</ele>
        <time>2026-08-18T12:17:30.803Z</time>
      </trkpt>
      <trkpt lat="40.075744986234234" lon="116.33786237140745">
        <ele>45.1</ele>
        <time>2026-08-18T12:17:31.803Z</time>
      </trkpt>
      <trkpt lat="40.07576773082139" lon="116.3378690383616">
        <ele>45.0</ele>
        <time>2026-08-18T12:17:32.803Z</time>
      </trkpt>
      <trkpt lat="40.0757907854317" lon="116.3378740376204">
        <ele>45.0</ele>
        <time>2026-08-18T12:17:33.803Z</time>
      </trkpt>
      <trkpt lat="40.075814180694344" lon="116.33787725887608">
        <ele>44.9</ele>
        <time>2026-08-18T12:17:34.803Z</time>
      </trkpt>
      <trkpt lat="40.07583780580524" lon="116.3378785160114">
        <ele>44.8</ele>
        <time>2026-08-18T12:17:35.803Z</time>
      </trkpt>
      <trkpt lat="40.07586145078711" lon="116.33787722764552">
        <ele>44.8</ele>
        <time>2026-08-18T12:17:36.803Z</time>
      </trkpt>
      <trkpt lat="40.075885059530286" lon="116.33787430765801">
        <ele>44.7</ele>
        <time>2026-08-18T12:17:37.803Z</time>
      </trkpt>
      <trkpt lat="40.075908632922825" lon="116.33787146269584">
        <ele>44.6</ele>
        <time>2026-08-18T12:17:38.803Z</time>
      </trkpt>
      <trkpt lat="40.075932093016704" lon="116.33786920093857">
        <ele>44.6</ele>
        <time>2026-08-18T12:17:39.803Z</time>
      </trkpt>
      <trkpt lat="40.07595527482792" lon="116.33786768424255">
        <ele>44.5</ele>
        <time>2026-08-18T12:17:40.803Z</time>
      </trkpt>
      <trkpt lat="40.07597813872837" lon="116.33786655755182">
        <ele>44.4</ele>
        <time>2026-08-18T12:17:41.803Z</time>
      </trkpt>
      <trkpt lat="40.0760006916526" lon="116.33786508627078">
        <ele>44.4</ele>
        <time>2026-08-18T12:17:42.803Z</time>
      </trkpt>
      <trkpt lat="40.07602308772374" lon="116.33786327539015">
        <ele>44.3</ele>
        <time>2026-08-18T12:17:43.803Z</time>
      </trkpt>
      <trkpt lat="40.076045490529005" lon="116.33786132156456">
        <ele>44.2</ele>
        <time>2026-08-18T12:17:44.803Z</time>
      </trkpt>
      <trkpt lat="40.07606783219288" lon="116.3378590156254">
        <ele>44.2</ele>
        <time>2026-08-18T12:17:45.803Z</time>
      </trkpt>
      <trkpt lat="40.076090050676264" lon="116.33785615567322">
        <ele>44.1</ele>
        <time>2026-08-18T12:17:46.803Z</time>
      </trkpt>
      <trkpt lat="40.07611224207814" lon="116.33785331878072">
        <ele>44.1</ele>
        <time>2026-08-18T12:17:47.803Z</time>
      </trkpt>
      <trkpt lat="40.076134455769775" lon="116.33785102403549">
        <ele>44.0</ele>
        <time>2026-08-18T12:17:48.803Z</time>
      </trkpt>
      <trkpt lat="40.07615656710458" lon="116.3378489643056">
        <ele>44.0</ele>
        <time>2026-08-18T12:17:49.803Z</time>
      </trkpt>
      <trkpt lat="40.076178609020396" lon="116.33784740493277">
        <ele>44.0</ele>
        <time>2026-08-18T12:17:50.803Z</time>
      </trkpt>
      <trkpt lat="40.07620079370307" lon="116.33784693160752">
        <ele>43.9</ele>
        <time>2026-08-18T12:17:51.803Z</time>
      </trkpt>
      <trkpt lat="40.0762231903992" lon="116.33784706250279">
        <ele>43.9</ele>
        <time>2026-08-18T12:17:52.803Z</time>
      </trkpt>
      <trkpt lat="40.07624583163508" lon="116.33784679719055">
        <ele>43.9</ele>
        <time>2026-08-18T12:17:53.803Z</time>
      </trkpt>
      <trkpt lat="40.07626873103181" lon="116.33784619228035">
        <ele>43.9</ele>
        <time>2026-08-18T12:17:54.803Z</time>
      </trkpt>
      <trkpt lat="40.07629197474442" lon="116.33784559269404">
        <ele>43.9</ele>
        <time>2026-08-18T12:17:55.803Z</time>
      </trkpt>
      <trkpt lat="40.07631569311076" lon="116.33784503942447">
        <ele>43.9</ele>
        <time>2026-08-18T12:17:56.803Z</time>
      </trkpt>
      <trkpt lat="40.0763398338075" lon="116.33784412513677">
        <ele>43.9</ele>
        <time>2026-08-18T12:17:57.803Z</time>
      </trkpt>
      <trkpt lat="40.076364367109484" lon="116.33784288521318">
        <ele>43.9</ele>
        <time>2026-08-18T12:17:58.803Z</time>
      </trkpt>
      <trkpt lat="40.07638938324087" lon="116.33784188911454">
        <ele>43.9</ele>
        <time>2026-08-18T12:17:59.803Z</time>
      </trkpt>
      <trkpt lat="40.07641494602016" lon="116.33784086126953">
        <ele>43.9</ele>
        <time>2026-08-18T12:18:00.803Z</time>
      </trkpt>
      <trkpt lat="40.076441077558044" lon="116.33783958384086">
        <ele>43.9</ele>
        <time>2026-08-18T12:18:01.803Z</time>
      </trkpt>
      <trkpt lat="40.07646760401383" lon="116.33783837094562">
        <ele>44.0</ele>
        <time>2026-08-18T12:18:02.803Z</time>
      </trkpt>
      <trkpt lat="40.076494292655426" lon="116.3378373026223">
        <ele>44.0</ele>
        <time>2026-08-18T12:18:03.803Z</time>
      </trkpt>
      <trkpt lat="40.07652118421528" lon="116.33783663677397">
        <ele>44.0</ele>
        <time>2026-08-18T12:18:04.803Z</time>
      </trkpt>
      <trkpt lat="40.076548360972495" lon="116.33783711424587">
        <ele>44.0</ele>
        <time>2026-08-18T12:18:05.803Z</time>
      </trkpt>
      <trkpt lat="40.07657574728325" lon="116.33783820414862">
        <ele>44.0</ele>
        <time>2026-08-18T12:18:06.803Z</time>
      </trkpt>
      <trkpt lat="40.07660308343253" lon="116.33783731787162">
        <ele>44.1</ele>
        <time>2026-08-18T12:18:07.803Z</time>
      </trkpt>
      <trkpt lat="40.076630159091096" lon="116.33783392329589">
        <ele>44.1</ele>
        <time>2026-08-18T12:18:08.803Z</time>
      </trkpt>
      <trkpt lat="40.076656893172455" lon="116.33782870752427">
        <ele>44.1</ele>
        <time>2026-08-18T12:18:09.802Z</time>
      </trkpt>
      <trkpt lat="40.076683321526716" lon="116.33782120492975">
        <ele>44.1</ele>
        <time>2026-08-18T12:18:10.803Z</time>
      </trkpt>
      <trkpt lat="40.07670939124691" lon="116.3378118076606">
        <ele>44.1</ele>
        <time>2026-08-18T12:18:11.803Z</time>
      </trkpt>
      <trkpt lat="40.0767350142816" lon="116.3378003960241">
        <ele>44.1</ele>
        <time>2026-08-18T12:18:12.803Z</time>
      </trkpt>
      <trkpt lat="40.07676001932165" lon="116.33778634587638">
        <ele>44.1</ele>
        <time>2026-08-18T12:18:13.803Z</time>
      </trkpt>
      <trkpt lat="40.07678441194093" lon="116.33776992303093">
        <ele>44.1</ele>
        <time>2026-08-18T12:18:14.803Z</time>
      </trkpt>
      <trkpt lat="40.07680807215984" lon="116.33775146365926">
        <ele>44.1</ele>
        <time>2026-08-18T12:18:15.803Z</time>
      </trkpt>
      <trkpt lat="40.07683071730713" lon="116.33773084297907">
        <ele>44.1</ele>
        <time>2026-08-18T12:18:16.803Z</time>
      </trkpt>
      <trkpt lat="40.07685199368981" lon="116.3377079609904">
        <ele>44.1</ele>
        <time>2026-08-18T12:18:17.803Z</time>
      </trkpt>
      <trkpt lat="40.07687157783837" lon="116.33768265024689">
        <ele>44.1</ele>
        <time>2026-08-18T12:18:18.803Z</time>
      </trkpt>
      <trkpt lat="40.07688981159767" lon="116.33765562504274">
        <ele>44.1</ele>
        <time>2026-08-18T12:18:19.803Z</time>
      </trkpt>
      <trkpt lat="40.076907159667144" lon="116.33762751322345">
        <ele>44.1</ele>
        <time>2026-08-18T12:18:20.803Z</time>
      </trkpt>
      <trkpt lat="40.0769233465779" lon="116.33759807757941">
        <ele>44.1</ele>
        <time>2026-08-18T12:18:21.803Z</time>
      </trkpt>
      <trkpt lat="40.076937984597336" lon="116.33756706069747">
        <ele>44.1</ele>
        <time>2026-08-18T12:18:22.802Z</time>
      </trkpt>
      <trkpt lat="40.07695087798597" lon="116.3375345953973">
        <ele>44.1</ele>
        <time>2026-08-18T12:18:23.803Z</time>
      </trkpt>
      <trkpt lat="40.07696182688837" lon="116.33750102264352">
        <ele>44.1</ele>
        <time>2026-08-18T12:18:24.803Z</time>
      </trkpt>
      <trkpt lat="40.076970655995744" lon="116.33746641433719">
        <ele>44.1</ele>
        <time>2026-08-18T12:18:25.803Z</time>
      </trkpt>
      <trkpt lat="40.07697744670686" lon="116.33743096148687">
        <ele>44.1</ele>
        <time>2026-08-18T12:18:26.803Z</time>
      </trkpt>
      <trkpt lat="40.0769824470022" lon="116.33739507038477">
        <ele>44.0</ele>
        <time>2026-08-18T12:18:27.803Z</time>
      </trkpt>
      <trkpt lat="40.076986017801254" lon="116.33735917180041">
        <ele>44.0</ele>
        <time>2026-08-18T12:18:28.803Z</time>
      </trkpt>
      <trkpt lat="40.07698782541955" lon="116.3373234158466">
        <ele>44.0</ele>
        <time>2026-08-18T12:18:29.802Z</time>
      </trkpt>
      <trkpt lat="40.076987308721314" lon="116.33728800773356">
        <ele>44.0</ele>
        <time>2026-08-18T12:18:30.803Z</time>
      </trkpt>
      <trkpt lat="40.07698441455787" lon="116.33725304853903">
        <ele>44.0</ele>
        <time>2026-08-18T12:18:31.803Z</time>
      </trkpt>
      <trkpt lat="40.07697951331314" lon="116.3372182983832">
        <ele>44.0</ele>
        <time>2026-08-18T12:18:32.803Z</time>
      </trkpt>
      <trkpt lat="40.07697322109338" lon="116.33718366583857">
        <ele>44.0</ele>
        <time>2026-08-18T12:18:33.802Z</time>
      </trkpt>
      <trkpt lat="40.07696580532918" lon="116.33714943857636">
        <ele>44.0</ele>
        <time>2026-08-18T12:18:34.803Z</time>
      </trkpt>
      <trkpt lat="40.07695682635377" lon="116.33711637783694">
        <ele>44.1</ele>
        <time>2026-08-18T12:18:35.803Z</time>
      </trkpt>
      <trkpt lat="40.07694583443025" lon="116.33708491419125">
        <ele>44.1</ele>
        <time>2026-08-18T12:18:36.802Z</time>
      </trkpt>
      <trkpt lat="40.07693298016994" lon="116.33705511473057">
        <ele>44.1</ele>
        <time>2026-08-18T12:18:37.802Z</time>
      </trkpt>
      <trkpt lat="40.0769182577635" lon="116.33702723926523">
        <ele>44.1</ele>
        <time>2026-08-18T12:18:38.803Z</time>
      </trkpt>
      <trkpt lat="40.076901740184915" lon="116.33700150827359">
        <ele>44.1</ele>
        <time>2026-08-18T12:18:39.802Z</time>
      </trkpt>
      <trkpt lat="40.076883641994385" lon="116.33697777126311">
        <ele>44.1</ele>
        <time>2026-08-18T12:18:40.802Z</time>
      </trkpt>
      <trkpt lat="40.076864360847075" lon="116.33695580359442">
        <ele>44.2</ele>
        <time>2026-08-18T12:18:41.803Z</time>
      </trkpt>
      <trkpt lat="40.076843632850455" lon="116.33693603910518">
        <ele>44.2</ele>
        <time>2026-08-18T12:18:42.802Z</time>
      </trkpt>
      <trkpt lat="40.07682124715716" lon="116.3369184174521">
        <ele>44.2</ele>
        <time>2026-08-18T12:18:43.803Z</time>
      </trkpt>
      <trkpt lat="40.07679781534484" lon="116.33690227889473">
        <ele>44.3</ele>
        <time>2026-08-18T12:18:44.803Z</time>
      </trkpt>
      <trkpt lat="40.076773682290664" lon="116.33688784955412">
        <ele>44.3</ele>
        <time>2026-08-18T12:18:45.803Z</time>
      </trkpt>
      <trkpt lat="40.07674902885679" lon="116.33687601945843">
        <ele>44.3</ele>
        <time>2026-08-18T12:18:46.803Z</time>
      </trkpt>
      <trkpt lat="40.076723683950185" lon="116.33686723895079">
        <ele>44.4</ele>
        <time>2026-08-18T12:18:47.803Z</time>
      </trkpt>
      <trkpt lat="40.076697537470196" lon="116.3368613905375">
        <ele>44.4</ele>
        <time>2026-08-18T12:18:48.802Z</time>
      </trkpt>
      <trkpt lat="40.076670809168185" lon="116.33685863514596">
        <ele>44.5</ele>
        <time>2026-08-18T12:18:49.802Z</time>
      </trkpt>
      <trkpt lat="40.076643911648056" lon="116.33685826106733">
        <ele>44.5</ele>
        <time>2026-08-18T12:18:50.803Z</time>
      </trkpt>
      <trkpt lat="40.076617143406516" lon="116.33685937631172">
        <ele>44.5</ele>
        <time>2026-08-18T12:18:51.802Z</time>
      </trkpt>
      <trkpt lat="40.07659042109863" lon="116.33686213898345">
        <ele>44.6</ele>
        <time>2026-08-18T12:18:52.803Z</time>
      </trkpt>
      <trkpt lat="40.07656361457047" lon="116.33686643214641">
        <ele>44.6</ele>
        <time>2026-08-18T12:18:53.803Z</time>
      </trkpt>
      <trkpt lat="40.07653664139733" lon="116.33687079370425">
        <ele>44.7</ele>
        <time>2026-08-18T12:18:54.802Z</time>
      </trkpt>
      <trkpt lat="40.07650957904209" lon="116.33687446995891">
        <ele>44.7</ele>
        <time>2026-08-18T12:18:55.802Z</time>
      </trkpt>
      <trkpt lat="40.076482534307125" lon="116.33687790412193">
        <ele>44.7</ele>
        <time>2026-08-18T12:18:56.802Z</time>
      </trkpt>
      <trkpt lat="40.076455418693286" lon="116.33688155832874">
        <ele>44.8</ele>
        <time>2026-08-18T12:18:57.802Z</time>
      </trkpt>
      <trkpt lat="40.076428401786856" lon="116.33688567770294">
        <ele>44.8</ele>
        <time>2026-08-18T12:18:58.802Z</time>
      </trkpt>
      <trkpt lat="40.076401777165614" lon="116.33689033072113">
        <ele>44.8</ele>
        <time>2026-08-18T12:18:59.802Z</time>
      </trkpt>
      <trkpt lat="40.07637563527997" lon="116.33689506160147">
        <ele>44.9</ele>
        <time>2026-08-18T12:19:00.802Z</time>
      </trkpt>
      <trkpt lat="40.07634978834807" lon="116.3368987921693">
        <ele>44.9</ele>
        <time>2026-08-18T12:19:01.803Z</time>
      </trkpt>
      <trkpt lat="40.07632407406399" lon="116.33690129968603">
        <ele>44.9</ele>
        <time>2026-08-18T12:19:02.803Z</time>
      </trkpt>
      <trkpt lat="40.07629846725712" lon="116.3369032580233">
        <ele>45.0</ele>
        <time>2026-08-18T12:19:03.802Z</time>
      </trkpt>
      <trkpt lat="40.0762731914451" lon="116.33690551441161">
        <ele>45.0</ele>
        <time>2026-08-18T12:19:04.802Z</time>
      </trkpt>
      <trkpt lat="40.076248221071914" lon="116.33690760180352">
        <ele>45.0</ele>
        <time>2026-08-18T12:19:05.802Z</time>
      </trkpt>
      <trkpt lat="40.07622334752394" lon="116.33690880130875">
        <ele>45.0</ele>
        <time>2026-08-18T12:19:06.802Z</time>
      </trkpt>
      <trkpt lat="40.076198521384654" lon="116.33690977788343">
        <ele>45.1</ele>
        <time>2026-08-18T12:19:07.802Z</time>
      </trkpt>
      <trkpt lat="40.076173771760644" lon="116.33691133594239">
        <ele>45.1</ele>
        <time>2026-08-18T12:19:08.802Z</time>
      </trkpt>
      <trkpt lat="40.076148971540924" lon="116.3369130730508">
        <ele>45.1</ele>
        <time>2026-08-18T12:19:09.803Z</time>
      </trkpt>
      <trkpt lat="40.0761239953899" lon="116.33691410420666">
        <ele>45.1</ele>
        <time>2026-08-18T12:19:10.802Z</time>
      </trkpt>
      <trkpt lat="40.07609890797134" lon="116.33691450694324">
        <ele>45.2</ele>
        <time>2026-08-18T12:19:11.803Z</time>
      </trkpt>
      <trkpt lat="40.07607390546683" lon="116.33691514004235">
        <ele>45.2</ele>
        <time>2026-08-18T12:19:12.802Z</time>
      </trkpt>
      <trkpt lat="40.076049073365624" lon="116.33691596840033">
        <ele>45.2</ele>
        <time>2026-08-18T12:19:13.802Z</time>
      </trkpt>
      <trkpt lat="40.07602445088945" lon="116.33691639759644">
        <ele>45.2</ele>
        <time>2026-08-18T12:19:14.802Z</time>
      </trkpt>
      <trkpt lat="40.07599980513785" lon="116.33691635954555">
        <ele>45.2</ele>
        <time>2026-08-18T12:19:15.802Z</time>
      </trkpt>
      <trkpt lat="40.07597500879123" lon="116.33691642487504">
        <ele>45.3</ele>
        <time>2026-08-18T12:19:16.802Z</time>
      </trkpt>
      <trkpt lat="40.07595010121058" lon="116.33691727689987">
        <ele>45.3</ele>
        <time>2026-08-18T12:19:17.802Z</time>
      </trkpt>
      <trkpt lat="40.07592505789669" lon="116.3369183371365">
        <ele>45.3</ele>
        <time>2026-08-18T12:19:18.802Z</time>
      </trkpt>
      <trkpt lat="40.07589993725119" lon="116.33691955756332">
        <ele>45.3</ele>
        <time>2026-08-18T12:19:19.802Z</time>
        <extensions>
          <gpxtpx:TrackPointExtension>
            <gpxtpx:hr>165</gpxtpx:hr>
          </gpxtpx:TrackPointExtension>
        </extensions>
      </trkpt>
      <trkpt lat="40.07587474615349" lon="116.33692062450945">
        <ele>45.3</ele>
        <time>2026-08-18T12:19:20.802Z</time>
        <extensions>
          <gpxtpx:TrackPointExtension>
            <gpxtpx:hr>165</gpxtpx:hr>
          </gpxtpx:TrackPointExtension>
        </extensions>
      </trkpt>
      <trkpt lat="40.07584946374707" lon="116.33692088034753">
        <ele>45.3</ele>
        <time>2026-08-18T12:19:21.802Z</time>
        <extensions>
          <gpxtpx:TrackPointExtension>
            <gpxtpx:hr>165</gpxtpx:hr>
          </gpxtpx:TrackPointExtension>
        </extensions>
      </trkpt>
      <trkpt lat="40.0758242379319" lon="116.33692107253354">
        <ele>45.3</ele>
        <time>2026-08-18T12:19:22.802Z</time>
        <extensions>
          <gpxtpx:TrackPointExtension>
            <gpxtpx:hr>165</gpxtpx:hr>
          </gpxtpx:TrackPointExtension>
        </extensions>
      </trkpt>
      <trkpt lat="40.07579924486002" lon="116.33692168406627">
        <ele>45.3</ele>
        <time>2026-08-18T12:19:23.802Z</time>
        <extensions>
          <gpxtpx:TrackPointExtension>
            <gpxtpx:hr>165</gpxtpx:hr>
          </gpxtpx:TrackPointExtension>
        </extensions>
      </trkpt>
      <trkpt lat="40.07577452783918" lon="116.33692301317623">
        <ele>45.3</ele>
        <time>2026-08-18T12:19:24.802Z</time>
        <extensions>
          <gpxtpx:TrackPointExtension>
            <gpxtpx:hr>165</gpxtpx:hr>
          </gpxtpx:TrackPointExtension>
        </extensions>
      </trkpt>
      <trkpt lat="40.0757500532042" lon="116.3369254309208">
        <ele>45.4</ele>
        <time>2026-08-18T12:19:25.802Z</time>
        <extensions>
          <gpxtpx:TrackPointExtension>
            <gpxtpx:hr>165</gpxtpx:hr>
          </gpxtpx:TrackPointExtension>
        </extensions>
      </trkpt>
      <trkpt lat="40.07572576315891" lon="116.33692932283573">
        <ele>45.4</ele>
        <time>2026-08-18T12:19:26.802Z</time>
        <extensions>
          <gpxtpx:TrackPointExtension>
            <gpxtpx:hr>165</gpxtpx:hr>
          </gpxtpx:TrackPointExtension>
        </extensions>
      </trkpt>
      <trkpt lat="40.07570173693191" lon="116.33693541568591">
        <ele>45.4</ele>
        <time>2026-08-18T12:19:27.803Z</time>
        <extensions>
          <gpxtpx:TrackPointExtension>
            <gpxtpx:hr>165</gpxtpx:hr>
          </gpxtpx:TrackPointExtension>
        </extensions>
      </trkpt>
      <trkpt lat="40.075678279736714" lon="116.33694423909806">
        <ele>45.4</ele>
        <time>2026-08-18T12:19:28.802Z</time>
        <extensions>
          <gpxtpx:TrackPointExtension>
            <gpxtpx:hr>165</gpxtpx:hr>
          </gpxtpx:TrackPointExtension>
        </extensions>
      </trkpt>
      <trkpt lat="40.07565542572947" lon="116.33695533227599">
        <ele>45.4</ele>
        <time>2026-08-18T12:19:29.801Z</time>
        <extensions>
          <gpxtpx:TrackPointExtension>
            <gpxtpx:hr>165</gpxtpx:hr>
          </gpxtpx:TrackPointExtension>
        </extensions>
      </trkpt>
      <trkpt lat="40.07563326240777" lon="116.33696834360111">
        <ele>45.5</ele>
        <time>2026-08-18T12:19:30.802Z</time>
        <extensions>
          <gpxtpx:TrackPointExtension>
            <gpxtpx:hr>165</gpxtpx:hr>
          </gpxtpx:TrackPointExtension>
        </extensions>
      </trkpt>
      <trkpt lat="40.07561235464979" lon="116.33698382520407">
        <ele>45.5</ele>
        <time>2026-08-18T12:19:31.803Z</time>
        <extensions>
          <gpxtpx:TrackPointExtension>
            <gpxtpx:hr>165</gpxtpx:hr>
          </gpxtpx:TrackPointExtension>
        </extensions>
      </trkpt>
      <trkpt lat="40.075593128605355" lon="116.33700222050113">
        <ele>45.5</ele>
        <time>2026-08-18T12:19:32.802Z</time>
        <extensions>
          <gpxtpx:TrackPointExtension>
            <gpxtpx:hr>165</gpxtpx:hr>
          </gpxtpx:TrackPointExtension>
        </extensions>
      </trkpt>
      <trkpt lat="40.07557548707366" lon="116.33702319340205">
        <ele>45.6</ele>
        <time>2026-08-18T12:19:33.802Z</time>
        <extensions>
          <gpxtpx:TrackPointExtension>
            <gpxtpx:hr>165</gpxtpx:hr>
          </gpxtpx:TrackPointExtension>
        </extensions>
      </trkpt>
      <trkpt lat="40.07555906596137" lon="116.33704598905035">
        <ele>45.6</ele>
        <time>2026-08-18T12:19:34.802Z</time>
        <extensions>
          <gpxtpx:TrackPointExtension>
            <gpxtpx:hr>165</gpxtpx:hr>
          </gpxtpx:TrackPointExtension>
        </extensions>
      </trkpt>
      <trkpt lat="40.075544092549734" lon="116.337070819962">
        <ele>45.6</ele>
        <time>2026-08-18T12:19:35.803Z</time>
        <extensions>
          <gpxtpx:TrackPointExtension>
            <gpxtpx:hr>165</gpxtpx:hr>
          </gpxtpx:TrackPointExtension>
        </extensions>
      </trkpt>
      <trkpt lat="40.075530832697204" lon="116.33709798338518">
        <ele>45.6</ele>
        <time>2026-08-18T12:19:36.802Z</time>
        <extensions>
          <gpxtpx:TrackPointExtension>
            <gpxtpx:hr>165</gpxtpx:hr>
          </gpxtpx:TrackPointExtension>
        </extensions>
      </trkpt>
      <trkpt lat="40.075519066527384" lon="116.33712715027086">
        <ele>45.6</ele>
        <time>2026-08-18T12:19:37.802Z</time>
        <extensions>
          <gpxtpx:TrackPointExtension>
            <gpxtpx:hr>165</gpxtpx:hr>
          </gpxtpx:TrackPointExtension>
        </extensions>
      </trkpt>
      <trkpt lat="40.0755085079412" lon="116.33715769235641">
        <ele>45.6</ele>
        <time>2026-08-18T12:19:38.802Z</time>
        <extensions>
          <gpxtpx:TrackPointExtension>
            <gpxtpx:hr>165</gpxtpx:hr>
          </gpxtpx:TrackPointExtension>
        </extensions>
      </trkpt>
      <trkpt lat="40.075498729212384" lon="116.33718916164553">
        <ele>45.6</ele>
        <time>2026-08-18T12:19:39.802Z</time>
        <extensions>
          <gpxtpx:TrackPointExtension>
            <gpxtpx:hr>165</gpxtpx:hr>
          </gpxtpx:TrackPointExtension>
        </extensions>
      </trkpt>
      <trkpt lat="40.075489886266695" lon="116.33722148484037">
        <ele>45.6</ele>
        <time>2026-08-18T12:19:40.802Z</time>
        <extensions>
          <gpxtpx:TrackPointExtension>
            <gpxtpx:hr>165</gpxtpx:hr>
          </gpxtpx:TrackPointExtension>
        </extensions>
      </trkpt>
      <trkpt lat="40.07548249626104" lon="116.33725472456521">
        <ele>45.6</ele>
        <time>2026-08-18T12:19:41.802Z</time>
        <extensions>
          <gpxtpx:TrackPointExtension>
            <gpxtpx:hr>165</gpxtpx:hr>
          </gpxtpx:TrackPointExtension>
        </extensions>
      </trkpt>
      <trkpt lat="40.07547649957514" lon="116.33728870201003">
        <ele>45.6</ele>
        <time>2026-08-18T12:19:42.802Z</time>
        <extensions>
          <gpxtpx:TrackPointExtension>
            <gpxtpx:hr>165</gpxtpx:hr>
          </gpxtpx:TrackPointExtension>
        </extensions>
      </trkpt>
      <trkpt lat="40.07547157422424" lon="116.33732312521876">
        <ele>45.6</ele>
        <time>2026-08-18T12:19:43.802Z</time>
        <extensions>
          <gpxtpx:TrackPointExtension>
            <gpxtpx:hr>165</gpxtpx:hr>
          </gpxtpx:TrackPointExtension>
        </extensions>
      </trkpt>
      <trkpt lat="40.07546831220021" lon="116.33735795849007">
        <ele>45.6</ele>
        <time>2026-08-18T12:19:44.802Z</time>
        <extensions>
          <gpxtpx:TrackPointExtension>
            <gpxtpx:hr>165</gpxtpx:hr>
          </gpxtpx:TrackPointExtension>
        </extensions>
      </trkpt>
      <trkpt lat="40.075467342278756" lon="116.33739323988169">
        <ele>45.5</ele>
        <time>2026-08-18T12:19:45.802Z</time>
        <extensions>
          <gpxtpx:TrackPointExtension>
            <gpxtpx:hr>165</gpxtpx:hr>
          </gpxtpx:TrackPointExtension>
        </extensions>
      </trkpt>
      <trkpt lat="40.075468699707116" lon="116.33742868950843">
        <ele>45.5</ele>
        <time>2026-08-18T12:19:46.802Z</time>
        <extensions>
          <gpxtpx:TrackPointExtension>
            <gpxtpx:hr>165</gpxtpx:hr>
          </gpxtpx:TrackPointExtension>
        </extensions>
      </trkpt>
      <trkpt lat="40.075472477815204" lon="116.33746388422881">
        <ele>45.5</ele>
        <time>2026-08-18T12:19:47.802Z</time>
        <extensions>
          <gpxtpx:TrackPointExtension>
            <gpxtpx:hr>165</gpxtpx:hr>
          </gpxtpx:TrackPointExtension>
        </extensions>
      </trkpt>
      <trkpt lat="40.075478997381964" lon="116.33749826753638">
        <ele>45.4</ele>
        <time>2026-08-18T12:19:48.802Z</time>
        <extensions>
          <gpxtpx:TrackPointExtension>
            <gpxtpx:hr>165</gpxtpx:hr>
          </gpxtpx:TrackPointExtension>
        </extensions>
      </trkpt>
      <trkpt lat="40.07548850483869" lon="116.33753138036663">
        <ele>45.4</ele>
        <time>2026-08-18T12:19:49.802Z</time>
      </trkpt>
      <trkpt lat="40.075500731466086" lon="116.33756310735137">
        <ele>45.4</ele>
        <time>2026-08-18T12:19:50.802Z</time>
      </trkpt>
      <trkpt lat="40.07551474369831" lon="116.33759400482352">
        <ele>45.3</ele>
        <time>2026-08-18T12:19:51.802Z</time>
      </trkpt>
      <trkpt lat="40.075529936004614" lon="116.33762433318026">
        <ele>45.3</ele>
        <time>2026-08-18T12:19:52.802Z</time>
      </trkpt>
      <trkpt lat="40.07554578359012" lon="116.33765403652137">
        <ele>45.3</ele>
        <time>2026-08-18T12:19:53.802Z</time>
      </trkpt>
      <trkpt lat="40.075561782077955" lon="116.33768312049052">
        <ele>45.2</ele>
        <time>2026-08-18T12:19:54.802Z</time>
      </trkpt>
      <trkpt lat="40.07557846877895" lon="116.33771076092368">
        <ele>45.2</ele>
        <time>2026-08-18T12:19:55.802Z</time>
      </trkpt>
      <trkpt lat="40.075596429763245" lon="116.33773613466437">
        <ele>45.1</ele>
        <time>2026-08-18T12:19:56.802Z</time>
      </trkpt>
      <trkpt lat="40.07561547269049" lon="116.33775955946861">
        <ele>45.1</ele>
        <time>2026-08-18T12:19:57.802Z</time>
      </trkpt>
      <trkpt lat="40.07563542664819" lon="116.33778139011702">
        <ele>45.0</ele>
        <time>2026-08-18T12:19:58.802Z</time>
      </trkpt>
      <trkpt lat="40.075656588944085" lon="116.33780100197077">
        <ele>45.0</ele>
        <time>2026-08-18T12:19:59.802Z</time>
      </trkpt>
      <trkpt lat="40.075679137834165" lon="116.33781789591725">
        <ele>44.9</ele>
        <time>2026-08-18T12:20:00.802Z</time>
      </trkpt>
      <trkpt lat="40.07570263937135" lon="116.33783245281163">
        <ele>44.8</ele>
        <time>2026-08-18T12:20:01.802Z</time>
      </trkpt>
      <trkpt lat="40.075726637912815" lon="116.33784517169391">
        <ele>44.8</ele>
        <time>2026-08-18T12:20:02.802Z</time>
      </trkpt>
      <trkpt lat="40.07575095143575" lon="116.33785556716123">
        <ele>44.7</ele>
        <time>2026-08-18T12:20:03.802Z</time>
      </trkpt>
      <trkpt lat="40.07577539658357" lon="116.33786357377669">
        <ele>44.7</ele>
        <time>2026-08-18T12:20:04.802Z</time>
      </trkpt>
      <trkpt lat="40.07579982790931" lon="116.33786946726262">
        <ele>44.6</ele>
        <time>2026-08-18T12:20:05.802Z</time>
      </trkpt>
      <trkpt lat="40.075824236051254" lon="116.33787266178528">
        <ele>44.5</ele>
        <time>2026-08-18T12:20:06.802Z</time>
      </trkpt>
      <trkpt lat="40.07584856486612" lon="116.337872883736">
        <ele>44.5</ele>
        <time>2026-08-18T12:20:07.802Z</time>
      </trkpt>
      <trkpt lat="40.07587260711336" lon="116.33787111333835">
        <ele>44.4</ele>
        <time>2026-08-18T12:20:08.802Z</time>
      </trkpt>
      <trkpt lat="40.075896360128276" lon="116.33786880116389">
        <ele>44.3</ele>
        <time>2026-08-18T12:20:09.802Z</time>
      </trkpt>
      <trkpt lat="40.075919969815935" lon="116.3378666176466">
        <ele>44.3</ele>
        <time>2026-08-18T12:20:10.802Z</time>
      </trkpt>
      <trkpt lat="40.07594356101625" lon="116.33786464931391">
        <ele>44.2</ele>
        <time>2026-08-18T12:20:11.802Z</time>
      </trkpt>
      <trkpt lat="40.07596701781704" lon="116.3378629944416">
        <ele>44.2</ele>
        <time>2026-08-18T12:20:12.802Z</time>
      </trkpt>
      <trkpt lat="40.0759901626759" lon="116.33786113625634">
        <ele>44.1</ele>
        <time>2026-08-18T12:20:13.802Z</time>
      </trkpt>
      <trkpt lat="40.076012963445" lon="116.33785905601033">
        <ele>44.1</ele>
        <time>2026-08-18T12:20:14.802Z</time>
      </trkpt>
      <trkpt lat="40.07603558638649" lon="116.33785730191707">
        <ele>44.1</ele>
        <time>2026-08-18T12:20:15.802Z</time>
      </trkpt>
      <trkpt lat="40.07605816174576" lon="116.33785563962209">
        <ele>44.0</ele>
        <time>2026-08-18T12:20:16.802Z</time>
      </trkpt>
      <trkpt lat="40.07608093060541" lon="116.33785358051703">
        <ele>44.0</ele>
        <time>2026-08-18T12:20:17.802Z</time>
      </trkpt>
      <trkpt lat="40.0761039618249" lon="116.33785131330824">
        <ele>44.0</ele>
        <time>2026-08-18T12:20:18.802Z</time>
      </trkpt>
      <trkpt lat="40.07612713498524" lon="116.33784951322315">
        <ele>43.9</ele>
        <time>2026-08-18T12:20:19.802Z</time>
      </trkpt>
      <trkpt lat="40.07615036179091" lon="116.33784835225842">
        <ele>43.9</ele>
        <time>2026-08-18T12:20:20.802Z</time>
      </trkpt>
      <trkpt lat="40.07617355287785" lon="116.33784737460238">
        <ele>43.9</ele>
        <time>2026-08-18T12:20:21.802Z</time>
      </trkpt>
      <trkpt lat="40.076196753613715" lon="116.33784595072221">
        <ele>43.9</ele>
        <time>2026-08-18T12:20:22.802Z</time>
      </trkpt>
      <trkpt lat="40.07622012509069" lon="116.33784443396833">
        <ele>43.8</ele>
        <time>2026-08-18T12:20:23.802Z</time>
      </trkpt>
      <trkpt lat="40.076243833287116" lon="116.33784310463743">
        <ele>43.8</ele>
        <time>2026-08-18T12:20:24.802Z</time>
      </trkpt>
      <trkpt lat="40.076267780436375" lon="116.33784167653528">
        <ele>43.8</ele>
        <time>2026-08-18T12:20:25.802Z</time>
      </trkpt>
      <trkpt lat="40.07629188877712" lon="116.33784005031956">
        <ele>43.8</ele>
        <time>2026-08-18T12:20:26.802Z</time>
      </trkpt>
      <trkpt lat="40.076316094334565" lon="116.33783842533272">
        <ele>43.8</ele>
        <time>2026-08-18T12:20:27.802Z</time>
      </trkpt>
      <trkpt lat="40.07634034711842" lon="116.33783716569356">
        <ele>43.8</ele>
        <time>2026-08-18T12:20:28.802Z</time>
      </trkpt>
      <trkpt lat="40.076364604825294" lon="116.33783600764916">
        <ele>43.8</ele>
        <time>2026-08-18T12:20:29.802Z</time>
      </trkpt>
      <trkpt lat="40.076388865054206" lon="116.33783463949004">
        <ele>43.8</ele>
        <time>2026-08-18T12:20:30.802Z</time>
      </trkpt>
      <trkpt lat="40.076413101534314" lon="116.33783319947864">
        <ele>43.8</ele>
        <time>2026-08-18T12:20:31.802Z</time>
      </trkpt>
      <trkpt lat="40.076437387269536" lon="116.33783190720018">
        <ele>43.8</ele>
        <time>2026-08-18T12:20:32.802Z</time>
      </trkpt>
      <trkpt lat="40.07646191542573" lon="116.33783071630026">
        <ele>43.8</ele>
        <time>2026-08-18T12:20:33.802Z</time>
      </trkpt>
      <trkpt lat="40.07648679085506" lon="116.33782948839179">
        <ele>43.8</ele>
        <time>2026-08-18T12:20:34.802Z</time>
      </trkpt>
      <trkpt lat="40.0765117996383" lon="116.3378281256137">
        <ele>43.8</ele>
        <time>2026-08-18T12:20:35.802Z</time>
      </trkpt>
      <trkpt lat="40.07653674083142" lon="116.33782674566552">
        <ele>43.8</ele>
        <time>2026-08-18T12:20:36.802Z</time>
      </trkpt>
      <trkpt lat="40.07656169253875" lon="116.33782560846714">
        <ele>43.8</ele>
        <time>2026-08-18T12:20:37.802Z</time>
      </trkpt>
      <trkpt lat="40.07658673555794" lon="116.33782456490785">
        <ele>43.8</ele>
        <time>2026-08-18T12:20:38.802Z</time>
      </trkpt>
      <trkpt lat="40.07661189253826" lon="116.33782315729047">
        <ele>43.8</ele>
        <time>2026-08-18T12:20:39.802Z</time>
      </trkpt>
      <trkpt lat="40.07663711200315" lon="116.33782146290396">
        <ele>43.9</ele>
        <time>2026-08-18T12:20:40.802Z</time>
      </trkpt>
      <trkpt lat="40.07666218404331" lon="116.33781928286147">
        <ele>43.9</ele>
        <time>2026-08-18T12:20:41.802Z</time>
      </trkpt>
      <trkpt lat="40.0766868782326" lon="116.33781568726937">
        <ele>43.9</ele>
        <time>2026-08-18T12:20:42.802Z</time>
      </trkpt>
      <trkpt lat="40.07671104260435" lon="116.33780996428194">
        <ele>43.9</ele>
        <time>2026-08-18T12:20:43.802Z</time>
      </trkpt>
      <trkpt lat="40.07673458697291" lon="116.33780193272753">
        <ele>43.9</ele>
        <time>2026-08-18T12:20:44.802Z</time>
      </trkpt>
      <trkpt lat="40.07675751875189" lon="116.33779202910532">
        <ele>44.0</ele>
        <time>2026-08-18T12:20:45.802Z</time>
      </trkpt>
      <trkpt lat="40.076779819915025" lon="116.33778003803876">
        <ele>44.0</ele>
        <time>2026-08-18T12:20:46.801Z</time>
      </trkpt>
      <trkpt lat="40.076801230196374" lon="116.33776527035954">
        <ele>44.0</ele>
        <time>2026-08-18T12:20:47.802Z</time>
      </trkpt>
      <trkpt lat="40.076821549962226" lon="116.33774762231917">
        <ele>44.0</ele>
        <time>2026-08-18T12:20:48.802Z</time>
      </trkpt>
      <trkpt lat="40.07684112664533" lon="116.33772772785743">
        <ele>44.0</ele>
        <time>2026-08-18T12:20:49.802Z</time>
      </trkpt>
      <trkpt lat="40.07686020909421" lon="116.3377067394962">
        <ele>44.0</ele>
        <time>2026-08-18T12:20:50.802Z</time>
      </trkpt>
      <trkpt lat="40.07687858854333" lon="116.33768488023038">
        <ele>44.0</ele>
        <time>2026-08-18T12:20:51.802Z</time>
      </trkpt>
      <trkpt lat="40.076896081329615" lon="116.33766171237166">
        <ele>44.0</ele>
        <time>2026-08-18T12:20:52.802Z</time>
      </trkpt>
      <trkpt lat="40.07691271450303" lon="116.33763671680875">
        <ele>44.0</ele>
        <time>2026-08-18T12:20:53.802Z</time>
      </trkpt>
      <trkpt lat="40.07692822901161" lon="116.33760969810092">
        <ele>44.0</ele>
        <time>2026-08-18T12:20:54.802Z</time>
      </trkpt>
      <trkpt lat="40.0769424622572" lon="116.33758111302367">
        <ele>44.0</ele>
        <time>2026-08-18T12:20:55.802Z</time>
      </trkpt>
      <trkpt lat="40.07695533969263" lon="116.33755138595687">
        <ele>43.9</ele>
        <time>2026-08-18T12:20:56.802Z</time>
      </trkpt>
      <trkpt lat="40.07696634483857" lon="116.33752040753556">
        <ele>43.9</ele>
        <time>2026-08-18T12:20:57.802Z</time>
      </trkpt>
      <trkpt lat="40.076975392095726" lon="116.33748837829363">
        <ele>43.9</ele>
        <time>2026-08-18T12:20:58.801Z</time>
      </trkpt>
      <trkpt lat="40.076982728222966" lon="116.33745572123662">
        <ele>43.9</ele>
        <time>2026-08-18T12:20:59.801Z</time>
      </trkpt>
      <trkpt lat="40.076987952614104" lon="116.33742240974208">
        <ele>43.9</ele>
        <time>2026-08-18T12:21:00.802Z</time>
      </trkpt>
      <trkpt lat="40.076990872037555" lon="116.33738854500221">
        <ele>43.8</ele>
        <time>2026-08-18T12:21:01.802Z</time>
      </trkpt>
      <trkpt lat="40.07699204239606" lon="116.33735455337332">
        <ele>43.8</ele>
        <time>2026-08-18T12:21:02.801Z</time>
      </trkpt>
      <trkpt lat="40.076991660164694" lon="116.33732071072059">
        <ele>43.8</ele>
        <time>2026-08-18T12:21:03.802Z</time>
      </trkpt>
      <trkpt lat="40.07698961182697" lon="116.33728729619001">
        <ele>43.8</ele>
        <time>2026-08-18T12:21:04.802Z</time>
      </trkpt>
      <trkpt lat="40.07698621835804" lon="116.33725434597893">
        <ele>43.8</ele>
        <time>2026-08-18T12:21:05.802Z</time>
      </trkpt>
      <trkpt lat="40.07698141602263" lon="116.33722207505389">
        <ele>43.9</ele>
        <time>2026-08-18T12:21:06.802Z</time>
      </trkpt>
      <trkpt lat="40.076974878876165" lon="116.33719084501111">
        <ele>43.9</ele>
        <time>2026-08-18T12:21:07.802Z</time>
      </trkpt>
      <trkpt lat="40.076966345410504" lon="116.33716111429217">
        <ele>43.9</ele>
        <time>2026-08-18T12:21:08.802Z</time>
      </trkpt>
      <trkpt lat="40.07695556418321" lon="116.33713319680716">
        <ele>43.9</ele>
        <time>2026-08-18T12:21:09.801Z</time>
      </trkpt>
      <trkpt lat="40.07694307498757" lon="116.33710668983102">
        <ele>44.0</ele>
        <time>2026-08-18T12:21:10.802Z</time>
      </trkpt>
      <trkpt lat="40.0769295491407" lon="116.33708131681857">
        <ele>44.0</ele>
        <time>2026-08-18T12:21:11.802Z</time>
      </trkpt>
      <trkpt lat="40.076914845075905" lon="116.33705719569608">
        <ele>44.0</ele>
        <time>2026-08-18T12:21:12.801Z</time>
      </trkpt>
      <trkpt lat="40.076898943361954" lon="116.33703438743498">
        <ele>44.1</ele>
        <time>2026-08-18T12:21:13.802Z</time>
      </trkpt>
      <trkpt lat="40.07688214904284" lon="116.33701271646437">
        <ele>44.1</ele>
        <time>2026-08-18T12:21:14.802Z</time>
      </trkpt>
      <trkpt lat="40.076864651456454" lon="116.33699207991714">
        <ele>44.2</ele>
        <time>2026-08-18T12:21:15.802Z</time>
      </trkpt>
      <trkpt lat="40.076846484514085" lon="116.33697260638822">
        <ele>44.2</ele>
        <time>2026-08-18T12:21:16.802Z</time>
      </trkpt>
      <trkpt lat="40.076827442671544" lon="116.3369544427992">
        <ele>44.3</ele>
        <time>2026-08-18T12:21:17.802Z</time>
      </trkpt>
      <trkpt lat="40.076807123659826" lon="116.33693802306907">
        <ele>44.3</ele>
        <time>2026-08-18T12:21:18.802Z</time>
      </trkpt>
      <trkpt lat="40.07678538882599" lon="116.33692356447187">
        <ele>44.4</ele>
        <time>2026-08-18T12:21:19.801Z</time>
      </trkpt>
      <trkpt lat="40.07676253648978" lon="116.33691121644632">
        <ele>44.4</ele>
        <time>2026-08-18T12:21:20.801Z</time>
      </trkpt>
      <trkpt lat="40.076738909939564" lon="116.33690151421402">
        <ele>44.5</ele>
        <time>2026-08-18T12:21:21.802Z</time>
      </trkpt>
      <trkpt lat="40.07671463641157" lon="116.33689432550807">
        <ele>44.5</ele>
        <time>2026-08-18T12:21:22.801Z</time>
      </trkpt>
      <trkpt lat="40.07668965712561" lon="116.33688896485472">
        <ele>44.6</ele>
        <time>2026-08-18T12:21:23.802Z</time>
      </trkpt>
      <trkpt lat="40.07666410282573" lon="116.33688475429351">
        <ele>44.6</ele>
        <time>2026-08-18T12:21:24.802Z</time>
      </trkpt>
      <trkpt lat="40.07663819903455" lon="116.33688159466674">
        <ele>44.7</ele>
        <time>2026-08-18T12:21:25.802Z</time>
      </trkpt>
      <trkpt lat="40.07661231969478" lon="116.33687993105785">
        <ele>44.7</ele>
        <time>2026-08-18T12:21:26.802Z</time>
      </trkpt>
      <trkpt lat="40.07658659619497" lon="116.3368795946787">
        <ele>44.8</ele>
        <time>2026-08-18T12:21:27.801Z</time>
      </trkpt>
      <trkpt lat="40.076560849313296" lon="116.3368799010637">
        <ele>44.8</ele>
        <time>2026-08-18T12:21:28.802Z</time>
      </trkpt>
      <trkpt lat="40.07653491899683" lon="116.3368799225705">
        <ele>44.9</ele>
        <time>2026-08-18T12:21:29.801Z</time>
      </trkpt>
      <trkpt lat="40.076508866920776" lon="116.33687938664178">
        <ele>44.9</ele>
        <time>2026-08-18T12:21:30.802Z</time>
      </trkpt>
      <trkpt lat="40.076482871172544" lon="116.33687886088663">
        <ele>45.0</ele>
        <time>2026-08-18T12:21:31.802Z</time>
      </trkpt>
      <trkpt lat="40.07645699618029" lon="116.33687812038843">
        <ele>45.0</ele>
        <time>2026-08-18T12:21:32.802Z</time>
      </trkpt>
      <trkpt lat="40.07643124465414" lon="116.33687697896652">
        <ele>45.0</ele>
        <time>2026-08-18T12:21:33.801Z</time>
      </trkpt>
      <trkpt lat="40.07640538924343" lon="116.33687583110357">
        <ele>45.0</ele>
        <time>2026-08-18T12:21:34.802Z</time>
      </trkpt>
      <trkpt lat="40.076379384991114" lon="116.33687457957899">
        <ele>45.1</ele>
        <time>2026-08-18T12:21:35.802Z</time>
      </trkpt>
      <trkpt lat="40.076353598121315" lon="116.33687341419241">
        <ele>45.1</ele>
        <time>2026-08-18T12:21:36.801Z</time>
      </trkpt>
      <trkpt lat="40.0763282354927" lon="116.33687247184697">
        <ele>45.1</ele>
        <time>2026-08-18T12:21:37.801Z</time>
      </trkpt>
      <trkpt lat="40.07630313204927" lon="116.33687139349455">
        <ele>45.1</ele>
        <time>2026-08-18T12:21:38.801Z</time>
      </trkpt>
      <trkpt lat="40.07627812697619" lon="116.33687058986904">
        <ele>45.1</ele>
        <time>2026-08-18T12:21:39.802Z</time>
      </trkpt>
      <trkpt lat="40.076253227708406" lon="116.33687084011149">
        <ele>45.1</ele>
        <time>2026-08-18T12:21:40.802Z</time>
      </trkpt>
      <trkpt lat="40.076228439189855" lon="116.33687231691661">
        <ele>45.1</ele>
        <time>2026-08-18T12:21:41.801Z</time>
      </trkpt>
      <trkpt lat="40.076203664934546" lon="116.33687484240731">
        <ele>45.1</ele>
        <time>2026-08-18T12:21:42.802Z</time>
      </trkpt>
      <trkpt lat="40.07617898642275" lon="116.3368782005975">
        <ele>45.1</ele>
        <time>2026-08-18T12:21:43.801Z</time>
      </trkpt>
      <trkpt lat="40.07615441320338" lon="116.33688202102682">
        <ele>45.0</ele>
        <time>2026-08-18T12:21:44.802Z</time>
      </trkpt>
      <trkpt lat="40.07612981733359" lon="116.33688583279246">
        <ele>45.0</ele>
        <time>2026-08-18T12:21:45.801Z</time>
      </trkpt>
      <trkpt lat="40.076105218144455" lon="116.33688961916087">
        <ele>45.0</ele>
        <time>2026-08-18T12:21:46.802Z</time>
      </trkpt>
      <trkpt lat="40.07608078848646" lon="116.3368930753042">
        <ele>45.0</ele>
        <time>2026-08-18T12:21:47.801Z</time>
      </trkpt>
      <trkpt lat="40.07605644339082" lon="116.33689515632653">
        <ele>45.0</ele>
        <time>2026-08-18T12:21:48.801Z</time>
      </trkpt>
      <trkpt lat="40.07603208683952" lon="116.33689531818538">
        <ele>44.9</ele>
        <time>2026-08-18T12:21:49.801Z</time>
      </trkpt>
      <trkpt lat="40.07600770513651" lon="116.33689437558336">
        <ele>44.9</ele>
        <time>2026-08-18T12:21:50.801Z</time>
      </trkpt>
      <trkpt lat="40.075983310833706" lon="116.3368931973346">
        <ele>44.9</ele>
        <time>2026-08-18T12:21:51.802Z</time>
      </trkpt>
      <trkpt lat="40.075958711821414" lon="116.33689225315652">
        <ele>45.0</ele>
        <time>2026-08-18T12:21:52.801Z</time>
      </trkpt>
      <trkpt lat="40.0759337365351" lon="116.3368918849332">
        <ele>45.0</ele>
        <time>2026-08-18T12:21:53.801Z</time>
      </trkpt>
      <trkpt lat="40.075908627658116" lon="116.33689146378292">
        <ele>45.0</ele>
        <time>2026-08-18T12:21:54.801Z</time>
      </trkpt>
      <trkpt lat="40.07588353882369" lon="116.33689063096162">
        <ele>45.1</ele>
        <time>2026-08-18T12:21:55.801Z</time>
      </trkpt>
      <trkpt lat="40.07585852553088" lon="116.3368897373426">
        <ele>45.1</ele>
        <time>2026-08-18T12:21:56.802Z</time>
      </trkpt>
      <trkpt lat="40.07583347573472" lon="116.33688888065684">
        <ele>45.1</ele>
        <time>2026-08-18T12:21:57.801Z</time>
      </trkpt>
      <trkpt lat="40.075808342404706" lon="116.33688824545574">
        <ele>45.2</ele>
        <time>2026-08-18T12:21:58.801Z</time>
      </trkpt>
      <trkpt lat="40.07578339846586" lon="116.33688872780725">
        <ele>45.3</ele>
        <time>2026-08-18T12:21:59.801Z</time>
      </trkpt>
      <trkpt lat="40.075758909977495" lon="116.33689090396987">
        <ele>45.3</ele>
        <time>2026-08-18T12:22:00.802Z</time>
      </trkpt>
      <trkpt lat="40.07573495780809" lon="116.33689482562204">
        <ele>45.4</ele>
        <time>2026-08-18T12:22:01.801Z</time>
      </trkpt>
      <trkpt lat="40.075711626335725" lon="116.33690110026554">
        <ele>45.4</ele>
        <time>2026-08-18T12:22:02.801Z</time>
      </trkpt>
      <trkpt lat="40.07568904270333" lon="116.33691008979386">
        <ele>45.5</ele>
        <time>2026-08-18T12:22:03.801Z</time>
      </trkpt>
      <trkpt lat="40.075667418896124" lon="116.33692221486886">
        <ele>45.6</ele>
        <time>2026-08-18T12:22:04.802Z</time>
      </trkpt>
      <trkpt lat="40.07564649429406" lon="116.33693641391173">
        <ele>45.6</ele>
        <time>2026-08-18T12:22:05.801Z</time>
      </trkpt>
      <trkpt lat="40.075625918986994" lon="116.3369511895623">
        <ele>45.7</ele>
        <time>2026-08-18T12:22:06.801Z</time>
      </trkpt>
      <trkpt lat="40.07560613631662" lon="116.33696731783925">
        <ele>45.7</ele>
        <time>2026-08-18T12:22:07.802Z</time>
      </trkpt>
      <trkpt lat="40.07558772462152" lon="116.3369859227839">
        <ele>45.8</ele>
        <time>2026-08-18T12:22:08.801Z</time>
      </trkpt>
      <trkpt lat="40.07557112150536" lon="116.33700757128193">
        <ele>45.8</ele>
        <time>2026-08-18T12:22:09.802Z</time>
      </trkpt>
      <trkpt lat="40.075556548551" lon="116.33703228824216">
        <ele>45.9</ele>
        <time>2026-08-18T12:22:10.801Z</time>
      </trkpt>
      <trkpt lat="40.07554377170622" lon="116.3370595737362">
        <ele>45.9</ele>
        <time>2026-08-18T12:22:11.802Z</time>
      </trkpt>
      <trkpt lat="40.07553254129341" lon="116.33708877747428">
        <ele>45.9</ele>
        <time>2026-08-18T12:22:12.801Z</time>
      </trkpt>
      <trkpt lat="40.07552281400701" lon="116.33711967089491">
        <ele>46.0</ele>
        <time>2026-08-18T12:22:13.801Z</time>
      </trkpt>
      <trkpt lat="40.07551454632269" lon="116.3371519795801">
        <ele>46.0</ele>
        <time>2026-08-18T12:22:14.801Z</time>
      </trkpt>
      <trkpt lat="40.075507452401155" lon="116.33718514051299">
        <ele>46.0</ele>
        <time>2026-08-18T12:22:15.801Z</time>
      </trkpt>
      <trkpt lat="40.0755012018331" lon="116.33721855093285">
        <ele>46.0</ele>
        <time>2026-08-18T12:22:16.801Z</time>
      </trkpt>
      <trkpt lat="40.07549606711607" lon="116.33725211089262">
        <ele>46.0</ele>
        <time>2026-08-18T12:22:17.801Z</time>
      </trkpt>
      <trkpt lat="40.075492572693726" lon="116.33728593063378">
        <ele>46.0</ele>
        <time>2026-08-18T12:22:18.801Z</time>
      </trkpt>
      <trkpt lat="40.075490888342564" lon="116.3373199181433">
        <ele>46.0</ele>
        <time>2026-08-18T12:22:19.801Z</time>
      </trkpt>
      <trkpt lat="40.07549079187413" lon="116.33735396976779">
        <ele>45.9</ele>
        <time>2026-08-18T12:22:20.801Z</time>
      </trkpt>
      <trkpt lat="40.07549202830198" lon="116.33738798644633">
        <ele>45.9</ele>
        <time>2026-08-18T12:22:21.801Z</time>
      </trkpt>
      <trkpt lat="40.07549425841799" lon="116.33742183658241">
        <ele>45.9</ele>
        <time>2026-08-18T12:22:22.801Z</time>
      </trkpt>
      <trkpt lat="40.0754973217251" lon="116.33745541816432">
        <ele>45.8</ele>
        <time>2026-08-18T12:22:23.801Z</time>
      </trkpt>
      <trkpt lat="40.07550155185721" lon="116.33748848821294">
        <ele>45.8</ele>
        <time>2026-08-18T12:22:24.801Z</time>
      </trkpt>
      <trkpt lat="40.07550711571471" lon="116.33752085392881">
        <ele>45.8</ele>
        <time>2026-08-18T12:22:25.801Z</time>
      </trkpt>
      <trkpt lat="40.0755142622169" lon="116.33755229406738">
        <ele>45.7</ele>
        <time>2026-08-18T12:22:26.801Z</time>
      </trkpt>
      <trkpt lat="40.07552342842857" lon="116.3375826277585">
        <ele>45.7</ele>
        <time>2026-08-18T12:22:27.801Z</time>
      </trkpt>
      <trkpt lat="40.075534545821114" lon="116.33761178480167">
        <ele>45.6</ele>
        <time>2026-08-18T12:22:28.801Z</time>
      </trkpt>
      <trkpt lat="40.0755473680729" lon="116.33763950268582">
        <ele>45.6</ele>
        <time>2026-08-18T12:22:29.801Z</time>
      </trkpt>
      <trkpt lat="40.075561718514024" lon="116.337665567244">
        <ele>45.6</ele>
        <time>2026-08-18T12:22:30.801Z</time>
      </trkpt>
      <trkpt lat="40.0755771639022" lon="116.33769025626825">
        <ele>45.5</ele>
        <time>2026-08-18T12:22:31.801Z</time>
      </trkpt>
      <trkpt lat="40.07559341760383" lon="116.33771403507974">
        <ele>45.5</ele>
        <time>2026-08-18T12:22:32.801Z</time>
      </trkpt>
      <trkpt lat="40.07561041947426" lon="116.3377369558681">
        <ele>45.5</ele>
        <time>2026-08-18T12:22:33.801Z</time>
      </trkpt>
      <trkpt lat="40.075628433555046" lon="116.3377585611842">
        <ele>45.4</ele>
        <time>2026-08-18T12:22:34.801Z</time>
      </trkpt>
      <trkpt lat="40.07564758921364" lon="116.33777847475397">
        <ele>45.4</ele>
        <time>2026-08-18T12:22:35.801Z</time>
      </trkpt>
      <trkpt lat="40.07566782689037" lon="116.3377965577568">
        <ele>45.3</ele>
        <time>2026-08-18T12:22:36.801Z</time>
      </trkpt>
      <trkpt lat="40.075689034291514" lon="116.33781280185802">
        <ele>45.3</ele>
        <time>2026-08-18T12:22:37.801Z</time>
      </trkpt>
      <trkpt lat="40.075711038444034" lon="116.33782795513446">
        <ele>45.2</ele>
        <time>2026-08-18T12:22:38.801Z</time>
      </trkpt>
      <trkpt lat="40.075733711948" lon="116.33784186002963">
        <ele>45.1</ele>
        <time>2026-08-18T12:22:39.801Z</time>
      </trkpt>
      <trkpt lat="40.07575725237766" lon="116.33785276340679">
        <ele>45.1</ele>
        <time>2026-08-18T12:22:40.801Z</time>
      </trkpt>
      <trkpt lat="40.07578147647885" lon="116.33786030823407">
        <ele>45.0</ele>
        <time>2026-08-18T12:22:41.801Z</time>
      </trkpt>
      <trkpt lat="40.075805949351995" lon="116.33786536242577">
        <ele>45.0</ele>
        <time>2026-08-18T12:22:42.801Z</time>
      </trkpt>
      <trkpt lat="40.07583045408762" lon="116.3378680219058">
        <ele>44.9</ele>
        <time>2026-08-18T12:22:43.801Z</time>
      </trkpt>
      <trkpt lat="40.0758549786199" lon="116.33786818350674">
        <ele>44.8</ele>
        <time>2026-08-18T12:22:44.801Z</time>
      </trkpt>
      <trkpt lat="40.075879489388825" lon="116.33786673048056">
        <ele>44.8</ele>
        <time>2026-08-18T12:22:45.801Z</time>
      </trkpt>
      <trkpt lat="40.075904033585594" lon="116.33786479071665">
        <ele>44.7</ele>
        <time>2026-08-18T12:22:46.801Z</time>
      </trkpt>
      <trkpt lat="40.07592853577272" lon="116.33786263336314">
        <ele>44.7</ele>
        <time>2026-08-18T12:22:47.801Z</time>
      </trkpt>
      <trkpt lat="40.07595295461319" lon="116.33786053298455">
        <ele>44.6</ele>
        <time>2026-08-18T12:22:48.801Z</time>
      </trkpt>
      <trkpt lat="40.07597703708222" lon="116.3378582747129">
        <ele>44.6</ele>
        <time>2026-08-18T12:22:49.801Z</time>
      </trkpt>
      <trkpt lat="40.07600072072992" lon="116.33785533682878">
        <ele>44.5</ele>
        <time>2026-08-18T12:22:50.801Z</time>
      </trkpt>
      <trkpt lat="40.076024161020214" lon="116.33785205340607">
        <ele>44.5</ele>
        <time>2026-08-18T12:22:51.801Z</time>
      </trkpt>
      <trkpt lat="40.07604760099979" lon="116.33784902292624">
        <ele>44.5</ele>
        <time>2026-08-18T12:22:52.801Z</time>
      </trkpt>
      <trkpt lat="40.07607114681754" lon="116.3378466205942">
        <ele>44.4</ele>
        <time>2026-08-18T12:22:53.801Z</time>
      </trkpt>
      <trkpt lat="40.07609473363546" lon="116.33784442822697">
        <ele>44.4</ele>
        <time>2026-08-18T12:22:54.801Z</time>
      </trkpt>
      <trkpt lat="40.07611834626641" lon="116.33784165242075">
        <ele>44.4</ele>
        <time>2026-08-18T12:22:55.801Z</time>
      </trkpt>
      <trkpt lat="40.07614205369711" lon="116.3378389129876">
        <ele>44.3</ele>
        <time>2026-08-18T12:22:56.801Z</time>
      </trkpt>
      <trkpt lat="40.07616597465038" lon="116.33783698244271">
        <ele>44.3</ele>
        <time>2026-08-18T12:22:57.801Z</time>
      </trkpt>
      <trkpt lat="40.076190017345944" lon="116.3378356923051">
        <ele>44.3</ele>
        <time>2026-08-18T12:22:58.801Z</time>
      </trkpt>
      <trkpt lat="40.076214146827326" lon="116.33783489398672">
        <ele>44.3</ele>
        <time>2026-08-18T12:22:59.801Z</time>
      </trkpt>
      <trkpt lat="40.076238299674294" lon="116.3378347937865">
        <ele>44.3</ele>
        <time>2026-08-18T12:23:00.801Z</time>
      </trkpt>
      <trkpt lat="40.07626245819263" lon="116.33783511630607">
        <ele>44.2</ele>
        <time>2026-08-18T12:23:01.801Z</time>
      </trkpt>
      <trkpt lat="40.07628670575607" lon="116.33783506454628">
        <ele>44.2</ele>
        <time>2026-08-18T12:23:02.801Z</time>
      </trkpt>
      <trkpt lat="40.07631097834398" lon="116.33783412277597">
        <ele>44.2</ele>
        <time>2026-08-18T12:23:03.801Z</time>
      </trkpt>
      <trkpt lat="40.07633526067808" lon="116.33783250917071">
        <ele>44.2</ele>
        <time>2026-08-18T12:23:04.801Z</time>
      </trkpt>
      <trkpt lat="40.076359608023836" lon="116.3378309132593">
        <ele>44.2</ele>
        <time>2026-08-18T12:23:05.801Z</time>
      </trkpt>
      <trkpt lat="40.0763839524664" lon="116.33782937625217">
        <ele>44.2</ele>
        <time>2026-08-18T12:23:06.801Z</time>
      </trkpt>
      <trkpt lat="40.076408252014275" lon="116.33782755563834">
        <ele>44.1</ele>
        <time>2026-08-18T12:23:07.801Z</time>
      </trkpt>
      <trkpt lat="40.076432683049866" lon="116.33782538728053">
        <ele>44.1</ele>
        <time>2026-08-18T12:23:08.801Z</time>
      </trkpt>
      <trkpt lat="40.0764574434506" lon="116.3378227195316">
        <ele>44.1</ele>
        <time>2026-08-18T12:23:09.801Z</time>
      </trkpt>
      <trkpt lat="40.07648259415902" lon="116.33781944731305">
        <ele>44.1</ele>
        <time>2026-08-18T12:23:10.801Z</time>
      </trkpt>
      <trkpt lat="40.07650796632394" lon="116.33781620392547">
        <ele>44.1</ele>
        <time>2026-08-18T12:23:11.801Z</time>
      </trkpt>
      <trkpt lat="40.07653343295044" lon="116.33781378057523">
        <ele>44.1</ele>
        <time>2026-08-18T12:23:12.801Z</time>
      </trkpt>
      <trkpt lat="40.076559061062845" lon="116.33781200429647">
        <ele>44.1</ele>
        <time>2026-08-18T12:23:13.801Z</time>
      </trkpt>
      <trkpt lat="40.07658489079336" lon="116.33781009370101">
        <ele>44.1</ele>
        <time>2026-08-18T12:23:14.801Z</time>
      </trkpt>
      <trkpt lat="40.07661079010452" lon="116.33780787388773">
        <ele>44.0</ele>
        <time>2026-08-18T12:23:15.801Z</time>
      </trkpt>
      <trkpt lat="40.076636613458376" lon="116.33780561835079">
        <ele>44.0</ele>
        <time>2026-08-18T12:23:16.801Z</time>
      </trkpt>
      <trkpt lat="40.07666228529275" lon="116.33780297933146">
        <ele>44.0</ele>
        <time>2026-08-18T12:23:17.801Z</time>
      </trkpt>
      <trkpt lat="40.076687730293955" lon="116.33779913459007">
        <ele>44.0</ele>
        <time>2026-08-18T12:23:18.801Z</time>
      </trkpt>
      <trkpt lat="40.076712765192774" lon="116.33779373424247">
        <ele>44.0</ele>
        <time>2026-08-18T12:23:19.801Z</time>
      </trkpt>
      <trkpt lat="40.07673724070585" lon="116.33778685532053">
        <ele>44.0</ele>
        <time>2026-08-18T12:23:20.801Z</time>
      </trkpt>
      <trkpt lat="40.07676097471317" lon="116.33777823350977">
        <ele>44.0</ele>
        <time>2026-08-18T12:23:21.801Z</time>
      </trkpt>
      <trkpt lat="40.07678386643529" lon="116.3377675573151">
        <ele>44.0</ele>
        <time>2026-08-18T12:23:22.801Z</time>
      </trkpt>
      <trkpt lat="40.07680596484316" lon="116.33775506393727">
        <ele>43.9</ele>
        <time>2026-08-18T12:23:23.801Z</time>
      </trkpt>
      <trkpt lat="40.07682721974088" lon="116.33774061478393">
        <ele>43.9</ele>
        <time>2026-08-18T12:23:24.801Z</time>
      </trkpt>
      <trkpt lat="40.07684754799262" lon="116.33772381053181">
        <ele>43.9</ele>
        <time>2026-08-18T12:23:25.801Z</time>
      </trkpt>
      <trkpt lat="40.0768671001339" lon="116.337704921213">
        <ele>43.9</ele>
        <time>2026-08-18T12:23:26.801Z</time>
      </trkpt>
      <trkpt lat="40.07688577563114" lon="116.33768415078106">
        <ele>43.9</ele>
        <time>2026-08-18T12:23:27.801Z</time>
      </trkpt>
      <trkpt lat="40.076903228789455" lon="116.33766104004673">
        <ele>43.9</ele>
        <time>2026-08-18T12:23:28.801Z</time>
      </trkpt>
      <trkpt lat="40.07691943017227" lon="116.33763562693353">
        <ele>43.9</ele>
        <time>2026-08-18T12:23:29.800Z</time>
      </trkpt>
      <trkpt lat="40.07693432339261" lon="116.337608149906">
        <ele>43.9</ele>
        <time>2026-08-18T12:23:30.801Z</time>
      </trkpt>
      <trkpt lat="40.076947620908115" lon="116.33757881306136">
        <ele>43.8</ele>
        <time>2026-08-18T12:23:31.801Z</time>
      </trkpt>
      <trkpt lat="40.07695915064135" lon="116.33754803880542">
        <ele>43.8</ele>
        <time>2026-08-18T12:23:32.801Z</time>
      </trkpt>
      <trkpt lat="40.07696867209024" lon="116.33751604006653">
        <ele>43.8</ele>
        <time>2026-08-18T12:23:33.801Z</time>
      </trkpt>
      <trkpt lat="40.07697615959808" lon="116.33748301779272">
        <ele>43.8</ele>
        <time>2026-08-18T12:23:34.801Z</time>
      </trkpt>
      <trkpt lat="40.07698137256466" lon="116.3374492619111">
        <ele>43.8</ele>
        <time>2026-08-18T12:23:35.801Z</time>
      </trkpt>
      <trkpt lat="40.07698390879436" lon="116.33741515682294">
        <ele>43.8</ele>
        <time>2026-08-18T12:23:36.801Z</time>
      </trkpt>
      <trkpt lat="40.076984525223864" lon="116.33738124079925">
        <ele>43.8</ele>
        <time>2026-08-18T12:23:37.801Z</time>
      </trkpt>
      <trkpt lat="40.07698437075306" lon="116.3373477550357">
        <ele>43.8</ele>
        <time>2026-08-18T12:23:38.801Z</time>
      </trkpt>
      <trkpt lat="40.076983501970616" lon="116.33731472506227">
        <ele>43.9</ele>
        <time>2026-08-18T12:23:39.801Z</time>
      </trkpt>
      <trkpt lat="40.07698153525663" lon="116.33728215744947">
        <ele>43.9</ele>
        <time>2026-08-18T12:23:40.801Z</time>
      </trkpt>
      <trkpt lat="40.076977732766885" lon="116.3372501860376">
        <ele>43.9</ele>
        <time>2026-08-18T12:23:41.801Z</time>
      </trkpt>
      <trkpt lat="40.07697159664814" lon="116.33721897414406">
        <ele>44.0</ele>
        <time>2026-08-18T12:23:42.801Z</time>
      </trkpt>
      <trkpt lat="40.07696340203983" lon="116.3371886150318">
        <ele>44.0</ele>
        <time>2026-08-18T12:23:43.801Z</time>
      </trkpt>
      <trkpt lat="40.076953571357286" lon="116.3371593285853">
        <ele>44.0</ele>
        <time>2026-08-18T12:23:44.801Z</time>
      </trkpt>
      <trkpt lat="40.076942663883536" lon="116.33713087324682">
        <ele>44.1</ele>
        <time>2026-08-18T12:23:45.800Z</time>
      </trkpt>
      <trkpt lat="40.07693082672725" lon="116.33710298818987">
        <ele>44.1</ele>
        <time>2026-08-18T12:23:46.801Z</time>
      </trkpt>
      <trkpt lat="40.07691756043446" lon="116.33707622133447">
        <ele>44.2</ele>
        <time>2026-08-18T12:23:47.801Z</time>
      </trkpt>
      <trkpt lat="40.07690277906242" lon="116.33705092615692">
        <ele>44.2</ele>
        <time>2026-08-18T12:23:48.801Z</time>
      </trkpt>
      <trkpt lat="40.07688654313741" lon="116.33702734702133">
        <ele>44.3</ele>
        <time>2026-08-18T12:23:49.800Z</time>
      </trkpt>
      <trkpt lat="40.07686889302632" lon="116.33700568763697">
        <ele>44.3</ele>
        <time>2026-08-18T12:23:50.801Z</time>
      </trkpt>
      <trkpt lat="40.07685009608859" lon="116.33698616035993">
        <ele>44.4</ele>
        <time>2026-08-18T12:23:51.801Z</time>
      </trkpt>
      <trkpt lat="40.07683003549556" lon="116.33696941717213">
        <ele>44.4</ele>
        <time>2026-08-18T12:23:52.801Z</time>
      </trkpt>
      <trkpt lat="40.07680875297529" lon="116.33695481330884">
        <ele>44.5</ele>
        <time>2026-08-18T12:23:53.800Z</time>
      </trkpt>
      <trkpt lat="40.076786346545546" lon="116.33694025834264">
        <ele>44.6</ele>
        <time>2026-08-18T12:23:54.801Z</time>
      </trkpt>
      <trkpt lat="40.07676293776906" lon="116.3369258122248">
        <ele>44.6</ele>
        <time>2026-08-18T12:23:55.801Z</time>
      </trkpt>
      <trkpt lat="40.07673876059512" lon="116.33691307018071">
        <ele>44.7</ele>
        <time>2026-08-18T12:23:56.801Z</time>
      </trkpt>
      <trkpt lat="40.076713968401094" lon="116.33690279510805">
        <ele>44.7</ele>
        <time>2026-08-18T12:23:57.801Z</time>
      </trkpt>
      <trkpt lat="40.07668855744878" lon="116.33689505090366">
        <ele>44.8</ele>
        <time>2026-08-18T12:23:58.801Z</time>
      </trkpt>
      <trkpt lat="40.07666253230215" lon="116.33688938085794">
        <ele>44.8</ele>
        <time>2026-08-18T12:23:59.800Z</time>
      </trkpt>
      <trkpt lat="40.07663597223232" lon="116.33688568966245">
        <ele>44.8</ele>
        <time>2026-08-18T12:24:00.800Z</time>
      </trkpt>
      <trkpt lat="40.076609066595765" lon="116.33688410389952">
        <ele>44.9</ele>
        <time>2026-08-18T12:24:01.800Z</time>
      </trkpt>
      <trkpt lat="40.076581887215774" lon="116.33688414587287">
        <ele>44.9</ele>
        <time>2026-08-18T12:24:02.801Z</time>
      </trkpt>
      <trkpt lat="40.07655457916115" lon="116.33688519384849">
        <ele>44.9</ele>
        <time>2026-08-18T12:24:03.801Z</time>
      </trkpt>
      <trkpt lat="40.07652730052204" lon="116.33688672398691">
        <ele>45.0</ele>
        <time>2026-08-18T12:24:04.801Z</time>
      </trkpt>
      <trkpt lat="40.076500009997545" lon="116.33688830511606">
        <ele>45.0</ele>
        <time>2026-08-18T12:24:05.801Z</time>
      </trkpt>
      <trkpt lat="40.07647246561781" lon="116.3368898042805">
        <ele>45.0</ele>
        <time>2026-08-18T12:24:06.801Z</time>
      </trkpt>
      <trkpt lat="40.07644467605314" lon="116.33689165527308">
        <ele>45.0</ele>
        <time>2026-08-18T12:24:07.801Z</time>
      </trkpt>
      <trkpt lat="40.076416799614385" lon="116.33689393010408">
        <ele>45.0</ele>
        <time>2026-08-18T12:24:08.801Z</time>
      </trkpt>
      <trkpt lat="40.07638909470188" lon="116.33689669554212">
        <ele>45.0</ele>
        <time>2026-08-18T12:24:09.800Z</time>
      </trkpt>
      <trkpt lat="40.07636177827358" lon="116.33690030828895">
        <ele>45.0</ele>
        <time>2026-08-18T12:24:10.801Z</time>
      </trkpt>
      <trkpt lat="40.07633485479725" lon="116.33690398929778">
        <ele>45.0</ele>
        <time>2026-08-18T12:24:11.800Z</time>
      </trkpt>
      <trkpt lat="40.07630820922505" lon="116.3369071347143">
        <ele>45.0</ele>
        <time>2026-08-18T12:24:12.801Z</time>
      </trkpt>
      <trkpt lat="40.076281793607734" lon="116.336909853924">
        <ele>45.0</ele>
        <time>2026-08-18T12:24:13.800Z</time>
      </trkpt>
      <trkpt lat="40.07625549385474" lon="116.336912404207">
        <ele>45.0</ele>
        <time>2026-08-18T12:24:14.800Z</time>
      </trkpt>
      <trkpt lat="40.07622927725043" lon="116.33691478588428">
        <ele>45.0</ele>
        <time>2026-08-18T12:24:15.800Z</time>
      </trkpt>
      <trkpt lat="40.07620317621243" lon="116.33691699238918">
        <ele>45.0</ele>
        <time>2026-08-18T12:24:16.801Z</time>
      </trkpt>
      <trkpt lat="40.0761772486732" lon="116.33691917309581">
        <ele>45.0</ele>
        <time>2026-08-18T12:24:17.801Z</time>
      </trkpt>
      <trkpt lat="40.07615151151295" lon="116.33692153521118">
        <ele>45.0</ele>
        <time>2026-08-18T12:24:18.800Z</time>
      </trkpt>
      <trkpt lat="40.076125869221144" lon="116.33692435264567">
        <ele>45.0</ele>
        <time>2026-08-18T12:24:19.801Z</time>
      </trkpt>
      <trkpt lat="40.07610019776358" lon="116.3369268914069">
        <ele>45.0</ele>
        <time>2026-08-18T12:24:20.800Z</time>
      </trkpt>
      <trkpt lat="40.07607434242821" lon="116.33692862533769">
        <ele>45.0</ele>
        <time>2026-08-18T12:24:21.801Z</time>
      </trkpt>
      <trkpt lat="40.0760484308763" lon="116.33692971060458">
        <ele>45.0</ele>
        <time>2026-08-18T12:24:22.800Z</time>
        <extensions>
          <gpxtpx:TrackPointExtension>
            <gpxtpx:hr>163</gpxtpx:hr>
          </gpxtpx:TrackPointExtension>
        </extensions>
      </trkpt>
      <trkpt lat="40.07602269165189" lon="116.33693032686634">
        <ele>45.0</ele>
        <time>2026-08-18T12:24:23.800Z</time>
        <extensions>
          <gpxtpx:TrackPointExtension>
            <gpxtpx:hr>163</gpxtpx:hr>
          </gpxtpx:TrackPointExtension>
        </extensions>
      </trkpt>
      <trkpt lat="40.07599726520758" lon="116.33693080873486">
        <ele>45.1</ele>
        <time>2026-08-18T12:24:24.801Z</time>
        <extensions>
          <gpxtpx:TrackPointExtension>
            <gpxtpx:hr>163</gpxtpx:hr>
          </gpxtpx:TrackPointExtension>
        </extensions>
      </trkpt>
      <trkpt lat="40.07597201329383" lon="116.3369315888778">
        <ele>45.1</ele>
        <time>2026-08-18T12:24:25.800Z</time>
        <extensions>
          <gpxtpx:TrackPointExtension>
            <gpxtpx:hr>163</gpxtpx:hr>
          </gpxtpx:TrackPointExtension>
        </extensions>
      </trkpt>
      <trkpt lat="40.075946716273315" lon="116.3369327412889">
        <ele>45.1</ele>
        <time>2026-08-18T12:24:26.801Z</time>
        <extensions>
          <gpxtpx:TrackPointExtension>
            <gpxtpx:hr>163</gpxtpx:hr>
          </gpxtpx:TrackPointExtension>
        </extensions>
      </trkpt>
      <trkpt lat="40.07592137127771" lon="116.33693395419945">
        <ele>45.1</ele>
        <time>2026-08-18T12:24:27.800Z</time>
        <extensions>
          <gpxtpx:TrackPointExtension>
            <gpxtpx:hr>163</gpxtpx:hr>
          </gpxtpx:TrackPointExtension>
        </extensions>
      </trkpt>
      <trkpt lat="40.07589594897348" lon="116.33693502936113">
        <ele>45.1</ele>
        <time>2026-08-18T12:24:28.800Z</time>
        <extensions>
          <gpxtpx:TrackPointExtension>
            <gpxtpx:hr>163</gpxtpx:hr>
          </gpxtpx:TrackPointExtension>
        </extensions>
      </trkpt>
      <trkpt lat="40.07587042556778" lon="116.33693564489653">
        <ele>45.1</ele>
        <time>2026-08-18T12:24:29.800Z</time>
        <extensions>
          <gpxtpx:TrackPointExtension>
            <gpxtpx:hr>163</gpxtpx:hr>
          </gpxtpx:TrackPointExtension>
        </extensions>
      </trkpt>
      <trkpt lat="40.07584482538719" lon="116.33693514913124">
        <ele>45.1</ele>
        <time>2026-08-18T12:24:30.800Z</time>
        <extensions>
          <gpxtpx:TrackPointExtension>
            <gpxtpx:hr>163</gpxtpx:hr>
          </gpxtpx:TrackPointExtension>
        </extensions>
      </trkpt>
      <trkpt lat="40.07581917634318" lon="116.33693348127927">
        <ele>45.2</ele>
        <time>2026-08-18T12:24:31.800Z</time>
        <extensions>
          <gpxtpx:TrackPointExtension>
            <gpxtpx:hr>163</gpxtpx:hr>
          </gpxtpx:TrackPointExtension>
        </extensions>
      </trkpt>
      <trkpt lat="40.07579353654165" lon="116.33693141329857">
        <ele>45.2</ele>
        <time>2026-08-18T12:24:32.800Z</time>
        <extensions>
          <gpxtpx:TrackPointExtension>
            <gpxtpx:hr>163</gpxtpx:hr>
          </gpxtpx:TrackPointExtension>
        </extensions>
      </trkpt>
      <trkpt lat="40.07576809013584" lon="116.33692987542995">
        <ele>45.2</ele>
        <time>2026-08-18T12:24:33.801Z</time>
        <extensions>
          <gpxtpx:TrackPointExtension>
            <gpxtpx:hr>163</gpxtpx:hr>
          </gpxtpx:TrackPointExtension>
        </extensions>
      </trkpt>
      <trkpt lat="40.075743024371974" lon="116.33692930491146">
        <ele>45.2</ele>
        <time>2026-08-18T12:24:34.801Z</time>
        <extensions>
          <gpxtpx:TrackPointExtension>
            <gpxtpx:hr>163</gpxtpx:hr>
          </gpxtpx:TrackPointExtension>
        </extensions>
      </trkpt>
      <trkpt lat="40.07571844702004" lon="116.33693001168321">
        <ele>45.2</ele>
        <time>2026-08-18T12:24:35.801Z</time>
        <extensions>
          <gpxtpx:TrackPointExtension>
            <gpxtpx:hr>163</gpxtpx:hr>
          </gpxtpx:TrackPointExtension>
        </extensions>
      </trkpt>
      <trkpt lat="40.07569445261435" lon="116.336932076084">
        <ele>45.3</ele>
        <time>2026-08-18T12:24:36.801Z</time>
        <extensions>
          <gpxtpx:TrackPointExtension>
            <gpxtpx:hr>163</gpxtpx:hr>
          </gpxtpx:TrackPointExtension>
        </extensions>
      </trkpt>
      <trkpt lat="40.075671214138104" lon="116.33693577779542">
        <ele>45.3</ele>
        <time>2026-08-18T12:24:37.800Z</time>
        <extensions>
          <gpxtpx:TrackPointExtension>
            <gpxtpx:hr>163</gpxtpx:hr>
          </gpxtpx:TrackPointExtension>
        </extensions>
      </trkpt>
      <trkpt lat="40.07564888550047" lon="116.33694200390104">
        <ele>45.3</ele>
        <time>2026-08-18T12:24:38.800Z</time>
        <extensions>
          <gpxtpx:TrackPointExtension>
            <gpxtpx:hr>163</gpxtpx:hr>
          </gpxtpx:TrackPointExtension>
        </extensions>
      </trkpt>
      <trkpt lat="40.07562760933893" lon="116.33695114171098">
        <ele>45.3</ele>
        <time>2026-08-18T12:24:39.800Z</time>
        <extensions>
          <gpxtpx:TrackPointExtension>
            <gpxtpx:hr>163</gpxtpx:hr>
          </gpxtpx:TrackPointExtension>
        </extensions>
      </trkpt>
      <trkpt lat="40.07560748520796" lon="116.33696307238638">
        <ele>45.3</ele>
        <time>2026-08-18T12:24:40.800Z</time>
        <extensions>
          <gpxtpx:TrackPointExtension>
            <gpxtpx:hr>163</gpxtpx:hr>
          </gpxtpx:TrackPointExtension>
        </extensions>
      </trkpt>
      <trkpt lat="40.075588388062584" lon="116.33697716130582">
        <ele>45.3</ele>
        <time>2026-08-18T12:24:41.801Z</time>
        <extensions>
          <gpxtpx:TrackPointExtension>
            <gpxtpx:hr>163</gpxtpx:hr>
          </gpxtpx:TrackPointExtension>
        </extensions>
      </trkpt>
      <trkpt lat="40.07557042187136" lon="116.33699316086643">
        <ele>45.4</ele>
        <time>2026-08-18T12:24:42.800Z</time>
        <extensions>
          <gpxtpx:TrackPointExtension>
            <gpxtpx:hr>163</gpxtpx:hr>
          </gpxtpx:TrackPointExtension>
        </extensions>
      </trkpt>
      <trkpt lat="40.07555370916096" lon="116.33701109422749">
        <ele>45.4</ele>
        <time>2026-08-18T12:24:43.800Z</time>
        <extensions>
          <gpxtpx:TrackPointExtension>
            <gpxtpx:hr>163</gpxtpx:hr>
          </gpxtpx:TrackPointExtension>
        </extensions>
      </trkpt>
      <trkpt lat="40.075538358107266" lon="116.33703084292983">
        <ele>45.4</ele>
        <time>2026-08-18T12:24:44.800Z</time>
        <extensions>
          <gpxtpx:TrackPointExtension>
            <gpxtpx:hr>163</gpxtpx:hr>
          </gpxtpx:TrackPointExtension>
        </extensions>
      </trkpt>
      <trkpt lat="40.07552466546664" lon="116.33705266639258">
        <ele>45.4</ele>
        <time>2026-08-18T12:24:45.800Z</time>
        <extensions>
          <gpxtpx:TrackPointExtension>
            <gpxtpx:hr>163</gpxtpx:hr>
          </gpxtpx:TrackPointExtension>
        </extensions>
      </trkpt>
      <trkpt lat="40.075512789247824" lon="116.33707657321386">
        <ele>45.4</ele>
        <time>2026-08-18T12:24:46.800Z</time>
        <extensions>
          <gpxtpx:TrackPointExtension>
            <gpxtpx:hr>163</gpxtpx:hr>
          </gpxtpx:TrackPointExtension>
        </extensions>
      </trkpt>
      <trkpt lat="40.075502490889754" lon="116.33710221112902">
        <ele>45.5</ele>
        <time>2026-08-18T12:24:47.800Z</time>
        <extensions>
          <gpxtpx:TrackPointExtension>
            <gpxtpx:hr>163</gpxtpx:hr>
          </gpxtpx:TrackPointExtension>
        </extensions>
      </trkpt>
      <trkpt lat="40.075493806264994" lon="116.33712942261967">
        <ele>45.5</ele>
        <time>2026-08-18T12:24:48.800Z</time>
        <extensions>
          <gpxtpx:TrackPointExtension>
            <gpxtpx:hr>163</gpxtpx:hr>
          </gpxtpx:TrackPointExtension>
        </extensions>
      </trkpt>
      <trkpt lat="40.07548714122091" lon="116.33715828181327">
        <ele>45.5</ele>
        <time>2026-08-18T12:24:49.801Z</time>
        <extensions>
          <gpxtpx:TrackPointExtension>
            <gpxtpx:hr>163</gpxtpx:hr>
          </gpxtpx:TrackPointExtension>
        </extensions>
      </trkpt>
      <trkpt lat="40.07548237540671" lon="116.33718849478738">
        <ele>45.5</ele>
        <time>2026-08-18T12:24:50.800Z</time>
        <extensions>
          <gpxtpx:TrackPointExtension>
            <gpxtpx:hr>163</gpxtpx:hr>
          </gpxtpx:TrackPointExtension>
        </extensions>
      </trkpt>
      <trkpt lat="40.07547872987344" lon="116.33721958229484">
        <ele>45.5</ele>
        <time>2026-08-18T12:24:51.800Z</time>
        <extensions>
          <gpxtpx:TrackPointExtension>
            <gpxtpx:hr>163</gpxtpx:hr>
          </gpxtpx:TrackPointExtension>
        </extensions>
      </trkpt>
      <trkpt lat="40.07547565859352" lon="116.33725120702867">
        <ele>45.5</ele>
        <time>2026-08-18T12:24:52.800Z</time>
      </trkpt>
      <trkpt lat="40.07547302917856" lon="116.33728322422486">
        <ele>45.5</ele>
        <time>2026-08-18T12:24:53.800Z</time>
      </trkpt>
      <trkpt lat="40.07547107264093" lon="116.33731547897841">
        <ele>45.6</ele>
        <time>2026-08-18T12:24:54.800Z</time>
      </trkpt>
      <trkpt lat="40.075470141071904" lon="116.33734788766104">
        <ele>45.6</ele>
        <time>2026-08-18T12:24:55.800Z</time>
      </trkpt>
      <trkpt lat="40.0754706800131" lon="116.33738028128944">
        <ele>45.6</ele>
        <time>2026-08-18T12:24:56.801Z</time>
      </trkpt>
      <trkpt lat="40.07547264220299" lon="116.33741240205265">
        <ele>45.5</ele>
        <time>2026-08-18T12:24:57.800Z</time>
      </trkpt>
      <trkpt lat="40.07547530392179" lon="116.33744415441032">
        <ele>45.5</ele>
        <time>2026-08-18T12:24:58.800Z</time>
      </trkpt>
      <trkpt lat="40.075478222508046" lon="116.33747559773482">
        <ele>45.5</ele>
        <time>2026-08-18T12:24:59.800Z</time>
      </trkpt>
      <trkpt lat="40.07548112307752" lon="116.33750696068094">
        <ele>45.5</ele>
        <time>2026-08-18T12:25:00.800Z</time>
      </trkpt>
      <trkpt lat="40.07548348241298" lon="116.33753839593282">
        <ele>45.5</ele>
        <time>2026-08-18T12:25:01.800Z</time>
      </trkpt>
      <trkpt lat="40.07548407815123" lon="116.33756992180369">
        <ele>45.5</ele>
        <time>2026-08-18T12:25:02.800Z</time>
      </trkpt>
      <trkpt lat="40.07548223868836" lon="116.33760135785245">
        <ele>45.4</ele>
        <time>2026-08-18T12:25:03.800Z</time>
      </trkpt>
      <trkpt lat="40.07547819777436" lon="116.33763256441517">
        <ele>45.4</ele>
        <time>2026-08-18T12:25:04.800Z</time>
      </trkpt>
      <trkpt lat="40.0754726879912" lon="116.33766338757813">
        <ele>45.4</ele>
        <time>2026-08-18T12:25:05.800Z</time>
      </trkpt>
      <trkpt lat="40.07546702056275" lon="116.3376938595347">
        <ele>45.3</ele>
        <time>2026-08-18T12:25:06.800Z</time>
      </trkpt>
      <trkpt lat="40.075461666785074" lon="116.33772407347506">
        <ele>45.3</ele>
        <time>2026-08-18T12:25:07.800Z</time>
      </trkpt>
      <trkpt lat="40.07545614419712" lon="116.33775390315066">
        <ele>45.3</ele>
        <time>2026-08-18T12:25:08.800Z</time>
      </trkpt>
      <trkpt lat="40.075449760122645" lon="116.3377830968887">
        <ele>45.3</ele>
        <time>2026-08-18T12:25:09.800Z</time>
      </trkpt>
      <trkpt lat="40.075441929792994" lon="116.33781116083155">
        <ele>45.3</ele>
        <time>2026-08-18T12:25:10.800Z</time>
      </trkpt>
      <trkpt lat="40.07543293993728" lon="116.33783802853048">
        <ele>45.2</ele>
        <time>2026-08-18T12:25:11.800Z</time>
      </trkpt>
      <trkpt lat="40.07542327329276" lon="116.33786395445081">
        <ele>45.2</ele>
        <time>2026-08-18T12:25:12.800Z</time>
      </trkpt>
      <trkpt lat="40.07541351567442" lon="116.33788924366358">
        <ele>45.2</ele>
        <time>2026-08-18T12:25:13.800Z</time>
      </trkpt>
      <trkpt lat="40.07540401628578" lon="116.3379138259179">
        <ele>45.3</ele>
        <time>2026-08-18T12:25:14.800Z</time>
      </trkpt>
      <trkpt lat="40.07539484025801" lon="116.33793741623748">
        <ele>45.3</ele>
        <time>2026-08-18T12:25:15.800Z</time>
      </trkpt>
      <trkpt lat="40.075387198661296" lon="116.33796034436229">
        <ele>45.3</ele>
        <time>2026-08-18T12:25:16.800Z</time>
      </trkpt>
      <trkpt lat="40.0753819277116" lon="116.33798267182279">
        <ele>45.3</ele>
        <time>2026-08-18T12:25:17.800Z</time>
        <extensions>
          <gpxtpx:TrackPointExtension>
            <gpxtpx:hr>160</gpxtpx:hr>
          </gpxtpx:TrackPointExtension>
        </extensions>
      </trkpt>
      <trkpt lat="40.075379663955125" lon="116.33800450047413">
        <ele>45.4</ele>
        <time>2026-08-18T12:25:18.799Z</time>
        <extensions>
          <gpxtpx:TrackPointExtension>
            <gpxtpx:hr>160</gpxtpx:hr>
          </gpxtpx:TrackPointExtension>
        </extensions>
      </trkpt>
      <trkpt lat="40.07538033282614" lon="116.33802637784007">
        <ele>45.4</ele>
        <time>2026-08-18T12:25:19.800Z</time>
        <extensions>
          <gpxtpx:TrackPointExtension>
            <gpxtpx:hr>160</gpxtpx:hr>
          </gpxtpx:TrackPointExtension>
        </extensions>
      </trkpt>
      <trkpt lat="40.07538255010856" lon="116.33804755674295">
        <ele>45.4</ele>
        <time>2026-08-18T12:25:20.800Z</time>
        <extensions>
          <gpxtpx:TrackPointExtension>
            <gpxtpx:hr>160</gpxtpx:hr>
          </gpxtpx:TrackPointExtension>
        </extensions>
      </trkpt>
      <trkpt lat="40.075384869034174" lon="116.33806625377943">
        <ele>45.5</ele>
        <time>2026-08-18T12:25:21.800Z</time>
        <extensions>
          <gpxtpx:TrackPointExtension>
            <gpxtpx:hr>160</gpxtpx:hr>
          </gpxtpx:TrackPointExtension>
        </extensions>
      </trkpt>
      <trkpt lat="40.07538612124858" lon="116.33808072711142">
        <ele>45.5</ele>
        <time>2026-08-18T12:25:22.800Z</time>
        <extensions>
          <gpxtpx:TrackPointExtension>
            <gpxtpx:hr>160</gpxtpx:hr>
          </gpxtpx:TrackPointExtension>
        </extensions>
      </trkpt>
      <trkpt lat="40.075386305952144" lon="116.33808881306436">
        <ele>45.6</ele>
        <time>2026-08-18T12:25:23.800Z</time>
        <extensions>
          <gpxtpx:TrackPointExtension>
            <gpxtpx:hr>160</gpxtpx:hr>
          </gpxtpx:TrackPointExtension>
        </extensions>
      </trkpt>
      <trkpt lat="40.075385741774525" lon="116.33809100735779">
        <ele>45.6</ele>
        <time>2026-08-18T12:25:24.800Z</time>
        <extensions>
          <gpxtpx:TrackPointExtension>
            <gpxtpx:hr>160</gpxtpx:hr>
          </gpxtpx:TrackPointExtension>
        </extensions>
      </trkpt>
      <trkpt lat="40.07538432172986" lon="116.33809063335433">
        <ele>45.7</ele>
        <time>2026-08-18T12:25:25.800Z</time>
        <extensions>
          <gpxtpx:TrackPointExtension>
            <gpxtpx:hr>160</gpxtpx:hr>
          </gpxtpx:TrackPointExtension>
        </extensions>
      </trkpt>
      <trkpt lat="40.07538185755999" lon="116.33809030863337">
        <ele>45.7</ele>
        <time>2026-08-18T12:25:26.800Z</time>
        <extensions>
          <gpxtpx:TrackPointExtension>
            <gpxtpx:hr>160</gpxtpx:hr>
          </gpxtpx:TrackPointExtension>
        </extensions>
      </trkpt>
      <trkpt lat="40.0753780888892" lon="116.33809165932908">
        <ele>45.7</ele>
        <time>2026-08-18T12:25:27.800Z</time>
        <extensions>
          <gpxtpx:TrackPointExtension>
            <gpxtpx:hr>160</gpxtpx:hr>
          </gpxtpx:TrackPointExtension>
        </extensions>
      </trkpt>
      <trkpt lat="40.075372962791505" lon="116.33809483537209">
        <ele>45.7</ele>
        <time>2026-08-18T12:25:28.800Z</time>
        <extensions>
          <gpxtpx:TrackPointExtension>
            <gpxtpx:hr>160</gpxtpx:hr>
          </gpxtpx:TrackPointExtension>
        </extensions>
      </trkpt>
      <trkpt lat="40.07536683938286" lon="116.338098875569">
        <ele>45.8</ele>
        <time>2026-08-18T12:25:29.800Z</time>
        <extensions>
          <gpxtpx:TrackPointExtension>
            <gpxtpx:hr>160</gpxtpx:hr>
          </gpxtpx:TrackPointExtension>
        </extensions>
      </trkpt>
      <trkpt lat="40.075359856065425" lon="116.33810312582294">
        <ele>45.8</ele>
        <time>2026-08-18T12:25:30.800Z</time>
        <extensions>
          <gpxtpx:TrackPointExtension>
            <gpxtpx:hr>160</gpxtpx:hr>
          </gpxtpx:TrackPointExtension>
        </extensions>
      </trkpt>
      <trkpt lat="40.07535192177452" lon="116.33810770051397">
        <ele>45.8</ele>
        <time>2026-08-18T12:25:31.800Z</time>
        <extensions>
          <gpxtpx:TrackPointExtension>
            <gpxtpx:hr>160</gpxtpx:hr>
          </gpxtpx:TrackPointExtension>
        </extensions>
      </trkpt>
      <trkpt lat="40.075341085442034" lon="116.33811377484116">
        <ele>45.8</ele>
        <time>2026-08-18T12:25:33.000Z</time>
        <extensions>
          <gpxtpx:TrackPointExtension>
            <gpxtpx:hr>160</gpxtpx:hr>
          </gpxtpx:TrackPointExtension>
        </extensions>
      </trkpt>
      <trkpt lat="40.07533316010134" lon="116.33811818141503">
        <ele>45.8</ele>
        <time>2026-08-18T12:25:33.800Z</time>
        <extensions>
          <gpxtpx:TrackPointExtension>
            <gpxtpx:hr>160</gpxtpx:hr>
          </gpxtpx:TrackPointExtension>
        </extensions>
      </trkpt>
      <trkpt lat="40.0753229223423" lon="116.33812457532758">
        <ele>45.8</ele>
        <time>2026-08-18T12:25:34.800Z</time>
        <extensions>
          <gpxtpx:TrackPointExtension>
            <gpxtpx:hr>160</gpxtpx:hr>
          </gpxtpx:TrackPointExtension>
        </extensions>
      </trkpt>
      <trkpt lat="40.0753125789342" lon="116.33813165781996">
        <ele>45.8</ele>
        <time>2026-08-18T12:25:35.800Z</time>
        <extensions>
          <gpxtpx:TrackPointExtension>
            <gpxtpx:hr>157</gpxtpx:hr>
          </gpxtpx:TrackPointExtension>
        </extensions>
      </trkpt>    </trkseg>
  </trk>
</gpx>