<?xml version="1.0" encoding="UTF-8"?>
<gpx version="1.1" creator="HealthSync iOS"
     xmlns="http://www.topografix.com/GPX/1/1"
     xmlns:gpxtpx="http://www.garmin.com/xmlschemas/TrackPointExtension/v1"
     xmlns:xsi="http://www.w3.org/2001/XMLSchema-instance"
     xsi:schemaLocation="http://www.topografix.com/GPX/1/1 http://www.topografix.com/GPX/1/1/gpx.xsd http://www.garmin.com/xmlschemas/TrackPointExtension/v1 http://www.garmin.com/xmlschemas/TrackPointExtensionv1.xsd">
  <trk>
    <name>Activity 2026/8/4, 21:44</name>
    <type>running</type>
    <trkseg>
      <trkpt lat="40.07077051105222" lon="116.34834127633304">
        <ele>44.2</ele>
        <time>2026-08-04T13:44:31.000Z</time>
        <extensions>
          <gpxtpx:TrackPointExtension>
            <gpxtpx:hr>139</gpxtpx:hr>
          </gpxtpx:TrackPointExtension>
        </extensions>
      </trkpt>
      <trkpt lat="40.0707557930347" lon="116.34833970994724">
        <ele>44.2</ele>
        <time>2026-08-04T13:44:32.000Z</time>
        <extensions>
          <gpxtpx:TrackPointExtension>
            <gpxtpx:hr>139</gpxtpx:hr>
          </gpxtpx:TrackPointExtension>
        </extensions>
      </trkpt>
      <trkpt lat="40.07073894575502" lon="116.34833794066516">
        <ele>44.2</ele>
        <time>2026-08-04T13:44:33.000Z</time>
        <extensions>
          <gpxtpx:TrackPointExtension>
            <gpxtpx:hr>139</gpxtpx:hr>
          </gpxtpx:TrackPointExtension>
        </extensions>
      </trkpt>
      <trkpt lat="40.07071954324311" lon="116.34833625604087">
        <ele>44.2</ele>
        <time>2026-08-04T13:44:34.000Z</time>
        <extensions>
          <gpxtpx:TrackPointExtension>
            <gpxtpx:hr>139</gpxtpx:hr>
          </gpxtpx:TrackPointExtension>
        </extensions>
      </trkpt>
      <trkpt lat="40.07069830935669" lon="116.34833500609962">
        <ele>44.2</ele>
        <time>2026-08-04T13:44:35.000Z</time>
        <extensions>
          <gpxtpx:TrackPointExtension>
            <gpxtpx:hr>139</gpxtpx:hr>
          </gpxtpx:TrackPointExtension>
        </extensions>
      </trkpt>
      <trkpt lat="40.07067621409964" lon="116.34833407175549">
        <ele>44.2</ele>
        <time>2026-08-04T13:44:36.000Z</time>
        <extensions>
          <gpxtpx:TrackPointExtension>
            <gpxtpx:hr>139</gpxtpx:hr>
          </gpxtpx:TrackPointExtension>
        </extensions>
      </trkpt>
      <trkpt lat="40.0706537698247" lon="116.34833330536833">
        <ele>44.2</ele>
        <time>2026-08-04T13:44:37.000Z</time>
        <extensions>
          <gpxtpx:TrackPointExtension>
            <gpxtpx:hr>139</gpxtpx:hr>
          </gpxtpx:TrackPointExtension>
        </extensions>
      </trkpt>
      <trkpt lat="40.07063120229817" lon="116.34833270074903">
        <ele>44.2</ele>
        <time>2026-08-04T13:44:38.000Z</time>
        <extensions>
          <gpxtpx:TrackPointExtension>
            <gpxtpx:hr>139</gpxtpx:hr>
          </gpxtpx:TrackPointExtension>
        </extensions>
      </trkpt>
      <trkpt lat="40.07060878582091" lon="116.34833224604633">
        <ele>44.2</ele>
        <time>2026-08-04T13:44:39.000Z</time>
        <extensions>
          <gpxtpx:TrackPointExtension>
            <gpxtpx:hr>139</gpxtpx:hr>
          </gpxtpx:TrackPointExtension>
        </extensions>
      </trkpt>
      <trkpt lat="40.070586891310484" lon="116.3483319889816">
        <ele>44.2</ele>
        <time>2026-08-04T13:44:40.000Z</time>
        <extensions>
          <gpxtpx:TrackPointExtension>
            <gpxtpx:hr>139</gpxtpx:hr>
          </gpxtpx:TrackPointExtension>
        </extensions>
      </trkpt>
      <trkpt lat="40.07056596300165" lon="116.34833194543363">
        <ele>44.2</ele>
        <time>2026-08-04T13:44:41.000Z</time>
        <extensions>
          <gpxtpx:TrackPointExtension>
            <gpxtpx:hr>139</gpxtpx:hr>
          </gpxtpx:TrackPointExtension>
        </extensions>
      </trkpt>
      <trkpt lat="40.0705461257927" lon="116.34833175843625">
        <ele>44.2</ele>
        <time>2026-08-04T13:44:42.000Z</time>
      </trkpt>
      <trkpt lat="40.070527613626446" lon="116.34833102405604">
        <ele>44.2</ele>
        <time>2026-08-04T13:44:43.000Z</time>
      </trkpt>
      <trkpt lat="40.07051086947961" lon="116.34832993825546">
        <ele>44.2</ele>
        <time>2026-08-04T13:44:44.000Z</time>
      </trkpt>
      <trkpt lat="40.07049559966358" lon="116.34832898809078">
        <ele>44.2</ele>
        <time>2026-08-04T13:44:45.000Z</time>
      </trkpt>
      <trkpt lat="40.07048100903994" lon="116.34832838841574">
        <ele>44.3</ele>
        <time>2026-08-04T13:44:46.000Z</time>
      </trkpt>
      <trkpt lat="40.070466246452405" lon="116.34832817200162">
        <ele>44.3</ele>
        <time>2026-08-04T13:44:47.000Z</time>
      </trkpt>
      <trkpt lat="40.070450639294876" lon="116.34832836974257">
        <ele>44.3</ele>
        <time>2026-08-04T13:44:48.000Z</time>
      </trkpt>
      <trkpt lat="40.07043375345578" lon="116.34832900434122">
        <ele>44.3</ele>
        <time>2026-08-04T13:44:49.000Z</time>
      </trkpt>
      <trkpt lat="40.070415367706026" lon="116.34833009106958">
        <ele>44.3</ele>
        <time>2026-08-04T13:44:50.000Z</time>
      </trkpt>
      <trkpt lat="40.07039572560221" lon="116.34833176999871">
        <ele>44.3</ele>
        <time>2026-08-04T13:44:51.000Z</time>
      </trkpt>
      <trkpt lat="40.070375301555394" lon="116.34833405621264">
        <ele>44.3</ele>
        <time>2026-08-04T13:44:52.000Z</time>
      </trkpt>
      <trkpt lat="40.07035443950259" lon="116.34833666390273">
        <ele>44.3</ele>
        <time>2026-08-04T13:44:53.000Z</time>
      </trkpt>
      <trkpt lat="40.07033339254836" lon="116.34833930464173">
        <ele>44.3</ele>
        <time>2026-08-04T13:44:54.000Z</time>
      </trkpt>
      <trkpt lat="40.07031242484799" lon="116.34834183142436">
        <ele>44.3</ele>
        <time>2026-08-04T13:44:55.000Z</time>
      </trkpt>
      <trkpt lat="40.07029146024868" lon="116.34834419280465">
        <ele>44.3</ele>
        <time>2026-08-04T13:44:56.000Z</time>
      </trkpt>
      <trkpt lat="40.0702702181552" lon="116.34834631918939">
        <ele>44.3</ele>
        <time>2026-08-04T13:44:57.000Z</time>
      </trkpt>
      <trkpt lat="40.070248561185586" lon="116.34834802322891">
        <ele>44.3</ele>
        <time>2026-08-04T13:44:58.000Z</time>
      </trkpt>
      <trkpt lat="40.0702261710538" lon="116.3483490169163">
        <ele>44.3</ele>
        <time>2026-08-04T13:44:59.000Z</time>
      </trkpt>
      <trkpt lat="40.070202539273474" lon="116.34834912059036">
        <ele>44.3</ele>
        <time>2026-08-04T13:45:00.000Z</time>
      </trkpt>
      <trkpt lat="40.070177255480225" lon="116.34834813743011">
        <ele>44.3</ele>
        <time>2026-08-04T13:45:01.000Z</time>
      </trkpt>
      <trkpt lat="40.07015025539855" lon="116.34834582590008">
        <ele>44.3</ele>
        <time>2026-08-04T13:45:02.000Z</time>
      </trkpt>
      <trkpt lat="40.070121847420026" lon="116.34834214809462">
        <ele>44.3</ele>
        <time>2026-08-04T13:45:03.000Z</time>
      </trkpt>
      <trkpt lat="40.07009247677594" lon="116.3483370383071">
        <ele>44.3</ele>
        <time>2026-08-04T13:45:04.000Z</time>
      </trkpt>
      <trkpt lat="40.070062562881056" lon="116.34833028948275">
        <ele>44.3</ele>
        <time>2026-08-04T13:45:05.000Z</time>
      </trkpt>
      <trkpt lat="40.07003257881932" lon="116.34832157962359">
        <ele>44.3</ele>
        <time>2026-08-04T13:45:06.000Z</time>
      </trkpt>
      <trkpt lat="40.07000324256654" lon="116.34831068926526">
        <ele>44.3</ele>
        <time>2026-08-04T13:45:07.000Z</time>
      </trkpt>
      <trkpt lat="40.06997534488753" lon="116.34829778113047">
        <ele>44.3</ele>
        <time>2026-08-04T13:45:08.000Z</time>
      </trkpt>
      <trkpt lat="40.06994951357573" lon="116.34828323461862">
        <ele>44.3</ele>
        <time>2026-08-04T13:45:09.000Z</time>
      </trkpt>
      <trkpt lat="40.06992619979502" lon="116.34826767659938">
        <ele>44.4</ele>
        <time>2026-08-04T13:45:10.000Z</time>
      </trkpt>
      <trkpt lat="40.0699058384579" lon="116.34825203750353">
        <ele>44.4</ele>
        <time>2026-08-04T13:45:11.000Z</time>
      </trkpt>
      <trkpt lat="40.06988876462378" lon="116.34823691507391">
        <ele>44.4</ele>
        <time>2026-08-04T13:45:12.000Z</time>
      </trkpt>
      <trkpt lat="40.06987497012196" lon="116.34822212067272">
        <ele>44.4</ele>
        <time>2026-08-04T13:45:13.000Z</time>
      </trkpt>
      <trkpt lat="40.06986415937581" lon="116.34820727458113">
        <ele>44.4</ele>
        <time>2026-08-04T13:45:14.000Z</time>
      </trkpt>
      <trkpt lat="40.069855852043396" lon="116.3481920437392">
        <ele>44.4</ele>
        <time>2026-08-04T13:45:15.000Z</time>
      </trkpt>
      <trkpt lat="40.06984967467503" lon="116.34817638312097">
        <ele>44.4</ele>
        <time>2026-08-04T13:45:16.000Z</time>
      </trkpt>
      <trkpt lat="40.069845277302775" lon="116.34816002934804">
        <ele>44.4</ele>
        <time>2026-08-04T13:45:17.000Z</time>
      </trkpt>
      <trkpt lat="40.069842251313055" lon="116.34814261095906">
        <ele>44.5</ele>
        <time>2026-08-04T13:45:18.000Z</time>
      </trkpt>
      <trkpt lat="40.06984031344178" lon="116.34812391874475">
        <ele>44.5</ele>
        <time>2026-08-04T13:45:19.000Z</time>
      </trkpt>
      <trkpt lat="40.06983918879972" lon="116.34810300033683">
        <ele>44.5</ele>
        <time>2026-08-04T13:45:20.000Z</time>
      </trkpt>
      <trkpt lat="40.069838760428205" lon="116.34807916834707">
        <ele>44.5</ele>
        <time>2026-08-04T13:45:21.000Z</time>
      </trkpt>
      <trkpt lat="40.06983895176339" lon="116.34805198790154">
        <ele>44.5</ele>
        <time>2026-08-04T13:45:22.000Z</time>
      </trkpt>
      <trkpt lat="40.06983958472018" lon="116.34802103170186">
        <ele>44.5</ele>
        <time>2026-08-04T13:45:23.000Z</time>
      </trkpt>
      <trkpt lat="40.06984043086417" lon="116.34798648264112">
        <ele>44.5</ele>
        <time>2026-08-04T13:45:24.000Z</time>
      </trkpt>
      <trkpt lat="40.06984129578338" lon="116.34794929745664">
        <ele>44.5</ele>
        <time>2026-08-04T13:45:25.000Z</time>
      </trkpt>
      <trkpt lat="40.06984205190526" lon="116.34791130792703">
        <ele>44.5</ele>
        <time>2026-08-04T13:45:26.000Z</time>
      </trkpt>
      <trkpt lat="40.0698426645481" lon="116.34787395232418">
        <ele>44.5</ele>
        <time>2026-08-04T13:45:27.000Z</time>
      </trkpt>
      <trkpt lat="40.06984315572187" lon="116.34783771303394">
        <ele>44.5</ele>
        <time>2026-08-04T13:45:28.000Z</time>
      </trkpt>
      <trkpt lat="40.069843526805" lon="116.34780277679718">
        <ele>44.5</ele>
        <time>2026-08-04T13:45:29.000Z</time>
      </trkpt>
      <trkpt lat="40.06984380078102" lon="116.34776894565076">
        <ele>44.5</ele>
        <time>2026-08-04T13:45:30.000Z</time>
      </trkpt>
      <trkpt lat="40.06984405415188" lon="116.34773582083248">
        <ele>44.6</ele>
        <time>2026-08-04T13:45:31.000Z</time>
      </trkpt>
      <trkpt lat="40.069844362352924" lon="116.34770326051292">
        <ele>44.6</ele>
        <time>2026-08-04T13:45:32.000Z</time>
      </trkpt>
      <trkpt lat="40.0698447205066" lon="116.34767116835052">
        <ele>44.6</ele>
        <time>2026-08-04T13:45:33.000Z</time>
      </trkpt>
      <trkpt lat="40.06984512428702" lon="116.3476393106268">
        <ele>44.6</ele>
        <time>2026-08-04T13:45:34.000Z</time>
      </trkpt>
      <trkpt lat="40.069845605001824" lon="116.34760742420994">
        <ele>44.6</ele>
        <time>2026-08-04T13:45:35.000Z</time>
      </trkpt>
      <trkpt lat="40.06984620164807" lon="116.3475753664675">
        <ele>44.6</ele>
        <time>2026-08-04T13:45:36.000Z</time>
      </trkpt>
      <trkpt lat="40.06984692195363" lon="116.34754311346389">
        <ele>44.6</ele>
        <time>2026-08-04T13:45:37.000Z</time>
      </trkpt>
      <trkpt lat="40.06984771238137" lon="116.34751079758901">
        <ele>44.6</ele>
        <time>2026-08-04T13:45:38.000Z</time>
      </trkpt>
      <trkpt lat="40.06984856349484" lon="116.34747851358286">
        <ele>44.6</ele>
        <time>2026-08-04T13:45:39.000Z</time>
      </trkpt>
      <trkpt lat="40.06984955049274" lon="116.34744604379061">
        <ele>44.6</ele>
        <time>2026-08-04T13:45:40.000Z</time>
      </trkpt>
      <trkpt lat="40.06985075580618" lon="116.3474130956485">
        <ele>44.6</ele>
        <time>2026-08-04T13:45:41.000Z</time>
      </trkpt>
      <trkpt lat="40.06985222652134" lon="116.3473796294458">
        <ele>44.6</ele>
        <time>2026-08-04T13:45:42.000Z</time>
      </trkpt>
      <trkpt lat="40.069853938518484" lon="116.34734581210243">
        <ele>44.6</ele>
        <time>2026-08-04T13:45:43.000Z</time>
      </trkpt>
      <trkpt lat="40.069855797988254" lon="116.34731174918436">
        <ele>44.6</ele>
        <time>2026-08-04T13:45:44.000Z</time>
      </trkpt>
      <trkpt lat="40.06985761629125" lon="116.34727771600045">
        <ele>44.6</ele>
        <time>2026-08-04T13:45:45.000Z</time>
      </trkpt>
      <trkpt lat="40.06985917417477" lon="116.34724423517694">
        <ele>44.6</ele>
        <time>2026-08-04T13:45:46.000Z</time>
      </trkpt>
      <trkpt lat="40.06986028164294" lon="116.34721160845638">
        <ele>44.6</ele>
        <time>2026-08-04T13:45:47.000Z</time>
      </trkpt>
      <trkpt lat="40.06986088145987" lon="116.34717988589234">
        <ele>44.6</ele>
        <time>2026-08-04T13:45:48.000Z</time>
      </trkpt>
      <trkpt lat="40.069861088008246" lon="116.34714895834578">
        <ele>44.6</ele>
        <time>2026-08-04T13:45:49.000Z</time>
      </trkpt>
      <trkpt lat="40.06986099176696" lon="116.3471186189512">
        <ele>44.6</ele>
        <time>2026-08-04T13:45:50.000Z</time>
      </trkpt>
      <trkpt lat="40.06986058498398" lon="116.34708876610196">
        <ele>44.6</ele>
        <time>2026-08-04T13:45:51.000Z</time>
      </trkpt>
      <trkpt lat="40.069859918950954" lon="116.34705938960244">
        <ele>44.6</ele>
        <time>2026-08-04T13:45:52.000Z</time>
      </trkpt>
      <trkpt lat="40.06985915816604" lon="116.34703040807463">
        <ele>44.7</ele>
        <time>2026-08-04T13:45:53.000Z</time>
      </trkpt>
      <trkpt lat="40.06985840834732" lon="116.34700165927768">
        <ele>44.7</ele>
        <time>2026-08-04T13:45:54.000Z</time>
      </trkpt>
      <trkpt lat="40.069857651376815" lon="116.34697289740681">
        <ele>44.7</ele>
        <time>2026-08-04T13:45:55.000Z</time>
      </trkpt>
      <trkpt lat="40.06985688386848" lon="116.34694387652036">
        <ele>44.7</ele>
        <time>2026-08-04T13:45:56.000Z</time>
      </trkpt>
      <trkpt lat="40.06985616214842" lon="116.34691448984937">
        <ele>44.7</ele>
        <time>2026-08-04T13:45:57.000Z</time>
      </trkpt>
      <trkpt lat="40.069855534326585" lon="116.34688492117249">
        <ele>44.7</ele>
        <time>2026-08-04T13:45:58.000Z</time>
      </trkpt>
      <trkpt lat="40.069854987359705" lon="116.34685539510063">
        <ele>44.7</ele>
        <time>2026-08-04T13:45:59.000Z</time>
      </trkpt>
      <trkpt lat="40.069854471789945" lon="116.34682610888316">
        <ele>44.7</ele>
        <time>2026-08-04T13:46:00.000Z</time>
      </trkpt>
      <trkpt lat="40.06985396279412" lon="116.34679733333749">
        <ele>44.7</ele>
        <time>2026-08-04T13:46:01.000Z</time>
      </trkpt>
      <trkpt lat="40.06985355321284" lon="116.34676960452008">
        <ele>44.7</ele>
        <time>2026-08-04T13:46:02.000Z</time>
      </trkpt>
      <trkpt lat="40.06985346060653" lon="116.34674348409553">
        <ele>44.7</ele>
        <time>2026-08-04T13:46:03.000Z</time>
      </trkpt>
      <trkpt lat="40.069853717932105" lon="116.3467186808868">
        <ele>44.8</ele>
        <time>2026-08-04T13:46:04.000Z</time>
      </trkpt>
      <trkpt lat="40.069854040324394" lon="116.34669461375141">
        <ele>44.8</ele>
        <time>2026-08-04T13:46:05.000Z</time>
      </trkpt>
      <trkpt lat="40.069854352146315" lon="116.34667071503152">
        <ele>44.8</ele>
        <time>2026-08-04T13:46:06.000Z</time>
      </trkpt>
      <trkpt lat="40.069854967343076" lon="116.34664634963767">
        <ele>44.8</ele>
        <time>2026-08-04T13:46:07.000Z</time>
      </trkpt>
      <trkpt lat="40.069856021574104" lon="116.34662118702144">
        <ele>44.8</ele>
        <time>2026-08-04T13:46:08.000Z</time>
      </trkpt>
      <trkpt lat="40.06985741315755" lon="116.34659531341879">
        <ele>44.8</ele>
        <time>2026-08-04T13:46:09.000Z</time>
      </trkpt>
      <trkpt lat="40.069859023350304" lon="116.34656911686089">
        <ele>44.8</ele>
        <time>2026-08-04T13:46:10.000Z</time>
      </trkpt>
      <trkpt lat="40.06986070537924" lon="116.34654291972653">
        <ele>44.8</ele>
        <time>2026-08-04T13:46:11.000Z</time>
      </trkpt>
      <trkpt lat="40.06986234306292" lon="116.34651696204237">
        <ele>44.8</ele>
        <time>2026-08-04T13:46:12.000Z</time>
      </trkpt>
      <trkpt lat="40.069863947337225" lon="116.34649120827774">
        <ele>44.8</ele>
        <time>2026-08-04T13:46:13.000Z</time>
      </trkpt>
      <trkpt lat="40.06986558223499" lon="116.34646540742641">
        <ele>44.8</ele>
        <time>2026-08-04T13:46:14.000Z</time>
      </trkpt>
      <trkpt lat="40.069867222269" lon="116.34643946785731">
        <ele>44.8</ele>
        <time>2026-08-04T13:46:15.000Z</time>
      </trkpt>
      <trkpt lat="40.069868794518655" lon="116.34641345117484">
        <ele>44.8</ele>
        <time>2026-08-04T13:46:16.000Z</time>
      </trkpt>
      <trkpt lat="40.06987021947017" lon="116.34638740598784">
        <ele>44.8</ele>
        <time>2026-08-04T13:46:17.000Z</time>
      </trkpt>
      <trkpt lat="40.06987144115089" lon="116.34636127206417">
        <ele>44.8</ele>
        <time>2026-08-04T13:46:18.000Z</time>
      </trkpt>
      <trkpt lat="40.06987245249981" lon="116.34633498369737">
        <ele>44.8</ele>
        <time>2026-08-04T13:46:19.000Z</time>
      </trkpt>
      <trkpt lat="40.06987325873777" lon="116.34630853681963">
        <ele>44.8</ele>
        <time>2026-08-04T13:46:20.000Z</time>
      </trkpt>
      <trkpt lat="40.0698738229158" lon="116.34628187028743">
        <ele>44.8</ele>
        <time>2026-08-04T13:46:21.000Z</time>
      </trkpt>
      <trkpt lat="40.069874065971355" lon="116.3462549653122">
        <ele>44.8</ele>
        <time>2026-08-04T13:46:22.000Z</time>
      </trkpt>
      <trkpt lat="40.06987395677845" lon="116.34622786732267">
        <ele>44.9</ele>
        <time>2026-08-04T13:46:23.000Z</time>
      </trkpt>
      <trkpt lat="40.06987354178797" lon="116.34620054409075">
        <ele>44.9</ele>
        <time>2026-08-04T13:46:24.000Z</time>
      </trkpt>
      <trkpt lat="40.069872921949916" lon="116.346172978448">
        <ele>44.9</ele>
        <time>2026-08-04T13:46:25.000Z</time>
      </trkpt>
      <trkpt lat="40.06987221729785" lon="116.346145241368">
        <ele>44.9</ele>
        <time>2026-08-04T13:46:26.000Z</time>
      </trkpt>
      <trkpt lat="40.069871480917094" lon="116.3461176058769">
        <ele>44.9</ele>
        <time>2026-08-04T13:46:27.000Z</time>
      </trkpt>
      <trkpt lat="40.06987064449591" lon="116.34609055832999">
        <ele>44.9</ele>
        <time>2026-08-04T13:46:28.000Z</time>
      </trkpt>
      <trkpt lat="40.06986962039633" lon="116.3460645881399">
        <ele>44.9</ele>
        <time>2026-08-04T13:46:29.000Z</time>
      </trkpt>
      <trkpt lat="40.06986838321519" lon="116.34603998556823">
        <ele>44.9</ele>
        <time>2026-08-04T13:46:30.000Z</time>
      </trkpt>
      <trkpt lat="40.069866990106725" lon="116.34601662691861">
        <ele>44.9</ele>
        <time>2026-08-04T13:46:31.000Z</time>
      </trkpt>
      <trkpt lat="40.06986552441068" lon="116.34599401791742">
        <ele>44.9</ele>
        <time>2026-08-04T13:46:32.000Z</time>
      </trkpt>
      <trkpt lat="40.06986395356578" lon="116.34597145804648">
        <ele>45.0</ele>
        <time>2026-08-04T13:46:33.000Z</time>
      </trkpt>
      <trkpt lat="40.069862231380725" lon="116.34594824011195">
        <ele>45.0</ele>
        <time>2026-08-04T13:46:34.000Z</time>
      </trkpt>
      <trkpt lat="40.0698604167188" lon="116.345923840015">
        <ele>45.0</ele>
        <time>2026-08-04T13:46:35.000Z</time>
      </trkpt>
      <trkpt lat="40.06985856494055" lon="116.34589778593768">
        <ele>45.0</ele>
        <time>2026-08-04T13:46:36.000Z</time>
      </trkpt>
      <trkpt lat="40.06985672551813" lon="116.34586968942264">
        <ele>45.0</ele>
        <time>2026-08-04T13:46:37.000Z</time>
      </trkpt>
      <trkpt lat="40.06985495086184" lon="116.3458396346938">
        <ele>45.0</ele>
        <time>2026-08-04T13:46:38.000Z</time>
      </trkpt>
      <trkpt lat="40.06985327823855" lon="116.34580803693397">
        <ele>45.0</ele>
        <time>2026-08-04T13:46:39.000Z</time>
      </trkpt>
      <trkpt lat="40.06985174005662" lon="116.34577536076526">
        <ele>45.0</ele>
        <time>2026-08-04T13:46:40.000Z</time>
      </trkpt>
      <trkpt lat="40.069850353444316" lon="116.34574232221041">
        <ele>45.0</ele>
        <time>2026-08-04T13:46:41.000Z</time>
      </trkpt>
      <trkpt lat="40.06984914624106" lon="116.34570954999673">
        <ele>45.0</ele>
        <time>2026-08-04T13:46:42.000Z</time>
      </trkpt>
      <trkpt lat="40.06984815712404" lon="116.34567735424955">
        <ele>45.1</ele>
        <time>2026-08-04T13:46:43.000Z</time>
      </trkpt>
      <trkpt lat="40.069847440208996" lon="116.34564591576708">
        <ele>45.1</ele>
        <time>2026-08-04T13:46:44.000Z</time>
      </trkpt>
      <trkpt lat="40.069847036865625" lon="116.3456151511723">
        <ele>45.1</ele>
        <time>2026-08-04T13:46:45.000Z</time>
      </trkpt>
      <trkpt lat="40.06984688976871" lon="116.34558484364224">
        <ele>45.1</ele>
        <time>2026-08-04T13:46:46.000Z</time>
      </trkpt>
      <trkpt lat="40.069846968751946" lon="116.34555490947989">
        <ele>45.1</ele>
        <time>2026-08-04T13:46:47.000Z</time>
      </trkpt>
      <trkpt lat="40.069847339467614" lon="116.34552534771491">
        <ele>45.1</ele>
        <time>2026-08-04T13:46:48.000Z</time>
      </trkpt>
      <trkpt lat="40.069848054725426" lon="116.34549610114911">
        <ele>45.1</ele>
        <time>2026-08-04T13:46:49.000Z</time>
      </trkpt>
      <trkpt lat="40.06984912048793" lon="116.34546699658806">
        <ele>45.1</ele>
        <time>2026-08-04T13:46:50.000Z</time>
      </trkpt>
      <trkpt lat="40.069850525146265" lon="116.34543778031018">
        <ele>45.1</ele>
        <time>2026-08-04T13:46:51.000Z</time>
      </trkpt>
      <trkpt lat="40.069852249863445" lon="116.34540848543709">
        <ele>45.1</ele>
        <time>2026-08-04T13:46:52.000Z</time>
      </trkpt>
      <trkpt lat="40.06985422105567" lon="116.34537934613759">
        <ele>45.1</ele>
        <time>2026-08-04T13:46:53.000Z</time>
      </trkpt>
      <trkpt lat="40.069856406177806" lon="116.34535027101282">
        <ele>45.2</ele>
        <time>2026-08-04T13:46:54.000Z</time>
      </trkpt>
      <trkpt lat="40.06985884248732" lon="116.34532109713243">
        <ele>45.2</ele>
        <time>2026-08-04T13:46:55.000Z</time>
      </trkpt>
      <trkpt lat="40.06986153918669" lon="116.34529196921673">
        <ele>45.2</ele>
        <time>2026-08-04T13:46:56.000Z</time>
      </trkpt>
      <trkpt lat="40.06986438672509" lon="116.34526315064167">
        <ele>45.2</ele>
        <time>2026-08-04T13:46:57.000Z</time>
      </trkpt>
      <trkpt lat="40.06986725250118" lon="116.34523477315915">
        <ele>45.2</ele>
        <time>2026-08-04T13:46:58.000Z</time>
      </trkpt>
      <trkpt lat="40.069870085586025" lon="116.3452067752731">
        <ele>45.2</ele>
        <time>2026-08-04T13:46:59.000Z</time>
      </trkpt>
      <trkpt lat="40.069872904415966" lon="116.34517911923916">
        <ele>45.2</ele>
        <time>2026-08-04T13:47:00.000Z</time>
      </trkpt>
      <trkpt lat="40.06987575912431" lon="116.34515165210483">
        <ele>45.2</ele>
        <time>2026-08-04T13:47:01.000Z</time>
      </trkpt>
      <trkpt lat="40.069878688472976" lon="116.34512397370882">
        <ele>45.2</ele>
        <time>2026-08-04T13:47:02.000Z</time>
      </trkpt>
      <trkpt lat="40.06988161500587" lon="116.34509572088359">
        <ele>45.2</ele>
        <time>2026-08-04T13:47:03.000Z</time>
      </trkpt>
      <trkpt lat="40.069884327488644" lon="116.3450667274062">
        <ele>45.2</ele>
        <time>2026-08-04T13:47:04.000Z</time>
      </trkpt>
      <trkpt lat="40.06988669709635" lon="116.34503713064443">
        <ele>45.2</ele>
        <time>2026-08-04T13:47:05.000Z</time>
      </trkpt>
      <trkpt lat="40.0698886893712" lon="116.34500728504446">
        <ele>45.2</ele>
        <time>2026-08-04T13:47:06.000Z</time>
      </trkpt>
      <trkpt lat="40.06989035988814" lon="116.34497758452895">
        <ele>45.2</ele>
        <time>2026-08-04T13:47:07.000Z</time>
      </trkpt>
      <trkpt lat="40.06989182385414" lon="116.34494840908644">
        <ele>45.2</ele>
        <time>2026-08-04T13:47:08.000Z</time>
      </trkpt>
      <trkpt lat="40.06989313099812" lon="116.34492010825477">
        <ele>45.2</ele>
        <time>2026-08-04T13:47:09.000Z</time>
      </trkpt>
      <trkpt lat="40.069894285797865" lon="116.34489260605999">
        <ele>45.2</ele>
        <time>2026-08-04T13:47:10.000Z</time>
      </trkpt>
      <trkpt lat="40.06989530367484" lon="116.34486522980085">
        <ele>45.2</ele>
        <time>2026-08-04T13:47:11.000Z</time>
      </trkpt>
      <trkpt lat="40.06989618446617" lon="116.34483730515298">
        <ele>45.2</ele>
        <time>2026-08-04T13:47:12.000Z</time>
      </trkpt>
      <trkpt lat="40.06989686944683" lon="116.34480860121154">
        <ele>45.2</ele>
        <time>2026-08-04T13:47:13.000Z</time>
      </trkpt>
      <trkpt lat="40.06989731478407" lon="116.3447792655321">
        <ele>45.2</ele>
        <time>2026-08-04T13:47:14.000Z</time>
      </trkpt>
      <trkpt lat="40.06989757135026" lon="116.34474957424665">
        <ele>45.2</ele>
        <time>2026-08-04T13:47:15.000Z</time>
      </trkpt>
      <trkpt lat="40.06989773334014" lon="116.3447196514036">
        <ele>45.3</ele>
        <time>2026-08-04T13:47:16.000Z</time>
      </trkpt>
      <trkpt lat="40.06989784513647" lon="116.3446895807639">
        <ele>45.3</ele>
        <time>2026-08-04T13:47:17.000Z</time>
      </trkpt>
      <trkpt lat="40.06989787967202" lon="116.34465933255593">
        <ele>45.3</ele>
        <time>2026-08-04T13:47:18.000Z</time>
      </trkpt>
      <trkpt lat="40.069897818440175" lon="116.34462865720666">
        <ele>45.3</ele>
        <time>2026-08-04T13:47:19.000Z</time>
      </trkpt>
      <trkpt lat="40.0698977191427" lon="116.34459773384305">
        <ele>45.3</ele>
        <time>2026-08-04T13:47:20.000Z</time>
      </trkpt>
      <trkpt lat="40.06989771582579" lon="116.34456715383034">
        <ele>45.3</ele>
        <time>2026-08-04T13:47:21.000Z</time>
      </trkpt>
      <trkpt lat="40.069897927794706" lon="116.34453712726526">
        <ele>45.3</ele>
        <time>2026-08-04T13:47:22.000Z</time>
      </trkpt>
      <trkpt lat="40.06989847063661" lon="116.34450744189678">
        <ele>45.3</ele>
        <time>2026-08-04T13:47:23.000Z</time>
      </trkpt>
      <trkpt lat="40.069899475991726" lon="116.34447789297585">
        <ele>45.3</ele>
        <time>2026-08-04T13:47:24.000Z</time>
      </trkpt>
      <trkpt lat="40.06990104368006" lon="116.344448420624">
        <ele>45.3</ele>
        <time>2026-08-04T13:47:25.000Z</time>
      </trkpt>
      <trkpt lat="40.06990324465002" lon="116.34441919867295">
        <ele>45.3</ele>
        <time>2026-08-04T13:47:26.000Z</time>
      </trkpt>
      <trkpt lat="40.06990591940625" lon="116.34439038468389">
        <ele>45.4</ele>
        <time>2026-08-04T13:47:27.000Z</time>
      </trkpt>
      <trkpt lat="40.06990857713613" lon="116.3443618334812">
        <ele>45.4</ele>
        <time>2026-08-04T13:47:28.000Z</time>
      </trkpt>
      <trkpt lat="40.06991064686708" lon="116.34433334008412">
        <ele>45.3</ele>
        <time>2026-08-04T13:47:29.000Z</time>
      </trkpt>
      <trkpt lat="40.06991180369196" lon="116.34430477552908">
        <ele>45.3</ele>
        <time>2026-08-04T13:47:30.000Z</time>
      </trkpt>
      <trkpt lat="40.0699120566781" lon="116.34427605675026">
        <ele>45.3</ele>
        <time>2026-08-04T13:47:31.000Z</time>
      </trkpt>
      <trkpt lat="40.0699116713454" lon="116.34424726866078">
        <ele>45.3</ele>
        <time>2026-08-04T13:47:32.000Z</time>
      </trkpt>
      <trkpt lat="40.06991104385675" lon="116.34421845381623">
        <ele>45.3</ele>
        <time>2026-08-04T13:47:33.000Z</time>
      </trkpt>
      <trkpt lat="40.06991053833418" lon="116.34418958137562">
        <ele>45.3</ele>
        <time>2026-08-04T13:47:34.000Z</time>
      </trkpt>
      <trkpt lat="40.06991037705876" lon="116.34416075736416">
        <ele>45.3</ele>
        <time>2026-08-04T13:47:35.000Z</time>
      </trkpt>
      <trkpt lat="40.06991068358703" lon="116.34413228058143">
        <ele>45.3</ele>
        <time>2026-08-04T13:47:36.000Z</time>
      </trkpt>
      <trkpt lat="40.06991154426032" lon="116.34410444658914">
        <ele>45.3</ele>
        <time>2026-08-04T13:47:37.000Z</time>
      </trkpt>
      <trkpt lat="40.06991278034473" lon="116.34407736278901">
        <ele>45.3</ele>
        <time>2026-08-04T13:47:38.000Z</time>
      </trkpt>
      <trkpt lat="40.069913872693256" lon="116.34405114083341">
        <ele>45.3</ele>
        <time>2026-08-04T13:47:39.000Z</time>
      </trkpt>
      <trkpt lat="40.069914501563964" lon="116.34402603616365">
        <ele>45.3</ele>
        <time>2026-08-04T13:47:40.000Z</time>
      </trkpt>
      <trkpt lat="40.06991489292078" lon="116.34400199097024">
        <ele>45.3</ele>
        <time>2026-08-04T13:47:41.000Z</time>
      </trkpt>
      <trkpt lat="40.06991535835611" lon="116.34397813029122">
        <ele>45.3</ele>
        <time>2026-08-04T13:47:42.000Z</time>
      </trkpt>
      <trkpt lat="40.06991599531999" lon="116.3439533454849">
        <ele>45.3</ele>
        <time>2026-08-04T13:47:43.000Z</time>
      </trkpt>
      <trkpt lat="40.06991685259439" lon="116.3439269882381">
        <ele>45.3</ele>
        <time>2026-08-04T13:47:44.000Z</time>
      </trkpt>
      <trkpt lat="40.069917977849535" lon="116.3438991156823">
        <ele>45.3</ele>
        <time>2026-08-04T13:47:45.000Z</time>
      </trkpt>
      <trkpt lat="40.06991927820122" lon="116.34387023836935">
        <ele>45.3</ele>
        <time>2026-08-04T13:47:46.000Z</time>
      </trkpt>
      <trkpt lat="40.06992051830055" lon="116.34384058271564">
        <ele>45.3</ele>
        <time>2026-08-04T13:47:47.000Z</time>
      </trkpt>
      <trkpt lat="40.06992148741047" lon="116.34381017336412">
        <ele>45.3</ele>
        <time>2026-08-04T13:47:48.000Z</time>
      </trkpt>
      <trkpt lat="40.06992208792305" lon="116.34377932820082">
        <ele>45.3</ele>
        <time>2026-08-04T13:47:49.000Z</time>
      </trkpt>
      <trkpt lat="40.069922437557814" lon="116.34374854876052">
        <ele>45.3</ele>
        <time>2026-08-04T13:47:50.000Z</time>
      </trkpt>
      <trkpt lat="40.069922740621486" lon="116.34371816327923">
        <ele>45.3</ele>
        <time>2026-08-04T13:47:51.000Z</time>
      </trkpt>
      <trkpt lat="40.06992308715758" lon="116.3436880889324">
        <ele>45.2</ele>
        <time>2026-08-04T13:47:52.000Z</time>
      </trkpt>
      <trkpt lat="40.06992354470531" lon="116.34365820129092">
        <ele>45.2</ele>
        <time>2026-08-04T13:47:53.000Z</time>
      </trkpt>
      <trkpt lat="40.069924181046254" lon="116.34362851052082">
        <ele>45.3</ele>
        <time>2026-08-04T13:47:54.000Z</time>
      </trkpt>
      <trkpt lat="40.06992499108993" lon="116.34359897751823">
        <ele>45.3</ele>
        <time>2026-08-04T13:47:55.000Z</time>
      </trkpt>
      <trkpt lat="40.06992590170218" lon="116.34356959964242">
        <ele>45.3</ele>
        <time>2026-08-04T13:47:56.000Z</time>
      </trkpt>
      <trkpt lat="40.069926848712285" lon="116.34354049361022">
        <ele>45.3</ele>
        <time>2026-08-04T13:47:57.000Z</time>
      </trkpt>
      <trkpt lat="40.069927805406266" lon="116.34351173397809">
        <ele>45.3</ele>
        <time>2026-08-04T13:47:58.000Z</time>
      </trkpt>
      <trkpt lat="40.06992877494463" lon="116.34348326367918">
        <ele>45.3</ele>
        <time>2026-08-04T13:47:59.000Z</time>
      </trkpt>
      <trkpt lat="40.069929738526824" lon="116.34345498014032">
        <ele>45.4</ele>
        <time>2026-08-04T13:48:00.000Z</time>
      </trkpt>
      <trkpt lat="40.069930657265466" lon="116.3434267191587">
        <ele>45.4</ele>
        <time>2026-08-04T13:48:01.000Z</time>
      </trkpt>
      <trkpt lat="40.06993150730332" lon="116.34339839444391">
        <ele>45.4</ele>
        <time>2026-08-04T13:48:02.000Z</time>
      </trkpt>
      <trkpt lat="40.069932253371604" lon="116.34336997823954">
        <ele>45.4</ele>
        <time>2026-08-04T13:48:03.000Z</time>
      </trkpt>
      <trkpt lat="40.06993280691146" lon="116.3433415516864">
        <ele>45.4</ele>
        <time>2026-08-04T13:48:04.000Z</time>
      </trkpt>
      <trkpt lat="40.06993307071518" lon="116.34331344943244">
        <ele>45.4</ele>
        <time>2026-08-04T13:48:05.000Z</time>
      </trkpt>
      <trkpt lat="40.06993298357019" lon="116.34328602835312">
        <ele>45.5</ele>
        <time>2026-08-04T13:48:06.000Z</time>
      </trkpt>
      <trkpt lat="40.06993247844026" lon="116.34325940959648">
        <ele>45.5</ele>
        <time>2026-08-04T13:48:07.000Z</time>
      </trkpt>
      <trkpt lat="40.06993144842999" lon="116.34323361144166">
        <ele>45.5</ele>
        <time>2026-08-04T13:48:08.000Z</time>
      </trkpt>
      <trkpt lat="40.069929908533204" lon="116.34320866685856">
        <ele>45.5</ele>
        <time>2026-08-04T13:48:09.000Z</time>
      </trkpt>
      <trkpt lat="40.069928045969945" lon="116.3431845724449">
        <ele>45.5</ele>
        <time>2026-08-04T13:48:10.000Z</time>
      </trkpt>
      <trkpt lat="40.06992605027944" lon="116.34316138107833">
        <ele>45.5</ele>
        <time>2026-08-04T13:48:11.000Z</time>
      </trkpt>
      <trkpt lat="40.069924045717364" lon="116.34313919762775">
        <ele>45.5</ele>
        <time>2026-08-04T13:48:12.000Z</time>
      </trkpt>
      <trkpt lat="40.06992205741776" lon="116.34311813654654">
        <ele>45.5</ele>
        <time>2026-08-04T13:48:13.000Z</time>
      </trkpt>
      <trkpt lat="40.06992007897461" lon="116.34309761635343">
        <ele>45.5</ele>
        <time>2026-08-04T13:48:14.000Z</time>
      </trkpt>
      <trkpt lat="40.06991808094621" lon="116.34307674744278">
        <ele>45.5</ele>
        <time>2026-08-04T13:48:15.000Z</time>
      </trkpt>
      <trkpt lat="40.06991602281331" lon="116.34305523476154">
        <ele>45.5</ele>
        <time>2026-08-04T13:48:16.000Z</time>
      </trkpt>
      <trkpt lat="40.06991399666443" lon="116.343033120012">
        <ele>45.5</ele>
        <time>2026-08-04T13:48:17.000Z</time>
      </trkpt>
      <trkpt lat="40.06991215262486" lon="116.34301058598143">
        <ele>45.4</ele>
        <time>2026-08-04T13:48:18.000Z</time>
      </trkpt>
      <trkpt lat="40.069910565464895" lon="116.34298745801995">
        <ele>45.4</ele>
        <time>2026-08-04T13:48:19.000Z</time>
      </trkpt>
      <trkpt lat="40.069909289482396" lon="116.34296323564702">
        <ele>45.4</ele>
        <time>2026-08-04T13:48:20.000Z</time>
      </trkpt>
      <trkpt lat="40.06990834214145" lon="116.34293758839951">
        <ele>45.4</ele>
        <time>2026-08-04T13:48:21.000Z</time>
      </trkpt>
      <trkpt lat="40.06990768188418" lon="116.34291036598256">
        <ele>45.4</ele>
        <time>2026-08-04T13:48:22.000Z</time>
      </trkpt>
      <trkpt lat="40.06990717582549" lon="116.3428815494374">
        <ele>45.4</ele>
        <time>2026-08-04T13:48:23.000Z</time>
      </trkpt>
      <trkpt lat="40.069906646264016" lon="116.34285120040101">
        <ele>45.4</ele>
        <time>2026-08-04T13:48:24.000Z</time>
      </trkpt>
      <trkpt lat="40.06990594907083" lon="116.34281949067393">
        <ele>45.4</ele>
        <time>2026-08-04T13:48:25.000Z</time>
      </trkpt>
      <trkpt lat="40.069905013446075" lon="116.34278675113744">
        <ele>45.4</ele>
        <time>2026-08-04T13:48:26.000Z</time>
      </trkpt>
      <trkpt lat="40.06990371933772" lon="116.34275323784937">
        <ele>45.4</ele>
        <time>2026-08-04T13:48:27.000Z</time>
      </trkpt>
      <trkpt lat="40.06990194164409" lon="116.34271907006581">
        <ele>45.4</ele>
        <time>2026-08-04T13:48:28.000Z</time>
      </trkpt>
      <trkpt lat="40.069899707356264" lon="116.34268441028753">
        <ele>45.4</ele>
        <time>2026-08-04T13:48:29.000Z</time>
      </trkpt>
      <trkpt lat="40.0698971415455" lon="116.3426494597785">
        <ele>45.4</ele>
        <time>2026-08-04T13:48:30.000Z</time>
      </trkpt>
      <trkpt lat="40.069894389931434" lon="116.34261448323024">
        <ele>45.4</ele>
        <time>2026-08-04T13:48:31.000Z</time>
      </trkpt>
      <trkpt lat="40.06989165062905" lon="116.3425801869188">
        <ele>45.4</ele>
        <time>2026-08-04T13:48:32.000Z</time>
      </trkpt>
      <trkpt lat="40.06988917845731" lon="116.34254744908962">
        <ele>45.4</ele>
        <time>2026-08-04T13:48:33.000Z</time>
      </trkpt>
      <trkpt lat="40.06988712061534" lon="116.34251649487562">
        <ele>45.4</ele>
        <time>2026-08-04T13:48:34.000Z</time>
      </trkpt>
      <trkpt lat="40.06988542992467" lon="116.3424869365588">
        <ele>45.4</ele>
        <time>2026-08-04T13:48:35.000Z</time>
      </trkpt>
      <trkpt lat="40.06988393311687" lon="116.34245794638548">
        <ele>45.4</ele>
        <time>2026-08-04T13:48:36.000Z</time>
      </trkpt>
      <trkpt lat="40.06988250989834" lon="116.34242857283398">
        <ele>45.4</ele>
        <time>2026-08-04T13:48:37.000Z</time>
      </trkpt>
      <trkpt lat="40.069881124879544" lon="116.34239817179184">
        <ele>45.4</ele>
        <time>2026-08-04T13:48:38.000Z</time>
      </trkpt>
      <trkpt lat="40.06987979089661" lon="116.34236667602767">
        <ele>45.4</ele>
        <time>2026-08-04T13:48:39.000Z</time>
      </trkpt>
      <trkpt lat="40.06987852197846" lon="116.34233454063626">
        <ele>45.4</ele>
        <time>2026-08-04T13:48:40.000Z</time>
      </trkpt>
      <trkpt lat="40.06987736229523" lon="116.3423025994455">
        <ele>45.4</ele>
        <time>2026-08-04T13:48:41.000Z</time>
      </trkpt>
      <trkpt lat="40.069876426208666" lon="116.34227176163095">
        <ele>45.4</ele>
        <time>2026-08-04T13:48:42.000Z</time>
      </trkpt>
      <trkpt lat="40.06987586444732" lon="116.34224275794966">
        <ele>45.4</ele>
        <time>2026-08-04T13:48:43.000Z</time>
      </trkpt>
      <trkpt lat="40.06987572971042" lon="116.34221615970891">
        <ele>45.4</ele>
        <time>2026-08-04T13:48:44.000Z</time>
      </trkpt>
      <trkpt lat="40.069875837072495" lon="116.34219207292576">
        <ele>45.4</ele>
        <time>2026-08-04T13:48:45.000Z</time>
      </trkpt>
      <trkpt lat="40.06987599734547" lon="116.342169984616">
        <ele>45.4</ele>
        <time>2026-08-04T13:48:46.000Z</time>
      </trkpt>
      <trkpt lat="40.06987619929998" lon="116.34214898131798">
        <ele>45.5</ele>
        <time>2026-08-04T13:48:47.000Z</time>
      </trkpt>
      <trkpt lat="40.06987653263613" lon="116.3421281351722">
        <ele>45.5</ele>
        <time>2026-08-04T13:48:48.000Z</time>
      </trkpt>
      <trkpt lat="40.06987707629599" lon="116.3421067083152">
        <ele>45.5</ele>
        <time>2026-08-04T13:48:49.000Z</time>
      </trkpt>
      <trkpt lat="40.06987789734851" lon="116.3420841619589">
        <ele>45.5</ele>
        <time>2026-08-04T13:48:50.000Z</time>
      </trkpt>
      <trkpt lat="40.06987912756453" lon="116.34206039034426">
        <ele>45.5</ele>
        <time>2026-08-04T13:48:51.000Z</time>
      </trkpt>
      <trkpt lat="40.06988084460185" lon="116.34203562829379">
        <ele>45.5</ele>
        <time>2026-08-04T13:48:52.000Z</time>
      </trkpt>
      <trkpt lat="40.06988306426757" lon="116.34201011185209">
        <ele>45.5</ele>
        <time>2026-08-04T13:48:53.000Z</time>
      </trkpt>
      <trkpt lat="40.06988580718799" lon="116.3419840188491">
        <ele>45.5</ele>
        <time>2026-08-04T13:48:54.000Z</time>
      </trkpt>
      <trkpt lat="40.069888978481714" lon="116.3419573080703">
        <ele>45.5</ele>
        <time>2026-08-04T13:48:55.000Z</time>
      </trkpt>
      <trkpt lat="40.06989240982947" lon="116.3419298643106">
        <ele>45.5</ele>
        <time>2026-08-04T13:48:56.000Z</time>
      </trkpt>
      <trkpt lat="40.069895933452834" lon="116.3419016627888">
        <ele>45.5</ele>
        <time>2026-08-04T13:48:57.000Z</time>
      </trkpt>
      <trkpt lat="40.069899444869165" lon="116.34187282272079">
        <ele>45.5</ele>
        <time>2026-08-04T13:48:58.000Z</time>
      </trkpt>
      <trkpt lat="40.069902914157446" lon="116.34184358668506">
        <ele>45.5</ele>
        <time>2026-08-04T13:48:59.000Z</time>
      </trkpt>
      <trkpt lat="40.06990624073585" lon="116.34181425632012">
        <ele>45.6</ele>
        <time>2026-08-04T13:49:00.000Z</time>
      </trkpt>
      <trkpt lat="40.06990921757428" lon="116.34178517106508">
        <ele>45.6</ele>
        <time>2026-08-04T13:49:01.000Z</time>
      </trkpt>
      <trkpt lat="40.069911679230586" lon="116.34175644517195">
        <ele>45.6</ele>
        <time>2026-08-04T13:49:02.000Z</time>
      </trkpt>
      <trkpt lat="40.069913570942695" lon="116.34172807661015">
        <ele>45.6</ele>
        <time>2026-08-04T13:49:03.000Z</time>
      </trkpt>
      <trkpt lat="40.06991497120975" lon="116.3417001348909">
        <ele>45.6</ele>
        <time>2026-08-04T13:49:04.000Z</time>
      </trkpt>
      <trkpt lat="40.069916061460134" lon="116.3416727057693">
        <ele>45.6</ele>
        <time>2026-08-04T13:49:05.000Z</time>
      </trkpt>
      <trkpt lat="40.06991697752773" lon="116.34164590947435">
        <ele>45.6</ele>
        <time>2026-08-04T13:49:06.000Z</time>
      </trkpt>
      <trkpt lat="40.06991773322661" lon="116.34161970136796">
        <ele>45.6</ele>
        <time>2026-08-04T13:49:07.000Z</time>
      </trkpt>
      <trkpt lat="40.06991830985105" lon="116.34159400103789">
        <ele>45.6</ele>
        <time>2026-08-04T13:49:08.000Z</time>
      </trkpt>
      <trkpt lat="40.069918717958906" lon="116.34156888274978">
        <ele>45.6</ele>
        <time>2026-08-04T13:49:09.000Z</time>
      </trkpt>
      <trkpt lat="40.069918985264025" lon="116.3415442466523">
        <ele>45.6</ele>
        <time>2026-08-04T13:49:10.000Z</time>
      </trkpt>
      <trkpt lat="40.06991914748188" lon="116.3415196726249">
        <ele>45.7</ele>
        <time>2026-08-04T13:49:11.000Z</time>
      </trkpt>
      <trkpt lat="40.06991926164801" lon="116.34149490006737">
        <ele>45.7</ele>
        <time>2026-08-04T13:49:12.000Z</time>
      </trkpt>
      <trkpt lat="40.06991936518915" lon="116.34147001613323">
        <ele>45.7</ele>
        <time>2026-08-04T13:49:13.000Z</time>
      </trkpt>
      <trkpt lat="40.06991943161969" lon="116.34144510791356">
        <ele>45.7</ele>
        <time>2026-08-04T13:49:14.000Z</time>
      </trkpt>
      <trkpt lat="40.069919437218395" lon="116.34142013074307">
        <ele>45.7</ele>
        <time>2026-08-04T13:49:15.000Z</time>
      </trkpt>
      <trkpt lat="40.0699193947849" lon="116.34139488002069">
        <ele>45.7</ele>
        <time>2026-08-04T13:49:16.000Z</time>
        <extensions>
          <gpxtpx:TrackPointExtension>
            <gpxtpx:hr>158</gpxtpx:hr>
          </gpxtpx:TrackPointExtension>
        </extensions>
      </trkpt>
      <trkpt lat="40.069919306824175" lon="116.34136908085299">
        <ele>45.7</ele>
        <time>2026-08-04T13:49:17.000Z</time>
        <extensions>
          <gpxtpx:TrackPointExtension>
            <gpxtpx:hr>158</gpxtpx:hr>
          </gpxtpx:TrackPointExtension>
        </extensions>
      </trkpt>
      <trkpt lat="40.06991918306532" lon="116.34134249379395">
        <ele>45.7</ele>
        <time>2026-08-04T13:49:18.000Z</time>
        <extensions>
          <gpxtpx:TrackPointExtension>
            <gpxtpx:hr>158</gpxtpx:hr>
          </gpxtpx:TrackPointExtension>
        </extensions>
      </trkpt>
      <trkpt lat="40.06991908864693" lon="116.3413150505613">
        <ele>45.8</ele>
        <time>2026-08-04T13:49:19.000Z</time>
        <extensions>
          <gpxtpx:TrackPointExtension>
            <gpxtpx:hr>158</gpxtpx:hr>
          </gpxtpx:TrackPointExtension>
        </extensions>
      </trkpt>
      <trkpt lat="40.069919104628376" lon="116.34128704567749">
        <ele>45.8</ele>
        <time>2026-08-04T13:49:20.000Z</time>
        <extensions>
          <gpxtpx:TrackPointExtension>
            <gpxtpx:hr>158</gpxtpx:hr>
          </gpxtpx:TrackPointExtension>
        </extensions>
      </trkpt>
      <trkpt lat="40.06991921440388" lon="116.34125901718014">
        <ele>45.8</ele>
        <time>2026-08-04T13:49:21.000Z</time>
        <extensions>
          <gpxtpx:TrackPointExtension>
            <gpxtpx:hr>158</gpxtpx:hr>
          </gpxtpx:TrackPointExtension>
        </extensions>
      </trkpt>
      <trkpt lat="40.06991933008761" lon="116.34123142212276">
        <ele>45.8</ele>
        <time>2026-08-04T13:49:22.000Z</time>
        <extensions>
          <gpxtpx:TrackPointExtension>
            <gpxtpx:hr>158</gpxtpx:hr>
          </gpxtpx:TrackPointExtension>
        </extensions>
      </trkpt>
      <trkpt lat="40.069919409111996" lon="116.34120455675296">
        <ele>45.8</ele>
        <time>2026-08-04T13:49:23.000Z</time>
        <extensions>
          <gpxtpx:TrackPointExtension>
            <gpxtpx:hr>158</gpxtpx:hr>
          </gpxtpx:TrackPointExtension>
        </extensions>
      </trkpt>
      <trkpt lat="40.06991949666991" lon="116.34117852772877">
        <ele>45.8</ele>
        <time>2026-08-04T13:49:24.000Z</time>
        <extensions>
          <gpxtpx:TrackPointExtension>
            <gpxtpx:hr>158</gpxtpx:hr>
          </gpxtpx:TrackPointExtension>
        </extensions>
      </trkpt>
      <trkpt lat="40.069919676549475" lon="116.34115329871621">
        <ele>45.8</ele>
        <time>2026-08-04T13:49:25.000Z</time>
        <extensions>
          <gpxtpx:TrackPointExtension>
            <gpxtpx:hr>158</gpxtpx:hr>
          </gpxtpx:TrackPointExtension>
        </extensions>
      </trkpt>
      <trkpt lat="40.06991992534" lon="116.34112870309815">
        <ele>45.8</ele>
        <time>2026-08-04T13:49:26.000Z</time>
        <extensions>
          <gpxtpx:TrackPointExtension>
            <gpxtpx:hr>158</gpxtpx:hr>
          </gpxtpx:TrackPointExtension>
        </extensions>
      </trkpt>
      <trkpt lat="40.069920209226446" lon="116.34110431004258">
        <ele>45.9</ele>
        <time>2026-08-04T13:49:27.000Z</time>
        <extensions>
          <gpxtpx:TrackPointExtension>
            <gpxtpx:hr>158</gpxtpx:hr>
          </gpxtpx:TrackPointExtension>
        </extensions>
      </trkpt>
      <trkpt lat="40.06992052308146" lon="116.34107966759088">
        <ele>45.9</ele>
        <time>2026-08-04T13:49:28.000Z</time>
        <extensions>
          <gpxtpx:TrackPointExtension>
            <gpxtpx:hr>158</gpxtpx:hr>
          </gpxtpx:TrackPointExtension>
        </extensions>
      </trkpt>
      <trkpt lat="40.06992082244273" lon="116.34105438472413">
        <ele>45.9</ele>
        <time>2026-08-04T13:49:29.000Z</time>
        <extensions>
          <gpxtpx:TrackPointExtension>
            <gpxtpx:hr>158</gpxtpx:hr>
          </gpxtpx:TrackPointExtension>
        </extensions>
      </trkpt>
      <trkpt lat="40.06992105423966" lon="116.34102811902667">
        <ele>45.9</ele>
        <time>2026-08-04T13:49:30.000Z</time>
        <extensions>
          <gpxtpx:TrackPointExtension>
            <gpxtpx:hr>158</gpxtpx:hr>
          </gpxtpx:TrackPointExtension>
        </extensions>
      </trkpt>
      <trkpt lat="40.06992123130407" lon="116.34100086108376">
        <ele>45.9</ele>
        <time>2026-08-04T13:49:31.000Z</time>
        <extensions>
          <gpxtpx:TrackPointExtension>
            <gpxtpx:hr>158</gpxtpx:hr>
          </gpxtpx:TrackPointExtension>
        </extensions>
      </trkpt>
      <trkpt lat="40.06992133982758" lon="116.34097277345587">
        <ele>45.9</ele>
        <time>2026-08-04T13:49:32.000Z</time>
        <extensions>
          <gpxtpx:TrackPointExtension>
            <gpxtpx:hr>158</gpxtpx:hr>
          </gpxtpx:TrackPointExtension>
        </extensions>
      </trkpt>
      <trkpt lat="40.06992131619962" lon="116.34094391690985">
        <ele>45.9</ele>
        <time>2026-08-04T13:49:33.000Z</time>
        <extensions>
          <gpxtpx:TrackPointExtension>
            <gpxtpx:hr>158</gpxtpx:hr>
          </gpxtpx:TrackPointExtension>
        </extensions>
      </trkpt>
      <trkpt lat="40.06992123212966" lon="116.34091436697116">
        <ele>46.0</ele>
        <time>2026-08-04T13:49:34.000Z</time>
        <extensions>
          <gpxtpx:TrackPointExtension>
            <gpxtpx:hr>158</gpxtpx:hr>
          </gpxtpx:TrackPointExtension>
        </extensions>
      </trkpt>
      <trkpt lat="40.06992121227919" lon="116.34088419138517">
        <ele>46.0</ele>
        <time>2026-08-04T13:49:35.000Z</time>
        <extensions>
          <gpxtpx:TrackPointExtension>
            <gpxtpx:hr>158</gpxtpx:hr>
          </gpxtpx:TrackPointExtension>
        </extensions>
      </trkpt>
      <trkpt lat="40.06992134185926" lon="116.34085353683344">
        <ele>46.0</ele>
        <time>2026-08-04T13:49:36.000Z</time>
        <extensions>
          <gpxtpx:TrackPointExtension>
            <gpxtpx:hr>158</gpxtpx:hr>
          </gpxtpx:TrackPointExtension>
        </extensions>
      </trkpt>
      <trkpt lat="40.069921663506285" lon="116.34082283846979">
        <ele>46.0</ele>
        <time>2026-08-04T13:49:37.000Z</time>
        <extensions>
          <gpxtpx:TrackPointExtension>
            <gpxtpx:hr>158</gpxtpx:hr>
          </gpxtpx:TrackPointExtension>
        </extensions>
      </trkpt>
      <trkpt lat="40.06992216296929" lon="116.34079260663268">
        <ele>46.0</ele>
        <time>2026-08-04T13:49:38.000Z</time>
        <extensions>
          <gpxtpx:TrackPointExtension>
            <gpxtpx:hr>158</gpxtpx:hr>
          </gpxtpx:TrackPointExtension>
        </extensions>
      </trkpt>
      <trkpt lat="40.06992273299672" lon="116.34076317595918">
        <ele>46.0</ele>
        <time>2026-08-04T13:49:39.000Z</time>
        <extensions>
          <gpxtpx:TrackPointExtension>
            <gpxtpx:hr>158</gpxtpx:hr>
          </gpxtpx:TrackPointExtension>
        </extensions>
      </trkpt>
      <trkpt lat="40.069923215179045" lon="116.34073455887021">
        <ele>46.0</ele>
        <time>2026-08-04T13:49:40.000Z</time>
        <extensions>
          <gpxtpx:TrackPointExtension>
            <gpxtpx:hr>158</gpxtpx:hr>
          </gpxtpx:TrackPointExtension>
        </extensions>
      </trkpt>
      <trkpt lat="40.069923562219095" lon="116.34070647352097">
        <ele>46.0</ele>
        <time>2026-08-04T13:49:41.000Z</time>
        <extensions>
          <gpxtpx:TrackPointExtension>
            <gpxtpx:hr>158</gpxtpx:hr>
          </gpxtpx:TrackPointExtension>
        </extensions>
      </trkpt>
      <trkpt lat="40.069923853167914" lon="116.34067837842181">
        <ele>46.0</ele>
        <time>2026-08-04T13:49:42.000Z</time>
        <extensions>
          <gpxtpx:TrackPointExtension>
            <gpxtpx:hr>158</gpxtpx:hr>
          </gpxtpx:TrackPointExtension>
        </extensions>
      </trkpt>
      <trkpt lat="40.069924156671206" lon="116.34064968124426">
        <ele>46.0</ele>
        <time>2026-08-04T13:49:43.000Z</time>
        <extensions>
          <gpxtpx:TrackPointExtension>
            <gpxtpx:hr>158</gpxtpx:hr>
          </gpxtpx:TrackPointExtension>
        </extensions>
      </trkpt>
      <trkpt lat="40.069924509399456" lon="116.34062009744247">
        <ele>46.0</ele>
        <time>2026-08-04T13:49:44.000Z</time>
        <extensions>
          <gpxtpx:TrackPointExtension>
            <gpxtpx:hr>158</gpxtpx:hr>
          </gpxtpx:TrackPointExtension>
        </extensions>
      </trkpt>
      <trkpt lat="40.06992495384896" lon="116.34058975433132">
        <ele>46.1</ele>
        <time>2026-08-04T13:49:45.000Z</time>
        <extensions>
          <gpxtpx:TrackPointExtension>
            <gpxtpx:hr>158</gpxtpx:hr>
          </gpxtpx:TrackPointExtension>
        </extensions>
      </trkpt>
      <trkpt lat="40.06992553828132" lon="116.34055903077422">
        <ele>46.1</ele>
        <time>2026-08-04T13:49:46.000Z</time>
      </trkpt>
      <trkpt lat="40.06992630185213" lon="116.34052808880955">
        <ele>46.1</ele>
        <time>2026-08-04T13:49:47.000Z</time>
      </trkpt>
      <trkpt lat="40.06992724256899" lon="116.3404968800018">
        <ele>46.1</ele>
        <time>2026-08-04T13:49:48.000Z</time>
      </trkpt>
      <trkpt lat="40.0699283177287" lon="116.34046544227895">
        <ele>46.1</ele>
        <time>2026-08-04T13:49:49.000Z</time>
      </trkpt>
      <trkpt lat="40.06992940677038" lon="116.34043384428593">
        <ele>46.1</ele>
        <time>2026-08-04T13:49:50.000Z</time>
      </trkpt>
      <trkpt lat="40.06993039403762" lon="116.34040205078847">
        <ele>46.1</ele>
        <time>2026-08-04T13:49:51.000Z</time>
      </trkpt>
      <trkpt lat="40.069931254740794" lon="116.34037003639193">
        <ele>46.1</ele>
        <time>2026-08-04T13:49:52.000Z</time>
      </trkpt>
      <trkpt lat="40.06993202031421" lon="116.34033800949886">
        <ele>46.1</ele>
        <time>2026-08-04T13:49:53.000Z</time>
      </trkpt>
      <trkpt lat="40.06993278866376" lon="116.34030642726471">
        <ele>46.2</ele>
        <time>2026-08-04T13:49:54.000Z</time>
      </trkpt>
      <trkpt lat="40.06993365688442" lon="116.34027572993286">
        <ele>46.2</ele>
        <time>2026-08-04T13:49:55.000Z</time>
      </trkpt>
      <trkpt lat="40.069934599092726" lon="116.3402459938961">
        <ele>46.2</ele>
        <time>2026-08-04T13:49:56.000Z</time>
      </trkpt>
      <trkpt lat="40.06993548054064" lon="116.34021706607061">
        <ele>46.2</ele>
        <time>2026-08-04T13:49:57.000Z</time>
      </trkpt>
      <trkpt lat="40.0699360866343" lon="116.34018860312389">
        <ele>46.2</ele>
        <time>2026-08-04T13:49:58.000Z</time>
      </trkpt>
      <trkpt lat="40.069936250905485" lon="116.34016011758573">
        <ele>46.2</ele>
        <time>2026-08-04T13:49:59.000Z</time>
      </trkpt>
      <trkpt lat="40.06993598243845" lon="116.34013120586079">
        <ele>46.2</ele>
        <time>2026-08-04T13:50:00.000Z</time>
      </trkpt>
      <trkpt lat="40.06993537037205" lon="116.34010197102066">
        <ele>46.2</ele>
        <time>2026-08-04T13:50:01.000Z</time>
      </trkpt>
      <trkpt lat="40.06993448589448" lon="116.3400728398251">
        <ele>46.2</ele>
        <time>2026-08-04T13:50:02.000Z</time>
      </trkpt>
      <trkpt lat="40.069933402233715" lon="116.3400439822185">
        <ele>46.2</ele>
        <time>2026-08-04T13:50:03.000Z</time>
      </trkpt>
      <trkpt lat="40.069932225317636" lon="116.34001533915232">
        <ele>46.3</ele>
        <time>2026-08-04T13:50:04.000Z</time>
      </trkpt>
      <trkpt lat="40.06993103174561" lon="116.33998673056652">
        <ele>46.3</ele>
        <time>2026-08-04T13:50:05.000Z</time>
      </trkpt>
      <trkpt lat="40.06992984838984" lon="116.33995807126867">
        <ele>46.3</ele>
        <time>2026-08-04T13:50:06.000Z</time>
      </trkpt>
      <trkpt lat="40.06992874101719" lon="116.33992943669413">
        <ele>46.3</ele>
        <time>2026-08-04T13:50:07.000Z</time>
      </trkpt>
      <trkpt lat="40.069927826790774" lon="116.33990102818278">
        <ele>46.3</ele>
        <time>2026-08-04T13:50:08.000Z</time>
      </trkpt>
      <trkpt lat="40.069927212069594" lon="116.33987288377433">
        <ele>46.3</ele>
        <time>2026-08-04T13:50:09.000Z</time>
      </trkpt>
      <trkpt lat="40.06992698975038" lon="116.33984481046961">
        <ele>46.3</ele>
        <time>2026-08-04T13:50:10.000Z</time>
      </trkpt>
      <trkpt lat="40.06992725479415" lon="116.33981681075169">
        <ele>46.3</ele>
        <time>2026-08-04T13:50:11.000Z</time>
      </trkpt>
      <trkpt lat="40.069928035685386" lon="116.33978914805868">
        <ele>46.3</ele>
        <time>2026-08-04T13:50:12.000Z</time>
      </trkpt>
      <trkpt lat="40.06992930892182" lon="116.33976206124473">
        <ele>46.3</ele>
        <time>2026-08-04T13:50:13.000Z</time>
      </trkpt>
      <trkpt lat="40.06993107419038" lon="116.339735617172">
        <ele>46.3</ele>
        <time>2026-08-04T13:50:14.000Z</time>
      </trkpt>
      <trkpt lat="40.069933185530715" lon="116.33970996912568">
        <ele>46.3</ele>
        <time>2026-08-04T13:50:15.000Z</time>
      </trkpt>
      <trkpt lat="40.06993541653991" lon="116.33968508812696">
        <ele>46.4</ele>
        <time>2026-08-04T13:50:16.000Z</time>
      </trkpt>
      <trkpt lat="40.069937615217285" lon="116.33966076906249">
        <ele>46.4</ele>
        <time>2026-08-04T13:50:17.000Z</time>
      </trkpt>
      <trkpt lat="40.069939708436024" lon="116.33963690030681">
        <ele>46.4</ele>
        <time>2026-08-04T13:50:18.000Z</time>
      </trkpt>
      <trkpt lat="40.06994169102266" lon="116.33961335566411">
        <ele>46.4</ele>
        <time>2026-08-04T13:50:19.000Z</time>
      </trkpt>
      <trkpt lat="40.0699434638018" lon="116.33958994441629">
        <ele>46.4</ele>
        <time>2026-08-04T13:50:20.000Z</time>
      </trkpt>
      <trkpt lat="40.06994481906306" lon="116.33956634099083">
        <ele>46.4</ele>
        <time>2026-08-04T13:50:21.000Z</time>
      </trkpt>
      <trkpt lat="40.06994565088747" lon="116.33954237314221">
        <ele>46.4</ele>
        <time>2026-08-04T13:50:22.000Z</time>
      </trkpt>
      <trkpt lat="40.069946076930826" lon="116.33951796764691">
        <ele>46.4</ele>
        <time>2026-08-04T13:50:23.000Z</time>
      </trkpt>
      <trkpt lat="40.06994633323639" lon="116.33949285967286">
        <ele>46.4</ele>
        <time>2026-08-04T13:50:24.000Z</time>
      </trkpt>
      <trkpt lat="40.069946569210764" lon="116.33946677851195">
        <ele>46.4</ele>
        <time>2026-08-04T13:50:25.000Z</time>
      </trkpt>
      <trkpt lat="40.06994689950092" lon="116.33943953048559">
        <ele>46.4</ele>
        <time>2026-08-04T13:50:26.000Z</time>
      </trkpt>
      <trkpt lat="40.06994744610504" lon="116.33941114446743">
        <ele>46.4</ele>
        <time>2026-08-04T13:50:27.000Z</time>
      </trkpt>
      <trkpt lat="40.06994817274046" lon="116.33938204058079">
        <ele>46.4</ele>
        <time>2026-08-04T13:50:28.000Z</time>
      </trkpt>
      <trkpt lat="40.069948944281606" lon="116.3393525960873">
        <ele>46.4</ele>
        <time>2026-08-04T13:50:29.000Z</time>
      </trkpt>
      <trkpt lat="40.069949643609164" lon="116.33932308728845">
        <ele>46.5</ele>
        <time>2026-08-04T13:50:30.000Z</time>
      </trkpt>
      <trkpt lat="40.069950296291864" lon="116.33929347436175">
        <ele>46.5</ele>
        <time>2026-08-04T13:50:31.000Z</time>
      </trkpt>
      <trkpt lat="40.06995099738736" lon="116.33926367222708">
        <ele>46.5</ele>
        <time>2026-08-04T13:50:32.000Z</time>
      </trkpt>
      <trkpt lat="40.069951807902605" lon="116.3392338759453">
        <ele>46.5</ele>
        <time>2026-08-04T13:50:33.000Z</time>
      </trkpt>
      <trkpt lat="40.0699528348396" lon="116.33920411316632">
        <ele>46.5</ele>
        <time>2026-08-04T13:50:34.000Z</time>
      </trkpt>
      <trkpt lat="40.06995420830097" lon="116.33917451455657">
        <ele>46.5</ele>
        <time>2026-08-04T13:50:35.000Z</time>
      </trkpt>
      <trkpt lat="40.06995600557061" lon="116.33914541358195">
        <ele>46.4</ele>
        <time>2026-08-04T13:50:36.000Z</time>
      </trkpt>
      <trkpt lat="40.069958237853555" lon="116.33911665453923">
        <ele>46.4</ele>
        <time>2026-08-04T13:50:37.000Z</time>
      </trkpt>
      <trkpt lat="40.06996086264599" lon="116.33908764556077">
        <ele>46.4</ele>
        <time>2026-08-04T13:50:38.000Z</time>
      </trkpt>
      <trkpt lat="40.06996381013187" lon="116.33905796362525">
        <ele>46.4</ele>
        <time>2026-08-04T13:50:39.000Z</time>
      </trkpt>
      <trkpt lat="40.06996699257247" lon="116.33902757260914">
        <ele>46.4</ele>
        <time>2026-08-04T13:50:40.000Z</time>
      </trkpt>
      <trkpt lat="40.0699702394867" lon="116.33899687199028">
        <ele>46.4</ele>
        <time>2026-08-04T13:50:41.000Z</time>
      </trkpt>
      <trkpt lat="40.06997335711926" lon="116.33896634780994">
        <ele>46.4</ele>
        <time>2026-08-04T13:50:42.000Z</time>
      </trkpt>
      <trkpt lat="40.06997616768981" lon="116.33893627162642">
        <ele>46.4</ele>
        <time>2026-08-04T13:50:43.000Z</time>
      </trkpt>
      <trkpt lat="40.06997847655895" lon="116.33890675775297">
        <ele>46.4</ele>
        <time>2026-08-04T13:50:44.000Z</time>
      </trkpt>
      <trkpt lat="40.06998029162065" lon="116.3388778661349">
        <ele>46.3</ele>
        <time>2026-08-04T13:50:45.000Z</time>
      </trkpt>
      <trkpt lat="40.06998184915486" lon="116.3388494132862">
        <ele>46.3</ele>
        <time>2026-08-04T13:50:46.000Z</time>
      </trkpt>
      <trkpt lat="40.06998331438517" lon="116.33882076431249">
        <ele>46.3</ele>
        <time>2026-08-04T13:50:47.000Z</time>
      </trkpt>
      <trkpt lat="40.06998470095044" lon="116.33879147939172">
        <ele>46.3</ele>
        <time>2026-08-04T13:50:48.000Z</time>
      </trkpt>
      <trkpt lat="40.069985921354345" lon="116.33876149713902">
        <ele>46.3</ele>
        <time>2026-08-04T13:50:49.000Z</time>
      </trkpt>
      <trkpt lat="40.069986751265915" lon="116.33873073941241">
        <ele>46.3</ele>
        <time>2026-08-04T13:50:50.000Z</time>
      </trkpt>
      <trkpt lat="40.069987011738135" lon="116.33869933280951">
        <ele>46.3</ele>
        <time>2026-08-04T13:50:51.000Z</time>
      </trkpt>
      <trkpt lat="40.06998682256772" lon="116.33866742137216">
        <ele>46.3</ele>
        <time>2026-08-04T13:50:52.000Z</time>
      </trkpt>
      <trkpt lat="40.06998636197324" lon="116.33863523812037">
        <ele>46.3</ele>
        <time>2026-08-04T13:50:53.000Z</time>
      </trkpt>
      <trkpt lat="40.06998569040153" lon="116.33860316740645">
        <ele>46.3</ele>
        <time>2026-08-04T13:50:54.000Z</time>
      </trkpt>
      <trkpt lat="40.06998487760776" lon="116.3385714928369">
        <ele>46.2</ele>
        <time>2026-08-04T13:50:55.000Z</time>
      </trkpt>
      <trkpt lat="40.06998404484982" lon="116.33854043979173">
        <ele>46.2</ele>
        <time>2026-08-04T13:50:56.000Z</time>
      </trkpt>
      <trkpt lat="40.06998335994741" lon="116.33851013729726">
        <ele>46.2</ele>
        <time>2026-08-04T13:50:57.000Z</time>
      </trkpt>
      <trkpt lat="40.06998292586679" lon="116.33848060001198">
        <ele>46.2</ele>
        <time>2026-08-04T13:50:58.000Z</time>
      </trkpt>
      <trkpt lat="40.069982473086114" lon="116.33845163142647">
        <ele>46.2</ele>
        <time>2026-08-04T13:50:59.000Z</time>
      </trkpt>
      <trkpt lat="40.06998163698753" lon="116.3384229371523">
        <ele>46.2</ele>
        <time>2026-08-04T13:51:00.000Z</time>
      </trkpt>
      <trkpt lat="40.06998022705127" lon="116.33839434433942">
        <ele>46.2</ele>
        <time>2026-08-04T13:51:01.000Z</time>
      </trkpt>
      <trkpt lat="40.06997803488923" lon="116.33836575747857">
        <ele>46.2</ele>
        <time>2026-08-04T13:51:02.000Z</time>
      </trkpt>
      <trkpt lat="40.06997503029274" lon="116.33833720477155">
        <ele>46.2</ele>
        <time>2026-08-04T13:51:03.000Z</time>
      </trkpt>
      <trkpt lat="40.06997134276111" lon="116.33830877622235">
        <ele>46.2</ele>
        <time>2026-08-04T13:51:04.000Z</time>
      </trkpt>
      <trkpt lat="40.06996712628138" lon="116.33828024025998">
        <ele>46.2</ele>
        <time>2026-08-04T13:51:05.000Z</time>
      </trkpt>
      <trkpt lat="40.069962626389135" lon="116.33825117782834">
        <ele>46.2</ele>
        <time>2026-08-04T13:51:06.000Z</time>
      </trkpt>
      <trkpt lat="40.06995819182074" lon="116.33822177372117">
        <ele>46.2</ele>
        <time>2026-08-04T13:51:07.000Z</time>
      </trkpt>
      <trkpt lat="40.06995413810484" lon="116.3381925900084">
        <ele>46.2</ele>
        <time>2026-08-04T13:51:08.000Z</time>
      </trkpt>
      <trkpt lat="40.06995063673748" lon="116.33816378986265">
        <ele>46.2</ele>
        <time>2026-08-04T13:51:09.000Z</time>
      </trkpt>
      <trkpt lat="40.06994775742505" lon="116.33813520786107">
        <ele>46.2</ele>
        <time>2026-08-04T13:51:10.000Z</time>
      </trkpt>
      <trkpt lat="40.06994538855723" lon="116.33810652397952">
        <ele>46.2</ele>
        <time>2026-08-04T13:51:11.000Z</time>
      </trkpt>
      <trkpt lat="40.069943349732476" lon="116.33807735818523">
        <ele>46.2</ele>
        <time>2026-08-04T13:51:12.000Z</time>
      </trkpt>
      <trkpt lat="40.06994161333922" lon="116.33804745265856">
        <ele>46.3</ele>
        <time>2026-08-04T13:51:13.000Z</time>
      </trkpt>
      <trkpt lat="40.06994017866965" lon="116.33801675146712">
        <ele>46.3</ele>
        <time>2026-08-04T13:51:14.000Z</time>
      </trkpt>
      <trkpt lat="40.06993897390683" lon="116.33798553523505">
        <ele>46.3</ele>
        <time>2026-08-04T13:51:15.000Z</time>
      </trkpt>
      <trkpt lat="40.069938038960046" lon="116.33795407740566">
        <ele>46.3</ele>
        <time>2026-08-04T13:51:16.000Z</time>
      </trkpt>
      <trkpt lat="40.069937472621206" lon="116.33792255033775">
        <ele>46.3</ele>
        <time>2026-08-04T13:51:17.000Z</time>
      </trkpt>
      <trkpt lat="40.069937292376856" lon="116.33789116815673">
        <ele>46.3</ele>
        <time>2026-08-04T13:51:18.000Z</time>
      </trkpt>
      <trkpt lat="40.06993744807783" lon="116.33786000007969">
        <ele>46.3</ele>
        <time>2026-08-04T13:51:19.000Z</time>
      </trkpt>
      <trkpt lat="40.0699378270967" lon="116.3378290350014">
        <ele>46.2</ele>
        <time>2026-08-04T13:51:20.000Z</time>
      </trkpt>
      <trkpt lat="40.0699383190317" lon="116.33779829850072">
        <ele>46.2</ele>
        <time>2026-08-04T13:51:21.000Z</time>
      </trkpt>
      <trkpt lat="40.069938899892705" lon="116.33776801218778">
        <ele>46.2</ele>
        <time>2026-08-04T13:51:22.000Z</time>
      </trkpt>
      <trkpt lat="40.069939614153924" lon="116.33773847512849">
        <ele>46.2</ele>
        <time>2026-08-04T13:51:23.000Z</time>
      </trkpt>
      <trkpt lat="40.06994046950334" lon="116.3377098547647">
        <ele>46.2</ele>
        <time>2026-08-04T13:51:24.000Z</time>
      </trkpt>
      <trkpt lat="40.069941466878994" lon="116.33768208811283">
        <ele>46.2</ele>
        <time>2026-08-04T13:51:25.000Z</time>
      </trkpt>
      <trkpt lat="40.069942606808205" lon="116.33765499499717">
        <ele>46.2</ele>
        <time>2026-08-04T13:51:26.000Z</time>
      </trkpt>
      <trkpt lat="40.06994393389841" lon="116.33762839669488">
        <ele>46.2</ele>
        <time>2026-08-04T13:51:27.000Z</time>
      </trkpt>
      <trkpt lat="40.069945539236244" lon="116.33760188350743">
        <ele>46.2</ele>
        <time>2026-08-04T13:51:28.000Z</time>
      </trkpt>
      <trkpt lat="40.06994751029432" lon="116.33757478241711">
        <ele>46.2</ele>
        <time>2026-08-04T13:51:29.000Z</time>
      </trkpt>
      <trkpt lat="40.06994997369328" lon="116.33754666248382">
        <ele>46.2</ele>
        <time>2026-08-04T13:51:30.000Z</time>
      </trkpt>
      <trkpt lat="40.069953002597266" lon="116.33751756860875">
        <ele>46.3</ele>
        <time>2026-08-04T13:51:31.000Z</time>
      </trkpt>
      <trkpt lat="40.06995653368562" lon="116.33748797192385">
        <ele>46.3</ele>
        <time>2026-08-04T13:51:32.000Z</time>
      </trkpt>
      <trkpt lat="40.06996037806012" lon="116.3374584704847">
        <ele>46.3</ele>
        <time>2026-08-04T13:51:33.000Z</time>
      </trkpt>
      <trkpt lat="40.06996437035837" lon="116.33742934289091">
        <ele>46.3</ele>
        <time>2026-08-04T13:51:34.000Z</time>
      </trkpt>
      <trkpt lat="40.069968383233494" lon="116.33740055469694">
        <ele>46.3</ele>
        <time>2026-08-04T13:51:35.000Z</time>
      </trkpt>
      <trkpt lat="40.06997218609121" lon="116.3373719694833">
        <ele>46.3</ele>
        <time>2026-08-04T13:51:36.000Z</time>
      </trkpt>
      <trkpt lat="40.06997555017228" lon="116.33734342019274">
        <ele>46.3</ele>
        <time>2026-08-04T13:51:37.000Z</time>
      </trkpt>
      <trkpt lat="40.06997832247115" lon="116.3373147549733">
        <ele>46.3</ele>
        <time>2026-08-04T13:51:38.000Z</time>
      </trkpt>
      <trkpt lat="40.06998038536955" lon="116.33728593431726">
        <ele>46.3</ele>
        <time>2026-08-04T13:51:39.000Z</time>
      </trkpt>
      <trkpt lat="40.06998172116938" lon="116.33725698026846">
        <ele>46.3</ele>
        <time>2026-08-04T13:51:40.000Z</time>
      </trkpt>
      <trkpt lat="40.06998241198666" lon="116.33722796616063">
        <ele>46.3</ele>
        <time>2026-08-04T13:51:41.000Z</time>
      </trkpt>
      <trkpt lat="40.069982593344406" lon="116.33719897218525">
        <ele>46.3</ele>
        <time>2026-08-04T13:51:42.000Z</time>
      </trkpt>
      <trkpt lat="40.06998236219079" lon="116.33717004026956">
        <ele>46.4</ele>
        <time>2026-08-04T13:51:43.000Z</time>
      </trkpt>
      <trkpt lat="40.06998169503926" lon="116.33714116043606">
        <ele>46.4</ele>
        <time>2026-08-04T13:51:44.000Z</time>
      </trkpt>
      <trkpt lat="40.069980530175776" lon="116.3371122927175">
        <ele>46.4</ele>
        <time>2026-08-04T13:51:45.000Z</time>
      </trkpt>
      <trkpt lat="40.06997888819688" lon="116.33708331696398">
        <ele>46.4</ele>
        <time>2026-08-04T13:51:46.000Z</time>
      </trkpt>
      <trkpt lat="40.06997688313063" lon="116.33705412767418">
        <ele>46.4</ele>
        <time>2026-08-04T13:51:47.000Z</time>
      </trkpt>
      <trkpt lat="40.069974672942415" lon="116.33702473847895">
        <ele>46.4</ele>
        <time>2026-08-04T13:51:48.000Z</time>
      </trkpt>
      <trkpt lat="40.06997244723618" lon="116.33699520149455">
        <ele>46.4</ele>
        <time>2026-08-04T13:51:49.000Z</time>
      </trkpt>
      <trkpt lat="40.069970354670396" lon="116.33696568216058">
        <ele>46.4</ele>
        <time>2026-08-04T13:51:50.000Z</time>
      </trkpt>
      <trkpt lat="40.06996848305829" lon="116.33693651885761">
        <ele>46.4</ele>
        <time>2026-08-04T13:51:51.000Z</time>
      </trkpt>
      <trkpt lat="40.06996691943368" lon="116.33690794902694">
        <ele>46.4</ele>
        <time>2026-08-04T13:51:52.000Z</time>
      </trkpt>
      <trkpt lat="40.069965785975256" lon="116.3368800152926">
        <ele>46.4</ele>
        <time>2026-08-04T13:51:53.000Z</time>
      </trkpt>
      <trkpt lat="40.06996517661031" lon="116.33685271259237">
        <ele>46.4</ele>
        <time>2026-08-04T13:51:54.000Z</time>
      </trkpt>
      <trkpt lat="40.06996508222731" lon="116.33682606974978">
        <ele>46.4</ele>
        <time>2026-08-04T13:51:55.000Z</time>
      </trkpt>
      <trkpt lat="40.06996533662843" lon="116.336799921489">
        <ele>46.4</ele>
        <time>2026-08-04T13:51:56.000Z</time>
      </trkpt>
      <trkpt lat="40.06996573493084" lon="116.33677379371649">
        <ele>46.4</ele>
        <time>2026-08-04T13:51:57.000Z</time>
      </trkpt>
      <trkpt lat="40.06996616249088" lon="116.33674704991283">
        <ele>46.4</ele>
        <time>2026-08-04T13:51:58.000Z</time>
      </trkpt>
      <trkpt lat="40.06996655611951" lon="116.33671942843925">
        <ele>46.4</ele>
        <time>2026-08-04T13:51:59.000Z</time>
      </trkpt>
      <trkpt lat="40.06996691702699" lon="116.33669116775043">
        <ele>46.5</ele>
        <time>2026-08-04T13:52:00.000Z</time>
      </trkpt>
      <trkpt lat="40.069967284508046" lon="116.33666241038623">
        <ele>46.5</ele>
        <time>2026-08-04T13:52:01.000Z</time>
      </trkpt>
      <trkpt lat="40.06996765932834" lon="116.33663318124422">
        <ele>46.5</ele>
        <time>2026-08-04T13:52:02.000Z</time>
      </trkpt>
      <trkpt lat="40.069968015909105" lon="116.33660350470385">
        <ele>46.5</ele>
        <time>2026-08-04T13:52:03.000Z</time>
      </trkpt>
      <trkpt lat="40.06996833098968" lon="116.33657343296947">
        <ele>46.5</ele>
        <time>2026-08-04T13:52:04.000Z</time>
      </trkpt>
      <trkpt lat="40.06996850895483" lon="116.33654297882396">
        <ele>46.5</ele>
        <time>2026-08-04T13:52:05.000Z</time>
      </trkpt>
      <trkpt lat="40.069968494610244" lon="116.33651200740401">
        <ele>46.6</ele>
        <time>2026-08-04T13:52:06.000Z</time>
      </trkpt>
      <trkpt lat="40.06996835692647" lon="116.33648054574178">
        <ele>46.6</ele>
        <time>2026-08-04T13:52:07.000Z</time>
      </trkpt>
      <trkpt lat="40.069968200406976" lon="116.33644874106527">
        <ele>46.6</ele>
        <time>2026-08-04T13:52:08.000Z</time>
      </trkpt>
      <trkpt lat="40.069968071625674" lon="116.33641665930767">
        <ele>46.6</ele>
        <time>2026-08-04T13:52:09.000Z</time>
      </trkpt>
      <trkpt lat="40.0699679605807" lon="116.33638459120594">
        <ele>46.6</ele>
        <time>2026-08-04T13:52:10.000Z</time>
      </trkpt>
      <trkpt lat="40.069967881047226" lon="116.3363529206847">
        <ele>46.7</ele>
        <time>2026-08-04T13:52:11.000Z</time>
      </trkpt>
      <trkpt lat="40.06996788469613" lon="116.33632183661699">
        <ele>46.7</ele>
        <time>2026-08-04T13:52:12.000Z</time>
      </trkpt>
      <trkpt lat="40.06996804346933" lon="116.33629112357455">
        <ele>46.7</ele>
        <time>2026-08-04T13:52:13.000Z</time>
      </trkpt>
      <trkpt lat="40.069968451383254" lon="116.33626061405683">
        <ele>46.7</ele>
        <time>2026-08-04T13:52:14.000Z</time>
      </trkpt>
      <trkpt lat="40.06996912570174" lon="116.33623044618024">
        <ele>46.7</ele>
        <time>2026-08-04T13:52:15.000Z</time>
      </trkpt>
      <trkpt lat="40.06996991601491" lon="116.33620055245571">
        <ele>46.7</ele>
        <time>2026-08-04T13:52:16.000Z</time>
      </trkpt>
      <trkpt lat="40.069970681676004" lon="116.33617075425428">
        <ele>46.7</ele>
        <time>2026-08-04T13:52:17.000Z</time>
      </trkpt>
      <trkpt lat="40.0699712903806" lon="116.33614095886263">
        <ele>46.7</ele>
        <time>2026-08-04T13:52:18.000Z</time>
      </trkpt>
      <trkpt lat="40.0699716570213" lon="116.33611114578972">
        <ele>46.7</ele>
        <time>2026-08-04T13:52:19.000Z</time>
      </trkpt>
      <trkpt lat="40.06997174983571" lon="116.33608130719847">
        <ele>46.7</ele>
        <time>2026-08-04T13:52:20.000Z</time>
      </trkpt>
      <trkpt lat="40.0699714527013" lon="116.33605130084793">
        <ele>46.7</ele>
        <time>2026-08-04T13:52:21.000Z</time>
      </trkpt>
      <trkpt lat="40.06997064612356" lon="116.33602078188893">
        <ele>46.7</ele>
        <time>2026-08-04T13:52:22.000Z</time>
      </trkpt>
      <trkpt lat="40.06996931922604" lon="116.33598960308595">
        <ele>46.7</ele>
        <time>2026-08-04T13:52:23.000Z</time>
      </trkpt>
      <trkpt lat="40.06996764989771" lon="116.33595804679763">
        <ele>46.7</ele>
        <time>2026-08-04T13:52:24.000Z</time>
      </trkpt>
      <trkpt lat="40.069965909908966" lon="116.33592670653242">
        <ele>46.7</ele>
        <time>2026-08-04T13:52:25.000Z</time>
      </trkpt>
      <trkpt lat="40.06996430237047" lon="116.33589627384758">
        <ele>46.7</ele>
        <time>2026-08-04T13:52:26.000Z</time>
      </trkpt>
      <trkpt lat="40.06996294052851" lon="116.33586719441281">
        <ele>46.7</ele>
        <time>2026-08-04T13:52:27.000Z</time>
      </trkpt>
      <trkpt lat="40.069961808556705" lon="116.3358395909872">
        <ele>46.7</ele>
        <time>2026-08-04T13:52:28.000Z</time>
      </trkpt>
      <trkpt lat="40.069960861735744" lon="116.33581345654822">
        <ele>46.7</ele>
        <time>2026-08-04T13:52:29.000Z</time>
      </trkpt>
      <trkpt lat="40.06996006622854" lon="116.33578876576594">
        <ele>46.7</ele>
        <time>2026-08-04T13:52:30.000Z</time>
      </trkpt>
      <trkpt lat="40.069959297320906" lon="116.33576555258348">
        <ele>46.7</ele>
        <time>2026-08-04T13:52:31.000Z</time>
      </trkpt>
      <trkpt lat="40.06995847280913" lon="116.33574364357494">
        <ele>46.7</ele>
        <time>2026-08-04T13:52:32.000Z</time>
      </trkpt>
      <trkpt lat="40.06995751022684" lon="116.33572232034997">
        <ele>46.7</ele>
        <time>2026-08-04T13:52:33.000Z</time>
      </trkpt>
      <trkpt lat="40.06995632304772" lon="116.3357007612583">
        <ele>46.7</ele>
        <time>2026-08-04T13:52:34.000Z</time>
      </trkpt>
      <trkpt lat="40.06995494345415" lon="116.33567831478545">
        <ele>46.7</ele>
        <time>2026-08-04T13:52:35.000Z</time>
      </trkpt>
      <trkpt lat="40.069953385962535" lon="116.33565444591079">
        <ele>46.8</ele>
        <time>2026-08-04T13:52:36.000Z</time>
      </trkpt>
      <trkpt lat="40.06995162401932" lon="116.33562902592446">
        <ele>46.8</ele>
        <time>2026-08-04T13:52:37.000Z</time>
      </trkpt>
      <trkpt lat="40.06994963214513" lon="116.33560233803824">
        <ele>46.8</ele>
        <time>2026-08-04T13:52:38.000Z</time>
      </trkpt>
      <trkpt lat="40.06994741782079" lon="116.33557486823698">
        <ele>46.8</ele>
        <time>2026-08-04T13:52:39.000Z</time>
      </trkpt>
      <trkpt lat="40.069945142033475" lon="116.33554711208754">
        <ele>46.8</ele>
        <time>2026-08-04T13:52:40.000Z</time>
      </trkpt>
      <trkpt lat="40.06994299971937" lon="116.33551932641438">
        <ele>46.8</ele>
        <time>2026-08-04T13:52:41.000Z</time>
      </trkpt>
      <trkpt lat="40.069940982477924" lon="116.33549155034578">
        <ele>46.8</ele>
        <time>2026-08-04T13:52:42.000Z</time>
      </trkpt>
      <trkpt lat="40.069939073041155" lon="116.3354638358219">
        <ele>46.8</ele>
        <time>2026-08-04T13:52:43.000Z</time>
      </trkpt>
      <trkpt lat="40.06993736694206" lon="116.3354363031858">
        <ele>46.8</ele>
        <time>2026-08-04T13:52:44.000Z</time>
      </trkpt>
      <trkpt lat="40.06993588604318" lon="116.33540899710503">
        <ele>46.8</ele>
        <time>2026-08-04T13:52:45.000Z</time>
      </trkpt>
      <trkpt lat="40.069934539538224" lon="116.3353815738114">
        <ele>46.8</ele>
        <time>2026-08-04T13:52:46.000Z</time>
      </trkpt>
      <trkpt lat="40.06993330065914" lon="116.33535395706619">
        <ele>46.8</ele>
        <time>2026-08-04T13:52:47.000Z</time>
      </trkpt>
      <trkpt lat="40.06993227810058" lon="116.33532641890865">
        <ele>46.8</ele>
        <time>2026-08-04T13:52:48.000Z</time>
      </trkpt>
      <trkpt lat="40.06993156621996" lon="116.33529906691876">
        <ele>46.8</ele>
        <time>2026-08-04T13:52:49.000Z</time>
      </trkpt>
      <trkpt lat="40.06993122029361" lon="116.33527205183634">
        <ele>46.8</ele>
        <time>2026-08-04T13:52:50.000Z</time>
      </trkpt>
      <trkpt lat="40.06993127005476" lon="116.33524539456225">
        <ele>46.9</ele>
        <time>2026-08-04T13:52:51.000Z</time>
      </trkpt>
      <trkpt lat="40.06993157846025" lon="116.33521877446897">
        <ele>46.9</ele>
        <time>2026-08-04T13:52:52.000Z</time>
      </trkpt>
      <trkpt lat="40.06993201416459" lon="116.33519176728012">
        <ele>46.9</ele>
        <time>2026-08-04T13:52:53.000Z</time>
      </trkpt>
      <trkpt lat="40.069932653024374" lon="116.33516411833065">
        <ele>46.9</ele>
        <time>2026-08-04T13:52:54.000Z</time>
      </trkpt>
      <trkpt lat="40.069933573582375" lon="116.33513565157112">
        <ele>46.9</ele>
        <time>2026-08-04T13:52:55.000Z</time>
      </trkpt>
      <trkpt lat="40.06993475875678" lon="116.33510637658472">
        <ele>46.9</ele>
        <time>2026-08-04T13:52:56.000Z</time>
      </trkpt>
      <trkpt lat="40.06993615851094" lon="116.33507639479475">
        <ele>46.9</ele>
        <time>2026-08-04T13:52:57.000Z</time>
      </trkpt>
      <trkpt lat="40.06993770420856" lon="116.33504564522094">
        <ele>46.9</ele>
        <time>2026-08-04T13:52:58.000Z</time>
      </trkpt>
      <trkpt lat="40.069939291889696" lon="116.33501416591145">
        <ele>46.9</ele>
        <time>2026-08-04T13:52:59.000Z</time>
      </trkpt>
      <trkpt lat="40.06994079922624" lon="116.33498223748988">
        <ele>46.9</ele>
        <time>2026-08-04T13:53:00.000Z</time>
      </trkpt>
      <trkpt lat="40.06994216791179" lon="116.33495025904654">
        <ele>46.9</ele>
        <time>2026-08-04T13:53:01.000Z</time>
      </trkpt>
      <trkpt lat="40.069943443674894" lon="116.33491875852873">
        <ele>46.9</ele>
        <time>2026-08-04T13:53:02.000Z</time>
      </trkpt>
      <trkpt lat="40.06994471249944" lon="116.33488829180196">
        <ele>46.9</ele>
        <time>2026-08-04T13:53:03.000Z</time>
      </trkpt>
      <trkpt lat="40.069946057700896" lon="116.33485915331117">
        <ele>46.9</ele>
        <time>2026-08-04T13:53:04.000Z</time>
      </trkpt>
      <trkpt lat="40.06994759105956" lon="116.33483120324695">
        <ele>46.9</ele>
        <time>2026-08-04T13:53:05.000Z</time>
      </trkpt>
      <trkpt lat="40.06994948732297" lon="116.33480391752781">
        <ele>46.9</ele>
        <time>2026-08-04T13:53:06.000Z</time>
      </trkpt>
      <trkpt lat="40.06995183643522" lon="116.33477675549611">
        <ele>46.9</ele>
        <time>2026-08-04T13:53:07.000Z</time>
      </trkpt>
      <trkpt lat="40.06995466758001" lon="116.33474929633599">
        <ele>46.9</ele>
        <time>2026-08-04T13:53:08.000Z</time>
      </trkpt>
      <trkpt lat="40.06995801459646" lon="116.33472118596737">
        <ele>46.9</ele>
        <time>2026-08-04T13:53:09.000Z</time>
      </trkpt>
      <trkpt lat="40.06996182485367" lon="116.3346924929662">
        <ele>46.9</ele>
        <time>2026-08-04T13:53:10.000Z</time>
      </trkpt>
      <trkpt lat="40.06996598995781" lon="116.33466384404831">
        <ele>46.9</ele>
        <time>2026-08-04T13:53:11.000Z</time>
      </trkpt>
      <trkpt lat="40.06997041888539" lon="116.3346356902308">
        <ele>46.9</ele>
        <time>2026-08-04T13:53:12.000Z</time>
      </trkpt>
      <trkpt lat="40.069975059775324" lon="116.33460785437526">
        <ele>46.9</ele>
        <time>2026-08-04T13:53:13.000Z</time>
      </trkpt>
      <trkpt lat="40.069979854398525" lon="116.33458009894892">
        <ele>46.9</ele>
        <time>2026-08-04T13:53:14.000Z</time>
      </trkpt>
      <trkpt lat="40.06998466815585" lon="116.33455254871016">
        <ele>46.9</ele>
        <time>2026-08-04T13:53:15.000Z</time>
      </trkpt>
      <trkpt lat="40.06998926368661" lon="116.33452531765091">
        <ele>46.9</ele>
        <time>2026-08-04T13:53:16.000Z</time>
      </trkpt>
      <trkpt lat="40.06999340598257" lon="116.33449854037517">
        <ele>46.9</ele>
        <time>2026-08-04T13:53:17.000Z</time>
      </trkpt>
      <trkpt lat="40.06999699891273" lon="116.33447251062461">
        <ele>46.9</ele>
        <time>2026-08-04T13:53:18.000Z</time>
      </trkpt>
      <trkpt lat="40.07000007456193" lon="116.33444727687107">
        <ele>46.9</ele>
        <time>2026-08-04T13:53:19.000Z</time>
      </trkpt>
      <trkpt lat="40.07000270167217" lon="116.33442252840247">
        <ele>46.9</ele>
        <time>2026-08-04T13:53:20.000Z</time>
      </trkpt>
      <trkpt lat="40.07000489747019" lon="116.33439789899788">
        <ele>46.9</ele>
        <time>2026-08-04T13:53:21.000Z</time>
      </trkpt>
      <trkpt lat="40.070006594745564" lon="116.3343729505883">
        <ele>46.9</ele>
        <time>2026-08-04T13:53:22.000Z</time>
      </trkpt>
      <trkpt lat="40.0700077549115" lon="116.33434734841397">
        <ele>46.9</ele>
        <time>2026-08-04T13:53:23.000Z</time>
      </trkpt>
      <trkpt lat="40.070008453897856" lon="116.3343208920189">
        <ele>46.9</ele>
        <time>2026-08-04T13:53:24.000Z</time>
      </trkpt>
      <trkpt lat="40.07000878802319" lon="116.33429344636745">
        <ele>46.9</ele>
        <time>2026-08-04T13:53:25.000Z</time>
      </trkpt>
      <trkpt lat="40.07000886350638" lon="116.33426493564895">
        <ele>46.8</ele>
        <time>2026-08-04T13:53:26.000Z</time>
      </trkpt>
      <trkpt lat="40.07000884704772" lon="116.33423548695416">
        <ele>46.8</ele>
        <time>2026-08-04T13:53:27.000Z</time>
      </trkpt>
      <trkpt lat="40.07000887085317" lon="116.33420550271114">
        <ele>46.8</ele>
        <time>2026-08-04T13:53:28.000Z</time>
      </trkpt>
      <trkpt lat="40.070009020632" lon="116.33417536084688">
        <ele>46.8</ele>
        <time>2026-08-04T13:53:29.000Z</time>
      </trkpt>
      <trkpt lat="40.070009343821766" lon="116.3341455622671">
        <ele>46.8</ele>
        <time>2026-08-04T13:53:30.000Z</time>
      </trkpt>
      <trkpt lat="40.07000981391043" lon="116.33411639186282">
        <ele>46.8</ele>
        <time>2026-08-04T13:53:31.000Z</time>
      </trkpt>
      <trkpt lat="40.070010445197475" lon="116.33408776542989">
        <ele>46.8</ele>
        <time>2026-08-04T13:53:32.000Z</time>
      </trkpt>
      <trkpt lat="40.070011293470635" lon="116.33405921188952">
        <ele>46.7</ele>
        <time>2026-08-04T13:53:33.000Z</time>
      </trkpt>
      <trkpt lat="40.07001237916989" lon="116.33403028429296">
        <ele>46.7</ele>
        <time>2026-08-04T13:53:34.000Z</time>
      </trkpt>
      <trkpt lat="40.07001373157951" lon="116.33400106187744">
        <ele>46.7</ele>
        <time>2026-08-04T13:53:35.000Z</time>
      </trkpt>
      <trkpt lat="40.07001546931988" lon="116.33397173225708">
        <ele>46.7</ele>
        <time>2026-08-04T13:53:36.000Z</time>
      </trkpt>
      <trkpt lat="40.07001782624797" lon="116.33394229770227">
        <ele>46.7</ele>
        <time>2026-08-04T13:53:37.000Z</time>
      </trkpt>
      <trkpt lat="40.070021222532006" lon="116.33391303366474">
        <ele>46.7</ele>
        <time>2026-08-04T13:53:38.000Z</time>
      </trkpt>
      <trkpt lat="40.07002614739945" lon="116.33388451481807">
        <ele>46.7</ele>
        <time>2026-08-04T13:53:39.000Z</time>
      </trkpt>
      <trkpt lat="40.07003298778667" lon="116.33385725452605">
        <ele>46.7</ele>
        <time>2026-08-04T13:53:40.000Z</time>
      </trkpt>
      <trkpt lat="40.070041943189814" lon="116.33383174477757">
        <ele>46.7</ele>
        <time>2026-08-04T13:53:41.000Z</time>
      </trkpt>
      <trkpt lat="40.07005296879506" lon="116.33380823252627">
        <ele>46.7</ele>
        <time>2026-08-04T13:53:42.000Z</time>
      </trkpt>
      <trkpt lat="40.07006577806038" lon="116.33378675581966">
        <ele>46.7</ele>
        <time>2026-08-04T13:53:43.000Z</time>
      </trkpt>
      <trkpt lat="40.07008002561811" lon="116.3337672006444">
        <ele>46.7</ele>
        <time>2026-08-04T13:53:44.000Z</time>
      </trkpt>
      <trkpt lat="40.070095447011035" lon="116.33374929438546">
        <ele>46.7</ele>
        <time>2026-08-04T13:53:45.000Z</time>
      </trkpt>
      <trkpt lat="40.070111953180735" lon="116.33373268304665">
        <ele>46.7</ele>
        <time>2026-08-04T13:53:46.000Z</time>
      </trkpt>
      <trkpt lat="40.070129332246886" lon="116.33371736834916">
        <ele>46.6</ele>
        <time>2026-08-04T13:53:47.000Z</time>
      </trkpt>
      <trkpt lat="40.07014709607985" lon="116.33370380486491">
        <ele>46.6</ele>
        <time>2026-08-04T13:53:48.000Z</time>
      </trkpt>
      <trkpt lat="40.07016500021373" lon="116.33369224289457">
        <ele>46.6</ele>
        <time>2026-08-04T13:53:49.000Z</time>
      </trkpt>
      <trkpt lat="40.07018302468098" lon="116.33368260126312">
        <ele>46.6</ele>
        <time>2026-08-04T13:53:50.000Z</time>
      </trkpt>
      <trkpt lat="40.070201229174344" lon="116.33367469633305">
        <ele>46.6</ele>
        <time>2026-08-04T13:53:51.000Z</time>
      </trkpt>
      <trkpt lat="40.07021975130289" lon="116.33366827770277">
        <ele>46.5</ele>
        <time>2026-08-04T13:53:52.000Z</time>
      </trkpt>
      <trkpt lat="40.07023865486558" lon="116.33366317812778">
        <ele>46.5</ele>
        <time>2026-08-04T13:53:53.000Z</time>
      </trkpt>
      <trkpt lat="40.070257846492" lon="116.33365932352994">
        <ele>46.5</ele>
        <time>2026-08-04T13:53:54.000Z</time>
      </trkpt>
      <trkpt lat="40.070277053356946" lon="116.3336565825896">
        <ele>46.5</ele>
        <time>2026-08-04T13:53:55.000Z</time>
      </trkpt>
      <trkpt lat="40.07029620032996" lon="116.33365477798341">
        <ele>46.5</ele>
        <time>2026-08-04T13:53:56.000Z</time>
      </trkpt>
      <trkpt lat="40.070315511450076" lon="116.33365368188109">
        <ele>46.5</ele>
        <time>2026-08-04T13:53:57.000Z</time>
      </trkpt>
      <trkpt lat="40.07033520403304" lon="116.33365313874503">
        <ele>46.4</ele>
        <time>2026-08-04T13:53:58.000Z</time>
      </trkpt>
      <trkpt lat="40.07035545116887" lon="116.33365303852223">
        <ele>46.4</ele>
        <time>2026-08-04T13:53:59.000Z</time>
      </trkpt>
      <trkpt lat="40.070376237584924" lon="116.333653226712">
        <ele>46.4</ele>
        <time>2026-08-04T13:54:00.000Z</time>
      </trkpt>
      <trkpt lat="40.07039739357478" lon="116.33365356573857">
        <ele>46.4</ele>
        <time>2026-08-04T13:54:01.000Z</time>
      </trkpt>
      <trkpt lat="40.07041873520841" lon="116.33365390338582">
        <ele>46.4</ele>
        <time>2026-08-04T13:54:02.000Z</time>
      </trkpt>
      <trkpt lat="40.07044005563313" lon="116.33365406824056">
        <ele>46.4</ele>
        <time>2026-08-04T13:54:03.000Z</time>
      </trkpt>
      <trkpt lat="40.07046120095445" lon="116.3336539414416">
        <ele>46.4</ele>
        <time>2026-08-04T13:54:04.000Z</time>
      </trkpt>
      <trkpt lat="40.07048212681566" lon="116.33365346634311">
        <ele>46.3</ele>
        <time>2026-08-04T13:54:05.000Z</time>
      </trkpt>
      <trkpt lat="40.0705028024502" lon="116.33365265234232">
        <ele>46.3</ele>
        <time>2026-08-04T13:54:06.000Z</time>
      </trkpt>
      <trkpt lat="40.0705232275406" lon="116.33365155489595">
        <ele>46.3</ele>
        <time>2026-08-04T13:54:07.000Z</time>
      </trkpt>
      <trkpt lat="40.0705434932364" lon="116.33365019245058">
        <ele>46.3</ele>
        <time>2026-08-04T13:54:08.000Z</time>
      </trkpt>
      <trkpt lat="40.07056382373516" lon="116.3336485866459">
        <ele>46.3</ele>
        <time>2026-08-04T13:54:09.000Z</time>
      </trkpt>
      <trkpt lat="40.07058445391259" lon="116.33364676950275">
        <ele>46.3</ele>
        <time>2026-08-04T13:54:10.000Z</time>
      </trkpt>
      <trkpt lat="40.070605508594426" lon="116.33364472094327">
        <ele>46.3</ele>
        <time>2026-08-04T13:54:11.000Z</time>
      </trkpt>
      <trkpt lat="40.070627122355184" lon="116.33364236962773">
        <ele>46.3</ele>
        <time>2026-08-04T13:54:12.000Z</time>
      </trkpt>
      <trkpt lat="40.07064937148557" lon="116.33363973729621">
        <ele>46.3</ele>
        <time>2026-08-04T13:54:13.000Z</time>
      </trkpt>
      <trkpt lat="40.070672271061234" lon="116.33363692396145">
        <ele>46.3</ele>
        <time>2026-08-04T13:54:14.000Z</time>
      </trkpt>
      <trkpt lat="40.07069576481089" lon="116.33363394665837">
        <ele>46.3</ele>
        <time>2026-08-04T13:54:15.000Z</time>
      </trkpt>
      <trkpt lat="40.070719686893625" lon="116.33363076199957">
        <ele>46.3</ele>
        <time>2026-08-04T13:54:16.000Z</time>
      </trkpt>
      <trkpt lat="40.07074386485038" lon="116.33362734345147">
        <ele>46.3</ele>
        <time>2026-08-04T13:54:17.000Z</time>
        <extensions>
          <gpxtpx:TrackPointExtension>
            <gpxtpx:hr>160</gpxtpx:hr>
          </gpxtpx:TrackPointExtension>
        </extensions>
      </trkpt>
      <trkpt lat="40.070768197385114" lon="116.33362374487656">
        <ele>46.2</ele>
        <time>2026-08-04T13:54:18.000Z</time>
        <extensions>
          <gpxtpx:TrackPointExtension>
            <gpxtpx:hr>160</gpxtpx:hr>
          </gpxtpx:TrackPointExtension>
        </extensions>
      </trkpt>
      <trkpt lat="40.07079262936974" lon="116.33362013435178">
        <ele>46.2</ele>
        <time>2026-08-04T13:54:19.000Z</time>
        <extensions>
          <gpxtpx:TrackPointExtension>
            <gpxtpx:hr>160</gpxtpx:hr>
          </gpxtpx:TrackPointExtension>
        </extensions>
      </trkpt>
      <trkpt lat="40.07081714025233" lon="116.33361672083187">
        <ele>46.2</ele>
        <time>2026-08-04T13:54:20.000Z</time>
        <extensions>
          <gpxtpx:TrackPointExtension>
            <gpxtpx:hr>160</gpxtpx:hr>
          </gpxtpx:TrackPointExtension>
        </extensions>
      </trkpt>
      <trkpt lat="40.070841650773446" lon="116.33361361740302">
        <ele>46.2</ele>
        <time>2026-08-04T13:54:21.000Z</time>
        <extensions>
          <gpxtpx:TrackPointExtension>
            <gpxtpx:hr>160</gpxtpx:hr>
          </gpxtpx:TrackPointExtension>
        </extensions>
      </trkpt>
      <trkpt lat="40.07086599295564" lon="116.33361085194026">
        <ele>46.2</ele>
        <time>2026-08-04T13:54:22.000Z</time>
        <extensions>
          <gpxtpx:TrackPointExtension>
            <gpxtpx:hr>160</gpxtpx:hr>
          </gpxtpx:TrackPointExtension>
        </extensions>
      </trkpt>
      <trkpt lat="40.070889930467416" lon="116.33360844055146">
        <ele>46.2</ele>
        <time>2026-08-04T13:54:23.000Z</time>
        <extensions>
          <gpxtpx:TrackPointExtension>
            <gpxtpx:hr>160</gpxtpx:hr>
          </gpxtpx:TrackPointExtension>
        </extensions>
      </trkpt>
      <trkpt lat="40.0709132540239" lon="116.33360643188436">
        <ele>46.2</ele>
        <time>2026-08-04T13:54:24.000Z</time>
        <extensions>
          <gpxtpx:TrackPointExtension>
            <gpxtpx:hr>160</gpxtpx:hr>
          </gpxtpx:TrackPointExtension>
        </extensions>
      </trkpt>
      <trkpt lat="40.0709358733689" lon="116.33360488557611">
        <ele>46.2</ele>
        <time>2026-08-04T13:54:25.000Z</time>
        <extensions>
          <gpxtpx:TrackPointExtension>
            <gpxtpx:hr>160</gpxtpx:hr>
          </gpxtpx:TrackPointExtension>
        </extensions>
      </trkpt>
      <trkpt lat="40.07095774718432" lon="116.3336038010851">
        <ele>46.2</ele>
        <time>2026-08-04T13:54:26.000Z</time>
        <extensions>
          <gpxtpx:TrackPointExtension>
            <gpxtpx:hr>160</gpxtpx:hr>
          </gpxtpx:TrackPointExtension>
        </extensions>
      </trkpt>
      <trkpt lat="40.0709789187858" lon="116.33360313022732">
        <ele>46.2</ele>
        <time>2026-08-04T13:54:27.000Z</time>
        <extensions>
          <gpxtpx:TrackPointExtension>
            <gpxtpx:hr>160</gpxtpx:hr>
          </gpxtpx:TrackPointExtension>
        </extensions>
      </trkpt>
      <trkpt lat="40.07099958990428" lon="116.33360282464321">
        <ele>46.2</ele>
        <time>2026-08-04T13:54:28.000Z</time>
        <extensions>
          <gpxtpx:TrackPointExtension>
            <gpxtpx:hr>160</gpxtpx:hr>
          </gpxtpx:TrackPointExtension>
        </extensions>
      </trkpt>
      <trkpt lat="40.07101996348415" lon="116.3336029018768">
        <ele>46.2</ele>
        <time>2026-08-04T13:54:29.000Z</time>
        <extensions>
          <gpxtpx:TrackPointExtension>
            <gpxtpx:hr>160</gpxtpx:hr>
          </gpxtpx:TrackPointExtension>
        </extensions>
      </trkpt>
      <trkpt lat="40.071040379310624" lon="116.33360343308856">
        <ele>46.2</ele>
        <time>2026-08-04T13:54:30.000Z</time>
        <extensions>
          <gpxtpx:TrackPointExtension>
            <gpxtpx:hr>160</gpxtpx:hr>
          </gpxtpx:TrackPointExtension>
        </extensions>
      </trkpt>
      <trkpt lat="40.07106123357969" lon="116.33360445405478">
        <ele>46.2</ele>
        <time>2026-08-04T13:54:31.000Z</time>
        <extensions>
          <gpxtpx:TrackPointExtension>
            <gpxtpx:hr>160</gpxtpx:hr>
          </gpxtpx:TrackPointExtension>
        </extensions>
      </trkpt>
      <trkpt lat="40.07108270998361" lon="116.33360592968799">
        <ele>46.2</ele>
        <time>2026-08-04T13:54:32.000Z</time>
        <extensions>
          <gpxtpx:TrackPointExtension>
            <gpxtpx:hr>160</gpxtpx:hr>
          </gpxtpx:TrackPointExtension>
        </extensions>
      </trkpt>
      <trkpt lat="40.071104816911436" lon="116.33360775887137">
        <ele>46.2</ele>
        <time>2026-08-04T13:54:33.000Z</time>
        <extensions>
          <gpxtpx:TrackPointExtension>
            <gpxtpx:hr>160</gpxtpx:hr>
          </gpxtpx:TrackPointExtension>
        </extensions>
      </trkpt>
      <trkpt lat="40.07112741946195" lon="116.33360980119448">
        <ele>46.2</ele>
        <time>2026-08-04T13:54:34.000Z</time>
        <extensions>
          <gpxtpx:TrackPointExtension>
            <gpxtpx:hr>160</gpxtpx:hr>
          </gpxtpx:TrackPointExtension>
        </extensions>
      </trkpt>
      <trkpt lat="40.07115041473226" lon="116.33361196845394">
        <ele>46.2</ele>
        <time>2026-08-04T13:54:35.000Z</time>
        <extensions>
          <gpxtpx:TrackPointExtension>
            <gpxtpx:hr>160</gpxtpx:hr>
          </gpxtpx:TrackPointExtension>
        </extensions>
      </trkpt>
      <trkpt lat="40.071173616024254" lon="116.33361413070732">
        <ele>46.2</ele>
        <time>2026-08-04T13:54:36.000Z</time>
        <extensions>
          <gpxtpx:TrackPointExtension>
            <gpxtpx:hr>160</gpxtpx:hr>
          </gpxtpx:TrackPointExtension>
        </extensions>
      </trkpt>
      <trkpt lat="40.071196630988055" lon="116.33361608202314">
        <ele>46.1</ele>
        <time>2026-08-04T13:54:37.000Z</time>
        <extensions>
          <gpxtpx:TrackPointExtension>
            <gpxtpx:hr>160</gpxtpx:hr>
          </gpxtpx:TrackPointExtension>
        </extensions>
      </trkpt>
      <trkpt lat="40.07121916024124" lon="116.33361767868267">
        <ele>46.1</ele>
        <time>2026-08-04T13:54:38.000Z</time>
        <extensions>
          <gpxtpx:TrackPointExtension>
            <gpxtpx:hr>160</gpxtpx:hr>
          </gpxtpx:TrackPointExtension>
        </extensions>
      </trkpt>
      <trkpt lat="40.0712411133461" lon="116.33361887343716">
        <ele>46.1</ele>
        <time>2026-08-04T13:54:39.000Z</time>
        <extensions>
          <gpxtpx:TrackPointExtension>
            <gpxtpx:hr>160</gpxtpx:hr>
          </gpxtpx:TrackPointExtension>
        </extensions>
      </trkpt>
      <trkpt lat="40.07126243239101" lon="116.33361970589404">
        <ele>46.1</ele>
        <time>2026-08-04T13:54:40.000Z</time>
        <extensions>
          <gpxtpx:TrackPointExtension>
            <gpxtpx:hr>160</gpxtpx:hr>
          </gpxtpx:TrackPointExtension>
        </extensions>
      </trkpt>
      <trkpt lat="40.071283122528754" lon="116.33362023526661">
        <ele>46.1</ele>
        <time>2026-08-04T13:54:41.000Z</time>
        <extensions>
          <gpxtpx:TrackPointExtension>
            <gpxtpx:hr>160</gpxtpx:hr>
          </gpxtpx:TrackPointExtension>
        </extensions>
      </trkpt>
      <trkpt lat="40.07130375780677" lon="116.3336206159811">
        <ele>46.1</ele>
        <time>2026-08-04T13:54:42.000Z</time>
        <extensions>
          <gpxtpx:TrackPointExtension>
            <gpxtpx:hr>160</gpxtpx:hr>
          </gpxtpx:TrackPointExtension>
        </extensions>
      </trkpt>
      <trkpt lat="40.071325038244886" lon="116.33362131508575">
        <ele>46.1</ele>
        <time>2026-08-04T13:54:43.000Z</time>
        <extensions>
          <gpxtpx:TrackPointExtension>
            <gpxtpx:hr>160</gpxtpx:hr>
          </gpxtpx:TrackPointExtension>
        </extensions>
      </trkpt>
      <trkpt lat="40.071347048875346" lon="116.33362269037492">
        <ele>46.1</ele>
        <time>2026-08-04T13:54:44.000Z</time>
        <extensions>
          <gpxtpx:TrackPointExtension>
            <gpxtpx:hr>160</gpxtpx:hr>
          </gpxtpx:TrackPointExtension>
        </extensions>
      </trkpt>
      <trkpt lat="40.07136948468439" lon="116.33362472088258">
        <ele>46.1</ele>
        <time>2026-08-04T13:54:45.000Z</time>
        <extensions>
          <gpxtpx:TrackPointExtension>
            <gpxtpx:hr>160</gpxtpx:hr>
          </gpxtpx:TrackPointExtension>
        </extensions>
      </trkpt>
      <trkpt lat="40.07139192997368" lon="116.33362719788751">
        <ele>46.1</ele>
        <time>2026-08-04T13:54:46.000Z</time>
        <extensions>
          <gpxtpx:TrackPointExtension>
            <gpxtpx:hr>160</gpxtpx:hr>
          </gpxtpx:TrackPointExtension>
        </extensions>
      </trkpt>
      <trkpt lat="40.07141405874938" lon="116.33362982500705">
        <ele>46.1</ele>
        <time>2026-08-04T13:54:47.000Z</time>
      </trkpt>
      <trkpt lat="40.07143585194248" lon="116.333632358608">
        <ele>46.1</ele>
        <time>2026-08-04T13:54:48.000Z</time>
      </trkpt>
      <trkpt lat="40.07145751118857" lon="116.33363463537599">
        <ele>46.1</ele>
        <time>2026-08-04T13:54:49.000Z</time>
      </trkpt>
      <trkpt lat="40.07147921451446" lon="116.33363657985453">
        <ele>46.1</ele>
        <time>2026-08-04T13:54:50.000Z</time>
      </trkpt>
      <trkpt lat="40.07150106792812" lon="116.33363817846818">
        <ele>46.1</ele>
        <time>2026-08-04T13:54:51.000Z</time>
      </trkpt>
      <trkpt lat="40.071523162004404" lon="116.33363948396392">
        <ele>46.1</ele>
        <time>2026-08-04T13:54:52.000Z</time>
      </trkpt>
      <trkpt lat="40.071545451701624" lon="116.33364055325377">
        <ele>46.1</ele>
        <time>2026-08-04T13:54:53.000Z</time>
      </trkpt>
      <trkpt lat="40.07156763858358" lon="116.33364144202355">
        <ele>46.1</ele>
        <time>2026-08-04T13:54:54.000Z</time>
      </trkpt>
      <trkpt lat="40.07158937474302" lon="116.33364216165059">
        <ele>46.0</ele>
        <time>2026-08-04T13:54:55.000Z</time>
      </trkpt>
      <trkpt lat="40.071610508621106" lon="116.3336426978528">
        <ele>46.0</ele>
        <time>2026-08-04T13:54:56.000Z</time>
      </trkpt>
      <trkpt lat="40.07163110386571" lon="116.33364305631164">
        <ele>46.0</ele>
        <time>2026-08-04T13:54:57.000Z</time>
      </trkpt>
      <trkpt lat="40.07165137394154" lon="116.33364324539646">
        <ele>46.0</ele>
        <time>2026-08-04T13:54:58.000Z</time>
      </trkpt>
      <trkpt lat="40.07167157325256" lon="116.33364325925126">
        <ele>46.0</ele>
        <time>2026-08-04T13:54:59.000Z</time>
      </trkpt>
      <trkpt lat="40.07169165753994" lon="116.33364309968407">
        <ele>46.0</ele>
        <time>2026-08-04T13:55:00.000Z</time>
      </trkpt>
      <trkpt lat="40.071711577835714" lon="116.33364289491803">
        <ele>45.9</ele>
        <time>2026-08-04T13:55:01.000Z</time>
      </trkpt>
      <trkpt lat="40.0717313659456" lon="116.33364276965064">
        <ele>45.9</ele>
        <time>2026-08-04T13:55:02.000Z</time>
      </trkpt>
      <trkpt lat="40.071750788052654" lon="116.33364274526998">
        <ele>45.9</ele>
        <time>2026-08-04T13:55:03.000Z</time>
      </trkpt>
      <trkpt lat="40.07176984510973" lon="116.33364295563211">
        <ele>45.9</ele>
        <time>2026-08-04T13:55:04.000Z</time>
      </trkpt>
      <trkpt lat="40.071788838320394" lon="116.33364346918277">
        <ele>45.9</ele>
        <time>2026-08-04T13:55:05.000Z</time>
      </trkpt>
      <trkpt lat="40.0718080158486" lon="116.3336441712688">
        <ele>45.9</ele>
        <time>2026-08-04T13:55:06.000Z</time>
      </trkpt>
      <trkpt lat="40.07182754034875" lon="116.33364497382233">
        <ele>45.9</ele>
        <time>2026-08-04T13:55:07.000Z</time>
      </trkpt>
      <trkpt lat="40.07184744329367" lon="116.33364583320663">
        <ele>45.8</ele>
        <time>2026-08-04T13:55:08.000Z</time>
      </trkpt>
      <trkpt lat="40.07186767617152" lon="116.33364679214061">
        <ele>45.8</ele>
        <time>2026-08-04T13:55:09.000Z</time>
      </trkpt>
      <trkpt lat="40.07188812891167" lon="116.33364792481949">
        <ele>45.8</ele>
        <time>2026-08-04T13:55:10.000Z</time>
      </trkpt>
      <trkpt lat="40.07190878479636" lon="116.33364909528302">
        <ele>45.8</ele>
        <time>2026-08-04T13:55:11.000Z</time>
      </trkpt>
      <trkpt lat="40.071929488339514" lon="116.33365009014946">
        <ele>45.8</ele>
        <time>2026-08-04T13:55:12.000Z</time>
      </trkpt>
      <trkpt lat="40.07194991014805" lon="116.33365082131519">
        <ele>45.8</ele>
        <time>2026-08-04T13:55:13.000Z</time>
      </trkpt>
      <trkpt lat="40.07196993148134" lon="116.3336512739712">
        <ele>45.8</ele>
        <time>2026-08-04T13:55:14.000Z</time>
      </trkpt>
      <trkpt lat="40.07198951886281" lon="116.33365151100966">
        <ele>45.8</ele>
        <time>2026-08-04T13:55:15.000Z</time>
      </trkpt>
      <trkpt lat="40.07200879537676" lon="116.33365165833548">
        <ele>45.8</ele>
        <time>2026-08-04T13:55:16.000Z</time>
      </trkpt>
      <trkpt lat="40.07202791713621" lon="116.33365186112344">
        <ele>45.8</ele>
        <time>2026-08-04T13:55:17.000Z</time>
      </trkpt>
      <trkpt lat="40.072046967468125" lon="116.33365227939997">
        <ele>45.8</ele>
        <time>2026-08-04T13:55:18.000Z</time>
      </trkpt>
      <trkpt lat="40.072066157832914" lon="116.33365289735542">
        <ele>45.8</ele>
        <time>2026-08-04T13:55:19.000Z</time>
      </trkpt>
      <trkpt lat="40.07208569327102" lon="116.3336535479948">
        <ele>45.8</ele>
        <time>2026-08-04T13:55:20.000Z</time>
      </trkpt>
      <trkpt lat="40.07210571914932" lon="116.33365413179867">
        <ele>45.8</ele>
        <time>2026-08-04T13:55:21.000Z</time>
      </trkpt>
      <trkpt lat="40.07212637159398" lon="116.3336545852555">
        <ele>45.8</ele>
        <time>2026-08-04T13:55:22.000Z</time>
      </trkpt>
      <trkpt lat="40.07214769019097" lon="116.33365486084108">
        <ele>45.8</ele>
        <time>2026-08-04T13:55:23.000Z</time>
      </trkpt>
      <trkpt lat="40.07216956187996" lon="116.33365500176721">
        <ele>45.8</ele>
        <time>2026-08-04T13:55:24.000Z</time>
      </trkpt>
      <trkpt lat="40.07219178666162" lon="116.33365513770546">
        <ele>45.8</ele>
        <time>2026-08-04T13:55:25.000Z</time>
      </trkpt>
      <trkpt lat="40.072214101056254" lon="116.33365535508574">
        <ele>45.8</ele>
        <time>2026-08-04T13:55:26.000Z</time>
      </trkpt>
      <trkpt lat="40.072236230284744" lon="116.33365568913108">
        <ele>45.8</ele>
        <time>2026-08-04T13:55:27.000Z</time>
      </trkpt>
      <trkpt lat="40.07225800380774" lon="116.3336561065758">
        <ele>45.8</ele>
        <time>2026-08-04T13:55:28.000Z</time>
      </trkpt>
      <trkpt lat="40.07227937351205" lon="116.33365655286524">
        <ele>45.8</ele>
        <time>2026-08-04T13:55:29.000Z</time>
      </trkpt>
      <trkpt lat="40.072300319337174" lon="116.33365705794449">
        <ele>45.8</ele>
        <time>2026-08-04T13:55:30.000Z</time>
      </trkpt>
      <trkpt lat="40.072320836010874" lon="116.333657673627">
        <ele>45.8</ele>
        <time>2026-08-04T13:55:31.000Z</time>
      </trkpt>
      <trkpt lat="40.07234092208396" lon="116.3336584095076">
        <ele>45.8</ele>
        <time>2026-08-04T13:55:32.000Z</time>
      </trkpt>
      <trkpt lat="40.0723606298727" lon="116.33365916328057">
        <ele>45.8</ele>
        <time>2026-08-04T13:55:33.000Z</time>
      </trkpt>
      <trkpt lat="40.07238007447206" lon="116.33365976986703">
        <ele>45.8</ele>
        <time>2026-08-04T13:55:34.000Z</time>
      </trkpt>
      <trkpt lat="40.072399608457786" lon="116.33366014439065">
        <ele>45.8</ele>
        <time>2026-08-04T13:55:35.000Z</time>
      </trkpt>
      <trkpt lat="40.07241958902026" lon="116.3336603388357">
        <ele>45.8</ele>
        <time>2026-08-04T13:55:36.000Z</time>
      </trkpt>
      <trkpt lat="40.07244001342336" lon="116.33366040239687">
        <ele>45.8</ele>
        <time>2026-08-04T13:55:37.000Z</time>
      </trkpt>
      <trkpt lat="40.072460837497694" lon="116.33366034636056">
        <ele>45.8</ele>
        <time>2026-08-04T13:55:38.000Z</time>
      </trkpt>
      <trkpt lat="40.072482015789404" lon="116.33366013431751">
        <ele>45.8</ele>
        <time>2026-08-04T13:55:39.000Z</time>
      </trkpt>
      <trkpt lat="40.07250350188383" lon="116.33365965129056">
        <ele>45.8</ele>
        <time>2026-08-04T13:55:40.000Z</time>
      </trkpt>
      <trkpt lat="40.072525436292366" lon="116.3336588203774">
        <ele>45.8</ele>
        <time>2026-08-04T13:55:41.000Z</time>
      </trkpt>
      <trkpt lat="40.07254797937009" lon="116.33365761023349">
        <ele>45.8</ele>
        <time>2026-08-04T13:55:42.000Z</time>
      </trkpt>
      <trkpt lat="40.072571288335304" lon="116.33365594214254">
        <ele>45.8</ele>
        <time>2026-08-04T13:55:43.000Z</time>
      </trkpt>
      <trkpt lat="40.07259530781958" lon="116.33365383648368">
        <ele>45.8</ele>
        <time>2026-08-04T13:55:44.000Z</time>
      </trkpt>
      <trkpt lat="40.07261986937546" lon="116.3336514704603">
        <ele>45.8</ele>
        <time>2026-08-04T13:55:45.000Z</time>
      </trkpt>
      <trkpt lat="40.07264484103916" lon="116.3336490022924">
        <ele>45.8</ele>
        <time>2026-08-04T13:55:46.000Z</time>
      </trkpt>
      <trkpt lat="40.072669923557534" lon="116.33364658539553">
        <ele>45.8</ele>
        <time>2026-08-04T13:55:47.000Z</time>
      </trkpt>
      <trkpt lat="40.072694776478606" lon="116.3336443369221">
        <ele>45.8</ele>
        <time>2026-08-04T13:55:48.000Z</time>
      </trkpt>
      <trkpt lat="40.07271933003556" lon="116.33364241218237">
        <ele>45.8</ele>
        <time>2026-08-04T13:55:49.000Z</time>
      </trkpt>
      <trkpt lat="40.07274372394283" lon="116.33364093174926">
        <ele>45.8</ele>
        <time>2026-08-04T13:55:50.000Z</time>
      </trkpt>
      <trkpt lat="40.07276796521526" lon="116.33363992911801">
        <ele>45.8</ele>
        <time>2026-08-04T13:55:51.000Z</time>
      </trkpt>
      <trkpt lat="40.072791942219425" lon="116.33363947458184">
        <ele>45.8</ele>
        <time>2026-08-04T13:55:52.000Z</time>
      </trkpt>
      <trkpt lat="40.072815487357964" lon="116.33363965968964">
        <ele>45.8</ele>
        <time>2026-08-04T13:55:53.000Z</time>
      </trkpt>
      <trkpt lat="40.072838753948226" lon="116.33364051218345">
        <ele>45.8</ele>
        <time>2026-08-04T13:55:54.000Z</time>
      </trkpt>
      <trkpt lat="40.072862307841056" lon="116.3336419035333">
        <ele>45.8</ele>
        <time>2026-08-04T13:55:55.000Z</time>
      </trkpt>
      <trkpt lat="40.072886498070716" lon="116.33364368044728">
        <ele>45.9</ele>
        <time>2026-08-04T13:55:56.000Z</time>
      </trkpt>
      <trkpt lat="40.07291122695042" lon="116.33364585394096">
        <ele>45.9</ele>
        <time>2026-08-04T13:55:57.000Z</time>
      </trkpt>
      <trkpt lat="40.07293633884663" lon="116.33364838050008">
        <ele>45.9</ele>
        <time>2026-08-04T13:55:58.000Z</time>
      </trkpt>
      <trkpt lat="40.07296172437599" lon="116.33365089351584">
        <ele>45.9</ele>
        <time>2026-08-04T13:55:59.000Z</time>
      </trkpt>
      <trkpt lat="40.07298712335317" lon="116.3336531034593">
        <ele>45.9</ele>
        <time>2026-08-04T13:56:00.000Z</time>
      </trkpt>
      <trkpt lat="40.07301222631886" lon="116.33365500272794">
        <ele>45.9</ele>
        <time>2026-08-04T13:56:01.000Z</time>
      </trkpt>
      <trkpt lat="40.07303684570835" lon="116.33365647185363">
        <ele>45.9</ele>
        <time>2026-08-04T13:56:02.000Z</time>
      </trkpt>
      <trkpt lat="40.073060647310186" lon="116.33365736153472">
        <ele>45.9</ele>
        <time>2026-08-04T13:56:03.000Z</time>
      </trkpt>
      <trkpt lat="40.07308351572673" lon="116.33365769659346">
        <ele>45.9</ele>
        <time>2026-08-04T13:56:04.000Z</time>
      </trkpt>
      <trkpt lat="40.07310580928938" lon="116.33365759892489">
        <ele>45.9</ele>
        <time>2026-08-04T13:56:05.000Z</time>
      </trkpt>
      <trkpt lat="40.07312785744189" lon="116.33365735069295">
        <ele>46.0</ele>
        <time>2026-08-04T13:56:06.000Z</time>
      </trkpt>
      <trkpt lat="40.07314976218611" lon="116.33365710006788">
        <ele>46.0</ele>
        <time>2026-08-04T13:56:07.000Z</time>
      </trkpt>
      <trkpt lat="40.07317145744852" lon="116.33365680839229">
        <ele>46.0</ele>
        <time>2026-08-04T13:56:08.000Z</time>
      </trkpt>
      <trkpt lat="40.07319292931955" lon="116.33365653352762">
        <ele>46.0</ele>
        <time>2026-08-04T13:56:09.000Z</time>
      </trkpt>
      <trkpt lat="40.07321422977334" lon="116.33365647118556">
        <ele>46.0</ele>
        <time>2026-08-04T13:56:10.000Z</time>
      </trkpt>
      <trkpt lat="40.07323554591391" lon="116.33365693093621">
        <ele>46.0</ele>
        <time>2026-08-04T13:56:11.000Z</time>
      </trkpt>
      <trkpt lat="40.07325710369873" lon="116.33365815874065">
        <ele>46.0</ele>
        <time>2026-08-04T13:56:12.000Z</time>
      </trkpt>
      <trkpt lat="40.073278924727084" lon="116.3336602075251">
        <ele>46.0</ele>
        <time>2026-08-04T13:56:13.000Z</time>
      </trkpt>
      <trkpt lat="40.07330099797098" lon="116.33366288609342">
        <ele>46.0</ele>
        <time>2026-08-04T13:56:14.000Z</time>
      </trkpt>
      <trkpt lat="40.07332343543261" lon="116.33366583629558">
        <ele>46.0</ele>
        <time>2026-08-04T13:56:15.000Z</time>
      </trkpt>
      <trkpt lat="40.07334644753925" lon="116.3336689656438">
        <ele>46.1</ele>
        <time>2026-08-04T13:56:16.000Z</time>
      </trkpt>
      <trkpt lat="40.07336985082262" lon="116.33367229110468">
        <ele>46.1</ele>
        <time>2026-08-04T13:56:17.000Z</time>
      </trkpt>
      <trkpt lat="40.07339290227628" lon="116.33367564022694">
        <ele>46.1</ele>
        <time>2026-08-04T13:56:18.000Z</time>
      </trkpt>
      <trkpt lat="40.07341522781254" lon="116.3336786229424">
        <ele>46.1</ele>
        <time>2026-08-04T13:56:19.000Z</time>
      </trkpt>
      <trkpt lat="40.073437022768005" lon="116.33368111848598">
        <ele>46.1</ele>
        <time>2026-08-04T13:56:20.000Z</time>
      </trkpt>
      <trkpt lat="40.07345858042268" lon="116.33368356143612">
        <ele>46.1</ele>
        <time>2026-08-04T13:56:21.000Z</time>
      </trkpt>
      <trkpt lat="40.073480030765765" lon="116.33368635693064">
        <ele>46.1</ele>
        <time>2026-08-04T13:56:22.000Z</time>
      </trkpt>
      <trkpt lat="40.073501419055816" lon="116.33368963295389">
        <ele>46.1</ele>
        <time>2026-08-04T13:56:23.000Z</time>
      </trkpt>
      <trkpt lat="40.07352294061465" lon="116.33369319567417">
        <ele>46.1</ele>
        <time>2026-08-04T13:56:24.000Z</time>
      </trkpt>
      <trkpt lat="40.073544758650726" lon="116.33369686439094">
        <ele>46.1</ele>
        <time>2026-08-04T13:56:25.000Z</time>
      </trkpt>
      <trkpt lat="40.07356718052074" lon="116.33370083872691">
        <ele>46.2</ele>
        <time>2026-08-04T13:56:26.000Z</time>
      </trkpt>
      <trkpt lat="40.073590416656906" lon="116.33370547494985">
        <ele>46.2</ele>
        <time>2026-08-04T13:56:27.000Z</time>
      </trkpt>
      <trkpt lat="40.073614358472916" lon="116.33371072046523">
        <ele>46.1</ele>
        <time>2026-08-04T13:56:28.000Z</time>
      </trkpt>
      <trkpt lat="40.07363893638325" lon="116.33371572301814">
        <ele>46.1</ele>
        <time>2026-08-04T13:56:29.000Z</time>
      </trkpt>
      <trkpt lat="40.07366393356226" lon="116.33371952245798">
        <ele>46.1</ele>
        <time>2026-08-04T13:56:30.000Z</time>
      </trkpt>
      <trkpt lat="40.07368910137774" lon="116.33372208057605">
        <ele>46.1</ele>
        <time>2026-08-04T13:56:31.000Z</time>
      </trkpt>
      <trkpt lat="40.07371417368202" lon="116.3337238086154">
        <ele>46.1</ele>
        <time>2026-08-04T13:56:32.000Z</time>
      </trkpt>
      <trkpt lat="40.073738578716" lon="116.33372494462954">
        <ele>46.1</ele>
        <time>2026-08-04T13:56:33.000Z</time>
      </trkpt>
      <trkpt lat="40.07376174497939" lon="116.33372550398495">
        <ele>46.1</ele>
        <time>2026-08-04T13:56:34.000Z</time>
      </trkpt>
      <trkpt lat="40.07378375345715" lon="116.33372559955843">
        <ele>46.1</ele>
        <time>2026-08-04T13:56:35.000Z</time>
      </trkpt>
      <trkpt lat="40.07380521161381" lon="116.33372576932915">
        <ele>46.1</ele>
        <time>2026-08-04T13:56:36.000Z</time>
      </trkpt>
      <trkpt lat="40.07382663595963" lon="116.33372613270642">
        <ele>46.1</ele>
        <time>2026-08-04T13:56:37.000Z</time>
      </trkpt>
      <trkpt lat="40.0738484925903" lon="116.33372630743493">
        <ele>46.1</ele>
        <time>2026-08-04T13:56:38.000Z</time>
      </trkpt>
      <trkpt lat="40.073871247103256" lon="116.33372603695531">
        <ele>46.1</ele>
        <time>2026-08-04T13:56:39.000Z</time>
      </trkpt>
      <trkpt lat="40.07389490141272" lon="116.33372531624005">
        <ele>46.1</ele>
        <time>2026-08-04T13:56:40.000Z</time>
      </trkpt>
      <trkpt lat="40.073918998300265" lon="116.33372437602065">
        <ele>46.1</ele>
        <time>2026-08-04T13:56:41.000Z</time>
      </trkpt>
      <trkpt lat="40.07394326320801" lon="116.33372365107657">
        <ele>46.1</ele>
        <time>2026-08-04T13:56:42.000Z</time>
      </trkpt>
      <trkpt lat="40.07396757968224" lon="116.33372337752157">
        <ele>46.1</ele>
        <time>2026-08-04T13:56:43.000Z</time>
      </trkpt>
      <trkpt lat="40.07399182842167" lon="116.33372351255677">
        <ele>46.1</ele>
        <time>2026-08-04T13:56:44.000Z</time>
      </trkpt>
      <trkpt lat="40.0740158169022" lon="116.33372383252416">
        <ele>46.1</ele>
        <time>2026-08-04T13:56:45.000Z</time>
      </trkpt>
      <trkpt lat="40.074039286247285" lon="116.33372403687788">
        <ele>46.1</ele>
        <time>2026-08-04T13:56:46.000Z</time>
      </trkpt>
      <trkpt lat="40.07406214907749" lon="116.33372398442911">
        <ele>46.1</ele>
        <time>2026-08-04T13:56:47.000Z</time>
      </trkpt>
      <trkpt lat="40.07408444749454" lon="116.33372385136572">
        <ele>46.1</ele>
        <time>2026-08-04T13:56:48.000Z</time>
      </trkpt>
      <trkpt lat="40.074106240661465" lon="116.33372394861739">
        <ele>46.1</ele>
        <time>2026-08-04T13:56:49.000Z</time>
      </trkpt>
      <trkpt lat="40.07412773739856" lon="116.33372433942802">
        <ele>46.2</ele>
        <time>2026-08-04T13:56:50.000Z</time>
      </trkpt>
      <trkpt lat="40.07414921887654" lon="116.3337248510784">
        <ele>46.2</ele>
        <time>2026-08-04T13:56:51.000Z</time>
      </trkpt>
      <trkpt lat="40.07417082200892" lon="116.33372550498683">
        <ele>46.2</ele>
        <time>2026-08-04T13:56:52.000Z</time>
      </trkpt>
      <trkpt lat="40.074192689678334" lon="116.33372665531122">
        <ele>46.2</ele>
        <time>2026-08-04T13:56:53.000Z</time>
      </trkpt>
      <trkpt lat="40.07421509295924" lon="116.33372857615572">
        <ele>46.2</ele>
        <time>2026-08-04T13:56:54.000Z</time>
      </trkpt>
      <trkpt lat="40.07423809513583" lon="116.33373164254391">
        <ele>46.3</ele>
        <time>2026-08-04T13:56:55.000Z</time>
      </trkpt>
      <trkpt lat="40.07426152811522" lon="116.33373586187365">
        <ele>46.3</ele>
        <time>2026-08-04T13:56:56.000Z</time>
      </trkpt>
      <trkpt lat="40.07428527219152" lon="116.33374027963048">
        <ele>46.3</ele>
        <time>2026-08-04T13:56:57.000Z</time>
      </trkpt>
      <trkpt lat="40.074309152653065" lon="116.33374361989576">
        <ele>46.4</ele>
        <time>2026-08-04T13:56:58.000Z</time>
      </trkpt>
      <trkpt lat="40.074333005324675" lon="116.33374510316125">
        <ele>46.4</ele>
        <time>2026-08-04T13:56:59.000Z</time>
      </trkpt>
      <trkpt lat="40.07435671851806" lon="116.33374459097016">
        <ele>46.4</ele>
        <time>2026-08-04T13:57:00.000Z</time>
      </trkpt>
      <trkpt lat="40.07438016260019" lon="116.33374202709258">
        <ele>46.4</ele>
        <time>2026-08-04T13:57:01.000Z</time>
      </trkpt>
      <trkpt lat="40.07440323991543" lon="116.33373729010245">
        <ele>46.5</ele>
        <time>2026-08-04T13:57:02.000Z</time>
      </trkpt>
      <trkpt lat="40.074425922596404" lon="116.33373068278324">
        <ele>46.5</ele>
        <time>2026-08-04T13:57:03.000Z</time>
      </trkpt>
      <trkpt lat="40.074448321983716" lon="116.33372276239872">
        <ele>46.5</ele>
        <time>2026-08-04T13:57:04.000Z</time>
      </trkpt>
      <trkpt lat="40.0744705765537" lon="116.3337140876283">
        <ele>46.5</ele>
        <time>2026-08-04T13:57:05.000Z</time>
      </trkpt>
      <trkpt lat="40.074492788966374" lon="116.33370515007178">
        <ele>46.5</ele>
        <time>2026-08-04T13:57:06.000Z</time>
      </trkpt>
      <trkpt lat="40.07451509678145" lon="116.33369617232731">
        <ele>46.4</ele>
        <time>2026-08-04T13:57:07.000Z</time>
      </trkpt>
      <trkpt lat="40.074537543722805" lon="116.33368716568577">
        <ele>46.4</ele>
        <time>2026-08-04T13:57:08.000Z</time>
      </trkpt>
      <trkpt lat="40.074560107202124" lon="116.33367834483964">
        <ele>46.4</ele>
        <time>2026-08-04T13:57:09.000Z</time>
      </trkpt>
      <trkpt lat="40.07458282630418" lon="116.33367018042287">
        <ele>46.4</ele>
        <time>2026-08-04T13:57:10.000Z</time>
      </trkpt>
      <trkpt lat="40.074605776616984" lon="116.33366294828926">
        <ele>46.3</ele>
        <time>2026-08-04T13:57:11.000Z</time>
      </trkpt>
      <trkpt lat="40.0746291094723" lon="116.33365633457981">
        <ele>46.3</ele>
        <time>2026-08-04T13:57:12.000Z</time>
      </trkpt>
      <trkpt lat="40.07465287897367" lon="116.33365000712398">
        <ele>46.3</ele>
        <time>2026-08-04T13:57:13.000Z</time>
      </trkpt>
      <trkpt lat="40.07467700408626" lon="116.33364418366777">
        <ele>46.3</ele>
        <time>2026-08-04T13:57:14.000Z</time>
      </trkpt>
      <trkpt lat="40.07470124338044" lon="116.33363902240521">
        <ele>46.3</ele>
        <time>2026-08-04T13:57:15.000Z</time>
      </trkpt>
      <trkpt lat="40.07472531483505" lon="116.3336341716795">
        <ele>46.3</ele>
        <time>2026-08-04T13:57:16.000Z</time>
      </trkpt>
      <trkpt lat="40.07474899005459" lon="116.33362901027284">
        <ele>46.3</ele>
        <time>2026-08-04T13:57:17.000Z</time>
      </trkpt>
      <trkpt lat="40.07477206387663" lon="116.33362319155701">
        <ele>46.2</ele>
        <time>2026-08-04T13:57:18.000Z</time>
      </trkpt>
      <trkpt lat="40.074794418750145" lon="116.3336166975814">
        <ele>46.2</ele>
        <time>2026-08-04T13:57:19.000Z</time>
      </trkpt>
      <trkpt lat="40.07481612156346" lon="116.33360993818634">
        <ele>46.2</ele>
        <time>2026-08-04T13:57:20.000Z</time>
      </trkpt>
      <trkpt lat="40.074837485052456" lon="116.33360362347392">
        <ele>46.2</ele>
        <time>2026-08-04T13:57:21.000Z</time>
      </trkpt>
      <trkpt lat="40.07485885409735" lon="116.33359792305454">
        <ele>46.2</ele>
        <time>2026-08-04T13:57:22.000Z</time>
      </trkpt>
      <trkpt lat="40.074880328725015" lon="116.33359259191246">
        <ele>46.2</ele>
        <time>2026-08-04T13:57:23.000Z</time>
      </trkpt>
      <trkpt lat="40.07490183989323" lon="116.33358768242745">
        <ele>46.2</ele>
        <time>2026-08-04T13:57:24.000Z</time>
      </trkpt>
      <trkpt lat="40.07492327492967" lon="116.33358345354566">
        <ele>46.1</ele>
        <time>2026-08-04T13:57:25.000Z</time>
      </trkpt>
      <trkpt lat="40.074944633989986" lon="116.33357994480578">
        <ele>46.1</ele>
        <time>2026-08-04T13:57:26.000Z</time>
      </trkpt>
      <trkpt lat="40.074966185934656" lon="116.33357722530778">
        <ele>46.1</ele>
        <time>2026-08-04T13:57:27.000Z</time>
      </trkpt>
      <trkpt lat="40.07498815707275" lon="116.3335754538307">
        <ele>46.1</ele>
        <time>2026-08-04T13:57:28.000Z</time>
      </trkpt>
      <trkpt lat="40.07501058384235" lon="116.33357451742711">
        <ele>46.1</ele>
        <time>2026-08-04T13:57:29.000Z</time>
      </trkpt>
      <trkpt lat="40.075033331462414" lon="116.33357379052114">
        <ele>46.1</ele>
        <time>2026-08-04T13:57:30.000Z</time>
      </trkpt>
      <trkpt lat="40.07505641268089" lon="116.33357245435853">
        <ele>46.1</ele>
        <time>2026-08-04T13:57:31.000Z</time>
      </trkpt>
      <trkpt lat="40.07507982165029" lon="116.33357016520425">
        <ele>46.1</ele>
        <time>2026-08-04T13:57:32.000Z</time>
      </trkpt>
      <trkpt lat="40.075103276487006" lon="116.33356716804491">
        <ele>46.1</ele>
        <time>2026-08-04T13:57:33.000Z</time>
      </trkpt>
      <trkpt lat="40.07512645950966" lon="116.33356390754747">
        <ele>46.1</ele>
        <time>2026-08-04T13:57:34.000Z</time>
      </trkpt>
      <trkpt lat="40.07514880368494" lon="116.33356067268065">
        <ele>46.1</ele>
        <time>2026-08-04T13:57:35.000Z</time>
      </trkpt>
      <trkpt lat="40.07516987784796" lon="116.33355725955678">
        <ele>46.1</ele>
        <time>2026-08-04T13:57:36.000Z</time>
      </trkpt>
      <trkpt lat="40.07518982951658" lon="116.3335528941407">
        <ele>46.1</ele>
        <time>2026-08-04T13:57:37.000Z</time>
      </trkpt>
      <trkpt lat="40.07520909086907" lon="116.33354689024587">
        <ele>46.1</ele>
        <time>2026-08-04T13:57:38.000Z</time>
      </trkpt>
      <trkpt lat="40.075228081519676" lon="116.33353922445365">
        <ele>46.1</ele>
        <time>2026-08-04T13:57:39.000Z</time>
      </trkpt>
      <trkpt lat="40.07524726997697" lon="116.33353026786668">
        <ele>46.1</ele>
        <time>2026-08-04T13:57:40.000Z</time>
      </trkpt>
      <trkpt lat="40.075266772606945" lon="116.3335205875417">
        <ele>46.1</ele>
        <time>2026-08-04T13:57:41.000Z</time>
      </trkpt>
      <trkpt lat="40.07528647197626" lon="116.33351091560796">
        <ele>46.1</ele>
        <time>2026-08-04T13:57:42.000Z</time>
      </trkpt>
      <trkpt lat="40.07530634252196" lon="116.33350181038135">
        <ele>46.1</ele>
        <time>2026-08-04T13:57:43.000Z</time>
      </trkpt>
      <trkpt lat="40.075326580895904" lon="116.33349342549927">
        <ele>46.1</ele>
        <time>2026-08-04T13:57:44.000Z</time>
      </trkpt>
      <trkpt lat="40.07534746054515" lon="116.33348550357066">
        <ele>46.1</ele>
        <time>2026-08-04T13:57:45.000Z</time>
      </trkpt>
      <trkpt lat="40.07536895221478" lon="116.33347764487347">
        <ele>46.0</ele>
        <time>2026-08-04T13:57:46.000Z</time>
      </trkpt>
      <trkpt lat="40.075390656123645" lon="116.33346968997299">
        <ele>46.0</ele>
        <time>2026-08-04T13:57:47.000Z</time>
      </trkpt>
      <trkpt lat="40.07541209848251" lon="116.3334617154291">
        <ele>46.0</ele>
        <time>2026-08-04T13:57:48.000Z</time>
      </trkpt>
      <trkpt lat="40.0754330857887" lon="116.33345415666301">
        <ele>46.0</ele>
        <time>2026-08-04T13:57:49.000Z</time>
      </trkpt>
      <trkpt lat="40.07545341864451" lon="116.33344738508063">
        <ele>46.0</ele>
        <time>2026-08-04T13:57:50.000Z</time>
      </trkpt>
      <trkpt lat="40.07547294874674" lon="116.33344123981989">
        <ele>46.0</ele>
        <time>2026-08-04T13:57:51.000Z</time>
      </trkpt>
      <trkpt lat="40.0754920675645" lon="116.3334353997498">
        <ele>46.0</ele>
        <time>2026-08-04T13:57:52.000Z</time>
      </trkpt>
      <trkpt lat="40.07551155323662" lon="116.33342970007931">
        <ele>46.0</ele>
        <time>2026-08-04T13:57:53.000Z</time>
      </trkpt>
      <trkpt lat="40.07553186143639" lon="116.33342408808576">
        <ele>46.0</ele>
        <time>2026-08-04T13:57:54.000Z</time>
      </trkpt>
      <trkpt lat="40.07555306890709" lon="116.33341839624187">
        <ele>46.0</ele>
        <time>2026-08-04T13:57:55.000Z</time>
      </trkpt>
      <trkpt lat="40.075575160482295" lon="116.33341257643418">
        <ele>45.9</ele>
        <time>2026-08-04T13:57:56.000Z</time>
      </trkpt>
      <trkpt lat="40.07559792740468" lon="116.33340668283928">
        <ele>45.9</ele>
        <time>2026-08-04T13:57:57.000Z</time>
      </trkpt>
      <trkpt lat="40.075621117830075" lon="116.33340071919254">
        <ele>45.9</ele>
        <time>2026-08-04T13:57:58.000Z</time>
      </trkpt>
      <trkpt lat="40.07564449529999" lon="116.333394622476">
        <ele>45.9</ele>
        <time>2026-08-04T13:57:59.000Z</time>
      </trkpt>
      <trkpt lat="40.07566784617947" lon="116.333388292559">
        <ele>45.9</ele>
        <time>2026-08-04T13:58:00.000Z</time>
      </trkpt>
      <trkpt lat="40.07569106525865" lon="116.333381892945">
        <ele>45.9</ele>
        <time>2026-08-04T13:58:01.000Z</time>
      </trkpt>
      <trkpt lat="40.07571413191652" lon="116.33337589717395">
        <ele>45.9</ele>
        <time>2026-08-04T13:58:02.000Z</time>
      </trkpt>
      <trkpt lat="40.075736946413336" lon="116.33337065101433">
        <ele>45.9</ele>
        <time>2026-08-04T13:58:03.000Z</time>
      </trkpt>
      <trkpt lat="40.075759396157196" lon="116.33336626613858">
        <ele>45.9</ele>
        <time>2026-08-04T13:58:04.000Z</time>
      </trkpt>
      <trkpt lat="40.07578146179259" lon="116.33336259322935">
        <ele>45.9</ele>
        <time>2026-08-04T13:58:05.000Z</time>
      </trkpt>
      <trkpt lat="40.07580302087318" lon="116.33335927253164">
        <ele>45.9</ele>
        <time>2026-08-04T13:58:06.000Z</time>
      </trkpt>
      <trkpt lat="40.07582410319226" lon="116.3333562255027">
        <ele>45.9</ele>
        <time>2026-08-04T13:58:07.000Z</time>
      </trkpt>
      <trkpt lat="40.0758450663889" lon="116.3333536899122">
        <ele>45.8</ele>
        <time>2026-08-04T13:58:08.000Z</time>
      </trkpt>
      <trkpt lat="40.07586611396063" lon="116.33335224389334">
        <ele>45.8</ele>
        <time>2026-08-04T13:58:09.000Z</time>
      </trkpt>
      <trkpt lat="40.07588714707288" lon="116.33335280016617">
        <ele>45.8</ele>
        <time>2026-08-04T13:58:10.000Z</time>
      </trkpt>
      <trkpt lat="40.07590796244835" lon="116.33335582178118">
        <ele>45.8</ele>
        <time>2026-08-04T13:58:11.000Z</time>
      </trkpt>
      <trkpt lat="40.0759279810701" lon="116.33336055969016">
        <ele>45.7</ele>
        <time>2026-08-04T13:58:12.000Z</time>
      </trkpt>
      <trkpt lat="40.075945919646514" lon="116.33336520749968">
        <ele>45.7</ele>
        <time>2026-08-04T13:58:13.000Z</time>
      </trkpt>
      <trkpt lat="40.07596056100346" lon="116.33336799110603">
        <ele>45.7</ele>
        <time>2026-08-04T13:58:14.000Z</time>
      </trkpt>
      <trkpt lat="40.07597147208814" lon="116.3333685420954">
        <ele>45.7</ele>
        <time>2026-08-04T13:58:15.000Z</time>
      </trkpt>
      <trkpt lat="40.07597951274296" lon="116.33336763124936">
        <ele>45.6</ele>
        <time>2026-08-04T13:58:16.000Z</time>
      </trkpt>
      <trkpt lat="40.07598640074476" lon="116.33336587217251">
        <ele>45.6</ele>
        <time>2026-08-04T13:58:17.000Z</time>
      </trkpt>
      <trkpt lat="40.075993310669034" lon="116.33336367818644">
        <ele>45.6</ele>
        <time>2026-08-04T13:58:18.000Z</time>
      </trkpt>
      <trkpt lat="40.076000867270544" lon="116.33336130350797">
        <ele>45.6</ele>
        <time>2026-08-04T13:58:19.000Z</time>
      </trkpt>
      <trkpt lat="40.076009557230854" lon="116.33335851255161">
        <ele>45.6</ele>
        <time>2026-08-04T13:58:20.000Z</time>
      </trkpt>
      <trkpt lat="40.076019562285246" lon="116.33335485864627">
        <ele>45.6</ele>
        <time>2026-08-04T13:58:21.000Z</time>
      </trkpt>
      <trkpt lat="40.07603030169093" lon="116.33335043752841">
        <ele>45.6</ele>
        <time>2026-08-04T13:58:22.000Z</time>
      </trkpt>
      <trkpt lat="40.07604205103734" lon="116.33334549980573">
        <ele>45.6</ele>
        <time>2026-08-04T13:58:23.000Z</time>
      </trkpt>
      <trkpt lat="40.07605555770955" lon="116.33334008239781">
        <ele>45.6</ele>
        <time>2026-08-04T13:58:24.000Z</time>
      </trkpt>
      <trkpt lat="40.07607047974183" lon="116.33333463065523">
        <ele>45.6</ele>
        <time>2026-08-04T13:58:25.000Z</time>
      </trkpt>
      <trkpt lat="40.07608717839905" lon="116.33332920487464">
        <ele>45.6</ele>
        <time>2026-08-04T13:58:26.000Z</time>
      </trkpt>
      <trkpt lat="40.07610666729668" lon="116.33332344668482">
        <ele>45.6</ele>
        <time>2026-08-04T13:58:27.000Z</time>
      </trkpt>
      <trkpt lat="40.0761287634411" lon="116.33331760276127">
        <ele>45.6</ele>
        <time>2026-08-04T13:58:28.000Z</time>
      </trkpt>
      <trkpt lat="40.07615260780639" lon="116.33331212730654">
        <ele>45.6</ele>
        <time>2026-08-04T13:58:29.000Z</time>
      </trkpt>
      <trkpt lat="40.07617754800717" lon="116.33330712429736">
        <ele>45.6</ele>
        <time>2026-08-04T13:58:30.000Z</time>
      </trkpt>
      <trkpt lat="40.07620284435646" lon="116.33330252048708">
        <ele>45.6</ele>
        <time>2026-08-04T13:58:31.000Z</time>
      </trkpt>
      <trkpt lat="40.07622792833159" lon="116.33329841542353">
        <ele>45.6</ele>
        <time>2026-08-04T13:58:32.000Z</time>
      </trkpt>
      <trkpt lat="40.07625256946374" lon="116.33329497364431">
        <ele>45.6</ele>
        <time>2026-08-04T13:58:33.000Z</time>
      </trkpt>
      <trkpt lat="40.07627665559707" lon="116.3332924475586">
        <ele>45.6</ele>
        <time>2026-08-04T13:58:34.000Z</time>
      </trkpt>
      <trkpt lat="40.07630020120503" lon="116.333290826451">
        <ele>45.6</ele>
        <time>2026-08-04T13:58:35.000Z</time>
      </trkpt>
      <trkpt lat="40.07632337813347" lon="116.33328935891134">
        <ele>45.6</ele>
        <time>2026-08-04T13:58:36.000Z</time>
      </trkpt>
      <trkpt lat="40.07634629414371" lon="116.33328719549183">
        <ele>45.6</ele>
        <time>2026-08-04T13:58:37.000Z</time>
      </trkpt>
      <trkpt lat="40.07636908895486" lon="116.33328398739205">
        <ele>45.6</ele>
        <time>2026-08-04T13:58:38.000Z</time>
      </trkpt>
      <trkpt lat="40.07639198411391" lon="116.33328009575821">
        <ele>45.6</ele>
        <time>2026-08-04T13:58:39.000Z</time>
      </trkpt>
      <trkpt lat="40.07641500937955" lon="116.33327620151508">
        <ele>45.6</ele>
        <time>2026-08-04T13:58:40.000Z</time>
      </trkpt>
      <trkpt lat="40.076438082419465" lon="116.33327272002039">
        <ele>45.6</ele>
        <time>2026-08-04T13:58:41.000Z</time>
      </trkpt>
      <trkpt lat="40.07646132380016" lon="116.33326959401111">
        <ele>45.6</ele>
        <time>2026-08-04T13:58:42.000Z</time>
      </trkpt>
      <trkpt lat="40.07648482835785" lon="116.33326657639316">
        <ele>45.6</ele>
        <time>2026-08-04T13:58:43.000Z</time>
      </trkpt>
      <trkpt lat="40.076508441307105" lon="116.33326354440416">
        <ele>45.6</ele>
        <time>2026-08-04T13:58:44.000Z</time>
      </trkpt>
      <trkpt lat="40.0765320351163" lon="116.33326022477884">
        <ele>45.6</ele>
        <time>2026-08-04T13:58:45.000Z</time>
      </trkpt>
      <trkpt lat="40.07655548774451" lon="116.33325674764346">
        <ele>45.6</ele>
        <time>2026-08-04T13:58:46.000Z</time>
      </trkpt>
      <trkpt lat="40.07657861220677" lon="116.3332536833126">
        <ele>45.6</ele>
        <time>2026-08-04T13:58:47.000Z</time>
      </trkpt>
      <trkpt lat="40.07660136999252" lon="116.33325123861076">
        <ele>45.6</ele>
        <time>2026-08-04T13:58:48.000Z</time>
      </trkpt>
      <trkpt lat="40.076623787154745" lon="116.33324917987875">
        <ele>45.6</ele>
        <time>2026-08-04T13:58:49.000Z</time>
      </trkpt>
      <trkpt lat="40.07664585677186" lon="116.33324720836181">
        <ele>45.6</ele>
        <time>2026-08-04T13:58:50.000Z</time>
      </trkpt>
      <trkpt lat="40.0766676543089" lon="116.33324515336673">
        <ele>45.6</ele>
        <time>2026-08-04T13:58:51.000Z</time>
      </trkpt>
      <trkpt lat="40.076689286324765" lon="116.33324306456603">
        <ele>45.6</ele>
        <time>2026-08-04T13:58:52.000Z</time>
      </trkpt>
      <trkpt lat="40.07671088160345" lon="116.33324099714665">
        <ele>45.6</ele>
        <time>2026-08-04T13:58:53.000Z</time>
      </trkpt>
      <trkpt lat="40.07673247084143" lon="116.33323882390198">
        <ele>45.6</ele>
        <time>2026-08-04T13:58:54.000Z</time>
      </trkpt>
      <trkpt lat="40.076753854744695" lon="116.33323654984072">
        <ele>45.6</ele>
        <time>2026-08-04T13:58:55.000Z</time>
      </trkpt>
      <trkpt lat="40.07677482192202" lon="116.3332340872813">
        <ele>45.6</ele>
        <time>2026-08-04T13:58:56.000Z</time>
      </trkpt>
      <trkpt lat="40.07679527239517" lon="116.3332312655152">
        <ele>45.6</ele>
        <time>2026-08-04T13:58:57.000Z</time>
      </trkpt>
      <trkpt lat="40.07681531812967" lon="116.33322784814854">
        <ele>45.6</ele>
        <time>2026-08-04T13:58:58.000Z</time>
      </trkpt>
      <trkpt lat="40.076835372215996" lon="116.33322354389212">
        <ele>45.6</ele>
        <time>2026-08-04T13:58:59.000Z</time>
      </trkpt>
      <trkpt lat="40.07685594718776" lon="116.33321816613942">
        <ele>45.6</ele>
        <time>2026-08-04T13:59:00.000Z</time>
      </trkpt>
      <trkpt lat="40.0768771443387" lon="116.33321162551984">
        <ele>45.6</ele>
        <time>2026-08-04T13:59:01.000Z</time>
      </trkpt>
      <trkpt lat="40.076898850745174" lon="116.33320394165617">
        <ele>45.6</ele>
        <time>2026-08-04T13:59:02.000Z</time>
      </trkpt>
      <trkpt lat="40.076920988797724" lon="116.33319541505696">
        <ele>45.6</ele>
        <time>2026-08-04T13:59:03.000Z</time>
      </trkpt>
      <trkpt lat="40.0769432860112" lon="116.33318652226784">
        <ele>45.6</ele>
        <time>2026-08-04T13:59:04.000Z</time>
      </trkpt>
      <trkpt lat="40.07696531422756" lon="116.33317783683825">
        <ele>45.6</ele>
        <time>2026-08-04T13:59:05.000Z</time>
      </trkpt>
      <trkpt lat="40.07698678900294" lon="116.33316976428803">
        <ele>45.6</ele>
        <time>2026-08-04T13:59:06.000Z</time>
      </trkpt>
      <trkpt lat="40.07700769673246" lon="116.33316237276541">
        <ele>45.6</ele>
        <time>2026-08-04T13:59:07.000Z</time>
      </trkpt>
      <trkpt lat="40.07702825886895" lon="116.3331556922765">
        <ele>45.7</ele>
        <time>2026-08-04T13:59:08.000Z</time>
      </trkpt>
      <trkpt lat="40.07704892407498" lon="116.33314956853214">
        <ele>45.7</ele>
        <time>2026-08-04T13:59:09.000Z</time>
      </trkpt>
      <trkpt lat="40.07707019108786" lon="116.33314374428417">
        <ele>45.7</ele>
        <time>2026-08-04T13:59:10.000Z</time>
      </trkpt>
      <trkpt lat="40.07709206227976" lon="116.33313831554902">
        <ele>45.7</ele>
        <time>2026-08-04T13:59:11.000Z</time>
      </trkpt>
      <trkpt lat="40.077114201954345" lon="116.33313339972622">
        <ele>45.7</ele>
        <time>2026-08-04T13:59:12.000Z</time>
      </trkpt>
      <trkpt lat="40.07713646412391" lon="116.33312873046799">
        <ele>45.7</ele>
        <time>2026-08-04T13:59:13.000Z</time>
      </trkpt>
      <trkpt lat="40.07715869964166" lon="116.33312423822507">
        <ele>45.7</ele>
        <time>2026-08-04T13:59:14.000Z</time>
      </trkpt>
      <trkpt lat="40.07718069781075" lon="116.33311999001752">
        <ele>45.7</ele>
        <time>2026-08-04T13:59:15.000Z</time>
      </trkpt>
      <trkpt lat="40.07720244533987" lon="116.33311591433191">
        <ele>45.7</ele>
        <time>2026-08-04T13:59:16.000Z</time>
      </trkpt>
      <trkpt lat="40.077224074665416" lon="116.33311182082785">
        <ele>45.7</ele>
        <time>2026-08-04T13:59:17.000Z</time>
      </trkpt>
      <trkpt lat="40.077245674329475" lon="116.3331075137356">
        <ele>45.7</ele>
        <time>2026-08-04T13:59:18.000Z</time>
      </trkpt>
      <trkpt lat="40.077267324428405" lon="116.33310279311891">
        <ele>45.7</ele>
        <time>2026-08-04T13:59:19.000Z</time>
      </trkpt>
      <trkpt lat="40.07728900597417" lon="116.33309774993675">
        <ele>45.7</ele>
        <time>2026-08-04T13:59:20.000Z</time>
      </trkpt>
      <trkpt lat="40.07731063471824" lon="116.33309277644551">
        <ele>45.7</ele>
        <time>2026-08-04T13:59:21.000Z</time>
      </trkpt>
      <trkpt lat="40.07733192577072" lon="116.33308768546927">
        <ele>45.7</ele>
        <time>2026-08-04T13:59:22.000Z</time>
        <extensions>
          <gpxtpx:TrackPointExtension>
            <gpxtpx:hr>163</gpxtpx:hr>
          </gpxtpx:TrackPointExtension>
        </extensions>
      </trkpt>
      <trkpt lat="40.077352545917456" lon="116.33308222938557">
        <ele>45.7</ele>
        <time>2026-08-04T13:59:23.000Z</time>
        <extensions>
          <gpxtpx:TrackPointExtension>
            <gpxtpx:hr>163</gpxtpx:hr>
          </gpxtpx:TrackPointExtension>
        </extensions>
      </trkpt>
      <trkpt lat="40.07737263004911" lon="116.33307661249768">
        <ele>45.7</ele>
        <time>2026-08-04T13:59:24.000Z</time>
        <extensions>
          <gpxtpx:TrackPointExtension>
            <gpxtpx:hr>163</gpxtpx:hr>
          </gpxtpx:TrackPointExtension>
        </extensions>
      </trkpt>
      <trkpt lat="40.077392588817204" lon="116.33307129005645">
        <ele>45.7</ele>
        <time>2026-08-04T13:59:25.000Z</time>
        <extensions>
          <gpxtpx:TrackPointExtension>
            <gpxtpx:hr>163</gpxtpx:hr>
          </gpxtpx:TrackPointExtension>
        </extensions>
      </trkpt>
      <trkpt lat="40.07741278108508" lon="116.33306669610243">
        <ele>45.7</ele>
        <time>2026-08-04T13:59:26.000Z</time>
        <extensions>
          <gpxtpx:TrackPointExtension>
            <gpxtpx:hr>163</gpxtpx:hr>
          </gpxtpx:TrackPointExtension>
        </extensions>
      </trkpt>
      <trkpt lat="40.07743344974303" lon="116.33306280567703">
        <ele>45.7</ele>
        <time>2026-08-04T13:59:27.000Z</time>
        <extensions>
          <gpxtpx:TrackPointExtension>
            <gpxtpx:hr>163</gpxtpx:hr>
          </gpxtpx:TrackPointExtension>
        </extensions>
      </trkpt>
      <trkpt lat="40.07745480267621" lon="116.33305916706558">
        <ele>45.7</ele>
        <time>2026-08-04T13:59:28.000Z</time>
        <extensions>
          <gpxtpx:TrackPointExtension>
            <gpxtpx:hr>163</gpxtpx:hr>
          </gpxtpx:TrackPointExtension>
        </extensions>
      </trkpt>
      <trkpt lat="40.07747685923938" lon="116.33305519236754">
        <ele>45.7</ele>
        <time>2026-08-04T13:59:29.000Z</time>
        <extensions>
          <gpxtpx:TrackPointExtension>
            <gpxtpx:hr>163</gpxtpx:hr>
          </gpxtpx:TrackPointExtension>
        </extensions>
      </trkpt>
      <trkpt lat="40.07749958793502" lon="116.33305068949834">
        <ele>45.7</ele>
        <time>2026-08-04T13:59:30.000Z</time>
        <extensions>
          <gpxtpx:TrackPointExtension>
            <gpxtpx:hr>163</gpxtpx:hr>
          </gpxtpx:TrackPointExtension>
        </extensions>
      </trkpt>
      <trkpt lat="40.07752299711663" lon="116.33304588801896">
        <ele>45.7</ele>
        <time>2026-08-04T13:59:31.000Z</time>
        <extensions>
          <gpxtpx:TrackPointExtension>
            <gpxtpx:hr>163</gpxtpx:hr>
          </gpxtpx:TrackPointExtension>
        </extensions>
      </trkpt>
      <trkpt lat="40.077546824183514" lon="116.33304092892132">
        <ele>45.7</ele>
        <time>2026-08-04T13:59:32.000Z</time>
        <extensions>
          <gpxtpx:TrackPointExtension>
            <gpxtpx:hr>163</gpxtpx:hr>
          </gpxtpx:TrackPointExtension>
        </extensions>
      </trkpt>
      <trkpt lat="40.077570671690296" lon="116.3330358769721">
        <ele>45.7</ele>
        <time>2026-08-04T13:59:33.000Z</time>
        <extensions>
          <gpxtpx:TrackPointExtension>
            <gpxtpx:hr>163</gpxtpx:hr>
          </gpxtpx:TrackPointExtension>
        </extensions>
      </trkpt>
      <trkpt lat="40.07759417104112" lon="116.33303085228333">
        <ele>45.7</ele>
        <time>2026-08-04T13:59:34.000Z</time>
        <extensions>
          <gpxtpx:TrackPointExtension>
            <gpxtpx:hr>163</gpxtpx:hr>
          </gpxtpx:TrackPointExtension>
        </extensions>
      </trkpt>
      <trkpt lat="40.07761711486912" lon="116.33302589343006">
        <ele>45.7</ele>
        <time>2026-08-04T13:59:35.000Z</time>
        <extensions>
          <gpxtpx:TrackPointExtension>
            <gpxtpx:hr>163</gpxtpx:hr>
          </gpxtpx:TrackPointExtension>
        </extensions>
      </trkpt>
      <trkpt lat="40.07763953885816" lon="116.33302089856163">
        <ele>45.7</ele>
        <time>2026-08-04T13:59:36.000Z</time>
        <extensions>
          <gpxtpx:TrackPointExtension>
            <gpxtpx:hr>163</gpxtpx:hr>
          </gpxtpx:TrackPointExtension>
        </extensions>
      </trkpt>
      <trkpt lat="40.07766166018564" lon="116.33301589791287">
        <ele>45.7</ele>
        <time>2026-08-04T13:59:37.000Z</time>
        <extensions>
          <gpxtpx:TrackPointExtension>
            <gpxtpx:hr>163</gpxtpx:hr>
          </gpxtpx:TrackPointExtension>
        </extensions>
      </trkpt>
      <trkpt lat="40.07768359517242" lon="116.33301133281671">
        <ele>45.7</ele>
        <time>2026-08-04T13:59:38.000Z</time>
        <extensions>
          <gpxtpx:TrackPointExtension>
            <gpxtpx:hr>163</gpxtpx:hr>
          </gpxtpx:TrackPointExtension>
        </extensions>
      </trkpt>
      <trkpt lat="40.07770545772454" lon="116.33300762918999">
        <ele>45.7</ele>
        <time>2026-08-04T13:59:39.000Z</time>
        <extensions>
          <gpxtpx:TrackPointExtension>
            <gpxtpx:hr>163</gpxtpx:hr>
          </gpxtpx:TrackPointExtension>
        </extensions>
      </trkpt>
      <trkpt lat="40.07772740209738" lon="116.33300490105982">
        <ele>45.7</ele>
        <time>2026-08-04T13:59:40.000Z</time>
        <extensions>
          <gpxtpx:TrackPointExtension>
            <gpxtpx:hr>163</gpxtpx:hr>
          </gpxtpx:TrackPointExtension>
        </extensions>
      </trkpt>
      <trkpt lat="40.07774955344877" lon="116.33300301043543">
        <ele>45.7</ele>
        <time>2026-08-04T13:59:41.000Z</time>
        <extensions>
          <gpxtpx:TrackPointExtension>
            <gpxtpx:hr>163</gpxtpx:hr>
          </gpxtpx:TrackPointExtension>
        </extensions>
      </trkpt>
      <trkpt lat="40.07777196903967" lon="116.33300176812482">
        <ele>45.7</ele>
        <time>2026-08-04T13:59:42.000Z</time>
        <extensions>
          <gpxtpx:TrackPointExtension>
            <gpxtpx:hr>163</gpxtpx:hr>
          </gpxtpx:TrackPointExtension>
        </extensions>
      </trkpt>
      <trkpt lat="40.077794653376095" lon="116.33300072534377">
        <ele>45.7</ele>
        <time>2026-08-04T13:59:43.000Z</time>
        <extensions>
          <gpxtpx:TrackPointExtension>
            <gpxtpx:hr>163</gpxtpx:hr>
          </gpxtpx:TrackPointExtension>
        </extensions>
      </trkpt>
      <trkpt lat="40.07781773872187" lon="116.33299935112456">
        <ele>45.7</ele>
        <time>2026-08-04T13:59:44.000Z</time>
        <extensions>
          <gpxtpx:TrackPointExtension>
            <gpxtpx:hr>163</gpxtpx:hr>
          </gpxtpx:TrackPointExtension>
        </extensions>
      </trkpt>
      <trkpt lat="40.07784132787981" lon="116.33299747983139">
        <ele>45.7</ele>
        <time>2026-08-04T13:59:45.000Z</time>
        <extensions>
          <gpxtpx:TrackPointExtension>
            <gpxtpx:hr>163</gpxtpx:hr>
          </gpxtpx:TrackPointExtension>
        </extensions>
      </trkpt>
      <trkpt lat="40.07786540675785" lon="116.33299531243424">
        <ele>45.7</ele>
        <time>2026-08-04T13:59:46.000Z</time>
        <extensions>
          <gpxtpx:TrackPointExtension>
            <gpxtpx:hr>163</gpxtpx:hr>
          </gpxtpx:TrackPointExtension>
        </extensions>
      </trkpt>
      <trkpt lat="40.07788976207929" lon="116.33299324835">
        <ele>45.7</ele>
        <time>2026-08-04T13:59:47.000Z</time>
        <extensions>
          <gpxtpx:TrackPointExtension>
            <gpxtpx:hr>163</gpxtpx:hr>
          </gpxtpx:TrackPointExtension>
        </extensions>
      </trkpt>
      <trkpt lat="40.0779142099482" lon="116.33299148366838">
        <ele>45.7</ele>
        <time>2026-08-04T13:59:48.000Z</time>
        <extensions>
          <gpxtpx:TrackPointExtension>
            <gpxtpx:hr>163</gpxtpx:hr>
          </gpxtpx:TrackPointExtension>
        </extensions>
      </trkpt>
      <trkpt lat="40.07793868443214" lon="116.33298997070631">
        <ele>45.7</ele>
        <time>2026-08-04T13:59:49.000Z</time>
        <extensions>
          <gpxtpx:TrackPointExtension>
            <gpxtpx:hr>163</gpxtpx:hr>
          </gpxtpx:TrackPointExtension>
        </extensions>
      </trkpt>
      <trkpt lat="40.07796290772823" lon="116.33298859897462">
        <ele>45.7</ele>
        <time>2026-08-04T13:59:50.000Z</time>
        <extensions>
          <gpxtpx:TrackPointExtension>
            <gpxtpx:hr>163</gpxtpx:hr>
          </gpxtpx:TrackPointExtension>
        </extensions>
      </trkpt>
      <trkpt lat="40.07798630733436" lon="116.33298744033601">
        <ele>45.7</ele>
        <time>2026-08-04T13:59:51.000Z</time>
        <extensions>
          <gpxtpx:TrackPointExtension>
            <gpxtpx:hr>163</gpxtpx:hr>
          </gpxtpx:TrackPointExtension>
        </extensions>
      </trkpt>
      <trkpt lat="40.07800876044205" lon="116.33298653182423">
        <ele>45.6</ele>
        <time>2026-08-04T13:59:52.000Z</time>
      </trkpt>
      <trkpt lat="40.07803081011616" lon="116.33298560303302">
        <ele>45.6</ele>
        <time>2026-08-04T13:59:53.000Z</time>
      </trkpt>
      <trkpt lat="40.07805306401053" lon="116.33298451911327">
        <ele>45.6</ele>
        <time>2026-08-04T13:59:54.000Z</time>
      </trkpt>
      <trkpt lat="40.07807596804449" lon="116.33298340107454">
        <ele>45.6</ele>
        <time>2026-08-04T13:59:55.000Z</time>
      </trkpt>
      <trkpt lat="40.078099705461675" lon="116.3329824199566">
        <ele>45.6</ele>
        <time>2026-08-04T13:59:56.000Z</time>
      </trkpt>
      <trkpt lat="40.07812417032884" lon="116.33298156065125">
        <ele>45.6</ele>
        <time>2026-08-04T13:59:57.000Z</time>
      </trkpt>
      <trkpt lat="40.078149081910944" lon="116.33298071387384">
        <ele>45.6</ele>
        <time>2026-08-04T13:59:58.000Z</time>
      </trkpt>
      <trkpt lat="40.07817414071145" lon="116.3329798531105">
        <ele>45.6</ele>
        <time>2026-08-04T13:59:59.000Z</time>
      </trkpt>
      <trkpt lat="40.07819902502372" lon="116.33297876450264">
        <ele>45.6</ele>
        <time>2026-08-04T14:00:00.000Z</time>
      </trkpt>
      <trkpt lat="40.078223422780525" lon="116.33297682982511">
        <ele>45.6</ele>
        <time>2026-08-04T14:00:01.000Z</time>
      </trkpt>
      <trkpt lat="40.07824733340216" lon="116.33297349947605">
        <ele>45.5</ele>
        <time>2026-08-04T14:00:02.000Z</time>
      </trkpt>
      <trkpt lat="40.07827103708098" lon="116.33296890017127">
        <ele>45.5</ele>
        <time>2026-08-04T14:00:03.000Z</time>
      </trkpt>
      <trkpt lat="40.07829462686669" lon="116.33296359589413">
        <ele>45.5</ele>
        <time>2026-08-04T14:00:04.000Z</time>
      </trkpt>
      <trkpt lat="40.078317900100394" lon="116.33295809945682">
        <ele>45.5</ele>
        <time>2026-08-04T14:00:05.000Z</time>
      </trkpt>
      <trkpt lat="40.078340519173466" lon="116.33295279266825">
        <ele>45.5</ele>
        <time>2026-08-04T14:00:06.000Z</time>
      </trkpt>
      <trkpt lat="40.07836245135931" lon="116.33294816893581">
        <ele>45.5</ele>
        <time>2026-08-04T14:00:07.000Z</time>
      </trkpt>
      <trkpt lat="40.078384091987445" lon="116.33294457662728">
        <ele>45.5</ele>
        <time>2026-08-04T14:00:08.000Z</time>
      </trkpt>
      <trkpt lat="40.07840587532021" lon="116.332941823218">
        <ele>45.5</ele>
        <time>2026-08-04T14:00:09.000Z</time>
      </trkpt>
      <trkpt lat="40.078427973253724" lon="116.33293959529392">
        <ele>45.5</ele>
        <time>2026-08-04T14:00:10.000Z</time>
      </trkpt>
      <trkpt lat="40.0784502426613" lon="116.3329376754259">
        <ele>45.5</ele>
        <time>2026-08-04T14:00:11.000Z</time>
      </trkpt>
      <trkpt lat="40.07847249029127" lon="116.33293604729279">
        <ele>45.5</ele>
        <time>2026-08-04T14:00:12.000Z</time>
      </trkpt>
      <trkpt lat="40.07849464719139" lon="116.33293524256848">
        <ele>45.5</ele>
        <time>2026-08-04T14:00:13.000Z</time>
      </trkpt>
      <trkpt lat="40.078516627200365" lon="116.33293550203882">
        <ele>45.4</ele>
        <time>2026-08-04T14:00:14.000Z</time>
      </trkpt>
      <trkpt lat="40.078538388619" lon="116.33293632552251">
        <ele>45.4</ele>
        <time>2026-08-04T14:00:15.000Z</time>
      </trkpt>
      <trkpt lat="40.078559879337" lon="116.33293681076329">
        <ele>45.4</ele>
        <time>2026-08-04T14:00:16.000Z</time>
      </trkpt>
      <trkpt lat="40.07858086994195" lon="116.33293617278264">
        <ele>45.4</ele>
        <time>2026-08-04T14:00:17.000Z</time>
      </trkpt>
      <trkpt lat="40.07860077975625" lon="116.33293409247783">
        <ele>45.4</ele>
        <time>2026-08-04T14:00:18.000Z</time>
      </trkpt>
      <trkpt lat="40.078618332644766" lon="116.332931021419">
        <ele>45.4</ele>
        <time>2026-08-04T14:00:19.000Z</time>
      </trkpt>
      <trkpt lat="40.078633367579464" lon="116.33292771097044">
        <ele>45.4</ele>
        <time>2026-08-04T14:00:20.000Z</time>
      </trkpt>
      <trkpt lat="40.07864724979076" lon="116.33292440500921">
        <ele>45.4</ele>
        <time>2026-08-04T14:00:21.000Z</time>
      </trkpt>
      <trkpt lat="40.078661473888815" lon="116.3329210145803">
        <ele>45.4</ele>
        <time>2026-08-04T14:00:22.000Z</time>
      </trkpt>
      <trkpt lat="40.07867757698618" lon="116.33291739055967">
        <ele>45.4</ele>
        <time>2026-08-04T14:00:23.000Z</time>
      </trkpt>
      <trkpt lat="40.07869612763344" lon="116.3329136287571">
        <ele>45.4</ele>
        <time>2026-08-04T14:00:24.000Z</time>
      </trkpt>
      <trkpt lat="40.0787164120056" lon="116.33291026620896">
        <ele>45.4</ele>
        <time>2026-08-04T14:00:25.000Z</time>
      </trkpt>
      <trkpt lat="40.07873741063014" lon="116.33290814964738">
        <ele>45.4</ele>
        <time>2026-08-04T14:00:26.000Z</time>
      </trkpt>
      <trkpt lat="40.07875839533354" lon="116.33290790235951">
        <ele>45.5</ele>
        <time>2026-08-04T14:00:27.000Z</time>
      </trkpt>
      <trkpt lat="40.07877886780532" lon="116.33290992014976">
        <ele>45.5</ele>
        <time>2026-08-04T14:00:28.000Z</time>
      </trkpt>
      <trkpt lat="40.07879853065169" lon="116.33291455355688">
        <ele>45.5</ele>
        <time>2026-08-04T14:00:29.000Z</time>
      </trkpt>
      <trkpt lat="40.078816950887585" lon="116.33292237218281">
        <ele>45.5</ele>
        <time>2026-08-04T14:00:30.000Z</time>
      </trkpt>
      <trkpt lat="40.078833386198085" lon="116.33293383950696">
        <ele>45.5</ele>
        <time>2026-08-04T14:00:31.000Z</time>
      </trkpt>
      <trkpt lat="40.07884651133226" lon="116.33294881055716">
        <ele>45.6</ele>
        <time>2026-08-04T14:00:32.000Z</time>
      </trkpt>
      <trkpt lat="40.0788552086122" lon="116.3329670268656">
        <ele>45.6</ele>
        <time>2026-08-04T14:00:33.000Z</time>
      </trkpt>
      <trkpt lat="40.07885964321401" lon="116.33298802794224">
        <ele>45.6</ele>
        <time>2026-08-04T14:00:34.000Z</time>
      </trkpt>
      <trkpt lat="40.07886078143596" lon="116.33301098794357">
        <ele>45.6</ele>
        <time>2026-08-04T14:00:35.000Z</time>
      </trkpt>
      <trkpt lat="40.07885981638478" lon="116.3330349043346">
        <ele>45.7</ele>
        <time>2026-08-04T14:00:36.000Z</time>
      </trkpt>
      <trkpt lat="40.07885788848909" lon="116.33306002621273">
        <ele>45.7</ele>
        <time>2026-08-04T14:00:37.000Z</time>
      </trkpt>
      <trkpt lat="40.078856002690905" lon="116.33308733346867">
        <ele>45.7</ele>
        <time>2026-08-04T14:00:38.000Z</time>
      </trkpt>
      <trkpt lat="40.078854795857225" lon="116.33311686988014">
        <ele>45.8</ele>
        <time>2026-08-04T14:00:39.000Z</time>
      </trkpt>
      <trkpt lat="40.078854486350956" lon="116.33314812695023">
        <ele>45.8</ele>
        <time>2026-08-04T14:00:40.000Z</time>
      </trkpt>
      <trkpt lat="40.07885487855197" lon="116.33318034047565">
        <ele>45.8</ele>
        <time>2026-08-04T14:00:41.000Z</time>
      </trkpt>
      <trkpt lat="40.07885561484946" lon="116.33321286788907">
        <ele>45.8</ele>
        <time>2026-08-04T14:00:42.000Z</time>
      </trkpt>
      <trkpt lat="40.07885655605566" lon="116.33324541507126">
        <ele>45.9</ele>
        <time>2026-08-04T14:00:43.000Z</time>
      </trkpt>
      <trkpt lat="40.07885772066084" lon="116.33327801761065">
        <ele>45.9</ele>
        <time>2026-08-04T14:00:44.000Z</time>
      </trkpt>
      <trkpt lat="40.07885909569689" lon="116.33331089097923">
        <ele>45.9</ele>
        <time>2026-08-04T14:00:45.000Z</time>
      </trkpt>
      <trkpt lat="40.0788606812087" lon="116.33334403381434">
        <ele>45.9</ele>
        <time>2026-08-04T14:00:46.000Z</time>
      </trkpt>
      <trkpt lat="40.07886265543647" lon="116.33337732151085">
        <ele>45.9</ele>
        <time>2026-08-04T14:00:47.000Z</time>
      </trkpt>
      <trkpt lat="40.07886515705688" lon="116.33341069681941">
        <ele>45.9</ele>
        <time>2026-08-04T14:00:48.000Z</time>
      </trkpt>
      <trkpt lat="40.078868093690105" lon="116.33344415351904">
        <ele>45.9</ele>
        <time>2026-08-04T14:00:49.000Z</time>
      </trkpt>
      <trkpt lat="40.0788712212201" lon="116.33347770243087">
        <ele>45.9</ele>
        <time>2026-08-04T14:00:50.000Z</time>
      </trkpt>
      <trkpt lat="40.07887440808196" lon="116.33351117375928">
        <ele>45.9</ele>
        <time>2026-08-04T14:00:51.000Z</time>
      </trkpt>
      <trkpt lat="40.07887762662015" lon="116.33354395088827">
        <ele>45.9</ele>
        <time>2026-08-04T14:00:52.000Z</time>
      </trkpt>
      <trkpt lat="40.07888079199964" lon="116.33357574741964">
        <ele>45.9</ele>
        <time>2026-08-04T14:00:53.000Z</time>
      </trkpt>
      <trkpt lat="40.07888379158002" lon="116.33360702864051">
        <ele>45.8</ele>
        <time>2026-08-04T14:00:54.000Z</time>
      </trkpt>
      <trkpt lat="40.078886511473726" lon="116.3336383463451">
        <ele>45.8</ele>
        <time>2026-08-04T14:00:55.000Z</time>
      </trkpt>
      <trkpt lat="40.0788889701543" lon="116.33366975297314">
        <ele>45.8</ele>
        <time>2026-08-04T14:00:56.000Z</time>
      </trkpt>
      <trkpt lat="40.07889128962039" lon="116.3337008861697">
        <ele>45.8</ele>
        <time>2026-08-04T14:00:57.000Z</time>
      </trkpt>
      <trkpt lat="40.07889356844988" lon="116.3337315151327">
        <ele>45.8</ele>
        <time>2026-08-04T14:00:58.000Z</time>
      </trkpt>
      <trkpt lat="40.07889585967751" lon="116.33376164316492">
        <ele>45.8</ele>
        <time>2026-08-04T14:00:59.000Z</time>
      </trkpt>
      <trkpt lat="40.078898116688244" lon="116.3337914546779">
        <ele>45.8</ele>
        <time>2026-08-04T14:01:00.000Z</time>
      </trkpt>
      <trkpt lat="40.07890034589104" lon="116.33382116512207">
        <ele>45.8</ele>
        <time>2026-08-04T14:01:01.000Z</time>
      </trkpt>
      <trkpt lat="40.07890279124097" lon="116.33385101624137">
        <ele>45.8</ele>
        <time>2026-08-04T14:01:02.000Z</time>
      </trkpt>
      <trkpt lat="40.07890551780405" lon="116.33388125867481">
        <ele>45.8</ele>
        <time>2026-08-04T14:01:03.000Z</time>
      </trkpt>
      <trkpt lat="40.078908352241875" lon="116.33391196527413">
        <ele>45.8</ele>
        <time>2026-08-04T14:01:04.000Z</time>
      </trkpt>
      <trkpt lat="40.0789110789538" lon="116.33394304950227">
        <ele>45.8</ele>
        <time>2026-08-04T14:01:05.000Z</time>
      </trkpt>
      <trkpt lat="40.078913452059176" lon="116.33397415905596">
        <ele>45.7</ele>
        <time>2026-08-04T14:01:06.000Z</time>
      </trkpt>
      <trkpt lat="40.07891553935002" lon="116.33400489787442">
        <ele>45.7</ele>
        <time>2026-08-04T14:01:07.000Z</time>
      </trkpt>
      <trkpt lat="40.078917518598985" lon="116.33403514158806">
        <ele>45.7</ele>
        <time>2026-08-04T14:01:08.000Z</time>
      </trkpt>
      <trkpt lat="40.07891945489307" lon="116.33406502977356">
        <ele>45.7</ele>
        <time>2026-08-04T14:01:09.000Z</time>
      </trkpt>
      <trkpt lat="40.07892137378547" lon="116.3340949367806">
        <ele>45.7</ele>
        <time>2026-08-04T14:01:10.000Z</time>
      </trkpt>
      <trkpt lat="40.078923158952215" lon="116.33412501388713">
        <ele>45.7</ele>
        <time>2026-08-04T14:01:11.000Z</time>
      </trkpt>
      <trkpt lat="40.07892472909808" lon="116.33415526508018">
        <ele>45.7</ele>
        <time>2026-08-04T14:01:12.000Z</time>
      </trkpt>
      <trkpt lat="40.078926114198296" lon="116.33418569850265">
        <ele>45.7</ele>
        <time>2026-08-04T14:01:13.000Z</time>
      </trkpt>
      <trkpt lat="40.07892728566318" lon="116.3342162526196">
        <ele>45.6</ele>
        <time>2026-08-04T14:01:14.000Z</time>
      </trkpt>
      <trkpt lat="40.07892821024349" lon="116.33424700490853">
        <ele>45.6</ele>
        <time>2026-08-04T14:01:15.000Z</time>
      </trkpt>
      <trkpt lat="40.078928998745035" lon="116.334278004199">
        <ele>45.6</ele>
        <time>2026-08-04T14:01:16.000Z</time>
      </trkpt>
      <trkpt lat="40.07892974932463" lon="116.33430922252332">
        <ele>45.6</ele>
        <time>2026-08-04T14:01:17.000Z</time>
      </trkpt>
      <trkpt lat="40.078930434238714" lon="116.3343406862864">
        <ele>45.6</ele>
        <time>2026-08-04T14:01:18.000Z</time>
      </trkpt>
      <trkpt lat="40.078931081414225" lon="116.33437221414479">
        <ele>45.6</ele>
        <time>2026-08-04T14:01:19.000Z</time>
      </trkpt>
      <trkpt lat="40.078931759088846" lon="116.33440352070835">
        <ele>45.5</ele>
        <time>2026-08-04T14:01:20.000Z</time>
      </trkpt>
      <trkpt lat="40.078932595505556" lon="116.33443449634552">
        <ele>45.5</ele>
        <time>2026-08-04T14:01:21.000Z</time>
      </trkpt>
      <trkpt lat="40.07893368004256" lon="116.33446510840471">
        <ele>45.5</ele>
        <time>2026-08-04T14:01:22.000Z</time>
      </trkpt>
      <trkpt lat="40.07893483727903" lon="116.33449531176457">
        <ele>45.5</ele>
        <time>2026-08-04T14:01:23.000Z</time>
      </trkpt>
      <trkpt lat="40.0789358339713" lon="116.33452508807825">
        <ele>45.5</ele>
        <time>2026-08-04T14:01:24.000Z</time>
      </trkpt>
      <trkpt lat="40.07893665728147" lon="116.33455441752795">
        <ele>45.5</ele>
        <time>2026-08-04T14:01:25.000Z</time>
      </trkpt>
      <trkpt lat="40.078937418984914" lon="116.33458336194684">
        <ele>45.5</ele>
        <time>2026-08-04T14:01:26.000Z</time>
      </trkpt>
      <trkpt lat="40.078938282637814" lon="116.33461214635498">
        <ele>45.4</ele>
        <time>2026-08-04T14:01:27.000Z</time>
      </trkpt>
      <trkpt lat="40.078939418345975" lon="116.33464109618687">
        <ele>45.4</ele>
        <time>2026-08-04T14:01:28.000Z</time>
      </trkpt>
      <trkpt lat="40.07894083981269" lon="116.33467054217847">
        <ele>45.4</ele>
        <time>2026-08-04T14:01:29.000Z</time>
      </trkpt>
      <trkpt lat="40.078942545441514" lon="116.33470053835521">
        <ele>45.4</ele>
        <time>2026-08-04T14:01:30.000Z</time>
      </trkpt>
      <trkpt lat="40.07894454586626" lon="116.33473101398975">
        <ele>45.4</ele>
        <time>2026-08-04T14:01:31.000Z</time>
      </trkpt>
      <trkpt lat="40.078946816996044" lon="116.33476181368246">
        <ele>45.4</ele>
        <time>2026-08-04T14:01:32.000Z</time>
      </trkpt>
      <trkpt lat="40.07894934131423" lon="116.33479276701097">
        <ele>45.4</ele>
        <time>2026-08-04T14:01:33.000Z</time>
      </trkpt>
      <trkpt lat="40.07895206390344" lon="116.33482376767277">
        <ele>45.4</ele>
        <time>2026-08-04T14:01:34.000Z</time>
      </trkpt>
      <trkpt lat="40.078954798514815" lon="116.33485470793427">
        <ele>45.4</ele>
        <time>2026-08-04T14:01:35.000Z</time>
      </trkpt>
      <trkpt lat="40.07895735643221" lon="116.33488553070407">
        <ele>45.4</ele>
        <time>2026-08-04T14:01:36.000Z</time>
      </trkpt>
      <trkpt lat="40.07895962573578" lon="116.33491625778417">
        <ele>45.4</ele>
        <time>2026-08-04T14:01:37.000Z</time>
      </trkpt>
      <trkpt lat="40.07896146201556" lon="116.3349468138102">
        <ele>45.4</ele>
        <time>2026-08-04T14:01:38.000Z</time>
      </trkpt>
      <trkpt lat="40.07896284440738" lon="116.33497712615204">
        <ele>45.4</ele>
        <time>2026-08-04T14:01:39.000Z</time>
      </trkpt>
      <trkpt lat="40.07896397766743" lon="116.33500740659154">
        <ele>45.4</ele>
        <time>2026-08-04T14:01:40.000Z</time>
      </trkpt>
      <trkpt lat="40.07896515202814" lon="116.33503780684248">
        <ele>45.3</ele>
        <time>2026-08-04T14:01:41.000Z</time>
      </trkpt>
      <trkpt lat="40.07896643539584" lon="116.33506824730273">
        <ele>45.3</ele>
        <time>2026-08-04T14:01:42.000Z</time>
      </trkpt>
      <trkpt lat="40.07896777055954" lon="116.3350986473501">
        <ele>45.3</ele>
        <time>2026-08-04T14:01:43.000Z</time>
      </trkpt>
      <trkpt lat="40.078969185484134" lon="116.33512898274579">
        <ele>45.3</ele>
        <time>2026-08-04T14:01:44.000Z</time>
      </trkpt>
      <trkpt lat="40.078970640602215" lon="116.33515932303838">
        <ele>45.3</ele>
        <time>2026-08-04T14:01:45.000Z</time>
      </trkpt>
      <trkpt lat="40.07897197333786" lon="116.3351898498235">
        <ele>45.3</ele>
        <time>2026-08-04T14:01:46.000Z</time>
      </trkpt>
      <trkpt lat="40.078972989637734" lon="116.33522053868212">
        <ele>45.3</ele>
        <time>2026-08-04T14:01:47.000Z</time>
      </trkpt>
      <trkpt lat="40.07897368654748" lon="116.33525124451862">
        <ele>45.3</ele>
        <time>2026-08-04T14:01:48.000Z</time>
      </trkpt>
      <trkpt lat="40.0789742142476" lon="116.33528183942022">
        <ele>45.2</ele>
        <time>2026-08-04T14:01:49.000Z</time>
      </trkpt>
      <trkpt lat="40.07897465298785" lon="116.3353120787074">
        <ele>45.2</ele>
        <time>2026-08-04T14:01:50.000Z</time>
      </trkpt>
      <trkpt lat="40.07897506311362" lon="116.33534147876121">
        <ele>45.2</ele>
        <time>2026-08-04T14:01:51.000Z</time>
      </trkpt>
      <trkpt lat="40.07897540066967" lon="116.33536990563775">
        <ele>45.2</ele>
        <time>2026-08-04T14:01:52.000Z</time>
      </trkpt>
      <trkpt lat="40.078975624930656" lon="116.33539776435308">
        <ele>45.2</ele>
        <time>2026-08-04T14:01:53.000Z</time>
      </trkpt>
      <trkpt lat="40.07897584032696" lon="116.33542531646945">
        <ele>45.2</ele>
        <time>2026-08-04T14:01:54.000Z</time>
      </trkpt>
      <trkpt lat="40.078976207863874" lon="116.33545288936511">
        <ele>45.2</ele>
        <time>2026-08-04T14:01:55.000Z</time>
      </trkpt>
      <trkpt lat="40.07897682988198" lon="116.33548113918006">
        <ele>45.1</ele>
        <time>2026-08-04T14:01:56.000Z</time>
      </trkpt>
      <trkpt lat="40.07897771212438" lon="116.33551032015656">
        <ele>45.1</ele>
        <time>2026-08-04T14:01:57.000Z</time>
      </trkpt>
      <trkpt lat="40.07897881006439" lon="116.33554006329953">
        <ele>45.1</ele>
        <time>2026-08-04T14:01:58.000Z</time>
      </trkpt>
      <trkpt lat="40.07897984893863" lon="116.33556995350203">
        <ele>45.1</ele>
        <time>2026-08-04T14:01:59.000Z</time>
      </trkpt>
      <trkpt lat="40.078980583793204" lon="116.3355997762014">
        <ele>45.1</ele>
        <time>2026-08-04T14:02:00.000Z</time>
      </trkpt>
      <trkpt lat="40.0789809488126" lon="116.33562934407489">
        <ele>45.1</ele>
        <time>2026-08-04T14:02:01.000Z</time>
      </trkpt>
      <trkpt lat="40.07898104997" lon="116.33565851014427">
        <ele>45.1</ele>
        <time>2026-08-04T14:02:02.000Z</time>
      </trkpt>
      <trkpt lat="40.07898116684022" lon="116.33568742954445">
        <ele>45.0</ele>
        <time>2026-08-04T14:02:03.000Z</time>
      </trkpt>
      <trkpt lat="40.07898150622055" lon="116.33571653620132">
        <ele>45.0</ele>
        <time>2026-08-04T14:02:04.000Z</time>
      </trkpt>
      <trkpt lat="40.078982173092534" lon="116.33574609601499">
        <ele>45.0</ele>
        <time>2026-08-04T14:02:05.000Z</time>
      </trkpt>
      <trkpt lat="40.07898320341319" lon="116.33577601886624">
        <ele>45.0</ele>
        <time>2026-08-04T14:02:06.000Z</time>
      </trkpt>
      <trkpt lat="40.07898445320786" lon="116.3358060264295">
        <ele>45.0</ele>
        <time>2026-08-04T14:02:07.000Z</time>
      </trkpt>
      <trkpt lat="40.07898565763259" lon="116.33583573684372">
        <ele>45.0</ele>
        <time>2026-08-04T14:02:08.000Z</time>
      </trkpt>
      <trkpt lat="40.07898645562273" lon="116.33586467390343">
        <ele>45.0</ele>
        <time>2026-08-04T14:02:09.000Z</time>
      </trkpt>
      <trkpt lat="40.078986545626165" lon="116.33589275492479">
        <ele>45.0</ele>
        <time>2026-08-04T14:02:10.000Z</time>
      </trkpt>
      <trkpt lat="40.07898586567963" lon="116.33592050823538">
        <ele>45.0</ele>
        <time>2026-08-04T14:02:11.000Z</time>
      </trkpt>
      <trkpt lat="40.07898463653923" lon="116.3359484346015">
        <ele>45.0</ele>
        <time>2026-08-04T14:02:12.000Z</time>
      </trkpt>
      <trkpt lat="40.07898321110689" lon="116.33597671155981">
        <ele>45.0</ele>
        <time>2026-08-04T14:02:13.000Z</time>
      </trkpt>
      <trkpt lat="40.078981808176735" lon="116.3360054926436">
        <ele>45.0</ele>
        <time>2026-08-04T14:02:14.000Z</time>
      </trkpt>
      <trkpt lat="40.07898072069619" lon="116.33603483934762">
        <ele>45.0</ele>
        <time>2026-08-04T14:02:15.000Z</time>
      </trkpt>
      <trkpt lat="40.078980189984385" lon="116.33606453976789">
        <ele>45.0</ele>
        <time>2026-08-04T14:02:16.000Z</time>
      </trkpt>
      <trkpt lat="40.0789801828118" lon="116.33609442504373">
        <ele>45.0</ele>
        <time>2026-08-04T14:02:17.000Z</time>
      </trkpt>
      <trkpt lat="40.07898058266704" lon="116.33612446674961">
        <ele>45.0</ele>
        <time>2026-08-04T14:02:18.000Z</time>
      </trkpt>
      <trkpt lat="40.078981374021176" lon="116.33615486191006">
        <ele>45.0</ele>
        <time>2026-08-04T14:02:19.000Z</time>
      </trkpt>
      <trkpt lat="40.07898255029061" lon="116.33618572952295">
        <ele>45.0</ele>
        <time>2026-08-04T14:02:20.000Z</time>
      </trkpt>
      <trkpt lat="40.07898410501367" lon="116.336216763373">
        <ele>44.9</ele>
        <time>2026-08-04T14:02:21.000Z</time>
      </trkpt>
      <trkpt lat="40.07898591492499" lon="116.33624729081619">
        <ele>44.9</ele>
        <time>2026-08-04T14:02:22.000Z</time>
      </trkpt>
      <trkpt lat="40.0789876896528" lon="116.33627693832368">
        <ele>44.9</ele>
        <time>2026-08-04T14:02:23.000Z</time>
      </trkpt>
      <trkpt lat="40.07898925369794" lon="116.33630560734832">
        <ele>44.9</ele>
        <time>2026-08-04T14:02:24.000Z</time>
      </trkpt>
      <trkpt lat="40.07899063011049" lon="116.3363333621019">
        <ele>44.9</ele>
        <time>2026-08-04T14:02:25.000Z</time>
      </trkpt>
      <trkpt lat="40.07899198090955" lon="116.33636071911528">
        <ele>44.9</ele>
        <time>2026-08-04T14:02:26.000Z</time>
      </trkpt>
      <trkpt lat="40.07899350731998" lon="116.33638839508563">
        <ele>44.9</ele>
        <time>2026-08-04T14:02:27.000Z</time>
      </trkpt>
      <trkpt lat="40.07899530147819" lon="116.33641663516788">
        <ele>44.9</ele>
        <time>2026-08-04T14:02:28.000Z</time>
      </trkpt>
      <trkpt lat="40.078997312620295" lon="116.33644517605836">
        <ele>44.9</ele>
        <time>2026-08-04T14:02:29.000Z</time>
      </trkpt>
      <trkpt lat="40.07899935889396" lon="116.33647386841243">
        <ele>44.9</ele>
        <time>2026-08-04T14:02:30.000Z</time>
      </trkpt>
      <trkpt lat="40.079001330771874" lon="116.33650261242487">
        <ele>44.8</ele>
        <time>2026-08-04T14:02:31.000Z</time>
      </trkpt>
      <trkpt lat="40.079003347355766" lon="116.33653135044825">
        <ele>44.8</ele>
        <time>2026-08-04T14:02:32.000Z</time>
      </trkpt>
      <trkpt lat="40.0790053844255" lon="116.33656015727894">
        <ele>44.8</ele>
        <time>2026-08-04T14:02:33.000Z</time>
      </trkpt>
      <trkpt lat="40.079007310211644" lon="116.3365891635708">
        <ele>44.8</ele>
        <time>2026-08-04T14:02:34.000Z</time>
      </trkpt>
      <trkpt lat="40.07900914918102" lon="116.33661841540678">
        <ele>44.8</ele>
        <time>2026-08-04T14:02:35.000Z</time>
      </trkpt>
      <trkpt lat="40.079010978033665" lon="116.33664776996653">
        <ele>44.8</ele>
        <time>2026-08-04T14:02:36.000Z</time>
      </trkpt>
      <trkpt lat="40.07901272912897" lon="116.33667688187484">
        <ele>44.9</ele>
        <time>2026-08-04T14:02:37.000Z</time>
      </trkpt>
      <trkpt lat="40.079014275334316" lon="116.3367056302748">
        <ele>44.9</ele>
        <time>2026-08-04T14:02:38.000Z</time>
      </trkpt>
      <trkpt lat="40.079015621686295" lon="116.336734176656">
        <ele>44.9</ele>
        <time>2026-08-04T14:02:39.000Z</time>
      </trkpt>
      <trkpt lat="40.07901678904504" lon="116.33676259766372">
        <ele>44.9</ele>
        <time>2026-08-04T14:02:40.000Z</time>
      </trkpt>
      <trkpt lat="40.07901781374941" lon="116.33679093588572">
        <ele>44.9</ele>
        <time>2026-08-04T14:02:41.000Z</time>
      </trkpt>
      <trkpt lat="40.07901885740686" lon="116.33681934492472">
        <ele>44.9</ele>
        <time>2026-08-04T14:02:42.000Z</time>
      </trkpt>
      <trkpt lat="40.079020093981356" lon="116.33684796501812">
        <ele>44.9</ele>
        <time>2026-08-04T14:02:43.000Z</time>
      </trkpt>
      <trkpt lat="40.07902153629467" lon="116.33687692035164">
        <ele>44.9</ele>
        <time>2026-08-04T14:02:44.000Z</time>
      </trkpt>
      <trkpt lat="40.07902302331153" lon="116.33690629931027">
        <ele>44.9</ele>
        <time>2026-08-04T14:02:45.000Z</time>
      </trkpt>
      <trkpt lat="40.07902431627394" lon="116.33693588801547">
        <ele>44.9</ele>
        <time>2026-08-04T14:02:46.000Z</time>
      </trkpt>
      <trkpt lat="40.07902539794838" lon="116.33696536729111">
        <ele>44.9</ele>
        <time>2026-08-04T14:02:47.000Z</time>
      </trkpt>
      <trkpt lat="40.07902643934665" lon="116.33699466032576">
        <ele>45.0</ele>
        <time>2026-08-04T14:02:48.000Z</time>
      </trkpt>
      <trkpt lat="40.07902724449112" lon="116.33702384881266">
        <ele>45.0</ele>
        <time>2026-08-04T14:02:49.000Z</time>
      </trkpt>
      <trkpt lat="40.07902759876546" lon="116.3370529637379">
        <ele>45.0</ele>
        <time>2026-08-04T14:02:50.000Z</time>
      </trkpt>
      <trkpt lat="40.0790276625723" lon="116.33708204390275">
        <ele>45.0</ele>
        <time>2026-08-04T14:02:51.000Z</time>
      </trkpt>
      <trkpt lat="40.07902772247271" lon="116.33711124732798">
        <ele>45.0</ele>
        <time>2026-08-04T14:02:52.000Z</time>
      </trkpt>
      <trkpt lat="40.07902790893318" lon="116.33714085716397">
        <ele>45.0</ele>
        <time>2026-08-04T14:02:53.000Z</time>
      </trkpt>
      <trkpt lat="40.07902825863531" lon="116.33717076103474">
        <ele>45.0</ele>
        <time>2026-08-04T14:02:54.000Z</time>
      </trkpt>
      <trkpt lat="40.07902886775375" lon="116.33720060540644">
        <ele>45.1</ele>
        <time>2026-08-04T14:02:55.000Z</time>
      </trkpt>
      <trkpt lat="40.07902975945074" lon="116.33723020372311">
        <ele>45.1</ele>
        <time>2026-08-04T14:02:56.000Z</time>
      </trkpt>
      <trkpt lat="40.07903085843044" lon="116.33725963978011">
        <ele>45.1</ele>
        <time>2026-08-04T14:02:57.000Z</time>
      </trkpt>
      <trkpt lat="40.079032048391866" lon="116.33728906585034">
        <ele>45.1</ele>
        <time>2026-08-04T14:02:58.000Z</time>
      </trkpt>
      <trkpt lat="40.07903329615052" lon="116.3373184224827">
        <ele>45.1</ele>
        <time>2026-08-04T14:02:59.000Z</time>
      </trkpt>
      <trkpt lat="40.07903471386025" lon="116.33734748893205">
        <ele>45.2</ele>
        <time>2026-08-04T14:03:00.000Z</time>
      </trkpt>
      <trkpt lat="40.079036301108104" lon="116.33737625113878">
        <ele>45.2</ele>
        <time>2026-08-04T14:03:01.000Z</time>
      </trkpt>
      <trkpt lat="40.07903784746375" lon="116.3374050359586">
        <ele>45.2</ele>
        <time>2026-08-04T14:03:02.000Z</time>
      </trkpt>
      <trkpt lat="40.079039251102124" lon="116.33743435340527">
        <ele>45.2</ele>
        <time>2026-08-04T14:03:03.000Z</time>
      </trkpt>
      <trkpt lat="40.07904058428422" lon="116.33746430849898">
        <ele>45.3</ele>
        <time>2026-08-04T14:03:04.000Z</time>
      </trkpt>
      <trkpt lat="40.079041967082404" lon="116.33749449705915">
        <ele>45.3</ele>
        <time>2026-08-04T14:03:05.000Z</time>
      </trkpt>
      <trkpt lat="40.07904344679571" lon="116.33752467364766">
        <ele>45.3</ele>
        <time>2026-08-04T14:03:06.000Z</time>
      </trkpt>
      <trkpt lat="40.07904500454497" lon="116.33755481718278">
        <ele>45.3</ele>
        <time>2026-08-04T14:03:07.000Z</time>
      </trkpt>
      <trkpt lat="40.07904662696857" lon="116.33758497053853">
        <ele>45.3</ele>
        <time>2026-08-04T14:03:08.000Z</time>
      </trkpt>
      <trkpt lat="40.079048240472986" lon="116.33761511502672">
        <ele>45.3</ele>
        <time>2026-08-04T14:03:09.000Z</time>
      </trkpt>
      <trkpt lat="40.079049623173034" lon="116.33764513506449">
        <ele>45.3</ele>
        <time>2026-08-04T14:03:10.000Z</time>
      </trkpt>
      <trkpt lat="40.07905074597514" lon="116.33767483578046">
        <ele>45.3</ele>
        <time>2026-08-04T14:03:11.000Z</time>
      </trkpt>
      <trkpt lat="40.07905176288662" lon="116.33770404865564">
        <ele>45.3</ele>
        <time>2026-08-04T14:03:12.000Z</time>
      </trkpt>
      <trkpt lat="40.079052713839836" lon="116.33773267587935">
        <ele>45.3</ele>
        <time>2026-08-04T14:03:13.000Z</time>
      </trkpt>
      <trkpt lat="40.07905365442331" lon="116.33776096934487">
        <ele>45.3</ele>
        <time>2026-08-04T14:03:14.000Z</time>
      </trkpt>
      <trkpt lat="40.07905462695343" lon="116.33778948433189">
        <ele>45.3</ele>
        <time>2026-08-04T14:03:15.000Z</time>
      </trkpt>
      <trkpt lat="40.07905565578705" lon="116.33781865226499">
        <ele>45.3</ele>
        <time>2026-08-04T14:03:16.000Z</time>
      </trkpt>
      <trkpt lat="40.07905685405613" lon="116.33784862327191">
        <ele>45.3</ele>
        <time>2026-08-04T14:03:17.000Z</time>
      </trkpt>
      <trkpt lat="40.079058188234455" lon="116.33787938489078">
        <ele>45.3</ele>
        <time>2026-08-04T14:03:18.000Z</time>
      </trkpt>
      <trkpt lat="40.079059457213944" lon="116.33791075306222">
        <ele>45.3</ele>
        <time>2026-08-04T14:03:19.000Z</time>
      </trkpt>
      <trkpt lat="40.079060501539935" lon="116.33794251131508">
        <ele>45.3</ele>
        <time>2026-08-04T14:03:20.000Z</time>
      </trkpt>
      <trkpt lat="40.07906111747936" lon="116.33797473667308">
        <ele>45.4</ele>
        <time>2026-08-04T14:03:21.000Z</time>
      </trkpt>
      <trkpt lat="40.07906092944204" lon="116.33800743836208">
        <ele>45.4</ele>
        <time>2026-08-04T14:03:22.000Z</time>
      </trkpt>
      <trkpt lat="40.079059279485996" lon="116.33804033955866">
        <ele>45.4</ele>
        <time>2026-08-04T14:03:23.000Z</time>
      </trkpt>
      <trkpt lat="40.079055365518805" lon="116.33807312062888">
        <ele>45.4</ele>
        <time>2026-08-04T14:03:24.000Z</time>
      </trkpt>
      <trkpt lat="40.0790489251409" lon="116.33810573913567">
        <ele>45.5</ele>
        <time>2026-08-04T14:03:25.000Z</time>
      </trkpt>
      <trkpt lat="40.07904078171252" lon="116.33813864959964">
        <ele>45.5</ele>
        <time>2026-08-04T14:03:26.000Z</time>
      </trkpt>
      <trkpt lat="40.07903248306184" lon="116.33817205109247">
        <ele>45.5</ele>
        <time>2026-08-04T14:03:27.000Z</time>
      </trkpt>
      <trkpt lat="40.079025210416795" lon="116.33820565827978">
        <ele>45.5</ele>
        <time>2026-08-04T14:03:28.000Z</time>
      </trkpt>
      <trkpt lat="40.07901931363981" lon="116.3382392987645">
        <ele>45.5</ele>
        <time>2026-08-04T14:03:29.000Z</time>
      </trkpt>
      <trkpt lat="40.07901477928994" lon="116.33827297267283">
        <ele>45.6</ele>
        <time>2026-08-04T14:03:30.000Z</time>
      </trkpt>
      <trkpt lat="40.07901157446632" lon="116.33830698931915">
        <ele>45.6</ele>
        <time>2026-08-04T14:03:31.000Z</time>
      </trkpt>
      <trkpt lat="40.0790096138672" lon="116.33834149726188">
        <ele>45.5</ele>
        <time>2026-08-04T14:03:32.000Z</time>
      </trkpt>
      <trkpt lat="40.07900843701794" lon="116.33837611936016">
        <ele>45.5</ele>
        <time>2026-08-04T14:03:33.000Z</time>
      </trkpt>
      <trkpt lat="40.07900757014333" lon="116.33841058413222">
        <ele>45.5</ele>
        <time>2026-08-04T14:03:34.000Z</time>
      </trkpt>
      <trkpt lat="40.079007094710754" lon="116.33844489270734">
        <ele>45.5</ele>
        <time>2026-08-04T14:03:35.000Z</time>
      </trkpt>
      <trkpt lat="40.0790073563027" lon="116.33847893742191">
        <ele>45.5</ele>
        <time>2026-08-04T14:03:36.000Z</time>
      </trkpt>
      <trkpt lat="40.07900845343246" lon="116.33851267706044">
        <ele>45.5</ele>
        <time>2026-08-04T14:03:37.000Z</time>
      </trkpt>
      <trkpt lat="40.07901014411316" lon="116.33854621007603">
        <ele>45.5</ele>
        <time>2026-08-04T14:03:38.000Z</time>
      </trkpt>
      <trkpt lat="40.07901209858727" lon="116.33857956061965">
        <ele>45.5</ele>
        <time>2026-08-04T14:03:39.000Z</time>
      </trkpt>
      <trkpt lat="40.079014070929" lon="116.3386127844691">
        <ele>45.5</ele>
        <time>2026-08-04T14:03:40.000Z</time>
      </trkpt>
      <trkpt lat="40.079016015500585" lon="116.33864597466058">
        <ele>45.6</ele>
        <time>2026-08-04T14:03:41.000Z</time>
      </trkpt>
      <trkpt lat="40.07901799511209" lon="116.33867903141109">
        <ele>45.6</ele>
        <time>2026-08-04T14:03:42.000Z</time>
      </trkpt>
      <trkpt lat="40.07901990469822" lon="116.3387115997012">
        <ele>45.6</ele>
        <time>2026-08-04T14:03:43.000Z</time>
      </trkpt>
      <trkpt lat="40.07902147019415" lon="116.33874328148141">
        <ele>45.6</ele>
        <time>2026-08-04T14:03:44.000Z</time>
      </trkpt>
      <trkpt lat="40.07902275038124" lon="116.33877401123038">
        <ele>45.6</ele>
        <time>2026-08-04T14:03:45.000Z</time>
      </trkpt>
      <trkpt lat="40.07902407754003" lon="116.33880407172362">
        <ele>45.6</ele>
        <time>2026-08-04T14:03:46.000Z</time>
      </trkpt>
      <trkpt lat="40.0790256407116" lon="116.33883371971648">
        <ele>45.6</ele>
        <time>2026-08-04T14:03:47.000Z</time>
      </trkpt>
      <trkpt lat="40.07902726891972" lon="116.33886318553863">
        <ele>45.6</ele>
        <time>2026-08-04T14:03:48.000Z</time>
      </trkpt>
      <trkpt lat="40.079028612709145" lon="116.33889261890863">
        <ele>45.6</ele>
        <time>2026-08-04T14:03:49.000Z</time>
      </trkpt>
      <trkpt lat="40.079029433600745" lon="116.33892209361822">
        <ele>45.6</ele>
        <time>2026-08-04T14:03:50.000Z</time>
      </trkpt>
      <trkpt lat="40.079029837346525" lon="116.33895159116103">
        <ele>45.6</ele>
        <time>2026-08-04T14:03:51.000Z</time>
      </trkpt>
      <trkpt lat="40.079030040532146" lon="116.33898106853552">
        <ele>45.6</ele>
        <time>2026-08-04T14:03:52.000Z</time>
      </trkpt>
      <trkpt lat="40.07903022605839" lon="116.33901054148762">
        <ele>45.6</ele>
        <time>2026-08-04T14:03:53.000Z</time>
      </trkpt>
      <trkpt lat="40.0790307607429" lon="116.33904003191914">
        <ele>45.6</ele>
        <time>2026-08-04T14:03:54.000Z</time>
      </trkpt>
      <trkpt lat="40.07903179181987" lon="116.33906953727896">
        <ele>45.6</ele>
        <time>2026-08-04T14:03:55.000Z</time>
      </trkpt>
      <trkpt lat="40.07903310732521" lon="116.33909919809443">
        <ele>45.6</ele>
        <time>2026-08-04T14:03:56.000Z</time>
      </trkpt>
      <trkpt lat="40.079034308628756" lon="116.33912896965853">
        <ele>45.6</ele>
        <time>2026-08-04T14:03:57.000Z</time>
      </trkpt>
      <trkpt lat="40.0790353042019" lon="116.33915865051294">
        <ele>45.6</ele>
        <time>2026-08-04T14:03:58.000Z</time>
      </trkpt>
      <trkpt lat="40.07903641556461" lon="116.33918797097068">
        <ele>45.6</ele>
        <time>2026-08-04T14:03:59.000Z</time>
      </trkpt>
      <trkpt lat="40.0790377453069" lon="116.33921663937716">
        <ele>45.6</ele>
        <time>2026-08-04T14:04:00.000Z</time>
      </trkpt>
      <trkpt lat="40.07903924991112" lon="116.33924461252391">
        <ele>45.6</ele>
        <time>2026-08-04T14:04:01.000Z</time>
      </trkpt>
      <trkpt lat="40.07904102163834" lon="116.33927201688373">
        <ele>45.6</ele>
        <time>2026-08-04T14:04:02.000Z</time>
      </trkpt>
      <trkpt lat="40.079043069448275" lon="116.33929919947433">
        <ele>45.5</ele>
        <time>2026-08-04T14:04:03.000Z</time>
      </trkpt>
      <trkpt lat="40.07904527551077" lon="116.33932659872926">
        <ele>45.5</ele>
        <time>2026-08-04T14:04:04.000Z</time>
      </trkpt>
      <trkpt lat="40.079047417665734" lon="116.33935442633985">
        <ele>45.5</ele>
        <time>2026-08-04T14:04:05.000Z</time>
      </trkpt>
      <trkpt lat="40.07904921951409" lon="116.33938256342527">
        <ele>45.5</ele>
        <time>2026-08-04T14:04:06.000Z</time>
      </trkpt>
      <trkpt lat="40.07905045566866" lon="116.33941064577245">
        <ele>45.5</ele>
        <time>2026-08-04T14:04:07.000Z</time>
      </trkpt>
      <trkpt lat="40.07905107997862" lon="116.33943833899879">
        <ele>45.5</ele>
        <time>2026-08-04T14:04:08.000Z</time>
      </trkpt>
      <trkpt lat="40.079051299233235" lon="116.33946544543743">
        <ele>45.5</ele>
        <time>2026-08-04T14:04:09.000Z</time>
      </trkpt>
      <trkpt lat="40.079051418192556" lon="116.33949203628015">
        <ele>45.5</ele>
        <time>2026-08-04T14:04:10.000Z</time>
      </trkpt>
      <trkpt lat="40.079051447561966" lon="116.3395184180781">
        <ele>45.5</ele>
        <time>2026-08-04T14:04:11.000Z</time>
      </trkpt>
      <trkpt lat="40.07905121784291" lon="116.33954472343906">
        <ele>45.5</ele>
        <time>2026-08-04T14:04:12.000Z</time>
      </trkpt>
      <trkpt lat="40.07905055233075" lon="116.3395710501436">
        <ele>45.5</ele>
        <time>2026-08-04T14:04:13.000Z</time>
      </trkpt>
      <trkpt lat="40.079049024022304" lon="116.3395976799962">
        <ele>45.5</ele>
        <time>2026-08-04T14:04:14.000Z</time>
      </trkpt>
      <trkpt lat="40.07904626132156" lon="116.33962486389395">
        <ele>45.5</ele>
        <time>2026-08-04T14:04:15.000Z</time>
      </trkpt>
      <trkpt lat="40.07904242181745" lon="116.33965273074124">
        <ele>45.5</ele>
        <time>2026-08-04T14:04:16.000Z</time>
      </trkpt>
      <trkpt lat="40.07903793726303" lon="116.33968158411835">
        <ele>45.4</ele>
        <time>2026-08-04T14:04:17.000Z</time>
      </trkpt>
      <trkpt lat="40.07903326228224" lon="116.3397113654615">
        <ele>45.4</ele>
        <time>2026-08-04T14:04:18.000Z</time>
      </trkpt>
      <trkpt lat="40.079028672450264" lon="116.33974148398094">
        <ele>45.4</ele>
        <time>2026-08-04T14:04:19.000Z</time>
      </trkpt>
      <trkpt lat="40.07902418146429" lon="116.33977160928832">
        <ele>45.4</ele>
        <time>2026-08-04T14:04:20.000Z</time>
      </trkpt>
      <trkpt lat="40.07901972782565" lon="116.33980165528222">
        <ele>45.4</ele>
        <time>2026-08-04T14:04:21.000Z</time>
      </trkpt>
      <trkpt lat="40.07901526847817" lon="116.33983150074025">
        <ele>45.4</ele>
        <time>2026-08-04T14:04:22.000Z</time>
      </trkpt>
      <trkpt lat="40.07901090074789" lon="116.33986103782753">
        <ele>45.4</ele>
        <time>2026-08-04T14:04:23.000Z</time>
      </trkpt>
      <trkpt lat="40.07900673407606" lon="116.33989014248131">
        <ele>45.4</ele>
        <time>2026-08-04T14:04:24.000Z</time>
      </trkpt>
      <trkpt lat="40.079002817742136" lon="116.33991871736139">
        <ele>45.4</ele>
        <time>2026-08-04T14:04:25.000Z</time>
      </trkpt>
      <trkpt lat="40.078999117856746" lon="116.33994708729153">
        <ele>45.4</ele>
        <time>2026-08-04T14:04:26.000Z</time>
      </trkpt>
      <trkpt lat="40.07899565746732" lon="116.33997599295311">
        <ele>45.3</ele>
        <time>2026-08-04T14:04:27.000Z</time>
      </trkpt>
      <trkpt lat="40.07899243031485" lon="116.3400058350382">
        <ele>45.3</ele>
        <time>2026-08-04T14:04:28.000Z</time>
      </trkpt>
      <trkpt lat="40.07898909867247" lon="116.34003643697842">
        <ele>45.3</ele>
        <time>2026-08-04T14:04:29.000Z</time>
        <extensions>
          <gpxtpx:TrackPointExtension>
            <gpxtpx:hr>166</gpxtpx:hr>
          </gpxtpx:TrackPointExtension>
        </extensions>
      </trkpt>
      <trkpt lat="40.07898538613076" lon="116.34006756861277">
        <ele>45.3</ele>
        <time>2026-08-04T14:04:30.000Z</time>
        <extensions>
          <gpxtpx:TrackPointExtension>
            <gpxtpx:hr>166</gpxtpx:hr>
          </gpxtpx:TrackPointExtension>
        </extensions>
      </trkpt>
      <trkpt lat="40.07898136827519" lon="116.34009907814396">
        <ele>45.3</ele>
        <time>2026-08-04T14:04:31.000Z</time>
        <extensions>
          <gpxtpx:TrackPointExtension>
            <gpxtpx:hr>166</gpxtpx:hr>
          </gpxtpx:TrackPointExtension>
        </extensions>
      </trkpt>
      <trkpt lat="40.07897728630715" lon="116.34013083687695">
        <ele>45.2</ele>
        <time>2026-08-04T14:04:32.000Z</time>
        <extensions>
          <gpxtpx:TrackPointExtension>
            <gpxtpx:hr>166</gpxtpx:hr>
          </gpxtpx:TrackPointExtension>
        </extensions>
      </trkpt>
      <trkpt lat="40.07897351417251" lon="116.34016259966282">
        <ele>45.2</ele>
        <time>2026-08-04T14:04:33.000Z</time>
        <extensions>
          <gpxtpx:TrackPointExtension>
            <gpxtpx:hr>166</gpxtpx:hr>
          </gpxtpx:TrackPointExtension>
        </extensions>
      </trkpt>
      <trkpt lat="40.07897036788965" lon="116.3401942045836">
        <ele>45.2</ele>
        <time>2026-08-04T14:04:34.000Z</time>
        <extensions>
          <gpxtpx:TrackPointExtension>
            <gpxtpx:hr>166</gpxtpx:hr>
          </gpxtpx:TrackPointExtension>
        </extensions>
      </trkpt>
      <trkpt lat="40.078968009882836" lon="116.3402255591397">
        <ele>45.2</ele>
        <time>2026-08-04T14:04:35.000Z</time>
        <extensions>
          <gpxtpx:TrackPointExtension>
            <gpxtpx:hr>166</gpxtpx:hr>
          </gpxtpx:TrackPointExtension>
        </extensions>
      </trkpt>
      <trkpt lat="40.07896662185576" lon="116.34025655602835">
        <ele>45.1</ele>
        <time>2026-08-04T14:04:36.000Z</time>
        <extensions>
          <gpxtpx:TrackPointExtension>
            <gpxtpx:hr>166</gpxtpx:hr>
          </gpxtpx:TrackPointExtension>
        </extensions>
      </trkpt>
      <trkpt lat="40.0789662121439" lon="116.3402872571342">
        <ele>45.1</ele>
        <time>2026-08-04T14:04:37.000Z</time>
        <extensions>
          <gpxtpx:TrackPointExtension>
            <gpxtpx:hr>166</gpxtpx:hr>
          </gpxtpx:TrackPointExtension>
        </extensions>
      </trkpt>
      <trkpt lat="40.07896643155456" lon="116.34031770921183">
        <ele>45.1</ele>
        <time>2026-08-04T14:04:38.000Z</time>
        <extensions>
          <gpxtpx:TrackPointExtension>
            <gpxtpx:hr>166</gpxtpx:hr>
          </gpxtpx:TrackPointExtension>
        </extensions>
      </trkpt>
      <trkpt lat="40.07896690885879" lon="116.34034771201566">
        <ele>45.1</ele>
        <time>2026-08-04T14:04:39.000Z</time>
        <extensions>
          <gpxtpx:TrackPointExtension>
            <gpxtpx:hr>166</gpxtpx:hr>
          </gpxtpx:TrackPointExtension>
        </extensions>
      </trkpt>
      <trkpt lat="40.07896723776955" lon="116.34037689849352">
        <ele>45.1</ele>
        <time>2026-08-04T14:04:40.000Z</time>
        <extensions>
          <gpxtpx:TrackPointExtension>
            <gpxtpx:hr>166</gpxtpx:hr>
          </gpxtpx:TrackPointExtension>
        </extensions>
      </trkpt>
      <trkpt lat="40.0789670758242" lon="116.34040525200007">
        <ele>45.1</ele>
        <time>2026-08-04T14:04:41.000Z</time>
        <extensions>
          <gpxtpx:TrackPointExtension>
            <gpxtpx:hr>166</gpxtpx:hr>
          </gpxtpx:TrackPointExtension>
        </extensions>
      </trkpt>
      <trkpt lat="40.07896630153519" lon="116.34043316757017">
        <ele>45.1</ele>
        <time>2026-08-04T14:04:42.000Z</time>
        <extensions>
          <gpxtpx:TrackPointExtension>
            <gpxtpx:hr>166</gpxtpx:hr>
          </gpxtpx:TrackPointExtension>
        </extensions>
      </trkpt>
      <trkpt lat="40.078965099650894" lon="116.34046092917163">
        <ele>45.1</ele>
        <time>2026-08-04T14:04:43.000Z</time>
        <extensions>
          <gpxtpx:TrackPointExtension>
            <gpxtpx:hr>166</gpxtpx:hr>
          </gpxtpx:TrackPointExtension>
        </extensions>
      </trkpt>
      <trkpt lat="40.07896392560303" lon="116.34048857452461">
        <ele>45.1</ele>
        <time>2026-08-04T14:04:44.000Z</time>
        <extensions>
          <gpxtpx:TrackPointExtension>
            <gpxtpx:hr>166</gpxtpx:hr>
          </gpxtpx:TrackPointExtension>
        </extensions>
      </trkpt>
      <trkpt lat="40.07896323921397" lon="116.34051604229961">
        <ele>45.1</ele>
        <time>2026-08-04T14:04:45.000Z</time>
        <extensions>
          <gpxtpx:TrackPointExtension>
            <gpxtpx:hr>166</gpxtpx:hr>
          </gpxtpx:TrackPointExtension>
        </extensions>
      </trkpt>
      <trkpt lat="40.078963274703085" lon="116.34054343193696">
        <ele>45.0</ele>
        <time>2026-08-04T14:04:46.000Z</time>
        <extensions>
          <gpxtpx:TrackPointExtension>
            <gpxtpx:hr>166</gpxtpx:hr>
          </gpxtpx:TrackPointExtension>
        </extensions>
      </trkpt>
      <trkpt lat="40.078963943780025" lon="116.34057109186641">
        <ele>45.0</ele>
        <time>2026-08-04T14:04:47.000Z</time>
        <extensions>
          <gpxtpx:TrackPointExtension>
            <gpxtpx:hr>166</gpxtpx:hr>
          </gpxtpx:TrackPointExtension>
        </extensions>
      </trkpt>
      <trkpt lat="40.07896507828936" lon="116.34059947710404">
        <ele>45.0</ele>
        <time>2026-08-04T14:04:48.000Z</time>
        <extensions>
          <gpxtpx:TrackPointExtension>
            <gpxtpx:hr>166</gpxtpx:hr>
          </gpxtpx:TrackPointExtension>
        </extensions>
      </trkpt>
      <trkpt lat="40.07896653044381" lon="116.34062867335683">
        <ele>45.0</ele>
        <time>2026-08-04T14:04:49.000Z</time>
        <extensions>
          <gpxtpx:TrackPointExtension>
            <gpxtpx:hr>166</gpxtpx:hr>
          </gpxtpx:TrackPointExtension>
        </extensions>
      </trkpt>
      <trkpt lat="40.07896808930226" lon="116.34065847279906">
        <ele>45.0</ele>
        <time>2026-08-04T14:04:50.000Z</time>
        <extensions>
          <gpxtpx:TrackPointExtension>
            <gpxtpx:hr>166</gpxtpx:hr>
          </gpxtpx:TrackPointExtension>
        </extensions>
      </trkpt>
      <trkpt lat="40.07896954402122" lon="116.34068867911246">
        <ele>44.9</ele>
        <time>2026-08-04T14:04:51.000Z</time>
        <extensions>
          <gpxtpx:TrackPointExtension>
            <gpxtpx:hr>166</gpxtpx:hr>
          </gpxtpx:TrackPointExtension>
        </extensions>
      </trkpt>
      <trkpt lat="40.078970813100284" lon="116.34071890323143">
        <ele>44.9</ele>
        <time>2026-08-04T14:04:52.000Z</time>
        <extensions>
          <gpxtpx:TrackPointExtension>
            <gpxtpx:hr>166</gpxtpx:hr>
          </gpxtpx:TrackPointExtension>
        </extensions>
      </trkpt>
      <trkpt lat="40.07897194182637" lon="116.34074867836158">
        <ele>44.9</ele>
        <time>2026-08-04T14:04:53.000Z</time>
        <extensions>
          <gpxtpx:TrackPointExtension>
            <gpxtpx:hr>166</gpxtpx:hr>
          </gpxtpx:TrackPointExtension>
        </extensions>
      </trkpt>
      <trkpt lat="40.07897306780754" lon="116.3407777199193">
        <ele>44.9</ele>
        <time>2026-08-04T14:04:54.000Z</time>
        <extensions>
          <gpxtpx:TrackPointExtension>
            <gpxtpx:hr>166</gpxtpx:hr>
          </gpxtpx:TrackPointExtension>
        </extensions>
      </trkpt>
      <trkpt lat="40.07897419982752" lon="116.34080579774407">
        <ele>44.8</ele>
        <time>2026-08-04T14:04:55.000Z</time>
        <extensions>
          <gpxtpx:TrackPointExtension>
            <gpxtpx:hr>166</gpxtpx:hr>
          </gpxtpx:TrackPointExtension>
        </extensions>
      </trkpt>
      <trkpt lat="40.07897513470164" lon="116.34083286862281">
        <ele>44.8</ele>
        <time>2026-08-04T14:04:56.000Z</time>
        <extensions>
          <gpxtpx:TrackPointExtension>
            <gpxtpx:hr>166</gpxtpx:hr>
          </gpxtpx:TrackPointExtension>
        </extensions>
      </trkpt>
      <trkpt lat="40.07897563177932" lon="116.34085932732073">
        <ele>44.8</ele>
        <time>2026-08-04T14:04:57.000Z</time>
        <extensions>
          <gpxtpx:TrackPointExtension>
            <gpxtpx:hr>166</gpxtpx:hr>
          </gpxtpx:TrackPointExtension>
        </extensions>
      </trkpt>
      <trkpt lat="40.07897564833732" lon="116.34088564053503">
        <ele>44.8</ele>
        <time>2026-08-04T14:04:58.000Z</time>
        <extensions>
          <gpxtpx:TrackPointExtension>
            <gpxtpx:hr>166</gpxtpx:hr>
          </gpxtpx:TrackPointExtension>
        </extensions>
      </trkpt>
      <trkpt lat="40.07897524832614" lon="116.34091218764864">
        <ele>44.8</ele>
        <time>2026-08-04T14:04:59.000Z</time>
      </trkpt>
      <trkpt lat="40.0789746029374" lon="116.34093929366429">
        <ele>44.8</ele>
        <time>2026-08-04T14:05:00.000Z</time>
      </trkpt>
      <trkpt lat="40.078974068660315" lon="116.34096713587292">
        <ele>44.8</ele>
        <time>2026-08-04T14:05:01.000Z</time>
      </trkpt>
      <trkpt lat="40.07897398003102" lon="116.34099564346663">
        <ele>44.8</ele>
        <time>2026-08-04T14:05:02.000Z</time>
      </trkpt>
      <trkpt lat="40.07897449746827" lon="116.34102483287684">
        <ele>44.8</ele>
        <time>2026-08-04T14:05:03.000Z</time>
      </trkpt>
      <trkpt lat="40.07897559587271" lon="116.34105472450024">
        <ele>44.8</ele>
        <time>2026-08-04T14:05:04.000Z</time>
      </trkpt>
      <trkpt lat="40.07897710447834" lon="116.34108512022836">
        <ele>44.8</ele>
        <time>2026-08-04T14:05:05.000Z</time>
      </trkpt>
      <trkpt lat="40.0789788850895" lon="116.34111578683475">
        <ele>44.8</ele>
        <time>2026-08-04T14:05:06.000Z</time>
      </trkpt>
      <trkpt lat="40.07898063809334" lon="116.34114649725666">
        <ele>44.8</ele>
        <time>2026-08-04T14:05:07.000Z</time>
      </trkpt>
      <trkpt lat="40.078981958024706" lon="116.34117694850485">
        <ele>44.8</ele>
        <time>2026-08-04T14:05:08.000Z</time>
      </trkpt>
      <trkpt lat="40.0789828115709" lon="116.34120686830033">
        <ele>44.8</ele>
        <time>2026-08-04T14:05:09.000Z</time>
      </trkpt>
      <trkpt lat="40.07898344507264" lon="116.34123613974725">
        <ele>44.8</ele>
        <time>2026-08-04T14:05:10.000Z</time>
      </trkpt>
      <trkpt lat="40.07898411246013" lon="116.3412647748789">
        <ele>44.8</ele>
        <time>2026-08-04T14:05:11.000Z</time>
      </trkpt>
      <trkpt lat="40.07898489397885" lon="116.34129304288892">
        <ele>44.8</ele>
        <time>2026-08-04T14:05:12.000Z</time>
      </trkpt>
      <trkpt lat="40.07898553711226" lon="116.3413211554303">
        <ele>44.8</ele>
        <time>2026-08-04T14:05:13.000Z</time>
      </trkpt>
      <trkpt lat="40.07898584121571" lon="116.34134922308942">
        <ele>44.8</ele>
        <time>2026-08-04T14:05:14.000Z</time>
      </trkpt>
      <trkpt lat="40.0789860346729" lon="116.3413775328627">
        <ele>44.8</ele>
        <time>2026-08-04T14:05:15.000Z</time>
      </trkpt>
      <trkpt lat="40.07898640658268" lon="116.34140639215629">
        <ele>44.8</ele>
        <time>2026-08-04T14:05:16.000Z</time>
      </trkpt>
      <trkpt lat="40.078986944545825" lon="116.34143578684736">
        <ele>44.8</ele>
        <time>2026-08-04T14:05:17.000Z</time>
      </trkpt>
      <trkpt lat="40.07898740355381" lon="116.34146546226913">
        <ele>44.7</ele>
        <time>2026-08-04T14:05:18.000Z</time>
      </trkpt>
      <trkpt lat="40.078987763945875" lon="116.34149527414165">
        <ele>44.7</ele>
        <time>2026-08-04T14:05:19.000Z</time>
      </trkpt>
      <trkpt lat="40.07898840288559" lon="116.34152518115836">
        <ele>44.7</ele>
        <time>2026-08-04T14:05:20.000Z</time>
      </trkpt>
      <trkpt lat="40.07898957168607" lon="116.34155533962159">
        <ele>44.7</ele>
        <time>2026-08-04T14:05:21.000Z</time>
      </trkpt>
      <trkpt lat="40.07899103911817" lon="116.34158571225372">
        <ele>44.8</ele>
        <time>2026-08-04T14:05:22.000Z</time>
      </trkpt>
      <trkpt lat="40.078992556558454" lon="116.34161596600144">
        <ele>44.8</ele>
        <time>2026-08-04T14:05:23.000Z</time>
      </trkpt>
      <trkpt lat="40.07899408321034" lon="116.34164588312089">
        <ele>44.8</ele>
        <time>2026-08-04T14:05:24.000Z</time>
      </trkpt>
      <trkpt lat="40.078995632224206" lon="116.34167527642002">
        <ele>44.8</ele>
        <time>2026-08-04T14:05:25.000Z</time>
      </trkpt>
      <trkpt lat="40.078997130007046" lon="116.34170379890882">
        <ele>44.8</ele>
        <time>2026-08-04T14:05:26.000Z</time>
      </trkpt>
      <trkpt lat="40.07899830208846" lon="116.34173158677429">
        <ele>44.8</ele>
        <time>2026-08-04T14:05:27.000Z</time>
      </trkpt>
      <trkpt lat="40.078998987886386" lon="116.34175940478349">
        <ele>44.8</ele>
        <time>2026-08-04T14:05:28.000Z</time>
      </trkpt>
      <trkpt lat="40.078999257826574" lon="116.34178794009838">
        <ele>44.8</ele>
        <time>2026-08-04T14:05:29.000Z</time>
      </trkpt>
      <trkpt lat="40.07899939289882" lon="116.34181732064685">
        <ele>44.8</ele>
        <time>2026-08-04T14:05:30.000Z</time>
      </trkpt>
      <trkpt lat="40.07899968974419" lon="116.3418473596722">
        <ele>44.8</ele>
        <time>2026-08-04T14:05:31.000Z</time>
      </trkpt>
      <trkpt lat="40.079000170134975" lon="116.34187801777068">
        <ele>44.8</ele>
        <time>2026-08-04T14:05:32.000Z</time>
      </trkpt>
      <trkpt lat="40.07900074753245" lon="116.34190922041518">
        <ele>44.8</ele>
        <time>2026-08-04T14:05:33.000Z</time>
      </trkpt>
      <trkpt lat="40.07900134293528" lon="116.34194066005614">
        <ele>44.8</ele>
        <time>2026-08-04T14:05:34.000Z</time>
      </trkpt>
      <trkpt lat="40.07900198401662" lon="116.34197196667613">
        <ele>44.8</ele>
        <time>2026-08-04T14:05:35.000Z</time>
      </trkpt>
      <trkpt lat="40.07900275095435" lon="116.34200296767877">
        <ele>44.8</ele>
        <time>2026-08-04T14:05:36.000Z</time>
      </trkpt>
      <trkpt lat="40.07900353183966" lon="116.34203374246422">
        <ele>44.8</ele>
        <time>2026-08-04T14:05:37.000Z</time>
      </trkpt>
      <trkpt lat="40.07900425757046" lon="116.34206434117984">
        <ele>44.8</ele>
        <time>2026-08-04T14:05:38.000Z</time>
      </trkpt>
      <trkpt lat="40.07900508107743" lon="116.3420946379214">
        <ele>44.7</ele>
        <time>2026-08-04T14:05:39.000Z</time>
      </trkpt>
      <trkpt lat="40.07900619981779" lon="116.34212458853416">
        <ele>44.7</ele>
        <time>2026-08-04T14:05:40.000Z</time>
      </trkpt>
      <trkpt lat="40.07900765686669" lon="116.34215405195523">
        <ele>44.7</ele>
        <time>2026-08-04T14:05:41.000Z</time>
      </trkpt>
      <trkpt lat="40.07900908382384" lon="116.34218285370848">
        <ele>44.7</ele>
        <time>2026-08-04T14:05:42.000Z</time>
      </trkpt>
      <trkpt lat="40.079010034023455" lon="116.34221104417429">
        <ele>44.7</ele>
        <time>2026-08-04T14:05:43.000Z</time>
      </trkpt>
      <trkpt lat="40.07901059292074" lon="116.34223887408582">
        <ele>44.7</ele>
        <time>2026-08-04T14:05:44.000Z</time>
      </trkpt>
      <trkpt lat="40.07901102252666" lon="116.34226666589713">
        <ele>44.7</ele>
        <time>2026-08-04T14:05:45.000Z</time>
      </trkpt>
      <trkpt lat="40.0790114563036" lon="116.34229484313049">
        <ele>44.7</ele>
        <time>2026-08-04T14:05:46.000Z</time>
      </trkpt>
      <trkpt lat="40.079012011264304" lon="116.34232378997356">
        <ele>44.7</ele>
        <time>2026-08-04T14:05:47.000Z</time>
      </trkpt>
      <trkpt lat="40.079012760111894" lon="116.34235352012546">
        <ele>44.7</ele>
        <time>2026-08-04T14:05:48.000Z</time>
      </trkpt>
      <trkpt lat="40.079013749724474" lon="116.34238382091989">
        <ele>44.7</ele>
        <time>2026-08-04T14:05:49.000Z</time>
      </trkpt>
      <trkpt lat="40.079014869157476" lon="116.34241460126162">
        <ele>44.7</ele>
        <time>2026-08-04T14:05:50.000Z</time>
      </trkpt>
      <trkpt lat="40.07901596767428" lon="116.34244566980432">
        <ele>44.7</ele>
        <time>2026-08-04T14:05:51.000Z</time>
      </trkpt>
      <trkpt lat="40.079017173502066" lon="116.34247688680614">
        <ele>44.7</ele>
        <time>2026-08-04T14:05:52.000Z</time>
      </trkpt>
      <trkpt lat="40.07901874815117" lon="116.34250818479686">
        <ele>44.7</ele>
        <time>2026-08-04T14:05:53.000Z</time>
      </trkpt>
      <trkpt lat="40.079020725340015" lon="116.34253954835114">
        <ele>44.7</ele>
        <time>2026-08-04T14:05:54.000Z</time>
      </trkpt>
      <trkpt lat="40.079022888252645" lon="116.34257094523265">
        <ele>44.7</ele>
        <time>2026-08-04T14:05:55.000Z</time>
      </trkpt>
      <trkpt lat="40.07902497208485" lon="116.34260210041535">
        <ele>44.7</ele>
        <time>2026-08-04T14:05:56.000Z</time>
      </trkpt>
      <trkpt lat="40.079026751360246" lon="116.3426325159658">
        <ele>44.7</ele>
        <time>2026-08-04T14:05:57.000Z</time>
      </trkpt>
      <trkpt lat="40.07902823720533" lon="116.34266205963833">
        <ele>44.7</ele>
        <time>2026-08-04T14:05:58.000Z</time>
      </trkpt>
      <trkpt lat="40.07902965558966" lon="116.34269128644054">
        <ele>44.7</ele>
        <time>2026-08-04T14:05:59.000Z</time>
      </trkpt>
      <trkpt lat="40.07903132156753" lon="116.34272079912854">
        <ele>44.7</ele>
        <time>2026-08-04T14:06:00.000Z</time>
      </trkpt>
      <trkpt lat="40.07903346927387" lon="116.34275096899303">
        <ele>44.7</ele>
        <time>2026-08-04T14:06:01.000Z</time>
      </trkpt>
      <trkpt lat="40.07903604589899" lon="116.34278190652208">
        <ele>44.7</ele>
        <time>2026-08-04T14:06:02.000Z</time>
      </trkpt>
      <trkpt lat="40.07903875109251" lon="116.34281332615942">
        <ele>44.7</ele>
        <time>2026-08-04T14:06:03.000Z</time>
      </trkpt>
      <trkpt lat="40.07904141508253" lon="116.34284475912094">
        <ele>44.7</ele>
        <time>2026-08-04T14:06:04.000Z</time>
      </trkpt>
      <trkpt lat="40.07904415070464" lon="116.34287589075444">
        <ele>44.7</ele>
        <time>2026-08-04T14:06:05.000Z</time>
      </trkpt>
      <trkpt lat="40.07904680800575" lon="116.34290664365653">
        <ele>44.7</ele>
        <time>2026-08-04T14:06:06.000Z</time>
      </trkpt>
      <trkpt lat="40.079049019869586" lon="116.34293696916806">
        <ele>44.7</ele>
        <time>2026-08-04T14:06:07.000Z</time>
      </trkpt>
      <trkpt lat="40.079050664580464" lon="116.34296692866384">
        <ele>44.7</ele>
        <time>2026-08-04T14:06:08.000Z</time>
      </trkpt>
      <trkpt lat="40.07905184862788" lon="116.34299674901592">
        <ele>44.7</ele>
        <time>2026-08-04T14:06:09.000Z</time>
      </trkpt>
      <trkpt lat="40.07905280174976" lon="116.34302649497027">
        <ele>44.7</ele>
        <time>2026-08-04T14:06:10.000Z</time>
      </trkpt>
      <trkpt lat="40.07905370498951" lon="116.34305594960396">
        <ele>44.7</ele>
        <time>2026-08-04T14:06:11.000Z</time>
      </trkpt>
      <trkpt lat="40.07905455231454" lon="116.34308455970012">
        <ele>44.7</ele>
        <time>2026-08-04T14:06:12.000Z</time>
      </trkpt>
      <trkpt lat="40.07905519418902" lon="116.34311222406387">
        <ele>44.7</ele>
        <time>2026-08-04T14:06:13.000Z</time>
      </trkpt>
      <trkpt lat="40.07905536701627" lon="116.34313960107696">
        <ele>44.7</ele>
        <time>2026-08-04T14:06:14.000Z</time>
      </trkpt>
      <trkpt lat="40.07905497132127" lon="116.3431674155221">
        <ele>44.7</ele>
        <time>2026-08-04T14:06:15.000Z</time>
      </trkpt>
      <trkpt lat="40.07905419465937" lon="116.34319579690057">
        <ele>44.8</ele>
        <time>2026-08-04T14:06:16.000Z</time>
      </trkpt>
      <trkpt lat="40.07905325119574" lon="116.34322435903495">
        <ele>44.8</ele>
        <time>2026-08-04T14:06:17.000Z</time>
      </trkpt>
      <trkpt lat="40.07905202440229" lon="116.34325258962555">
        <ele>44.8</ele>
        <time>2026-08-04T14:06:18.000Z</time>
      </trkpt>
      <trkpt lat="40.07905006570735" lon="116.34327998268627">
        <ele>44.8</ele>
        <time>2026-08-04T14:06:19.000Z</time>
      </trkpt>
      <trkpt lat="40.079046917433324" lon="116.34330625572925">
        <ele>44.8</ele>
        <time>2026-08-04T14:06:20.000Z</time>
      </trkpt>
      <trkpt lat="40.07904245333335" lon="116.34333098334282">
        <ele>44.8</ele>
        <time>2026-08-04T14:06:21.000Z</time>
      </trkpt>
      <trkpt lat="40.079037123753615" lon="116.34335307150242">
        <ele>44.8</ele>
        <time>2026-08-04T14:06:22.000Z</time>
      </trkpt>
      <trkpt lat="40.079031878650326" lon="116.3433713989354">
        <ele>44.8</ele>
        <time>2026-08-04T14:06:23.000Z</time>
      </trkpt>
      <trkpt lat="40.079027345560164" lon="116.34338594961098">
        <ele>44.8</ele>
        <time>2026-08-04T14:06:24.000Z</time>
      </trkpt>
      <trkpt lat="40.07902345729942" lon="116.34339792060689">
        <ele>44.8</ele>
        <time>2026-08-04T14:06:25.000Z</time>
      </trkpt>
      <trkpt lat="40.079020040793075" lon="116.34340913567947">
        <ele>44.8</ele>
        <time>2026-08-04T14:06:26.000Z</time>
      </trkpt>
      <trkpt lat="40.079017000629925" lon="116.34342110256526">
        <ele>44.8</ele>
        <time>2026-08-04T14:06:27.000Z</time>
      </trkpt>
      <trkpt lat="40.079014162993694" lon="116.34343531387005">
        <ele>44.8</ele>
        <time>2026-08-04T14:06:28.000Z</time>
      </trkpt>
      <trkpt lat="40.07901143332957" lon="116.34345280619245">
        <ele>44.8</ele>
        <time>2026-08-04T14:06:29.000Z</time>
      </trkpt>
      <trkpt lat="40.07900896519152" lon="116.34347296592372">
        <ele>44.9</ele>
        <time>2026-08-04T14:06:30.000Z</time>
      </trkpt>
      <trkpt lat="40.079006900451894" lon="116.34349503833053">
        <ele>44.9</ele>
        <time>2026-08-04T14:06:31.000Z</time>
      </trkpt>
      <trkpt lat="40.079005214136764" lon="116.34351886084394">
        <ele>44.9</ele>
        <time>2026-08-04T14:06:32.000Z</time>
      </trkpt>
      <trkpt lat="40.0790038124912" lon="116.34354482570302">
        <ele>44.9</ele>
        <time>2026-08-04T14:06:33.000Z</time>
      </trkpt>
      <trkpt lat="40.07900259391689" lon="116.34357346282418">
        <ele>45.0</ele>
        <time>2026-08-04T14:06:34.000Z</time>
      </trkpt>
      <trkpt lat="40.07900145393102" lon="116.34360506723657">
        <ele>45.0</ele>
        <time>2026-08-04T14:06:35.000Z</time>
      </trkpt>
      <trkpt lat="40.07900029636057" lon="116.34363939845504">
        <ele>45.0</ele>
        <time>2026-08-04T14:06:36.000Z</time>
      </trkpt>
      <trkpt lat="40.0789989598869" lon="116.34367539186265">
        <ele>45.0</ele>
        <time>2026-08-04T14:06:37.000Z</time>
      </trkpt>
      <trkpt lat="40.07899711468666" lon="116.34371215892736">
        <ele>45.1</ele>
        <time>2026-08-04T14:06:38.000Z</time>
      </trkpt>
      <trkpt lat="40.078994498428116" lon="116.34374892963626">
        <ele>45.1</ele>
        <time>2026-08-04T14:06:39.000Z</time>
      </trkpt>
      <trkpt lat="40.07899122921439" lon="116.34378491873883">
        <ele>45.1</ele>
        <time>2026-08-04T14:06:40.000Z</time>
      </trkpt>
      <trkpt lat="40.07898782821413" lon="116.34381968901924">
        <ele>45.1</ele>
        <time>2026-08-04T14:06:41.000Z</time>
      </trkpt>
      <trkpt lat="40.07898496483733" lon="116.34385326369926">
        <ele>45.0</ele>
        <time>2026-08-04T14:06:42.000Z</time>
      </trkpt>
      <trkpt lat="40.07898301821559" lon="116.34388575326436">
        <ele>45.0</ele>
        <time>2026-08-04T14:06:43.000Z</time>
      </trkpt>
      <trkpt lat="40.07898193971593" lon="116.34391744962436">
        <ele>45.0</ele>
        <time>2026-08-04T14:06:44.000Z</time>
      </trkpt>
      <trkpt lat="40.078981479505245" lon="116.34394881193211">
        <ele>45.0</ele>
        <time>2026-08-04T14:06:45.000Z</time>
      </trkpt>
      <trkpt lat="40.07898149021516" lon="116.34398018604494">
        <ele>45.0</ele>
        <time>2026-08-04T14:06:46.000Z</time>
      </trkpt>
      <trkpt lat="40.078982017081756" lon="116.34401175210185">
        <ele>45.0</ele>
        <time>2026-08-04T14:06:47.000Z</time>
      </trkpt>
      <trkpt lat="40.078983133991315" lon="116.34404367384437">
        <ele>44.9</ele>
        <time>2026-08-04T14:06:48.000Z</time>
      </trkpt>
      <trkpt lat="40.07898487653444" lon="116.34407594137026">
        <ele>44.9</ele>
        <time>2026-08-04T14:06:49.000Z</time>
      </trkpt>
      <trkpt lat="40.07898720888887" lon="116.34410834759785">
        <ele>44.9</ele>
        <time>2026-08-04T14:06:50.000Z</time>
      </trkpt>
      <trkpt lat="40.078990061439825" lon="116.34414067066517">
        <ele>44.9</ele>
        <time>2026-08-04T14:06:51.000Z</time>
      </trkpt>
      <trkpt lat="40.07899342755363" lon="116.3441727664774">
        <ele>44.9</ele>
        <time>2026-08-04T14:06:52.000Z</time>
      </trkpt>
      <trkpt lat="40.07899724685706" lon="116.34420468724242">
        <ele>44.9</ele>
        <time>2026-08-04T14:06:53.000Z</time>
      </trkpt>
      <trkpt lat="40.079001197368854" lon="116.3442364597367">
        <ele>44.9</ele>
        <time>2026-08-04T14:06:54.000Z</time>
      </trkpt>
      <trkpt lat="40.07900480369745" lon="116.34426812602925">
        <ele>44.8</ele>
        <time>2026-08-04T14:06:55.000Z</time>
      </trkpt>
      <trkpt lat="40.07900759755494" lon="116.3442996735413">
        <ele>44.8</ele>
        <time>2026-08-04T14:06:56.000Z</time>
      </trkpt>
      <trkpt lat="40.07900919910337" lon="116.34433090552469">
        <ele>44.8</ele>
        <time>2026-08-04T14:06:57.000Z</time>
      </trkpt>
      <trkpt lat="40.07900913002167" lon="116.34436153880114">
        <ele>44.8</ele>
        <time>2026-08-04T14:06:58.000Z</time>
      </trkpt>
      <trkpt lat="40.07900717889943" lon="116.34439149023281">
        <ele>44.8</ele>
        <time>2026-08-04T14:06:59.000Z</time>
      </trkpt>
      <trkpt lat="40.0790034660923" lon="116.34442088486423">
        <ele>44.8</ele>
        <time>2026-08-04T14:07:00.000Z</time>
      </trkpt>
      <trkpt lat="40.078998242978365" lon="116.34444979993656">
        <ele>44.8</ele>
        <time>2026-08-04T14:07:01.000Z</time>
      </trkpt>
      <trkpt lat="40.0789918274017" lon="116.34447803485617">
        <ele>44.8</ele>
        <time>2026-08-04T14:07:02.000Z</time>
      </trkpt>
      <trkpt lat="40.07898454032554" lon="116.34450513493798">
        <ele>44.7</ele>
        <time>2026-08-04T14:07:03.000Z</time>
      </trkpt>
      <trkpt lat="40.07897665702015" lon="116.34453091137152">
        <ele>44.7</ele>
        <time>2026-08-04T14:07:04.000Z</time>
      </trkpt>
      <trkpt lat="40.07896848759125" lon="116.34455573243585">
        <ele>44.7</ele>
        <time>2026-08-04T14:07:05.000Z</time>
      </trkpt>
      <trkpt lat="40.07896042077085" lon="116.34458055918142">
        <ele>44.7</ele>
        <time>2026-08-04T14:07:06.000Z</time>
      </trkpt>
      <trkpt lat="40.07895244786593" lon="116.34460610929524">
        <ele>44.7</ele>
        <time>2026-08-04T14:07:07.000Z</time>
      </trkpt>
      <trkpt lat="40.078944219176925" lon="116.34463236641034">
        <ele>44.7</ele>
        <time>2026-08-04T14:07:08.000Z</time>
      </trkpt>
      <trkpt lat="40.07893551013769" lon="116.34465890854214">
        <ele>44.7</ele>
        <time>2026-08-04T14:07:09.000Z</time>
      </trkpt>
      <trkpt lat="40.07892668489081" lon="116.34468530120364">
        <ele>44.7</ele>
        <time>2026-08-04T14:07:10.000Z</time>
      </trkpt>
      <trkpt lat="40.0789183937564" lon="116.34471126698193">
        <ele>44.7</ele>
        <time>2026-08-04T14:07:11.000Z</time>
      </trkpt>
      <trkpt lat="40.078910994913436" lon="116.34473680626378">
        <ele>44.7</ele>
        <time>2026-08-04T14:07:12.000Z</time>
      </trkpt>
      <trkpt lat="40.07890469810062" lon="116.34476235575491">
        <ele>44.7</ele>
        <time>2026-08-04T14:07:13.000Z</time>
      </trkpt>
      <trkpt lat="40.07889988308758" lon="116.34478824953196">
        <ele>44.7</ele>
        <time>2026-08-04T14:07:14.000Z</time>
      </trkpt>
      <trkpt lat="40.078897051785894" lon="116.34481442279377">
        <ele>44.7</ele>
        <time>2026-08-04T14:07:15.000Z</time>
      </trkpt>
      <trkpt lat="40.07889650271679" lon="116.34484051106755">
        <ele>44.7</ele>
        <time>2026-08-04T14:07:16.000Z</time>
      </trkpt>
      <trkpt lat="40.078898027581786" lon="116.34486648484751">
        <ele>44.7</ele>
        <time>2026-08-04T14:07:17.000Z</time>
      </trkpt>
      <trkpt lat="40.078901053202195" lon="116.34489272934788">
        <ele>44.7</ele>
        <time>2026-08-04T14:07:18.000Z</time>
      </trkpt>
      <trkpt lat="40.07890506552102" lon="116.34491970630143">
        <ele>44.7</ele>
        <time>2026-08-04T14:07:19.000Z</time>
      </trkpt>
      <trkpt lat="40.07890955640882" lon="116.34494765632627">
        <ele>44.6</ele>
        <time>2026-08-04T14:07:20.000Z</time>
      </trkpt>
      <trkpt lat="40.07891397070858" lon="116.3449767516645">
        <ele>44.6</ele>
        <time>2026-08-04T14:07:21.000Z</time>
      </trkpt>
      <trkpt lat="40.07891799058226" lon="116.34500694056874">
        <ele>44.6</ele>
        <time>2026-08-04T14:07:22.000Z</time>
      </trkpt>
      <trkpt lat="40.078921626064464" lon="116.34503774872911">
        <ele>44.6</ele>
        <time>2026-08-04T14:07:23.000Z</time>
      </trkpt>
      <trkpt lat="40.078924916937886" lon="116.34506887595919">
        <ele>44.6</ele>
        <time>2026-08-04T14:07:24.000Z</time>
      </trkpt>
      <trkpt lat="40.07892811394001" lon="116.34510010223522">
        <ele>44.6</ele>
        <time>2026-08-04T14:07:25.000Z</time>
      </trkpt>
      <trkpt lat="40.07893176915457" lon="116.34513103191236">
        <ele>44.6</ele>
        <time>2026-08-04T14:07:26.000Z</time>
      </trkpt>
      <trkpt lat="40.07893626625063" lon="116.34516141506484">
        <ele>44.6</ele>
        <time>2026-08-04T14:07:27.000Z</time>
      </trkpt>
      <trkpt lat="40.078941609745186" lon="116.34519142901677">
        <ele>44.6</ele>
        <time>2026-08-04T14:07:28.000Z</time>
      </trkpt>
      <trkpt lat="40.07894736899869" lon="116.34522139219831">
        <ele>44.6</ele>
        <time>2026-08-04T14:07:29.000Z</time>
      </trkpt>
      <trkpt lat="40.07895319086589" lon="116.34525141205062">
        <ele>44.6</ele>
        <time>2026-08-04T14:07:30.000Z</time>
      </trkpt>
      <trkpt lat="40.078959004104846" lon="116.34528156341298">
        <ele>44.5</ele>
        <time>2026-08-04T14:07:31.000Z</time>
      </trkpt>
      <trkpt lat="40.078964672859414" lon="116.34531201855951">
        <ele>44.5</ele>
        <time>2026-08-04T14:07:32.000Z</time>
      </trkpt>
      <trkpt lat="40.078970105620186" lon="116.34534270181489">
        <ele>44.5</ele>
        <time>2026-08-04T14:07:33.000Z</time>
      </trkpt>
      <trkpt lat="40.07897524092464" lon="116.34537326183587">
        <ele>44.5</ele>
        <time>2026-08-04T14:07:34.000Z</time>
      </trkpt>
      <trkpt lat="40.07898012666783" lon="116.34540350972328">
        <ele>44.5</ele>
        <time>2026-08-04T14:07:35.000Z</time>
      </trkpt>
      <trkpt lat="40.07898497553394" lon="116.34543359552512">
        <ele>44.5</ele>
        <time>2026-08-04T14:07:36.000Z</time>
      </trkpt>
      <trkpt lat="40.0789899528659" lon="116.34546388331918">
        <ele>44.5</ele>
        <time>2026-08-04T14:07:37.000Z</time>
      </trkpt>
      <trkpt lat="40.07899516794245" lon="116.3454946334218">
        <ele>44.5</ele>
        <time>2026-08-04T14:07:38.000Z</time>
      </trkpt>
      <trkpt lat="40.079000584058434" lon="116.34552599378137">
        <ele>44.5</ele>
        <time>2026-08-04T14:07:39.000Z</time>
      </trkpt>
      <trkpt lat="40.079005942318226" lon="116.34555792955052">
        <ele>44.5</ele>
        <time>2026-08-04T14:07:40.000Z</time>
      </trkpt>
      <trkpt lat="40.07901099033161" lon="116.34559010165674">
        <ele>44.5</ele>
        <time>2026-08-04T14:07:41.000Z</time>
      </trkpt>
      <trkpt lat="40.079015679851594" lon="116.34562217751414">
        <ele>44.5</ele>
        <time>2026-08-04T14:07:42.000Z</time>
      </trkpt>
      <trkpt lat="40.079020255910365" lon="116.345653962304">
        <ele>44.5</ele>
        <time>2026-08-04T14:07:43.000Z</time>
      </trkpt>
      <trkpt lat="40.07902492421684" lon="116.34568521807351">
        <ele>44.5</ele>
        <time>2026-08-04T14:07:44.000Z</time>
      </trkpt>
      <trkpt lat="40.07902963291849" lon="116.34571578132177">
        <ele>44.5</ele>
        <time>2026-08-04T14:07:45.000Z</time>
      </trkpt>
      <trkpt lat="40.079034223635624" lon="116.34574582965902">
        <ele>44.5</ele>
        <time>2026-08-04T14:07:46.000Z</time>
      </trkpt>
      <trkpt lat="40.07903860483123" lon="116.34577564604376">
        <ele>44.5</ele>
        <time>2026-08-04T14:07:47.000Z</time>
      </trkpt>
      <trkpt lat="40.07904277552821" lon="116.34580543851233">
        <ele>44.5</ele>
        <time>2026-08-04T14:07:48.000Z</time>
      </trkpt>
      <trkpt lat="40.07904674238724" lon="116.3458353946415">
        <ele>44.5</ele>
        <time>2026-08-04T14:07:49.000Z</time>
      </trkpt>
      <trkpt lat="40.079050573597605" lon="116.34586557982807">
        <ele>44.5</ele>
        <time>2026-08-04T14:07:50.000Z</time>
      </trkpt>
      <trkpt lat="40.079054296698416" lon="116.34589589821155">
        <ele>44.5</ele>
        <time>2026-08-04T14:07:51.000Z</time>
      </trkpt>
      <trkpt lat="40.07905769751131" lon="116.34592631415003">
        <ele>44.5</ele>
        <time>2026-08-04T14:07:52.000Z</time>
      </trkpt>
      <trkpt lat="40.07906062320776" lon="116.34595688297014">
        <ele>44.5</ele>
        <time>2026-08-04T14:07:53.000Z</time>
      </trkpt>
      <trkpt lat="40.0790631418163" lon="116.34598763435079">
        <ele>44.5</ele>
        <time>2026-08-04T14:07:54.000Z</time>
      </trkpt>
      <trkpt lat="40.07906532861547" lon="116.34601847463631">
        <ele>44.5</ele>
        <time>2026-08-04T14:07:55.000Z</time>
      </trkpt>
      <trkpt lat="40.0790672970127" lon="116.34604925262964">
        <ele>44.5</ele>
        <time>2026-08-04T14:07:56.000Z</time>
      </trkpt>
      <trkpt lat="40.07906892803198" lon="116.3460796580831">
        <ele>44.5</ele>
        <time>2026-08-04T14:07:57.000Z</time>
      </trkpt>
      <trkpt lat="40.079070055182726" lon="116.34610943871637">
        <ele>44.5</ele>
        <time>2026-08-04T14:07:58.000Z</time>
      </trkpt>
      <trkpt lat="40.07907069556574" lon="116.34613859121035">
        <ele>44.4</ele>
        <time>2026-08-04T14:07:59.000Z</time>
      </trkpt>
      <trkpt lat="40.07907073135069" lon="116.346167237522">
        <ele>44.4</ele>
        <time>2026-08-04T14:08:00.000Z</time>
      </trkpt>
      <trkpt lat="40.079070111980265" lon="116.34619571685731">
        <ele>44.4</ele>
        <time>2026-08-04T14:08:01.000Z</time>
      </trkpt>
      <trkpt lat="40.07906918114927" lon="116.3462242993979">
        <ele>44.4</ele>
        <time>2026-08-04T14:08:02.000Z</time>
      </trkpt>
      <trkpt lat="40.079068306537486" lon="116.34625305521578">
        <ele>44.4</ele>
        <time>2026-08-04T14:08:03.000Z</time>
      </trkpt>
      <trkpt lat="40.07906756155643" lon="116.34628208599199">
        <ele>44.4</ele>
        <time>2026-08-04T14:08:04.000Z</time>
      </trkpt>
      <trkpt lat="40.079067168135104" lon="116.34631163388573">
        <ele>44.4</ele>
        <time>2026-08-04T14:08:05.000Z</time>
      </trkpt>
      <trkpt lat="40.07906731705096" lon="116.3463416906526">
        <ele>44.3</ele>
        <time>2026-08-04T14:08:06.000Z</time>
      </trkpt>
      <trkpt lat="40.07906788394746" lon="116.34637204437728">
        <ele>44.3</ele>
        <time>2026-08-04T14:08:07.000Z</time>
      </trkpt>
      <trkpt lat="40.079068735504684" lon="116.34640263516118">
        <ele>44.3</ele>
        <time>2026-08-04T14:08:08.000Z</time>
      </trkpt>
      <trkpt lat="40.07906960926424" lon="116.34643339922246">
        <ele>44.3</ele>
        <time>2026-08-04T14:08:09.000Z</time>
      </trkpt>
      <trkpt lat="40.07907030234851" lon="116.34646415453663">
        <ele>44.3</ele>
        <time>2026-08-04T14:08:10.000Z</time>
      </trkpt>
      <trkpt lat="40.079070889318366" lon="116.34649471304013">
        <ele>44.3</ele>
        <time>2026-08-04T14:08:11.000Z</time>
      </trkpt>
      <trkpt lat="40.07907146503306" lon="116.346524940576">
        <ele>44.2</ele>
        <time>2026-08-04T14:08:12.000Z</time>
      </trkpt>
      <trkpt lat="40.0790720292955" lon="116.34655478849413">
        <ele>44.2</ele>
        <time>2026-08-04T14:08:13.000Z</time>
      </trkpt>
      <trkpt lat="40.07907277679675" lon="116.34658452049452">
        <ele>44.2</ele>
        <time>2026-08-04T14:08:14.000Z</time>
      </trkpt>
      <trkpt lat="40.079073933728964" lon="116.3466145927662">
        <ele>44.2</ele>
        <time>2026-08-04T14:08:15.000Z</time>
      </trkpt>
      <trkpt lat="40.07907537364429" lon="116.34664532529082">
        <ele>44.2</ele>
        <time>2026-08-04T14:08:16.000Z</time>
      </trkpt>
      <trkpt lat="40.07907684423234" lon="116.34667658770951">
        <ele>44.2</ele>
        <time>2026-08-04T14:08:17.000Z</time>
      </trkpt>
      <trkpt lat="40.079078208685935" lon="116.34670815557854">
        <ele>44.2</ele>
        <time>2026-08-04T14:08:18.000Z</time>
      </trkpt>
      <trkpt lat="40.079079576904796" lon="116.34673981132293">
        <ele>44.2</ele>
        <time>2026-08-04T14:08:19.000Z</time>
      </trkpt>
      <trkpt lat="40.07908109790421" lon="116.34677124043489">
        <ele>44.2</ele>
        <time>2026-08-04T14:08:20.000Z</time>
      </trkpt>
      <trkpt lat="40.07908289420092" lon="116.34680240520531">
        <ele>44.2</ele>
        <time>2026-08-04T14:08:21.000Z</time>
      </trkpt>
      <trkpt lat="40.079085052571514" lon="116.34683354519248">
        <ele>44.2</ele>
        <time>2026-08-04T14:08:22.000Z</time>
      </trkpt>
      <trkpt lat="40.07908737825008" lon="116.34686491583068">
        <ele>44.2</ele>
        <time>2026-08-04T14:08:23.000Z</time>
      </trkpt>
      <trkpt lat="40.07908964227174" lon="116.34689639546738">
        <ele>44.2</ele>
        <time>2026-08-04T14:08:24.000Z</time>
      </trkpt>
      <trkpt lat="40.07909142430096" lon="116.34692754716255">
        <ele>44.2</ele>
        <time>2026-08-04T14:08:25.000Z</time>
      </trkpt>
      <trkpt lat="40.07909238869497" lon="116.34695814233305">
        <ele>44.2</ele>
        <time>2026-08-04T14:08:26.000Z</time>
      </trkpt>
      <trkpt lat="40.079092813935574" lon="116.3469881754143">
        <ele>44.2</ele>
        <time>2026-08-04T14:08:27.000Z</time>
      </trkpt>
      <trkpt lat="40.07909316051115" lon="116.34701782217029">
        <ele>44.3</ele>
        <time>2026-08-04T14:08:28.000Z</time>
      </trkpt>
      <trkpt lat="40.07909372704722" lon="116.34704738758305">
        <ele>44.3</ele>
        <time>2026-08-04T14:08:29.000Z</time>
      </trkpt>
      <trkpt lat="40.0790946461501" lon="116.34707705953325">
        <ele>44.3</ele>
        <time>2026-08-04T14:08:30.000Z</time>
      </trkpt>
      <trkpt lat="40.07909595223796" lon="116.34710689920321">
        <ele>44.3</ele>
        <time>2026-08-04T14:08:31.000Z</time>
      </trkpt>
      <trkpt lat="40.07909741172591" lon="116.34713681790471">
        <ele>44.2</ele>
        <time>2026-08-04T14:08:32.000Z</time>
      </trkpt>
      <trkpt lat="40.07909879726784" lon="116.34716678371073">
        <ele>44.2</ele>
        <time>2026-08-04T14:08:33.000Z</time>
      </trkpt>
      <trkpt lat="40.07910009808184" lon="116.3471967483357">
        <ele>44.2</ele>
        <time>2026-08-04T14:08:34.000Z</time>
      </trkpt>
      <trkpt lat="40.07910118946118" lon="116.34722650417783">
        <ele>44.2</ele>
        <time>2026-08-04T14:08:35.000Z</time>
      </trkpt>
      <trkpt lat="40.07910188123216" lon="116.34725596711088">
        <ele>44.2</ele>
        <time>2026-08-04T14:08:36.000Z</time>
      </trkpt>
      <trkpt lat="40.07910216566944" lon="116.34728528899845">
        <ele>44.2</ele>
        <time>2026-08-04T14:08:37.000Z</time>
      </trkpt>
      <trkpt lat="40.07910218114013" lon="116.34731464757368">
        <ele>44.2</ele>
        <time>2026-08-04T14:08:38.000Z</time>
      </trkpt>
      <trkpt lat="40.07910199408736" lon="116.34734414743743">
        <ele>44.2</ele>
        <time>2026-08-04T14:08:39.000Z</time>
      </trkpt>
      <trkpt lat="40.079101719108344" lon="116.34737392915665">
        <ele>44.2</ele>
        <time>2026-08-04T14:08:40.000Z</time>
      </trkpt>
      <trkpt lat="40.07910164658299" lon="116.34740415022121">
        <ele>44.2</ele>
        <time>2026-08-04T14:08:41.000Z</time>
      </trkpt>
      <trkpt lat="40.079102081565765" lon="116.34743478567425">
        <ele>44.2</ele>
        <time>2026-08-04T14:08:42.000Z</time>
      </trkpt>
      <trkpt lat="40.079102969761344" lon="116.34746555913154">
        <ele>44.3</ele>
        <time>2026-08-04T14:08:43.000Z</time>
      </trkpt>
      <trkpt lat="40.079104054094664" lon="116.34749624384546">
        <ele>44.3</ele>
        <time>2026-08-04T14:08:44.000Z</time>
      </trkpt>
      <trkpt lat="40.07910520132914" lon="116.347526643292">
        <ele>44.3</ele>
        <time>2026-08-04T14:08:45.000Z</time>
      </trkpt>
      <trkpt lat="40.079106348345746" lon="116.34755665690005">
        <ele>44.3</ele>
        <time>2026-08-04T14:08:46.000Z</time>
      </trkpt>
      <trkpt lat="40.079107472185946" lon="116.34758634200496">
        <ele>44.3</ele>
        <time>2026-08-04T14:08:47.000Z</time>
      </trkpt>
      <trkpt lat="40.07910852874422" lon="116.34761566891159">
        <ele>44.3</ele>
        <time>2026-08-04T14:08:48.000Z</time>
      </trkpt>
      <trkpt lat="40.079109431530966" lon="116.34764454890444">
        <ele>44.3</ele>
        <time>2026-08-04T14:08:49.000Z</time>
      </trkpt>
      <trkpt lat="40.07911005065085" lon="116.34767305498663">
        <ele>44.3</ele>
        <time>2026-08-04T14:08:50.000Z</time>
      </trkpt>
      <trkpt lat="40.07911037505295" lon="116.3477014147423">
        <ele>44.3</ele>
        <time>2026-08-04T14:08:51.000Z</time>
      </trkpt>
      <trkpt lat="40.07911059553633" lon="116.34772968697791">
        <ele>44.3</ele>
        <time>2026-08-04T14:08:52.000Z</time>
      </trkpt>
      <trkpt lat="40.0791109644373" lon="116.3477578231374">
        <ele>44.3</ele>
        <time>2026-08-04T14:08:53.000Z</time>
      </trkpt>
      <trkpt lat="40.0791115907114" lon="116.34778545975827">
        <ele>44.3</ele>
        <time>2026-08-04T14:08:54.000Z</time>
      </trkpt>
      <trkpt lat="40.079112235135135" lon="116.34781183065515">
        <ele>44.3</ele>
        <time>2026-08-04T14:08:55.000Z</time>
      </trkpt>
      <trkpt lat="40.07911231411374" lon="116.34783563401528">
        <ele>44.3</ele>
        <time>2026-08-04T14:08:56.000Z</time>
      </trkpt>
      <trkpt lat="40.07911141555404" lon="116.34785567867706">
        <ele>44.3</ele>
        <time>2026-08-04T14:08:57.000Z</time>
      </trkpt>
      <trkpt lat="40.079109614150006" lon="116.34787206494985">
        <ele>44.2</ele>
        <time>2026-08-04T14:08:58.000Z</time>
      </trkpt>
      <trkpt lat="40.07910719811175" lon="116.34788590088216">
        <ele>44.2</ele>
        <time>2026-08-04T14:08:59.000Z</time>
      </trkpt>
      <trkpt lat="40.07910445587255" lon="116.34789835103825">
        <ele>44.2</ele>
        <time>2026-08-04T14:09:00.000Z</time>
      </trkpt>
      <trkpt lat="40.079101596459886" lon="116.34791006453689">
        <ele>44.2</ele>
        <time>2026-08-04T14:09:01.000Z</time>
      </trkpt>
      <trkpt lat="40.07909871859678" lon="116.3479217169803">
        <ele>44.2</ele>
        <time>2026-08-04T14:09:02.000Z</time>
      </trkpt>
      <trkpt lat="40.079095867586894" lon="116.34793422111714">
        <ele>44.2</ele>
        <time>2026-08-04T14:09:03.000Z</time>
      </trkpt>
      <trkpt lat="40.07909318890415" lon="116.34794841419021">
        <ele>44.2</ele>
        <time>2026-08-04T14:09:04.000Z</time>
      </trkpt>
      <trkpt lat="40.07909107929313" lon="116.3479649465831">
        <ele>44.2</ele>
        <time>2026-08-04T14:09:05.000Z</time>
      </trkpt>
      <trkpt lat="40.079090235309444" lon="116.34798355581412">
        <ele>44.2</ele>
        <time>2026-08-04T14:09:06.000Z</time>
      </trkpt>
      <trkpt lat="40.079091275679595" lon="116.34800317586573">
        <ele>44.2</ele>
        <time>2026-08-04T14:09:07.000Z</time>
      </trkpt>
      <trkpt lat="40.07909428688275" lon="116.34802378610318">
        <ele>44.2</ele>
        <time>2026-08-04T14:09:08.000Z</time>
      </trkpt>
      <trkpt lat="40.079098836613944" lon="116.34804537402279">
        <ele>44.2</ele>
        <time>2026-08-04T14:09:09.000Z</time>
      </trkpt>
      <trkpt lat="40.079104192867725" lon="116.34806765969117">
        <ele>44.2</ele>
        <time>2026-08-04T14:09:10.000Z</time>
      </trkpt>
      <trkpt lat="40.07910965062512" lon="116.34809151057259">
        <ele>44.2</ele>
        <time>2026-08-04T14:09:11.000Z</time>
      </trkpt>
      <trkpt lat="40.079114710768046" lon="116.34811754201927">
        <ele>44.3</ele>
        <time>2026-08-04T14:09:12.000Z</time>
      </trkpt>
      <trkpt lat="40.0791192188096" lon="116.34814504280793">
        <ele>44.3</ele>
        <time>2026-08-04T14:09:13.000Z</time>
      </trkpt>
      <trkpt lat="40.07912345491872" lon="116.34817298942103">
        <ele>44.3</ele>
        <time>2026-08-04T14:09:14.000Z</time>
      </trkpt>
      <trkpt lat="40.079127653021956" lon="116.34820120730573">
        <ele>44.3</ele>
        <time>2026-08-04T14:09:15.000Z</time>
      </trkpt>
      <trkpt lat="40.07913177785962" lon="116.34823003369982">
        <ele>44.4</ele>
        <time>2026-08-04T14:09:16.000Z</time>
      </trkpt>
      <trkpt lat="40.07913573601587" lon="116.3482596615753">
        <ele>44.4</ele>
        <time>2026-08-04T14:09:17.000Z</time>
      </trkpt>
      <trkpt lat="40.07913944682631" lon="116.34829010716456">
        <ele>44.4</ele>
        <time>2026-08-04T14:09:18.000Z</time>
      </trkpt>
      <trkpt lat="40.079142786595945" lon="116.34832135972732">
        <ele>44.4</ele>
        <time>2026-08-04T14:09:19.000Z</time>
      </trkpt>
      <trkpt lat="40.07914555222336" lon="116.34835324139684">
        <ele>44.4</ele>
        <time>2026-08-04T14:09:20.000Z</time>
      </trkpt>
      <trkpt lat="40.07914771265533" lon="116.34838523050756">
        <ele>44.5</ele>
        <time>2026-08-04T14:09:21.000Z</time>
      </trkpt>
      <trkpt lat="40.0791495536603" lon="116.34841674831394">
        <ele>44.5</ele>
        <time>2026-08-04T14:09:22.000Z</time>
      </trkpt>
      <trkpt lat="40.07915140529909" lon="116.34844768596446">
        <ele>44.5</ele>
        <time>2026-08-04T14:09:23.000Z</time>
      </trkpt>
      <trkpt lat="40.079153301754154" lon="116.34847810520354">
        <ele>44.5</ele>
        <time>2026-08-04T14:09:24.000Z</time>
      </trkpt>
      <trkpt lat="40.079154992919385" lon="116.34850803596986">
        <ele>44.5</ele>
        <time>2026-08-04T14:09:25.000Z</time>
      </trkpt>
      <trkpt lat="40.079156184289324" lon="116.34853766607806">
        <ele>44.5</ele>
        <time>2026-08-04T14:09:26.000Z</time>
      </trkpt>
      <trkpt lat="40.079156874189394" lon="116.34856713315567">
        <ele>44.5</ele>
        <time>2026-08-04T14:09:27.000Z</time>
      </trkpt>
      <trkpt lat="40.079157203395106" lon="116.34859647822633">
        <ele>44.5</ele>
        <time>2026-08-04T14:09:28.000Z</time>
      </trkpt>
      <trkpt lat="40.07915745104779" lon="116.34862556972513">
        <ele>44.5</ele>
        <time>2026-08-04T14:09:29.000Z</time>
      </trkpt>
      <trkpt lat="40.07915779404406" lon="116.3486542325583">
        <ele>44.5</ele>
        <time>2026-08-04T14:09:30.000Z</time>
      </trkpt>
      <trkpt lat="40.07915804815418" lon="116.34868257076069">
        <ele>44.5</ele>
        <time>2026-08-04T14:09:31.000Z</time>
      </trkpt>
      <trkpt lat="40.079158042537856" lon="116.34871078581962">
        <ele>44.6</ele>
        <time>2026-08-04T14:09:32.000Z</time>
        <extensions>
          <gpxtpx:TrackPointExtension>
            <gpxtpx:hr>168</gpxtpx:hr>
          </gpxtpx:TrackPointExtension>
        </extensions>
      </trkpt>
      <trkpt lat="40.07915778075493" lon="116.34873910940662">
        <ele>44.6</ele>
        <time>2026-08-04T14:09:33.000Z</time>
        <extensions>
          <gpxtpx:TrackPointExtension>
            <gpxtpx:hr>168</gpxtpx:hr>
          </gpxtpx:TrackPointExtension>
        </extensions>
      </trkpt>
      <trkpt lat="40.07915762659066" lon="116.34876786232529">
        <ele>44.6</ele>
        <time>2026-08-04T14:09:34.000Z</time>
        <extensions>
          <gpxtpx:TrackPointExtension>
            <gpxtpx:hr>168</gpxtpx:hr>
          </gpxtpx:TrackPointExtension>
        </extensions>
      </trkpt>
      <trkpt lat="40.079157987426164" lon="116.34879719427404">
        <ele>44.6</ele>
        <time>2026-08-04T14:09:35.000Z</time>
        <extensions>
          <gpxtpx:TrackPointExtension>
            <gpxtpx:hr>168</gpxtpx:hr>
          </gpxtpx:TrackPointExtension>
        </extensions>
      </trkpt>
      <trkpt lat="40.07915882496371" lon="116.3488268906334">
        <ele>44.6</ele>
        <time>2026-08-04T14:09:36.000Z</time>
        <extensions>
          <gpxtpx:TrackPointExtension>
            <gpxtpx:hr>168</gpxtpx:hr>
          </gpxtpx:TrackPointExtension>
        </extensions>
      </trkpt>
      <trkpt lat="40.07915985777574" lon="116.34885672415645">
        <ele>44.6</ele>
        <time>2026-08-04T14:09:37.000Z</time>
        <extensions>
          <gpxtpx:TrackPointExtension>
            <gpxtpx:hr>168</gpxtpx:hr>
          </gpxtpx:TrackPointExtension>
        </extensions>
      </trkpt>
      <trkpt lat="40.07916067730804" lon="116.34888669732474">
        <ele>44.7</ele>
        <time>2026-08-04T14:09:38.000Z</time>
        <extensions>
          <gpxtpx:TrackPointExtension>
            <gpxtpx:hr>168</gpxtpx:hr>
          </gpxtpx:TrackPointExtension>
        </extensions>
      </trkpt>
      <trkpt lat="40.07916091430684" lon="116.34891672262482">
        <ele>44.6</ele>
        <time>2026-08-04T14:09:39.000Z</time>
        <extensions>
          <gpxtpx:TrackPointExtension>
            <gpxtpx:hr>168</gpxtpx:hr>
          </gpxtpx:TrackPointExtension>
        </extensions>
      </trkpt>
      <trkpt lat="40.0791607741413" lon="116.34894662761185">
        <ele>44.6</ele>
        <time>2026-08-04T14:09:40.000Z</time>
        <extensions>
          <gpxtpx:TrackPointExtension>
            <gpxtpx:hr>168</gpxtpx:hr>
          </gpxtpx:TrackPointExtension>
        </extensions>
      </trkpt>
      <trkpt lat="40.079160670762924" lon="116.34897635636526">
        <ele>44.6</ele>
        <time>2026-08-04T14:09:41.000Z</time>
        <extensions>
          <gpxtpx:TrackPointExtension>
            <gpxtpx:hr>168</gpxtpx:hr>
          </gpxtpx:TrackPointExtension>
        </extensions>
      </trkpt>
      <trkpt lat="40.079160867656704" lon="116.34900600123129">
        <ele>44.6</ele>
        <time>2026-08-04T14:09:42.000Z</time>
        <extensions>
          <gpxtpx:TrackPointExtension>
            <gpxtpx:hr>168</gpxtpx:hr>
          </gpxtpx:TrackPointExtension>
        </extensions>
      </trkpt>
      <trkpt lat="40.07916141755782" lon="116.34903573063457">
        <ele>44.6</ele>
        <time>2026-08-04T14:09:43.000Z</time>
        <extensions>
          <gpxtpx:TrackPointExtension>
            <gpxtpx:hr>168</gpxtpx:hr>
          </gpxtpx:TrackPointExtension>
        </extensions>
      </trkpt>
      <trkpt lat="40.0791621846967" lon="116.34906553905434">
        <ele>44.6</ele>
        <time>2026-08-04T14:09:44.000Z</time>
        <extensions>
          <gpxtpx:TrackPointExtension>
            <gpxtpx:hr>168</gpxtpx:hr>
          </gpxtpx:TrackPointExtension>
        </extensions>
      </trkpt>
      <trkpt lat="40.07916308683717" lon="116.34909520615071">
        <ele>44.6</ele>
        <time>2026-08-04T14:09:45.000Z</time>
        <extensions>
          <gpxtpx:TrackPointExtension>
            <gpxtpx:hr>168</gpxtpx:hr>
          </gpxtpx:TrackPointExtension>
        </extensions>
      </trkpt>
      <trkpt lat="40.07916441897389" lon="116.34912470342711">
        <ele>44.6</ele>
        <time>2026-08-04T14:09:46.000Z</time>
        <extensions>
          <gpxtpx:TrackPointExtension>
            <gpxtpx:hr>168</gpxtpx:hr>
          </gpxtpx:TrackPointExtension>
        </extensions>
      </trkpt>
      <trkpt lat="40.07916647800345" lon="116.34915425409457">
        <ele>44.6</ele>
        <time>2026-08-04T14:09:47.000Z</time>
        <extensions>
          <gpxtpx:TrackPointExtension>
            <gpxtpx:hr>168</gpxtpx:hr>
          </gpxtpx:TrackPointExtension>
        </extensions>
      </trkpt>
      <trkpt lat="40.07916897412056" lon="116.34918401889747">
        <ele>44.6</ele>
        <time>2026-08-04T14:09:48.000Z</time>
        <extensions>
          <gpxtpx:TrackPointExtension>
            <gpxtpx:hr>168</gpxtpx:hr>
          </gpxtpx:TrackPointExtension>
        </extensions>
      </trkpt>
      <trkpt lat="40.079171434217436" lon="116.34921390872873">
        <ele>44.5</ele>
        <time>2026-08-04T14:09:49.000Z</time>
        <extensions>
          <gpxtpx:TrackPointExtension>
            <gpxtpx:hr>168</gpxtpx:hr>
          </gpxtpx:TrackPointExtension>
        </extensions>
      </trkpt>
      <trkpt lat="40.079173556527444" lon="116.34924357804151">
        <ele>44.5</ele>
        <time>2026-08-04T14:09:50.000Z</time>
        <extensions>
          <gpxtpx:TrackPointExtension>
            <gpxtpx:hr>168</gpxtpx:hr>
          </gpxtpx:TrackPointExtension>
        </extensions>
      </trkpt>
      <trkpt lat="40.0791752963733" lon="116.34927271423939">
        <ele>44.5</ele>
        <time>2026-08-04T14:09:51.000Z</time>
        <extensions>
          <gpxtpx:TrackPointExtension>
            <gpxtpx:hr>168</gpxtpx:hr>
          </gpxtpx:TrackPointExtension>
        </extensions>
      </trkpt>
      <trkpt lat="40.07917651103851" lon="116.34930117592282">
        <ele>44.5</ele>
        <time>2026-08-04T14:09:52.000Z</time>
        <extensions>
          <gpxtpx:TrackPointExtension>
            <gpxtpx:hr>168</gpxtpx:hr>
          </gpxtpx:TrackPointExtension>
        </extensions>
      </trkpt>
      <trkpt lat="40.07917686413439" lon="116.3493290835117">
        <ele>44.6</ele>
        <time>2026-08-04T14:09:53.000Z</time>
        <extensions>
          <gpxtpx:TrackPointExtension>
            <gpxtpx:hr>168</gpxtpx:hr>
          </gpxtpx:TrackPointExtension>
        </extensions>
      </trkpt>
      <trkpt lat="40.07917613560618" lon="116.34935684791942">
        <ele>44.6</ele>
        <time>2026-08-04T14:09:54.000Z</time>
        <extensions>
          <gpxtpx:TrackPointExtension>
            <gpxtpx:hr>168</gpxtpx:hr>
          </gpxtpx:TrackPointExtension>
        </extensions>
      </trkpt>
      <trkpt lat="40.0791743395626" lon="116.3493848532202">
        <ele>44.6</ele>
        <time>2026-08-04T14:09:55.000Z</time>
        <extensions>
          <gpxtpx:TrackPointExtension>
            <gpxtpx:hr>168</gpxtpx:hr>
          </gpxtpx:TrackPointExtension>
        </extensions>
      </trkpt>
      <trkpt lat="40.07917172163881" lon="116.3494132762351">
        <ele>44.6</ele>
        <time>2026-08-04T14:09:56.000Z</time>
        <extensions>
          <gpxtpx:TrackPointExtension>
            <gpxtpx:hr>168</gpxtpx:hr>
          </gpxtpx:TrackPointExtension>
        </extensions>
      </trkpt>
      <trkpt lat="40.079168869280984" lon="116.34944209136899">
        <ele>44.6</ele>
        <time>2026-08-04T14:09:57.000Z</time>
        <extensions>
          <gpxtpx:TrackPointExtension>
            <gpxtpx:hr>168</gpxtpx:hr>
          </gpxtpx:TrackPointExtension>
        </extensions>
      </trkpt>
      <trkpt lat="40.07916639004444" lon="116.34947135945434">
        <ele>44.6</ele>
        <time>2026-08-04T14:09:58.000Z</time>
        <extensions>
          <gpxtpx:TrackPointExtension>
            <gpxtpx:hr>168</gpxtpx:hr>
          </gpxtpx:TrackPointExtension>
        </extensions>
      </trkpt>
      <trkpt lat="40.0791646271058" lon="116.34950114228342">
        <ele>44.6</ele>
        <time>2026-08-04T14:09:59.000Z</time>
        <extensions>
          <gpxtpx:TrackPointExtension>
            <gpxtpx:hr>168</gpxtpx:hr>
          </gpxtpx:TrackPointExtension>
        </extensions>
      </trkpt>
      <trkpt lat="40.07916373921035" lon="116.3495313085133">
        <ele>44.6</ele>
        <time>2026-08-04T14:10:00.000Z</time>
        <extensions>
          <gpxtpx:TrackPointExtension>
            <gpxtpx:hr>168</gpxtpx:hr>
          </gpxtpx:TrackPointExtension>
        </extensions>
      </trkpt>
      <trkpt lat="40.07916357639193" lon="116.34956167958127">
        <ele>44.6</ele>
        <time>2026-08-04T14:10:01.000Z</time>
        <extensions>
          <gpxtpx:TrackPointExtension>
            <gpxtpx:hr>168</gpxtpx:hr>
          </gpxtpx:TrackPointExtension>
        </extensions>
      </trkpt>
      <trkpt lat="40.079164009936925" lon="116.34959206234043">
        <ele>44.6</ele>
        <time>2026-08-04T14:10:02.000Z</time>
      </trkpt>
      <trkpt lat="40.07916495532797" lon="116.349622331709">
        <ele>44.6</ele>
        <time>2026-08-04T14:10:03.000Z</time>
      </trkpt>
      <trkpt lat="40.07916613265755" lon="116.34965256848119">
        <ele>44.6</ele>
        <time>2026-08-04T14:10:04.000Z</time>
      </trkpt>
      <trkpt lat="40.07916755618648" lon="116.34968302329133">
        <ele>44.6</ele>
        <time>2026-08-04T14:10:05.000Z</time>
      </trkpt>
      <trkpt lat="40.079169429040086" lon="116.34971375657872">
        <ele>44.6</ele>
        <time>2026-08-04T14:10:06.000Z</time>
      </trkpt>
      <trkpt lat="40.07917167936502" lon="116.34974461678087">
        <ele>44.6</ele>
        <time>2026-08-04T14:10:07.000Z</time>
      </trkpt>
      <trkpt lat="40.079174016413354" lon="116.34977557571102">
        <ele>44.6</ele>
        <time>2026-08-04T14:10:08.000Z</time>
      </trkpt>
      <trkpt lat="40.07917641821823" lon="116.34980662484553">
        <ele>44.6</ele>
        <time>2026-08-04T14:10:09.000Z</time>
      </trkpt>
      <trkpt lat="40.07917912239154" lon="116.34983776119977">
        <ele>44.6</ele>
        <time>2026-08-04T14:10:10.000Z</time>
      </trkpt>
      <trkpt lat="40.079182221430656" lon="116.3498689596077">
        <ele>44.6</ele>
        <time>2026-08-04T14:10:11.000Z</time>
      </trkpt>
      <trkpt lat="40.07918577614109" lon="116.34990002366203">
        <ele>44.6</ele>
        <time>2026-08-04T14:10:12.000Z</time>
      </trkpt>
      <trkpt lat="40.07918967342126" lon="116.34993054739452">
        <ele>44.6</ele>
        <time>2026-08-04T14:10:13.000Z</time>
      </trkpt>
      <trkpt lat="40.07919341886269" lon="116.34996030946057">
        <ele>44.6</ele>
        <time>2026-08-04T14:10:14.000Z</time>
      </trkpt>
      <trkpt lat="40.07919660484883" lon="116.34998927199594">
        <ele>44.6</ele>
        <time>2026-08-04T14:10:15.000Z</time>
      </trkpt>
      <trkpt lat="40.07919920054432" lon="116.35001737060679">
        <ele>44.6</ele>
        <time>2026-08-04T14:10:16.000Z</time>
      </trkpt>
      <trkpt lat="40.07920129076443" lon="116.35004483451313">
        <ele>44.6</ele>
        <time>2026-08-04T14:10:17.000Z</time>
      </trkpt>
      <trkpt lat="40.07920293699387" lon="116.35007201239304">
        <ele>44.6</ele>
        <time>2026-08-04T14:10:18.000Z</time>
      </trkpt>
      <trkpt lat="40.07920433988212" lon="116.35009921527788">
        <ele>44.6</ele>
        <time>2026-08-04T14:10:19.000Z</time>
      </trkpt>
      <trkpt lat="40.07920586255053" lon="116.35012667367943">
        <ele>44.6</ele>
        <time>2026-08-04T14:10:20.000Z</time>
      </trkpt>
      <trkpt lat="40.07920757169866" lon="116.35015455333117">
        <ele>44.6</ele>
        <time>2026-08-04T14:10:21.000Z</time>
      </trkpt>
      <trkpt lat="40.07920927784088" lon="116.35018297175169">
        <ele>44.6</ele>
        <time>2026-08-04T14:10:22.000Z</time>
      </trkpt>
      <trkpt lat="40.07921094279474" lon="116.35021205574722">
        <ele>44.6</ele>
        <time>2026-08-04T14:10:23.000Z</time>
      </trkpt>
      <trkpt lat="40.079212599106064" lon="116.35024175179858">
        <ele>44.6</ele>
        <time>2026-08-04T14:10:24.000Z</time>
      </trkpt>
      <trkpt lat="40.079214386039105" lon="116.35027168241879">
        <ele>44.6</ele>
        <time>2026-08-04T14:10:25.000Z</time>
      </trkpt>
      <trkpt lat="40.07921609156997" lon="116.35030158109869">
        <ele>44.5</ele>
        <time>2026-08-04T14:10:26.000Z</time>
      </trkpt>
      <trkpt lat="40.07921719415898" lon="116.35033134793358">
        <ele>44.5</ele>
        <time>2026-08-04T14:10:27.000Z</time>
      </trkpt>
      <trkpt lat="40.07921774403093" lon="116.35036084553215">
        <ele>44.5</ele>
        <time>2026-08-04T14:10:28.000Z</time>
      </trkpt>
      <trkpt lat="40.079218167883326" lon="116.35038994027101">
        <ele>44.5</ele>
        <time>2026-08-04T14:10:29.000Z</time>
      </trkpt>
      <trkpt lat="40.07921871495187" lon="116.35041871021727">
        <ele>44.5</ele>
        <time>2026-08-04T14:10:30.000Z</time>
      </trkpt>
      <trkpt lat="40.07921963406672" lon="116.35044743033647">
        <ele>44.5</ele>
        <time>2026-08-04T14:10:31.000Z</time>
      </trkpt>
      <trkpt lat="40.079221125077886" lon="116.3504762305726">
        <ele>44.5</ele>
        <time>2026-08-04T14:10:32.000Z</time>
      </trkpt>
      <trkpt lat="40.07922308074263" lon="116.3505049787907">
        <ele>44.4</ele>
        <time>2026-08-04T14:10:33.000Z</time>
      </trkpt>
      <trkpt lat="40.0792252015845" lon="116.35053358218917">
        <ele>44.4</ele>
        <time>2026-08-04T14:10:34.000Z</time>
      </trkpt>
      <trkpt lat="40.07922726448975" lon="116.35056197637064">
        <ele>44.4</ele>
        <time>2026-08-04T14:10:35.000Z</time>
      </trkpt>
      <trkpt lat="40.07922912646519" lon="116.35059030034527">
        <ele>44.4</ele>
        <time>2026-08-04T14:10:36.000Z</time>
      </trkpt>
      <trkpt lat="40.07923053186549" lon="116.35061886226791">
        <ele>44.4</ele>
        <time>2026-08-04T14:10:37.000Z</time>
      </trkpt>
      <trkpt lat="40.079231463294086" lon="116.35064792974191">
        <ele>44.4</ele>
        <time>2026-08-04T14:10:38.000Z</time>
      </trkpt>
      <trkpt lat="40.079232224304675" lon="116.35067757583082">
        <ele>44.4</ele>
        <time>2026-08-04T14:10:39.000Z</time>
      </trkpt>
      <trkpt lat="40.079233204793724" lon="116.3507075412815">
        <ele>44.4</ele>
        <time>2026-08-04T14:10:40.000Z</time>
      </trkpt>
      <trkpt lat="40.07923474030188" lon="116.3507375347013">
        <ele>44.4</ele>
        <time>2026-08-04T14:10:41.000Z</time>
      </trkpt>
      <trkpt lat="40.07923668866898" lon="116.350767259194">
        <ele>44.4</ele>
        <time>2026-08-04T14:10:42.000Z</time>
      </trkpt>
      <trkpt lat="40.079238447749425" lon="116.3507963046186">
        <ele>44.4</ele>
        <time>2026-08-04T14:10:43.000Z</time>
      </trkpt>
      <trkpt lat="40.07923952690101" lon="116.35082442159325">
        <ele>44.4</ele>
        <time>2026-08-04T14:10:44.000Z</time>
      </trkpt>
      <trkpt lat="40.0792398290341" lon="116.35085181646386">
        <ele>44.4</ele>
        <time>2026-08-04T14:10:45.000Z</time>
      </trkpt>
      <trkpt lat="40.07923954698013" lon="116.35087893826778">
        <ele>44.4</ele>
        <time>2026-08-04T14:10:46.000Z</time>
      </trkpt>
      <trkpt lat="40.079238993386895" lon="116.35090622535957">
        <ele>44.3</ele>
        <time>2026-08-04T14:10:47.000Z</time>
      </trkpt>
      <trkpt lat="40.07923828460416" lon="116.35093411442284">
        <ele>44.3</ele>
        <time>2026-08-04T14:10:48.000Z</time>
      </trkpt>
      <trkpt lat="40.07923730731235" lon="116.35096280145993">
        <ele>44.3</ele>
        <time>2026-08-04T14:10:49.000Z</time>
      </trkpt>
      <trkpt lat="40.079236066255724" lon="116.35099205852894">
        <ele>44.3</ele>
        <time>2026-08-04T14:10:50.000Z</time>
      </trkpt>
      <trkpt lat="40.07923473333817" lon="116.35102144958792">
        <ele>44.3</ele>
        <time>2026-08-04T14:10:51.000Z</time>
      </trkpt>
      <trkpt lat="40.0792334359051" lon="116.35105073532436">
        <ele>44.3</ele>
        <time>2026-08-04T14:10:52.000Z</time>
      </trkpt>
      <trkpt lat="40.079232150457045" lon="116.35107994114199">
        <ele>44.3</ele>
        <time>2026-08-04T14:10:53.000Z</time>
      </trkpt>
      <trkpt lat="40.07923083473029" lon="116.35110923514009">
        <ele>44.3</ele>
        <time>2026-08-04T14:10:54.000Z</time>
      </trkpt>
      <trkpt lat="40.07922943972241" lon="116.35113874335266">
        <ele>44.3</ele>
        <time>2026-08-04T14:10:55.000Z</time>
      </trkpt>
      <trkpt lat="40.07922811056172" lon="116.35116856063517">
        <ele>44.3</ele>
        <time>2026-08-04T14:10:56.000Z</time>
      </trkpt>
      <trkpt lat="40.07922729694591" lon="116.35119875828919">
        <ele>44.3</ele>
        <time>2026-08-04T14:10:57.000Z</time>
      </trkpt>
      <trkpt lat="40.079227378269515" lon="116.35122917878508">
        <ele>44.3</ele>
        <time>2026-08-04T14:10:58.000Z</time>
      </trkpt>
      <trkpt lat="40.07922842940394" lon="116.3512595070225">
        <ele>44.3</ele>
        <time>2026-08-04T14:10:59.000Z</time>
      </trkpt>
      <trkpt lat="40.07923015364504" lon="116.35128956185247">
        <ele>44.3</ele>
        <time>2026-08-04T14:11:00.000Z</time>
      </trkpt>
      <trkpt lat="40.07923227751834" lon="116.3513193714384">
        <ele>44.3</ele>
        <time>2026-08-04T14:11:01.000Z</time>
      </trkpt>
      <trkpt lat="40.07923482523467" lon="116.35134891442253">
        <ele>44.3</ele>
        <time>2026-08-04T14:11:02.000Z</time>
      </trkpt>
      <trkpt lat="40.07923769325337" lon="116.35137826402456">
        <ele>44.3</ele>
        <time>2026-08-04T14:11:03.000Z</time>
      </trkpt>
      <trkpt lat="40.07924065300159" lon="116.35140758834311">
        <ele>44.3</ele>
        <time>2026-08-04T14:11:04.000Z</time>
      </trkpt>
      <trkpt lat="40.079243549289416" lon="116.35143708498943">
        <ele>44.3</ele>
        <time>2026-08-04T14:11:05.000Z</time>
      </trkpt>
      <trkpt lat="40.07924635104956" lon="116.35146702334562">
        <ele>44.3</ele>
        <time>2026-08-04T14:11:06.000Z</time>
      </trkpt>
      <trkpt lat="40.07924917340367" lon="116.35149752847114">
        <ele>44.3</ele>
        <time>2026-08-04T14:11:07.000Z</time>
      </trkpt>
      <trkpt lat="40.07925204174845" lon="116.35152834841745">
        <ele>44.2</ele>
        <time>2026-08-04T14:11:08.000Z</time>
      </trkpt>
      <trkpt lat="40.079254767088" lon="116.35155906959479">
        <ele>44.2</ele>
        <time>2026-08-04T14:11:09.000Z</time>
      </trkpt>
      <trkpt lat="40.0792571024368" lon="116.35158954847873">
        <ele>44.2</ele>
        <time>2026-08-04T14:11:10.000Z</time>
      </trkpt>
      <trkpt lat="40.07925901683492" lon="116.35161977993621">
        <ele>44.2</ele>
        <time>2026-08-04T14:11:11.000Z</time>
      </trkpt>
      <trkpt lat="40.07926058462861" lon="116.35164950583157">
        <ele>44.2</ele>
        <time>2026-08-04T14:11:12.000Z</time>
      </trkpt>
      <trkpt lat="40.07926164113666" lon="116.3516781613126">
        <ele>44.2</ele>
        <time>2026-08-04T14:11:13.000Z</time>
      </trkpt>
      <trkpt lat="40.079261925339814" lon="116.35170532539101">
        <ele>44.1</ele>
        <time>2026-08-04T14:11:14.000Z</time>
      </trkpt>
      <trkpt lat="40.079261419432314" lon="116.35173135207113">
        <ele>44.1</ele>
        <time>2026-08-04T14:11:15.000Z</time>
      </trkpt>
      <trkpt lat="40.07926020207513" lon="116.35175695682882">
        <ele>44.1</ele>
        <time>2026-08-04T14:11:16.000Z</time>
      </trkpt>
      <trkpt lat="40.07925820789489" lon="116.35178247878498">
        <ele>44.1</ele>
        <time>2026-08-04T14:11:17.000Z</time>
      </trkpt>
      <trkpt lat="40.07925516184718" lon="116.35180783269243">
        <ele>44.1</ele>
        <time>2026-08-04T14:11:18.000Z</time>
      </trkpt>
      <trkpt lat="40.07925058339145" lon="116.3518328545323">
        <ele>44.1</ele>
        <time>2026-08-04T14:11:19.000Z</time>
      </trkpt>
      <trkpt lat="40.07924392996885" lon="116.35185726960532">
        <ele>44.1</ele>
        <time>2026-08-04T14:11:20.000Z</time>
      </trkpt>
      <trkpt lat="40.079234576529124" lon="116.35188047905277">
        <ele>44.1</ele>
        <time>2026-08-04T14:11:21.000Z</time>
      </trkpt>
      <trkpt lat="40.079221899174215" lon="116.35190163975227">
        <ele>44.0</ele>
        <time>2026-08-04T14:11:22.000Z</time>
      </trkpt>
      <trkpt lat="40.07920580717966" lon="116.35191980484164">
        <ele>44.1</ele>
        <time>2026-08-04T14:11:23.000Z</time>
      </trkpt>
      <trkpt lat="40.079186814271466" lon="116.35193422170602">
        <ele>44.1</ele>
        <time>2026-08-04T14:11:24.000Z</time>
      </trkpt>
      <trkpt lat="40.07916558764243" lon="116.35194472927984">
        <ele>44.1</ele>
        <time>2026-08-04T14:11:25.000Z</time>
      </trkpt>
      <trkpt lat="40.079142736364496" lon="116.35195190155582">
        <ele>44.1</ele>
        <time>2026-08-04T14:11:26.000Z</time>
      </trkpt>
      <trkpt lat="40.079118592049404" lon="116.351956742453">
        <ele>44.0</ele>
        <time>2026-08-04T14:11:27.000Z</time>
      </trkpt>
      <trkpt lat="40.0790935024162" lon="116.35196013694194">
        <ele>44.0</ele>
        <time>2026-08-04T14:11:28.000Z</time>
      </trkpt>
      <trkpt lat="40.07906805681348" lon="116.35196271671781">
        <ele>44.0</ele>
        <time>2026-08-04T14:11:29.000Z</time>
      </trkpt>
      <trkpt lat="40.07904272354975" lon="116.35196488925862">
        <ele>44.0</ele>
        <time>2026-08-04T14:11:30.000Z</time>
      </trkpt>
      <trkpt lat="40.07901760834627" lon="116.35196678330566">
        <ele>44.0</ele>
        <time>2026-08-04T14:11:31.000Z</time>
      </trkpt>
      <trkpt lat="40.07899261151963" lon="116.35196839627811">
        <ele>44.0</ele>
        <time>2026-08-04T14:11:32.000Z</time>
      </trkpt>
      <trkpt lat="40.07896767088747" lon="116.35196989788096">
        <ele>44.0</ele>
        <time>2026-08-04T14:11:33.000Z</time>
      </trkpt>
      <trkpt lat="40.07894272936603" lon="116.3519713928146">
        <ele>44.0</ele>
        <time>2026-08-04T14:11:34.000Z</time>
      </trkpt>
      <trkpt lat="40.078917694903915" lon="116.35197283568306">
        <ele>44.0</ele>
        <time>2026-08-04T14:11:35.000Z</time>
      </trkpt>
      <trkpt lat="40.07889257229161" lon="116.3519741998351">
        <ele>43.9</ele>
        <time>2026-08-04T14:11:36.000Z</time>
      </trkpt>
      <trkpt lat="40.078867427783265" lon="116.35197541079813">
        <ele>43.9</ele>
        <time>2026-08-04T14:11:37.000Z</time>
      </trkpt>
      <trkpt lat="40.078842292790725" lon="116.35197647592578">
        <ele>43.9</ele>
        <time>2026-08-04T14:11:38.000Z</time>
      </trkpt>
      <trkpt lat="40.07881728644607" lon="116.3519773117654">
        <ele>43.9</ele>
        <time>2026-08-04T14:11:39.000Z</time>
      </trkpt>
      <trkpt lat="40.07879241826905" lon="116.35197771953291">
        <ele>43.9</ele>
        <time>2026-08-04T14:11:40.000Z</time>
      </trkpt>
      <trkpt lat="40.07876768015814" lon="116.3519776581554">
        <ele>44.0</ele>
        <time>2026-08-04T14:11:41.000Z</time>
      </trkpt>
      <trkpt lat="40.07874310545135" lon="116.35197718719971">
        <ele>44.0</ele>
        <time>2026-08-04T14:11:42.000Z</time>
      </trkpt>
      <trkpt lat="40.07871868189765" lon="116.35197647609004">
        <ele>44.0</ele>
        <time>2026-08-04T14:11:43.000Z</time>
      </trkpt>
      <trkpt lat="40.07869457513672" lon="116.35197585811838">
        <ele>44.0</ele>
        <time>2026-08-04T14:11:44.000Z</time>
      </trkpt>
      <trkpt lat="40.078671046445656" lon="116.35197572484626">
        <ele>44.0</ele>
        <time>2026-08-04T14:11:45.000Z</time>
      </trkpt>
      <trkpt lat="40.07864812790334" lon="116.35197628880886">
        <ele>44.0</ele>
        <time>2026-08-04T14:11:46.000Z</time>
      </trkpt>
      <trkpt lat="40.078625642950705" lon="116.35197746515598">
        <ele>44.0</ele>
        <time>2026-08-04T14:11:47.000Z</time>
      </trkpt>
      <trkpt lat="40.078603388328865" lon="116.35197900162012">
        <ele>44.0</ele>
        <time>2026-08-04T14:11:48.000Z</time>
      </trkpt>
      <trkpt lat="40.07858117516303" lon="116.35198091216164">
        <ele>44.0</ele>
        <time>2026-08-04T14:11:49.000Z</time>
      </trkpt>
      <trkpt lat="40.07855895846897" lon="116.35198329099731">
        <ele>44.0</ele>
        <time>2026-08-04T14:11:50.000Z</time>
      </trkpt>
      <trkpt lat="40.07853680390037" lon="116.3519858313873">
        <ele>44.1</ele>
        <time>2026-08-04T14:11:51.000Z</time>
      </trkpt>
      <trkpt lat="40.07851487877215" lon="116.35198808043675">
        <ele>44.1</ele>
        <time>2026-08-04T14:11:52.000Z</time>
      </trkpt>
      <trkpt lat="40.078493401131155" lon="116.35198974454133">
        <ele>44.1</ele>
        <time>2026-08-04T14:11:53.000Z</time>
      </trkpt>
      <trkpt lat="40.0784721486919" lon="116.35199094361144">
        <ele>44.1</ele>
        <time>2026-08-04T14:11:54.000Z</time>
      </trkpt>
      <trkpt lat="40.07845068860234" lon="116.35199217481187">
        <ele>44.1</ele>
        <time>2026-08-04T14:11:55.000Z</time>
      </trkpt>
      <trkpt lat="40.07842901749558" lon="116.35199413043469">
        <ele>44.1</ele>
        <time>2026-08-04T14:11:56.000Z</time>
      </trkpt>
      <trkpt lat="40.078407401494275" lon="116.35199739100085">
        <ele>44.1</ele>
        <time>2026-08-04T14:11:57.000Z</time>
      </trkpt>
      <trkpt lat="40.07838609819721" lon="116.3520021526597">
        <ele>44.1</ele>
        <time>2026-08-04T14:11:58.000Z</time>
      </trkpt>
      <trkpt lat="40.07836512172278" lon="116.35200832650095">
        <ele>44.1</ele>
        <time>2026-08-04T14:11:59.000Z</time>
      </trkpt>
      <trkpt lat="40.078344142582864" lon="116.35201582067347">
        <ele>44.1</ele>
        <time>2026-08-04T14:12:00.000Z</time>
      </trkpt>
      <trkpt lat="40.078323027645204" lon="116.35202426781548">
        <ele>44.1</ele>
        <time>2026-08-04T14:12:01.000Z</time>
      </trkpt>
      <trkpt lat="40.07830187260681" lon="116.35203279129739">
        <ele>44.1</ele>
        <time>2026-08-04T14:12:02.000Z</time>
      </trkpt>
      <trkpt lat="40.0782806118875" lon="116.35204048123595">
        <ele>44.1</ele>
        <time>2026-08-04T14:12:03.000Z</time>
      </trkpt>
      <trkpt lat="40.07825909484977" lon="116.35204685734942">
        <ele>44.1</ele>
        <time>2026-08-04T14:12:04.000Z</time>
      </trkpt>
      <trkpt lat="40.078237272535304" lon="116.35205193458198">
        <ele>44.1</ele>
        <time>2026-08-04T14:12:05.000Z</time>
      </trkpt>
      <trkpt lat="40.07821519118267" lon="116.35205592081427">
        <ele>44.1</ele>
        <time>2026-08-04T14:12:06.000Z</time>
      </trkpt>
      <trkpt lat="40.07819297065976" lon="116.35205897025249">
        <ele>44.1</ele>
        <time>2026-08-04T14:12:07.000Z</time>
      </trkpt>
      <trkpt lat="40.07817073147334" lon="116.35206139755678">
        <ele>44.1</ele>
        <time>2026-08-04T14:12:08.000Z</time>
      </trkpt>
      <trkpt lat="40.078148433764" lon="116.35206363946449">
        <ele>44.1</ele>
        <time>2026-08-04T14:12:09.000Z</time>
      </trkpt>
      <trkpt lat="40.078125911680246" lon="116.35206601011747">
        <ele>44.1</ele>
        <time>2026-08-04T14:12:10.000Z</time>
      </trkpt>
      <trkpt lat="40.078103050655066" lon="116.35206868160671">
        <ele>44.1</ele>
        <time>2026-08-04T14:12:11.000Z</time>
      </trkpt>
      <trkpt lat="40.078080054748725" lon="116.35207156509018">
        <ele>44.1</ele>
        <time>2026-08-04T14:12:12.000Z</time>
      </trkpt>
      <trkpt lat="40.078057317127595" lon="116.35207448901738">
        <ele>44.1</ele>
        <time>2026-08-04T14:12:13.000Z</time>
      </trkpt>
      <trkpt lat="40.07803508352425" lon="116.3520774640203">
        <ele>44.1</ele>
        <time>2026-08-04T14:12:14.000Z</time>
      </trkpt>
      <trkpt lat="40.07801350567636" lon="116.35208060842545">
        <ele>44.1</ele>
        <time>2026-08-04T14:12:15.000Z</time>
      </trkpt>
      <trkpt lat="40.07799272706544" lon="116.35208391906988">
        <ele>44.1</ele>
        <time>2026-08-04T14:12:16.000Z</time>
      </trkpt>
      <trkpt lat="40.0779724497322" lon="116.35208744073252">
        <ele>44.1</ele>
        <time>2026-08-04T14:12:17.000Z</time>
      </trkpt>
      <trkpt lat="40.07795203286306" lon="116.3520913260344">
        <ele>44.0</ele>
        <time>2026-08-04T14:12:18.000Z</time>
      </trkpt>
      <trkpt lat="40.07793128634089" lon="116.35209547681288">
        <ele>44.0</ele>
        <time>2026-08-04T14:12:19.000Z</time>
      </trkpt>
      <trkpt lat="40.07791036671435" lon="116.35209954512122">
        <ele>44.0</ele>
        <time>2026-08-04T14:12:20.000Z</time>
      </trkpt>
      <trkpt lat="40.07788928364121" lon="116.35210299462507">
        <ele>44.0</ele>
        <time>2026-08-04T14:12:21.000Z</time>
      </trkpt>
      <trkpt lat="40.07786792499068" lon="116.3521052901752">
        <ele>44.0</ele>
        <time>2026-08-04T14:12:22.000Z</time>
      </trkpt>
      <trkpt lat="40.077846283918184" lon="116.35210645059075">
        <ele>44.0</ele>
        <time>2026-08-04T14:12:23.000Z</time>
      </trkpt>
      <trkpt lat="40.07782446930418" lon="116.35210701871723">
        <ele>44.0</ele>
        <time>2026-08-04T14:12:24.000Z</time>
      </trkpt>
      <trkpt lat="40.077802519689016" lon="116.35210756462375">
        <ele>44.0</ele>
        <time>2026-08-04T14:12:25.000Z</time>
      </trkpt>
      <trkpt lat="40.077780385519134" lon="116.35210853687369">
        <ele>44.0</ele>
        <time>2026-08-04T14:12:26.000Z</time>
      </trkpt>
      <trkpt lat="40.07775813700639" lon="116.35210980778749">
        <ele>44.0</ele>
        <time>2026-08-04T14:12:27.000Z</time>
      </trkpt>
      <trkpt lat="40.07773594096212" lon="116.3521110112347">
        <ele>44.0</ele>
        <time>2026-08-04T14:12:28.000Z</time>
      </trkpt>
      <trkpt lat="40.07771396881177" lon="116.35211214670133">
        <ele>44.0</ele>
        <time>2026-08-04T14:12:29.000Z</time>
      </trkpt>
      <trkpt lat="40.07769235673378" lon="116.35211335037853">
        <ele>44.0</ele>
        <time>2026-08-04T14:12:30.000Z</time>
      </trkpt>
      <trkpt lat="40.077671183317285" lon="116.35211474476576">
        <ele>44.0</ele>
        <time>2026-08-04T14:12:31.000Z</time>
      </trkpt>
      <trkpt lat="40.07765031035467" lon="116.35211626943467">
        <ele>44.0</ele>
        <time>2026-08-04T14:12:32.000Z</time>
      </trkpt>
      <trkpt lat="40.07762954384332" lon="116.35211781382068">
        <ele>44.0</ele>
        <time>2026-08-04T14:12:33.000Z</time>
      </trkpt>
      <trkpt lat="40.0776088463199" lon="116.35211941364663">
        <ele>44.0</ele>
        <time>2026-08-04T14:12:34.000Z</time>
      </trkpt>
      <trkpt lat="40.07758805649433" lon="116.35212127232704">
        <ele>44.1</ele>
        <time>2026-08-04T14:12:35.000Z</time>
      </trkpt>
      <trkpt lat="40.077566898761994" lon="116.35212358876701">
        <ele>44.1</ele>
        <time>2026-08-04T14:12:36.000Z</time>
      </trkpt>
      <trkpt lat="40.07754535393779" lon="116.35212650488535">
        <ele>44.1</ele>
        <time>2026-08-04T14:12:37.000Z</time>
      </trkpt>
      <trkpt lat="40.077523707666344" lon="116.35212986659198">
        <ele>44.1</ele>
        <time>2026-08-04T14:12:38.000Z</time>
      </trkpt>
      <trkpt lat="40.07750229037604" lon="116.35213340098227">
        <ele>44.1</ele>
        <time>2026-08-04T14:12:39.000Z</time>
      </trkpt>
      <trkpt lat="40.07748109640111" lon="116.35213695825635">
        <ele>44.1</ele>
        <time>2026-08-04T14:12:40.000Z</time>
      </trkpt>
      <trkpt lat="40.077459808716306" lon="116.35214042304958">
        <ele>44.1</ele>
        <time>2026-08-04T14:12:41.000Z</time>
      </trkpt>
      <trkpt lat="40.07743822597305" lon="116.35214370823296">
        <ele>44.1</ele>
        <time>2026-08-04T14:12:42.000Z</time>
      </trkpt>
      <trkpt lat="40.07741634204389" lon="116.35214666337798">
        <ele>44.1</ele>
        <time>2026-08-04T14:12:43.000Z</time>
      </trkpt>
      <trkpt lat="40.07739445158251" lon="116.3521491616556">
        <ele>44.1</ele>
        <time>2026-08-04T14:12:44.000Z</time>
      </trkpt>
      <trkpt lat="40.07737286091667" lon="116.35215116427386">
        <ele>44.1</ele>
        <time>2026-08-04T14:12:45.000Z</time>
      </trkpt>
      <trkpt lat="40.077351720874745" lon="116.35215270220417">
        <ele>44.1</ele>
        <time>2026-08-04T14:12:46.000Z</time>
      </trkpt>
      <trkpt lat="40.07733108839122" lon="116.35215371440053">
        <ele>44.1</ele>
        <time>2026-08-04T14:12:47.000Z</time>
      </trkpt>
      <trkpt lat="40.07731072500177" lon="116.35215436626314">
        <ele>44.1</ele>
        <time>2026-08-04T14:12:48.000Z</time>
      </trkpt>
      <trkpt lat="40.07729018970164" lon="116.35215494360187">
        <ele>44.2</ele>
        <time>2026-08-04T14:12:49.000Z</time>
      </trkpt>
      <trkpt lat="40.077269206954256" lon="116.35215554109445">
        <ele>44.2</ele>
        <time>2026-08-04T14:12:50.000Z</time>
      </trkpt>
      <trkpt lat="40.077247800814476" lon="116.35215610708616">
        <ele>44.2</ele>
        <time>2026-08-04T14:12:51.000Z</time>
      </trkpt>
      <trkpt lat="40.0772261011768" lon="116.3521567093405">
        <ele>44.2</ele>
        <time>2026-08-04T14:12:52.000Z</time>
      </trkpt>
      <trkpt lat="40.07720421436259" lon="116.35215762512466">
        <ele>44.2</ele>
        <time>2026-08-04T14:12:53.000Z</time>
      </trkpt>
      <trkpt lat="40.07718214733277" lon="116.35215900937538">
        <ele>44.2</ele>
        <time>2026-08-04T14:12:54.000Z</time>
      </trkpt>
      <trkpt lat="40.077159920255774" lon="116.35216093057196">
        <ele>44.2</ele>
        <time>2026-08-04T14:12:55.000Z</time>
      </trkpt>
      <trkpt lat="40.077137593999915" lon="116.3521634279275">
        <ele>44.2</ele>
        <time>2026-08-04T14:12:56.000Z</time>
      </trkpt>
      <trkpt lat="40.07711524274339" lon="116.35216658131527">
        <ele>44.2</ele>
        <time>2026-08-04T14:12:57.000Z</time>
      </trkpt>
      <trkpt lat="40.07709303517298" lon="116.35217049386372">
        <ele>44.3</ele>
        <time>2026-08-04T14:12:58.000Z</time>
      </trkpt>
      <trkpt lat="40.07707120505997" lon="116.35217493109681">
        <ele>44.3</ele>
        <time>2026-08-04T14:12:59.000Z</time>
      </trkpt>
      <trkpt lat="40.077049763675056" lon="116.3521794044808">
        <ele>44.3</ele>
        <time>2026-08-04T14:13:00.000Z</time>
      </trkpt>
      <trkpt lat="40.077028458199344" lon="116.3521835860007">
        <ele>44.3</ele>
        <time>2026-08-04T14:13:01.000Z</time>
      </trkpt>
      <trkpt lat="40.07700702012515" lon="116.35218737247455">
        <ele>44.3</ele>
        <time>2026-08-04T14:13:02.000Z</time>
      </trkpt>
      <trkpt lat="40.076985355317625" lon="116.35219077877538">
        <ele>44.3</ele>
        <time>2026-08-04T14:13:03.000Z</time>
      </trkpt>
      <trkpt lat="40.07696326265623" lon="116.35219381837867">
        <ele>44.3</ele>
        <time>2026-08-04T14:13:04.000Z</time>
      </trkpt>
      <trkpt lat="40.07694051204702" lon="116.3521964036809">
        <ele>44.3</ele>
        <time>2026-08-04T14:13:05.000Z</time>
      </trkpt>
      <trkpt lat="40.07691719614931" lon="116.3521982555091">
        <ele>44.3</ele>
        <time>2026-08-04T14:13:06.000Z</time>
      </trkpt>
      <trkpt lat="40.076893631987" lon="116.35219901475486">
        <ele>44.4</ele>
        <time>2026-08-04T14:13:07.000Z</time>
      </trkpt>
      <trkpt lat="40.07686995449" lon="116.35219862695972">
        <ele>44.4</ele>
        <time>2026-08-04T14:13:08.000Z</time>
      </trkpt>
      <trkpt lat="40.07684603800878" lon="116.35219763641332">
        <ele>44.4</ele>
        <time>2026-08-04T14:13:08.999Z</time>
      </trkpt>
      <trkpt lat="40.076821895573076" lon="116.35219686174302">
        <ele>44.3</ele>
        <time>2026-08-04T14:13:09.999Z</time>
      </trkpt>
      <trkpt lat="40.07679788962628" lon="116.3521971652927">
        <ele>44.3</ele>
        <time>2026-08-04T14:13:10.999Z</time>
      </trkpt>
      <trkpt lat="40.07677439741928" lon="116.35219944959034">
        <ele>44.3</ele>
        <time>2026-08-04T14:13:11.999Z</time>
      </trkpt>
      <trkpt lat="40.07675153043853" lon="116.35220422559148">
        <ele>44.3</ele>
        <time>2026-08-04T14:13:12.999Z</time>
      </trkpt>
      <trkpt lat="40.07672946651707" lon="116.35221127279198">
        <ele>44.3</ele>
        <time>2026-08-04T14:13:13.999Z</time>
      </trkpt>
      <trkpt lat="40.07670831955683" lon="116.35221989296929">
        <ele>44.3</ele>
        <time>2026-08-04T14:13:14.999Z</time>
      </trkpt>
      <trkpt lat="40.076687883023496" lon="116.35222891791311">
        <ele>44.3</ele>
        <time>2026-08-04T14:13:15.999Z</time>
      </trkpt>
      <trkpt lat="40.07666761828012" lon="116.35223702014174">
        <ele>44.3</ele>
        <time>2026-08-04T14:13:16.999Z</time>
      </trkpt>
      <trkpt lat="40.07664698803498" lon="116.35224352128516">
        <ele>44.3</ele>
        <time>2026-08-04T14:13:17.999Z</time>
      </trkpt>
      <trkpt lat="40.07662572074638" lon="116.35224836784789">
        <ele>44.3</ele>
        <time>2026-08-04T14:13:18.999Z</time>
      </trkpt>
      <trkpt lat="40.07660376861615" lon="116.35225168874457">
        <ele>44.3</ele>
        <time>2026-08-04T14:13:19.999Z</time>
      </trkpt>
      <trkpt lat="40.07658130109887" lon="116.35225362741033">
        <ele>44.3</ele>
        <time>2026-08-04T14:13:21.000Z</time>
      </trkpt>
      <trkpt lat="40.076558463899666" lon="116.35225463398564">
        <ele>44.3</ele>
        <time>2026-08-04T14:13:22.000Z</time>
      </trkpt>
      <trkpt lat="40.07653524181384" lon="116.35225534431538">
        <ele>44.3</ele>
        <time>2026-08-04T14:13:23.000Z</time>
      </trkpt>
      <trkpt lat="40.076511653658756" lon="116.35225631886776">
        <ele>44.3</ele>
        <time>2026-08-04T14:13:24.000Z</time>
      </trkpt>
      <trkpt lat="40.076487713490785" lon="116.35225775107122">
        <ele>44.3</ele>
        <time>2026-08-04T14:13:25.000Z</time>
      </trkpt>
      <trkpt lat="40.07646359898165" lon="116.35225932779139">
        <ele>44.3</ele>
        <time>2026-08-04T14:13:26.000Z</time>
      </trkpt>
      <trkpt lat="40.07643956581046" lon="116.35226068173176">
        <ele>44.4</ele>
        <time>2026-08-04T14:13:27.000Z</time>
      </trkpt>
      <trkpt lat="40.07641573330376" lon="116.3522615127508">
        <ele>44.4</ele>
        <time>2026-08-04T14:13:28.000Z</time>
      </trkpt>
      <trkpt lat="40.07639230482337" lon="116.35226175396194">
        <ele>44.4</ele>
        <time>2026-08-04T14:13:29.000Z</time>
      </trkpt>
      <trkpt lat="40.076369552036965" lon="116.35226195638202">
        <ele>44.4</ele>
        <time>2026-08-04T14:13:30.000Z</time>
      </trkpt>
      <trkpt lat="40.07634749243717" lon="116.35226272356186">
        <ele>44.4</ele>
        <time>2026-08-04T14:13:31.000Z</time>
      </trkpt>
      <trkpt lat="40.07632588895778" lon="116.35226406070687">
        <ele>44.4</ele>
        <time>2026-08-04T14:13:32.000Z</time>
      </trkpt>
      <trkpt lat="40.076304568699456" lon="116.35226586226001">
        <ele>44.4</ele>
        <time>2026-08-04T14:13:33.000Z</time>
      </trkpt>
      <trkpt lat="40.07628338290923" lon="116.35226809877567">
        <ele>44.4</ele>
        <time>2026-08-04T14:13:34.000Z</time>
      </trkpt>
      <trkpt lat="40.07626213589386" lon="116.35227045659194">
        <ele>44.5</ele>
        <time>2026-08-04T14:13:35.000Z</time>
      </trkpt>
      <trkpt lat="40.07624073104751" lon="116.35227250594882">
        <ele>44.5</ele>
        <time>2026-08-04T14:13:36.000Z</time>
      </trkpt>
      <trkpt lat="40.076219178622765" lon="116.35227420055016">
        <ele>44.5</ele>
        <time>2026-08-04T14:13:37.000Z</time>
      </trkpt>
      <trkpt lat="40.076197557822205" lon="116.35227569949107">
        <ele>44.5</ele>
        <time>2026-08-04T14:13:38.000Z</time>
      </trkpt>
      <trkpt lat="40.076176000213316" lon="116.3522770699786">
        <ele>44.5</ele>
        <time>2026-08-04T14:13:39.000Z</time>
      </trkpt>
      <trkpt lat="40.076154539574745" lon="116.35227827821194">
        <ele>44.5</ele>
        <time>2026-08-04T14:13:40.000Z</time>
      </trkpt>
      <trkpt lat="40.07613299362797" lon="116.35227927330796">
        <ele>44.5</ele>
        <time>2026-08-04T14:13:41.000Z</time>
      </trkpt>
      <trkpt lat="40.07611124921556" lon="116.35228006440482">
        <ele>44.5</ele>
        <time>2026-08-04T14:13:42.000Z</time>
      </trkpt>
      <trkpt lat="40.07608926373615" lon="116.3522808337132">
        <ele>44.5</ele>
        <time>2026-08-04T14:13:43.000Z</time>
      </trkpt>
      <trkpt lat="40.07606712631714" lon="116.35228195918079">
        <ele>44.5</ele>
        <time>2026-08-04T14:13:44.000Z</time>
      </trkpt>
      <trkpt lat="40.07604514646141" lon="116.3522837594197">
        <ele>44.5</ele>
        <time>2026-08-04T14:13:45.000Z</time>
      </trkpt>
      <trkpt lat="40.0760236547478" lon="116.35228606111934">
        <ele>44.5</ele>
        <time>2026-08-04T14:13:46.000Z</time>
      </trkpt>
      <trkpt lat="40.07600287065813" lon="116.35228874776581">
        <ele>44.5</ele>
        <time>2026-08-04T14:13:47.000Z</time>
      </trkpt>
      <trkpt lat="40.07598304911278" lon="116.35229216666708">
        <ele>44.4</ele>
        <time>2026-08-04T14:13:48.000Z</time>
      </trkpt>
      <trkpt lat="40.07596414684172" lon="116.35229633116475">
        <ele>44.4</ele>
        <time>2026-08-04T14:13:49.000Z</time>
      </trkpt>
      <trkpt lat="40.075945643860024" lon="116.35230122895032">
        <ele>44.4</ele>
        <time>2026-08-04T14:13:50.000Z</time>
      </trkpt>
      <trkpt lat="40.07592717761604" lon="116.3523071467482">
        <ele>44.5</ele>
        <time>2026-08-04T14:13:51.000Z</time>
      </trkpt>
      <trkpt lat="40.07590871483921" lon="116.3523141336047">
        <ele>44.5</ele>
        <time>2026-08-04T14:13:52.000Z</time>
      </trkpt>
      <trkpt lat="40.075890155139525" lon="116.35232132093314">
        <ele>44.5</ele>
        <time>2026-08-04T14:13:53.000Z</time>
      </trkpt>
      <trkpt lat="40.07587122096589" lon="116.35232709510976">
        <ele>44.5</ele>
        <time>2026-08-04T14:13:54.000Z</time>
      </trkpt>
      <trkpt lat="40.07585167840409" lon="116.35233019280135">
        <ele>44.5</ele>
        <time>2026-08-04T14:13:55.000Z</time>
      </trkpt>
      <trkpt lat="40.07583154181128" lon="116.35233062772167">
        <ele>44.5</ele>
        <time>2026-08-04T14:13:56.000Z</time>
      </trkpt>
      <trkpt lat="40.07581112332941" lon="116.35232970510316">
        <ele>44.5</ele>
        <time>2026-08-04T14:13:57.000Z</time>
      </trkpt>
      <trkpt lat="40.075790746053066" lon="116.35232924270575">
        <ele>44.5</ele>
        <time>2026-08-04T14:13:58.000Z</time>
      </trkpt>
      <trkpt lat="40.07577054397055" lon="116.35233032645368">
        <ele>44.6</ele>
        <time>2026-08-04T14:13:59.000Z</time>
      </trkpt>
      <trkpt lat="40.07575057394499" lon="116.35233274325901">
        <ele>44.6</ele>
        <time>2026-08-04T14:14:00.000Z</time>
      </trkpt>
      <trkpt lat="40.075730876997845" lon="116.35233571465706">
        <ele>44.6</ele>
        <time>2026-08-04T14:14:01.000Z</time>
      </trkpt>
      <trkpt lat="40.07571128493024" lon="116.35233858740015">
        <ele>44.6</ele>
        <time>2026-08-04T14:14:02.000Z</time>
      </trkpt>
      <trkpt lat="40.075691466574014" lon="116.35234094181051">
        <ele>44.6</ele>
        <time>2026-08-04T14:14:03.000Z</time>
      </trkpt>
      <trkpt lat="40.075671212189725" lon="116.35234240635324">
        <ele>44.6</ele>
        <time>2026-08-04T14:14:04.000Z</time>
      </trkpt>
      <trkpt lat="40.07565045808548" lon="116.35234272065249">
        <ele>44.6</ele>
        <time>2026-08-04T14:14:05.000Z</time>
      </trkpt>
      <trkpt lat="40.0756291861158" lon="116.35234211898054">
        <ele>44.7</ele>
        <time>2026-08-04T14:14:06.000Z</time>
      </trkpt>
      <trkpt lat="40.075607458871765" lon="116.35234111727878">
        <ele>44.7</ele>
        <time>2026-08-04T14:14:07.000Z</time>
      </trkpt>
      <trkpt lat="40.07558525354383" lon="116.35233980186534">
        <ele>44.7</ele>
        <time>2026-08-04T14:14:08.000Z</time>
      </trkpt>
      <trkpt lat="40.07556246990391" lon="116.35233822004932">
        <ele>44.7</ele>
        <time>2026-08-04T14:14:09.000Z</time>
      </trkpt>
      <trkpt lat="40.075539095938645" lon="116.35233691779851">
        <ele>44.7</ele>
        <time>2026-08-04T14:14:10.000Z</time>
      </trkpt>
      <trkpt lat="40.07551533618119" lon="116.35233636999862">
        <ele>44.7</ele>
        <time>2026-08-04T14:14:11.000Z</time>
      </trkpt>
      <trkpt lat="40.0754915320274" lon="116.35233667491458">
        <ele>44.7</ele>
        <time>2026-08-04T14:14:12.000Z</time>
      </trkpt>
      <trkpt lat="40.075467922145855" lon="116.35233759993564">
        <ele>44.7</ele>
        <time>2026-08-04T14:14:13.000Z</time>
      </trkpt>
      <trkpt lat="40.07544457359947" lon="116.35233891805642">
        <ele>44.7</ele>
        <time>2026-08-04T14:14:14.000Z</time>
      </trkpt>
      <trkpt lat="40.07542143505908" lon="116.35234064336034">
        <ele>44.7</ele>
        <time>2026-08-04T14:14:15.000Z</time>
      </trkpt>
      <trkpt lat="40.07539852022273" lon="116.35234271104159">
        <ele>44.7</ele>
        <time>2026-08-04T14:14:16.000Z</time>
      </trkpt>
      <trkpt lat="40.07537583804186" lon="116.35234509212184">
        <ele>44.7</ele>
        <time>2026-08-04T14:14:17.000Z</time>
      </trkpt>
      <trkpt lat="40.075353338167226" lon="116.35234775023136">
        <ele>44.7</ele>
        <time>2026-08-04T14:14:18.000Z</time>
      </trkpt>
      <trkpt lat="40.0753309883936" lon="116.35235051414156">
        <ele>44.7</ele>
        <time>2026-08-04T14:14:19.000Z</time>
      </trkpt>
      <trkpt lat="40.07530873031971" lon="116.35235327636519">
        <ele>44.7</ele>
        <time>2026-08-04T14:14:20.000Z</time>
      </trkpt>
      <trkpt lat="40.075286614902915" lon="116.35235604003584">
        <ele>44.7</ele>
        <time>2026-08-04T14:14:21.000Z</time>
      </trkpt>
      <trkpt lat="40.07526464253859" lon="116.35235891830504">
        <ele>44.7</ele>
        <time>2026-08-04T14:14:22.000Z</time>
      </trkpt>
      <trkpt lat="40.07524268266773" lon="116.35236194213316">
        <ele>44.7</ele>
        <time>2026-08-04T14:14:23.000Z</time>
      </trkpt>
      <trkpt lat="40.07522072367267" lon="116.35236493790818">
        <ele>44.7</ele>
        <time>2026-08-04T14:14:24.000Z</time>
      </trkpt>
      <trkpt lat="40.075198912599824" lon="116.3523679088715">
        <ele>44.7</ele>
        <time>2026-08-04T14:14:25.000Z</time>
      </trkpt>
      <trkpt lat="40.07517734218602" lon="116.35237109951129">
        <ele>44.7</ele>
        <time>2026-08-04T14:14:26.000Z</time>
      </trkpt>
      <trkpt lat="40.07515595973513" lon="116.35237457770296">
        <ele>44.7</ele>
        <time>2026-08-04T14:14:27.000Z</time>
      </trkpt>
      <trkpt lat="40.07513471186835" lon="116.35237834090478">
        <ele>44.7</ele>
        <time>2026-08-04T14:14:28.000Z</time>
      </trkpt>
      <trkpt lat="40.075113447124856" lon="116.35238226320766">
        <ele>44.7</ele>
        <time>2026-08-04T14:14:29.000Z</time>
      </trkpt>
      <trkpt lat="40.07509208549171" lon="116.35238612599738">
        <ele>44.7</ele>
        <time>2026-08-04T14:14:30.000Z</time>
      </trkpt>
      <trkpt lat="40.07507068449917" lon="116.35238978636853">
        <ele>44.7</ele>
        <time>2026-08-04T14:14:31.000Z</time>
      </trkpt>
      <trkpt lat="40.075049227236164" lon="116.35239307366838">
        <ele>44.7</ele>
        <time>2026-08-04T14:14:32.000Z</time>
      </trkpt>
      <trkpt lat="40.0750277130929" lon="116.35239609747786">
        <ele>44.7</ele>
        <time>2026-08-04T14:14:33.000Z</time>
      </trkpt>
      <trkpt lat="40.07500628740196" lon="116.35239882879324">
        <ele>44.7</ele>
        <time>2026-08-04T14:14:34.000Z</time>
      </trkpt>
      <trkpt lat="40.07498489828891" lon="116.35240115504226">
        <ele>44.7</ele>
        <time>2026-08-04T14:14:35.000Z</time>
      </trkpt>
      <trkpt lat="40.07496313790767" lon="116.35240323906622">
        <ele>44.7</ele>
        <time>2026-08-04T14:14:36.000Z</time>
      </trkpt>
      <trkpt lat="40.07494058136746" lon="116.35240530190306">
        <ele>44.7</ele>
        <time>2026-08-04T14:14:37.000Z</time>
      </trkpt>
      <trkpt lat="40.074917355550376" lon="116.35240765169323">
        <ele>44.7</ele>
        <time>2026-08-04T14:14:38.000Z</time>
      </trkpt>
      <trkpt lat="40.07489404927874" lon="116.35241038446881">
        <ele>44.8</ele>
        <time>2026-08-04T14:14:39.000Z</time>
        <extensions>
          <gpxtpx:TrackPointExtension>
            <gpxtpx:hr>170</gpxtpx:hr>
          </gpxtpx:TrackPointExtension>
        </extensions>
      </trkpt>
      <trkpt lat="40.07487096450848" lon="116.35241343173018">
        <ele>44.8</ele>
        <time>2026-08-04T14:14:40.000Z</time>
        <extensions>
          <gpxtpx:TrackPointExtension>
            <gpxtpx:hr>170</gpxtpx:hr>
          </gpxtpx:TrackPointExtension>
        </extensions>
      </trkpt>
      <trkpt lat="40.074847927786706" lon="116.35241663758961">
        <ele>44.8</ele>
        <time>2026-08-04T14:14:41.000Z</time>
        <extensions>
          <gpxtpx:TrackPointExtension>
            <gpxtpx:hr>170</gpxtpx:hr>
          </gpxtpx:TrackPointExtension>
        </extensions>
      </trkpt>
      <trkpt lat="40.07482462806343" lon="116.35241996144192">
        <ele>44.8</ele>
        <time>2026-08-04T14:14:42.000Z</time>
        <extensions>
          <gpxtpx:TrackPointExtension>
            <gpxtpx:hr>170</gpxtpx:hr>
          </gpxtpx:TrackPointExtension>
        </extensions>
      </trkpt>
      <trkpt lat="40.07480105558996" lon="116.35242353823061">
        <ele>44.8</ele>
        <time>2026-08-04T14:14:43.000Z</time>
        <extensions>
          <gpxtpx:TrackPointExtension>
            <gpxtpx:hr>170</gpxtpx:hr>
          </gpxtpx:TrackPointExtension>
        </extensions>
      </trkpt>
      <trkpt lat="40.07477736868062" lon="116.35242723716456">
        <ele>44.8</ele>
        <time>2026-08-04T14:14:44.000Z</time>
        <extensions>
          <gpxtpx:TrackPointExtension>
            <gpxtpx:hr>170</gpxtpx:hr>
          </gpxtpx:TrackPointExtension>
        </extensions>
      </trkpt>
      <trkpt lat="40.07475366400164" lon="116.35243062696016">
        <ele>44.8</ele>
        <time>2026-08-04T14:14:45.000Z</time>
        <extensions>
          <gpxtpx:TrackPointExtension>
            <gpxtpx:hr>170</gpxtpx:hr>
          </gpxtpx:TrackPointExtension>
        </extensions>
      </trkpt>
      <trkpt lat="40.074730050194944" lon="116.3524333009673">
        <ele>44.8</ele>
        <time>2026-08-04T14:14:46.000Z</time>
        <extensions>
          <gpxtpx:TrackPointExtension>
            <gpxtpx:hr>170</gpxtpx:hr>
          </gpxtpx:TrackPointExtension>
        </extensions>
      </trkpt>
      <trkpt lat="40.074706543984966" lon="116.35243514251903">
        <ele>44.9</ele>
        <time>2026-08-04T14:14:47.000Z</time>
        <extensions>
          <gpxtpx:TrackPointExtension>
            <gpxtpx:hr>170</gpxtpx:hr>
          </gpxtpx:TrackPointExtension>
        </extensions>
      </trkpt>
      <trkpt lat="40.07468311628668" lon="116.35243612307183">
        <ele>44.9</ele>
        <time>2026-08-04T14:14:48.000Z</time>
        <extensions>
          <gpxtpx:TrackPointExtension>
            <gpxtpx:hr>170</gpxtpx:hr>
          </gpxtpx:TrackPointExtension>
        </extensions>
      </trkpt>
      <trkpt lat="40.07465981802411" lon="116.35243635172358">
        <ele>44.9</ele>
        <time>2026-08-04T14:14:49.000Z</time>
        <extensions>
          <gpxtpx:TrackPointExtension>
            <gpxtpx:hr>170</gpxtpx:hr>
          </gpxtpx:TrackPointExtension>
        </extensions>
      </trkpt>
      <trkpt lat="40.074636548844545" lon="116.35243594629557">
        <ele>44.9</ele>
        <time>2026-08-04T14:14:50.000Z</time>
        <extensions>
          <gpxtpx:TrackPointExtension>
            <gpxtpx:hr>170</gpxtpx:hr>
          </gpxtpx:TrackPointExtension>
        </extensions>
      </trkpt>
      <trkpt lat="40.07461296375795" lon="116.35243491435357">
        <ele>44.9</ele>
        <time>2026-08-04T14:14:51.000Z</time>
        <extensions>
          <gpxtpx:TrackPointExtension>
            <gpxtpx:hr>170</gpxtpx:hr>
          </gpxtpx:TrackPointExtension>
        </extensions>
      </trkpt>
      <trkpt lat="40.07458864102779" lon="116.35243322228784">
        <ele>44.9</ele>
        <time>2026-08-04T14:14:52.000Z</time>
        <extensions>
          <gpxtpx:TrackPointExtension>
            <gpxtpx:hr>170</gpxtpx:hr>
          </gpxtpx:TrackPointExtension>
        </extensions>
      </trkpt>
      <trkpt lat="40.07456356330119" lon="116.35243072001425">
        <ele>45.0</ele>
        <time>2026-08-04T14:14:53.000Z</time>
        <extensions>
          <gpxtpx:TrackPointExtension>
            <gpxtpx:hr>170</gpxtpx:hr>
          </gpxtpx:TrackPointExtension>
        </extensions>
      </trkpt>
      <trkpt lat="40.07453791337452" lon="116.35242754638492">
        <ele>45.0</ele>
        <time>2026-08-04T14:14:54.000Z</time>
        <extensions>
          <gpxtpx:TrackPointExtension>
            <gpxtpx:hr>170</gpxtpx:hr>
          </gpxtpx:TrackPointExtension>
        </extensions>
      </trkpt>
      <trkpt lat="40.07451162097196" lon="116.3524246287746">
        <ele>45.0</ele>
        <time>2026-08-04T14:14:55.000Z</time>
        <extensions>
          <gpxtpx:TrackPointExtension>
            <gpxtpx:hr>170</gpxtpx:hr>
          </gpxtpx:TrackPointExtension>
        </extensions>
      </trkpt>
      <trkpt lat="40.074484744442" lon="116.35242334338885">
        <ele>45.0</ele>
        <time>2026-08-04T14:14:56.000Z</time>
        <extensions>
          <gpxtpx:TrackPointExtension>
            <gpxtpx:hr>170</gpxtpx:hr>
          </gpxtpx:TrackPointExtension>
        </extensions>
      </trkpt>
      <trkpt lat="40.07445755908701" lon="116.35242434605074">
        <ele>45.1</ele>
        <time>2026-08-04T14:14:57.000Z</time>
        <extensions>
          <gpxtpx:TrackPointExtension>
            <gpxtpx:hr>170</gpxtpx:hr>
          </gpxtpx:TrackPointExtension>
        </extensions>
      </trkpt>
      <trkpt lat="40.07443048361317" lon="116.35242746906644">
        <ele>45.1</ele>
        <time>2026-08-04T14:14:58.000Z</time>
        <extensions>
          <gpxtpx:TrackPointExtension>
            <gpxtpx:hr>170</gpxtpx:hr>
          </gpxtpx:TrackPointExtension>
        </extensions>
      </trkpt>
      <trkpt lat="40.074403899862" lon="116.35243260342604">
        <ele>45.1</ele>
        <time>2026-08-04T14:14:59.000Z</time>
        <extensions>
          <gpxtpx:TrackPointExtension>
            <gpxtpx:hr>170</gpxtpx:hr>
          </gpxtpx:TrackPointExtension>
        </extensions>
      </trkpt>
      <trkpt lat="40.07437809264825" lon="116.35243992557608">
        <ele>45.2</ele>
        <time>2026-08-04T14:15:00.000Z</time>
        <extensions>
          <gpxtpx:TrackPointExtension>
            <gpxtpx:hr>170</gpxtpx:hr>
          </gpxtpx:TrackPointExtension>
        </extensions>
      </trkpt>
      <trkpt lat="40.07435334500261" lon="116.35244983950021">
        <ele>45.2</ele>
        <time>2026-08-04T14:15:01.000Z</time>
        <extensions>
          <gpxtpx:TrackPointExtension>
            <gpxtpx:hr>170</gpxtpx:hr>
          </gpxtpx:TrackPointExtension>
        </extensions>
      </trkpt>
      <trkpt lat="40.074329983729584" lon="116.35246227878595">
        <ele>45.2</ele>
        <time>2026-08-04T14:15:02.000Z</time>
        <extensions>
          <gpxtpx:TrackPointExtension>
            <gpxtpx:hr>170</gpxtpx:hr>
          </gpxtpx:TrackPointExtension>
        </extensions>
      </trkpt>
      <trkpt lat="40.074307885453464" lon="116.352476192487">
        <ele>45.2</ele>
        <time>2026-08-04T14:15:03.000Z</time>
        <extensions>
          <gpxtpx:TrackPointExtension>
            <gpxtpx:hr>170</gpxtpx:hr>
          </gpxtpx:TrackPointExtension>
        </extensions>
      </trkpt>
      <trkpt lat="40.07428628166808" lon="116.35249009236568">
        <ele>45.2</ele>
        <time>2026-08-04T14:15:04.000Z</time>
        <extensions>
          <gpxtpx:TrackPointExtension>
            <gpxtpx:hr>170</gpxtpx:hr>
          </gpxtpx:TrackPointExtension>
        </extensions>
      </trkpt>
      <trkpt lat="40.0742645180251" lon="116.3525027298337">
        <ele>45.2</ele>
        <time>2026-08-04T14:15:04.999Z</time>
        <extensions>
          <gpxtpx:TrackPointExtension>
            <gpxtpx:hr>170</gpxtpx:hr>
          </gpxtpx:TrackPointExtension>
        </extensions>
      </trkpt>
      <trkpt lat="40.07424222525783" lon="116.3525134173215">
        <ele>45.2</ele>
        <time>2026-08-04T14:15:05.999Z</time>
        <extensions>
          <gpxtpx:TrackPointExtension>
            <gpxtpx:hr>170</gpxtpx:hr>
          </gpxtpx:TrackPointExtension>
        </extensions>
      </trkpt>
      <trkpt lat="40.0742191135414" lon="116.35252200405324">
        <ele>45.2</ele>
        <time>2026-08-04T14:15:06.999Z</time>
        <extensions>
          <gpxtpx:TrackPointExtension>
            <gpxtpx:hr>170</gpxtpx:hr>
          </gpxtpx:TrackPointExtension>
        </extensions>
      </trkpt>
      <trkpt lat="40.07419519286093" lon="116.35252876964768">
        <ele>45.2</ele>
        <time>2026-08-04T14:15:07.999Z</time>
        <extensions>
          <gpxtpx:TrackPointExtension>
            <gpxtpx:hr>170</gpxtpx:hr>
          </gpxtpx:TrackPointExtension>
        </extensions>
      </trkpt>
      <trkpt lat="40.0741708732891" lon="116.35253401791253">
        <ele>45.2</ele>
        <time>2026-08-04T14:15:08.999Z</time>
      </trkpt>
      <trkpt lat="40.07414641393954" lon="116.35253816692797">
        <ele>45.2</ele>
        <time>2026-08-04T14:15:09.999Z</time>
      </trkpt>
      <trkpt lat="40.074121863782885" lon="116.35254163129709">
        <ele>45.2</ele>
        <time>2026-08-04T14:15:10.999Z</time>
      </trkpt>
      <trkpt lat="40.074097390166784" lon="116.35254448461015">
        <ele>45.2</ele>
        <time>2026-08-04T14:15:11.999Z</time>
      </trkpt>
      <trkpt lat="40.07407308715788" lon="116.35254662523647">
        <ele>45.2</ele>
        <time>2026-08-04T14:15:12.999Z</time>
      </trkpt>
      <trkpt lat="40.07404900119484" lon="116.35254814541919">
        <ele>45.2</ele>
        <time>2026-08-04T14:15:13.999Z</time>
      </trkpt>
      <trkpt lat="40.07402520708411" lon="116.352549329098">
        <ele>45.2</ele>
        <time>2026-08-04T14:15:14.999Z</time>
      </trkpt>
      <trkpt lat="40.07400164876392" lon="116.35255047281677">
        <ele>45.2</ele>
        <time>2026-08-04T14:15:15.999Z</time>
      </trkpt>
      <trkpt lat="40.073978336453244" lon="116.35255172290238">
        <ele>45.2</ele>
        <time>2026-08-04T14:15:16.999Z</time>
      </trkpt>
      <trkpt lat="40.07395546796304" lon="116.3525529355822">
        <ele>45.3</ele>
        <time>2026-08-04T14:15:17.999Z</time>
      </trkpt>
      <trkpt lat="40.07393309418728" lon="116.35255391070238">
        <ele>45.3</ele>
        <time>2026-08-04T14:15:18.999Z</time>
      </trkpt>
      <trkpt lat="40.0739110546891" lon="116.35255463360605">
        <ele>45.3</ele>
        <time>2026-08-04T14:15:19.999Z</time>
      </trkpt>
      <trkpt lat="40.07388909561037" lon="116.35255526386987">
        <ele>45.3</ele>
        <time>2026-08-04T14:15:20.999Z</time>
      </trkpt>
      <trkpt lat="40.073867126688526" lon="116.35255591427978">
        <ele>45.3</ele>
        <time>2026-08-04T14:15:21.999Z</time>
      </trkpt>
      <trkpt lat="40.07384513036097" lon="116.35255676160415">
        <ele>45.3</ele>
        <time>2026-08-04T14:15:22.999Z</time>
      </trkpt>
      <trkpt lat="40.0738230250458" lon="116.35255800094099">
        <ele>45.3</ele>
        <time>2026-08-04T14:15:23.999Z</time>
      </trkpt>
      <trkpt lat="40.07380073073504" lon="116.35255970907608">
        <ele>45.3</ele>
        <time>2026-08-04T14:15:24.999Z</time>
      </trkpt>
      <trkpt lat="40.073778334681265" lon="116.35256189541361">
        <ele>45.3</ele>
        <time>2026-08-04T14:15:25.999Z</time>
      </trkpt>
      <trkpt lat="40.073755916250185" lon="116.35256437267861">
        <ele>45.3</ele>
        <time>2026-08-04T14:15:27.000Z</time>
      </trkpt>
      <trkpt lat="40.073733421473946" lon="116.35256673449163">
        <ele>45.3</ele>
        <time>2026-08-04T14:15:28.000Z</time>
      </trkpt>
      <trkpt lat="40.073710938617964" lon="116.35256905196061">
        <ele>45.4</ele>
        <time>2026-08-04T14:15:29.000Z</time>
      </trkpt>
      <trkpt lat="40.0736887657403" lon="116.35257199102772">
        <ele>45.4</ele>
        <time>2026-08-04T14:15:30.000Z</time>
      </trkpt>
      <trkpt lat="40.07366687363031" lon="116.35257594509523">
        <ele>45.4</ele>
        <time>2026-08-04T14:15:31.000Z</time>
      </trkpt>
      <trkpt lat="40.07364502478561" lon="116.35258066404334">
        <ele>45.4</ele>
        <time>2026-08-04T14:15:32.000Z</time>
      </trkpt>
      <trkpt lat="40.07362314939956" lon="116.35258570954684">
        <ele>45.4</ele>
        <time>2026-08-04T14:15:33.000Z</time>
      </trkpt>
      <trkpt lat="40.07360112152979" lon="116.3525908293632">
        <ele>45.4</ele>
        <time>2026-08-04T14:15:34.000Z</time>
      </trkpt>
      <trkpt lat="40.07357859273079" lon="116.35259594111635">
        <ele>45.4</ele>
        <time>2026-08-04T14:15:35.000Z</time>
      </trkpt>
      <trkpt lat="40.07355537761613" lon="116.35260088173769">
        <ele>45.4</ele>
        <time>2026-08-04T14:15:36.000Z</time>
      </trkpt>
      <trkpt lat="40.0735316189313" lon="116.35260526123662">
        <ele>45.4</ele>
        <time>2026-08-04T14:15:37.000Z</time>
      </trkpt>
      <trkpt lat="40.07350758055165" lon="116.35260876131835">
        <ele>45.4</ele>
        <time>2026-08-04T14:15:38.000Z</time>
      </trkpt>
      <trkpt lat="40.07348343413246" lon="116.35261148007751">
        <ele>45.4</ele>
        <time>2026-08-04T14:15:39.000Z</time>
      </trkpt>
      <trkpt lat="40.073459307462834" lon="116.35261380873256">
        <ele>45.4</ele>
        <time>2026-08-04T14:15:40.000Z</time>
      </trkpt>
      <trkpt lat="40.07343545205416" lon="116.3526160768579">
        <ele>45.5</ele>
        <time>2026-08-04T14:15:41.000Z</time>
      </trkpt>
      <trkpt lat="40.07341206683292" lon="116.35261850191706">
        <ele>45.5</ele>
        <time>2026-08-04T14:15:42.000Z</time>
      </trkpt>
      <trkpt lat="40.07338912628876" lon="116.35262100123413">
        <ele>45.5</ele>
        <time>2026-08-04T14:15:43.000Z</time>
      </trkpt>
      <trkpt lat="40.073366446721494" lon="116.3526234041624">
        <ele>45.5</ele>
        <time>2026-08-04T14:15:44.000Z</time>
      </trkpt>
      <trkpt lat="40.07334390314277" lon="116.3526257821053">
        <ele>45.5</ele>
        <time>2026-08-04T14:15:45.000Z</time>
      </trkpt>
      <trkpt lat="40.07332155842088" lon="116.35262818792121">
        <ele>45.5</ele>
        <time>2026-08-04T14:15:46.000Z</time>
      </trkpt>
      <trkpt lat="40.07329936422741" lon="116.35263033332842">
        <ele>45.5</ele>
        <time>2026-08-04T14:15:47.000Z</time>
      </trkpt>
      <trkpt lat="40.0732771406161" lon="116.35263146261084">
        <ele>45.5</ele>
        <time>2026-08-04T14:15:48.000Z</time>
      </trkpt>
      <trkpt lat="40.07325473198126" lon="116.35263100741103">
        <ele>45.5</ele>
        <time>2026-08-04T14:15:49.000Z</time>
      </trkpt>
      <trkpt lat="40.073232105958425" lon="116.35262961043912">
        <ele>45.5</ele>
        <time>2026-08-04T14:15:50.000Z</time>
      </trkpt>
      <trkpt lat="40.07320934831592" lon="116.35262901471116">
        <ele>45.5</ele>
        <time>2026-08-04T14:15:51.000Z</time>
      </trkpt>
      <trkpt lat="40.07318672545885" lon="116.35263080863488">
        <ele>45.5</ele>
        <time>2026-08-04T14:15:52.000Z</time>
      </trkpt>
      <trkpt lat="40.07316449038081" lon="116.35263537061482">
        <ele>45.5</ele>
        <time>2026-08-04T14:15:53.000Z</time>
      </trkpt>
      <trkpt lat="40.073142649764165" lon="116.35264161126709">
        <ele>45.5</ele>
        <time>2026-08-04T14:15:54.000Z</time>
      </trkpt>
      <trkpt lat="40.073120910428095" lon="116.35264792816086">
        <ele>45.5</ele>
        <time>2026-08-04T14:15:55.000Z</time>
      </trkpt>
      <trkpt lat="40.07309886136019" lon="116.35265331372091">
        <ele>45.5</ele>
        <time>2026-08-04T14:15:56.000Z</time>
      </trkpt>
      <trkpt lat="40.073076450315554" lon="116.35265749672027">
        <ele>45.5</ele>
        <time>2026-08-04T14:15:57.000Z</time>
      </trkpt>
      <trkpt lat="40.07305406265436" lon="116.35266048573482">
        <ele>45.5</ele>
        <time>2026-08-04T14:15:58.000Z</time>
      </trkpt>
      <trkpt lat="40.07303199087975" lon="116.35266233421488">
        <ele>45.5</ele>
        <time>2026-08-04T14:15:59.000Z</time>
      </trkpt>
      <trkpt lat="40.07301023945902" lon="116.35266305869364">
        <ele>45.5</ele>
        <time>2026-08-04T14:16:00.000Z</time>
      </trkpt>
      <trkpt lat="40.07298853943284" lon="116.35266259873968">
        <ele>45.5</ele>
        <time>2026-08-04T14:16:01.000Z</time>
      </trkpt>
      <trkpt lat="40.07296669711391" lon="116.35266107722184">
        <ele>45.5</ele>
        <time>2026-08-04T14:16:02.000Z</time>
      </trkpt>
      <trkpt lat="40.072944815405826" lon="116.35265882738979">
        <ele>45.5</ele>
        <time>2026-08-04T14:16:03.000Z</time>
      </trkpt>
      <trkpt lat="40.07292302366214" lon="116.35265635259917">
        <ele>45.5</ele>
        <time>2026-08-04T14:16:04.000Z</time>
      </trkpt>
      <trkpt lat="40.07290123780745" lon="116.35265425186273">
        <ele>45.5</ele>
        <time>2026-08-04T14:16:05.000Z</time>
      </trkpt>
      <trkpt lat="40.07287923401295" lon="116.35265290394511">
        <ele>45.5</ele>
        <time>2026-08-04T14:16:06.000Z</time>
      </trkpt>
      <trkpt lat="40.072856945422686" lon="116.35265244614342">
        <ele>45.5</ele>
        <time>2026-08-04T14:16:07.000Z</time>
      </trkpt>
      <trkpt lat="40.072834376047865" lon="116.35265291212015">
        <ele>45.5</ele>
        <time>2026-08-04T14:16:08.000Z</time>
      </trkpt>
      <trkpt lat="40.072811470656035" lon="116.35265426365943">
        <ele>45.5</ele>
        <time>2026-08-04T14:16:09.000Z</time>
      </trkpt>
      <trkpt lat="40.07278828473733" lon="116.3526562395799">
        <ele>45.5</ele>
        <time>2026-08-04T14:16:10.000Z</time>
      </trkpt>
      <trkpt lat="40.07276489350399" lon="116.35265859923476">
        <ele>45.5</ele>
        <time>2026-08-04T14:16:11.000Z</time>
      </trkpt>
      <trkpt lat="40.072741386626014" lon="116.35266162395612">
        <ele>45.5</ele>
        <time>2026-08-04T14:16:12.000Z</time>
      </trkpt>
      <trkpt lat="40.07271794773786" lon="116.35266554004708">
        <ele>45.5</ele>
        <time>2026-08-04T14:16:13.000Z</time>
      </trkpt>
      <trkpt lat="40.07269455976482" lon="116.35267028996478">
        <ele>45.5</ele>
        <time>2026-08-04T14:16:14.000Z</time>
      </trkpt>
      <trkpt lat="40.0726711707072" lon="116.35267580799166">
        <ele>45.5</ele>
        <time>2026-08-04T14:16:15.000Z</time>
      </trkpt>
      <trkpt lat="40.07264798264007" lon="116.35268195952709">
        <ele>45.5</ele>
        <time>2026-08-04T14:16:16.000Z</time>
      </trkpt>
      <trkpt lat="40.07262528049516" lon="116.3526888019965">
        <ele>45.6</ele>
        <time>2026-08-04T14:16:17.000Z</time>
      </trkpt>
      <trkpt lat="40.072603212003536" lon="116.35269632520989">
        <ele>45.6</ele>
        <time>2026-08-04T14:16:18.000Z</time>
      </trkpt>
      <trkpt lat="40.072581795502224" lon="116.35270389383216">
        <ele>45.6</ele>
        <time>2026-08-04T14:16:19.000Z</time>
      </trkpt>
      <trkpt lat="40.07256080558116" lon="116.35271029075055">
        <ele>45.6</ele>
        <time>2026-08-04T14:16:20.000Z</time>
      </trkpt>
      <trkpt lat="40.07253990017041" lon="116.3527147572459">
        <ele>45.6</ele>
        <time>2026-08-04T14:16:21.000Z</time>
      </trkpt>
      <trkpt lat="40.072518983182896" lon="116.35271773115478">
        <ele>45.6</ele>
        <time>2026-08-04T14:16:22.000Z</time>
      </trkpt>
      <trkpt lat="40.07249812210847" lon="116.35272019086898">
        <ele>45.7</ele>
        <time>2026-08-04T14:16:23.000Z</time>
      </trkpt>
      <trkpt lat="40.07247723850621" lon="116.35272272012159">
        <ele>45.7</ele>
        <time>2026-08-04T14:16:24.000Z</time>
      </trkpt>
      <trkpt lat="40.0724561280843" lon="116.35272513883953">
        <ele>45.7</ele>
        <time>2026-08-04T14:16:25.000Z</time>
      </trkpt>
      <trkpt lat="40.07243446743132" lon="116.35272717522277">
        <ele>45.7</ele>
        <time>2026-08-04T14:16:26.000Z</time>
      </trkpt>
      <trkpt lat="40.0724119897631" lon="116.35272921241514">
        <ele>45.7</ele>
        <time>2026-08-04T14:16:27.000Z</time>
      </trkpt>
      <trkpt lat="40.072388717745" lon="116.35273173957586">
        <ele>45.7</ele>
        <time>2026-08-04T14:16:28.000Z</time>
      </trkpt>
      <trkpt lat="40.07236484208714" lon="116.35273482639948">
        <ele>45.8</ele>
        <time>2026-08-04T14:16:29.000Z</time>
      </trkpt>
      <trkpt lat="40.07234072652441" lon="116.3527382414506">
        <ele>45.8</ele>
        <time>2026-08-04T14:16:30.000Z</time>
      </trkpt>
      <trkpt lat="40.07231680356118" lon="116.35274181471382">
        <ele>45.8</ele>
        <time>2026-08-04T14:16:31.000Z</time>
      </trkpt>
      <trkpt lat="40.07229336312803" lon="116.35274556847617">
        <ele>45.8</ele>
        <time>2026-08-04T14:16:32.000Z</time>
      </trkpt>
      <trkpt lat="40.0722704394751" lon="116.35274965068194">
        <ele>45.8</ele>
        <time>2026-08-04T14:16:33.000Z</time>
      </trkpt>
      <trkpt lat="40.07224825043713" lon="116.35275421650829">
        <ele>45.8</ele>
        <time>2026-08-04T14:16:34.000Z</time>
      </trkpt>
      <trkpt lat="40.07222725888352" lon="116.35275923550077">
        <ele>45.8</ele>
        <time>2026-08-04T14:16:35.000Z</time>
      </trkpt>
      <trkpt lat="40.07220807125994" lon="116.3527644174391">
        <ele>45.8</ele>
        <time>2026-08-04T14:16:36.000Z</time>
      </trkpt>
      <trkpt lat="40.07219185415416" lon="116.35276894154893">
        <ele>45.8</ele>
        <time>2026-08-04T14:16:37.000Z</time>
      </trkpt>
      <trkpt lat="40.072178995495825" lon="116.3527721125959">
        <ele>45.8</ele>
        <time>2026-08-04T14:16:38.000Z</time>
      </trkpt>
      <trkpt lat="40.07216861982295" lon="116.35277390501427">
        <ele>45.8</ele>
        <time>2026-08-04T14:16:39.000Z</time>
      </trkpt>
      <trkpt lat="40.07215955746988" lon="116.35277460621168">
        <ele>45.8</ele>
        <time>2026-08-04T14:16:40.000Z</time>
      </trkpt>
      <trkpt lat="40.07215057418174" lon="116.35277462279656">
        <ele>45.8</ele>
        <time>2026-08-04T14:16:41.000Z</time>
      </trkpt>
      <trkpt lat="40.072140961425745" lon="116.35277427833361">
        <ele>45.8</ele>
        <time>2026-08-04T14:16:42.000Z</time>
      </trkpt>
      <trkpt lat="40.07213035921994" lon="116.35277370461638">
        <ele>45.8</ele>
        <time>2026-08-04T14:16:43.000Z</time>
      </trkpt>
      <trkpt lat="40.0721186517344" lon="116.35277287894662">
        <ele>45.8</ele>
        <time>2026-08-04T14:16:44.000Z</time>
      </trkpt>
      <trkpt lat="40.07210622267268" lon="116.3527716679887">
        <ele>45.8</ele>
        <time>2026-08-04T14:16:45.000Z</time>
      </trkpt>
      <trkpt lat="40.0720935177808" lon="116.35276988325776">
        <ele>45.8</ele>
        <time>2026-08-04T14:16:46.000Z</time>
      </trkpt>
      <trkpt lat="40.072080621597856" lon="116.35276745323397">
        <ele>45.8</ele>
        <time>2026-08-04T14:16:47.000Z</time>
      </trkpt>
      <trkpt lat="40.07206736794747" lon="116.35276430455617">
        <ele>45.8</ele>
        <time>2026-08-04T14:16:48.000Z</time>
      </trkpt>
      <trkpt lat="40.07205391318587" lon="116.35276024735587">
        <ele>45.8</ele>
        <time>2026-08-04T14:16:49.000Z</time>
      </trkpt>
      <trkpt lat="40.072040683816745" lon="116.35275510711823">
        <ele>45.8</ele>
        <time>2026-08-04T14:16:50.000Z</time>
      </trkpt>
      <trkpt lat="40.07202794405027" lon="116.35274880656983">
        <ele>45.8</ele>
        <time>2026-08-04T14:16:51.000Z</time>
      </trkpt>
      <trkpt lat="40.07201600485405" lon="116.3527413351846">
        <ele>45.8</ele>
        <time>2026-08-04T14:16:52.000Z</time>
      </trkpt>
      <trkpt lat="40.07200516308956" lon="116.35273266669373">
        <ele>45.9</ele>
        <time>2026-08-04T14:16:53.000Z</time>
      </trkpt>
      <trkpt lat="40.071995495402646" lon="116.3527227087394">
        <ele>45.9</ele>
        <time>2026-08-04T14:16:54.000Z</time>
      </trkpt>
      <trkpt lat="40.07198691889198" lon="116.35271138978614">
        <ele>45.9</ele>
        <time>2026-08-04T14:16:55.000Z</time>
      </trkpt>
      <trkpt lat="40.071979289768116" lon="116.3526988203168">
        <ele>45.9</ele>
        <time>2026-08-04T14:16:56.000Z</time>
      </trkpt>
      <trkpt lat="40.07197273654421" lon="116.35268528919318">
        <ele>45.9</ele>
        <time>2026-08-04T14:16:57.000Z</time>
      </trkpt>
      <trkpt lat="40.07196749557563" lon="116.35267133718192">
        <ele>45.9</ele>
        <time>2026-08-04T14:16:58.000Z</time>
      </trkpt>
      <trkpt lat="40.07196366607866" lon="116.3526575698318">
        <ele>45.8</ele>
        <time>2026-08-04T14:16:59.000Z</time>
      </trkpt>
      <trkpt lat="40.07196113686229" lon="116.35264416484397">
        <ele>45.8</ele>
        <time>2026-08-04T14:17:00.000Z</time>
      </trkpt>
      <trkpt lat="40.07195966427484" lon="116.35263088311758">
        <ele>45.8</ele>
        <time>2026-08-04T14:17:01.000Z</time>
      </trkpt>
      <trkpt lat="40.071958948189994" lon="116.35261667230822">
        <ele>45.8</ele>
        <time>2026-08-04T14:17:02.000Z</time>
      </trkpt>
      <trkpt lat="40.07195887673203" lon="116.35260134366506">
        <ele>45.8</ele>
        <time>2026-08-04T14:17:03.000Z</time>
      </trkpt>
      <trkpt lat="40.07195960902245" lon="116.3525862648488">
        <ele>45.8</ele>
        <time>2026-08-04T14:17:04.000Z</time>
      </trkpt>
      <trkpt lat="40.07196105566285" lon="116.35257106184464">
        <ele>45.8</ele>
        <time>2026-08-04T14:17:04.999Z</time>
      </trkpt>
      <trkpt lat="40.07196300137259" lon="116.35255249651459">
        <ele>45.8</ele>
        <time>2026-08-04T14:17:05.999Z</time>
      </trkpt>
      <trkpt lat="40.0719651412371" lon="116.35252863803707">
        <ele>45.8</ele>
        <time>2026-08-04T14:17:06.999Z</time>
      </trkpt>
      <trkpt lat="40.07196700980139" lon="116.35249982843351">
        <ele>45.8</ele>
        <time>2026-08-04T14:17:07.999Z</time>
      </trkpt>
      <trkpt lat="40.07196839493373" lon="116.35246685295682">
        <ele>45.8</ele>
        <time>2026-08-04T14:17:08.999Z</time>
      </trkpt>
      <trkpt lat="40.07196922406953" lon="116.35243082705618">
        <ele>45.8</ele>
        <time>2026-08-04T14:17:09.999Z</time>
      </trkpt>
      <trkpt lat="40.07196942528082" lon="116.35239293319897">
        <ele>45.8</ele>
        <time>2026-08-04T14:17:10.999Z</time>
      </trkpt>
      <trkpt lat="40.07196909090509" lon="116.35235421566018">
        <ele>45.8</ele>
        <time>2026-08-04T14:17:11.999Z</time>
      </trkpt>
      <trkpt lat="40.07196831869748" lon="116.35231512888117">
        <ele>45.8</ele>
        <time>2026-08-04T14:17:12.999Z</time>
      </trkpt>
      <trkpt lat="40.07196736570287" lon="116.35227601381054">
        <ele>45.8</ele>
        <time>2026-08-04T14:17:13.999Z</time>
      </trkpt>
      <trkpt lat="40.07196666418088" lon="116.35223721149883">
        <ele>45.9</ele>
        <time>2026-08-04T14:17:14.999Z</time>
      </trkpt>
      <trkpt lat="40.07196639284977" lon="116.35219885461056">
        <ele>45.9</ele>
        <time>2026-08-04T14:17:15.999Z</time>
      </trkpt>
      <trkpt lat="40.07196633244963" lon="116.35216105243902">
        <ele>45.9</ele>
        <time>2026-08-04T14:17:16.999Z</time>
      </trkpt>
      <trkpt lat="40.071965963542965" lon="116.35212424316487">
        <ele>45.9</ele>
        <time>2026-08-04T14:17:17.999Z</time>
      </trkpt>
      <trkpt lat="40.07196512405392" lon="116.35208848259515">
        <ele>45.9</ele>
        <time>2026-08-04T14:17:18.999Z</time>
      </trkpt>
      <trkpt lat="40.0719641117485" lon="116.35205325065948">
        <ele>45.9</ele>
        <time>2026-08-04T14:17:19.999Z</time>
      </trkpt>
      <trkpt lat="40.071963092614425" lon="116.35201829555987">
        <ele>45.9</ele>
        <time>2026-08-04T14:17:20.999Z</time>
      </trkpt>
      <trkpt lat="40.07196220146845" lon="116.35198377940095">
        <ele>45.9</ele>
        <time>2026-08-04T14:17:21.999Z</time>
      </trkpt>
      <trkpt lat="40.071961685521" lon="116.35194991495003">
        <ele>45.9</ele>
        <time>2026-08-04T14:17:22.999Z</time>
      </trkpt>
      <trkpt lat="40.07196154319222" lon="116.35191666491392">
        <ele>45.9</ele>
        <time>2026-08-04T14:17:23.999Z</time>
      </trkpt>
      <trkpt lat="40.07196142939193" lon="116.35188383423973">
        <ele>45.9</ele>
        <time>2026-08-04T14:17:24.999Z</time>
      </trkpt>
      <trkpt lat="40.07196115274422" lon="116.3518512490149">
        <ele>45.9</ele>
        <time>2026-08-04T14:17:25.999Z</time>
      </trkpt>
      <trkpt lat="40.07196087536562" lon="116.35181877329467">
        <ele>45.8</ele>
        <time>2026-08-04T14:17:26.999Z</time>
      </trkpt>
      <trkpt lat="40.071960936266066" lon="116.351786037545">
        <ele>45.8</ele>
        <time>2026-08-04T14:17:27.999Z</time>
      </trkpt>
      <trkpt lat="40.071961626280405" lon="116.35175274141744">
        <ele>45.8</ele>
        <time>2026-08-04T14:17:28.999Z</time>
      </trkpt>
      <trkpt lat="40.07196272022758" lon="116.3517190861603">
        <ele>45.7</ele>
        <time>2026-08-04T14:17:29.999Z</time>
      </trkpt>
      <trkpt lat="40.07196392727357" lon="116.35168552528005">
        <ele>45.7</ele>
        <time>2026-08-04T14:17:30.999Z</time>
      </trkpt>
      <trkpt lat="40.0719651680128" lon="116.35165250605249">
        <ele>45.7</ele>
        <time>2026-08-04T14:17:31.999Z</time>
      </trkpt>
      <trkpt lat="40.07196624201528" lon="116.35162046602134">
        <ele>45.6</ele>
        <time>2026-08-04T14:17:33.000Z</time>
      </trkpt>
      <trkpt lat="40.07196694804499" lon="116.35158949816824">
        <ele>45.6</ele>
        <time>2026-08-04T14:17:34.000Z</time>
      </trkpt>
      <trkpt lat="40.07196726014807" lon="116.35155933179078">
        <ele>45.6</ele>
        <time>2026-08-04T14:17:35.000Z</time>
      </trkpt>
      <trkpt lat="40.0719673006782" lon="116.35152967344956">
        <ele>45.5</ele>
        <time>2026-08-04T14:17:36.000Z</time>
      </trkpt>
      <trkpt lat="40.07196726249896" lon="116.35149998117708">
        <ele>45.5</ele>
        <time>2026-08-04T14:17:37.000Z</time>
      </trkpt>
      <trkpt lat="40.071967199003645" lon="116.35146944954613">
        <ele>45.5</ele>
        <time>2026-08-04T14:17:38.000Z</time>
      </trkpt>
      <trkpt lat="40.071967229061606" lon="116.35143822745775">
        <ele>45.5</ele>
        <time>2026-08-04T14:17:39.000Z</time>
      </trkpt>
      <trkpt lat="40.071967669111814" lon="116.35140673663817">
        <ele>45.5</ele>
        <time>2026-08-04T14:17:40.000Z</time>
      </trkpt>
      <trkpt lat="40.07196869639439" lon="116.35137530115406">
        <ele>45.5</ele>
        <time>2026-08-04T14:17:41.000Z</time>
      </trkpt>
      <trkpt lat="40.07197030719542" lon="116.35134415501223">
        <ele>45.5</ele>
        <time>2026-08-04T14:17:42.000Z</time>
      </trkpt>
      <trkpt lat="40.07197236144463" lon="116.35131346460669">
        <ele>45.5</ele>
        <time>2026-08-04T14:17:43.000Z</time>
      </trkpt>
      <trkpt lat="40.07197467967541" lon="116.35128316814972">
        <ele>45.5</ele>
        <time>2026-08-04T14:17:44.000Z</time>
      </trkpt>
      <trkpt lat="40.07197712392517" lon="116.3512528811752">
        <ele>45.5</ele>
        <time>2026-08-04T14:17:45.000Z</time>
      </trkpt>
      <trkpt lat="40.071979645508925" lon="116.3512220843715">
        <ele>45.5</ele>
        <time>2026-08-04T14:17:46.000Z</time>
      </trkpt>
      <trkpt lat="40.07198225102741" lon="116.3511907351767">
        <ele>45.5</ele>
        <time>2026-08-04T14:17:47.000Z</time>
      </trkpt>
      <trkpt lat="40.07198466651132" lon="116.35115928312595">
        <ele>45.5</ele>
        <time>2026-08-04T14:17:48.000Z</time>
      </trkpt>
      <trkpt lat="40.07198639741967" lon="116.35112832675433">
        <ele>45.5</ele>
        <time>2026-08-04T14:17:49.000Z</time>
      </trkpt>
      <trkpt lat="40.07198746366157" lon="116.35109794338115">
        <ele>45.5</ele>
        <time>2026-08-04T14:17:50.000Z</time>
      </trkpt>
      <trkpt lat="40.07198835522006" lon="116.35106749773637">
        <ele>45.5</ele>
        <time>2026-08-04T14:17:51.000Z</time>
      </trkpt>
      <trkpt lat="40.07198914213" lon="116.35103658439287">
        <ele>45.5</ele>
        <time>2026-08-04T14:17:52.000Z</time>
      </trkpt>
      <trkpt lat="40.07198953582277" lon="116.35100555836856">
        <ele>45.5</ele>
        <time>2026-08-04T14:17:53.000Z</time>
      </trkpt>
      <trkpt lat="40.071989456157475" lon="116.35097524164924">
        <ele>45.5</ele>
        <time>2026-08-04T14:17:54.000Z</time>
      </trkpt>
      <trkpt lat="40.07198897712985" lon="116.35094611120797">
        <ele>45.5</ele>
        <time>2026-08-04T14:17:55.000Z</time>
      </trkpt>
      <trkpt lat="40.07198820083131" lon="116.35091762259427">
        <ele>45.5</ele>
        <time>2026-08-04T14:17:56.000Z</time>
      </trkpt>
      <trkpt lat="40.071987355563536" lon="116.35088931980277">
        <ele>45.5</ele>
        <time>2026-08-04T14:17:57.000Z</time>
      </trkpt>
      <trkpt lat="40.071986716947144" lon="116.35086158986543">
        <ele>45.5</ele>
        <time>2026-08-04T14:17:58.000Z</time>
      </trkpt>
      <trkpt lat="40.07198641407803" lon="116.35083386479646">
        <ele>45.5</ele>
        <time>2026-08-04T14:17:59.000Z</time>
      </trkpt>
      <trkpt lat="40.07198637551697" lon="116.35080538263914">
        <ele>45.4</ele>
        <time>2026-08-04T14:18:00.000Z</time>
      </trkpt>
      <trkpt lat="40.07198644845675" lon="116.35077618572882">
        <ele>45.4</ele>
        <time>2026-08-04T14:18:01.000Z</time>
      </trkpt>
      <trkpt lat="40.07198665238273" lon="116.35074644775267">
        <ele>45.4</ele>
        <time>2026-08-04T14:18:02.000Z</time>
      </trkpt>
      <trkpt lat="40.071987260545875" lon="116.35071627382423">
        <ele>45.4</ele>
        <time>2026-08-04T14:18:03.000Z</time>
      </trkpt>
      <trkpt lat="40.07198850224791" lon="116.3506855797894">
        <ele>45.4</ele>
        <time>2026-08-04T14:18:04.000Z</time>
      </trkpt>
      <trkpt lat="40.07199029128812" lon="116.35065438373202">
        <ele>45.3</ele>
        <time>2026-08-04T14:18:05.000Z</time>
      </trkpt>
      <trkpt lat="40.07199226020305" lon="116.35062296263686">
        <ele>45.3</ele>
        <time>2026-08-04T14:18:06.000Z</time>
      </trkpt>
      <trkpt lat="40.07199386180362" lon="116.35059154592781">
        <ele>45.3</ele>
        <time>2026-08-04T14:18:07.000Z</time>
      </trkpt>
      <trkpt lat="40.071994702284556" lon="116.35056045358309">
        <ele>45.3</ele>
        <time>2026-08-04T14:18:08.000Z</time>
      </trkpt>
      <trkpt lat="40.071994887789906" lon="116.35053027177041">
        <ele>45.3</ele>
        <time>2026-08-04T14:18:09.000Z</time>
      </trkpt>
      <trkpt lat="40.07199467514223" lon="116.3505010064959">
        <ele>45.3</ele>
        <time>2026-08-04T14:18:10.000Z</time>
      </trkpt>
      <trkpt lat="40.071994243502424" lon="116.35047217975298">
        <ele>45.3</ele>
        <time>2026-08-04T14:18:11.000Z</time>
      </trkpt>
      <trkpt lat="40.07199377941921" lon="116.35044352654883">
        <ele>45.4</ele>
        <time>2026-08-04T14:18:12.000Z</time>
      </trkpt>
      <trkpt lat="40.07199336995846" lon="116.3504149404989">
        <ele>45.4</ele>
        <time>2026-08-04T14:18:13.000Z</time>
      </trkpt>
      <trkpt lat="40.071993050916895" lon="116.3503863673039">
        <ele>45.5</ele>
        <time>2026-08-04T14:18:14.000Z</time>
      </trkpt>
      <trkpt lat="40.07199284999449" lon="116.35035757989299">
        <ele>45.6</ele>
        <time>2026-08-04T14:18:15.000Z</time>
      </trkpt>
      <trkpt lat="40.07199276037635" lon="116.35032802218792">
        <ele>45.7</ele>
        <time>2026-08-04T14:18:16.000Z</time>
        <extensions>
          <gpxtpx:TrackPointExtension>
            <gpxtpx:hr>168</gpxtpx:hr>
          </gpxtpx:TrackPointExtension>
        </extensions>
      </trkpt>
      <trkpt lat="40.0719925712726" lon="116.35029717722401">
        <ele>45.9</ele>
        <time>2026-08-04T14:18:17.000Z</time>
        <extensions>
          <gpxtpx:TrackPointExtension>
            <gpxtpx:hr>168</gpxtpx:hr>
          </gpxtpx:TrackPointExtension>
        </extensions>
      </trkpt>
      <trkpt lat="40.071991950961035" lon="116.35026523017348">
        <ele>46.1</ele>
        <time>2026-08-04T14:18:18.000Z</time>
        <extensions>
          <gpxtpx:TrackPointExtension>
            <gpxtpx:hr>168</gpxtpx:hr>
          </gpxtpx:TrackPointExtension>
        </extensions>
      </trkpt>
      <trkpt lat="40.071990656102884" lon="116.350232961755">
        <ele>46.3</ele>
        <time>2026-08-04T14:18:19.000Z</time>
        <extensions>
          <gpxtpx:TrackPointExtension>
            <gpxtpx:hr>168</gpxtpx:hr>
          </gpxtpx:TrackPointExtension>
        </extensions>
      </trkpt>
      <trkpt lat="40.071988219958655" lon="116.35020087753044">
        <ele>46.5</ele>
        <time>2026-08-04T14:18:20.000Z</time>
        <extensions>
          <gpxtpx:TrackPointExtension>
            <gpxtpx:hr>168</gpxtpx:hr>
          </gpxtpx:TrackPointExtension>
        </extensions>
      </trkpt>
      <trkpt lat="40.07198416444443" lon="116.35016917596789">
        <ele>46.7</ele>
        <time>2026-08-04T14:18:21.000Z</time>
        <extensions>
          <gpxtpx:TrackPointExtension>
            <gpxtpx:hr>168</gpxtpx:hr>
          </gpxtpx:TrackPointExtension>
        </extensions>
      </trkpt>
      <trkpt lat="40.07197845002265" lon="116.35013835530452">
        <ele>46.9</ele>
        <time>2026-08-04T14:18:22.000Z</time>
        <extensions>
          <gpxtpx:TrackPointExtension>
            <gpxtpx:hr>168</gpxtpx:hr>
          </gpxtpx:TrackPointExtension>
        </extensions>
      </trkpt>
      <trkpt lat="40.07197156827477" lon="116.35010955283225">
        <ele>47.1</ele>
        <time>2026-08-04T14:18:23.000Z</time>
        <extensions>
          <gpxtpx:TrackPointExtension>
            <gpxtpx:hr>168</gpxtpx:hr>
          </gpxtpx:TrackPointExtension>
        </extensions>
      </trkpt>
      <trkpt lat="40.071964528085665" lon="116.35008469177997">
        <ele>47.3</ele>
        <time>2026-08-04T14:18:24.000Z</time>
        <extensions>
          <gpxtpx:TrackPointExtension>
            <gpxtpx:hr>168</gpxtpx:hr>
          </gpxtpx:TrackPointExtension>
        </extensions>
      </trkpt>
      <trkpt lat="40.07195788278931" lon="116.35006424343618">
        <ele>47.4</ele>
        <time>2026-08-04T14:18:25.000Z</time>
        <extensions>
          <gpxtpx:TrackPointExtension>
            <gpxtpx:hr>168</gpxtpx:hr>
          </gpxtpx:TrackPointExtension>
        </extensions>
      </trkpt>
      <trkpt lat="40.071951746592966" lon="116.35004707738001">
        <ele>47.5</ele>
        <time>2026-08-04T14:18:26.000Z</time>
        <extensions>
          <gpxtpx:TrackPointExtension>
            <gpxtpx:hr>168</gpxtpx:hr>
          </gpxtpx:TrackPointExtension>
        </extensions>
      </trkpt>
      <trkpt lat="40.07194615661834" lon="116.35003185389579">
        <ele>47.7</ele>
        <time>2026-08-04T14:18:27.000Z</time>
        <extensions>
          <gpxtpx:TrackPointExtension>
            <gpxtpx:hr>168</gpxtpx:hr>
          </gpxtpx:TrackPointExtension>
        </extensions>
      </trkpt>    </trkseg>
  </trk>
</gpx>