<?xml version="1.0" encoding="UTF-8"?>
<gpx version="1.1" creator="HealthSync iOS"
     xmlns="http://www.topografix.com/GPX/1/1"
     xmlns:gpxtpx="http://www.garmin.com/xmlschemas/TrackPointExtension/v1"
     xmlns:xsi="http://www.w3.org/2001/XMLSchema-instance"
     xsi:schemaLocation="http://www.topografix.com/GPX/1/1 http://www.topografix.com/GPX/1/1/gpx.xsd http://www.garmin.com/xmlschemas/TrackPointExtension/v1 http://www.garmin.com/xmlschemas/TrackPointExtensionv1.xsd">
  <trk>
    <name>Activity 2026/7/26, 20:12</name>
    <type>running</type>
    <trkseg>
      <trkpt lat="40.075839433769175" lon="116.33785484364127">
        <ele>45.0</ele>
        <time>2026-07-26T12:12:41.001Z</time>
        <extensions>
          <gpxtpx:TrackPointExtension>
            <gpxtpx:hr>156</gpxtpx:hr>
          </gpxtpx:TrackPointExtension>
        </extensions>
      </trkpt>
      <trkpt lat="40.075846746657156" lon="116.33785442678179">
        <ele>45.0</ele>
        <time>2026-07-26T12:12:42.001Z</time>
        <extensions>
          <gpxtpx:TrackPointExtension>
            <gpxtpx:hr>156</gpxtpx:hr>
          </gpxtpx:TrackPointExtension>
        </extensions>
      </trkpt>
      <trkpt lat="40.07585610139527" lon="116.33785388515366">
        <ele>45.0</ele>
        <time>2026-07-26T12:12:43.001Z</time>
        <extensions>
          <gpxtpx:TrackPointExtension>
            <gpxtpx:hr>156</gpxtpx:hr>
          </gpxtpx:TrackPointExtension>
        </extensions>
      </trkpt>
      <trkpt lat="40.07586886095203" lon="116.337853124502">
        <ele>45.0</ele>
        <time>2026-07-26T12:12:44.001Z</time>
        <extensions>
          <gpxtpx:TrackPointExtension>
            <gpxtpx:hr>156</gpxtpx:hr>
          </gpxtpx:TrackPointExtension>
        </extensions>
      </trkpt>
      <trkpt lat="40.07588499058956" lon="116.33785219632868">
        <ele>45.0</ele>
        <time>2026-07-26T12:12:45.001Z</time>
        <extensions>
          <gpxtpx:TrackPointExtension>
            <gpxtpx:hr>156</gpxtpx:hr>
          </gpxtpx:TrackPointExtension>
        </extensions>
      </trkpt>
      <trkpt lat="40.07590363308046" lon="116.33785136625227">
        <ele>45.0</ele>
        <time>2026-07-26T12:12:46.001Z</time>
        <extensions>
          <gpxtpx:TrackPointExtension>
            <gpxtpx:hr>156</gpxtpx:hr>
          </gpxtpx:TrackPointExtension>
        </extensions>
      </trkpt>
      <trkpt lat="40.07592436598897" lon="116.33785086532846">
        <ele>45.0</ele>
        <time>2026-07-26T12:12:47.001Z</time>
        <extensions>
          <gpxtpx:TrackPointExtension>
            <gpxtpx:hr>156</gpxtpx:hr>
          </gpxtpx:TrackPointExtension>
        </extensions>
      </trkpt>
      <trkpt lat="40.07594691382308" lon="116.33785086104797">
        <ele>45.0</ele>
        <time>2026-07-26T12:12:48.001Z</time>
        <extensions>
          <gpxtpx:TrackPointExtension>
            <gpxtpx:hr>156</gpxtpx:hr>
          </gpxtpx:TrackPointExtension>
        </extensions>
      </trkpt>
      <trkpt lat="40.075971193112885" lon="116.33785130854109">
        <ele>45.0</ele>
        <time>2026-07-26T12:12:49.000Z</time>
        <extensions>
          <gpxtpx:TrackPointExtension>
            <gpxtpx:hr>156</gpxtpx:hr>
          </gpxtpx:TrackPointExtension>
        </extensions>
      </trkpt>
      <trkpt lat="40.07599665845131" lon="116.33785196312694">
        <ele>45.0</ele>
        <time>2026-07-26T12:12:50.000Z</time>
        <extensions>
          <gpxtpx:TrackPointExtension>
            <gpxtpx:hr>156</gpxtpx:hr>
          </gpxtpx:TrackPointExtension>
        </extensions>
      </trkpt>
      <trkpt lat="40.07602267754168" lon="116.33785251491727">
        <ele>45.0</ele>
        <time>2026-07-26T12:12:51.000Z</time>
        <extensions>
          <gpxtpx:TrackPointExtension>
            <gpxtpx:hr>156</gpxtpx:hr>
          </gpxtpx:TrackPointExtension>
        </extensions>
      </trkpt>
      <trkpt lat="40.076048917377356" lon="116.33785257288777">
        <ele>45.1</ele>
        <time>2026-07-26T12:12:52.000Z</time>
        <extensions>
          <gpxtpx:TrackPointExtension>
            <gpxtpx:hr>156</gpxtpx:hr>
          </gpxtpx:TrackPointExtension>
        </extensions>
      </trkpt>
      <trkpt lat="40.07607518403745" lon="116.33785168231414">
        <ele>45.1</ele>
        <time>2026-07-26T12:12:53.000Z</time>
        <extensions>
          <gpxtpx:TrackPointExtension>
            <gpxtpx:hr>156</gpxtpx:hr>
          </gpxtpx:TrackPointExtension>
        </extensions>
      </trkpt>
      <trkpt lat="40.0761014937268" lon="116.33784992193559">
        <ele>45.1</ele>
        <time>2026-07-26T12:12:54.000Z</time>
        <extensions>
          <gpxtpx:TrackPointExtension>
            <gpxtpx:hr>156</gpxtpx:hr>
          </gpxtpx:TrackPointExtension>
        </extensions>
      </trkpt>
      <trkpt lat="40.076127921913915" lon="116.33784791721368">
        <ele>45.1</ele>
        <time>2026-07-26T12:12:55.000Z</time>
      </trkpt>
      <trkpt lat="40.07615453471343" lon="116.33784627575389">
        <ele>45.1</ele>
        <time>2026-07-26T12:12:56.000Z</time>
      </trkpt>
      <trkpt lat="40.076181192676536" lon="116.33784513784259">
        <ele>45.1</ele>
        <time>2026-07-26T12:12:57.000Z</time>
      </trkpt>
      <trkpt lat="40.07620749554635" lon="116.3378444159168">
        <ele>45.1</ele>
        <time>2026-07-26T12:12:58.000Z</time>
      </trkpt>
      <trkpt lat="40.07623331915899" lon="116.3378439523739">
        <ele>45.1</ele>
        <time>2026-07-26T12:12:59.000Z</time>
      </trkpt>
      <trkpt lat="40.076258668465975" lon="116.33784351931884">
        <ele>45.1</ele>
        <time>2026-07-26T12:13:00.000Z</time>
      </trkpt>
      <trkpt lat="40.07628356083395" lon="116.3378431061939">
        <ele>45.2</ele>
        <time>2026-07-26T12:13:01.000Z</time>
      </trkpt>
      <trkpt lat="40.07630817739772" lon="116.33784261240751">
        <ele>45.2</ele>
        <time>2026-07-26T12:13:02.000Z</time>
      </trkpt>
      <trkpt lat="40.07633262791315" lon="116.33784201778118">
        <ele>45.2</ele>
        <time>2026-07-26T12:13:03.000Z</time>
      </trkpt>
      <trkpt lat="40.07635697864423" lon="116.33784140871313">
        <ele>45.2</ele>
        <time>2026-07-26T12:13:04.000Z</time>
      </trkpt>
      <trkpt lat="40.07620626786017" lon="116.33692066189803">
        <ele>44.9</ele>
        <time>2026-07-26T12:19:44.963Z</time>
      </trkpt>
      <trkpt lat="40.076140045547" lon="116.33691901534684">
        <ele>45.4</ele>
        <time>2026-07-26T12:19:45.963Z</time>
      </trkpt>
      <trkpt lat="40.07612251078658" lon="116.33692130454995">
        <ele>45.4</ele>
        <time>2026-07-26T12:19:46.963Z</time>
      </trkpt>
      <trkpt lat="40.076105045611015" lon="116.33692188404564">
        <ele>45.4</ele>
        <time>2026-07-26T12:19:47.963Z</time>
      </trkpt>
      <trkpt lat="40.076086951954245" lon="116.33692114634201">
        <ele>45.5</ele>
        <time>2026-07-26T12:19:48.963Z</time>
      </trkpt>
      <trkpt lat="40.076070026733056" lon="116.33692038402675">
        <ele>45.5</ele>
        <time>2026-07-26T12:19:49.963Z</time>
      </trkpt>
      <trkpt lat="40.07605377038067" lon="116.33691973558606">
        <ele>45.5</ele>
        <time>2026-07-26T12:19:50.963Z</time>
      </trkpt>
      <trkpt lat="40.07603607487764" lon="116.33691947959187">
        <ele>45.5</ele>
        <time>2026-07-26T12:19:51.963Z</time>
      </trkpt>
      <trkpt lat="40.076016119261794" lon="116.33691949341095">
        <ele>45.5</ele>
        <time>2026-07-26T12:19:52.963Z</time>
      </trkpt>
      <trkpt lat="40.075993568786146" lon="116.33691958525462">
        <ele>45.6</ele>
        <time>2026-07-26T12:19:53.963Z</time>
      </trkpt>
      <trkpt lat="40.07596868402466" lon="116.33691999303565">
        <ele>45.6</ele>
        <time>2026-07-26T12:19:54.963Z</time>
      </trkpt>
      <trkpt lat="40.0759424746271" lon="116.33692058718039">
        <ele>45.6</ele>
        <time>2026-07-26T12:19:55.963Z</time>
      </trkpt>
      <trkpt lat="40.07591582730342" lon="116.33692133313829">
        <ele>45.6</ele>
        <time>2026-07-26T12:19:56.963Z</time>
      </trkpt>
      <trkpt lat="40.075889336479385" lon="116.33692235725724">
        <ele>45.7</ele>
        <time>2026-07-26T12:19:57.963Z</time>
      </trkpt>
      <trkpt lat="40.07586330848613" lon="116.33692353213439">
        <ele>45.7</ele>
        <time>2026-07-26T12:19:58.963Z</time>
      </trkpt>
      <trkpt lat="40.07583793391226" lon="116.33692533628549">
        <ele>45.8</ele>
        <time>2026-07-26T12:19:59.963Z</time>
      </trkpt>
      <trkpt lat="40.07581285205834" lon="116.33692836424028">
        <ele>45.8</ele>
        <time>2026-07-26T12:20:00.963Z</time>
      </trkpt>
      <trkpt lat="40.07578757690144" lon="116.33693267914926">
        <ele>45.9</ele>
        <time>2026-07-26T12:20:01.963Z</time>
      </trkpt>
      <trkpt lat="40.07576200071657" lon="116.3369380108263">
        <ele>45.9</ele>
        <time>2026-07-26T12:20:02.963Z</time>
      </trkpt>
      <trkpt lat="40.07573631547313" lon="116.33694503365504">
        <ele>46.0</ele>
        <time>2026-07-26T12:20:03.963Z</time>
      </trkpt>
      <trkpt lat="40.07571094217894" lon="116.33695390694596">
        <ele>46.0</ele>
        <time>2026-07-26T12:20:04.963Z</time>
      </trkpt>
      <trkpt lat="40.07568617610489" lon="116.33696467772045">
        <ele>46.1</ele>
        <time>2026-07-26T12:20:05.963Z</time>
      </trkpt>
      <trkpt lat="40.075662470961674" lon="116.33697782001772">
        <ele>46.1</ele>
        <time>2026-07-26T12:20:06.963Z</time>
      </trkpt>
      <trkpt lat="40.0756405706705" lon="116.33699386583379">
        <ele>46.2</ele>
        <time>2026-07-26T12:20:07.963Z</time>
      </trkpt>
      <trkpt lat="40.07562071811823" lon="116.33701270112215">
        <ele>46.2</ele>
        <time>2026-07-26T12:20:08.962Z</time>
      </trkpt>
      <trkpt lat="40.07560232305083" lon="116.33703373384299">
        <ele>46.3</ele>
        <time>2026-07-26T12:20:09.963Z</time>
      </trkpt>
      <trkpt lat="40.07558476565985" lon="116.33705665192218">
        <ele>46.3</ele>
        <time>2026-07-26T12:20:10.963Z</time>
      </trkpt>
      <trkpt lat="40.075567993427754" lon="116.33708146193975">
        <ele>46.4</ele>
        <time>2026-07-26T12:20:11.963Z</time>
      </trkpt>
      <trkpt lat="40.075552210213694" lon="116.33710787297743">
        <ele>46.4</ele>
        <time>2026-07-26T12:20:12.963Z</time>
      </trkpt>
      <trkpt lat="40.07553690458394" lon="116.33713496838138">
        <ele>46.4</ele>
        <time>2026-07-26T12:20:13.963Z</time>
      </trkpt>
      <trkpt lat="40.07552243642195" lon="116.3371628014412">
        <ele>46.5</ele>
        <time>2026-07-26T12:20:14.963Z</time>
      </trkpt>
      <trkpt lat="40.07550959342801" lon="116.3371919367644">
        <ele>46.5</ele>
        <time>2026-07-26T12:20:15.963Z</time>
      </trkpt>
      <trkpt lat="40.075498213396855" lon="116.33722198656409">
        <ele>46.6</ele>
        <time>2026-07-26T12:20:16.963Z</time>
      </trkpt>
      <trkpt lat="40.07548881748067" lon="116.33725304497607">
        <ele>46.6</ele>
        <time>2026-07-26T12:20:17.963Z</time>
      </trkpt>
      <trkpt lat="40.07548178946741" lon="116.33728498415859">
        <ele>46.6</ele>
        <time>2026-07-26T12:20:18.963Z</time>
      </trkpt>
      <trkpt lat="40.07547716194241" lon="116.33731741572554">
        <ele>46.6</ele>
        <time>2026-07-26T12:20:19.963Z</time>
      </trkpt>
      <trkpt lat="40.07547477662183" lon="116.33734995347223">
        <ele>46.7</ele>
        <time>2026-07-26T12:20:20.963Z</time>
      </trkpt>
      <trkpt lat="40.07547412659218" lon="116.33738234986286">
        <ele>46.7</ele>
        <time>2026-07-26T12:20:21.963Z</time>
      </trkpt>
      <trkpt lat="40.07547494444785" lon="116.33741446100402">
        <ele>46.7</ele>
        <time>2026-07-26T12:20:22.963Z</time>
      </trkpt>
      <trkpt lat="40.075477075169175" lon="116.337446061837">
        <ele>46.7</ele>
        <time>2026-07-26T12:20:23.963Z</time>
      </trkpt>
      <trkpt lat="40.07548050658605" lon="116.33747700767852">
        <ele>46.7</ele>
        <time>2026-07-26T12:20:24.963Z</time>
      </trkpt>
      <trkpt lat="40.07548542948563" lon="116.33750702378117">
        <ele>46.7</ele>
        <time>2026-07-26T12:20:25.963Z</time>
      </trkpt>
      <trkpt lat="40.07549220554223" lon="116.33753587259801">
        <ele>46.7</ele>
        <time>2026-07-26T12:20:26.963Z</time>
      </trkpt>
      <trkpt lat="40.07550080132177" lon="116.33756361075949">
        <ele>46.7</ele>
        <time>2026-07-26T12:20:27.963Z</time>
      </trkpt>
      <trkpt lat="40.075510727609455" lon="116.33759057558086">
        <ele>46.7</ele>
        <time>2026-07-26T12:20:28.963Z</time>
      </trkpt>
      <trkpt lat="40.07552187793285" lon="116.33761693509193">
        <ele>46.7</ele>
        <time>2026-07-26T12:20:29.963Z</time>
      </trkpt>
      <trkpt lat="40.07553425869547" lon="116.33764274638294">
        <ele>46.6</ele>
        <time>2026-07-26T12:20:30.963Z</time>
      </trkpt>
      <trkpt lat="40.07554788848364" lon="116.33766776946783">
        <ele>46.6</ele>
        <time>2026-07-26T12:20:31.963Z</time>
      </trkpt>
      <trkpt lat="40.075562568853776" lon="116.33769174583216">
        <ele>46.6</ele>
        <time>2026-07-26T12:20:32.962Z</time>
      </trkpt>
      <trkpt lat="40.075578150815346" lon="116.33771439413228">
        <ele>46.5</ele>
        <time>2026-07-26T12:20:33.962Z</time>
      </trkpt>
      <trkpt lat="40.07559421530882" lon="116.33773565917372">
        <ele>46.5</ele>
        <time>2026-07-26T12:20:34.962Z</time>
      </trkpt>
      <trkpt lat="40.07561032088105" lon="116.33775525206555">
        <ele>46.5</ele>
        <time>2026-07-26T12:20:35.962Z</time>
      </trkpt>
      <trkpt lat="40.075627136408976" lon="116.3377727268886">
        <ele>46.4</ele>
        <time>2026-07-26T12:20:36.963Z</time>
      </trkpt>
      <trkpt lat="40.07564503240487" lon="116.3377881880596">
        <ele>46.4</ele>
        <time>2026-07-26T12:20:37.963Z</time>
      </trkpt>
      <trkpt lat="40.07566417040695" lon="116.3378017985181">
        <ele>46.4</ele>
        <time>2026-07-26T12:20:38.963Z</time>
      </trkpt>
      <trkpt lat="40.075684514103656" lon="116.3378136364915">
        <ele>46.3</ele>
        <time>2026-07-26T12:20:39.963Z</time>
      </trkpt>
      <trkpt lat="40.07570572688693" lon="116.33782322828812">
        <ele>46.3</ele>
        <time>2026-07-26T12:20:40.963Z</time>
      </trkpt>
      <trkpt lat="40.07572744619679" lon="116.33783076160314">
        <ele>46.3</ele>
        <time>2026-07-26T12:20:41.963Z</time>
      </trkpt>
      <trkpt lat="40.07574941026634" lon="116.33783681904683">
        <ele>46.2</ele>
        <time>2026-07-26T12:20:42.963Z</time>
      </trkpt>
      <trkpt lat="40.07577156836102" lon="116.33784178842676">
        <ele>46.2</ele>
        <time>2026-07-26T12:20:43.963Z</time>
      </trkpt>
      <trkpt lat="40.07579391916182" lon="116.33784602333586">
        <ele>46.2</ele>
        <time>2026-07-26T12:20:44.963Z</time>
      </trkpt>
      <trkpt lat="40.07581645880691" lon="116.33785016173292">
        <ele>46.2</ele>
        <time>2026-07-26T12:20:45.963Z</time>
      </trkpt>
      <trkpt lat="40.07583920369113" lon="116.33785444133423">
        <ele>46.1</ele>
        <time>2026-07-26T12:20:46.963Z</time>
      </trkpt>
      <trkpt lat="40.075862256443926" lon="116.3378576568261">
        <ele>46.1</ele>
        <time>2026-07-26T12:20:47.963Z</time>
      </trkpt>
      <trkpt lat="40.07588543368901" lon="116.3378589815869">
        <ele>46.1</ele>
        <time>2026-07-26T12:20:48.963Z</time>
      </trkpt>
      <trkpt lat="40.07590851424932" lon="116.3378585674698">
        <ele>46.1</ele>
        <time>2026-07-26T12:20:49.963Z</time>
      </trkpt>
      <trkpt lat="40.075931584749526" lon="116.33785695585165">
        <ele>46.1</ele>
        <time>2026-07-26T12:20:50.963Z</time>
      </trkpt>
      <trkpt lat="40.07595491088051" lon="116.33785443684161">
        <ele>46.1</ele>
        <time>2026-07-26T12:20:51.963Z</time>
      </trkpt>
      <trkpt lat="40.07597852448305" lon="116.33785166686887">
        <ele>46.0</ele>
        <time>2026-07-26T12:20:52.963Z</time>
      </trkpt>
      <trkpt lat="40.076002122114176" lon="116.3378494596914">
        <ele>46.0</ele>
        <time>2026-07-26T12:20:53.962Z</time>
      </trkpt>
      <trkpt lat="40.076025537176015" lon="116.33784802456289">
        <ele>46.0</ele>
        <time>2026-07-26T12:20:54.963Z</time>
      </trkpt>
      <trkpt lat="40.07604868239943" lon="116.33784704578197">
        <ele>46.0</ele>
        <time>2026-07-26T12:20:55.963Z</time>
      </trkpt>
      <trkpt lat="40.07607154701882" lon="116.33784664302289">
        <ele>46.0</ele>
        <time>2026-07-26T12:20:56.962Z</time>
      </trkpt>
      <trkpt lat="40.07609424711019" lon="116.33784675612763">
        <ele>46.0</ele>
        <time>2026-07-26T12:20:57.962Z</time>
      </trkpt>
      <trkpt lat="40.076117009836146" lon="116.3378465864957">
        <ele>46.0</ele>
        <time>2026-07-26T12:20:58.963Z</time>
      </trkpt>
      <trkpt lat="40.07613992114948" lon="116.33784611772569">
        <ele>45.9</ele>
        <time>2026-07-26T12:20:59.963Z</time>
      </trkpt>
      <trkpt lat="40.0761628787971" lon="116.33784576455346">
        <ele>45.9</ele>
        <time>2026-07-26T12:21:00.963Z</time>
      </trkpt>
      <trkpt lat="40.076185736739944" lon="116.33784588054088">
        <ele>45.9</ele>
        <time>2026-07-26T12:21:01.963Z</time>
      </trkpt>
      <trkpt lat="40.07620847657423" lon="116.33784625733038">
        <ele>45.9</ele>
        <time>2026-07-26T12:21:02.963Z</time>
      </trkpt>
      <trkpt lat="40.076231220635236" lon="116.33784663175192">
        <ele>45.9</ele>
        <time>2026-07-26T12:21:03.962Z</time>
      </trkpt>
      <trkpt lat="40.076253931779384" lon="116.33784734947639">
        <ele>45.9</ele>
        <time>2026-07-26T12:21:04.963Z</time>
      </trkpt>
      <trkpt lat="40.076276473150365" lon="116.33784841340807">
        <ele>45.9</ele>
        <time>2026-07-26T12:21:05.962Z</time>
      </trkpt>
      <trkpt lat="40.07629887944073" lon="116.33784941858055">
        <ele>45.9</ele>
        <time>2026-07-26T12:21:06.962Z</time>
      </trkpt>
      <trkpt lat="40.07632117129793" lon="116.33784980053228">
        <ele>45.9</ele>
        <time>2026-07-26T12:21:07.962Z</time>
      </trkpt>
      <trkpt lat="40.07634317225527" lon="116.3378497342881">
        <ele>45.9</ele>
        <time>2026-07-26T12:21:08.962Z</time>
      </trkpt>
      <trkpt lat="40.07636463869786" lon="116.33784956608737">
        <ele>45.9</ele>
        <time>2026-07-26T12:21:09.963Z</time>
      </trkpt>
      <trkpt lat="40.07638566844181" lon="116.33784875470815">
        <ele>45.9</ele>
        <time>2026-07-26T12:21:10.962Z</time>
      </trkpt>
      <trkpt lat="40.07640673202961" lon="116.33784683486493">
        <ele>45.9</ele>
        <time>2026-07-26T12:21:11.963Z</time>
      </trkpt>
      <trkpt lat="40.076428045168555" lon="116.3378440521148">
        <ele>45.9</ele>
        <time>2026-07-26T12:21:12.962Z</time>
      </trkpt>
      <trkpt lat="40.076449611117575" lon="116.33784123842968">
        <ele>45.9</ele>
        <time>2026-07-26T12:21:13.962Z</time>
      </trkpt>
      <trkpt lat="40.07647129744822" lon="116.33783896496334">
        <ele>45.9</ele>
        <time>2026-07-26T12:21:14.963Z</time>
      </trkpt>
      <trkpt lat="40.07649304280918" lon="116.33783711003812">
        <ele>45.9</ele>
        <time>2026-07-26T12:21:15.962Z</time>
      </trkpt>
      <trkpt lat="40.07651511614647" lon="116.337834976934">
        <ele>45.9</ele>
        <time>2026-07-26T12:21:16.962Z</time>
      </trkpt>
      <trkpt lat="40.07653756895926" lon="116.33783257164167">
        <ele>45.8</ele>
        <time>2026-07-26T12:21:17.962Z</time>
      </trkpt>
      <trkpt lat="40.07656033286131" lon="116.33783001014555">
        <ele>45.8</ele>
        <time>2026-07-26T12:21:18.962Z</time>
      </trkpt>
      <trkpt lat="40.076583449620415" lon="116.33782694898667">
        <ele>45.8</ele>
        <time>2026-07-26T12:21:19.962Z</time>
      </trkpt>
      <trkpt lat="40.07660691121198" lon="116.33782336109863">
        <ele>45.8</ele>
        <time>2026-07-26T12:21:20.962Z</time>
      </trkpt>
      <trkpt lat="40.07663058249118" lon="116.33781945096457">
        <ele>45.8</ele>
        <time>2026-07-26T12:21:21.962Z</time>
      </trkpt>
      <trkpt lat="40.07665428083728" lon="116.33781564862322">
        <ele>45.8</ele>
        <time>2026-07-26T12:21:22.962Z</time>
      </trkpt>
      <trkpt lat="40.0766777279185" lon="116.33781179012574">
        <ele>45.8</ele>
        <time>2026-07-26T12:21:23.962Z</time>
      </trkpt>
      <trkpt lat="40.07670063754739" lon="116.33780742182871">
        <ele>45.8</ele>
        <time>2026-07-26T12:21:24.962Z</time>
      </trkpt>
      <trkpt lat="40.076723078332556" lon="116.33780251234738">
        <ele>45.8</ele>
        <time>2026-07-26T12:21:25.962Z</time>
      </trkpt>
      <trkpt lat="40.07674547531913" lon="116.33779752311999">
        <ele>45.8</ele>
        <time>2026-07-26T12:21:26.962Z</time>
      </trkpt>
      <trkpt lat="40.076768085477866" lon="116.3377925488852">
        <ele>45.8</ele>
        <time>2026-07-26T12:21:27.963Z</time>
      </trkpt>
      <trkpt lat="40.076790555352716" lon="116.33778559365243">
        <ele>45.7</ele>
        <time>2026-07-26T12:21:28.962Z</time>
      </trkpt>
      <trkpt lat="40.07681244336342" lon="116.33777504692381">
        <ele>45.7</ele>
        <time>2026-07-26T12:21:29.962Z</time>
      </trkpt>
      <trkpt lat="40.0768337451693" lon="116.33776169181985">
        <ele>45.7</ele>
        <time>2026-07-26T12:21:30.962Z</time>
      </trkpt>
      <trkpt lat="40.0768545400493" lon="116.33774615265986">
        <ele>45.7</ele>
        <time>2026-07-26T12:21:31.962Z</time>
      </trkpt>
      <trkpt lat="40.07687461619446" lon="116.3377279836291">
        <ele>45.7</ele>
        <time>2026-07-26T12:21:32.962Z</time>
      </trkpt>
      <trkpt lat="40.07689374684225" lon="116.33770706331617">
        <ele>45.6</ele>
        <time>2026-07-26T12:21:33.962Z</time>
      </trkpt>
      <trkpt lat="40.076912096648286" lon="116.3376841713023">
        <ele>45.6</ele>
        <time>2026-07-26T12:21:34.962Z</time>
      </trkpt>
      <trkpt lat="40.07692960742563" lon="116.33765973595389">
        <ele>45.6</ele>
        <time>2026-07-26T12:21:35.962Z</time>
      </trkpt>
      <trkpt lat="40.07694572256409" lon="116.33763350661225">
        <ele>45.6</ele>
        <time>2026-07-26T12:21:36.962Z</time>
      </trkpt>
      <trkpt lat="40.07696031689203" lon="116.33760606491424">
        <ele>45.6</ele>
        <time>2026-07-26T12:21:37.962Z</time>
      </trkpt>
      <trkpt lat="40.076973229066226" lon="116.33757804143933">
        <ele>45.5</ele>
        <time>2026-07-26T12:21:38.962Z</time>
      </trkpt>
      <trkpt lat="40.07698431541496" lon="116.33754980996176">
        <ele>45.5</ele>
        <time>2026-07-26T12:21:39.962Z</time>
      </trkpt>
      <trkpt lat="40.076993231976616" lon="116.33752127647324">
        <ele>45.5</ele>
        <time>2026-07-26T12:21:40.962Z</time>
      </trkpt>
      <trkpt lat="40.07699969465174" lon="116.33749194131461">
        <ele>45.5</ele>
        <time>2026-07-26T12:21:41.962Z</time>
      </trkpt>
      <trkpt lat="40.077004123285086" lon="116.33746170554947">
        <ele>45.4</ele>
        <time>2026-07-26T12:21:42.962Z</time>
      </trkpt>
      <trkpt lat="40.07700696855622" lon="116.3374306626245">
        <ele>45.4</ele>
        <time>2026-07-26T12:21:43.962Z</time>
      </trkpt>
      <trkpt lat="40.077008336362056" lon="116.3373992242483">
        <ele>45.4</ele>
        <time>2026-07-26T12:21:44.962Z</time>
      </trkpt>
      <trkpt lat="40.07700836123549" lon="116.337367596907">
        <ele>45.3</ele>
        <time>2026-07-26T12:21:45.962Z</time>
      </trkpt>
      <trkpt lat="40.077006735623705" lon="116.3373355325004">
        <ele>45.3</ele>
        <time>2026-07-26T12:21:46.962Z</time>
      </trkpt>
      <trkpt lat="40.07700304763687" lon="116.33730280154005">
        <ele>45.3</ele>
        <time>2026-07-26T12:21:47.962Z</time>
      </trkpt>
      <trkpt lat="40.07699702296354" lon="116.33726973517314">
        <ele>45.2</ele>
        <time>2026-07-26T12:21:48.962Z</time>
      </trkpt>
      <trkpt lat="40.0769886303187" lon="116.33723676973474">
        <ele>45.2</ele>
        <time>2026-07-26T12:21:49.962Z</time>
      </trkpt>
      <trkpt lat="40.07697859671929" lon="116.33720407436353">
        <ele>45.1</ele>
        <time>2026-07-26T12:21:50.962Z</time>
      </trkpt>
      <trkpt lat="40.07696709952353" lon="116.33717202765119">
        <ele>45.1</ele>
        <time>2026-07-26T12:21:51.962Z</time>
      </trkpt>
      <trkpt lat="40.076953706558285" lon="116.33714084518824">
        <ele>45.1</ele>
        <time>2026-07-26T12:21:52.962Z</time>
      </trkpt>
      <trkpt lat="40.0769384619483" lon="116.3371103697596">
        <ele>45.0</ele>
        <time>2026-07-26T12:21:53.962Z</time>
      </trkpt>
      <trkpt lat="40.07692139653438" lon="116.33708103506622">
        <ele>45.0</ele>
        <time>2026-07-26T12:21:54.962Z</time>
      </trkpt>
      <trkpt lat="40.07690254099576" lon="116.33705366217777">
        <ele>44.9</ele>
        <time>2026-07-26T12:21:55.962Z</time>
      </trkpt>
      <trkpt lat="40.07688203198642" lon="116.33702868913772">
        <ele>44.9</ele>
        <time>2026-07-26T12:21:56.962Z</time>
      </trkpt>
      <trkpt lat="40.07685994162901" lon="116.33700632649588">
        <ele>44.8</ele>
        <time>2026-07-26T12:21:57.962Z</time>
      </trkpt>
      <trkpt lat="40.076836783207206" lon="116.3369863239833">
        <ele>44.8</ele>
        <time>2026-07-26T12:21:58.962Z</time>
      </trkpt>
      <trkpt lat="40.07681304568229" lon="116.33696829533187">
        <ele>44.8</ele>
        <time>2026-07-26T12:21:59.962Z</time>
      </trkpt>
      <trkpt lat="40.076789253804336" lon="116.33695174489397">
        <ele>44.7</ele>
        <time>2026-07-26T12:22:00.962Z</time>
      </trkpt>
      <trkpt lat="40.07676524985325" lon="116.33693710552593">
        <ele>44.7</ele>
        <time>2026-07-26T12:22:01.962Z</time>
      </trkpt>
      <trkpt lat="40.07674073719681" lon="116.33692500996835">
        <ele>44.7</ele>
        <time>2026-07-26T12:22:02.962Z</time>
      </trkpt>
      <trkpt lat="40.07671569367586" lon="116.33691586113933">
        <ele>44.7</ele>
        <time>2026-07-26T12:22:03.962Z</time>
      </trkpt>
      <trkpt lat="40.07669023110694" lon="116.33690950175121">
        <ele>44.7</ele>
        <time>2026-07-26T12:22:04.962Z</time>
      </trkpt>
      <trkpt lat="40.07666482819672" lon="116.33690438690515">
        <ele>44.7</ele>
        <time>2026-07-26T12:22:05.962Z</time>
      </trkpt>
      <trkpt lat="40.07663958384278" lon="116.33689991618327">
        <ele>44.7</ele>
        <time>2026-07-26T12:22:06.962Z</time>
      </trkpt>
      <trkpt lat="40.07661448346549" lon="116.33689538872378">
        <ele>44.7</ele>
        <time>2026-07-26T12:22:07.962Z</time>
      </trkpt>
      <trkpt lat="40.076589450520004" lon="116.33689079440298">
        <ele>44.8</ele>
        <time>2026-07-26T12:22:08.962Z</time>
      </trkpt>
      <trkpt lat="40.07656428916232" lon="116.33688758250925">
        <ele>44.8</ele>
        <time>2026-07-26T12:22:09.962Z</time>
      </trkpt>
      <trkpt lat="40.07653908312278" lon="116.33688618372987">
        <ele>44.9</ele>
        <time>2026-07-26T12:22:10.962Z</time>
      </trkpt>
      <trkpt lat="40.076514008571756" lon="116.33688590758598">
        <ele>44.9</ele>
        <time>2026-07-26T12:22:11.962Z</time>
      </trkpt>
      <trkpt lat="40.0764892679947" lon="116.33688626037562">
        <ele>45.0</ele>
        <time>2026-07-26T12:22:12.962Z</time>
      </trkpt>
      <trkpt lat="40.076464951044954" lon="116.3368865282432">
        <ele>45.0</ele>
        <time>2026-07-26T12:22:13.962Z</time>
      </trkpt>
      <trkpt lat="40.07644092259506" lon="116.33688662668128">
        <ele>45.1</ele>
        <time>2026-07-26T12:22:14.962Z</time>
      </trkpt>
      <trkpt lat="40.076416982741264" lon="116.33688621745475">
        <ele>45.1</ele>
        <time>2026-07-26T12:22:15.962Z</time>
      </trkpt>
      <trkpt lat="40.07639305855466" lon="116.33688464381585">
        <ele>45.2</ele>
        <time>2026-07-26T12:22:16.962Z</time>
      </trkpt>
      <trkpt lat="40.07636918532003" lon="116.33688233388614">
        <ele>45.2</ele>
        <time>2026-07-26T12:22:17.962Z</time>
      </trkpt>
      <trkpt lat="40.07634542174046" lon="116.33688073094497">
        <ele>45.2</ele>
        <time>2026-07-26T12:22:18.962Z</time>
      </trkpt>
      <trkpt lat="40.076321695479855" lon="116.3368809347667">
        <ele>45.3</ele>
        <time>2026-07-26T12:22:19.962Z</time>
      </trkpt>
      <trkpt lat="40.07629797417927" lon="116.33688198986306">
        <ele>45.3</ele>
        <time>2026-07-26T12:22:20.962Z</time>
      </trkpt>
      <trkpt lat="40.07627425872626" lon="116.33688312378307">
        <ele>45.3</ele>
        <time>2026-07-26T12:22:21.962Z</time>
      </trkpt>
      <trkpt lat="40.07625055853643" lon="116.33688436247918">
        <ele>45.3</ele>
        <time>2026-07-26T12:22:22.962Z</time>
      </trkpt>
      <trkpt lat="40.07622705409636" lon="116.33688557069951">
        <ele>45.4</ele>
        <time>2026-07-26T12:22:23.962Z</time>
      </trkpt>
      <trkpt lat="40.07620387423409" lon="116.33688643219348">
        <ele>45.4</ele>
        <time>2026-07-26T12:22:24.962Z</time>
      </trkpt>
      <trkpt lat="40.07618120417926" lon="116.33688707366437">
        <ele>45.4</ele>
        <time>2026-07-26T12:22:25.962Z</time>
      </trkpt>
      <trkpt lat="40.07615905629445" lon="116.33688784629585">
        <ele>45.4</ele>
        <time>2026-07-26T12:22:26.962Z</time>
      </trkpt>
      <trkpt lat="40.076137124063685" lon="116.33688870932474">
        <ele>45.4</ele>
        <time>2026-07-26T12:22:27.962Z</time>
      </trkpt>
      <trkpt lat="40.076114978923066" lon="116.33688952764288">
        <ele>45.4</ele>
        <time>2026-07-26T12:22:28.962Z</time>
      </trkpt>
      <trkpt lat="40.076092502410624" lon="116.33689065235221">
        <ele>45.4</ele>
        <time>2026-07-26T12:22:29.962Z</time>
      </trkpt>
      <trkpt lat="40.07606998657863" lon="116.33689273657833">
        <ele>45.4</ele>
        <time>2026-07-26T12:22:30.962Z</time>
      </trkpt>
      <trkpt lat="40.07604763737204" lon="116.33689613123084">
        <ele>45.4</ele>
        <time>2026-07-26T12:22:31.962Z</time>
      </trkpt>
      <trkpt lat="40.07602543857513" lon="116.33690024537201">
        <ele>45.4</ele>
        <time>2026-07-26T12:22:32.961Z</time>
      </trkpt>
      <trkpt lat="40.07600318602691" lon="116.33690417361767">
        <ele>45.4</ele>
        <time>2026-07-26T12:22:33.962Z</time>
      </trkpt>
      <trkpt lat="40.0759807647593" lon="116.33690769532174">
        <ele>45.4</ele>
        <time>2026-07-26T12:22:34.962Z</time>
      </trkpt>
      <trkpt lat="40.075958083438934" lon="116.33691003536659">
        <ele>45.5</ele>
        <time>2026-07-26T12:22:35.962Z</time>
        <extensions>
          <gpxtpx:TrackPointExtension>
            <gpxtpx:hr>178</gpxtpx:hr>
          </gpxtpx:TrackPointExtension>
        </extensions>
      </trkpt>
      <trkpt lat="40.07593508557759" lon="116.33691108381028">
        <ele>45.5</ele>
        <time>2026-07-26T12:22:36.962Z</time>
        <extensions>
          <gpxtpx:TrackPointExtension>
            <gpxtpx:hr>178</gpxtpx:hr>
          </gpxtpx:TrackPointExtension>
        </extensions>
      </trkpt>
      <trkpt lat="40.07591184017864" lon="116.33691165084977">
        <ele>45.5</ele>
        <time>2026-07-26T12:22:37.962Z</time>
        <extensions>
          <gpxtpx:TrackPointExtension>
            <gpxtpx:hr>178</gpxtpx:hr>
          </gpxtpx:TrackPointExtension>
        </extensions>
      </trkpt>
      <trkpt lat="40.075888477508414" lon="116.3369123505142">
        <ele>45.6</ele>
        <time>2026-07-26T12:22:38.961Z</time>
        <extensions>
          <gpxtpx:TrackPointExtension>
            <gpxtpx:hr>178</gpxtpx:hr>
          </gpxtpx:TrackPointExtension>
        </extensions>
      </trkpt>
      <trkpt lat="40.075865049925035" lon="116.33691341030175">
        <ele>45.6</ele>
        <time>2026-07-26T12:22:39.962Z</time>
        <extensions>
          <gpxtpx:TrackPointExtension>
            <gpxtpx:hr>178</gpxtpx:hr>
          </gpxtpx:TrackPointExtension>
        </extensions>
      </trkpt>
      <trkpt lat="40.075841629970604" lon="116.33691484110288">
        <ele>45.7</ele>
        <time>2026-07-26T12:22:40.961Z</time>
        <extensions>
          <gpxtpx:TrackPointExtension>
            <gpxtpx:hr>178</gpxtpx:hr>
          </gpxtpx:TrackPointExtension>
        </extensions>
      </trkpt>
      <trkpt lat="40.07581827277153" lon="116.33691722960573">
        <ele>45.7</ele>
        <time>2026-07-26T12:22:41.962Z</time>
        <extensions>
          <gpxtpx:TrackPointExtension>
            <gpxtpx:hr>178</gpxtpx:hr>
          </gpxtpx:TrackPointExtension>
        </extensions>
      </trkpt>
      <trkpt lat="40.07579516568093" lon="116.33692087477912">
        <ele>45.8</ele>
        <time>2026-07-26T12:22:42.962Z</time>
        <extensions>
          <gpxtpx:TrackPointExtension>
            <gpxtpx:hr>178</gpxtpx:hr>
          </gpxtpx:TrackPointExtension>
        </extensions>
      </trkpt>
      <trkpt lat="40.075772489635916" lon="116.33692593853878">
        <ele>45.8</ele>
        <time>2026-07-26T12:22:43.962Z</time>
        <extensions>
          <gpxtpx:TrackPointExtension>
            <gpxtpx:hr>178</gpxtpx:hr>
          </gpxtpx:TrackPointExtension>
        </extensions>
      </trkpt>
      <trkpt lat="40.075750291013165" lon="116.33693269749551">
        <ele>45.9</ele>
        <time>2026-07-26T12:22:44.962Z</time>
        <extensions>
          <gpxtpx:TrackPointExtension>
            <gpxtpx:hr>178</gpxtpx:hr>
          </gpxtpx:TrackPointExtension>
        </extensions>
      </trkpt>
      <trkpt lat="40.07572845328598" lon="116.33694131466699">
        <ele>46.0</ele>
        <time>2026-07-26T12:22:45.962Z</time>
        <extensions>
          <gpxtpx:TrackPointExtension>
            <gpxtpx:hr>178</gpxtpx:hr>
          </gpxtpx:TrackPointExtension>
        </extensions>
      </trkpt>
      <trkpt lat="40.07570680712556" lon="116.33695135212228">
        <ele>46.1</ele>
        <time>2026-07-26T12:22:46.962Z</time>
        <extensions>
          <gpxtpx:TrackPointExtension>
            <gpxtpx:hr>178</gpxtpx:hr>
          </gpxtpx:TrackPointExtension>
        </extensions>
      </trkpt>
      <trkpt lat="40.07568517860554" lon="116.336961920687">
        <ele>46.1</ele>
        <time>2026-07-26T12:22:47.962Z</time>
        <extensions>
          <gpxtpx:TrackPointExtension>
            <gpxtpx:hr>178</gpxtpx:hr>
          </gpxtpx:TrackPointExtension>
        </extensions>
      </trkpt>
      <trkpt lat="40.07566388112959" lon="116.33697393238668">
        <ele>46.2</ele>
        <time>2026-07-26T12:22:48.961Z</time>
        <extensions>
          <gpxtpx:TrackPointExtension>
            <gpxtpx:hr>178</gpxtpx:hr>
          </gpxtpx:TrackPointExtension>
        </extensions>
      </trkpt>
      <trkpt lat="40.07564302153873" lon="116.33698810569427">
        <ele>46.3</ele>
        <time>2026-07-26T12:22:49.962Z</time>
        <extensions>
          <gpxtpx:TrackPointExtension>
            <gpxtpx:hr>178</gpxtpx:hr>
          </gpxtpx:TrackPointExtension>
        </extensions>
      </trkpt>
      <trkpt lat="40.07562237236843" lon="116.33700383263957">
        <ele>46.3</ele>
        <time>2026-07-26T12:22:50.962Z</time>
        <extensions>
          <gpxtpx:TrackPointExtension>
            <gpxtpx:hr>178</gpxtpx:hr>
          </gpxtpx:TrackPointExtension>
        </extensions>
      </trkpt>
      <trkpt lat="40.07560203588632" lon="116.33702130124074">
        <ele>46.4</ele>
        <time>2026-07-26T12:22:51.962Z</time>
        <extensions>
          <gpxtpx:TrackPointExtension>
            <gpxtpx:hr>178</gpxtpx:hr>
          </gpxtpx:TrackPointExtension>
        </extensions>
      </trkpt>
      <trkpt lat="40.07558290187086" lon="116.33704149045346">
        <ele>46.5</ele>
        <time>2026-07-26T12:22:52.962Z</time>
        <extensions>
          <gpxtpx:TrackPointExtension>
            <gpxtpx:hr>178</gpxtpx:hr>
          </gpxtpx:TrackPointExtension>
        </extensions>
      </trkpt>
      <trkpt lat="40.07556568374533" lon="116.33706473044617">
        <ele>46.5</ele>
        <time>2026-07-26T12:22:53.962Z</time>
        <extensions>
          <gpxtpx:TrackPointExtension>
            <gpxtpx:hr>178</gpxtpx:hr>
          </gpxtpx:TrackPointExtension>
        </extensions>
      </trkpt>
      <trkpt lat="40.07555023976763" lon="116.337090015413">
        <ele>46.6</ele>
        <time>2026-07-26T12:22:54.962Z</time>
        <extensions>
          <gpxtpx:TrackPointExtension>
            <gpxtpx:hr>178</gpxtpx:hr>
          </gpxtpx:TrackPointExtension>
        </extensions>
      </trkpt>
      <trkpt lat="40.07553653476005" lon="116.33711681538405">
        <ele>46.6</ele>
        <time>2026-07-26T12:22:55.962Z</time>
        <extensions>
          <gpxtpx:TrackPointExtension>
            <gpxtpx:hr>178</gpxtpx:hr>
          </gpxtpx:TrackPointExtension>
        </extensions>
      </trkpt>
      <trkpt lat="40.075524722393574" lon="116.33714481527971">
        <ele>46.7</ele>
        <time>2026-07-26T12:22:56.962Z</time>
        <extensions>
          <gpxtpx:TrackPointExtension>
            <gpxtpx:hr>178</gpxtpx:hr>
          </gpxtpx:TrackPointExtension>
        </extensions>
      </trkpt>
      <trkpt lat="40.075514550217996" lon="116.33717367356411">
        <ele>46.7</ele>
        <time>2026-07-26T12:22:57.961Z</time>
        <extensions>
          <gpxtpx:TrackPointExtension>
            <gpxtpx:hr>178</gpxtpx:hr>
          </gpxtpx:TrackPointExtension>
        </extensions>
      </trkpt>
      <trkpt lat="40.07550583905985" lon="116.33720355141645">
        <ele>46.8</ele>
        <time>2026-07-26T12:22:58.962Z</time>
        <extensions>
          <gpxtpx:TrackPointExtension>
            <gpxtpx:hr>178</gpxtpx:hr>
          </gpxtpx:TrackPointExtension>
        </extensions>
      </trkpt>
      <trkpt lat="40.07549887070836" lon="116.33723454588025">
        <ele>46.8</ele>
        <time>2026-07-26T12:22:59.962Z</time>
        <extensions>
          <gpxtpx:TrackPointExtension>
            <gpxtpx:hr>178</gpxtpx:hr>
          </gpxtpx:TrackPointExtension>
        </extensions>
      </trkpt>
      <trkpt lat="40.07549369907324" lon="116.33726639004004">
        <ele>46.8</ele>
        <time>2026-07-26T12:23:00.962Z</time>
        <extensions>
          <gpxtpx:TrackPointExtension>
            <gpxtpx:hr>178</gpxtpx:hr>
          </gpxtpx:TrackPointExtension>
        </extensions>
      </trkpt>
      <trkpt lat="40.07548993100271" lon="116.33729861162756">
        <ele>46.9</ele>
        <time>2026-07-26T12:23:01.962Z</time>
        <extensions>
          <gpxtpx:TrackPointExtension>
            <gpxtpx:hr>178</gpxtpx:hr>
          </gpxtpx:TrackPointExtension>
        </extensions>
      </trkpt>
      <trkpt lat="40.07548714344643" lon="116.33733086323159">
        <ele>46.9</ele>
        <time>2026-07-26T12:23:02.962Z</time>
        <extensions>
          <gpxtpx:TrackPointExtension>
            <gpxtpx:hr>178</gpxtpx:hr>
          </gpxtpx:TrackPointExtension>
        </extensions>
      </trkpt>
      <trkpt lat="40.07548554811367" lon="116.33736293813564">
        <ele>46.9</ele>
        <time>2026-07-26T12:23:03.962Z</time>
        <extensions>
          <gpxtpx:TrackPointExtension>
            <gpxtpx:hr>178</gpxtpx:hr>
          </gpxtpx:TrackPointExtension>
        </extensions>
      </trkpt>
      <trkpt lat="40.07548554947921" lon="116.33739456582464">
        <ele>46.9</ele>
        <time>2026-07-26T12:23:04.962Z</time>
        <extensions>
          <gpxtpx:TrackPointExtension>
            <gpxtpx:hr>178</gpxtpx:hr>
          </gpxtpx:TrackPointExtension>
        </extensions>
      </trkpt>
      <trkpt lat="40.07548753896374" lon="116.33742576434608">
        <ele>46.9</ele>
        <time>2026-07-26T12:23:05.962Z</time>
      </trkpt>
      <trkpt lat="40.07549140739733" lon="116.33745696518301">
        <ele>46.9</ele>
        <time>2026-07-26T12:23:06.961Z</time>
      </trkpt>
      <trkpt lat="40.07549654742601" lon="116.33748823077673">
        <ele>46.9</ele>
        <time>2026-07-26T12:23:07.961Z</time>
      </trkpt>
      <trkpt lat="40.07550255925925" lon="116.33751911830666">
        <ele>46.9</ele>
        <time>2026-07-26T12:23:08.961Z</time>
      </trkpt>
      <trkpt lat="40.07550935551727" lon="116.33754914446264">
        <ele>46.9</ele>
        <time>2026-07-26T12:23:09.961Z</time>
      </trkpt>
      <trkpt lat="40.075516555317684" lon="116.33757813601775">
        <ele>46.8</ele>
        <time>2026-07-26T12:23:10.961Z</time>
      </trkpt>
      <trkpt lat="40.07552455259153" lon="116.3376056862244">
        <ele>46.8</ele>
        <time>2026-07-26T12:23:11.961Z</time>
      </trkpt>
      <trkpt lat="40.07553428328747" lon="116.3376313995916">
        <ele>46.8</ele>
        <time>2026-07-26T12:23:12.961Z</time>
      </trkpt>
      <trkpt lat="40.075545858920435" lon="116.33765564346818">
        <ele>46.7</ele>
        <time>2026-07-26T12:23:13.961Z</time>
      </trkpt>
      <trkpt lat="40.07555910393424" lon="116.33767881170793">
        <ele>46.7</ele>
        <time>2026-07-26T12:23:14.961Z</time>
      </trkpt>
      <trkpt lat="40.075573428110104" lon="116.33770089847852">
        <ele>46.7</ele>
        <time>2026-07-26T12:23:15.961Z</time>
      </trkpt>
      <trkpt lat="40.075588376752584" lon="116.33772161750959">
        <ele>46.6</ele>
        <time>2026-07-26T12:23:16.961Z</time>
      </trkpt>
      <trkpt lat="40.07560376853709" lon="116.33774122209901">
        <ele>46.6</ele>
        <time>2026-07-26T12:23:17.961Z</time>
      </trkpt>
      <trkpt lat="40.07562000091872" lon="116.33775952063472">
        <ele>46.5</ele>
        <time>2026-07-26T12:23:18.961Z</time>
      </trkpt>
      <trkpt lat="40.07563755464238" lon="116.33777568356203">
        <ele>46.4</ele>
        <time>2026-07-26T12:23:19.961Z</time>
      </trkpt>
      <trkpt lat="40.075656190195076" lon="116.33778969212872">
        <ele>46.4</ele>
        <time>2026-07-26T12:23:20.961Z</time>
      </trkpt>
      <trkpt lat="40.07567552652477" lon="116.33780228551761">
        <ele>46.4</ele>
        <time>2026-07-26T12:23:21.961Z</time>
      </trkpt>
      <trkpt lat="40.07569528105669" lon="116.33781472482345">
        <ele>46.3</ele>
        <time>2026-07-26T12:23:22.961Z</time>
      </trkpt>
      <trkpt lat="40.07571546178543" lon="116.33782752406727">
        <ele>46.3</ele>
        <time>2026-07-26T12:23:23.961Z</time>
      </trkpt>
      <trkpt lat="40.07573642015131" lon="116.33783997814714">
        <ele>46.3</ele>
        <time>2026-07-26T12:23:24.961Z</time>
      </trkpt>
      <trkpt lat="40.075758012979456" lon="116.33785161966225">
        <ele>46.3</ele>
        <time>2026-07-26T12:23:25.961Z</time>
      </trkpt>
      <trkpt lat="40.07577993456727" lon="116.33786145069432">
        <ele>46.2</ele>
        <time>2026-07-26T12:23:26.961Z</time>
      </trkpt>
      <trkpt lat="40.07580167881707" lon="116.33786863608283">
        <ele>46.2</ele>
        <time>2026-07-26T12:23:27.961Z</time>
      </trkpt>
      <trkpt lat="40.07582297308727" lon="116.3378731351253">
        <ele>46.2</ele>
        <time>2026-07-26T12:23:28.961Z</time>
      </trkpt>
      <trkpt lat="40.07584401144224" lon="116.33787530005483">
        <ele>46.3</ele>
        <time>2026-07-26T12:23:29.961Z</time>
      </trkpt>
      <trkpt lat="40.07586480690081" lon="116.33787536051405">
        <ele>46.3</ele>
        <time>2026-07-26T12:23:30.961Z</time>
      </trkpt>
      <trkpt lat="40.07588547897604" lon="116.33787410311399">
        <ele>46.3</ele>
        <time>2026-07-26T12:23:31.961Z</time>
      </trkpt>
      <trkpt lat="40.07590635956959" lon="116.33787234164524">
        <ele>46.3</ele>
        <time>2026-07-26T12:23:32.961Z</time>
      </trkpt>
      <trkpt lat="40.07592768317762" lon="116.33787025119585">
        <ele>46.4</ele>
        <time>2026-07-26T12:23:33.961Z</time>
      </trkpt>
      <trkpt lat="40.07594937810881" lon="116.33786841184406">
        <ele>46.4</ele>
        <time>2026-07-26T12:23:34.961Z</time>
      </trkpt>
      <trkpt lat="40.07597132525684" lon="116.33786724708841">
        <ele>46.4</ele>
        <time>2026-07-26T12:23:35.961Z</time>
      </trkpt>
      <trkpt lat="40.075993540556944" lon="116.3378668399379">
        <ele>46.5</ele>
        <time>2026-07-26T12:23:36.961Z</time>
      </trkpt>
      <trkpt lat="40.07601613147204" lon="116.33786673157627">
        <ele>46.5</ele>
        <time>2026-07-26T12:23:37.961Z</time>
      </trkpt>
      <trkpt lat="40.07603906459769" lon="116.33786627902872">
        <ele>46.6</ele>
        <time>2026-07-26T12:23:38.961Z</time>
      </trkpt>
      <trkpt lat="40.07606222938024" lon="116.33786574822238">
        <ele>46.6</ele>
        <time>2026-07-26T12:23:39.961Z</time>
      </trkpt>
      <trkpt lat="40.07608547344085" lon="116.33786509709427">
        <ele>46.6</ele>
        <time>2026-07-26T12:23:40.961Z</time>
      </trkpt>
      <trkpt lat="40.07610856488629" lon="116.33786410633715">
        <ele>46.7</ele>
        <time>2026-07-26T12:23:41.961Z</time>
      </trkpt>
      <trkpt lat="40.076131360413235" lon="116.33786299789642">
        <ele>46.7</ele>
        <time>2026-07-26T12:23:42.962Z</time>
      </trkpt>
      <trkpt lat="40.07615383368719" lon="116.33786170208761">
        <ele>46.7</ele>
        <time>2026-07-26T12:23:43.961Z</time>
      </trkpt>
      <trkpt lat="40.076176153329186" lon="116.33786066647019">
        <ele>46.8</ele>
        <time>2026-07-26T12:23:44.962Z</time>
      </trkpt>
      <trkpt lat="40.07619847431891" lon="116.33785989137147">
        <ele>46.8</ele>
        <time>2026-07-26T12:23:45.961Z</time>
      </trkpt>
      <trkpt lat="40.076220847775495" lon="116.33785939007804">
        <ele>46.8</ele>
        <time>2026-07-26T12:23:46.962Z</time>
      </trkpt>
      <trkpt lat="40.07624320502092" lon="116.33785887109309">
        <ele>46.9</ele>
        <time>2026-07-26T12:23:47.961Z</time>
      </trkpt>
      <trkpt lat="40.07626564504348" lon="116.33785782985103">
        <ele>46.9</ele>
        <time>2026-07-26T12:23:48.962Z</time>
      </trkpt>
      <trkpt lat="40.076288116359045" lon="116.33785675899735">
        <ele>46.9</ele>
        <time>2026-07-26T12:23:49.962Z</time>
      </trkpt>
      <trkpt lat="40.07631039271648" lon="116.33785613868369">
        <ele>46.9</ele>
        <time>2026-07-26T12:23:50.962Z</time>
      </trkpt>
      <trkpt lat="40.076332377805095" lon="116.337855939514">
        <ele>46.9</ele>
        <time>2026-07-26T12:23:51.962Z</time>
      </trkpt>
      <trkpt lat="40.07635431482489" lon="116.33785569050306">
        <ele>47.0</ele>
        <time>2026-07-26T12:23:52.962Z</time>
      </trkpt>
      <trkpt lat="40.076376362149794" lon="116.33785512743333">
        <ele>47.0</ele>
        <time>2026-07-26T12:23:53.962Z</time>
      </trkpt>
      <trkpt lat="40.076398486915146" lon="116.33785445379719">
        <ele>47.0</ele>
        <time>2026-07-26T12:23:54.961Z</time>
      </trkpt>
      <trkpt lat="40.076420804439984" lon="116.33785423670162">
        <ele>47.0</ele>
        <time>2026-07-26T12:23:55.961Z</time>
      </trkpt>
      <trkpt lat="40.076443214382145" lon="116.33785444384007">
        <ele>47.0</ele>
        <time>2026-07-26T12:23:56.961Z</time>
      </trkpt>
      <trkpt lat="40.07646534236725" lon="116.3378547200183">
        <ele>47.0</ele>
        <time>2026-07-26T12:23:57.961Z</time>
      </trkpt>
      <trkpt lat="40.07648690189695" lon="116.33785517382923">
        <ele>47.0</ele>
        <time>2026-07-26T12:23:58.961Z</time>
      </trkpt>
      <trkpt lat="40.07650821524499" lon="116.33785592163679">
        <ele>47.0</ele>
        <time>2026-07-26T12:23:59.961Z</time>
      </trkpt>
      <trkpt lat="40.0765297438812" lon="116.3378568062008">
        <ele>47.0</ele>
        <time>2026-07-26T12:24:00.962Z</time>
      </trkpt>
      <trkpt lat="40.07655152390866" lon="116.33785747053993">
        <ele>47.0</ele>
        <time>2026-07-26T12:24:01.961Z</time>
      </trkpt>
      <trkpt lat="40.07657352742865" lon="116.33785800497341">
        <ele>47.0</ele>
        <time>2026-07-26T12:24:02.962Z</time>
      </trkpt>
      <trkpt lat="40.07659571962937" lon="116.33785866242317">
        <ele>47.0</ele>
        <time>2026-07-26T12:24:03.961Z</time>
      </trkpt>
      <trkpt lat="40.07661808346949" lon="116.33785898866819">
        <ele>46.9</ele>
        <time>2026-07-26T12:24:04.961Z</time>
      </trkpt>
      <trkpt lat="40.07664070803598" lon="116.33785810074122">
        <ele>46.9</ele>
        <time>2026-07-26T12:24:05.961Z</time>
      </trkpt>
      <trkpt lat="40.076663644403105" lon="116.33785593678184">
        <ele>46.9</ele>
        <time>2026-07-26T12:24:06.961Z</time>
      </trkpt>
      <trkpt lat="40.07668674812193" lon="116.3378527855796">
        <ele>46.9</ele>
        <time>2026-07-26T12:24:07.961Z</time>
      </trkpt>
      <trkpt lat="40.076709900615114" lon="116.33784852374824">
        <ele>46.9</ele>
        <time>2026-07-26T12:24:08.961Z</time>
      </trkpt>
      <trkpt lat="40.07673300172454" lon="116.33784303160755">
        <ele>46.8</ele>
        <time>2026-07-26T12:24:09.961Z</time>
      </trkpt>
      <trkpt lat="40.07675593211446" lon="116.33783641614393">
        <ele>46.8</ele>
        <time>2026-07-26T12:24:10.961Z</time>
      </trkpt>
      <trkpt lat="40.07677851720603" lon="116.33782862843636">
        <ele>46.8</ele>
        <time>2026-07-26T12:24:11.961Z</time>
      </trkpt>
      <trkpt lat="40.0768005670443" lon="116.33781909478904">
        <ele>46.7</ele>
        <time>2026-07-26T12:24:12.961Z</time>
      </trkpt>
      <trkpt lat="40.076821875660215" lon="116.33780717614316">
        <ele>46.7</ele>
        <time>2026-07-26T12:24:13.961Z</time>
      </trkpt>
      <trkpt lat="40.076842144651145" lon="116.33779245373734">
        <ele>46.7</ele>
        <time>2026-07-26T12:24:14.961Z</time>
      </trkpt>
      <trkpt lat="40.07686122801216" lon="116.33777501683299">
        <ele>46.6</ele>
        <time>2026-07-26T12:24:15.961Z</time>
      </trkpt>
      <trkpt lat="40.07687920921808" lon="116.33775564821418">
        <ele>46.6</ele>
        <time>2026-07-26T12:24:16.961Z</time>
      </trkpt>
      <trkpt lat="40.07689610679599" lon="116.33773481621026">
        <ele>46.5</ele>
        <time>2026-07-26T12:24:17.961Z</time>
      </trkpt>
      <trkpt lat="40.07691188509967" lon="116.33771251325459">
        <ele>46.5</ele>
        <time>2026-07-26T12:24:18.961Z</time>
      </trkpt>
      <trkpt lat="40.07692681541765" lon="116.33768899311721">
        <ele>46.4</ele>
        <time>2026-07-26T12:24:19.961Z</time>
      </trkpt>
      <trkpt lat="40.07694028302371" lon="116.33766382636672">
        <ele>46.4</ele>
        <time>2026-07-26T12:24:20.961Z</time>
      </trkpt>
      <trkpt lat="40.07695231876767" lon="116.33763699901513">
        <ele>46.3</ele>
        <time>2026-07-26T12:24:21.961Z</time>
      </trkpt>
      <trkpt lat="40.07696359899819" lon="116.33760937367337">
        <ele>46.3</ele>
        <time>2026-07-26T12:24:22.961Z</time>
      </trkpt>
      <trkpt lat="40.076973772426236" lon="116.33758093697735">
        <ele>46.2</ele>
        <time>2026-07-26T12:24:23.961Z</time>
      </trkpt>
      <trkpt lat="40.07698272336566" lon="116.33755190085866">
        <ele>46.2</ele>
        <time>2026-07-26T12:24:24.961Z</time>
      </trkpt>
      <trkpt lat="40.07699024897898" lon="116.33752256573622">
        <ele>46.1</ele>
        <time>2026-07-26T12:24:25.961Z</time>
      </trkpt>
      <trkpt lat="40.07699612675867" lon="116.33749312411118">
        <ele>46.1</ele>
        <time>2026-07-26T12:24:26.961Z</time>
      </trkpt>
      <trkpt lat="40.077000358362824" lon="116.337463635566">
        <ele>46.0</ele>
        <time>2026-07-26T12:24:27.961Z</time>
      </trkpt>
      <trkpt lat="40.07700328472167" lon="116.33743425411288">
        <ele>46.0</ele>
        <time>2026-07-26T12:24:28.961Z</time>
      </trkpt>
      <trkpt lat="40.07700475201906" lon="116.33740497177722">
        <ele>46.0</ele>
        <time>2026-07-26T12:24:29.961Z</time>
      </trkpt>
      <trkpt lat="40.0770042648329" lon="116.33737564472617">
        <ele>45.9</ele>
        <time>2026-07-26T12:24:30.961Z</time>
      </trkpt>
      <trkpt lat="40.077002143650724" lon="116.3373464464383">
        <ele>45.9</ele>
        <time>2026-07-26T12:24:31.961Z</time>
      </trkpt>
      <trkpt lat="40.07699886147567" lon="116.33731750644999">
        <ele>45.9</ele>
        <time>2026-07-26T12:24:32.961Z</time>
      </trkpt>
      <trkpt lat="40.07699456718807" lon="116.33728840180555">
        <ele>45.8</ele>
        <time>2026-07-26T12:24:33.961Z</time>
      </trkpt>
      <trkpt lat="40.0769891878182" lon="116.33725906065874">
        <ele>45.8</ele>
        <time>2026-07-26T12:24:34.961Z</time>
      </trkpt>
      <trkpt lat="40.07698258753612" lon="116.3372298728867">
        <ele>45.8</ele>
        <time>2026-07-26T12:24:35.961Z</time>
      </trkpt>
      <trkpt lat="40.076974619682275" lon="116.33720124688075">
        <ele>45.7</ele>
        <time>2026-07-26T12:24:36.961Z</time>
      </trkpt>
      <trkpt lat="40.076965088709976" lon="116.33717365384538">
        <ele>45.7</ele>
        <time>2026-07-26T12:24:37.961Z</time>
      </trkpt>
      <trkpt lat="40.07695402596803" lon="116.33714734820255">
        <ele>45.7</ele>
        <time>2026-07-26T12:24:38.961Z</time>
      </trkpt>
      <trkpt lat="40.07694152747897" lon="116.33712246027696">
        <ele>45.6</ele>
        <time>2026-07-26T12:24:39.961Z</time>
      </trkpt>
      <trkpt lat="40.076927575465945" lon="116.33709893088476">
        <ele>45.6</ele>
        <time>2026-07-26T12:24:40.961Z</time>
      </trkpt>
      <trkpt lat="40.07691232595536" lon="116.33707650330393">
        <ele>45.6</ele>
        <time>2026-07-26T12:24:41.961Z</time>
      </trkpt>
      <trkpt lat="40.07689619094975" lon="116.33705470092588">
        <ele>45.5</ele>
        <time>2026-07-26T12:24:42.961Z</time>
      </trkpt>
      <trkpt lat="40.076879656521314" lon="116.33703313488176">
        <ele>45.5</ele>
        <time>2026-07-26T12:24:43.961Z</time>
      </trkpt>
      <trkpt lat="40.07686284394186" lon="116.33701198064264">
        <ele>45.5</ele>
        <time>2026-07-26T12:24:44.961Z</time>
      </trkpt>
      <trkpt lat="40.07684536213148" lon="116.33699223696459">
        <ele>45.4</ele>
        <time>2026-07-26T12:24:45.961Z</time>
      </trkpt>
      <trkpt lat="40.076826790286425" lon="116.33697499158704">
        <ele>45.4</ele>
        <time>2026-07-26T12:24:46.961Z</time>
      </trkpt>
      <trkpt lat="40.07680729985728" lon="116.33696059718345">
        <ele>45.4</ele>
        <time>2026-07-26T12:24:47.961Z</time>
      </trkpt>
      <trkpt lat="40.07678717297888" lon="116.33694853007711">
        <ele>45.4</ele>
        <time>2026-07-26T12:24:48.961Z</time>
      </trkpt>
      <trkpt lat="40.07676656660309" lon="116.33693842707646">
        <ele>45.4</ele>
        <time>2026-07-26T12:24:49.961Z</time>
      </trkpt>
      <trkpt lat="40.076745407577114" lon="116.33693078233311">
        <ele>45.4</ele>
        <time>2026-07-26T12:24:50.960Z</time>
      </trkpt>
      <trkpt lat="40.07672364658584" lon="116.33692549026289">
        <ele>45.4</ele>
        <time>2026-07-26T12:24:51.961Z</time>
      </trkpt>
      <trkpt lat="40.076701565400214" lon="116.33692189306838">
        <ele>45.4</ele>
        <time>2026-07-26T12:24:52.961Z</time>
      </trkpt>
      <trkpt lat="40.07667947211801" lon="116.33691975712277">
        <ele>45.4</ele>
        <time>2026-07-26T12:24:53.961Z</time>
      </trkpt>
      <trkpt lat="40.076657687559695" lon="116.33691871792024">
        <ele>45.4</ele>
        <time>2026-07-26T12:24:54.961Z</time>
      </trkpt>
      <trkpt lat="40.07663616639235" lon="116.33691804327118">
        <ele>45.4</ele>
        <time>2026-07-26T12:24:55.961Z</time>
      </trkpt>
      <trkpt lat="40.07661460374458" lon="116.3369173438781">
        <ele>45.4</ele>
        <time>2026-07-26T12:24:56.961Z</time>
      </trkpt>
      <trkpt lat="40.076592831510794" lon="116.33691658029481">
        <ele>45.4</ele>
        <time>2026-07-26T12:24:57.961Z</time>
      </trkpt>
      <trkpt lat="40.076570937555054" lon="116.33691559473294">
        <ele>45.4</ele>
        <time>2026-07-26T12:24:58.961Z</time>
      </trkpt>
      <trkpt lat="40.07654909181821" lon="116.33691435956096">
        <ele>45.5</ele>
        <time>2026-07-26T12:24:59.961Z</time>
      </trkpt>
      <trkpt lat="40.07652745222852" lon="116.33691393971719">
        <ele>45.5</ele>
        <time>2026-07-26T12:25:00.961Z</time>
      </trkpt>
      <trkpt lat="40.07650594656906" lon="116.33691455877094">
        <ele>45.5</ele>
        <time>2026-07-26T12:25:01.961Z</time>
      </trkpt>
      <trkpt lat="40.07648452101549" lon="116.33691524532608">
        <ele>45.6</ele>
        <time>2026-07-26T12:25:02.961Z</time>
      </trkpt>
      <trkpt lat="40.0764629959593" lon="116.33691538021463">
        <ele>45.6</ele>
        <time>2026-07-26T12:25:03.961Z</time>
      </trkpt>
      <trkpt lat="40.07644102341394" lon="116.33691462444443">
        <ele>45.6</ele>
        <time>2026-07-26T12:25:04.961Z</time>
      </trkpt>
      <trkpt lat="40.0764184367217" lon="116.33691333848493">
        <ele>45.7</ele>
        <time>2026-07-26T12:25:05.961Z</time>
      </trkpt>
      <trkpt lat="40.07639541753365" lon="116.33691171846188">
        <ele>45.7</ele>
        <time>2026-07-26T12:25:06.961Z</time>
      </trkpt>
      <trkpt lat="40.07637219325584" lon="116.3369104131877">
        <ele>45.8</ele>
        <time>2026-07-26T12:25:07.961Z</time>
      </trkpt>
      <trkpt lat="40.076348895310666" lon="116.33690991374527">
        <ele>45.8</ele>
        <time>2026-07-26T12:25:08.961Z</time>
      </trkpt>
      <trkpt lat="40.07632557211112" lon="116.33690936206476">
        <ele>45.8</ele>
        <time>2026-07-26T12:25:09.961Z</time>
      </trkpt>
      <trkpt lat="40.076302230081865" lon="116.33690822866104">
        <ele>45.9</ele>
        <time>2026-07-26T12:25:10.961Z</time>
      </trkpt>
      <trkpt lat="40.076278928017786" lon="116.33690669263247">
        <ele>45.9</ele>
        <time>2026-07-26T12:25:11.961Z</time>
      </trkpt>
      <trkpt lat="40.07625571866096" lon="116.33690505988548">
        <ele>45.9</ele>
        <time>2026-07-26T12:25:12.961Z</time>
      </trkpt>
      <trkpt lat="40.07623260597773" lon="116.33690390517958">
        <ele>46.0</ele>
        <time>2026-07-26T12:25:13.961Z</time>
      </trkpt>
      <trkpt lat="40.07620968254456" lon="116.3369030622325">
        <ele>46.0</ele>
        <time>2026-07-26T12:25:14.960Z</time>
      </trkpt>
      <trkpt lat="40.07618696641318" lon="116.33690225728138">
        <ele>46.0</ele>
        <time>2026-07-26T12:25:15.961Z</time>
      </trkpt>
      <trkpt lat="40.07616450700655" lon="116.33690177774811">
        <ele>46.0</ele>
        <time>2026-07-26T12:25:16.961Z</time>
      </trkpt>
      <trkpt lat="40.07614228680601" lon="116.33690109605364">
        <ele>46.0</ele>
        <time>2026-07-26T12:25:17.961Z</time>
      </trkpt>
      <trkpt lat="40.07612022330793" lon="116.33690041744711">
        <ele>46.0</ele>
        <time>2026-07-26T12:25:18.961Z</time>
      </trkpt>
      <trkpt lat="40.07609838095556" lon="116.336900476376">
        <ele>46.1</ele>
        <time>2026-07-26T12:25:19.961Z</time>
      </trkpt>
      <trkpt lat="40.07607687865458" lon="116.33690096877285">
        <ele>46.1</ele>
        <time>2026-07-26T12:25:20.961Z</time>
      </trkpt>
      <trkpt lat="40.07605567306976" lon="116.33690161772783">
        <ele>46.1</ele>
        <time>2026-07-26T12:25:21.961Z</time>
      </trkpt>
      <trkpt lat="40.076034575058785" lon="116.33690246294424">
        <ele>46.1</ele>
        <time>2026-07-26T12:25:22.961Z</time>
      </trkpt>
      <trkpt lat="40.07601333761689" lon="116.33690381156879">
        <ele>46.1</ele>
        <time>2026-07-26T12:25:23.961Z</time>
      </trkpt>
      <trkpt lat="40.07599176244739" lon="116.33690590382028">
        <ele>46.1</ele>
        <time>2026-07-26T12:25:24.961Z</time>
      </trkpt>
      <trkpt lat="40.07596983892445" lon="116.33690882487724">
        <ele>46.1</ele>
        <time>2026-07-26T12:25:25.961Z</time>
      </trkpt>
      <trkpt lat="40.07594776497357" lon="116.33691260934748">
        <ele>46.1</ele>
        <time>2026-07-26T12:25:26.961Z</time>
      </trkpt>
      <trkpt lat="40.07592555789648" lon="116.33691571901534">
        <ele>46.1</ele>
        <time>2026-07-26T12:25:27.961Z</time>
      </trkpt>
      <trkpt lat="40.07590325180477" lon="116.33691692526595">
        <ele>46.2</ele>
        <time>2026-07-26T12:25:28.961Z</time>
      </trkpt>
      <trkpt lat="40.075880872355654" lon="116.33691723059786">
        <ele>46.2</ele>
        <time>2026-07-26T12:25:29.961Z</time>
      </trkpt>
      <trkpt lat="40.07585834462342" lon="116.33691733830877">
        <ele>46.2</ele>
        <time>2026-07-26T12:25:30.960Z</time>
      </trkpt>
      <trkpt lat="40.0758357689584" lon="116.33691694393251">
        <ele>46.2</ele>
        <time>2026-07-26T12:25:31.961Z</time>
      </trkpt>
      <trkpt lat="40.07581369513322" lon="116.3369161081876">
        <ele>46.2</ele>
        <time>2026-07-26T12:25:32.960Z</time>
      </trkpt>
      <trkpt lat="40.07579226440927" lon="116.33691563408472">
        <ele>46.3</ele>
        <time>2026-07-26T12:25:33.961Z</time>
      </trkpt>
      <trkpt lat="40.07577120254808" lon="116.33691589156258">
        <ele>46.3</ele>
        <time>2026-07-26T12:25:34.960Z</time>
      </trkpt>
      <trkpt lat="40.075750170401584" lon="116.33691789508651">
        <ele>46.3</ele>
        <time>2026-07-26T12:25:35.961Z</time>
      </trkpt>
      <trkpt lat="40.07572932249791" lon="116.33692265664712">
        <ele>46.4</ele>
        <time>2026-07-26T12:25:36.960Z</time>
      </trkpt>
      <trkpt lat="40.07570915591014" lon="116.33693059536532">
        <ele>46.4</ele>
        <time>2026-07-26T12:25:37.961Z</time>
      </trkpt>
      <trkpt lat="40.075690268679836" lon="116.33694240564297">
        <ele>46.4</ele>
        <time>2026-07-26T12:25:38.960Z</time>
      </trkpt>
      <trkpt lat="40.07567210121725" lon="116.33695676505245">
        <ele>46.4</ele>
        <time>2026-07-26T12:25:39.960Z</time>
      </trkpt>
      <trkpt lat="40.075653723277625" lon="116.33697194613342">
        <ele>46.5</ele>
        <time>2026-07-26T12:25:40.960Z</time>
      </trkpt>
      <trkpt lat="40.075635209368606" lon="116.33698758681356">
        <ele>46.5</ele>
        <time>2026-07-26T12:25:41.960Z</time>
      </trkpt>
      <trkpt lat="40.075616886678304" lon="116.33700331893594">
        <ele>46.5</ele>
        <time>2026-07-26T12:25:42.960Z</time>
      </trkpt>
      <trkpt lat="40.07559872483008" lon="116.33701898348491">
        <ele>46.5</ele>
        <time>2026-07-26T12:25:43.960Z</time>
      </trkpt>
      <trkpt lat="40.07558085490741" lon="116.3370352703137">
        <ele>46.5</ele>
        <time>2026-07-26T12:25:44.960Z</time>
      </trkpt>
      <trkpt lat="40.075563828708546" lon="116.33705325293874">
        <ele>46.6</ele>
        <time>2026-07-26T12:25:45.960Z</time>
      </trkpt>
      <trkpt lat="40.07554783260874" lon="116.3370729448323">
        <ele>46.6</ele>
        <time>2026-07-26T12:25:46.960Z</time>
      </trkpt>
      <trkpt lat="40.075533570933345" lon="116.33709380973116">
        <ele>46.6</ele>
        <time>2026-07-26T12:25:47.960Z</time>
      </trkpt>
      <trkpt lat="40.07552130639388" lon="116.33711561978753">
        <ele>46.6</ele>
        <time>2026-07-26T12:25:48.960Z</time>
      </trkpt>
      <trkpt lat="40.075510333265036" lon="116.33713853260278">
        <ele>46.6</ele>
        <time>2026-07-26T12:25:49.960Z</time>
      </trkpt>
      <trkpt lat="40.075500490347025" lon="116.33716285971056">
        <ele>46.6</ele>
        <time>2026-07-26T12:25:50.960Z</time>
      </trkpt>
      <trkpt lat="40.075491722932725" lon="116.33718861386826">
        <ele>46.6</ele>
        <time>2026-07-26T12:25:51.960Z</time>
      </trkpt>
      <trkpt lat="40.07548394029422" lon="116.33721550069534">
        <ele>46.6</ele>
        <time>2026-07-26T12:25:52.960Z</time>
      </trkpt>
      <trkpt lat="40.07547740425827" lon="116.33724380889119">
        <ele>46.7</ele>
        <time>2026-07-26T12:25:53.960Z</time>
      </trkpt>
      <trkpt lat="40.07547198993709" lon="116.33727345263799">
        <ele>46.7</ele>
        <time>2026-07-26T12:25:54.960Z</time>
      </trkpt>
      <trkpt lat="40.075467557460385" lon="116.33730379957696">
        <ele>46.7</ele>
        <time>2026-07-26T12:25:55.960Z</time>
      </trkpt>
      <trkpt lat="40.0754645666796" lon="116.3373345874335">
        <ele>46.7</ele>
        <time>2026-07-26T12:25:56.960Z</time>
      </trkpt>
      <trkpt lat="40.075463549644056" lon="116.33736565195227">
        <ele>46.7</ele>
        <time>2026-07-26T12:25:57.960Z</time>
      </trkpt>
      <trkpt lat="40.075464504238774" lon="116.33739678119619">
        <ele>46.7</ele>
        <time>2026-07-26T12:25:58.960Z</time>
      </trkpt>
      <trkpt lat="40.07546720257662" lon="116.33742764439253">
        <ele>46.7</ele>
        <time>2026-07-26T12:25:59.960Z</time>
      </trkpt>
      <trkpt lat="40.07547134383667" lon="116.33745790678964">
        <ele>46.7</ele>
        <time>2026-07-26T12:26:00.960Z</time>
      </trkpt>
      <trkpt lat="40.0754762081782" lon="116.33748743775756">
        <ele>46.7</ele>
        <time>2026-07-26T12:26:01.961Z</time>
      </trkpt>
      <trkpt lat="40.07548154414628" lon="116.33751617015905">
        <ele>46.7</ele>
        <time>2026-07-26T12:26:02.960Z</time>
      </trkpt>
      <trkpt lat="40.0754876706248" lon="116.33754397779721">
        <ele>46.7</ele>
        <time>2026-07-26T12:26:03.959Z</time>
      </trkpt>
      <trkpt lat="40.07549489852225" lon="116.33757082568691">
        <ele>46.7</ele>
        <time>2026-07-26T12:26:04.960Z</time>
      </trkpt>
      <trkpt lat="40.0755036177638" lon="116.3375966498427">
        <ele>46.7</ele>
        <time>2026-07-26T12:26:05.960Z</time>
      </trkpt>
      <trkpt lat="40.075513982455774" lon="116.33762141498809">
        <ele>46.6</ele>
        <time>2026-07-26T12:26:06.960Z</time>
      </trkpt>
      <trkpt lat="40.075525936069695" lon="116.3376448781792">
        <ele>46.6</ele>
        <time>2026-07-26T12:26:07.960Z</time>
      </trkpt>
      <trkpt lat="40.07553931713397" lon="116.33766690129448">
        <ele>46.6</ele>
        <time>2026-07-26T12:26:08.960Z</time>
      </trkpt>
      <trkpt lat="40.07555378814048" lon="116.33768779108813">
        <ele>46.6</ele>
        <time>2026-07-26T12:26:09.960Z</time>
      </trkpt>
      <trkpt lat="40.075569201599386" lon="116.33770776412965">
        <ele>46.6</ele>
        <time>2026-07-26T12:26:10.959Z</time>
      </trkpt>
      <trkpt lat="40.075585621096344" lon="116.33772659364801">
        <ele>46.6</ele>
        <time>2026-07-26T12:26:11.960Z</time>
      </trkpt>
      <trkpt lat="40.07560283287679" lon="116.33774399916472">
        <ele>46.5</ele>
        <time>2026-07-26T12:26:12.960Z</time>
      </trkpt>
      <trkpt lat="40.07562086882247" lon="116.33775985944888">
        <ele>46.5</ele>
        <time>2026-07-26T12:26:13.960Z</time>
      </trkpt>
      <trkpt lat="40.075639799888656" lon="116.3377741893653">
        <ele>46.5</ele>
        <time>2026-07-26T12:26:14.960Z</time>
      </trkpt>
      <trkpt lat="40.07565936535013" lon="116.33778741512968">
        <ele>46.4</ele>
        <time>2026-07-26T12:26:15.960Z</time>
      </trkpt>
      <trkpt lat="40.075679224422124" lon="116.33779967732855">
        <ele>46.4</ele>
        <time>2026-07-26T12:26:16.960Z</time>
      </trkpt>
      <trkpt lat="40.07569924358958" lon="116.33781069340662">
        <ele>46.4</ele>
        <time>2026-07-26T12:26:17.960Z</time>
      </trkpt>
      <trkpt lat="40.07571931628021" lon="116.33782032595386">
        <ele>46.3</ele>
        <time>2026-07-26T12:26:18.960Z</time>
      </trkpt>
      <trkpt lat="40.07573944579807" lon="116.33782851536218">
        <ele>46.3</ele>
        <time>2026-07-26T12:26:19.960Z</time>
      </trkpt>
      <trkpt lat="40.075759767904074" lon="116.33783534095842">
        <ele>46.3</ele>
        <time>2026-07-26T12:26:20.960Z</time>
      </trkpt>
      <trkpt lat="40.07578043334507" lon="116.33784096944223">
        <ele>46.2</ele>
        <time>2026-07-26T12:26:21.960Z</time>
      </trkpt>
      <trkpt lat="40.075801488883016" lon="116.33784547741993">
        <ele>46.2</ele>
        <time>2026-07-26T12:26:22.960Z</time>
      </trkpt>
      <trkpt lat="40.07582290797069" lon="116.3378485568865">
        <ele>46.2</ele>
        <time>2026-07-26T12:26:23.960Z</time>
      </trkpt>
      <trkpt lat="40.07584447768221" lon="116.33785019369144">
        <ele>46.2</ele>
        <time>2026-07-26T12:26:24.960Z</time>
      </trkpt>
      <trkpt lat="40.07586597927303" lon="116.33785109246955">
        <ele>46.2</ele>
        <time>2026-07-26T12:26:25.960Z</time>
      </trkpt>
      <trkpt lat="40.07588775333318" lon="116.33785147762163">
        <ele>46.2</ele>
        <time>2026-07-26T12:26:26.961Z</time>
      </trkpt>
      <trkpt lat="40.07591007223646" lon="116.33785114444473">
        <ele>46.2</ele>
        <time>2026-07-26T12:26:27.960Z</time>
      </trkpt>
      <trkpt lat="40.07593289640289" lon="116.33785044975522">
        <ele>46.2</ele>
        <time>2026-07-26T12:26:28.960Z</time>
      </trkpt>
      <trkpt lat="40.07595605289703" lon="116.33785008180874">
        <ele>46.2</ele>
        <time>2026-07-26T12:26:29.961Z</time>
      </trkpt>
      <trkpt lat="40.075979370638" lon="116.33784997659838">
        <ele>46.2</ele>
        <time>2026-07-26T12:26:30.960Z</time>
      </trkpt>
      <trkpt lat="40.07600285139124" lon="116.33785013745799">
        <ele>46.2</ele>
        <time>2026-07-26T12:26:31.961Z</time>
      </trkpt>
      <trkpt lat="40.07602632042369" lon="116.33784992831883">
        <ele>46.2</ele>
        <time>2026-07-26T12:26:32.960Z</time>
      </trkpt>
      <trkpt lat="40.07604951130027" lon="116.33784893997642">
        <ele>46.3</ele>
        <time>2026-07-26T12:26:33.960Z</time>
      </trkpt>
      <trkpt lat="40.07607207043054" lon="116.33784797144493">
        <ele>46.3</ele>
        <time>2026-07-26T12:26:34.960Z</time>
      </trkpt>
      <trkpt lat="40.076094073495184" lon="116.3378476928541">
        <ele>46.3</ele>
        <time>2026-07-26T12:26:35.960Z</time>
      </trkpt>
      <trkpt lat="40.07611598425559" lon="116.3378486174187">
        <ele>46.3</ele>
        <time>2026-07-26T12:26:36.960Z</time>
      </trkpt>
      <trkpt lat="40.07613815053579" lon="116.3378506272658">
        <ele>46.3</ele>
        <time>2026-07-26T12:26:37.960Z</time>
      </trkpt>
      <trkpt lat="40.07616057375439" lon="116.33785295065952">
        <ele>46.3</ele>
        <time>2026-07-26T12:26:38.960Z</time>
      </trkpt>
      <trkpt lat="40.07618289574216" lon="116.33785486528123">
        <ele>46.3</ele>
        <time>2026-07-26T12:26:39.960Z</time>
      </trkpt>
      <trkpt lat="40.07620499802216" lon="116.33785608163512">
        <ele>46.3</ele>
        <time>2026-07-26T12:26:40.960Z</time>
      </trkpt>
      <trkpt lat="40.0762271890781" lon="116.3378564686668">
        <ele>46.3</ele>
        <time>2026-07-26T12:26:41.960Z</time>
      </trkpt>
      <trkpt lat="40.076249700670715" lon="116.33785710790707">
        <ele>46.4</ele>
        <time>2026-07-26T12:26:42.960Z</time>
      </trkpt>
      <trkpt lat="40.07627248561703" lon="116.3378581587456">
        <ele>46.4</ele>
        <time>2026-07-26T12:26:43.960Z</time>
      </trkpt>
      <trkpt lat="40.07629539895089" lon="116.33785857081158">
        <ele>46.4</ele>
        <time>2026-07-26T12:26:44.960Z</time>
      </trkpt>
      <trkpt lat="40.07631822632634" lon="116.33785831541637">
        <ele>46.4</ele>
        <time>2026-07-26T12:26:45.960Z</time>
      </trkpt>
      <trkpt lat="40.0763407813273" lon="116.3378578772473">
        <ele>46.4</ele>
        <time>2026-07-26T12:26:46.960Z</time>
      </trkpt>
      <trkpt lat="40.0763630112164" lon="116.33785763224256">
        <ele>46.4</ele>
        <time>2026-07-26T12:26:47.960Z</time>
      </trkpt>
      <trkpt lat="40.0763849337485" lon="116.33785766975534">
        <ele>46.4</ele>
        <time>2026-07-26T12:26:48.960Z</time>
      </trkpt>
      <trkpt lat="40.076406546405565" lon="116.33785781415024">
        <ele>46.4</ele>
        <time>2026-07-26T12:26:49.960Z</time>
      </trkpt>
      <trkpt lat="40.07642802126127" lon="116.33785771909699">
        <ele>46.4</ele>
        <time>2026-07-26T12:26:50.960Z</time>
      </trkpt>
      <trkpt lat="40.07644958304273" lon="116.33785750125871">
        <ele>46.5</ele>
        <time>2026-07-26T12:26:51.960Z</time>
      </trkpt>
      <trkpt lat="40.07647134383582" lon="116.33785795700503">
        <ele>46.5</ele>
        <time>2026-07-26T12:26:52.960Z</time>
      </trkpt>
      <trkpt lat="40.07649325027259" lon="116.33785849971483">
        <ele>46.5</ele>
        <time>2026-07-26T12:26:53.960Z</time>
      </trkpt>
      <trkpt lat="40.076515286828155" lon="116.33785834325103">
        <ele>46.5</ele>
        <time>2026-07-26T12:26:54.960Z</time>
      </trkpt>
      <trkpt lat="40.07653752150909" lon="116.3378580778143">
        <ele>46.5</ele>
        <time>2026-07-26T12:26:55.960Z</time>
      </trkpt>
      <trkpt lat="40.07655990000756" lon="116.337857716241">
        <ele>46.5</ele>
        <time>2026-07-26T12:26:56.960Z</time>
      </trkpt>
      <trkpt lat="40.07658230678356" lon="116.33785721324928">
        <ele>46.5</ele>
        <time>2026-07-26T12:26:57.960Z</time>
      </trkpt>
      <trkpt lat="40.07660472266683" lon="116.33785677085451">
        <ele>46.5</ele>
        <time>2026-07-26T12:26:58.960Z</time>
      </trkpt>
      <trkpt lat="40.076627209155355" lon="116.33785640402752">
        <ele>46.5</ele>
        <time>2026-07-26T12:26:59.960Z</time>
      </trkpt>
      <trkpt lat="40.07664977940502" lon="116.33785550280025">
        <ele>46.5</ele>
        <time>2026-07-26T12:27:00.960Z</time>
      </trkpt>
      <trkpt lat="40.07667238291511" lon="116.33785328117277">
        <ele>46.5</ele>
        <time>2026-07-26T12:27:01.960Z</time>
      </trkpt>
      <trkpt lat="40.07669487343172" lon="116.33784959762279">
        <ele>46.5</ele>
        <time>2026-07-26T12:27:02.960Z</time>
      </trkpt>
      <trkpt lat="40.076716944122715" lon="116.33784489017577">
        <ele>46.5</ele>
        <time>2026-07-26T12:27:03.960Z</time>
      </trkpt>
      <trkpt lat="40.07673817850973" lon="116.33783909033365">
        <ele>46.5</ele>
        <time>2026-07-26T12:27:04.960Z</time>
      </trkpt>
      <trkpt lat="40.07675842359271" lon="116.33783181039692">
        <ele>46.5</ele>
        <time>2026-07-26T12:27:05.960Z</time>
      </trkpt>
      <trkpt lat="40.07677804699738" lon="116.3378226685785">
        <ele>46.5</ele>
        <time>2026-07-26T12:27:06.960Z</time>
      </trkpt>
      <trkpt lat="40.07679754646045" lon="116.33781126675012">
        <ele>46.5</ele>
        <time>2026-07-26T12:27:07.960Z</time>
      </trkpt>
      <trkpt lat="40.07681702601868" lon="116.3377976894905">
        <ele>46.5</ele>
        <time>2026-07-26T12:27:08.960Z</time>
      </trkpt>
      <trkpt lat="40.07683634182241" lon="116.3377822046295">
        <ele>46.4</ele>
        <time>2026-07-26T12:27:09.960Z</time>
      </trkpt>
      <trkpt lat="40.07685532181415" lon="116.33776495627168">
        <ele>46.4</ele>
        <time>2026-07-26T12:27:10.960Z</time>
      </trkpt>
      <trkpt lat="40.07687371229263" lon="116.33774565335428">
        <ele>46.4</ele>
        <time>2026-07-26T12:27:11.960Z</time>
      </trkpt>
      <trkpt lat="40.07689138999492" lon="116.33772393369163">
        <ele>46.3</ele>
        <time>2026-07-26T12:27:12.960Z</time>
      </trkpt>
      <trkpt lat="40.07690828381138" lon="116.33769989142783">
        <ele>46.3</ele>
        <time>2026-07-26T12:27:13.960Z</time>
      </trkpt>
      <trkpt lat="40.076924095162084" lon="116.33767411176004">
        <ele>46.3</ele>
        <time>2026-07-26T12:27:14.960Z</time>
      </trkpt>
      <trkpt lat="40.07693869455795" lon="116.33764707505982">
        <ele>46.2</ele>
        <time>2026-07-26T12:27:15.960Z</time>
      </trkpt>
      <trkpt lat="40.07695228233033" lon="116.3376190081975">
        <ele>46.2</ele>
        <time>2026-07-26T12:27:16.960Z</time>
      </trkpt>
      <trkpt lat="40.07696506190466" lon="116.33759008257468">
        <ele>46.2</ele>
        <time>2026-07-26T12:27:17.960Z</time>
      </trkpt>
      <trkpt lat="40.07697673743726" lon="116.33756037849908">
        <ele>46.2</ele>
        <time>2026-07-26T12:27:18.960Z</time>
      </trkpt>
      <trkpt lat="40.076986663544" lon="116.3375300158496">
        <ele>46.1</ele>
        <time>2026-07-26T12:27:19.960Z</time>
      </trkpt>
      <trkpt lat="40.076994678581976" lon="116.33749948806009">
        <ele>46.1</ele>
        <time>2026-07-26T12:27:20.960Z</time>
      </trkpt>
      <trkpt lat="40.07700075101682" lon="116.33746903667924">
        <ele>46.1</ele>
        <time>2026-07-26T12:27:21.960Z</time>
      </trkpt>
      <trkpt lat="40.077004544790015" lon="116.33743876699354">
        <ele>46.1</ele>
        <time>2026-07-26T12:27:22.960Z</time>
      </trkpt>
      <trkpt lat="40.07700641935628" lon="116.33740875243375">
        <ele>46.0</ele>
        <time>2026-07-26T12:27:23.960Z</time>
      </trkpt>
      <trkpt lat="40.077006927123875" lon="116.33737879509707">
        <ele>46.0</ele>
        <time>2026-07-26T12:27:24.960Z</time>
      </trkpt>
      <trkpt lat="40.07700589720411" lon="116.33734859086555">
        <ele>46.0</ele>
        <time>2026-07-26T12:27:25.960Z</time>
      </trkpt>
      <trkpt lat="40.07700325749521" lon="116.33731802170993">
        <ele>46.0</ele>
        <time>2026-07-26T12:27:26.960Z</time>
      </trkpt>
      <trkpt lat="40.07699925330848" lon="116.33728708001019">
        <ele>46.0</ele>
        <time>2026-07-26T12:27:27.960Z</time>
      </trkpt>
      <trkpt lat="40.07699423980942" lon="116.33725579797242">
        <ele>46.0</ele>
        <time>2026-07-26T12:27:28.960Z</time>
      </trkpt>
      <trkpt lat="40.07698824127504" lon="116.33722428969915">
        <ele>46.0</ele>
        <time>2026-07-26T12:27:29.960Z</time>
      </trkpt>
      <trkpt lat="40.076980793732794" lon="116.33719291127511">
        <ele>46.0</ele>
        <time>2026-07-26T12:27:30.960Z</time>
      </trkpt>
      <trkpt lat="40.07697143216256" lon="116.33716206325343">
        <ele>46.0</ele>
        <time>2026-07-26T12:27:31.960Z</time>
      </trkpt>
      <trkpt lat="40.07696001755294" lon="116.33713207302839">
        <ele>46.0</ele>
        <time>2026-07-26T12:27:32.960Z</time>
      </trkpt>
      <trkpt lat="40.07694661351513" lon="116.33710312771534">
        <ele>46.0</ele>
        <time>2026-07-26T12:27:33.960Z</time>
      </trkpt>
      <trkpt lat="40.076931402024734" lon="116.33707543404485">
        <ele>46.0</ele>
        <time>2026-07-26T12:27:34.960Z</time>
      </trkpt>
      <trkpt lat="40.076914590204595" lon="116.3370492958915">
        <ele>46.0</ele>
        <time>2026-07-26T12:27:35.960Z</time>
      </trkpt>
      <trkpt lat="40.07689615453848" lon="116.33702507831214">
        <ele>45.9</ele>
        <time>2026-07-26T12:27:36.960Z</time>
      </trkpt>
      <trkpt lat="40.07687624699097" lon="116.3370027403943">
        <ele>45.9</ele>
        <time>2026-07-26T12:27:37.960Z</time>
      </trkpt>
      <trkpt lat="40.07685520544914" lon="116.33698226572828">
        <ele>45.9</ele>
        <time>2026-07-26T12:27:38.960Z</time>
      </trkpt>
      <trkpt lat="40.076833068522355" lon="116.33696424308188">
        <ele>45.9</ele>
        <time>2026-07-26T12:27:39.960Z</time>
        <extensions>
          <gpxtpx:TrackPointExtension>
            <gpxtpx:hr>182</gpxtpx:hr>
          </gpxtpx:TrackPointExtension>
        </extensions>
      </trkpt>
      <trkpt lat="40.07681013673163" lon="116.33694922153745">
        <ele>45.9</ele>
        <time>2026-07-26T12:27:40.960Z</time>
        <extensions>
          <gpxtpx:TrackPointExtension>
            <gpxtpx:hr>182</gpxtpx:hr>
          </gpxtpx:TrackPointExtension>
        </extensions>
      </trkpt>
      <trkpt lat="40.07678674945258" lon="116.33693686893879">
        <ele>45.9</ele>
        <time>2026-07-26T12:27:41.960Z</time>
        <extensions>
          <gpxtpx:TrackPointExtension>
            <gpxtpx:hr>182</gpxtpx:hr>
          </gpxtpx:TrackPointExtension>
        </extensions>
      </trkpt>
      <trkpt lat="40.07676301618228" lon="116.33692700599181">
        <ele>45.9</ele>
        <time>2026-07-26T12:27:42.960Z</time>
        <extensions>
          <gpxtpx:TrackPointExtension>
            <gpxtpx:hr>182</gpxtpx:hr>
          </gpxtpx:TrackPointExtension>
        </extensions>
      </trkpt>
      <trkpt lat="40.07673919243515" lon="116.33691936520897">
        <ele>45.9</ele>
        <time>2026-07-26T12:27:43.960Z</time>
        <extensions>
          <gpxtpx:TrackPointExtension>
            <gpxtpx:hr>182</gpxtpx:hr>
          </gpxtpx:TrackPointExtension>
        </extensions>
      </trkpt>
      <trkpt lat="40.076715491094504" lon="116.33691324773197">
        <ele>46.0</ele>
        <time>2026-07-26T12:27:44.960Z</time>
        <extensions>
          <gpxtpx:TrackPointExtension>
            <gpxtpx:hr>182</gpxtpx:hr>
          </gpxtpx:TrackPointExtension>
        </extensions>
      </trkpt>
      <trkpt lat="40.0766918118741" lon="116.3369086172054">
        <ele>46.0</ele>
        <time>2026-07-26T12:27:45.960Z</time>
        <extensions>
          <gpxtpx:TrackPointExtension>
            <gpxtpx:hr>182</gpxtpx:hr>
          </gpxtpx:TrackPointExtension>
        </extensions>
      </trkpt>
      <trkpt lat="40.07666797722498" lon="116.33690584841692">
        <ele>46.0</ele>
        <time>2026-07-26T12:27:46.960Z</time>
        <extensions>
          <gpxtpx:TrackPointExtension>
            <gpxtpx:hr>182</gpxtpx:hr>
          </gpxtpx:TrackPointExtension>
        </extensions>
      </trkpt>
      <trkpt lat="40.07664390914487" lon="116.33690504197585">
        <ele>46.0</ele>
        <time>2026-07-26T12:27:47.960Z</time>
        <extensions>
          <gpxtpx:TrackPointExtension>
            <gpxtpx:hr>182</gpxtpx:hr>
          </gpxtpx:TrackPointExtension>
        </extensions>
      </trkpt>
      <trkpt lat="40.076619706079384" lon="116.33690630012052">
        <ele>46.0</ele>
        <time>2026-07-26T12:27:48.960Z</time>
        <extensions>
          <gpxtpx:TrackPointExtension>
            <gpxtpx:hr>182</gpxtpx:hr>
          </gpxtpx:TrackPointExtension>
        </extensions>
      </trkpt>
      <trkpt lat="40.07659562568037" lon="116.33690905572045">
        <ele>46.0</ele>
        <time>2026-07-26T12:27:49.960Z</time>
        <extensions>
          <gpxtpx:TrackPointExtension>
            <gpxtpx:hr>182</gpxtpx:hr>
          </gpxtpx:TrackPointExtension>
        </extensions>
      </trkpt>
      <trkpt lat="40.07657177392574" lon="116.33691207541222">
        <ele>46.0</ele>
        <time>2026-07-26T12:27:50.960Z</time>
        <extensions>
          <gpxtpx:TrackPointExtension>
            <gpxtpx:hr>182</gpxtpx:hr>
          </gpxtpx:TrackPointExtension>
        </extensions>
      </trkpt>
      <trkpt lat="40.07654802769925" lon="116.33691480211625">
        <ele>46.0</ele>
        <time>2026-07-26T12:27:51.960Z</time>
        <extensions>
          <gpxtpx:TrackPointExtension>
            <gpxtpx:hr>182</gpxtpx:hr>
          </gpxtpx:TrackPointExtension>
        </extensions>
      </trkpt>
      <trkpt lat="40.07652443512708" lon="116.33691696823439">
        <ele>46.0</ele>
        <time>2026-07-26T12:27:52.960Z</time>
        <extensions>
          <gpxtpx:TrackPointExtension>
            <gpxtpx:hr>182</gpxtpx:hr>
          </gpxtpx:TrackPointExtension>
        </extensions>
      </trkpt>
      <trkpt lat="40.0765011837272" lon="116.33691858951671">
        <ele>46.0</ele>
        <time>2026-07-26T12:27:53.960Z</time>
        <extensions>
          <gpxtpx:TrackPointExtension>
            <gpxtpx:hr>182</gpxtpx:hr>
          </gpxtpx:TrackPointExtension>
        </extensions>
      </trkpt>
      <trkpt lat="40.076478236437495" lon="116.33691976647013">
        <ele>46.0</ele>
        <time>2026-07-26T12:27:54.960Z</time>
        <extensions>
          <gpxtpx:TrackPointExtension>
            <gpxtpx:hr>182</gpxtpx:hr>
          </gpxtpx:TrackPointExtension>
        </extensions>
      </trkpt>
      <trkpt lat="40.07645544427578" lon="116.3369205422942">
        <ele>46.0</ele>
        <time>2026-07-26T12:27:55.960Z</time>
        <extensions>
          <gpxtpx:TrackPointExtension>
            <gpxtpx:hr>182</gpxtpx:hr>
          </gpxtpx:TrackPointExtension>
        </extensions>
      </trkpt>
      <trkpt lat="40.076432641953204" lon="116.33692078913444">
        <ele>46.0</ele>
        <time>2026-07-26T12:27:56.960Z</time>
        <extensions>
          <gpxtpx:TrackPointExtension>
            <gpxtpx:hr>182</gpxtpx:hr>
          </gpxtpx:TrackPointExtension>
        </extensions>
      </trkpt>
      <trkpt lat="40.076409706724775" lon="116.33692030345868">
        <ele>46.0</ele>
        <time>2026-07-26T12:27:57.960Z</time>
        <extensions>
          <gpxtpx:TrackPointExtension>
            <gpxtpx:hr>182</gpxtpx:hr>
          </gpxtpx:TrackPointExtension>
        </extensions>
      </trkpt>
      <trkpt lat="40.07638658143611" lon="116.33691937731409">
        <ele>46.0</ele>
        <time>2026-07-26T12:27:58.960Z</time>
        <extensions>
          <gpxtpx:TrackPointExtension>
            <gpxtpx:hr>182</gpxtpx:hr>
          </gpxtpx:TrackPointExtension>
        </extensions>
      </trkpt>
      <trkpt lat="40.07636329652906" lon="116.33691867268578">
        <ele>46.0</ele>
        <time>2026-07-26T12:27:59.960Z</time>
        <extensions>
          <gpxtpx:TrackPointExtension>
            <gpxtpx:hr>182</gpxtpx:hr>
          </gpxtpx:TrackPointExtension>
        </extensions>
      </trkpt>
      <trkpt lat="40.07634001911106" lon="116.33691812448664">
        <ele>46.0</ele>
        <time>2026-07-26T12:28:00.960Z</time>
        <extensions>
          <gpxtpx:TrackPointExtension>
            <gpxtpx:hr>182</gpxtpx:hr>
          </gpxtpx:TrackPointExtension>
        </extensions>
      </trkpt>
      <trkpt lat="40.07631686211881" lon="116.3369177259021">
        <ele>46.0</ele>
        <time>2026-07-26T12:28:01.960Z</time>
        <extensions>
          <gpxtpx:TrackPointExtension>
            <gpxtpx:hr>182</gpxtpx:hr>
          </gpxtpx:TrackPointExtension>
        </extensions>
      </trkpt>
      <trkpt lat="40.07629376521947" lon="116.33691782725244">
        <ele>46.0</ele>
        <time>2026-07-26T12:28:02.959Z</time>
        <extensions>
          <gpxtpx:TrackPointExtension>
            <gpxtpx:hr>182</gpxtpx:hr>
          </gpxtpx:TrackPointExtension>
        </extensions>
      </trkpt>
      <trkpt lat="40.07627066124845" lon="116.33691770898916">
        <ele>46.0</ele>
        <time>2026-07-26T12:28:03.960Z</time>
        <extensions>
          <gpxtpx:TrackPointExtension>
            <gpxtpx:hr>182</gpxtpx:hr>
          </gpxtpx:TrackPointExtension>
        </extensions>
      </trkpt>
      <trkpt lat="40.07624758623656" lon="116.3369167921644">
        <ele>46.0</ele>
        <time>2026-07-26T12:28:04.959Z</time>
        <extensions>
          <gpxtpx:TrackPointExtension>
            <gpxtpx:hr>182</gpxtpx:hr>
          </gpxtpx:TrackPointExtension>
        </extensions>
      </trkpt>
      <trkpt lat="40.07622475471965" lon="116.33691561421605">
        <ele>46.0</ele>
        <time>2026-07-26T12:28:05.959Z</time>
        <extensions>
          <gpxtpx:TrackPointExtension>
            <gpxtpx:hr>182</gpxtpx:hr>
          </gpxtpx:TrackPointExtension>
        </extensions>
      </trkpt>
      <trkpt lat="40.076201957769165" lon="116.33691482123996">
        <ele>46.0</ele>
        <time>2026-07-26T12:28:06.959Z</time>
        <extensions>
          <gpxtpx:TrackPointExtension>
            <gpxtpx:hr>182</gpxtpx:hr>
          </gpxtpx:TrackPointExtension>
        </extensions>
      </trkpt>
      <trkpt lat="40.076179032001406" lon="116.33691455195725">
        <ele>46.0</ele>
        <time>2026-07-26T12:28:07.959Z</time>
        <extensions>
          <gpxtpx:TrackPointExtension>
            <gpxtpx:hr>182</gpxtpx:hr>
          </gpxtpx:TrackPointExtension>
        </extensions>
      </trkpt>
      <trkpt lat="40.07615612214425" lon="116.33691465494059">
        <ele>46.0</ele>
        <time>2026-07-26T12:28:08.959Z</time>
        <extensions>
          <gpxtpx:TrackPointExtension>
            <gpxtpx:hr>182</gpxtpx:hr>
          </gpxtpx:TrackPointExtension>
        </extensions>
      </trkpt>
      <trkpt lat="40.076133195249604" lon="116.33691463481571">
        <ele>46.0</ele>
        <time>2026-07-26T12:28:09.960Z</time>
      </trkpt>
      <trkpt lat="40.076110233561636" lon="116.33691414287746">
        <ele>46.0</ele>
        <time>2026-07-26T12:28:10.960Z</time>
      </trkpt>
      <trkpt lat="40.07608735953409" lon="116.33691340149637">
        <ele>46.0</ele>
        <time>2026-07-26T12:28:11.960Z</time>
      </trkpt>
      <trkpt lat="40.07606477630896" lon="116.33691245957847">
        <ele>45.9</ele>
        <time>2026-07-26T12:28:12.960Z</time>
      </trkpt>
      <trkpt lat="40.07604261227827" lon="116.33691194873022">
        <ele>45.9</ele>
        <time>2026-07-26T12:28:13.960Z</time>
      </trkpt>
      <trkpt lat="40.076020429603204" lon="116.33691161923035">
        <ele>45.9</ele>
        <time>2026-07-26T12:28:14.960Z</time>
      </trkpt>
      <trkpt lat="40.0759976802288" lon="116.3369110875139">
        <ele>45.9</ele>
        <time>2026-07-26T12:28:15.960Z</time>
      </trkpt>
      <trkpt lat="40.07597433862213" lon="116.33691045049802">
        <ele>45.9</ele>
        <time>2026-07-26T12:28:16.959Z</time>
      </trkpt>
      <trkpt lat="40.075950595587486" lon="116.3369098545649">
        <ele>46.0</ele>
        <time>2026-07-26T12:28:17.959Z</time>
      </trkpt>
      <trkpt lat="40.07592668780885" lon="116.33691006922717">
        <ele>46.0</ele>
        <time>2026-07-26T12:28:18.959Z</time>
      </trkpt>
      <trkpt lat="40.07590278933855" lon="116.33691064751828">
        <ele>46.0</ele>
        <time>2026-07-26T12:28:19.959Z</time>
      </trkpt>
      <trkpt lat="40.07587898858305" lon="116.33691096865284">
        <ele>46.0</ele>
        <time>2026-07-26T12:28:20.959Z</time>
      </trkpt>
      <trkpt lat="40.075855370128025" lon="116.33691115994019">
        <ele>46.0</ele>
        <time>2026-07-26T12:28:21.959Z</time>
      </trkpt>
      <trkpt lat="40.075831895799325" lon="116.33691203404048">
        <ele>46.0</ele>
        <time>2026-07-26T12:28:22.959Z</time>
      </trkpt>
      <trkpt lat="40.07580856701328" lon="116.33691393171337">
        <ele>46.1</ele>
        <time>2026-07-26T12:28:23.960Z</time>
      </trkpt>
      <trkpt lat="40.07578569271463" lon="116.33691671182719">
        <ele>46.1</ele>
        <time>2026-07-26T12:28:24.960Z</time>
      </trkpt>
      <trkpt lat="40.075763374538845" lon="116.33692082008528">
        <ele>46.1</ele>
        <time>2026-07-26T12:28:25.960Z</time>
      </trkpt>
      <trkpt lat="40.07574160004736" lon="116.3369272487468">
        <ele>46.2</ele>
        <time>2026-07-26T12:28:26.959Z</time>
      </trkpt>
      <trkpt lat="40.07572026477423" lon="116.33693647516188">
        <ele>46.2</ele>
        <time>2026-07-26T12:28:27.960Z</time>
      </trkpt>
      <trkpt lat="40.075699321364894" lon="116.33694800612935">
        <ele>46.2</ele>
        <time>2026-07-26T12:28:28.959Z</time>
      </trkpt>
      <trkpt lat="40.07567874876669" lon="116.33696116730012">
        <ele>46.3</ele>
        <time>2026-07-26T12:28:29.959Z</time>
      </trkpt>
      <trkpt lat="40.07565853425468" lon="116.33697576496563">
        <ele>46.3</ele>
        <time>2026-07-26T12:28:30.960Z</time>
      </trkpt>
      <trkpt lat="40.07563892172298" lon="116.33699196581263">
        <ele>46.3</ele>
        <time>2026-07-26T12:28:31.960Z</time>
      </trkpt>
      <trkpt lat="40.075619824472376" lon="116.33700966596965">
        <ele>46.3</ele>
        <time>2026-07-26T12:28:32.960Z</time>
      </trkpt>
      <trkpt lat="40.075601483312205" lon="116.33702906980695">
        <ele>46.4</ele>
        <time>2026-07-26T12:28:33.960Z</time>
      </trkpt>
      <trkpt lat="40.07558455790242" lon="116.33705084153152">
        <ele>46.4</ele>
        <time>2026-07-26T12:28:34.960Z</time>
      </trkpt>
      <trkpt lat="40.07556928508339" lon="116.33707480570048">
        <ele>46.4</ele>
        <time>2026-07-26T12:28:35.959Z</time>
      </trkpt>
      <trkpt lat="40.07555558154001" lon="116.3371002865268">
        <ele>46.5</ele>
        <time>2026-07-26T12:28:36.959Z</time>
      </trkpt>
      <trkpt lat="40.075543366688144" lon="116.33712681903657">
        <ele>46.5</ele>
        <time>2026-07-26T12:28:37.959Z</time>
      </trkpt>
      <trkpt lat="40.07553254843608" lon="116.33715413755002">
        <ele>46.5</ele>
        <time>2026-07-26T12:28:38.960Z</time>
      </trkpt>
      <trkpt lat="40.07552317068523" lon="116.33718236896672">
        <ele>46.5</ele>
        <time>2026-07-26T12:28:39.960Z</time>
      </trkpt>
      <trkpt lat="40.075514685637465" lon="116.33721135156274">
        <ele>46.6</ele>
        <time>2026-07-26T12:28:40.960Z</time>
      </trkpt>
      <trkpt lat="40.07550679819004" lon="116.33724091884315">
        <ele>46.6</ele>
        <time>2026-07-26T12:28:41.960Z</time>
      </trkpt>
      <trkpt lat="40.075499976325894" lon="116.33727124413389">
        <ele>46.6</ele>
        <time>2026-07-26T12:28:42.960Z</time>
      </trkpt>
      <trkpt lat="40.075495159285474" lon="116.33730231315376">
        <ele>46.6</ele>
        <time>2026-07-26T12:28:43.960Z</time>
      </trkpt>
      <trkpt lat="40.07549285858171" lon="116.33733369980915">
        <ele>46.6</ele>
        <time>2026-07-26T12:28:44.960Z</time>
      </trkpt>
      <trkpt lat="40.0754927313068" lon="116.3373651199902">
        <ele>46.7</ele>
        <time>2026-07-26T12:28:45.960Z</time>
      </trkpt>
      <trkpt lat="40.075494419268395" lon="116.33739670947242">
        <ele>46.7</ele>
        <time>2026-07-26T12:28:46.960Z</time>
      </trkpt>
      <trkpt lat="40.07549747023261" lon="116.33742848140048">
        <ele>46.7</ele>
        <time>2026-07-26T12:28:47.960Z</time>
      </trkpt>
      <trkpt lat="40.07550193066947" lon="116.33746024152278">
        <ele>46.7</ele>
        <time>2026-07-26T12:28:48.960Z</time>
      </trkpt>
      <trkpt lat="40.0755079125566" lon="116.33749184989341">
        <ele>46.7</ele>
        <time>2026-07-26T12:28:49.960Z</time>
      </trkpt>
      <trkpt lat="40.075515266861295" lon="116.3375232168912">
        <ele>46.7</ele>
        <time>2026-07-26T12:28:50.960Z</time>
      </trkpt>
      <trkpt lat="40.075523957985936" lon="116.337554124573">
        <ele>46.7</ele>
        <time>2026-07-26T12:28:51.960Z</time>
      </trkpt>
      <trkpt lat="40.07553363280312" lon="116.33758444504448">
        <ele>46.7</ele>
        <time>2026-07-26T12:28:52.959Z</time>
      </trkpt>
      <trkpt lat="40.075544338288516" lon="116.33761386494153">
        <ele>46.6</ele>
        <time>2026-07-26T12:28:53.959Z</time>
      </trkpt>
      <trkpt lat="40.075555988746665" lon="116.3376420455884">
        <ele>46.6</ele>
        <time>2026-07-26T12:28:54.959Z</time>
      </trkpt>
      <trkpt lat="40.07556837623608" lon="116.33766879810898">
        <ele>46.6</ele>
        <time>2026-07-26T12:28:55.959Z</time>
      </trkpt>
      <trkpt lat="40.07558181054241" lon="116.33769388757281">
        <ele>46.6</ele>
        <time>2026-07-26T12:28:56.959Z</time>
      </trkpt>
      <trkpt lat="40.07559615031693" lon="116.33771739323879">
        <ele>46.5</ele>
        <time>2026-07-26T12:28:57.959Z</time>
      </trkpt>
      <trkpt lat="40.07561144528424" lon="116.3377392403389">
        <ele>46.5</ele>
        <time>2026-07-26T12:28:58.959Z</time>
      </trkpt>
      <trkpt lat="40.07562819045629" lon="116.33775917037937">
        <ele>46.5</ele>
        <time>2026-07-26T12:28:59.959Z</time>
      </trkpt>
      <trkpt lat="40.07564663628362" lon="116.33777702099795">
        <ele>46.5</ele>
        <time>2026-07-26T12:29:00.959Z</time>
      </trkpt>
      <trkpt lat="40.07566663547124" lon="116.33779288791696">
        <ele>46.5</ele>
        <time>2026-07-26T12:29:01.959Z</time>
      </trkpt>
      <trkpt lat="40.07568793318371" lon="116.33780709897924">
        <ele>46.4</ele>
        <time>2026-07-26T12:29:02.959Z</time>
      </trkpt>
      <trkpt lat="40.075710368577276" lon="116.33781983915377">
        <ele>46.4</ele>
        <time>2026-07-26T12:29:03.959Z</time>
      </trkpt>
      <trkpt lat="40.075733688825004" lon="116.33783093913374">
        <ele>46.4</ele>
        <time>2026-07-26T12:29:04.959Z</time>
      </trkpt>
      <trkpt lat="40.07575744500437" lon="116.33784055185308">
        <ele>46.4</ele>
        <time>2026-07-26T12:29:05.960Z</time>
      </trkpt>
      <trkpt lat="40.075781330345066" lon="116.33784830700668">
        <ele>46.4</ele>
        <time>2026-07-26T12:29:06.959Z</time>
      </trkpt>
      <trkpt lat="40.075805057051845" lon="116.33785397831322">
        <ele>46.4</ele>
        <time>2026-07-26T12:29:07.959Z</time>
      </trkpt>
      <trkpt lat="40.07582851608805" lon="116.33785807626731">
        <ele>46.4</ele>
        <time>2026-07-26T12:29:08.959Z</time>
      </trkpt>
      <trkpt lat="40.075851926528536" lon="116.33786080574157">
        <ele>46.3</ele>
        <time>2026-07-26T12:29:09.959Z</time>
      </trkpt>
      <trkpt lat="40.07587536997697" lon="116.33786212362985">
        <ele>46.3</ele>
        <time>2026-07-26T12:29:10.959Z</time>
      </trkpt>
      <trkpt lat="40.07589886015296" lon="116.33786187528212">
        <ele>46.3</ele>
        <time>2026-07-26T12:29:11.959Z</time>
      </trkpt>
      <trkpt lat="40.07592245572494" lon="116.3378604523402">
        <ele>46.3</ele>
        <time>2026-07-26T12:29:12.959Z</time>
      </trkpt>
      <trkpt lat="40.07594625281831" lon="116.33785889305321">
        <ele>46.3</ele>
        <time>2026-07-26T12:29:13.959Z</time>
      </trkpt>
      <trkpt lat="40.07597032046773" lon="116.33785736358678">
        <ele>46.3</ele>
        <time>2026-07-26T12:29:14.959Z</time>
      </trkpt>
      <trkpt lat="40.07599470869843" lon="116.33785534650681">
        <ele>46.3</ele>
        <time>2026-07-26T12:29:15.959Z</time>
      </trkpt>
      <trkpt lat="40.07601939176625" lon="116.33785289252049">
        <ele>46.3</ele>
        <time>2026-07-26T12:29:16.958Z</time>
      </trkpt>
      <trkpt lat="40.07604417099762" lon="116.33785005083878">
        <ele>46.3</ele>
        <time>2026-07-26T12:29:17.959Z</time>
      </trkpt>
      <trkpt lat="40.07606885746725" lon="116.33784741712326">
        <ele>46.3</ele>
        <time>2026-07-26T12:29:18.959Z</time>
      </trkpt>
      <trkpt lat="40.076093513434664" lon="116.33784545836384">
        <ele>46.3</ele>
        <time>2026-07-26T12:29:19.959Z</time>
      </trkpt>
      <trkpt lat="40.07611827763385" lon="116.33784367719524">
        <ele>46.3</ele>
        <time>2026-07-26T12:29:20.959Z</time>
      </trkpt>
      <trkpt lat="40.076143039920304" lon="116.33784195899314">
        <ele>46.3</ele>
        <time>2026-07-26T12:29:21.959Z</time>
      </trkpt>
      <trkpt lat="40.076167440897336" lon="116.33784036853423">
        <ele>46.3</ele>
        <time>2026-07-26T12:29:22.959Z</time>
      </trkpt>
      <trkpt lat="40.0761916525181" lon="116.33783852386081">
        <ele>46.3</ele>
        <time>2026-07-26T12:29:23.959Z</time>
      </trkpt>
      <trkpt lat="40.07621596531564" lon="116.33783718519392">
        <ele>46.3</ele>
        <time>2026-07-26T12:29:24.959Z</time>
      </trkpt>
      <trkpt lat="40.07624005428214" lon="116.33783699148015">
        <ele>46.3</ele>
        <time>2026-07-26T12:29:25.959Z</time>
      </trkpt>
      <trkpt lat="40.07626399632678" lon="116.33783749963905">
        <ele>46.3</ele>
        <time>2026-07-26T12:29:26.959Z</time>
      </trkpt>
      <trkpt lat="40.07628809372721" lon="116.33783850028193">
        <ele>46.3</ele>
        <time>2026-07-26T12:29:27.959Z</time>
      </trkpt>
      <trkpt lat="40.07631240348339" lon="116.33783963408452">
        <ele>46.3</ele>
        <time>2026-07-26T12:29:28.959Z</time>
      </trkpt>
      <trkpt lat="40.076336689294216" lon="116.33784033500787">
        <ele>46.3</ele>
        <time>2026-07-26T12:29:29.959Z</time>
      </trkpt>
      <trkpt lat="40.07636057730058" lon="116.33784085102195">
        <ele>46.3</ele>
        <time>2026-07-26T12:29:30.959Z</time>
      </trkpt>
      <trkpt lat="40.07638430248283" lon="116.33784180467896">
        <ele>46.3</ele>
        <time>2026-07-26T12:29:31.959Z</time>
      </trkpt>
      <trkpt lat="40.076407967320385" lon="116.33784363377227">
        <ele>46.3</ele>
        <time>2026-07-26T12:29:32.959Z</time>
      </trkpt>
      <trkpt lat="40.0764314587312" lon="116.33784637513551">
        <ele>46.3</ele>
        <time>2026-07-26T12:29:33.959Z</time>
      </trkpt>
      <trkpt lat="40.076454972323624" lon="116.33784934085377">
        <ele>46.3</ele>
        <time>2026-07-26T12:29:34.959Z</time>
      </trkpt>
      <trkpt lat="40.07647865673424" lon="116.33785191280076">
        <ele>46.3</ele>
        <time>2026-07-26T12:29:35.959Z</time>
      </trkpt>
      <trkpt lat="40.07650250640533" lon="116.3378537390874">
        <ele>46.3</ele>
        <time>2026-07-26T12:29:36.959Z</time>
      </trkpt>
      <trkpt lat="40.076526442150495" lon="116.33785519001044">
        <ele>46.3</ele>
        <time>2026-07-26T12:29:37.959Z</time>
      </trkpt>
      <trkpt lat="40.0765504119474" lon="116.33785707507322">
        <ele>46.4</ele>
        <time>2026-07-26T12:29:38.959Z</time>
      </trkpt>
      <trkpt lat="40.0765742787919" lon="116.33785945750768">
        <ele>46.4</ele>
        <time>2026-07-26T12:29:39.959Z</time>
      </trkpt>
      <trkpt lat="40.076597943540065" lon="116.33786170114469">
        <ele>46.4</ele>
        <time>2026-07-26T12:29:40.959Z</time>
      </trkpt>
      <trkpt lat="40.076621364638" lon="116.33786292315244">
        <ele>46.4</ele>
        <time>2026-07-26T12:29:41.959Z</time>
      </trkpt>
      <trkpt lat="40.07664443838418" lon="116.33786210033017">
        <ele>46.3</ele>
        <time>2026-07-26T12:29:42.959Z</time>
      </trkpt>
      <trkpt lat="40.076666960701985" lon="116.33785897743857">
        <ele>46.3</ele>
        <time>2026-07-26T12:29:43.959Z</time>
      </trkpt>
      <trkpt lat="40.07668914789263" lon="116.33785431065526">
        <ele>46.3</ele>
        <time>2026-07-26T12:29:44.958Z</time>
      </trkpt>
      <trkpt lat="40.07671138402963" lon="116.33784828536812">
        <ele>46.3</ele>
        <time>2026-07-26T12:29:45.959Z</time>
      </trkpt>
      <trkpt lat="40.07673367926714" lon="116.33784093728565">
        <ele>46.3</ele>
        <time>2026-07-26T12:29:46.959Z</time>
      </trkpt>
      <trkpt lat="40.07675606489937" lon="116.33783209176914">
        <ele>46.2</ele>
        <time>2026-07-26T12:29:47.959Z</time>
      </trkpt>
      <trkpt lat="40.076778525679764" lon="116.33782097033219">
        <ele>46.2</ele>
        <time>2026-07-26T12:29:48.959Z</time>
      </trkpt>
      <trkpt lat="40.07680079614073" lon="116.33780704869864">
        <ele>46.2</ele>
        <time>2026-07-26T12:29:49.959Z</time>
      </trkpt>
      <trkpt lat="40.07682251152609" lon="116.3377907738373">
        <ele>46.1</ele>
        <time>2026-07-26T12:29:50.959Z</time>
      </trkpt>
      <trkpt lat="40.07684367900893" lon="116.33777256408617">
        <ele>46.1</ele>
        <time>2026-07-26T12:29:51.959Z</time>
      </trkpt>
      <trkpt lat="40.07686421786573" lon="116.33775217932192">
        <ele>46.1</ele>
        <time>2026-07-26T12:29:52.959Z</time>
      </trkpt>
      <trkpt lat="40.076883617655184" lon="116.33772979411651">
        <ele>46.0</ele>
        <time>2026-07-26T12:29:53.959Z</time>
      </trkpt>
      <trkpt lat="40.076901225300425" lon="116.33770544763958">
        <ele>46.0</ele>
        <time>2026-07-26T12:29:54.959Z</time>
      </trkpt>
      <trkpt lat="40.076917278162504" lon="116.33768008946713">
        <ele>45.9</ele>
        <time>2026-07-26T12:29:55.959Z</time>
      </trkpt>
      <trkpt lat="40.07693227236768" lon="116.33765445641535">
        <ele>45.9</ele>
        <time>2026-07-26T12:29:56.959Z</time>
      </trkpt>
      <trkpt lat="40.076946170245314" lon="116.3376282553107">
        <ele>45.9</ele>
        <time>2026-07-26T12:29:57.959Z</time>
      </trkpt>
      <trkpt lat="40.07695887214562" lon="116.33760104144214">
        <ele>45.8</ele>
        <time>2026-07-26T12:29:58.959Z</time>
      </trkpt>
      <trkpt lat="40.07697055793696" lon="116.3375728024722">
        <ele>45.8</ele>
        <time>2026-07-26T12:29:59.960Z</time>
      </trkpt>
      <trkpt lat="40.07698146623294" lon="116.33754415966631">
        <ele>45.8</ele>
        <time>2026-07-26T12:30:00.959Z</time>
      </trkpt>
      <trkpt lat="40.07699063954969" lon="116.3375149790267">
        <ele>45.7</ele>
        <time>2026-07-26T12:30:01.959Z</time>
      </trkpt>
      <trkpt lat="40.076997248969796" lon="116.33748504431118">
        <ele>45.7</ele>
        <time>2026-07-26T12:30:02.959Z</time>
      </trkpt>
      <trkpt lat="40.07700175419917" lon="116.33745461586545">
        <ele>45.7</ele>
        <time>2026-07-26T12:30:03.959Z</time>
      </trkpt>
      <trkpt lat="40.07700412786059" lon="116.33742354512474">
        <ele>45.7</ele>
        <time>2026-07-26T12:30:04.959Z</time>
      </trkpt>
      <trkpt lat="40.07700394595459" lon="116.33739184456503">
        <ele>45.7</ele>
        <time>2026-07-26T12:30:05.959Z</time>
      </trkpt>
      <trkpt lat="40.07700139926132" lon="116.33735997321712">
        <ele>45.7</ele>
        <time>2026-07-26T12:30:06.959Z</time>
      </trkpt>
      <trkpt lat="40.07699713400199" lon="116.33732823227238">
        <ele>45.7</ele>
        <time>2026-07-26T12:30:07.959Z</time>
      </trkpt>
      <trkpt lat="40.07699125690113" lon="116.33729681711725">
        <ele>45.6</ele>
        <time>2026-07-26T12:30:08.959Z</time>
      </trkpt>
      <trkpt lat="40.07698367667474" lon="116.337265892218">
        <ele>45.6</ele>
        <time>2026-07-26T12:30:09.959Z</time>
      </trkpt>
      <trkpt lat="40.07697464457514" lon="116.33723557343315">
        <ele>45.7</ele>
        <time>2026-07-26T12:30:10.959Z</time>
      </trkpt>
      <trkpt lat="40.07696472068928" lon="116.33720592784591">
        <ele>45.7</ele>
        <time>2026-07-26T12:30:11.959Z</time>
      </trkpt>
      <trkpt lat="40.0769541188492" lon="116.3371770973383">
        <ele>45.7</ele>
        <time>2026-07-26T12:30:12.959Z</time>
      </trkpt>
      <trkpt lat="40.076942796689124" lon="116.33714916063194">
        <ele>45.7</ele>
        <time>2026-07-26T12:30:13.959Z</time>
      </trkpt>
      <trkpt lat="40.07693077791284" lon="116.3371221014886">
        <ele>45.7</ele>
        <time>2026-07-26T12:30:14.959Z</time>
      </trkpt>
      <trkpt lat="40.07691815738212" lon="116.3370958451749">
        <ele>45.7</ele>
        <time>2026-07-26T12:30:15.958Z</time>
      </trkpt>
      <trkpt lat="40.07690541077251" lon="116.33707005374856">
        <ele>45.7</ele>
        <time>2026-07-26T12:30:16.959Z</time>
      </trkpt>
      <trkpt lat="40.076891382842334" lon="116.3370455374089">
        <ele>45.7</ele>
        <time>2026-07-26T12:30:17.959Z</time>
      </trkpt>
      <trkpt lat="40.07687497614931" lon="116.33702313355042">
        <ele>45.7</ele>
        <time>2026-07-26T12:30:18.959Z</time>
      </trkpt>
      <trkpt lat="40.076856752709844" lon="116.3370025073765">
        <ele>45.7</ele>
        <time>2026-07-26T12:30:19.959Z</time>
      </trkpt>
      <trkpt lat="40.07683702954709" lon="116.33698379024644">
        <ele>45.8</ele>
        <time>2026-07-26T12:30:20.959Z</time>
      </trkpt>
      <trkpt lat="40.0768160443753" lon="116.3369675343695">
        <ele>45.8</ele>
        <time>2026-07-26T12:30:21.959Z</time>
      </trkpt>
      <trkpt lat="40.07679394502711" lon="116.33695346173776">
        <ele>45.8</ele>
        <time>2026-07-26T12:30:22.959Z</time>
      </trkpt>
      <trkpt lat="40.07677091033896" lon="116.33694102669331">
        <ele>45.8</ele>
        <time>2026-07-26T12:30:23.959Z</time>
      </trkpt>
      <trkpt lat="40.07674721319096" lon="116.33693051489054">
        <ele>45.8</ele>
        <time>2026-07-26T12:30:24.959Z</time>
      </trkpt>
      <trkpt lat="40.07672296413242" lon="116.33692207670835">
        <ele>45.9</ele>
        <time>2026-07-26T12:30:25.959Z</time>
      </trkpt>
      <trkpt lat="40.076698316372244" lon="116.33691575661757">
        <ele>45.9</ele>
        <time>2026-07-26T12:30:26.959Z</time>
      </trkpt>
      <trkpt lat="40.076673597048824" lon="116.33691200228361">
        <ele>45.9</ele>
        <time>2026-07-26T12:30:27.959Z</time>
      </trkpt>
      <trkpt lat="40.076649038436486" lon="116.3369106757232">
        <ele>46.0</ele>
        <time>2026-07-26T12:30:28.959Z</time>
      </trkpt>
      <trkpt lat="40.07662473780943" lon="116.33691128956575">
        <ele>46.0</ele>
        <time>2026-07-26T12:30:29.959Z</time>
      </trkpt>
      <trkpt lat="40.07660079983412" lon="116.33691277236686">
        <ele>46.0</ele>
        <time>2026-07-26T12:30:30.959Z</time>
      </trkpt>
      <trkpt lat="40.07657714087976" lon="116.33691453987463">
        <ele>46.0</ele>
        <time>2026-07-26T12:30:31.959Z</time>
      </trkpt>
      <trkpt lat="40.0765535488412" lon="116.33691653278582">
        <ele>46.0</ele>
        <time>2026-07-26T12:30:32.959Z</time>
      </trkpt>
      <trkpt lat="40.076529816291774" lon="116.33691796680841">
        <ele>46.1</ele>
        <time>2026-07-26T12:30:33.959Z</time>
      </trkpt>
      <trkpt lat="40.076505905214674" lon="116.33691832910804">
        <ele>46.1</ele>
        <time>2026-07-26T12:30:34.959Z</time>
      </trkpt>
      <trkpt lat="40.076481833304264" lon="116.3369179382194">
        <ele>46.1</ele>
        <time>2026-07-26T12:30:35.959Z</time>
      </trkpt>
      <trkpt lat="40.076457769142" lon="116.33691747933551">
        <ele>46.1</ele>
        <time>2026-07-26T12:30:36.959Z</time>
      </trkpt>
      <trkpt lat="40.076433853448634" lon="116.33691725184916">
        <ele>46.1</ele>
        <time>2026-07-26T12:30:37.959Z</time>
      </trkpt>
      <trkpt lat="40.07641009716543" lon="116.3369171582431">
        <ele>46.1</ele>
        <time>2026-07-26T12:30:38.959Z</time>
      </trkpt>
      <trkpt lat="40.076386506881114" lon="116.33691717434917">
        <ele>46.1</ele>
        <time>2026-07-26T12:30:39.959Z</time>
      </trkpt>
      <trkpt lat="40.07636316642688" lon="116.33691737630474">
        <ele>46.1</ele>
        <time>2026-07-26T12:30:40.959Z</time>
      </trkpt>
      <trkpt lat="40.07634001078698" lon="116.33691706939064">
        <ele>46.1</ele>
        <time>2026-07-26T12:30:41.959Z</time>
      </trkpt>
      <trkpt lat="40.076316991703145" lon="116.33691611629641">
        <ele>46.0</ele>
        <time>2026-07-26T12:30:42.959Z</time>
      </trkpt>
      <trkpt lat="40.07629415155875" lon="116.33691487094598">
        <ele>46.0</ele>
        <time>2026-07-26T12:30:43.959Z</time>
      </trkpt>
      <trkpt lat="40.07627148580382" lon="116.33691310660392">
        <ele>46.0</ele>
        <time>2026-07-26T12:30:44.959Z</time>
      </trkpt>
      <trkpt lat="40.07624893729746" lon="116.33691085543884">
        <ele>46.0</ele>
        <time>2026-07-26T12:30:45.959Z</time>
      </trkpt>
      <trkpt lat="40.07622642299599" lon="116.33690844360707">
        <ele>46.0</ele>
        <time>2026-07-26T12:30:46.959Z</time>
      </trkpt>
      <trkpt lat="40.07620380598384" lon="116.33690601016158">
        <ele>45.9</ele>
        <time>2026-07-26T12:30:47.959Z</time>
      </trkpt>
      <trkpt lat="40.07618091436639" lon="116.33690328393514">
        <ele>45.9</ele>
        <time>2026-07-26T12:30:48.959Z</time>
      </trkpt>
      <trkpt lat="40.07615778772176" lon="116.33690030661353">
        <ele>45.9</ele>
        <time>2026-07-26T12:30:49.959Z</time>
      </trkpt>
      <trkpt lat="40.07613452711144" lon="116.33689784882823">
        <ele>45.9</ele>
        <time>2026-07-26T12:30:50.959Z</time>
      </trkpt>
      <trkpt lat="40.07611132062334" lon="116.3368963689771">
        <ele>45.9</ele>
        <time>2026-07-26T12:30:51.959Z</time>
      </trkpt>
      <trkpt lat="40.07608823070345" lon="116.3368960733325">
        <ele>45.8</ele>
        <time>2026-07-26T12:30:52.959Z</time>
      </trkpt>
      <trkpt lat="40.07606517834685" lon="116.33689690430414">
        <ele>45.8</ele>
        <time>2026-07-26T12:30:53.959Z</time>
      </trkpt>
      <trkpt lat="40.076042150918475" lon="116.3368972734112">
        <ele>45.8</ele>
        <time>2026-07-26T12:30:54.959Z</time>
      </trkpt>
      <trkpt lat="40.07601917856843" lon="116.33689693410467">
        <ele>45.8</ele>
        <time>2026-07-26T12:30:55.959Z</time>
      </trkpt>
      <trkpt lat="40.075996416236244" lon="116.33689627320591">
        <ele>45.8</ele>
        <time>2026-07-26T12:30:56.959Z</time>
      </trkpt>
      <trkpt lat="40.07597418392406" lon="116.33689481911428">
        <ele>45.8</ele>
        <time>2026-07-26T12:30:57.959Z</time>
      </trkpt>
      <trkpt lat="40.07595254829429" lon="116.33689269912573">
        <ele>45.8</ele>
        <time>2026-07-26T12:30:58.959Z</time>
      </trkpt>
      <trkpt lat="40.07593108179177" lon="116.33689063613375">
        <ele>45.8</ele>
        <time>2026-07-26T12:30:59.959Z</time>
      </trkpt>
      <trkpt lat="40.07590938984235" lon="116.33688900330925">
        <ele>45.8</ele>
        <time>2026-07-26T12:31:00.959Z</time>
      </trkpt>
      <trkpt lat="40.07588737593307" lon="116.33688772563642">
        <ele>45.9</ele>
        <time>2026-07-26T12:31:01.959Z</time>
      </trkpt>
      <trkpt lat="40.07586493420407" lon="116.3368870846182">
        <ele>45.9</ele>
        <time>2026-07-26T12:31:02.959Z</time>
      </trkpt>
      <trkpt lat="40.07584201730679" lon="116.33688714670633">
        <ele>45.9</ele>
        <time>2026-07-26T12:31:03.959Z</time>
      </trkpt>
      <trkpt lat="40.07581878477682" lon="116.33688829833801">
        <ele>46.0</ele>
        <time>2026-07-26T12:31:04.959Z</time>
      </trkpt>
      <trkpt lat="40.07579567515273" lon="116.33689105938845">
        <ele>46.0</ele>
        <time>2026-07-26T12:31:05.959Z</time>
      </trkpt>
      <trkpt lat="40.07577291986604" lon="116.33689557832359">
        <ele>46.1</ele>
        <time>2026-07-26T12:31:06.959Z</time>
      </trkpt>
      <trkpt lat="40.075750510101166" lon="116.3369020118243">
        <ele>46.2</ele>
        <time>2026-07-26T12:31:07.959Z</time>
      </trkpt>
      <trkpt lat="40.07572850316424" lon="116.33691054170382">
        <ele>46.2</ele>
        <time>2026-07-26T12:31:08.959Z</time>
      </trkpt>
      <trkpt lat="40.075707021696566" lon="116.33692118138657">
        <ele>46.3</ele>
        <time>2026-07-26T12:31:09.959Z</time>
      </trkpt>
      <trkpt lat="40.075686183325516" lon="116.33693423864746">
        <ele>46.3</ele>
        <time>2026-07-26T12:31:10.959Z</time>
      </trkpt>
      <trkpt lat="40.075666046969786" lon="116.33694981720774">
        <ele>46.4</ele>
        <time>2026-07-26T12:31:11.959Z</time>
      </trkpt>
      <trkpt lat="40.07564660873968" lon="116.33696734886314">
        <ele>46.4</ele>
        <time>2026-07-26T12:31:12.959Z</time>
      </trkpt>
      <trkpt lat="40.0756282991656" lon="116.33698686514386">
        <ele>46.5</ele>
        <time>2026-07-26T12:31:13.959Z</time>
      </trkpt>
      <trkpt lat="40.075611251127675" lon="116.33700828576784">
        <ele>46.5</ele>
        <time>2026-07-26T12:31:14.959Z</time>
      </trkpt>
      <trkpt lat="40.07559518925177" lon="116.33703124773672">
        <ele>46.6</ele>
        <time>2026-07-26T12:31:15.959Z</time>
      </trkpt>
      <trkpt lat="40.07557994622005" lon="116.33705546483952">
        <ele>46.6</ele>
        <time>2026-07-26T12:31:16.959Z</time>
      </trkpt>
      <trkpt lat="40.07556542153526" lon="116.3370804871581">
        <ele>46.7</ele>
        <time>2026-07-26T12:31:17.959Z</time>
      </trkpt>
      <trkpt lat="40.07555185746903" lon="116.33710625508148">
        <ele>46.7</ele>
        <time>2026-07-26T12:31:18.959Z</time>
      </trkpt>
      <trkpt lat="40.07553941942375" lon="116.33713287787955">
        <ele>46.8</ele>
        <time>2026-07-26T12:31:19.959Z</time>
      </trkpt>
      <trkpt lat="40.07552820959214" lon="116.33716056874175">
        <ele>46.8</ele>
        <time>2026-07-26T12:31:20.959Z</time>
      </trkpt>
      <trkpt lat="40.075518206054014" lon="116.33718930379551">
        <ele>46.8</ele>
        <time>2026-07-26T12:31:21.959Z</time>
      </trkpt>
      <trkpt lat="40.07550959929747" lon="116.33721904405812">
        <ele>46.8</ele>
        <time>2026-07-26T12:31:22.959Z</time>
      </trkpt>
      <trkpt lat="40.075502373615684" lon="116.3372496079226">
        <ele>46.9</ele>
        <time>2026-07-26T12:31:23.959Z</time>
      </trkpt>
      <trkpt lat="40.075496161336574" lon="116.3372806037008">
        <ele>46.9</ele>
        <time>2026-07-26T12:31:24.959Z</time>
      </trkpt>
      <trkpt lat="40.0754913888999" lon="116.33731195822142">
        <ele>46.9</ele>
        <time>2026-07-26T12:31:25.959Z</time>
      </trkpt>
      <trkpt lat="40.07548862181592" lon="116.3373435144356">
        <ele>46.9</ele>
        <time>2026-07-26T12:31:26.959Z</time>
      </trkpt>
      <trkpt lat="40.07548781490512" lon="116.33737515580252">
        <ele>46.9</ele>
        <time>2026-07-26T12:31:27.959Z</time>
      </trkpt>
      <trkpt lat="40.07548848818974" lon="116.33740681764624">
        <ele>46.9</ele>
        <time>2026-07-26T12:31:28.959Z</time>
      </trkpt>
      <trkpt lat="40.07549062865246" lon="116.33743840281645">
        <ele>46.9</ele>
        <time>2026-07-26T12:31:29.959Z</time>
      </trkpt>
      <trkpt lat="40.07549415596963" lon="116.3374697001922">
        <ele>46.9</ele>
        <time>2026-07-26T12:31:30.959Z</time>
      </trkpt>
      <trkpt lat="40.07549865715202" lon="116.33750037146217">
        <ele>46.9</ele>
        <time>2026-07-26T12:31:31.959Z</time>
      </trkpt>
      <trkpt lat="40.07550383943634" lon="116.33753017734304">
        <ele>46.8</ele>
        <time>2026-07-26T12:31:32.959Z</time>
      </trkpt>
      <trkpt lat="40.07550985118543" lon="116.33755889144045">
        <ele>46.8</ele>
        <time>2026-07-26T12:31:33.958Z</time>
      </trkpt>
      <trkpt lat="40.07551733003497" lon="116.33758623543689">
        <ele>46.8</ele>
        <time>2026-07-26T12:31:34.958Z</time>
      </trkpt>
      <trkpt lat="40.07552609401113" lon="116.33761256467979">
        <ele>46.8</ele>
        <time>2026-07-26T12:31:35.958Z</time>
      </trkpt>
      <trkpt lat="40.075536446274036" lon="116.33763796077191">
        <ele>46.7</ele>
        <time>2026-07-26T12:31:36.958Z</time>
      </trkpt>
      <trkpt lat="40.07554882926188" lon="116.33766198833632">
        <ele>46.7</ele>
        <time>2026-07-26T12:31:37.958Z</time>
      </trkpt>
      <trkpt lat="40.07556267351762" lon="116.33768464888216">
        <ele>46.7</ele>
        <time>2026-07-26T12:31:38.959Z</time>
      </trkpt>
      <trkpt lat="40.07557769740524" lon="116.33770630048127">
        <ele>46.7</ele>
        <time>2026-07-26T12:31:39.959Z</time>
      </trkpt>
      <trkpt lat="40.075593688767" lon="116.33772710966167">
        <ele>46.6</ele>
        <time>2026-07-26T12:31:40.958Z</time>
      </trkpt>
      <trkpt lat="40.07561038240687" lon="116.33774715898048">
        <ele>46.6</ele>
        <time>2026-07-26T12:31:41.959Z</time>
      </trkpt>
      <trkpt lat="40.07562766893879" lon="116.33776662839719">
        <ele>46.6</ele>
        <time>2026-07-26T12:31:42.959Z</time>
      </trkpt>
      <trkpt lat="40.0756454695939" lon="116.33778488366738">
        <ele>46.5</ele>
        <time>2026-07-26T12:31:43.958Z</time>
      </trkpt>
      <trkpt lat="40.07566367172217" lon="116.3378013003057">
        <ele>46.5</ele>
        <time>2026-07-26T12:31:44.958Z</time>
      </trkpt>
      <trkpt lat="40.075682020589845" lon="116.33781609860776">
        <ele>46.5</ele>
        <time>2026-07-26T12:31:45.958Z</time>
      </trkpt>
      <trkpt lat="40.07570048081011" lon="116.33782919865162">
        <ele>46.5</ele>
        <time>2026-07-26T12:31:46.959Z</time>
      </trkpt>
      <trkpt lat="40.07571919546709" lon="116.33784033442825">
        <ele>46.5</ele>
        <time>2026-07-26T12:31:47.959Z</time>
      </trkpt>
      <trkpt lat="40.075738353415296" lon="116.33784959702476">
        <ele>46.4</ele>
        <time>2026-07-26T12:31:48.959Z</time>
      </trkpt>
      <trkpt lat="40.07575793663591" lon="116.33785714582353">
        <ele>46.4</ele>
        <time>2026-07-26T12:31:49.959Z</time>
      </trkpt>
      <trkpt lat="40.075777868848284" lon="116.33786316445172">
        <ele>46.4</ele>
        <time>2026-07-26T12:31:50.959Z</time>
      </trkpt>
      <trkpt lat="40.075798298247406" lon="116.33786744803153">
        <ele>46.4</ele>
        <time>2026-07-26T12:31:51.959Z</time>
      </trkpt>
      <trkpt lat="40.07581923206582" lon="116.33787037577494">
        <ele>46.4</ele>
        <time>2026-07-26T12:31:52.959Z</time>
      </trkpt>
      <trkpt lat="40.07584048635454" lon="116.33787275567205">
        <ele>46.4</ele>
        <time>2026-07-26T12:31:53.959Z</time>
      </trkpt>
      <trkpt lat="40.075862187201636" lon="116.33787475057005">
        <ele>46.4</ele>
        <time>2026-07-26T12:31:54.959Z</time>
      </trkpt>
      <trkpt lat="40.07588431095872" lon="116.33787619570995">
        <ele>46.4</ele>
        <time>2026-07-26T12:31:55.959Z</time>
      </trkpt>
      <trkpt lat="40.07590667635754" lon="116.3378768859178">
        <ele>46.4</ele>
        <time>2026-07-26T12:31:56.959Z</time>
      </trkpt>
      <trkpt lat="40.0759291246151" lon="116.33787678925842">
        <ele>46.5</ele>
        <time>2026-07-26T12:31:57.959Z</time>
      </trkpt>
      <trkpt lat="40.075951491319664" lon="116.33787564883593">
        <ele>46.5</ele>
        <time>2026-07-26T12:31:58.959Z</time>
      </trkpt>
      <trkpt lat="40.07597357470116" lon="116.33787318059714">
        <ele>46.5</ele>
        <time>2026-07-26T12:31:59.959Z</time>
      </trkpt>
      <trkpt lat="40.07599532083122" lon="116.33786948719631">
        <ele>46.5</ele>
        <time>2026-07-26T12:32:00.959Z</time>
      </trkpt>
      <trkpt lat="40.07601674051673" lon="116.33786481809054">
        <ele>46.5</ele>
        <time>2026-07-26T12:32:01.959Z</time>
      </trkpt>
      <trkpt lat="40.07603801530811" lon="116.33786027571715">
        <ele>46.5</ele>
        <time>2026-07-26T12:32:02.958Z</time>
      </trkpt>
      <trkpt lat="40.076059449393135" lon="116.3378566716357">
        <ele>46.5</ele>
        <time>2026-07-26T12:32:03.958Z</time>
      </trkpt>
      <trkpt lat="40.076081301002674" lon="116.3378537754204">
        <ele>46.5</ele>
        <time>2026-07-26T12:32:04.958Z</time>
      </trkpt>
      <trkpt lat="40.076103656052894" lon="116.33785122439784">
        <ele>46.6</ele>
        <time>2026-07-26T12:32:05.957Z</time>
      </trkpt>
      <trkpt lat="40.07612645397785" lon="116.33784880432216">
        <ele>46.6</ele>
        <time>2026-07-26T12:32:06.958Z</time>
      </trkpt>
      <trkpt lat="40.076149537114404" lon="116.33784650266952">
        <ele>46.6</ele>
        <time>2026-07-26T12:32:07.958Z</time>
      </trkpt>
      <trkpt lat="40.07617260710467" lon="116.33784448955176">
        <ele>46.6</ele>
        <time>2026-07-26T12:32:08.958Z</time>
      </trkpt>
      <trkpt lat="40.076195560818654" lon="116.33784344872399">
        <ele>46.6</ele>
        <time>2026-07-26T12:32:09.958Z</time>
      </trkpt>
      <trkpt lat="40.07621851130844" lon="116.33784365134379">
        <ele>46.6</ele>
        <time>2026-07-26T12:32:10.958Z</time>
      </trkpt>
      <trkpt lat="40.07624142847832" lon="116.33784471815079">
        <ele>46.7</ele>
        <time>2026-07-26T12:32:11.958Z</time>
      </trkpt>
      <trkpt lat="40.07626437287661" lon="116.33784531644149">
        <ele>46.7</ele>
        <time>2026-07-26T12:32:12.958Z</time>
      </trkpt>
      <trkpt lat="40.07628734511204" lon="116.33784488364805">
        <ele>46.7</ele>
        <time>2026-07-26T12:32:13.958Z</time>
      </trkpt>
      <trkpt lat="40.07631030854197" lon="116.3378440713592">
        <ele>46.7</ele>
        <time>2026-07-26T12:32:14.958Z</time>
      </trkpt>
      <trkpt lat="40.07633313216733" lon="116.33784354253211">
        <ele>46.7</ele>
        <time>2026-07-26T12:32:15.958Z</time>
      </trkpt>
      <trkpt lat="40.07635572316666" lon="116.33784369357844">
        <ele>46.7</ele>
        <time>2026-07-26T12:32:16.958Z</time>
      </trkpt>
      <trkpt lat="40.076378036537044" lon="116.33784457659878">
        <ele>46.7</ele>
        <time>2026-07-26T12:32:17.958Z</time>
      </trkpt>
      <trkpt lat="40.076400125715224" lon="116.33784670123765">
        <ele>46.7</ele>
        <time>2026-07-26T12:32:18.958Z</time>
      </trkpt>
      <trkpt lat="40.076422186073415" lon="116.33784999377289">
        <ele>46.7</ele>
        <time>2026-07-26T12:32:19.958Z</time>
      </trkpt>
      <trkpt lat="40.07644434043196" lon="116.33785322991545">
        <ele>46.7</ele>
        <time>2026-07-26T12:32:20.957Z</time>
      </trkpt>
      <trkpt lat="40.07646671844734" lon="116.33785559986104">
        <ele>46.8</ele>
        <time>2026-07-26T12:32:21.958Z</time>
      </trkpt>
      <trkpt lat="40.076489313284874" lon="116.33785686979212">
        <ele>46.8</ele>
        <time>2026-07-26T12:32:22.958Z</time>
      </trkpt>
      <trkpt lat="40.07651220608506" lon="116.33785795953624">
        <ele>46.8</ele>
        <time>2026-07-26T12:32:23.958Z</time>
      </trkpt>
      <trkpt lat="40.07653546651727" lon="116.33785975958892">
        <ele>46.8</ele>
        <time>2026-07-26T12:32:24.958Z</time>
      </trkpt>
      <trkpt lat="40.07655905193027" lon="116.3378620335722">
        <ele>46.8</ele>
        <time>2026-07-26T12:32:25.958Z</time>
      </trkpt>
      <trkpt lat="40.07658278724584" lon="116.33786412683573">
        <ele>46.8</ele>
        <time>2026-07-26T12:32:26.958Z</time>
      </trkpt>
      <trkpt lat="40.076606598268654" lon="116.337865376229">
        <ele>46.8</ele>
        <time>2026-07-26T12:32:27.958Z</time>
      </trkpt>
      <trkpt lat="40.0766304136239" lon="116.33786550077406">
        <ele>46.8</ele>
        <time>2026-07-26T12:32:28.958Z</time>
      </trkpt>
      <trkpt lat="40.076654106298164" lon="116.33786465586034">
        <ele>46.8</ele>
        <time>2026-07-26T12:32:29.958Z</time>
      </trkpt>
      <trkpt lat="40.076677429795986" lon="116.33786335386824">
        <ele>46.7</ele>
        <time>2026-07-26T12:32:30.958Z</time>
      </trkpt>
      <trkpt lat="40.07670009685189" lon="116.33786094048654">
        <ele>46.7</ele>
        <time>2026-07-26T12:32:31.958Z</time>
      </trkpt>
      <trkpt lat="40.07672198127299" lon="116.3378571553626">
        <ele>46.7</ele>
        <time>2026-07-26T12:32:32.958Z</time>
      </trkpt>
      <trkpt lat="40.07674305993558" lon="116.33785182844846">
        <ele>46.7</ele>
        <time>2026-07-26T12:32:33.958Z</time>
      </trkpt>
      <trkpt lat="40.07676331258126" lon="116.33784457007016">
        <ele>46.7</ele>
        <time>2026-07-26T12:32:34.958Z</time>
      </trkpt>
      <trkpt lat="40.076783067530414" lon="116.33783560757622">
        <ele>46.6</ele>
        <time>2026-07-26T12:32:35.958Z</time>
      </trkpt>
      <trkpt lat="40.076802691052286" lon="116.33782479599117">
        <ele>46.6</ele>
        <time>2026-07-26T12:32:36.958Z</time>
      </trkpt>
      <trkpt lat="40.07682209144882" lon="116.33781202936723">
        <ele>46.6</ele>
        <time>2026-07-26T12:32:37.958Z</time>
      </trkpt>
      <trkpt lat="40.07684103164145" lon="116.33779712103568">
        <ele>46.5</ele>
        <time>2026-07-26T12:32:38.958Z</time>
      </trkpt>
      <trkpt lat="40.076859218214395" lon="116.33777997411948">
        <ele>46.5</ele>
        <time>2026-07-26T12:32:39.958Z</time>
      </trkpt>
      <trkpt lat="40.076876611432674" lon="116.33776056858083">
        <ele>46.4</ele>
        <time>2026-07-26T12:32:40.959Z</time>
      </trkpt>
      <trkpt lat="40.07689321575862" lon="116.33773938853727">
        <ele>46.4</ele>
        <time>2026-07-26T12:32:41.958Z</time>
        <extensions>
          <gpxtpx:TrackPointExtension>
            <gpxtpx:hr>183</gpxtpx:hr>
          </gpxtpx:TrackPointExtension>
        </extensions>
      </trkpt>
      <trkpt lat="40.07690898073449" lon="116.3377170901452">
        <ele>46.4</ele>
        <time>2026-07-26T12:32:42.958Z</time>
        <extensions>
          <gpxtpx:TrackPointExtension>
            <gpxtpx:hr>183</gpxtpx:hr>
          </gpxtpx:TrackPointExtension>
        </extensions>
      </trkpt>
      <trkpt lat="40.07692368579932" lon="116.33769372728894">
        <ele>46.3</ele>
        <time>2026-07-26T12:32:43.958Z</time>
        <extensions>
          <gpxtpx:TrackPointExtension>
            <gpxtpx:hr>183</gpxtpx:hr>
          </gpxtpx:TrackPointExtension>
        </extensions>
      </trkpt>
      <trkpt lat="40.07693691917132" lon="116.33766916346889">
        <ele>46.3</ele>
        <time>2026-07-26T12:32:44.959Z</time>
        <extensions>
          <gpxtpx:TrackPointExtension>
            <gpxtpx:hr>183</gpxtpx:hr>
          </gpxtpx:TrackPointExtension>
        </extensions>
      </trkpt>
      <trkpt lat="40.07694872904334" lon="116.33764368722579">
        <ele>46.2</ele>
        <time>2026-07-26T12:32:45.958Z</time>
        <extensions>
          <gpxtpx:TrackPointExtension>
            <gpxtpx:hr>183</gpxtpx:hr>
          </gpxtpx:TrackPointExtension>
        </extensions>
      </trkpt>
      <trkpt lat="40.07695926906168" lon="116.33761748642938">
        <ele>46.2</ele>
        <time>2026-07-26T12:32:46.958Z</time>
        <extensions>
          <gpxtpx:TrackPointExtension>
            <gpxtpx:hr>183</gpxtpx:hr>
          </gpxtpx:TrackPointExtension>
        </extensions>
      </trkpt>
      <trkpt lat="40.076968664609154" lon="116.33759067383829">
        <ele>46.2</ele>
        <time>2026-07-26T12:32:47.959Z</time>
        <extensions>
          <gpxtpx:TrackPointExtension>
            <gpxtpx:hr>183</gpxtpx:hr>
          </gpxtpx:TrackPointExtension>
        </extensions>
      </trkpt>
      <trkpt lat="40.07697699979379" lon="116.33756341854418">
        <ele>46.1</ele>
        <time>2026-07-26T12:32:48.958Z</time>
        <extensions>
          <gpxtpx:TrackPointExtension>
            <gpxtpx:hr>183</gpxtpx:hr>
          </gpxtpx:TrackPointExtension>
        </extensions>
      </trkpt>
      <trkpt lat="40.076984338944754" lon="116.33753566747923">
        <ele>46.1</ele>
        <time>2026-07-26T12:32:49.958Z</time>
        <extensions>
          <gpxtpx:TrackPointExtension>
            <gpxtpx:hr>183</gpxtpx:hr>
          </gpxtpx:TrackPointExtension>
        </extensions>
      </trkpt>
      <trkpt lat="40.076990475122855" lon="116.33750718702598">
        <ele>46.1</ele>
        <time>2026-07-26T12:32:50.959Z</time>
        <extensions>
          <gpxtpx:TrackPointExtension>
            <gpxtpx:hr>183</gpxtpx:hr>
          </gpxtpx:TrackPointExtension>
        </extensions>
      </trkpt>
      <trkpt lat="40.07699510932911" lon="116.3374779532252">
        <ele>46.0</ele>
        <time>2026-07-26T12:32:51.958Z</time>
        <extensions>
          <gpxtpx:TrackPointExtension>
            <gpxtpx:hr>183</gpxtpx:hr>
          </gpxtpx:TrackPointExtension>
        </extensions>
      </trkpt>
      <trkpt lat="40.07699813141861" lon="116.33744822243372">
        <ele>46.0</ele>
        <time>2026-07-26T12:32:52.959Z</time>
        <extensions>
          <gpxtpx:TrackPointExtension>
            <gpxtpx:hr>183</gpxtpx:hr>
          </gpxtpx:TrackPointExtension>
        </extensions>
      </trkpt>
      <trkpt lat="40.076999594318366" lon="116.33741817844275">
        <ele>45.9</ele>
        <time>2026-07-26T12:32:53.958Z</time>
        <extensions>
          <gpxtpx:TrackPointExtension>
            <gpxtpx:hr>183</gpxtpx:hr>
          </gpxtpx:TrackPointExtension>
        </extensions>
      </trkpt>
      <trkpt lat="40.07699976146764" lon="116.33738798540737">
        <ele>45.9</ele>
        <time>2026-07-26T12:32:54.959Z</time>
        <extensions>
          <gpxtpx:TrackPointExtension>
            <gpxtpx:hr>183</gpxtpx:hr>
          </gpxtpx:TrackPointExtension>
        </extensions>
      </trkpt>
      <trkpt lat="40.07699844030411" lon="116.33735776378539">
        <ele>45.9</ele>
        <time>2026-07-26T12:32:55.959Z</time>
        <extensions>
          <gpxtpx:TrackPointExtension>
            <gpxtpx:hr>183</gpxtpx:hr>
          </gpxtpx:TrackPointExtension>
        </extensions>
      </trkpt>
      <trkpt lat="40.07699548709108" lon="116.33732751585848">
        <ele>45.8</ele>
        <time>2026-07-26T12:32:56.958Z</time>
        <extensions>
          <gpxtpx:TrackPointExtension>
            <gpxtpx:hr>183</gpxtpx:hr>
          </gpxtpx:TrackPointExtension>
        </extensions>
      </trkpt>
      <trkpt lat="40.07699101658825" lon="116.33729736614949">
        <ele>45.8</ele>
        <time>2026-07-26T12:32:57.958Z</time>
        <extensions>
          <gpxtpx:TrackPointExtension>
            <gpxtpx:hr>183</gpxtpx:hr>
          </gpxtpx:TrackPointExtension>
        </extensions>
      </trkpt>
      <trkpt lat="40.07698520878329" lon="116.33726757057067">
        <ele>45.8</ele>
        <time>2026-07-26T12:32:58.958Z</time>
        <extensions>
          <gpxtpx:TrackPointExtension>
            <gpxtpx:hr>183</gpxtpx:hr>
          </gpxtpx:TrackPointExtension>
        </extensions>
      </trkpt>
      <trkpt lat="40.07697834628181" lon="116.33723823399998">
        <ele>45.7</ele>
        <time>2026-07-26T12:32:59.959Z</time>
        <extensions>
          <gpxtpx:TrackPointExtension>
            <gpxtpx:hr>183</gpxtpx:hr>
          </gpxtpx:TrackPointExtension>
        </extensions>
      </trkpt>
      <trkpt lat="40.07697043710686" lon="116.33720943257472">
        <ele>45.7</ele>
        <time>2026-07-26T12:33:00.958Z</time>
        <extensions>
          <gpxtpx:TrackPointExtension>
            <gpxtpx:hr>183</gpxtpx:hr>
          </gpxtpx:TrackPointExtension>
        </extensions>
      </trkpt>
      <trkpt lat="40.07696161238545" lon="116.33718101244338">
        <ele>45.6</ele>
        <time>2026-07-26T12:33:01.959Z</time>
        <extensions>
          <gpxtpx:TrackPointExtension>
            <gpxtpx:hr>183</gpxtpx:hr>
          </gpxtpx:TrackPointExtension>
        </extensions>
      </trkpt>
      <trkpt lat="40.07695127038595" lon="116.33715355685885">
        <ele>45.6</ele>
        <time>2026-07-26T12:33:02.958Z</time>
        <extensions>
          <gpxtpx:TrackPointExtension>
            <gpxtpx:hr>183</gpxtpx:hr>
          </gpxtpx:TrackPointExtension>
        </extensions>
      </trkpt>
      <trkpt lat="40.076939243069305" lon="116.3371279332946">
        <ele>45.5</ele>
        <time>2026-07-26T12:33:03.958Z</time>
        <extensions>
          <gpxtpx:TrackPointExtension>
            <gpxtpx:hr>183</gpxtpx:hr>
          </gpxtpx:TrackPointExtension>
        </extensions>
      </trkpt>
      <trkpt lat="40.076926005585314" lon="116.33710421353823">
        <ele>45.5</ele>
        <time>2026-07-26T12:33:04.959Z</time>
        <extensions>
          <gpxtpx:TrackPointExtension>
            <gpxtpx:hr>183</gpxtpx:hr>
          </gpxtpx:TrackPointExtension>
        </extensions>
      </trkpt>
      <trkpt lat="40.0769118008168" lon="116.33708152597522">
        <ele>45.5</ele>
        <time>2026-07-26T12:33:05.958Z</time>
        <extensions>
          <gpxtpx:TrackPointExtension>
            <gpxtpx:hr>183</gpxtpx:hr>
          </gpxtpx:TrackPointExtension>
        </extensions>
      </trkpt>
      <trkpt lat="40.076896927322714" lon="116.33705912846943">
        <ele>45.4</ele>
        <time>2026-07-26T12:33:06.959Z</time>
        <extensions>
          <gpxtpx:TrackPointExtension>
            <gpxtpx:hr>183</gpxtpx:hr>
          </gpxtpx:TrackPointExtension>
        </extensions>
      </trkpt>
      <trkpt lat="40.07688104301337" lon="116.33703750544802">
        <ele>45.4</ele>
        <time>2026-07-26T12:33:07.958Z</time>
        <extensions>
          <gpxtpx:TrackPointExtension>
            <gpxtpx:hr>183</gpxtpx:hr>
          </gpxtpx:TrackPointExtension>
        </extensions>
      </trkpt>
      <trkpt lat="40.07686383922274" lon="116.33701697569771">
        <ele>45.4</ele>
        <time>2026-07-26T12:33:08.958Z</time>
        <extensions>
          <gpxtpx:TrackPointExtension>
            <gpxtpx:hr>183</gpxtpx:hr>
          </gpxtpx:TrackPointExtension>
        </extensions>
      </trkpt>
      <trkpt lat="40.07684550827185" lon="116.33699753899961">
        <ele>45.3</ele>
        <time>2026-07-26T12:33:09.958Z</time>
        <extensions>
          <gpxtpx:TrackPointExtension>
            <gpxtpx:hr>183</gpxtpx:hr>
          </gpxtpx:TrackPointExtension>
        </extensions>
      </trkpt>
      <trkpt lat="40.07682614599924" lon="116.33697971706832">
        <ele>45.3</ele>
        <time>2026-07-26T12:33:10.958Z</time>
        <extensions>
          <gpxtpx:TrackPointExtension>
            <gpxtpx:hr>183</gpxtpx:hr>
          </gpxtpx:TrackPointExtension>
        </extensions>
      </trkpt>
      <trkpt lat="40.07680583282213" lon="116.33696396015752">
        <ele>45.3</ele>
        <time>2026-07-26T12:33:11.958Z</time>
      </trkpt>
      <trkpt lat="40.07678486763308" lon="116.3369501653225">
        <ele>45.2</ele>
        <time>2026-07-26T12:33:12.958Z</time>
      </trkpt>
      <trkpt lat="40.07676324134179" lon="116.33693847613702">
        <ele>45.2</ele>
        <time>2026-07-26T12:33:13.958Z</time>
      </trkpt>
      <trkpt lat="40.076741002677664" lon="116.3369290034443">
        <ele>45.2</ele>
        <time>2026-07-26T12:33:14.958Z</time>
      </trkpt>
      <trkpt lat="40.0767184378243" lon="116.33692146565014">
        <ele>45.2</ele>
        <time>2026-07-26T12:33:15.958Z</time>
      </trkpt>
      <trkpt lat="40.07669572738598" lon="116.33691594493624">
        <ele>45.2</ele>
        <time>2026-07-26T12:33:16.958Z</time>
      </trkpt>
      <trkpt lat="40.07667291750842" lon="116.3369122240291">
        <ele>45.2</ele>
        <time>2026-07-26T12:33:17.958Z</time>
      </trkpt>
      <trkpt lat="40.076650110991935" lon="116.33690966297594">
        <ele>45.2</ele>
        <time>2026-07-26T12:33:18.958Z</time>
      </trkpt>
      <trkpt lat="40.07662729244484" lon="116.336907890075">
        <ele>45.2</ele>
        <time>2026-07-26T12:33:19.959Z</time>
      </trkpt>
      <trkpt lat="40.07660448498693" lon="116.33690681207098">
        <ele>45.3</ele>
        <time>2026-07-26T12:33:20.958Z</time>
      </trkpt>
      <trkpt lat="40.07658172148175" lon="116.33690649055147">
        <ele>45.3</ele>
        <time>2026-07-26T12:33:21.958Z</time>
      </trkpt>
      <trkpt lat="40.07655904554941" lon="116.3369065954097">
        <ele>45.3</ele>
        <time>2026-07-26T12:33:22.958Z</time>
      </trkpt>
      <trkpt lat="40.076536524588164" lon="116.336906907948">
        <ele>45.3</ele>
        <time>2026-07-26T12:33:23.958Z</time>
      </trkpt>
      <trkpt lat="40.0765141112783" lon="116.33690734560922">
        <ele>45.4</ele>
        <time>2026-07-26T12:33:24.958Z</time>
      </trkpt>
      <trkpt lat="40.07649164884843" lon="116.33690780447466">
        <ele>45.4</ele>
        <time>2026-07-26T12:33:25.959Z</time>
      </trkpt>
      <trkpt lat="40.07646906579374" lon="116.3369079536783">
        <ele>45.4</ele>
        <time>2026-07-26T12:33:26.958Z</time>
      </trkpt>
      <trkpt lat="40.07644630423916" lon="116.33690713490081">
        <ele>45.5</ele>
        <time>2026-07-26T12:33:27.958Z</time>
      </trkpt>
      <trkpt lat="40.07642355001394" lon="116.33690565823693">
        <ele>45.5</ele>
        <time>2026-07-26T12:33:28.958Z</time>
      </trkpt>
      <trkpt lat="40.07640094897475" lon="116.33690434376474">
        <ele>45.5</ele>
        <time>2026-07-26T12:33:29.958Z</time>
      </trkpt>
      <trkpt lat="40.07637849935484" lon="116.33690341885158">
        <ele>45.5</ele>
        <time>2026-07-26T12:33:30.959Z</time>
      </trkpt>
      <trkpt lat="40.076356091973544" lon="116.33690238409038">
        <ele>45.6</ele>
        <time>2026-07-26T12:33:31.959Z</time>
      </trkpt>
      <trkpt lat="40.07633377115822" lon="116.33690079676376">
        <ele>45.6</ele>
        <time>2026-07-26T12:33:32.958Z</time>
      </trkpt>
      <trkpt lat="40.07631156490389" lon="116.33689930612788">
        <ele>45.6</ele>
        <time>2026-07-26T12:33:33.958Z</time>
      </trkpt>
      <trkpt lat="40.076289429851926" lon="116.3368980517075">
        <ele>45.6</ele>
        <time>2026-07-26T12:33:34.959Z</time>
      </trkpt>
      <trkpt lat="40.07626742047131" lon="116.33689663485508">
        <ele>45.6</ele>
        <time>2026-07-26T12:33:35.959Z</time>
      </trkpt>
      <trkpt lat="40.07624565780369" lon="116.33689531487349">
        <ele>45.6</ele>
        <time>2026-07-26T12:33:36.958Z</time>
      </trkpt>
      <trkpt lat="40.076224078798816" lon="116.33689421287465">
        <ele>45.7</ele>
        <time>2026-07-26T12:33:37.958Z</time>
      </trkpt>
      <trkpt lat="40.076202431901116" lon="116.33689319858088">
        <ele>45.7</ele>
        <time>2026-07-26T12:33:38.958Z</time>
      </trkpt>
      <trkpt lat="40.07618047278218" lon="116.33689232345833">
        <ele>45.7</ele>
        <time>2026-07-26T12:33:39.958Z</time>
      </trkpt>
      <trkpt lat="40.07615812282772" lon="116.33689218150137">
        <ele>45.7</ele>
        <time>2026-07-26T12:33:40.959Z</time>
      </trkpt>
      <trkpt lat="40.07613543890273" lon="116.33689300069315">
        <ele>45.7</ele>
        <time>2026-07-26T12:33:41.959Z</time>
      </trkpt>
      <trkpt lat="40.076112571358735" lon="116.33689374850383">
        <ele>45.7</ele>
        <time>2026-07-26T12:33:42.958Z</time>
      </trkpt>
      <trkpt lat="40.076089660520964" lon="116.33689406653616">
        <ele>45.7</ele>
        <time>2026-07-26T12:33:43.958Z</time>
      </trkpt>
      <trkpt lat="40.076066671884085" lon="116.33689392811178">
        <ele>45.7</ele>
        <time>2026-07-26T12:33:44.958Z</time>
      </trkpt>
      <trkpt lat="40.07604353557161" lon="116.33689320527043">
        <ele>45.8</ele>
        <time>2026-07-26T12:33:45.958Z</time>
      </trkpt>
      <trkpt lat="40.076020409963526" lon="116.33689226461667">
        <ele>45.8</ele>
        <time>2026-07-26T12:33:46.958Z</time>
      </trkpt>
      <trkpt lat="40.075997576567545" lon="116.33689151699798">
        <ele>45.8</ele>
        <time>2026-07-26T12:33:47.958Z</time>
      </trkpt>
      <trkpt lat="40.07597521215789" lon="116.3368911762247">
        <ele>45.8</ele>
        <time>2026-07-26T12:33:48.958Z</time>
      </trkpt>
      <trkpt lat="40.07595333819432" lon="116.33689083617114">
        <ele>45.9</ele>
        <time>2026-07-26T12:33:49.958Z</time>
      </trkpt>
      <trkpt lat="40.07593176614136" lon="116.3368901559432">
        <ele>45.9</ele>
        <time>2026-07-26T12:33:50.958Z</time>
      </trkpt>
      <trkpt lat="40.0759100258124" lon="116.33688937806373">
        <ele>45.9</ele>
        <time>2026-07-26T12:33:51.958Z</time>
      </trkpt>
      <trkpt lat="40.07588774662109" lon="116.33688835039382">
        <ele>46.0</ele>
        <time>2026-07-26T12:33:52.959Z</time>
      </trkpt>
      <trkpt lat="40.0758649111654" lon="116.33688707898388">
        <ele>46.0</ele>
        <time>2026-07-26T12:33:53.958Z</time>
      </trkpt>
      <trkpt lat="40.075841781155624" lon="116.33688658167088">
        <ele>46.1</ele>
        <time>2026-07-26T12:33:54.958Z</time>
      </trkpt>
      <trkpt lat="40.07581875479237" lon="116.33688723683375">
        <ele>46.1</ele>
        <time>2026-07-26T12:33:55.958Z</time>
      </trkpt>
      <trkpt lat="40.07579602764527" lon="116.33688971743217">
        <ele>46.2</ele>
        <time>2026-07-26T12:33:56.958Z</time>
      </trkpt>
      <trkpt lat="40.075773670676256" lon="116.33689456467178">
        <ele>46.2</ele>
        <time>2026-07-26T12:33:57.958Z</time>
      </trkpt>
      <trkpt lat="40.07575156485476" lon="116.33690141078324">
        <ele>46.3</ele>
        <time>2026-07-26T12:33:58.958Z</time>
      </trkpt>
      <trkpt lat="40.07572964557607" lon="116.3369101345978">
        <ele>46.3</ele>
        <time>2026-07-26T12:33:59.958Z</time>
      </trkpt>
      <trkpt lat="40.075708001919665" lon="116.33692080275081">
        <ele>46.4</ele>
        <time>2026-07-26T12:34:00.958Z</time>
      </trkpt>
      <trkpt lat="40.07568690424084" lon="116.33693387436576">
        <ele>46.4</ele>
        <time>2026-07-26T12:34:01.958Z</time>
      </trkpt>
      <trkpt lat="40.07566633887095" lon="116.33694927086967">
        <ele>46.5</ele>
        <time>2026-07-26T12:34:02.958Z</time>
      </trkpt>
      <trkpt lat="40.0756462829573" lon="116.3369665993268">
        <ele>46.5</ele>
        <time>2026-07-26T12:34:03.958Z</time>
      </trkpt>
      <trkpt lat="40.07562709188906" lon="116.33698584860915">
        <ele>46.6</ele>
        <time>2026-07-26T12:34:04.959Z</time>
      </trkpt>
      <trkpt lat="40.07560922019482" lon="116.33700690537258">
        <ele>46.6</ele>
        <time>2026-07-26T12:34:05.958Z</time>
      </trkpt>
      <trkpt lat="40.07559265763147" lon="116.3370295579699">
        <ele>46.7</ele>
        <time>2026-07-26T12:34:06.958Z</time>
      </trkpt>
      <trkpt lat="40.07557716691217" lon="116.33705341502232">
        <ele>46.7</ele>
        <time>2026-07-26T12:34:07.958Z</time>
      </trkpt>
      <trkpt lat="40.0755628064819" lon="116.33707855131459">
        <ele>46.8</ele>
        <time>2026-07-26T12:34:08.958Z</time>
      </trkpt>
      <trkpt lat="40.07554967569751" lon="116.33710515743594">
        <ele>46.8</ele>
        <time>2026-07-26T12:34:09.958Z</time>
      </trkpt>
      <trkpt lat="40.07553775591856" lon="116.3371331966684">
        <ele>46.8</ele>
        <time>2026-07-26T12:34:10.958Z</time>
      </trkpt>
      <trkpt lat="40.07552686392175" lon="116.33716239209679">
        <ele>46.9</ele>
        <time>2026-07-26T12:34:11.959Z</time>
      </trkpt>
      <trkpt lat="40.07551677446547" lon="116.33719238339707">
        <ele>46.9</ele>
        <time>2026-07-26T12:34:12.958Z</time>
      </trkpt>
      <trkpt lat="40.07550748480497" lon="116.33722294640152">
        <ele>46.9</ele>
        <time>2026-07-26T12:34:13.958Z</time>
      </trkpt>
      <trkpt lat="40.07549905506162" lon="116.3372540009024">
        <ele>46.9</ele>
        <time>2026-07-26T12:34:14.958Z</time>
      </trkpt>
      <trkpt lat="40.07549177766434" lon="116.33728560053703">
        <ele>47.0</ele>
        <time>2026-07-26T12:34:15.958Z</time>
      </trkpt>
      <trkpt lat="40.07548615545576" lon="116.3373176276087">
        <ele>47.0</ele>
        <time>2026-07-26T12:34:16.958Z</time>
      </trkpt>
      <trkpt lat="40.075482518804854" lon="116.33734996494853">
        <ele>47.0</ele>
        <time>2026-07-26T12:34:17.958Z</time>
      </trkpt>
      <trkpt lat="40.075480797526176" lon="116.33738233430464">
        <ele>47.0</ele>
        <time>2026-07-26T12:34:18.958Z</time>
      </trkpt>
      <trkpt lat="40.07548068432937" lon="116.33741449447136">
        <ele>47.0</ele>
        <time>2026-07-26T12:34:19.958Z</time>
      </trkpt>
      <trkpt lat="40.07548205060599" lon="116.33744625226673">
        <ele>47.0</ele>
        <time>2026-07-26T12:34:20.958Z</time>
      </trkpt>
      <trkpt lat="40.07548498709858" lon="116.33747754784598">
        <ele>47.0</ele>
        <time>2026-07-26T12:34:21.958Z</time>
      </trkpt>
      <trkpt lat="40.07548968063582" lon="116.3375083294484">
        <ele>47.0</ele>
        <time>2026-07-26T12:34:22.958Z</time>
      </trkpt>
      <trkpt lat="40.07549599570506" lon="116.337538543507">
        <ele>46.9</ele>
        <time>2026-07-26T12:34:23.958Z</time>
      </trkpt>
      <trkpt lat="40.075503791244834" lon="116.33756805905986">
        <ele>46.9</ele>
        <time>2026-07-26T12:34:24.958Z</time>
      </trkpt>
      <trkpt lat="40.075513290511395" lon="116.33759645366628">
        <ele>46.9</ele>
        <time>2026-07-26T12:34:25.958Z</time>
      </trkpt>
      <trkpt lat="40.0755243477188" lon="116.33762342391034">
        <ele>46.8</ele>
        <time>2026-07-26T12:34:26.958Z</time>
      </trkpt>
      <trkpt lat="40.075536420049" lon="116.33764901757992">
        <ele>46.8</ele>
        <time>2026-07-26T12:34:27.958Z</time>
      </trkpt>
      <trkpt lat="40.07554949421588" lon="116.33767311528345">
        <ele>46.7</ele>
        <time>2026-07-26T12:34:28.958Z</time>
      </trkpt>
      <trkpt lat="40.075563772343294" lon="116.3376957750134">
        <ele>46.7</ele>
        <time>2026-07-26T12:34:29.958Z</time>
      </trkpt>
      <trkpt lat="40.07557920565606" lon="116.3377170983855">
        <ele>46.7</ele>
        <time>2026-07-26T12:34:30.958Z</time>
      </trkpt>
      <trkpt lat="40.0755959297776" lon="116.337736791515">
        <ele>46.6</ele>
        <time>2026-07-26T12:34:31.958Z</time>
      </trkpt>
      <trkpt lat="40.07561393373235" lon="116.33775470168348">
        <ele>46.6</ele>
        <time>2026-07-26T12:34:32.958Z</time>
      </trkpt>
      <trkpt lat="40.07563280093401" lon="116.33777106801527">
        <ele>46.5</ele>
        <time>2026-07-26T12:34:33.958Z</time>
      </trkpt>
      <trkpt lat="40.07565222836964" lon="116.33778577656065">
        <ele>46.5</ele>
        <time>2026-07-26T12:34:34.957Z</time>
      </trkpt>
      <trkpt lat="40.07567219248869" lon="116.33779877553903">
        <ele>46.4</ele>
        <time>2026-07-26T12:34:35.958Z</time>
      </trkpt>
      <trkpt lat="40.07569243978391" lon="116.33781039538175">
        <ele>46.4</ele>
        <time>2026-07-26T12:34:36.958Z</time>
      </trkpt>
      <trkpt lat="40.075712843312694" lon="116.337820841369">
        <ele>46.4</ele>
        <time>2026-07-26T12:34:37.958Z</time>
      </trkpt>
      <trkpt lat="40.075733357315656" lon="116.33783006403503">
        <ele>46.3</ele>
        <time>2026-07-26T12:34:38.958Z</time>
      </trkpt>
      <trkpt lat="40.07575403267922" lon="116.33783821607797">
        <ele>46.3</ele>
        <time>2026-07-26T12:34:39.958Z</time>
      </trkpt>
      <trkpt lat="40.07577520589983" lon="116.3378445895717">
        <ele>46.3</ele>
        <time>2026-07-26T12:34:40.958Z</time>
      </trkpt>
      <trkpt lat="40.075796994379544" lon="116.33784881611417">
        <ele>46.3</ele>
        <time>2026-07-26T12:34:41.958Z</time>
      </trkpt>
      <trkpt lat="40.075819208742814" lon="116.33785151962296">
        <ele>46.3</ele>
        <time>2026-07-26T12:34:42.958Z</time>
      </trkpt>
      <trkpt lat="40.07584189733982" lon="116.3378529048765">
        <ele>46.2</ele>
        <time>2026-07-26T12:34:43.958Z</time>
      </trkpt>
      <trkpt lat="40.07586497143964" lon="116.33785327997496">
        <ele>46.2</ele>
        <time>2026-07-26T12:34:44.958Z</time>
      </trkpt>
      <trkpt lat="40.07588834666087" lon="116.33785304811933">
        <ele>46.2</ele>
        <time>2026-07-26T12:34:45.958Z</time>
      </trkpt>
      <trkpt lat="40.07591192205862" lon="116.33785277429202">
        <ele>46.2</ele>
        <time>2026-07-26T12:34:46.958Z</time>
      </trkpt>
      <trkpt lat="40.075935639174254" lon="116.337852860459">
        <ele>46.2</ele>
        <time>2026-07-26T12:34:47.958Z</time>
      </trkpt>
      <trkpt lat="40.07595962821306" lon="116.3378532645362">
        <ele>46.3</ele>
        <time>2026-07-26T12:34:48.958Z</time>
      </trkpt>
      <trkpt lat="40.075983839101426" lon="116.3378537959508">
        <ele>46.3</ele>
        <time>2026-07-26T12:34:49.958Z</time>
      </trkpt>
      <trkpt lat="40.07600799263583" lon="116.33785415200252">
        <ele>46.3</ele>
        <time>2026-07-26T12:34:50.958Z</time>
      </trkpt>
      <trkpt lat="40.07603192393164" lon="116.33785428328135">
        <ele>46.3</ele>
        <time>2026-07-26T12:34:51.958Z</time>
      </trkpt>
      <trkpt lat="40.0760556669145" lon="116.33785459979214">
        <ele>46.3</ele>
        <time>2026-07-26T12:34:52.958Z</time>
      </trkpt>
      <trkpt lat="40.07607917220225" lon="116.33785561089208">
        <ele>46.4</ele>
        <time>2026-07-26T12:34:53.958Z</time>
      </trkpt>
      <trkpt lat="40.07610242486886" lon="116.33785705606579">
        <ele>46.4</ele>
        <time>2026-07-26T12:34:54.958Z</time>
      </trkpt>
      <trkpt lat="40.07612545713249" lon="116.3378586224541">
        <ele>46.4</ele>
        <time>2026-07-26T12:34:55.958Z</time>
      </trkpt>
      <trkpt lat="40.07614834147313" lon="116.33786000880593">
        <ele>46.4</ele>
        <time>2026-07-26T12:34:56.958Z</time>
      </trkpt>
      <trkpt lat="40.076171125197256" lon="116.33786113207645">
        <ele>46.4</ele>
        <time>2026-07-26T12:34:57.958Z</time>
      </trkpt>
      <trkpt lat="40.076193880457204" lon="116.33786230454842">
        <ele>46.5</ele>
        <time>2026-07-26T12:34:58.958Z</time>
      </trkpt>
      <trkpt lat="40.076216709825175" lon="116.3378625657593">
        <ele>46.5</ele>
        <time>2026-07-26T12:34:59.958Z</time>
      </trkpt>
      <trkpt lat="40.07623969886216" lon="116.33786149105286">
        <ele>46.5</ele>
        <time>2026-07-26T12:35:00.958Z</time>
      </trkpt>
      <trkpt lat="40.076262839905425" lon="116.33785992529481">
        <ele>46.5</ele>
        <time>2026-07-26T12:35:01.958Z</time>
      </trkpt>
      <trkpt lat="40.07628590777537" lon="116.33785849834616">
        <ele>46.5</ele>
        <time>2026-07-26T12:35:02.958Z</time>
      </trkpt>
      <trkpt lat="40.07630859791507" lon="116.33785708110996">
        <ele>46.5</ele>
        <time>2026-07-26T12:35:03.958Z</time>
      </trkpt>
      <trkpt lat="40.0763308930882" lon="116.33785544234931">
        <ele>46.5</ele>
        <time>2026-07-26T12:35:04.958Z</time>
      </trkpt>
      <trkpt lat="40.076353036062926" lon="116.33785389090858">
        <ele>46.5</ele>
        <time>2026-07-26T12:35:05.958Z</time>
      </trkpt>
      <trkpt lat="40.07637507523025" lon="116.33785266095948">
        <ele>46.5</ele>
        <time>2026-07-26T12:35:06.958Z</time>
      </trkpt>
      <trkpt lat="40.076396963326474" lon="116.33785141049803">
        <ele>46.5</ele>
        <time>2026-07-26T12:35:07.958Z</time>
      </trkpt>
      <trkpt lat="40.07641863919338" lon="116.33785001929921">
        <ele>46.5</ele>
        <time>2026-07-26T12:35:08.958Z</time>
      </trkpt>
      <trkpt lat="40.076440173122904" lon="116.33784885040468">
        <ele>46.5</ele>
        <time>2026-07-26T12:35:09.958Z</time>
      </trkpt>
      <trkpt lat="40.07646177423486" lon="116.33784811226582">
        <ele>46.5</ele>
        <time>2026-07-26T12:35:10.958Z</time>
      </trkpt>
      <trkpt lat="40.07648369226985" lon="116.33784812818277">
        <ele>46.5</ele>
        <time>2026-07-26T12:35:11.958Z</time>
      </trkpt>
      <trkpt lat="40.07650593832861" lon="116.33784876601014">
        <ele>46.5</ele>
        <time>2026-07-26T12:35:12.958Z</time>
      </trkpt>
      <trkpt lat="40.07652820464497" lon="116.33785002714347">
        <ele>46.5</ele>
        <time>2026-07-26T12:35:13.958Z</time>
      </trkpt>
      <trkpt lat="40.07655038856455" lon="116.33785175094775">
        <ele>46.5</ele>
        <time>2026-07-26T12:35:14.958Z</time>
      </trkpt>
      <trkpt lat="40.076572692829785" lon="116.33785285843646">
        <ele>46.5</ele>
        <time>2026-07-26T12:35:15.958Z</time>
      </trkpt>
      <trkpt lat="40.076595371873005" lon="116.33785348284364">
        <ele>46.5</ele>
        <time>2026-07-26T12:35:16.958Z</time>
      </trkpt>
      <trkpt lat="40.07661840586696" lon="116.33785435208918">
        <ele>46.5</ele>
        <time>2026-07-26T12:35:17.958Z</time>
      </trkpt>
      <trkpt lat="40.076641672890005" lon="116.33785497329383">
        <ele>46.5</ele>
        <time>2026-07-26T12:35:18.958Z</time>
      </trkpt>
      <trkpt lat="40.07666517190128" lon="116.33785443091142">
        <ele>46.5</ele>
        <time>2026-07-26T12:35:19.958Z</time>
      </trkpt>
      <trkpt lat="40.0766888526058" lon="116.3378526619183">
        <ele>46.5</ele>
        <time>2026-07-26T12:35:20.958Z</time>
      </trkpt>
      <trkpt lat="40.076712625764294" lon="116.33784960204864">
        <ele>46.5</ele>
        <time>2026-07-26T12:35:21.958Z</time>
      </trkpt>
      <trkpt lat="40.07673618155726" lon="116.33784454103765">
        <ele>46.5</ele>
        <time>2026-07-26T12:35:22.958Z</time>
      </trkpt>
      <trkpt lat="40.07675926368112" lon="116.3378374739063">
        <ele>46.5</ele>
        <time>2026-07-26T12:35:23.958Z</time>
      </trkpt>
      <trkpt lat="40.07678172216842" lon="116.33782880117784">
        <ele>46.5</ele>
        <time>2026-07-26T12:35:24.958Z</time>
      </trkpt>
      <trkpt lat="40.07680338905461" lon="116.3378180633557">
        <ele>46.5</ele>
        <time>2026-07-26T12:35:25.958Z</time>
      </trkpt>
      <trkpt lat="40.07682428010015" lon="116.33780502749889">
        <ele>46.5</ele>
        <time>2026-07-26T12:35:26.958Z</time>
      </trkpt>
      <trkpt lat="40.07684435906946" lon="116.33778995844565">
        <ele>46.4</ele>
        <time>2026-07-26T12:35:27.958Z</time>
      </trkpt>
      <trkpt lat="40.07686326397582" lon="116.33777237066292">
        <ele>46.4</ele>
        <time>2026-07-26T12:35:28.958Z</time>
      </trkpt>
      <trkpt lat="40.0768809394722" lon="116.33775198287806">
        <ele>46.4</ele>
        <time>2026-07-26T12:35:29.958Z</time>
      </trkpt>
      <trkpt lat="40.07689771021172" lon="116.3377295722377">
        <ele>46.3</ele>
        <time>2026-07-26T12:35:30.957Z</time>
      </trkpt>
      <trkpt lat="40.07691390167002" lon="116.33770594099764">
        <ele>46.3</ele>
        <time>2026-07-26T12:35:31.958Z</time>
      </trkpt>
      <trkpt lat="40.07692942163978" lon="116.337681324572">
        <ele>46.2</ele>
        <time>2026-07-26T12:35:32.958Z</time>
      </trkpt>
      <trkpt lat="40.076944088683994" lon="116.33765571558821">
        <ele>46.2</ele>
        <time>2026-07-26T12:35:33.958Z</time>
      </trkpt>
      <trkpt lat="40.07695811826867" lon="116.33762967636943">
        <ele>46.2</ele>
        <time>2026-07-26T12:35:34.958Z</time>
      </trkpt>
      <trkpt lat="40.07697080148229" lon="116.33760283698645">
        <ele>46.1</ele>
        <time>2026-07-26T12:35:35.958Z</time>
      </trkpt>
      <trkpt lat="40.076981571811444" lon="116.33757473866768">
        <ele>46.1</ele>
        <time>2026-07-26T12:35:36.958Z</time>
      </trkpt>
      <trkpt lat="40.07699083456142" lon="116.33754595347399">
        <ele>46.0</ele>
        <time>2026-07-26T12:35:37.958Z</time>
      </trkpt>
      <trkpt lat="40.07699835938694" lon="116.33751681345026">
        <ele>46.0</ele>
        <time>2026-07-26T12:35:38.958Z</time>
      </trkpt>
      <trkpt lat="40.07700370741462" lon="116.33748770783173">
        <ele>45.9</ele>
        <time>2026-07-26T12:35:39.958Z</time>
      </trkpt>
      <trkpt lat="40.07700686962067" lon="116.33745875732346">
        <ele>45.9</ele>
        <time>2026-07-26T12:35:40.958Z</time>
      </trkpt>
      <trkpt lat="40.077008050678536" lon="116.33742972971417">
        <ele>45.8</ele>
        <time>2026-07-26T12:35:41.958Z</time>
      </trkpt>
      <trkpt lat="40.077007585005944" lon="116.33740048310317">
        <ele>45.8</ele>
        <time>2026-07-26T12:35:42.958Z</time>
      </trkpt>
      <trkpt lat="40.077005655004854" lon="116.33737092156197">
        <ele>45.7</ele>
        <time>2026-07-26T12:35:43.958Z</time>
      </trkpt>
      <trkpt lat="40.07700251553119" lon="116.3373407784413">
        <ele>45.7</ele>
        <time>2026-07-26T12:35:44.958Z</time>
      </trkpt>
      <trkpt lat="40.076998405760506" lon="116.33730993454066">
        <ele>45.6</ele>
        <time>2026-07-26T12:35:45.958Z</time>
      </trkpt>
      <trkpt lat="40.07699316324576" lon="116.33727872817327">
        <ele>45.6</ele>
        <time>2026-07-26T12:35:46.958Z</time>
      </trkpt>
      <trkpt lat="40.07698659517587" lon="116.33724771494197">
        <ele>45.6</ele>
        <time>2026-07-26T12:35:47.958Z</time>
      </trkpt>
      <trkpt lat="40.0769784023989" lon="116.3372173563238">
        <ele>45.5</ele>
        <time>2026-07-26T12:35:48.958Z</time>
      </trkpt>
      <trkpt lat="40.07696853736838" lon="116.33718796679638">
        <ele>45.4</ele>
        <time>2026-07-26T12:35:49.957Z</time>
      </trkpt>
      <trkpt lat="40.0769572801924" lon="116.3371594901548">
        <ele>45.4</ele>
        <time>2026-07-26T12:35:50.958Z</time>
      </trkpt>
      <trkpt lat="40.07694473663705" lon="116.3371320658146">
        <ele>45.3</ele>
        <time>2026-07-26T12:35:51.958Z</time>
      </trkpt>
      <trkpt lat="40.076930945724094" lon="116.33710610416367">
        <ele>45.3</ele>
        <time>2026-07-26T12:35:52.957Z</time>
      </trkpt>
      <trkpt lat="40.07691576830814" lon="116.33708216650159">
        <ele>45.2</ele>
        <time>2026-07-26T12:35:53.958Z</time>
      </trkpt>
      <trkpt lat="40.076899296424614" lon="116.33706049409443">
        <ele>45.2</ele>
        <time>2026-07-26T12:35:54.958Z</time>
      </trkpt>
      <trkpt lat="40.07688177933673" lon="116.33704063761174">
        <ele>45.1</ele>
        <time>2026-07-26T12:35:55.958Z</time>
      </trkpt>
      <trkpt lat="40.07686338552961" lon="116.33702190066847">
        <ele>45.0</ele>
        <time>2026-07-26T12:35:56.957Z</time>
      </trkpt>
      <trkpt lat="40.07684445203452" lon="116.33700364617647">
        <ele>45.0</ele>
        <time>2026-07-26T12:35:57.958Z</time>
      </trkpt>
      <trkpt lat="40.07682564162361" lon="116.33698499352897">
        <ele>44.9</ele>
        <time>2026-07-26T12:35:58.957Z</time>
      </trkpt>
      <trkpt lat="40.07680706017644" lon="116.33696613867446">
        <ele>44.9</ele>
        <time>2026-07-26T12:35:59.958Z</time>
      </trkpt>
      <trkpt lat="40.07678771695992" lon="116.3369489991794">
        <ele>44.8</ele>
        <time>2026-07-26T12:36:00.958Z</time>
      </trkpt>
      <trkpt lat="40.07676732496552" lon="116.33693410005674">
        <ele>44.8</ele>
        <time>2026-07-26T12:36:01.957Z</time>
      </trkpt>
      <trkpt lat="40.07674621290384" lon="116.33692077218659">
        <ele>44.8</ele>
        <time>2026-07-26T12:36:02.957Z</time>
      </trkpt>
      <trkpt lat="40.07672416184275" lon="116.3369098739055">
        <ele>44.7</ele>
        <time>2026-07-26T12:36:03.957Z</time>
      </trkpt>
      <trkpt lat="40.07670122507044" lon="116.3369018875121">
        <ele>44.7</ele>
        <time>2026-07-26T12:36:04.957Z</time>
      </trkpt>
      <trkpt lat="40.076678139595494" lon="116.33689564348963">
        <ele>44.7</ele>
        <time>2026-07-26T12:36:05.957Z</time>
      </trkpt>
      <trkpt lat="40.07665535048262" lon="116.33689092381151">
        <ele>44.7</ele>
        <time>2026-07-26T12:36:06.957Z</time>
      </trkpt>
      <trkpt lat="40.076632902624766" lon="116.33688796098573">
        <ele>44.7</ele>
        <time>2026-07-26T12:36:07.957Z</time>
      </trkpt>
      <trkpt lat="40.07661064458316" lon="116.33688657159854">
        <ele>44.7</ele>
        <time>2026-07-26T12:36:08.957Z</time>
      </trkpt>
      <trkpt lat="40.07658855688811" lon="116.3368863775784">
        <ele>44.7</ele>
        <time>2026-07-26T12:36:09.957Z</time>
      </trkpt>
      <trkpt lat="40.07656677908109" lon="116.33688685635128">
        <ele>44.7</ele>
        <time>2026-07-26T12:36:10.957Z</time>
      </trkpt>
      <trkpt lat="40.076545227337185" lon="116.33688791470824">
        <ele>44.7</ele>
        <time>2026-07-26T12:36:11.957Z</time>
      </trkpt>
      <trkpt lat="40.07652352683614" lon="116.33688957435818">
        <ele>44.7</ele>
        <time>2026-07-26T12:36:12.957Z</time>
      </trkpt>
      <trkpt lat="40.07650148843156" lon="116.33689165356064">
        <ele>44.8</ele>
        <time>2026-07-26T12:36:13.957Z</time>
      </trkpt>
      <trkpt lat="40.076479308538985" lon="116.3368941275147">
        <ele>44.8</ele>
        <time>2026-07-26T12:36:14.957Z</time>
      </trkpt>
      <trkpt lat="40.07645714209102" lon="116.3368966388737">
        <ele>44.8</ele>
        <time>2026-07-26T12:36:15.957Z</time>
      </trkpt>
      <trkpt lat="40.076434967878086" lon="116.33689894209495">
        <ele>44.9</ele>
        <time>2026-07-26T12:36:16.957Z</time>
      </trkpt>
      <trkpt lat="40.076412743830666" lon="116.33690105143283">
        <ele>44.9</ele>
        <time>2026-07-26T12:36:17.958Z</time>
      </trkpt>
      <trkpt lat="40.0763905561727" lon="116.33690296670945">
        <ele>45.0</ele>
        <time>2026-07-26T12:36:18.957Z</time>
      </trkpt>
      <trkpt lat="40.07636841568176" lon="116.33690501255684">
        <ele>45.0</ele>
        <time>2026-07-26T12:36:19.958Z</time>
      </trkpt>
      <trkpt lat="40.07634626403225" lon="116.33690679044717">
        <ele>45.1</ele>
        <time>2026-07-26T12:36:20.958Z</time>
      </trkpt>
      <trkpt lat="40.0763240877362" lon="116.33690814574113">
        <ele>45.1</ele>
        <time>2026-07-26T12:36:21.958Z</time>
      </trkpt>
      <trkpt lat="40.076301941454545" lon="116.33690929265485">
        <ele>45.2</ele>
        <time>2026-07-26T12:36:22.957Z</time>
      </trkpt>
      <trkpt lat="40.076279777519105" lon="116.33691037858225">
        <ele>45.3</ele>
        <time>2026-07-26T12:36:23.957Z</time>
      </trkpt>
      <trkpt lat="40.07625761899525" lon="116.33691131994442">
        <ele>45.3</ele>
        <time>2026-07-26T12:36:24.957Z</time>
      </trkpt>
      <trkpt lat="40.07623561220781" lon="116.33691163003891">
        <ele>45.4</ele>
        <time>2026-07-26T12:36:25.957Z</time>
      </trkpt>
      <trkpt lat="40.07621381610938" lon="116.33691175579143">
        <ele>45.4</ele>
        <time>2026-07-26T12:36:26.957Z</time>
      </trkpt>
      <trkpt lat="40.07619196090465" lon="116.33691171810015">
        <ele>45.5</ele>
        <time>2026-07-26T12:36:27.957Z</time>
      </trkpt>
      <trkpt lat="40.07616979396671" lon="116.33691075798455">
        <ele>45.5</ele>
        <time>2026-07-26T12:36:28.957Z</time>
      </trkpt>
      <trkpt lat="40.07614724576223" lon="116.3369088975578">
        <ele>45.6</ele>
        <time>2026-07-26T12:36:29.957Z</time>
      </trkpt>
      <trkpt lat="40.07612434660226" lon="116.33690650027512">
        <ele>45.6</ele>
        <time>2026-07-26T12:36:30.957Z</time>
      </trkpt>
      <trkpt lat="40.076101138114105" lon="116.3369040909122">
        <ele>45.7</ele>
        <time>2026-07-26T12:36:31.957Z</time>
      </trkpt>
      <trkpt lat="40.07607770921592" lon="116.33690270584233">
        <ele>45.7</ele>
        <time>2026-07-26T12:36:32.957Z</time>
      </trkpt>
      <trkpt lat="40.076054128429625" lon="116.33690290377004">
        <ele>45.8</ele>
        <time>2026-07-26T12:36:33.957Z</time>
      </trkpt>
      <trkpt lat="40.076030477980595" lon="116.33690319122984">
        <ele>45.9</ele>
        <time>2026-07-26T12:36:34.957Z</time>
      </trkpt>
      <trkpt lat="40.07600689668269" lon="116.33690254813833">
        <ele>45.9</ele>
        <time>2026-07-26T12:36:35.957Z</time>
      </trkpt>
      <trkpt lat="40.07598351716094" lon="116.33690128010169">
        <ele>46.0</ele>
        <time>2026-07-26T12:36:36.957Z</time>
      </trkpt>
      <trkpt lat="40.075960394231345" lon="116.33689934490756">
        <ele>46.0</ele>
        <time>2026-07-26T12:36:37.957Z</time>
      </trkpt>
      <trkpt lat="40.07593752199034" lon="116.33689684146712">
        <ele>46.1</ele>
        <time>2026-07-26T12:36:38.957Z</time>
      </trkpt>
      <trkpt lat="40.07591499967349" lon="116.33689341133683">
        <ele>46.2</ele>
        <time>2026-07-26T12:36:39.957Z</time>
      </trkpt>
      <trkpt lat="40.07589284890659" lon="116.33689037353714">
        <ele>46.2</ele>
        <time>2026-07-26T12:36:40.957Z</time>
      </trkpt>
      <trkpt lat="40.07587101720345" lon="116.33688911700055">
        <ele>46.3</ele>
        <time>2026-07-26T12:36:41.957Z</time>
      </trkpt>
      <trkpt lat="40.07584950030024" lon="116.33688951695603">
        <ele>46.3</ele>
        <time>2026-07-26T12:36:42.957Z</time>
      </trkpt>
      <trkpt lat="40.07582814214637" lon="116.33689140276088">
        <ele>46.4</ele>
        <time>2026-07-26T12:36:43.957Z</time>
      </trkpt>
      <trkpt lat="40.07580676189117" lon="116.33689380619656">
        <ele>46.4</ele>
        <time>2026-07-26T12:36:44.957Z</time>
      </trkpt>
      <trkpt lat="40.07578525358611" lon="116.3368966025652">
        <ele>46.5</ele>
        <time>2026-07-26T12:36:45.957Z</time>
      </trkpt>
      <trkpt lat="40.075763696853244" lon="116.33690063714074">
        <ele>46.5</ele>
        <time>2026-07-26T12:36:46.957Z</time>
      </trkpt>
      <trkpt lat="40.075742247738795" lon="116.3369066952088">
        <ele>46.6</ele>
        <time>2026-07-26T12:36:47.957Z</time>
      </trkpt>
      <trkpt lat="40.07572111841352" lon="116.33691508215921">
        <ele>46.6</ele>
        <time>2026-07-26T12:36:48.957Z</time>
      </trkpt>
      <trkpt lat="40.07570036030699" lon="116.33692560900673">
        <ele>46.6</ele>
        <time>2026-07-26T12:36:49.957Z</time>
      </trkpt>
      <trkpt lat="40.075679986043596" lon="116.33693805852006">
        <ele>46.7</ele>
        <time>2026-07-26T12:36:50.957Z</time>
      </trkpt>
      <trkpt lat="40.07566011106805" lon="116.33695233697537">
        <ele>46.7</ele>
        <time>2026-07-26T12:36:51.957Z</time>
      </trkpt>
      <trkpt lat="40.07564086662033" lon="116.33696826146657">
        <ele>46.7</ele>
        <time>2026-07-26T12:36:52.957Z</time>
      </trkpt>
      <trkpt lat="40.07562248499552" lon="116.33698547437398">
        <ele>46.7</ele>
        <time>2026-07-26T12:36:53.957Z</time>
      </trkpt>
      <trkpt lat="40.07560513988766" lon="116.33700393513877">
        <ele>46.8</ele>
        <time>2026-07-26T12:36:54.957Z</time>
      </trkpt>
      <trkpt lat="40.07558909571042" lon="116.33702387671597">
        <ele>46.8</ele>
        <time>2026-07-26T12:36:55.957Z</time>
      </trkpt>
      <trkpt lat="40.07557486413436" lon="116.33704574408105">
        <ele>46.8</ele>
        <time>2026-07-26T12:36:56.957Z</time>
      </trkpt>
      <trkpt lat="40.07556264259149" lon="116.33706964147282">
        <ele>46.8</ele>
        <time>2026-07-26T12:36:57.957Z</time>
      </trkpt>
      <trkpt lat="40.0755519334632" lon="116.3370951933029">
        <ele>46.8</ele>
        <time>2026-07-26T12:36:58.957Z</time>
      </trkpt>
      <trkpt lat="40.07554220970515" lon="116.33712194102097">
        <ele>46.8</ele>
        <time>2026-07-26T12:36:59.957Z</time>
      </trkpt>
      <trkpt lat="40.07553332292932" lon="116.33714951456781">
        <ele>46.8</ele>
        <time>2026-07-26T12:37:00.957Z</time>
      </trkpt>
      <trkpt lat="40.0755252463461" lon="116.33717775675107">
        <ele>46.8</ele>
        <time>2026-07-26T12:37:01.957Z</time>
      </trkpt>
      <trkpt lat="40.07551781407944" lon="116.33720656397207">
        <ele>46.8</ele>
        <time>2026-07-26T12:37:02.957Z</time>
      </trkpt>
      <trkpt lat="40.075510944565956" lon="116.33723589668261">
        <ele>46.8</ele>
        <time>2026-07-26T12:37:03.957Z</time>
      </trkpt>
      <trkpt lat="40.075504680873806" lon="116.33726577649264">
        <ele>46.8</ele>
        <time>2026-07-26T12:37:04.957Z</time>
      </trkpt>
      <trkpt lat="40.07549888840102" lon="116.33729578849122">
        <ele>46.8</ele>
        <time>2026-07-26T12:37:05.957Z</time>
      </trkpt>
      <trkpt lat="40.075493219727804" lon="116.33732572926546">
        <ele>46.8</ele>
        <time>2026-07-26T12:37:06.957Z</time>
      </trkpt>
      <trkpt lat="40.075488903004725" lon="116.33735600820468">
        <ele>46.8</ele>
        <time>2026-07-26T12:37:07.957Z</time>
      </trkpt>
      <trkpt lat="40.07548680816871" lon="116.33738657672846">
        <ele>46.8</ele>
        <time>2026-07-26T12:37:08.957Z</time>
      </trkpt>
      <trkpt lat="40.075485904780976" lon="116.33741688905337">
        <ele>46.8</ele>
        <time>2026-07-26T12:37:09.957Z</time>
      </trkpt>
      <trkpt lat="40.07548615210862" lon="116.33744677567573">
        <ele>46.8</ele>
        <time>2026-07-26T12:37:10.957Z</time>
      </trkpt>
      <trkpt lat="40.07548819596206" lon="116.33747594291967">
        <ele>46.7</ele>
        <time>2026-07-26T12:37:11.957Z</time>
      </trkpt>
      <trkpt lat="40.07549244159701" lon="116.3375040263738">
        <ele>46.7</ele>
        <time>2026-07-26T12:37:12.957Z</time>
      </trkpt>
      <trkpt lat="40.075499043303516" lon="116.33753094273762">
        <ele>46.7</ele>
        <time>2026-07-26T12:37:13.957Z</time>
      </trkpt>
      <trkpt lat="40.07550781840042" lon="116.33755684945653">
        <ele>46.7</ele>
        <time>2026-07-26T12:37:14.957Z</time>
      </trkpt>
      <trkpt lat="40.07551791240659" lon="116.33758221583975">
        <ele>46.7</ele>
        <time>2026-07-26T12:37:15.957Z</time>
      </trkpt>
      <trkpt lat="40.075528633594736" lon="116.33760720730379">
        <ele>46.7</ele>
        <time>2026-07-26T12:37:16.957Z</time>
      </trkpt>
      <trkpt lat="40.07554002179313" lon="116.33763153789039">
        <ele>46.6</ele>
        <time>2026-07-26T12:37:17.957Z</time>
      </trkpt>
      <trkpt lat="40.075552538382254" lon="116.33765471434134">
        <ele>46.6</ele>
        <time>2026-07-26T12:37:18.957Z</time>
      </trkpt>
      <trkpt lat="40.07556665936782" lon="116.3376766060472">
        <ele>46.6</ele>
        <time>2026-07-26T12:37:19.957Z</time>
      </trkpt>
      <trkpt lat="40.075582262030416" lon="116.33769736814381">
        <ele>46.6</ele>
        <time>2026-07-26T12:37:20.957Z</time>
      </trkpt>
      <trkpt lat="40.075599077942265" lon="116.33771731458471">
        <ele>46.5</ele>
        <time>2026-07-26T12:37:21.957Z</time>
      </trkpt>
      <trkpt lat="40.07561669134901" lon="116.33773685074576">
        <ele>46.5</ele>
        <time>2026-07-26T12:37:22.957Z</time>
      </trkpt>
      <trkpt lat="40.075634721940375" lon="116.337756116577">
        <ele>46.5</ele>
        <time>2026-07-26T12:37:23.957Z</time>
      </trkpt>
      <trkpt lat="40.07565300934826" lon="116.33777499229565">
        <ele>46.5</ele>
        <time>2026-07-26T12:37:24.957Z</time>
      </trkpt>
      <trkpt lat="40.075671908753286" lon="116.33779241126841">
        <ele>46.4</ele>
        <time>2026-07-26T12:37:25.957Z</time>
      </trkpt>
      <trkpt lat="40.075691542528325" lon="116.33780739275316">
        <ele>46.4</ele>
        <time>2026-07-26T12:37:26.957Z</time>
      </trkpt>
      <trkpt lat="40.07571144212988" lon="116.3378200110824">
        <ele>46.4</ele>
        <time>2026-07-26T12:37:27.957Z</time>
      </trkpt>
      <trkpt lat="40.07573147261476" lon="116.33783013358959">
        <ele>46.4</ele>
        <time>2026-07-26T12:37:28.957Z</time>
      </trkpt>
      <trkpt lat="40.0757515493766" lon="116.33783811205949">
        <ele>46.3</ele>
        <time>2026-07-26T12:37:29.957Z</time>
      </trkpt>
      <trkpt lat="40.0757715135388" lon="116.33784511718045">
        <ele>46.3</ele>
        <time>2026-07-26T12:37:30.957Z</time>
      </trkpt>
      <trkpt lat="40.075791591379634" lon="116.33785158249387">
        <ele>46.3</ele>
        <time>2026-07-26T12:37:31.957Z</time>
      </trkpt>
      <trkpt lat="40.07581197491416" lon="116.33785757964758">
        <ele>46.3</ele>
        <time>2026-07-26T12:37:32.957Z</time>
      </trkpt>
      <trkpt lat="40.07583254842825" lon="116.33786358106535">
        <ele>46.2</ele>
        <time>2026-07-26T12:37:33.957Z</time>
      </trkpt>
      <trkpt lat="40.07585338698684" lon="116.3378687842863">
        <ele>46.2</ele>
        <time>2026-07-26T12:37:34.957Z</time>
      </trkpt>
      <trkpt lat="40.075874637572156" lon="116.33787191080256">
        <ele>46.2</ele>
        <time>2026-07-26T12:37:35.957Z</time>
      </trkpt>
      <trkpt lat="40.075896298027814" lon="116.33787284537459">
        <ele>46.2</ele>
        <time>2026-07-26T12:37:36.957Z</time>
      </trkpt>
      <trkpt lat="40.07591831319381" lon="116.33787225121598">
        <ele>46.1</ele>
        <time>2026-07-26T12:37:37.957Z</time>
      </trkpt>
      <trkpt lat="40.07594059657983" lon="116.3378709486556">
        <ele>46.1</ele>
        <time>2026-07-26T12:37:38.957Z</time>
      </trkpt>
      <trkpt lat="40.07596314625985" lon="116.33786931121726">
        <ele>46.1</ele>
        <time>2026-07-26T12:37:39.957Z</time>
      </trkpt>
      <trkpt lat="40.075985885900536" lon="116.3378675144435">
        <ele>46.1</ele>
        <time>2026-07-26T12:37:40.957Z</time>
      </trkpt>
      <trkpt lat="40.07600858523449" lon="116.33786558774706">
        <ele>46.0</ele>
        <time>2026-07-26T12:37:41.957Z</time>
      </trkpt>
      <trkpt lat="40.076031029148304" lon="116.33786356614432">
        <ele>46.0</ele>
        <time>2026-07-26T12:37:42.957Z</time>
      </trkpt>
      <trkpt lat="40.07605314152414" lon="116.3378616409718">
        <ele>46.0</ele>
        <time>2026-07-26T12:37:43.957Z</time>
      </trkpt>
      <trkpt lat="40.07607500663219" lon="116.33785966457542">
        <ele>46.0</ele>
        <time>2026-07-26T12:37:44.957Z</time>
        <extensions>
          <gpxtpx:TrackPointExtension>
            <gpxtpx:hr>184</gpxtpx:hr>
          </gpxtpx:TrackPointExtension>
        </extensions>
      </trkpt>
      <trkpt lat="40.07609674906842" lon="116.33785709932836">
        <ele>45.9</ele>
        <time>2026-07-26T12:37:45.957Z</time>
        <extensions>
          <gpxtpx:TrackPointExtension>
            <gpxtpx:hr>184</gpxtpx:hr>
          </gpxtpx:TrackPointExtension>
        </extensions>
      </trkpt>
      <trkpt lat="40.07611855388318" lon="116.33785424919806">
        <ele>45.9</ele>
        <time>2026-07-26T12:37:46.957Z</time>
        <extensions>
          <gpxtpx:TrackPointExtension>
            <gpxtpx:hr>184</gpxtpx:hr>
          </gpxtpx:TrackPointExtension>
        </extensions>
      </trkpt>
      <trkpt lat="40.0761406278648" lon="116.33785146477972">
        <ele>45.9</ele>
        <time>2026-07-26T12:37:47.957Z</time>
        <extensions>
          <gpxtpx:TrackPointExtension>
            <gpxtpx:hr>184</gpxtpx:hr>
          </gpxtpx:TrackPointExtension>
        </extensions>
      </trkpt>
      <trkpt lat="40.076163038924406" lon="116.33784895945988">
        <ele>45.9</ele>
        <time>2026-07-26T12:37:48.957Z</time>
        <extensions>
          <gpxtpx:TrackPointExtension>
            <gpxtpx:hr>184</gpxtpx:hr>
          </gpxtpx:TrackPointExtension>
        </extensions>
      </trkpt>
      <trkpt lat="40.07618578564696" lon="116.33784700726484">
        <ele>45.8</ele>
        <time>2026-07-26T12:37:49.957Z</time>
        <extensions>
          <gpxtpx:TrackPointExtension>
            <gpxtpx:hr>184</gpxtpx:hr>
          </gpxtpx:TrackPointExtension>
        </extensions>
      </trkpt>
      <trkpt lat="40.076208648739225" lon="116.33784544240339">
        <ele>45.8</ele>
        <time>2026-07-26T12:37:50.957Z</time>
        <extensions>
          <gpxtpx:TrackPointExtension>
            <gpxtpx:hr>184</gpxtpx:hr>
          </gpxtpx:TrackPointExtension>
        </extensions>
      </trkpt>
      <trkpt lat="40.07623142650847" lon="116.33784447885067">
        <ele>45.8</ele>
        <time>2026-07-26T12:37:51.957Z</time>
        <extensions>
          <gpxtpx:TrackPointExtension>
            <gpxtpx:hr>184</gpxtpx:hr>
          </gpxtpx:TrackPointExtension>
        </extensions>
      </trkpt>
      <trkpt lat="40.0762541118038" lon="116.33784407399467">
        <ele>45.8</ele>
        <time>2026-07-26T12:37:52.957Z</time>
        <extensions>
          <gpxtpx:TrackPointExtension>
            <gpxtpx:hr>184</gpxtpx:hr>
          </gpxtpx:TrackPointExtension>
        </extensions>
      </trkpt>
      <trkpt lat="40.076276747137506" lon="116.33784326159483">
        <ele>45.8</ele>
        <time>2026-07-26T12:37:53.957Z</time>
        <extensions>
          <gpxtpx:TrackPointExtension>
            <gpxtpx:hr>184</gpxtpx:hr>
          </gpxtpx:TrackPointExtension>
        </extensions>
      </trkpt>
      <trkpt lat="40.076299387067074" lon="116.33784171104296">
        <ele>45.8</ele>
        <time>2026-07-26T12:37:54.957Z</time>
        <extensions>
          <gpxtpx:TrackPointExtension>
            <gpxtpx:hr>184</gpxtpx:hr>
          </gpxtpx:TrackPointExtension>
        </extensions>
      </trkpt>
      <trkpt lat="40.07632204689286" lon="116.33784040117351">
        <ele>45.8</ele>
        <time>2026-07-26T12:37:55.957Z</time>
        <extensions>
          <gpxtpx:TrackPointExtension>
            <gpxtpx:hr>184</gpxtpx:hr>
          </gpxtpx:TrackPointExtension>
        </extensions>
      </trkpt>
      <trkpt lat="40.07634463966507" lon="116.3378395485054">
        <ele>45.8</ele>
        <time>2026-07-26T12:37:56.957Z</time>
        <extensions>
          <gpxtpx:TrackPointExtension>
            <gpxtpx:hr>184</gpxtpx:hr>
          </gpxtpx:TrackPointExtension>
        </extensions>
      </trkpt>
      <trkpt lat="40.0763670618423" lon="116.33783872623663">
        <ele>45.8</ele>
        <time>2026-07-26T12:37:57.957Z</time>
        <extensions>
          <gpxtpx:TrackPointExtension>
            <gpxtpx:hr>184</gpxtpx:hr>
          </gpxtpx:TrackPointExtension>
        </extensions>
      </trkpt>
      <trkpt lat="40.076389324189506" lon="116.33783816894586">
        <ele>45.8</ele>
        <time>2026-07-26T12:37:58.957Z</time>
        <extensions>
          <gpxtpx:TrackPointExtension>
            <gpxtpx:hr>184</gpxtpx:hr>
          </gpxtpx:TrackPointExtension>
        </extensions>
      </trkpt>
      <trkpt lat="40.07641153375146" lon="116.33783815715805">
        <ele>45.8</ele>
        <time>2026-07-26T12:37:59.957Z</time>
        <extensions>
          <gpxtpx:TrackPointExtension>
            <gpxtpx:hr>184</gpxtpx:hr>
          </gpxtpx:TrackPointExtension>
        </extensions>
      </trkpt>
      <trkpt lat="40.076433659738946" lon="116.33783885275332">
        <ele>45.8</ele>
        <time>2026-07-26T12:38:00.957Z</time>
        <extensions>
          <gpxtpx:TrackPointExtension>
            <gpxtpx:hr>184</gpxtpx:hr>
          </gpxtpx:TrackPointExtension>
        </extensions>
      </trkpt>
      <trkpt lat="40.0764556329535" lon="116.3378402514216">
        <ele>45.8</ele>
        <time>2026-07-26T12:38:01.957Z</time>
        <extensions>
          <gpxtpx:TrackPointExtension>
            <gpxtpx:hr>184</gpxtpx:hr>
          </gpxtpx:TrackPointExtension>
        </extensions>
      </trkpt>
      <trkpt lat="40.076477566228654" lon="116.33784218845028">
        <ele>45.8</ele>
        <time>2026-07-26T12:38:02.957Z</time>
        <extensions>
          <gpxtpx:TrackPointExtension>
            <gpxtpx:hr>184</gpxtpx:hr>
          </gpxtpx:TrackPointExtension>
        </extensions>
      </trkpt>
      <trkpt lat="40.07649956342088" lon="116.3378444536049">
        <ele>45.8</ele>
        <time>2026-07-26T12:38:03.957Z</time>
        <extensions>
          <gpxtpx:TrackPointExtension>
            <gpxtpx:hr>184</gpxtpx:hr>
          </gpxtpx:TrackPointExtension>
        </extensions>
      </trkpt>
      <trkpt lat="40.07652163614848" lon="116.33784699571173">
        <ele>45.8</ele>
        <time>2026-07-26T12:38:04.957Z</time>
        <extensions>
          <gpxtpx:TrackPointExtension>
            <gpxtpx:hr>184</gpxtpx:hr>
          </gpxtpx:TrackPointExtension>
        </extensions>
      </trkpt>
      <trkpt lat="40.07654385624939" lon="116.33784984040066">
        <ele>45.8</ele>
        <time>2026-07-26T12:38:05.957Z</time>
        <extensions>
          <gpxtpx:TrackPointExtension>
            <gpxtpx:hr>184</gpxtpx:hr>
          </gpxtpx:TrackPointExtension>
        </extensions>
      </trkpt>
      <trkpt lat="40.076566287393234" lon="116.33785241210863">
        <ele>45.9</ele>
        <time>2026-07-26T12:38:06.957Z</time>
        <extensions>
          <gpxtpx:TrackPointExtension>
            <gpxtpx:hr>184</gpxtpx:hr>
          </gpxtpx:TrackPointExtension>
        </extensions>
      </trkpt>
      <trkpt lat="40.07658887914453" lon="116.33785457481672">
        <ele>45.9</ele>
        <time>2026-07-26T12:38:07.957Z</time>
        <extensions>
          <gpxtpx:TrackPointExtension>
            <gpxtpx:hr>184</gpxtpx:hr>
          </gpxtpx:TrackPointExtension>
        </extensions>
      </trkpt>
      <trkpt lat="40.076611571432544" lon="116.3378566749286">
        <ele>45.9</ele>
        <time>2026-07-26T12:38:08.957Z</time>
        <extensions>
          <gpxtpx:TrackPointExtension>
            <gpxtpx:hr>184</gpxtpx:hr>
          </gpxtpx:TrackPointExtension>
        </extensions>
      </trkpt>
      <trkpt lat="40.07663425913194" lon="116.33785857236717">
        <ele>45.9</ele>
        <time>2026-07-26T12:38:09.957Z</time>
        <extensions>
          <gpxtpx:TrackPointExtension>
            <gpxtpx:hr>184</gpxtpx:hr>
          </gpxtpx:TrackPointExtension>
        </extensions>
      </trkpt>
      <trkpt lat="40.07665687398528" lon="116.3378597328615">
        <ele>45.9</ele>
        <time>2026-07-26T12:38:10.957Z</time>
        <extensions>
          <gpxtpx:TrackPointExtension>
            <gpxtpx:hr>184</gpxtpx:hr>
          </gpxtpx:TrackPointExtension>
        </extensions>
      </trkpt>
      <trkpt lat="40.07667934302847" lon="116.33785982441294">
        <ele>45.9</ele>
        <time>2026-07-26T12:38:11.957Z</time>
        <extensions>
          <gpxtpx:TrackPointExtension>
            <gpxtpx:hr>184</gpxtpx:hr>
          </gpxtpx:TrackPointExtension>
        </extensions>
      </trkpt>
      <trkpt lat="40.076701610834604" lon="116.3378586065061">
        <ele>45.9</ele>
        <time>2026-07-26T12:38:12.957Z</time>
        <extensions>
          <gpxtpx:TrackPointExtension>
            <gpxtpx:hr>184</gpxtpx:hr>
          </gpxtpx:TrackPointExtension>
        </extensions>
      </trkpt>
      <trkpt lat="40.07672365823148" lon="116.33785553019048">
        <ele>46.0</ele>
        <time>2026-07-26T12:38:13.957Z</time>
        <extensions>
          <gpxtpx:TrackPointExtension>
            <gpxtpx:hr>184</gpxtpx:hr>
          </gpxtpx:TrackPointExtension>
        </extensions>
      </trkpt>
      <trkpt lat="40.07674543237119" lon="116.33785043896452">
        <ele>46.0</ele>
        <time>2026-07-26T12:38:14.957Z</time>
      </trkpt>
      <trkpt lat="40.07676675277433" lon="116.33784362024079">
        <ele>46.0</ele>
        <time>2026-07-26T12:38:15.957Z</time>
      </trkpt>
      <trkpt lat="40.076787322778" lon="116.33783477004097">
        <ele>46.0</ele>
        <time>2026-07-26T12:38:16.957Z</time>
      </trkpt>
      <trkpt lat="40.07680708606557" lon="116.33782339829237">
        <ele>46.0</ele>
        <time>2026-07-26T12:38:17.957Z</time>
      </trkpt>
      <trkpt lat="40.07682608846737" lon="116.33780961879704">
        <ele>46.0</ele>
        <time>2026-07-26T12:38:18.957Z</time>
      </trkpt>
      <trkpt lat="40.07684414077695" lon="116.3377933864315">
        <ele>45.9</ele>
        <time>2026-07-26T12:38:19.957Z</time>
      </trkpt>
      <trkpt lat="40.07686128166519" lon="116.33777524148597">
        <ele>45.9</ele>
        <time>2026-07-26T12:38:20.957Z</time>
      </trkpt>
      <trkpt lat="40.07687754898081" lon="116.33775556287401">
        <ele>45.9</ele>
        <time>2026-07-26T12:38:21.957Z</time>
      </trkpt>
      <trkpt lat="40.07689302196796" lon="116.33773416392098">
        <ele>45.9</ele>
        <time>2026-07-26T12:38:22.957Z</time>
      </trkpt>
      <trkpt lat="40.07690817648132" lon="116.3377111452836">
        <ele>45.9</ele>
        <time>2026-07-26T12:38:23.957Z</time>
      </trkpt>
      <trkpt lat="40.076923165488274" lon="116.33768682340448">
        <ele>45.8</ele>
        <time>2026-07-26T12:38:24.957Z</time>
      </trkpt>
      <trkpt lat="40.076937867218135" lon="116.33766186531926">
        <ele>45.8</ele>
        <time>2026-07-26T12:38:25.957Z</time>
      </trkpt>
      <trkpt lat="40.07695185648573" lon="116.33763638148783">
        <ele>45.8</ele>
        <time>2026-07-26T12:38:26.957Z</time>
      </trkpt>
      <trkpt lat="40.07696474481446" lon="116.33761038121938">
        <ele>45.7</ele>
        <time>2026-07-26T12:38:27.956Z</time>
      </trkpt>
      <trkpt lat="40.07697648911914" lon="116.33758410583441">
        <ele>45.7</ele>
        <time>2026-07-26T12:38:28.956Z</time>
      </trkpt>
      <trkpt lat="40.076987178037115" lon="116.33755777880337">
        <ele>45.7</ele>
        <time>2026-07-26T12:38:29.957Z</time>
      </trkpt>
      <trkpt lat="40.0769969013623" lon="116.33753165201139">
        <ele>45.6</ele>
        <time>2026-07-26T12:38:30.956Z</time>
      </trkpt>
      <trkpt lat="40.07700511019705" lon="116.33750554359995">
        <ele>45.6</ele>
        <time>2026-07-26T12:38:31.957Z</time>
      </trkpt>
      <trkpt lat="40.077011270770996" lon="116.33747900843068">
        <ele>45.6</ele>
        <time>2026-07-26T12:38:32.956Z</time>
      </trkpt>
      <trkpt lat="40.07701518301161" lon="116.337451831793">
        <ele>45.5</ele>
        <time>2026-07-26T12:38:33.957Z</time>
      </trkpt>
      <trkpt lat="40.07701688193353" lon="116.3374242384339">
        <ele>45.5</ele>
        <time>2026-07-26T12:38:34.956Z</time>
      </trkpt>
      <trkpt lat="40.07701669065961" lon="116.33739635803639">
        <ele>45.5</ele>
        <time>2026-07-26T12:38:35.957Z</time>
      </trkpt>
      <trkpt lat="40.0770150325591" lon="116.337368041798">
        <ele>45.4</ele>
        <time>2026-07-26T12:38:36.957Z</time>
      </trkpt>
      <trkpt lat="40.077012080812224" lon="116.33733918159275">
        <ele>45.4</ele>
        <time>2026-07-26T12:38:37.956Z</time>
      </trkpt>
      <trkpt lat="40.077007774849804" lon="116.33730953172265">
        <ele>45.4</ele>
        <time>2026-07-26T12:38:38.957Z</time>
      </trkpt>
      <trkpt lat="40.07700166582342" lon="116.33727935803651">
        <ele>45.3</ele>
        <time>2026-07-26T12:38:39.956Z</time>
      </trkpt>
      <trkpt lat="40.07699311654623" lon="116.33724945191426">
        <ele>45.3</ele>
        <time>2026-07-26T12:38:40.957Z</time>
      </trkpt>
      <trkpt lat="40.07698254725461" lon="116.33722015752505">
        <ele>45.3</ele>
        <time>2026-07-26T12:38:41.957Z</time>
      </trkpt>
      <trkpt lat="40.07697093106303" lon="116.33719151382383">
        <ele>45.2</ele>
        <time>2026-07-26T12:38:42.956Z</time>
      </trkpt>
      <trkpt lat="40.076958744410064" lon="116.33716371564817">
        <ele>45.2</ele>
        <time>2026-07-26T12:38:43.957Z</time>
      </trkpt>
      <trkpt lat="40.07694621509885" lon="116.33713678563389">
        <ele>45.2</ele>
        <time>2026-07-26T12:38:44.957Z</time>
      </trkpt>
      <trkpt lat="40.0769333136327" lon="116.33711065589094">
        <ele>45.1</ele>
        <time>2026-07-26T12:38:45.956Z</time>
      </trkpt>
      <trkpt lat="40.07691957698979" lon="116.33708559072194">
        <ele>45.1</ele>
        <time>2026-07-26T12:38:46.957Z</time>
      </trkpt>
      <trkpt lat="40.07690467626593" lon="116.33706179923965">
        <ele>45.1</ele>
        <time>2026-07-26T12:38:47.957Z</time>
      </trkpt>
      <trkpt lat="40.07688874105593" lon="116.33703906242549">
        <ele>45.0</ele>
        <time>2026-07-26T12:38:48.956Z</time>
      </trkpt>
      <trkpt lat="40.07687201714544" lon="116.33701727279058">
        <ele>45.0</ele>
        <time>2026-07-26T12:38:49.957Z</time>
      </trkpt>
      <trkpt lat="40.07685429335401" lon="116.3369969251315">
        <ele>45.0</ele>
        <time>2026-07-26T12:38:50.956Z</time>
      </trkpt>
      <trkpt lat="40.076835625909325" lon="116.33697795735497">
        <ele>45.0</ele>
        <time>2026-07-26T12:38:51.957Z</time>
      </trkpt>
      <trkpt lat="40.076816309935474" lon="116.33695999300882">
        <ele>45.0</ele>
        <time>2026-07-26T12:38:52.956Z</time>
      </trkpt>
      <trkpt lat="40.0767962322066" lon="116.33694326326514">
        <ele>44.9</ele>
        <time>2026-07-26T12:38:53.957Z</time>
      </trkpt>
      <trkpt lat="40.07677519972732" lon="116.3369286917311">
        <ele>44.9</ele>
        <time>2026-07-26T12:38:54.957Z</time>
      </trkpt>
      <trkpt lat="40.07675311421168" lon="116.33691698867806">
        <ele>44.9</ele>
        <time>2026-07-26T12:38:55.956Z</time>
      </trkpt>
      <trkpt lat="40.07673001295983" lon="116.33690817330177">
        <ele>44.9</ele>
        <time>2026-07-26T12:38:56.956Z</time>
      </trkpt>
      <trkpt lat="40.07670605665883" lon="116.33690198852085">
        <ele>44.9</ele>
        <time>2026-07-26T12:38:57.956Z</time>
      </trkpt>
      <trkpt lat="40.076681633054136" lon="116.33689804312456">
        <ele>45.0</ele>
        <time>2026-07-26T12:38:58.956Z</time>
      </trkpt>
      <trkpt lat="40.076657012509095" lon="116.33689623109181">
        <ele>45.0</ele>
        <time>2026-07-26T12:38:59.956Z</time>
      </trkpt>
      <trkpt lat="40.07663233393744" lon="116.33689594097947">
        <ele>45.0</ele>
        <time>2026-07-26T12:39:00.956Z</time>
      </trkpt>
      <trkpt lat="40.076607763412916" lon="116.33689658468548">
        <ele>45.1</ele>
        <time>2026-07-26T12:39:01.956Z</time>
      </trkpt>
      <trkpt lat="40.076583433862886" lon="116.3368979994427">
        <ele>45.1</ele>
        <time>2026-07-26T12:39:02.957Z</time>
      </trkpt>
      <trkpt lat="40.07655941507734" lon="116.33689973290534">
        <ele>45.1</ele>
        <time>2026-07-26T12:39:03.956Z</time>
      </trkpt>
      <trkpt lat="40.076535849645275" lon="116.33690134487286">
        <ele>45.2</ele>
        <time>2026-07-26T12:39:04.956Z</time>
      </trkpt>
      <trkpt lat="40.07651268950901" lon="116.33690281561982">
        <ele>45.2</ele>
        <time>2026-07-26T12:39:05.956Z</time>
      </trkpt>
      <trkpt lat="40.0764896372663" lon="116.3369039561696">
        <ele>45.3</ele>
        <time>2026-07-26T12:39:06.956Z</time>
      </trkpt>
      <trkpt lat="40.07646652858993" lon="116.33690501244769">
        <ele>45.3</ele>
        <time>2026-07-26T12:39:07.957Z</time>
      </trkpt>
      <trkpt lat="40.076443438756755" lon="116.33690613140456">
        <ele>45.3</ele>
        <time>2026-07-26T12:39:08.956Z</time>
      </trkpt>
      <trkpt lat="40.07642041449006" lon="116.33690666360644">
        <ele>45.4</ele>
        <time>2026-07-26T12:39:09.956Z</time>
      </trkpt>
      <trkpt lat="40.07639737444737" lon="116.33690695821204">
        <ele>45.4</ele>
        <time>2026-07-26T12:39:10.957Z</time>
      </trkpt>
      <trkpt lat="40.07637419647989" lon="116.33690708990504">
        <ele>45.4</ele>
        <time>2026-07-26T12:39:11.957Z</time>
      </trkpt>
      <trkpt lat="40.07635083942849" lon="116.33690662964047">
        <ele>45.5</ele>
        <time>2026-07-26T12:39:12.956Z</time>
      </trkpt>
      <trkpt lat="40.07632728709484" lon="116.33690542655097">
        <ele>45.5</ele>
        <time>2026-07-26T12:39:13.956Z</time>
      </trkpt>
      <trkpt lat="40.07630355129303" lon="116.33690390218905">
        <ele>45.5</ele>
        <time>2026-07-26T12:39:14.956Z</time>
      </trkpt>
      <trkpt lat="40.07627986772631" lon="116.33690184854757">
        <ele>45.6</ele>
        <time>2026-07-26T12:39:15.957Z</time>
      </trkpt>
      <trkpt lat="40.076256654170805" lon="116.33689892342392">
        <ele>45.6</ele>
        <time>2026-07-26T12:39:16.957Z</time>
      </trkpt>
      <trkpt lat="40.076234090292175" lon="116.33689591614394">
        <ele>45.6</ele>
        <time>2026-07-26T12:39:17.956Z</time>
      </trkpt>
      <trkpt lat="40.076211822619165" lon="116.33689335847262">
        <ele>45.6</ele>
        <time>2026-07-26T12:39:18.956Z</time>
      </trkpt>
      <trkpt lat="40.07618935717221" lon="116.33689130791844">
        <ele>45.6</ele>
        <time>2026-07-26T12:39:19.956Z</time>
      </trkpt>
      <trkpt lat="40.076166566727224" lon="116.33688991424665">
        <ele>45.7</ele>
        <time>2026-07-26T12:39:20.956Z</time>
      </trkpt>
      <trkpt lat="40.076143636938134" lon="116.33688934241242">
        <ele>45.7</ele>
        <time>2026-07-26T12:39:21.956Z</time>
      </trkpt>
      <trkpt lat="40.07612066107492" lon="116.33688931410329">
        <ele>45.7</ele>
        <time>2026-07-26T12:39:22.956Z</time>
      </trkpt>
      <trkpt lat="40.07609763628937" lon="116.33688940343914">
        <ele>45.8</ele>
        <time>2026-07-26T12:39:23.956Z</time>
      </trkpt>
      <trkpt lat="40.07607461265402" lon="116.3368894607384">
        <ele>45.8</ele>
        <time>2026-07-26T12:39:24.956Z</time>
      </trkpt>
      <trkpt lat="40.076051680603996" lon="116.33688954797559">
        <ele>45.9</ele>
        <time>2026-07-26T12:39:25.956Z</time>
      </trkpt>
      <trkpt lat="40.07602874412024" lon="116.33688961116104">
        <ele>45.9</ele>
        <time>2026-07-26T12:39:26.956Z</time>
      </trkpt>
      <trkpt lat="40.07600565515616" lon="116.33688968285509">
        <ele>46.0</ele>
        <time>2026-07-26T12:39:27.956Z</time>
      </trkpt>
      <trkpt lat="40.07598239099319" lon="116.33688987090788">
        <ele>46.0</ele>
        <time>2026-07-26T12:39:28.956Z</time>
      </trkpt>
      <trkpt lat="40.07595912220906" lon="116.3368904623229">
        <ele>46.1</ele>
        <time>2026-07-26T12:39:29.956Z</time>
      </trkpt>
      <trkpt lat="40.0759358777489" lon="116.33689160913096">
        <ele>46.1</ele>
        <time>2026-07-26T12:39:30.956Z</time>
      </trkpt>
      <trkpt lat="40.07591259302962" lon="116.33689324905626">
        <ele>46.2</ele>
        <time>2026-07-26T12:39:31.956Z</time>
      </trkpt>
      <trkpt lat="40.07588924777348" lon="116.33689560446226">
        <ele>46.3</ele>
        <time>2026-07-26T12:39:32.956Z</time>
      </trkpt>
      <trkpt lat="40.07586587269217" lon="116.33689799316515">
        <ele>46.3</ele>
        <time>2026-07-26T12:39:33.956Z</time>
      </trkpt>
      <trkpt lat="40.07584252749739" lon="116.33689979946413">
        <ele>46.4</ele>
        <time>2026-07-26T12:39:34.956Z</time>
      </trkpt>
      <trkpt lat="40.07581929371446" lon="116.33690152363688">
        <ele>46.4</ele>
        <time>2026-07-26T12:39:35.956Z</time>
      </trkpt>
      <trkpt lat="40.075796096182216" lon="116.33690387760275">
        <ele>46.5</ele>
        <time>2026-07-26T12:39:36.956Z</time>
      </trkpt>
      <trkpt lat="40.07577283785712" lon="116.33690745999752">
        <ele>46.5</ele>
        <time>2026-07-26T12:39:37.956Z</time>
      </trkpt>
      <trkpt lat="40.07574957697292" lon="116.33691249567146">
        <ele>46.6</ele>
        <time>2026-07-26T12:39:38.956Z</time>
      </trkpt>
      <trkpt lat="40.075726538827496" lon="116.33691932464511">
        <ele>46.6</ele>
        <time>2026-07-26T12:39:39.957Z</time>
      </trkpt>
      <trkpt lat="40.07570386878145" lon="116.33692791429515">
        <ele>46.6</ele>
        <time>2026-07-26T12:39:40.956Z</time>
      </trkpt>
      <trkpt lat="40.07568167672271" lon="116.33693830857018">
        <ele>46.7</ele>
        <time>2026-07-26T12:39:41.956Z</time>
      </trkpt>
      <trkpt lat="40.075660147392675" lon="116.33695073384487">
        <ele>46.7</ele>
        <time>2026-07-26T12:39:42.956Z</time>
      </trkpt>
      <trkpt lat="40.075639298732035" lon="116.33696498665844">
        <ele>46.8</ele>
        <time>2026-07-26T12:39:43.956Z</time>
      </trkpt>
      <trkpt lat="40.07561908919638" lon="116.3369810066798">
        <ele>46.8</ele>
        <time>2026-07-26T12:39:44.956Z</time>
      </trkpt>
      <trkpt lat="40.075599853359385" lon="116.33699920700447">
        <ele>46.8</ele>
        <time>2026-07-26T12:39:45.956Z</time>
      </trkpt>
      <trkpt lat="40.07558229753111" lon="116.33702024304424">
        <ele>46.8</ele>
        <time>2026-07-26T12:39:46.956Z</time>
      </trkpt>
      <trkpt lat="40.0755666555974" lon="116.33704378445694">
        <ele>46.9</ele>
        <time>2026-07-26T12:39:47.956Z</time>
      </trkpt>
      <trkpt lat="40.07555250632132" lon="116.33706882253706">
        <ele>46.9</ele>
        <time>2026-07-26T12:39:48.956Z</time>
      </trkpt>
      <trkpt lat="40.075539748197876" lon="116.3370951636172">
        <ele>46.9</ele>
        <time>2026-07-26T12:39:49.956Z</time>
      </trkpt>
      <trkpt lat="40.075528393479914" lon="116.33712329368096">
        <ele>46.9</ele>
        <time>2026-07-26T12:39:50.956Z</time>
      </trkpt>
      <trkpt lat="40.07551822646549" lon="116.33715318048526">
        <ele>46.9</ele>
        <time>2026-07-26T12:39:51.956Z</time>
      </trkpt>
      <trkpt lat="40.075509338657945" lon="116.3371843655631">
        <ele>47.0</ele>
        <time>2026-07-26T12:39:52.956Z</time>
      </trkpt>
      <trkpt lat="40.07550176819271" lon="116.33721655460592">
        <ele>47.0</ele>
        <time>2026-07-26T12:39:53.956Z</time>
      </trkpt>
      <trkpt lat="40.075495507417735" lon="116.33724935641884">
        <ele>47.0</ele>
        <time>2026-07-26T12:39:54.956Z</time>
      </trkpt>
      <trkpt lat="40.075490676388355" lon="116.33728235960604">
        <ele>47.0</ele>
        <time>2026-07-26T12:39:55.956Z</time>
      </trkpt>
      <trkpt lat="40.07548736091558" lon="116.33731530817789">
        <ele>47.0</ele>
        <time>2026-07-26T12:39:56.956Z</time>
      </trkpt>
      <trkpt lat="40.075485334493806" lon="116.33734829436825">
        <ele>47.0</ele>
        <time>2026-07-26T12:39:57.956Z</time>
      </trkpt>
      <trkpt lat="40.075484737377245" lon="116.33738162749371">
        <ele>46.9</ele>
        <time>2026-07-26T12:39:58.956Z</time>
      </trkpt>
      <trkpt lat="40.075485823885934" lon="116.3374153377702">
        <ele>46.9</ele>
        <time>2026-07-26T12:39:59.956Z</time>
      </trkpt>
      <trkpt lat="40.07548857117582" lon="116.33744876509701">
        <ele>46.9</ele>
        <time>2026-07-26T12:40:00.956Z</time>
      </trkpt>
      <trkpt lat="40.07549281228464" lon="116.33748139829333">
        <ele>46.9</ele>
        <time>2026-07-26T12:40:01.956Z</time>
      </trkpt>
      <trkpt lat="40.07549863889601" lon="116.33751294275267">
        <ele>46.9</ele>
        <time>2026-07-26T12:40:02.956Z</time>
      </trkpt>
      <trkpt lat="40.075506398398886" lon="116.33754312246764">
        <ele>46.8</ele>
        <time>2026-07-26T12:40:03.956Z</time>
      </trkpt>
      <trkpt lat="40.07551601181979" lon="116.33757190519853">
        <ele>46.8</ele>
        <time>2026-07-26T12:40:04.956Z</time>
      </trkpt>
      <trkpt lat="40.07552699209529" lon="116.33759933484652">
        <ele>46.7</ele>
        <time>2026-07-26T12:40:05.956Z</time>
      </trkpt>
      <trkpt lat="40.075539111646385" lon="116.33762531967793">
        <ele>46.7</ele>
        <time>2026-07-26T12:40:06.956Z</time>
      </trkpt>
      <trkpt lat="40.07555254523275" lon="116.33764990165075">
        <ele>46.7</ele>
        <time>2026-07-26T12:40:07.956Z</time>
      </trkpt>
      <trkpt lat="40.075567314746465" lon="116.33767333854712">
        <ele>46.6</ele>
        <time>2026-07-26T12:40:08.956Z</time>
      </trkpt>
      <trkpt lat="40.07558336284431" lon="116.33769579025828">
        <ele>46.6</ele>
        <time>2026-07-26T12:40:09.956Z</time>
      </trkpt>
      <trkpt lat="40.07560057071626" lon="116.33771740409672">
        <ele>46.5</ele>
        <time>2026-07-26T12:40:10.956Z</time>
      </trkpt>
      <trkpt lat="40.07561908737686" lon="116.33773788633313">
        <ele>46.5</ele>
        <time>2026-07-26T12:40:11.956Z</time>
      </trkpt>
      <trkpt lat="40.075638866092596" lon="116.33775683616793">
        <ele>46.5</ele>
        <time>2026-07-26T12:40:12.956Z</time>
      </trkpt>
      <trkpt lat="40.075659841029086" lon="116.33777391710842">
        <ele>46.4</ele>
        <time>2026-07-26T12:40:13.956Z</time>
      </trkpt>
      <trkpt lat="40.07568203957605" lon="116.33778880200398">
        <ele>46.4</ele>
        <time>2026-07-26T12:40:14.956Z</time>
      </trkpt>
      <trkpt lat="40.07570527130839" lon="116.33780142846142">
        <ele>46.4</ele>
        <time>2026-07-26T12:40:15.956Z</time>
      </trkpt>
      <trkpt lat="40.07572917844274" lon="116.33781180038352">
        <ele>46.3</ele>
        <time>2026-07-26T12:40:16.956Z</time>
      </trkpt>
      <trkpt lat="40.07575345989122" lon="116.33781990164226">
        <ele>46.3</ele>
        <time>2026-07-26T12:40:17.956Z</time>
      </trkpt>
      <trkpt lat="40.07577781804764" lon="116.33782643692814">
        <ele>46.3</ele>
        <time>2026-07-26T12:40:18.956Z</time>
      </trkpt>
      <trkpt lat="40.075802017562744" lon="116.33783196546408">
        <ele>46.3</ele>
        <time>2026-07-26T12:40:19.956Z</time>
      </trkpt>
      <trkpt lat="40.075826007618424" lon="116.3378354529698">
        <ele>46.2</ele>
        <time>2026-07-26T12:40:20.956Z</time>
      </trkpt>
      <trkpt lat="40.07584949762977" lon="116.33783675383926">
        <ele>46.2</ele>
        <time>2026-07-26T12:40:21.956Z</time>
      </trkpt>
      <trkpt lat="40.075872570018035" lon="116.33783676473183">
        <ele>46.2</ele>
        <time>2026-07-26T12:40:22.955Z</time>
      </trkpt>
      <trkpt lat="40.07589559063715" lon="116.33783620919937">
        <ele>46.2</ele>
        <time>2026-07-26T12:40:23.956Z</time>
      </trkpt>
      <trkpt lat="40.07591870965897" lon="116.33783594894328">
        <ele>46.2</ele>
        <time>2026-07-26T12:40:24.956Z</time>
      </trkpt>
      <trkpt lat="40.07594202443165" lon="116.33783630097089">
        <ele>46.2</ele>
        <time>2026-07-26T12:40:25.956Z</time>
      </trkpt>
      <trkpt lat="40.07596556184729" lon="116.33783766695309">
        <ele>46.2</ele>
        <time>2026-07-26T12:40:26.956Z</time>
      </trkpt>
      <trkpt lat="40.07598937352365" lon="116.33784029628052">
        <ele>46.2</ele>
        <time>2026-07-26T12:40:27.956Z</time>
      </trkpt>
      <trkpt lat="40.076013351692325" lon="116.33784311386303">
        <ele>46.2</ele>
        <time>2026-07-26T12:40:28.956Z</time>
      </trkpt>
      <trkpt lat="40.07603719568007" lon="116.33784558639894">
        <ele>46.2</ele>
        <time>2026-07-26T12:40:29.956Z</time>
      </trkpt>
      <trkpt lat="40.07606071164433" lon="116.33784777270147">
        <ele>46.2</ele>
        <time>2026-07-26T12:40:30.956Z</time>
      </trkpt>
      <trkpt lat="40.07608387137315" lon="116.33784875910455">
        <ele>46.2</ele>
        <time>2026-07-26T12:40:31.956Z</time>
      </trkpt>
      <trkpt lat="40.07610667778218" lon="116.33784822898237">
        <ele>46.2</ele>
        <time>2026-07-26T12:40:32.956Z</time>
      </trkpt>
      <trkpt lat="40.07612895125512" lon="116.33784700941251">
        <ele>46.2</ele>
        <time>2026-07-26T12:40:33.956Z</time>
      </trkpt>
      <trkpt lat="40.076150621361144" lon="116.33784587835927">
        <ele>46.2</ele>
        <time>2026-07-26T12:40:34.956Z</time>
      </trkpt>
      <trkpt lat="40.07617191582329" lon="116.33784541923723">
        <ele>46.2</ele>
        <time>2026-07-26T12:40:35.956Z</time>
      </trkpt>
      <trkpt lat="40.076192935398076" lon="116.3378455786581">
        <ele>46.2</ele>
        <time>2026-07-26T12:40:36.956Z</time>
      </trkpt>
      <trkpt lat="40.07621398844506" lon="116.3378459086359">
        <ele>46.2</ele>
        <time>2026-07-26T12:40:37.956Z</time>
      </trkpt>
      <trkpt lat="40.07623556798394" lon="116.3378462346453">
        <ele>46.2</ele>
        <time>2026-07-26T12:40:38.955Z</time>
      </trkpt>
      <trkpt lat="40.07625800198524" lon="116.33784639228976">
        <ele>46.2</ele>
        <time>2026-07-26T12:40:39.955Z</time>
      </trkpt>
      <trkpt lat="40.07628107681529" lon="116.33784630628347">
        <ele>46.2</ele>
        <time>2026-07-26T12:40:40.956Z</time>
      </trkpt>
      <trkpt lat="40.07630426347264" lon="116.33784632471763">
        <ele>46.2</ele>
        <time>2026-07-26T12:40:41.956Z</time>
      </trkpt>
      <trkpt lat="40.07632722875359" lon="116.3378462485518">
        <ele>46.2</ele>
        <time>2026-07-26T12:40:42.955Z</time>
      </trkpt>
      <trkpt lat="40.076349966200524" lon="116.33784536511085">
        <ele>46.2</ele>
        <time>2026-07-26T12:40:43.955Z</time>
      </trkpt>
      <trkpt lat="40.0763729609551" lon="116.33784382789203">
        <ele>46.1</ele>
        <time>2026-07-26T12:40:44.956Z</time>
      </trkpt>
      <trkpt lat="40.07639637452319" lon="116.33784205952503">
        <ele>46.1</ele>
        <time>2026-07-26T12:40:45.956Z</time>
      </trkpt>
      <trkpt lat="40.07641963094354" lon="116.33784030755496">
        <ele>46.1</ele>
        <time>2026-07-26T12:40:46.956Z</time>
      </trkpt>
      <trkpt lat="40.07644237370345" lon="116.3378388495739">
        <ele>46.1</ele>
        <time>2026-07-26T12:40:47.956Z</time>
      </trkpt>
      <trkpt lat="40.0764644343792" lon="116.33783770905842">
        <ele>46.1</ele>
        <time>2026-07-26T12:40:48.956Z</time>
      </trkpt>
      <trkpt lat="40.07648621578671" lon="116.33783694137259">
        <ele>46.1</ele>
        <time>2026-07-26T12:40:49.955Z</time>
      </trkpt>
      <trkpt lat="40.076508217317915" lon="116.33783626730104">
        <ele>46.1</ele>
        <time>2026-07-26T12:40:50.956Z</time>
      </trkpt>
      <trkpt lat="40.07653040682959" lon="116.33783570279168">
        <ele>46.1</ele>
        <time>2026-07-26T12:40:51.956Z</time>
      </trkpt>
      <trkpt lat="40.07655275560434" lon="116.33783561189696">
        <ele>46.1</ele>
        <time>2026-07-26T12:40:52.956Z</time>
      </trkpt>
      <trkpt lat="40.076575156200754" lon="116.33783551175202">
        <ele>46.1</ele>
        <time>2026-07-26T12:40:53.956Z</time>
      </trkpt>
      <trkpt lat="40.07659755513665" lon="116.33783524631022">
        <ele>46.1</ele>
        <time>2026-07-26T12:40:54.956Z</time>
      </trkpt>
      <trkpt lat="40.07661995694696" lon="116.33783464446046">
        <ele>46.1</ele>
        <time>2026-07-26T12:40:55.955Z</time>
      </trkpt>
      <trkpt lat="40.07664235298692" lon="116.33783291972946">
        <ele>46.1</ele>
        <time>2026-07-26T12:40:56.956Z</time>
      </trkpt>
      <trkpt lat="40.07666464575742" lon="116.33782946421525">
        <ele>46.1</ele>
        <time>2026-07-26T12:40:57.956Z</time>
      </trkpt>
      <trkpt lat="40.07668690209468" lon="116.33782469750253">
        <ele>46.1</ele>
        <time>2026-07-26T12:40:58.956Z</time>
      </trkpt>
      <trkpt lat="40.076709136366965" lon="116.33781847560698">
        <ele>46.1</ele>
        <time>2026-07-26T12:40:59.956Z</time>
      </trkpt>
      <trkpt lat="40.07673114947053" lon="116.33780975310914">
        <ele>46.1</ele>
        <time>2026-07-26T12:41:00.956Z</time>
      </trkpt>
      <trkpt lat="40.076752912957566" lon="116.33779887903158">
        <ele>46.1</ele>
        <time>2026-07-26T12:41:01.956Z</time>
      </trkpt>
      <trkpt lat="40.076774597904006" lon="116.33778658936929">
        <ele>46.1</ele>
        <time>2026-07-26T12:41:02.956Z</time>
      </trkpt>
      <trkpt lat="40.07679592347059" lon="116.33777270439855">
        <ele>46.1</ele>
        <time>2026-07-26T12:41:03.956Z</time>
      </trkpt>
      <trkpt lat="40.0768165033084" lon="116.33775698653636">
        <ele>46.1</ele>
        <time>2026-07-26T12:41:04.956Z</time>
      </trkpt>
      <trkpt lat="40.076836515399755" lon="116.33774016980064">
        <ele>46.1</ele>
        <time>2026-07-26T12:41:05.956Z</time>
      </trkpt>
      <trkpt lat="40.076855991049676" lon="116.33772263146449">
        <ele>46.1</ele>
        <time>2026-07-26T12:41:06.956Z</time>
      </trkpt>
      <trkpt lat="40.07687491324312" lon="116.33770438843042">
        <ele>46.1</ele>
        <time>2026-07-26T12:41:07.956Z</time>
      </trkpt>
      <trkpt lat="40.076893444955175" lon="116.33768563351697">
        <ele>46.1</ele>
        <time>2026-07-26T12:41:08.956Z</time>
      </trkpt>
      <trkpt lat="40.07691162899901" lon="116.33766645694222">
        <ele>46.1</ele>
        <time>2026-07-26T12:41:09.956Z</time>
      </trkpt>
      <trkpt lat="40.076929722015606" lon="116.33764728052269">
        <ele>46.1</ele>
        <time>2026-07-26T12:41:10.956Z</time>
      </trkpt>
      <trkpt lat="40.07694743941203" lon="116.33762757309583">
        <ele>46.1</ele>
        <time>2026-07-26T12:41:11.956Z</time>
      </trkpt>
      <trkpt lat="40.07696377537266" lon="116.33760572096054">
        <ele>46.1</ele>
        <time>2026-07-26T12:41:12.956Z</time>
      </trkpt>
      <trkpt lat="40.07697836575019" lon="116.33758148161935">
        <ele>46.1</ele>
        <time>2026-07-26T12:41:13.956Z</time>
      </trkpt>
      <trkpt lat="40.0769916652817" lon="116.33755580237462">
        <ele>46.1</ele>
        <time>2026-07-26T12:41:14.955Z</time>
      </trkpt>
      <trkpt lat="40.07700349844549" lon="116.33752884480666">
        <ele>46.1</ele>
        <time>2026-07-26T12:41:15.956Z</time>
      </trkpt>
      <trkpt lat="40.07701360628853" lon="116.3375006813813">
        <ele>46.0</ele>
        <time>2026-07-26T12:41:16.956Z</time>
      </trkpt>
      <trkpt lat="40.07702216481043" lon="116.33747151095673">
        <ele>46.0</ele>
        <time>2026-07-26T12:41:17.956Z</time>
      </trkpt>
      <trkpt lat="40.077028304509824" lon="116.33744131811915">
        <ele>46.0</ele>
        <time>2026-07-26T12:41:18.956Z</time>
      </trkpt>
      <trkpt lat="40.07703141331968" lon="116.3374104327108">
        <ele>46.0</ele>
        <time>2026-07-26T12:41:19.955Z</time>
      </trkpt>
      <trkpt lat="40.077031848367234" lon="116.33737944229821">
        <ele>46.0</ele>
        <time>2026-07-26T12:41:20.956Z</time>
      </trkpt>
      <trkpt lat="40.07703005776948" lon="116.3373487655784">
        <ele>46.0</ele>
        <time>2026-07-26T12:41:21.956Z</time>
      </trkpt>
      <trkpt lat="40.077027272829234" lon="116.33731880990211">
        <ele>45.9</ele>
        <time>2026-07-26T12:41:22.956Z</time>
      </trkpt>
      <trkpt lat="40.07702454443931" lon="116.33728955800153">
        <ele>45.9</ele>
        <time>2026-07-26T12:41:23.956Z</time>
      </trkpt>
      <trkpt lat="40.07702096817896" lon="116.33726075925962">
        <ele>45.9</ele>
        <time>2026-07-26T12:41:24.955Z</time>
      </trkpt>
      <trkpt lat="40.077015268392074" lon="116.3372324094436">
        <ele>45.9</ele>
        <time>2026-07-26T12:41:25.955Z</time>
      </trkpt>
      <trkpt lat="40.07700757470612" lon="116.33720428389614">
        <ele>45.9</ele>
        <time>2026-07-26T12:41:26.956Z</time>
      </trkpt>
      <trkpt lat="40.07699825904753" lon="116.33717601636094">
        <ele>45.8</ele>
        <time>2026-07-26T12:41:27.955Z</time>
      </trkpt>
      <trkpt lat="40.076987114014386" lon="116.33714776459848">
        <ele>45.8</ele>
        <time>2026-07-26T12:41:28.955Z</time>
      </trkpt>
      <trkpt lat="40.07697424342682" lon="116.33711971795887">
        <ele>45.8</ele>
        <time>2026-07-26T12:41:29.955Z</time>
      </trkpt>
      <trkpt lat="40.07695988303962" lon="116.33709240553463">
        <ele>45.7</ele>
        <time>2026-07-26T12:41:30.954Z</time>
      </trkpt>
      <trkpt lat="40.076944044091036" lon="116.33706654638422">
        <ele>45.7</ele>
        <time>2026-07-26T12:41:31.955Z</time>
      </trkpt>
      <trkpt lat="40.07692693877584" lon="116.33704251342786">
        <ele>45.7</ele>
        <time>2026-07-26T12:41:32.955Z</time>
      </trkpt>
      <trkpt lat="40.07690855742045" lon="116.33702001009982">
        <ele>45.6</ele>
        <time>2026-07-26T12:41:33.956Z</time>
      </trkpt>
      <trkpt lat="40.07688904597263" lon="116.33699863217227">
        <ele>45.6</ele>
        <time>2026-07-26T12:41:34.955Z</time>
      </trkpt>
      <trkpt lat="40.07686857718892" lon="116.33697840124857">
        <ele>45.5</ele>
        <time>2026-07-26T12:41:35.956Z</time>
      </trkpt>
      <trkpt lat="40.076847417572274" lon="116.33695952797488">
        <ele>45.5</ele>
        <time>2026-07-26T12:41:36.956Z</time>
      </trkpt>
      <trkpt lat="40.076825890696675" lon="116.33694223996129">
        <ele>45.5</ele>
        <time>2026-07-26T12:41:37.955Z</time>
      </trkpt>
      <trkpt lat="40.07680408401764" lon="116.33692684077482">
        <ele>45.4</ele>
        <time>2026-07-26T12:41:38.955Z</time>
      </trkpt>
      <trkpt lat="40.07678188495146" lon="116.33691376666287">
        <ele>45.4</ele>
        <time>2026-07-26T12:41:39.955Z</time>
      </trkpt>
      <trkpt lat="40.07675933882925" lon="116.33690323651808">
        <ele>45.4</ele>
        <time>2026-07-26T12:41:40.955Z</time>
      </trkpt>
      <trkpt lat="40.076736553984226" lon="116.33689518894131">
        <ele>45.3</ele>
        <time>2026-07-26T12:41:41.956Z</time>
      </trkpt>
      <trkpt lat="40.07671353842838" lon="116.33688946289287">
        <ele>45.3</ele>
        <time>2026-07-26T12:41:42.955Z</time>
      </trkpt>
      <trkpt lat="40.07669031776241" lon="116.33688615806157">
        <ele>45.3</ele>
        <time>2026-07-26T12:41:43.956Z</time>
      </trkpt>
      <trkpt lat="40.07666691454229" lon="116.33688502472214">
        <ele>45.3</ele>
        <time>2026-07-26T12:41:44.955Z</time>
      </trkpt>
      <trkpt lat="40.0766431932073" lon="116.33688524462168">
        <ele>45.3</ele>
        <time>2026-07-26T12:41:45.956Z</time>
      </trkpt>
      <trkpt lat="40.076619136234314" lon="116.33688635136457">
        <ele>45.3</ele>
        <time>2026-07-26T12:41:46.956Z</time>
      </trkpt>
      <trkpt lat="40.07659498831489" lon="116.3368880521735">
        <ele>45.3</ele>
        <time>2026-07-26T12:41:47.955Z</time>
      </trkpt>
      <trkpt lat="40.076570932758905" lon="116.33688990771614">
        <ele>45.3</ele>
        <time>2026-07-26T12:41:48.955Z</time>
      </trkpt>
      <trkpt lat="40.07654695853304" lon="116.3368913847827">
        <ele>45.3</ele>
        <time>2026-07-26T12:41:49.955Z</time>
      </trkpt>
      <trkpt lat="40.076523130363356" lon="116.33689282238039">
        <ele>45.3</ele>
        <time>2026-07-26T12:41:50.955Z</time>
      </trkpt>
      <trkpt lat="40.07649973317686" lon="116.33689436274562">
        <ele>45.3</ele>
        <time>2026-07-26T12:41:51.955Z</time>
      </trkpt>
      <trkpt lat="40.07647712312887" lon="116.33689574973234">
        <ele>45.3</ele>
        <time>2026-07-26T12:41:52.955Z</time>
      </trkpt>
      <trkpt lat="40.0764550899754" lon="116.3368972999211">
        <ele>45.3</ele>
        <time>2026-07-26T12:41:53.955Z</time>
      </trkpt>
      <trkpt lat="40.0764332610553" lon="116.33689913141188">
        <ele>45.3</ele>
        <time>2026-07-26T12:41:54.955Z</time>
      </trkpt>
      <trkpt lat="40.076411940249876" lon="116.3369009962315">
        <ele>45.3</ele>
        <time>2026-07-26T12:41:55.955Z</time>
      </trkpt>
      <trkpt lat="40.076391327382254" lon="116.33690238808775">
        <ele>45.3</ele>
        <time>2026-07-26T12:41:56.955Z</time>
      </trkpt>
      <trkpt lat="40.07637158315878" lon="116.33690321053825">
        <ele>45.3</ele>
        <time>2026-07-26T12:41:57.955Z</time>
      </trkpt>
      <trkpt lat="40.07635205348209" lon="116.33690357880745">
        <ele>45.3</ele>
        <time>2026-07-26T12:41:58.955Z</time>
      </trkpt>
      <trkpt lat="40.076331873960726" lon="116.33690352172448">
        <ele>45.4</ele>
        <time>2026-07-26T12:41:59.955Z</time>
      </trkpt>
      <trkpt lat="40.07631108626214" lon="116.33690351886153">
        <ele>45.4</ele>
        <time>2026-07-26T12:42:00.955Z</time>
      </trkpt>
      <trkpt lat="40.076289919270195" lon="116.33690377819894">
        <ele>45.4</ele>
        <time>2026-07-26T12:42:01.955Z</time>
      </trkpt>
      <trkpt lat="40.07626865433346" lon="116.33690433461932">
        <ele>45.4</ele>
        <time>2026-07-26T12:42:02.955Z</time>
      </trkpt>
      <trkpt lat="40.076247454724516" lon="116.33690529711542">
        <ele>45.4</ele>
        <time>2026-07-26T12:42:03.956Z</time>
      </trkpt>
      <trkpt lat="40.07622640231592" lon="116.33690605520442">
        <ele>45.4</ele>
        <time>2026-07-26T12:42:04.956Z</time>
      </trkpt>
      <trkpt lat="40.07620538883036" lon="116.33690595241492">
        <ele>45.5</ele>
        <time>2026-07-26T12:42:05.955Z</time>
      </trkpt>
      <trkpt lat="40.07618426345635" lon="116.33690513422212">
        <ele>45.5</ele>
        <time>2026-07-26T12:42:06.956Z</time>
      </trkpt>
      <trkpt lat="40.07616302065122" lon="116.33690398771218">
        <ele>45.6</ele>
        <time>2026-07-26T12:42:07.956Z</time>
      </trkpt>
      <trkpt lat="40.076141830151144" lon="116.33690258397262">
        <ele>45.6</ele>
        <time>2026-07-26T12:42:08.955Z</time>
      </trkpt>
      <trkpt lat="40.07612070533297" lon="116.33690128190744">
        <ele>45.7</ele>
        <time>2026-07-26T12:42:09.955Z</time>
      </trkpt>
      <trkpt lat="40.0760994958356" lon="116.33690009652894">
        <ele>45.7</ele>
        <time>2026-07-26T12:42:10.956Z</time>
      </trkpt>
      <trkpt lat="40.07607807153721" lon="116.33689893553671">
        <ele>45.8</ele>
        <time>2026-07-26T12:42:11.956Z</time>
      </trkpt>
      <trkpt lat="40.076056536686885" lon="116.33689809193402">
        <ele>45.8</ele>
        <time>2026-07-26T12:42:12.955Z</time>
      </trkpt>
      <trkpt lat="40.076035091378905" lon="116.33689731362023">
        <ele>45.9</ele>
        <time>2026-07-26T12:42:13.955Z</time>
      </trkpt>
      <trkpt lat="40.07601376581167" lon="116.33689634976044">
        <ele>45.9</ele>
        <time>2026-07-26T12:42:14.955Z</time>
      </trkpt>
      <trkpt lat="40.075992465533986" lon="116.33689511836272">
        <ele>46.0</ele>
        <time>2026-07-26T12:42:15.955Z</time>
      </trkpt>
      <trkpt lat="40.0759710560656" lon="116.33689395607013">
        <ele>46.0</ele>
        <time>2026-07-26T12:42:16.955Z</time>
      </trkpt>
      <trkpt lat="40.07594953021697" lon="116.3368928486051">
        <ele>46.1</ele>
        <time>2026-07-26T12:42:17.955Z</time>
      </trkpt>
      <trkpt lat="40.07592804876385" lon="116.3368916069587">
        <ele>46.1</ele>
        <time>2026-07-26T12:42:18.955Z</time>
      </trkpt>
      <trkpt lat="40.07590661973508" lon="116.3368905682378">
        <ele>46.2</ele>
        <time>2026-07-26T12:42:19.955Z</time>
      </trkpt>
      <trkpt lat="40.075885185323216" lon="116.33689021622577">
        <ele>46.2</ele>
        <time>2026-07-26T12:42:20.955Z</time>
      </trkpt>
      <trkpt lat="40.0758636262894" lon="116.33689057038642">
        <ele>46.3</ele>
        <time>2026-07-26T12:42:21.955Z</time>
      </trkpt>
      <trkpt lat="40.07584191041908" lon="116.33689127364944">
        <ele>46.4</ele>
        <time>2026-07-26T12:42:22.955Z</time>
      </trkpt>
      <trkpt lat="40.07582021183158" lon="116.3368923314545">
        <ele>46.4</ele>
        <time>2026-07-26T12:42:23.955Z</time>
      </trkpt>
      <trkpt lat="40.075798691569425" lon="116.33689401755936">
        <ele>46.5</ele>
        <time>2026-07-26T12:42:24.955Z</time>
      </trkpt>
      <trkpt lat="40.075777505868736" lon="116.33689742835703">
        <ele>46.5</ele>
        <time>2026-07-26T12:42:25.955Z</time>
      </trkpt>
      <trkpt lat="40.07575685089767" lon="116.33690294543192">
        <ele>46.6</ele>
        <time>2026-07-26T12:42:26.955Z</time>
      </trkpt>
      <trkpt lat="40.07573676102737" lon="116.33691018134274">
        <ele>46.7</ele>
        <time>2026-07-26T12:42:27.955Z</time>
      </trkpt>
      <trkpt lat="40.07571717061075" lon="116.3369192029417">
        <ele>46.7</ele>
        <time>2026-07-26T12:42:28.955Z</time>
      </trkpt>
      <trkpt lat="40.075698075109756" lon="116.33693021064421">
        <ele>46.8</ele>
        <time>2026-07-26T12:42:29.955Z</time>
      </trkpt>
      <trkpt lat="40.075679491736665" lon="116.33694310448594">
        <ele>46.8</ele>
        <time>2026-07-26T12:42:30.955Z</time>
      </trkpt>
      <trkpt lat="40.075661451450905" lon="116.33695750443161">
        <ele>46.9</ele>
        <time>2026-07-26T12:42:31.955Z</time>
      </trkpt>
      <trkpt lat="40.07564402879246" lon="116.33697343691591">
        <ele>46.9</ele>
        <time>2026-07-26T12:42:32.955Z</time>
      </trkpt>
      <trkpt lat="40.07562729603938" lon="116.33699112245901">
        <ele>47.0</ele>
        <time>2026-07-26T12:42:33.955Z</time>
      </trkpt>
      <trkpt lat="40.075611381268125" lon="116.33701068114698">
        <ele>47.0</ele>
        <time>2026-07-26T12:42:34.955Z</time>
      </trkpt>
      <trkpt lat="40.07559632716787" lon="116.33703183838">
        <ele>47.1</ele>
        <time>2026-07-26T12:42:35.955Z</time>
      </trkpt>
      <trkpt lat="40.0755821530351" lon="116.33705433284766">
        <ele>47.1</ele>
        <time>2026-07-26T12:42:36.955Z</time>
      </trkpt>
      <trkpt lat="40.07556893338771" lon="116.33707812457061">
        <ele>47.1</ele>
        <time>2026-07-26T12:42:37.955Z</time>
      </trkpt>
      <trkpt lat="40.075556443054836" lon="116.3371029769989">
        <ele>47.1</ele>
        <time>2026-07-26T12:42:38.955Z</time>
      </trkpt>
      <trkpt lat="40.075544694445725" lon="116.33712883202617">
        <ele>47.2</ele>
        <time>2026-07-26T12:42:39.955Z</time>
      </trkpt>
      <trkpt lat="40.075534148033775" lon="116.33715570199125">
        <ele>47.2</ele>
        <time>2026-07-26T12:42:40.955Z</time>
      </trkpt>
      <trkpt lat="40.075524999303674" lon="116.33718326851991">
        <ele>47.2</ele>
        <time>2026-07-26T12:42:41.955Z</time>
      </trkpt>
      <trkpt lat="40.07551706758864" lon="116.337211113385">
        <ele>47.2</ele>
        <time>2026-07-26T12:42:42.955Z</time>
      </trkpt>
      <trkpt lat="40.07551031403629" lon="116.33723904256894">
        <ele>47.1</ele>
        <time>2026-07-26T12:42:43.955Z</time>
      </trkpt>
      <trkpt lat="40.07550450937256" lon="116.33726732101562">
        <ele>47.1</ele>
        <time>2026-07-26T12:42:44.955Z</time>
      </trkpt>
      <trkpt lat="40.07549952340741" lon="116.33729610846446">
        <ele>47.1</ele>
        <time>2026-07-26T12:42:45.955Z</time>
      </trkpt>
      <trkpt lat="40.07549572349032" lon="116.33732505994911">
        <ele>47.1</ele>
        <time>2026-07-26T12:42:46.955Z</time>
      </trkpt>
      <trkpt lat="40.07549305372015" lon="116.3373540024082">
        <ele>47.1</ele>
        <time>2026-07-26T12:42:47.955Z</time>
      </trkpt>
      <trkpt lat="40.07549129957353" lon="116.3373829966292">
        <ele>47.1</ele>
        <time>2026-07-26T12:42:48.955Z</time>
      </trkpt>
      <trkpt lat="40.075490513331054" lon="116.33741203852088">
        <ele>47.0</ele>
        <time>2026-07-26T12:42:49.955Z</time>
      </trkpt>
      <trkpt lat="40.07549088683305" lon="116.33744082402399">
        <ele>47.0</ele>
        <time>2026-07-26T12:42:50.955Z</time>
      </trkpt>
      <trkpt lat="40.07549266528286" lon="116.33746933307332">
        <ele>47.0</ele>
        <time>2026-07-26T12:42:51.955Z</time>
        <extensions>
          <gpxtpx:TrackPointExtension>
            <gpxtpx:hr>186</gpxtpx:hr>
          </gpxtpx:TrackPointExtension>
        </extensions>
      </trkpt>
      <trkpt lat="40.075495624992264" lon="116.33749801727606">
        <ele>47.0</ele>
        <time>2026-07-26T12:42:52.955Z</time>
        <extensions>
          <gpxtpx:TrackPointExtension>
            <gpxtpx:hr>186</gpxtpx:hr>
          </gpxtpx:TrackPointExtension>
        </extensions>
      </trkpt>
      <trkpt lat="40.07549967304036" lon="116.33752685663482">
        <ele>46.9</ele>
        <time>2026-07-26T12:42:53.955Z</time>
        <extensions>
          <gpxtpx:TrackPointExtension>
            <gpxtpx:hr>186</gpxtpx:hr>
          </gpxtpx:TrackPointExtension>
        </extensions>
      </trkpt>
      <trkpt lat="40.075505185621324" lon="116.33755521284793">
        <ele>46.9</ele>
        <time>2026-07-26T12:42:54.955Z</time>
        <extensions>
          <gpxtpx:TrackPointExtension>
            <gpxtpx:hr>186</gpxtpx:hr>
          </gpxtpx:TrackPointExtension>
        </extensions>
      </trkpt>
      <trkpt lat="40.07551229534221" lon="116.33758251950188">
        <ele>46.9</ele>
        <time>2026-07-26T12:42:55.955Z</time>
        <extensions>
          <gpxtpx:TrackPointExtension>
            <gpxtpx:hr>186</gpxtpx:hr>
          </gpxtpx:TrackPointExtension>
        </extensions>
      </trkpt>
      <trkpt lat="40.07552090687643" lon="116.33760833007737">
        <ele>46.8</ele>
        <time>2026-07-26T12:42:56.955Z</time>
        <extensions>
          <gpxtpx:TrackPointExtension>
            <gpxtpx:hr>186</gpxtpx:hr>
          </gpxtpx:TrackPointExtension>
        </extensions>
      </trkpt>
      <trkpt lat="40.07553111627832" lon="116.33763251601435">
        <ele>46.8</ele>
        <time>2026-07-26T12:42:57.955Z</time>
        <extensions>
          <gpxtpx:TrackPointExtension>
            <gpxtpx:hr>186</gpxtpx:hr>
          </gpxtpx:TrackPointExtension>
        </extensions>
      </trkpt>
      <trkpt lat="40.07554318109964" lon="116.33765507809926">
        <ele>46.8</ele>
        <time>2026-07-26T12:42:58.955Z</time>
        <extensions>
          <gpxtpx:TrackPointExtension>
            <gpxtpx:hr>186</gpxtpx:hr>
          </gpxtpx:TrackPointExtension>
        </extensions>
      </trkpt>
      <trkpt lat="40.075557086188255" lon="116.3376758503657">
        <ele>46.7</ele>
        <time>2026-07-26T12:42:59.955Z</time>
        <extensions>
          <gpxtpx:TrackPointExtension>
            <gpxtpx:hr>186</gpxtpx:hr>
          </gpxtpx:TrackPointExtension>
        </extensions>
      </trkpt>
      <trkpt lat="40.07557211013963" lon="116.3376954089026">
        <ele>46.7</ele>
        <time>2026-07-26T12:43:00.955Z</time>
        <extensions>
          <gpxtpx:TrackPointExtension>
            <gpxtpx:hr>186</gpxtpx:hr>
          </gpxtpx:TrackPointExtension>
        </extensions>
      </trkpt>
      <trkpt lat="40.0755874919446" lon="116.33771469007198">
        <ele>46.7</ele>
        <time>2026-07-26T12:43:01.955Z</time>
        <extensions>
          <gpxtpx:TrackPointExtension>
            <gpxtpx:hr>186</gpxtpx:hr>
          </gpxtpx:TrackPointExtension>
        </extensions>
      </trkpt>
      <trkpt lat="40.07560324325223" lon="116.33773384450689">
        <ele>46.6</ele>
        <time>2026-07-26T12:43:02.955Z</time>
        <extensions>
          <gpxtpx:TrackPointExtension>
            <gpxtpx:hr>186</gpxtpx:hr>
          </gpxtpx:TrackPointExtension>
        </extensions>
      </trkpt>
      <trkpt lat="40.075619920740465" lon="116.33775218421414">
        <ele>46.6</ele>
        <time>2026-07-26T12:43:03.955Z</time>
        <extensions>
          <gpxtpx:TrackPointExtension>
            <gpxtpx:hr>186</gpxtpx:hr>
          </gpxtpx:TrackPointExtension>
        </extensions>
      </trkpt>
      <trkpt lat="40.07563763916058" lon="116.3377691814467">
        <ele>46.6</ele>
        <time>2026-07-26T12:43:04.955Z</time>
        <extensions>
          <gpxtpx:TrackPointExtension>
            <gpxtpx:hr>186</gpxtpx:hr>
          </gpxtpx:TrackPointExtension>
        </extensions>
      </trkpt>
      <trkpt lat="40.07565619164077" lon="116.33778463821304">
        <ele>46.5</ele>
        <time>2026-07-26T12:43:05.955Z</time>
        <extensions>
          <gpxtpx:TrackPointExtension>
            <gpxtpx:hr>186</gpxtpx:hr>
          </gpxtpx:TrackPointExtension>
        </extensions>
      </trkpt>
      <trkpt lat="40.07567561973296" lon="116.33779840161468">
        <ele>46.5</ele>
        <time>2026-07-26T12:43:06.955Z</time>
        <extensions>
          <gpxtpx:TrackPointExtension>
            <gpxtpx:hr>186</gpxtpx:hr>
          </gpxtpx:TrackPointExtension>
        </extensions>
      </trkpt>
      <trkpt lat="40.07569629011012" lon="116.33781055627436">
        <ele>46.5</ele>
        <time>2026-07-26T12:43:07.955Z</time>
        <extensions>
          <gpxtpx:TrackPointExtension>
            <gpxtpx:hr>186</gpxtpx:hr>
          </gpxtpx:TrackPointExtension>
        </extensions>
      </trkpt>
      <trkpt lat="40.07571787557028" lon="116.33782154481736">
        <ele>46.4</ele>
        <time>2026-07-26T12:43:08.955Z</time>
        <extensions>
          <gpxtpx:TrackPointExtension>
            <gpxtpx:hr>186</gpxtpx:hr>
          </gpxtpx:TrackPointExtension>
        </extensions>
      </trkpt>
      <trkpt lat="40.07573959512271" lon="116.33783124567371">
        <ele>46.4</ele>
        <time>2026-07-26T12:43:09.955Z</time>
        <extensions>
          <gpxtpx:TrackPointExtension>
            <gpxtpx:hr>186</gpxtpx:hr>
          </gpxtpx:TrackPointExtension>
        </extensions>
      </trkpt>
      <trkpt lat="40.07576119623588" lon="116.3378390159689">
        <ele>46.4</ele>
        <time>2026-07-26T12:43:10.955Z</time>
        <extensions>
          <gpxtpx:TrackPointExtension>
            <gpxtpx:hr>186</gpxtpx:hr>
          </gpxtpx:TrackPointExtension>
        </extensions>
      </trkpt>
      <trkpt lat="40.07578254012563" lon="116.33784494973168">
        <ele>46.4</ele>
        <time>2026-07-26T12:43:11.955Z</time>
        <extensions>
          <gpxtpx:TrackPointExtension>
            <gpxtpx:hr>186</gpxtpx:hr>
          </gpxtpx:TrackPointExtension>
        </extensions>
      </trkpt>
      <trkpt lat="40.07580356278069" lon="116.3378492187072">
        <ele>46.3</ele>
        <time>2026-07-26T12:43:12.955Z</time>
        <extensions>
          <gpxtpx:TrackPointExtension>
            <gpxtpx:hr>186</gpxtpx:hr>
          </gpxtpx:TrackPointExtension>
        </extensions>
      </trkpt>
      <trkpt lat="40.07582434115796" lon="116.3378517146249">
        <ele>46.3</ele>
        <time>2026-07-26T12:43:13.955Z</time>
        <extensions>
          <gpxtpx:TrackPointExtension>
            <gpxtpx:hr>186</gpxtpx:hr>
          </gpxtpx:TrackPointExtension>
        </extensions>
      </trkpt>
      <trkpt lat="40.0758451201823" lon="116.33785248678676">
        <ele>46.3</ele>
        <time>2026-07-26T12:43:14.954Z</time>
        <extensions>
          <gpxtpx:TrackPointExtension>
            <gpxtpx:hr>186</gpxtpx:hr>
          </gpxtpx:TrackPointExtension>
        </extensions>
      </trkpt>
      <trkpt lat="40.07586615980883" lon="116.33785203443546">
        <ele>46.3</ele>
        <time>2026-07-26T12:43:15.955Z</time>
        <extensions>
          <gpxtpx:TrackPointExtension>
            <gpxtpx:hr>186</gpxtpx:hr>
          </gpxtpx:TrackPointExtension>
        </extensions>
      </trkpt>
      <trkpt lat="40.075887549817004" lon="116.3378512671305">
        <ele>46.3</ele>
        <time>2026-07-26T12:43:16.955Z</time>
        <extensions>
          <gpxtpx:TrackPointExtension>
            <gpxtpx:hr>186</gpxtpx:hr>
          </gpxtpx:TrackPointExtension>
        </extensions>
      </trkpt>
      <trkpt lat="40.07590934636504" lon="116.33785060025627">
        <ele>46.3</ele>
        <time>2026-07-26T12:43:17.955Z</time>
        <extensions>
          <gpxtpx:TrackPointExtension>
            <gpxtpx:hr>186</gpxtpx:hr>
          </gpxtpx:TrackPointExtension>
        </extensions>
      </trkpt>
      <trkpt lat="40.07593146659195" lon="116.33785008766137">
        <ele>46.3</ele>
        <time>2026-07-26T12:43:18.955Z</time>
        <extensions>
          <gpxtpx:TrackPointExtension>
            <gpxtpx:hr>186</gpxtpx:hr>
          </gpxtpx:TrackPointExtension>
        </extensions>
      </trkpt>
      <trkpt lat="40.075953743383096" lon="116.33784971431038">
        <ele>46.3</ele>
        <time>2026-07-26T12:43:19.955Z</time>
        <extensions>
          <gpxtpx:TrackPointExtension>
            <gpxtpx:hr>186</gpxtpx:hr>
          </gpxtpx:TrackPointExtension>
        </extensions>
      </trkpt>
      <trkpt lat="40.07597614652586" lon="116.33784921884255">
        <ele>46.3</ele>
        <time>2026-07-26T12:43:20.955Z</time>
        <extensions>
          <gpxtpx:TrackPointExtension>
            <gpxtpx:hr>186</gpxtpx:hr>
          </gpxtpx:TrackPointExtension>
        </extensions>
      </trkpt>
      <trkpt lat="40.0759985254858" lon="116.3378488939768">
        <ele>46.3</ele>
        <time>2026-07-26T12:43:21.955Z</time>
      </trkpt>
      <trkpt lat="40.07602080267201" lon="116.33784908235897">
        <ele>46.3</ele>
        <time>2026-07-26T12:43:22.955Z</time>
      </trkpt>
      <trkpt lat="40.076043094026936" lon="116.33784983790025">
        <ele>46.3</ele>
        <time>2026-07-26T12:43:23.955Z</time>
      </trkpt>
      <trkpt lat="40.076065420208785" lon="116.33785106481932">
        <ele>46.3</ele>
        <time>2026-07-26T12:43:24.955Z</time>
      </trkpt>
      <trkpt lat="40.07608767245152" lon="116.33785218651994">
        <ele>46.3</ele>
        <time>2026-07-26T12:43:25.955Z</time>
      </trkpt>
      <trkpt lat="40.07610980658328" lon="116.33785227433668">
        <ele>46.3</ele>
        <time>2026-07-26T12:43:26.955Z</time>
      </trkpt>
      <trkpt lat="40.076131684557005" lon="116.33785127028088">
        <ele>46.3</ele>
        <time>2026-07-26T12:43:27.955Z</time>
      </trkpt>
      <trkpt lat="40.07615317972734" lon="116.3378499060659">
        <ele>46.3</ele>
        <time>2026-07-26T12:43:28.955Z</time>
      </trkpt>
      <trkpt lat="40.07617444107595" lon="116.33784874596239">
        <ele>46.3</ele>
        <time>2026-07-26T12:43:29.955Z</time>
      </trkpt>
      <trkpt lat="40.07619565211849" lon="116.33784806264332">
        <ele>46.3</ele>
        <time>2026-07-26T12:43:30.955Z</time>
      </trkpt>
      <trkpt lat="40.076217054315016" lon="116.33784774013856">
        <ele>46.3</ele>
        <time>2026-07-26T12:43:31.955Z</time>
      </trkpt>
      <trkpt lat="40.07623884889499" lon="116.33784758805903">
        <ele>46.3</ele>
        <time>2026-07-26T12:43:32.955Z</time>
      </trkpt>
      <trkpt lat="40.07626104634787" lon="116.33784768214909">
        <ele>46.3</ele>
        <time>2026-07-26T12:43:33.955Z</time>
      </trkpt>
      <trkpt lat="40.07628342481933" lon="116.3378479468911">
        <ele>46.3</ele>
        <time>2026-07-26T12:43:34.955Z</time>
      </trkpt>
      <trkpt lat="40.076305867024836" lon="116.33784797410331">
        <ele>46.3</ele>
        <time>2026-07-26T12:43:35.955Z</time>
      </trkpt>
      <trkpt lat="40.07632821521682" lon="116.33784767916939">
        <ele>46.3</ele>
        <time>2026-07-26T12:43:36.955Z</time>
      </trkpt>
      <trkpt lat="40.07635042336628" lon="116.33784728862786">
        <ele>46.3</ele>
        <time>2026-07-26T12:43:37.955Z</time>
      </trkpt>
      <trkpt lat="40.076372572675425" lon="116.33784707612752">
        <ele>46.3</ele>
        <time>2026-07-26T12:43:38.955Z</time>
      </trkpt>
      <trkpt lat="40.07639472820626" lon="116.33784726681012">
        <ele>46.3</ele>
        <time>2026-07-26T12:43:39.955Z</time>
      </trkpt>
      <trkpt lat="40.07641680538197" lon="116.33784792908101">
        <ele>46.3</ele>
        <time>2026-07-26T12:43:40.955Z</time>
      </trkpt>
      <trkpt lat="40.07643867103031" lon="116.33784879552573">
        <ele>46.3</ele>
        <time>2026-07-26T12:43:41.955Z</time>
      </trkpt>
      <trkpt lat="40.076460305645185" lon="116.33784998853925">
        <ele>46.3</ele>
        <time>2026-07-26T12:43:42.955Z</time>
      </trkpt>
      <trkpt lat="40.07648171159218" lon="116.33785115706064">
        <ele>46.3</ele>
        <time>2026-07-26T12:43:43.955Z</time>
      </trkpt>
      <trkpt lat="40.07650293746347" lon="116.33785185199937">
        <ele>46.3</ele>
        <time>2026-07-26T12:43:44.955Z</time>
      </trkpt>
      <trkpt lat="40.07652407977808" lon="116.33785185184709">
        <ele>46.2</ele>
        <time>2026-07-26T12:43:45.955Z</time>
      </trkpt>
      <trkpt lat="40.07654515744241" lon="116.33785112171572">
        <ele>46.2</ele>
        <time>2026-07-26T12:43:46.954Z</time>
      </trkpt>
      <trkpt lat="40.07656636762316" lon="116.3378499980595">
        <ele>46.2</ele>
        <time>2026-07-26T12:43:47.955Z</time>
      </trkpt>
      <trkpt lat="40.07658803584922" lon="116.33784867917176">
        <ele>46.2</ele>
        <time>2026-07-26T12:43:48.955Z</time>
      </trkpt>
      <trkpt lat="40.076610330548206" lon="116.33784732481371">
        <ele>46.2</ele>
        <time>2026-07-26T12:43:49.955Z</time>
      </trkpt>
      <trkpt lat="40.07663301566233" lon="116.33784616698716">
        <ele>46.2</ele>
        <time>2026-07-26T12:43:50.955Z</time>
      </trkpt>
      <trkpt lat="40.07665573661596" lon="116.33784513421047">
        <ele>46.1</ele>
        <time>2026-07-26T12:43:51.955Z</time>
      </trkpt>
      <trkpt lat="40.07667829088214" lon="116.3378441443934">
        <ele>46.1</ele>
        <time>2026-07-26T12:43:52.954Z</time>
      </trkpt>
      <trkpt lat="40.076700914884945" lon="116.33784280202417">
        <ele>46.1</ele>
        <time>2026-07-26T12:43:53.955Z</time>
      </trkpt>
      <trkpt lat="40.07672366771254" lon="116.33784016460963">
        <ele>46.1</ele>
        <time>2026-07-26T12:43:54.955Z</time>
      </trkpt>
      <trkpt lat="40.07674622943623" lon="116.33783616694325">
        <ele>46.0</ele>
        <time>2026-07-26T12:43:55.955Z</time>
      </trkpt>
      <trkpt lat="40.07676811310382" lon="116.33783008266619">
        <ele>46.0</ele>
        <time>2026-07-26T12:43:56.955Z</time>
      </trkpt>
      <trkpt lat="40.07678908139467" lon="116.33782157270251">
        <ele>46.0</ele>
        <time>2026-07-26T12:43:57.954Z</time>
      </trkpt>
      <trkpt lat="40.076809007797905" lon="116.33781068031294">
        <ele>46.0</ele>
        <time>2026-07-26T12:43:58.955Z</time>
      </trkpt>
      <trkpt lat="40.076827758516615" lon="116.33779723730605">
        <ele>45.9</ele>
        <time>2026-07-26T12:43:59.955Z</time>
      </trkpt>
      <trkpt lat="40.076845737298584" lon="116.33778171138222">
        <ele>45.9</ele>
        <time>2026-07-26T12:44:00.955Z</time>
      </trkpt>
      <trkpt lat="40.076863364377104" lon="116.33776469084417">
        <ele>45.9</ele>
        <time>2026-07-26T12:44:01.955Z</time>
      </trkpt>
      <trkpt lat="40.07688050397696" lon="116.33774607433341">
        <ele>45.8</ele>
        <time>2026-07-26T12:44:02.955Z</time>
      </trkpt>
      <trkpt lat="40.07689691087096" lon="116.33772571715124">
        <ele>45.8</ele>
        <time>2026-07-26T12:44:03.955Z</time>
      </trkpt>
      <trkpt lat="40.07691246854221" lon="116.33770373251433">
        <ele>45.8</ele>
        <time>2026-07-26T12:44:04.955Z</time>
      </trkpt>
      <trkpt lat="40.07692680920771" lon="116.33768003067144">
        <ele>45.7</ele>
        <time>2026-07-26T12:44:05.955Z</time>
      </trkpt>
      <trkpt lat="40.076939657396146" lon="116.33765487362135">
        <ele>45.7</ele>
        <time>2026-07-26T12:44:06.955Z</time>
      </trkpt>
      <trkpt lat="40.07695086735768" lon="116.3376286126875">
        <ele>45.7</ele>
        <time>2026-07-26T12:44:07.955Z</time>
      </trkpt>
      <trkpt lat="40.076960715063" lon="116.33760158307864">
        <ele>45.6</ele>
        <time>2026-07-26T12:44:08.954Z</time>
      </trkpt>
      <trkpt lat="40.07696919754163" lon="116.3375737691223">
        <ele>45.6</ele>
        <time>2026-07-26T12:44:09.955Z</time>
      </trkpt>
      <trkpt lat="40.0769761430601" lon="116.33754530908094">
        <ele>45.6</ele>
        <time>2026-07-26T12:44:10.954Z</time>
      </trkpt>
      <trkpt lat="40.07698191397658" lon="116.3375166411833">
        <ele>45.5</ele>
        <time>2026-07-26T12:44:11.955Z</time>
      </trkpt>
      <trkpt lat="40.07698690511515" lon="116.33748827041745">
        <ele>45.5</ele>
        <time>2026-07-26T12:44:12.955Z</time>
      </trkpt>
      <trkpt lat="40.07699094183347" lon="116.33746033540868">
        <ele>45.5</ele>
        <time>2026-07-26T12:44:13.954Z</time>
      </trkpt>
      <trkpt lat="40.07699411320599" lon="116.33743264855353">
        <ele>45.5</ele>
        <time>2026-07-26T12:44:14.954Z</time>
      </trkpt>
      <trkpt lat="40.076997162057815" lon="116.33740515564239">
        <ele>45.5</ele>
        <time>2026-07-26T12:44:15.955Z</time>
      </trkpt>
      <trkpt lat="40.07700065723713" lon="116.3373781071949">
        <ele>45.4</ele>
        <time>2026-07-26T12:44:16.954Z</time>
      </trkpt>
      <trkpt lat="40.077004027846634" lon="116.33735149098065">
        <ele>45.4</ele>
        <time>2026-07-26T12:44:17.954Z</time>
      </trkpt>
      <trkpt lat="40.07700488566444" lon="116.33732477293584">
        <ele>45.4</ele>
        <time>2026-07-26T12:44:18.954Z</time>
      </trkpt>
      <trkpt lat="40.07700272405373" lon="116.33729778657099">
        <ele>45.4</ele>
        <time>2026-07-26T12:44:19.954Z</time>
      </trkpt>
      <trkpt lat="40.07699849441259" lon="116.33727076520913">
        <ele>45.4</ele>
        <time>2026-07-26T12:44:20.954Z</time>
      </trkpt>
      <trkpt lat="40.0769927974965" lon="116.33724349426761">
        <ele>45.4</ele>
        <time>2026-07-26T12:44:21.955Z</time>
      </trkpt>
      <trkpt lat="40.07698585031757" lon="116.33721605362581">
        <ele>45.4</ele>
        <time>2026-07-26T12:44:22.954Z</time>
      </trkpt>
      <trkpt lat="40.076977116673575" lon="116.33718888302141">
        <ele>45.4</ele>
        <time>2026-07-26T12:44:23.954Z</time>
      </trkpt>
      <trkpt lat="40.07696653793285" lon="116.33716175008107">
        <ele>45.4</ele>
        <time>2026-07-26T12:44:24.955Z</time>
      </trkpt>
      <trkpt lat="40.076954104200695" lon="116.33713504275346">
        <ele>45.4</ele>
        <time>2026-07-26T12:44:25.955Z</time>
      </trkpt>
      <trkpt lat="40.076939881000996" lon="116.3371098010436">
        <ele>45.4</ele>
        <time>2026-07-26T12:44:26.955Z</time>
      </trkpt>
      <trkpt lat="40.07692447843321" lon="116.33708596486758">
        <ele>45.4</ele>
        <time>2026-07-26T12:44:27.954Z</time>
      </trkpt>
      <trkpt lat="40.076908364965384" lon="116.33706332236454">
        <ele>45.4</ele>
        <time>2026-07-26T12:44:28.954Z</time>
      </trkpt>
      <trkpt lat="40.07689148544977" lon="116.33704213813192">
        <ele>45.4</ele>
        <time>2026-07-26T12:44:29.954Z</time>
      </trkpt>
      <trkpt lat="40.07687370969043" lon="116.33702244760167">
        <ele>45.4</ele>
        <time>2026-07-26T12:44:30.955Z</time>
      </trkpt>
      <trkpt lat="40.07685475237348" lon="116.33700421568926">
        <ele>45.4</ele>
        <time>2026-07-26T12:44:31.955Z</time>
      </trkpt>
      <trkpt lat="40.07683486745446" lon="116.33698703662165">
        <ele>45.4</ele>
        <time>2026-07-26T12:44:32.955Z</time>
      </trkpt>
      <trkpt lat="40.07681447730885" lon="116.33697056828913">
        <ele>45.4</ele>
        <time>2026-07-26T12:44:33.954Z</time>
      </trkpt>
      <trkpt lat="40.0767936144238" lon="116.33695522391528">
        <ele>45.4</ele>
        <time>2026-07-26T12:44:34.955Z</time>
      </trkpt>
      <trkpt lat="40.076772301134056" lon="116.33694150073987">
        <ele>45.4</ele>
        <time>2026-07-26T12:44:35.955Z</time>
      </trkpt>
      <trkpt lat="40.07675055637833" lon="116.33692963878717">
        <ele>45.4</ele>
        <time>2026-07-26T12:44:36.954Z</time>
      </trkpt>
      <trkpt lat="40.07672868419021" lon="116.33691881133214">
        <ele>45.4</ele>
        <time>2026-07-26T12:44:37.954Z</time>
      </trkpt>
      <trkpt lat="40.076707063892286" lon="116.33690837867641">
        <ele>45.4</ele>
        <time>2026-07-26T12:44:38.954Z</time>
      </trkpt>
      <trkpt lat="40.07668572808724" lon="116.33689867392727">
        <ele>45.4</ele>
        <time>2026-07-26T12:44:39.955Z</time>
      </trkpt>
      <trkpt lat="40.07666416327433" lon="116.33689147507111">
        <ele>45.4</ele>
        <time>2026-07-26T12:44:40.954Z</time>
      </trkpt>
      <trkpt lat="40.07664196174148" lon="116.336888084292">
        <ele>45.4</ele>
        <time>2026-07-26T12:44:41.955Z</time>
      </trkpt>
      <trkpt lat="40.076619484240936" lon="116.3368877398576">
        <ele>45.4</ele>
        <time>2026-07-26T12:44:42.954Z</time>
      </trkpt>
      <trkpt lat="40.076596938855005" lon="116.33688965049537">
        <ele>45.4</ele>
        <time>2026-07-26T12:44:43.954Z</time>
      </trkpt>
      <trkpt lat="40.076574347426735" lon="116.33689298887766">
        <ele>45.4</ele>
        <time>2026-07-26T12:44:44.954Z</time>
      </trkpt>
      <trkpt lat="40.07655183313252" lon="116.33689703853854">
        <ele>45.4</ele>
        <time>2026-07-26T12:44:45.954Z</time>
      </trkpt>
      <trkpt lat="40.07652958638345" lon="116.33690137083545">
        <ele>45.5</ele>
        <time>2026-07-26T12:44:46.954Z</time>
      </trkpt>
      <trkpt lat="40.076507773696" lon="116.33690531514846">
        <ele>45.5</ele>
        <time>2026-07-26T12:44:47.954Z</time>
      </trkpt>
      <trkpt lat="40.076486391610935" lon="116.33690834677647">
        <ele>45.5</ele>
        <time>2026-07-26T12:44:48.954Z</time>
      </trkpt>
      <trkpt lat="40.076465227031036" lon="116.33691086530845">
        <ele>45.5</ele>
        <time>2026-07-26T12:44:49.955Z</time>
      </trkpt>
      <trkpt lat="40.07644411779064" lon="116.33691295561938">
        <ele>45.5</ele>
        <time>2026-07-26T12:44:50.954Z</time>
      </trkpt>
      <trkpt lat="40.07642287309216" lon="116.33691415601852">
        <ele>45.6</ele>
        <time>2026-07-26T12:44:51.954Z</time>
      </trkpt>
      <trkpt lat="40.076401351607515" lon="116.3369142460899">
        <ele>45.6</ele>
        <time>2026-07-26T12:44:52.954Z</time>
      </trkpt>
      <trkpt lat="40.07637951412956" lon="116.33691364901713">
        <ele>45.6</ele>
        <time>2026-07-26T12:44:53.954Z</time>
      </trkpt>
      <trkpt lat="40.07635735166069" lon="116.33691264164935">
        <ele>45.6</ele>
        <time>2026-07-26T12:44:54.954Z</time>
      </trkpt>
      <trkpt lat="40.076334855629334" lon="116.3369109880895">
        <ele>45.6</ele>
        <time>2026-07-26T12:44:55.955Z</time>
      </trkpt>
      <trkpt lat="40.076312232624645" lon="116.33690896080242">
        <ele>45.7</ele>
        <time>2026-07-26T12:44:56.954Z</time>
      </trkpt>
      <trkpt lat="40.07628971383488" lon="116.33690688065943">
        <ele>45.7</ele>
        <time>2026-07-26T12:44:57.954Z</time>
      </trkpt>
      <trkpt lat="40.07626730645914" lon="116.33690520087428">
        <ele>45.7</ele>
        <time>2026-07-26T12:44:58.954Z</time>
      </trkpt>
      <trkpt lat="40.07624493986929" lon="116.33690413297664">
        <ele>45.7</ele>
        <time>2026-07-26T12:44:59.955Z</time>
      </trkpt>
      <trkpt lat="40.07622261872042" lon="116.33690362506928">
        <ele>45.8</ele>
        <time>2026-07-26T12:45:00.954Z</time>
      </trkpt>
      <trkpt lat="40.076200281148424" lon="116.33690380997538">
        <ele>45.8</ele>
        <time>2026-07-26T12:45:01.954Z</time>
      </trkpt>
      <trkpt lat="40.07617790061072" lon="116.33690431659726">
        <ele>45.8</ele>
        <time>2026-07-26T12:45:02.954Z</time>
      </trkpt>
      <trkpt lat="40.07615540058335" lon="116.33690518930241">
        <ele>45.9</ele>
        <time>2026-07-26T12:45:03.954Z</time>
      </trkpt>
      <trkpt lat="40.07613272401788" lon="116.3369061185481">
        <ele>45.9</ele>
        <time>2026-07-26T12:45:04.954Z</time>
      </trkpt>
      <trkpt lat="40.07610998474459" lon="116.33690678203496">
        <ele>45.9</ele>
        <time>2026-07-26T12:45:05.954Z</time>
      </trkpt>
      <trkpt lat="40.07608735428754" lon="116.33690727927316">
        <ele>46.0</ele>
        <time>2026-07-26T12:45:06.954Z</time>
      </trkpt>
      <trkpt lat="40.07606479073274" lon="116.33690776528783">
        <ele>46.0</ele>
        <time>2026-07-26T12:45:07.954Z</time>
      </trkpt>
      <trkpt lat="40.07604231048915" lon="116.33690821038316">
        <ele>46.0</ele>
        <time>2026-07-26T12:45:08.954Z</time>
      </trkpt>
      <trkpt lat="40.07601994218677" lon="116.33690826288374">
        <ele>46.1</ele>
        <time>2026-07-26T12:45:09.954Z</time>
      </trkpt>
      <trkpt lat="40.075997611950655" lon="116.33690785867265">
        <ele>46.1</ele>
        <time>2026-07-26T12:45:10.954Z</time>
      </trkpt>
      <trkpt lat="40.0759751870622" lon="116.33690689391585">
        <ele>46.1</ele>
        <time>2026-07-26T12:45:11.954Z</time>
      </trkpt>
      <trkpt lat="40.075952716412765" lon="116.33690578453366">
        <ele>46.2</ele>
        <time>2026-07-26T12:45:12.954Z</time>
      </trkpt>
      <trkpt lat="40.07593035275628" lon="116.336905180401">
        <ele>46.2</ele>
        <time>2026-07-26T12:45:13.954Z</time>
      </trkpt>
      <trkpt lat="40.07590816912071" lon="116.33690498985128">
        <ele>46.2</ele>
        <time>2026-07-26T12:45:14.954Z</time>
      </trkpt>
      <trkpt lat="40.07588615549848" lon="116.33690450147142">
        <ele>46.3</ele>
        <time>2026-07-26T12:45:15.954Z</time>
      </trkpt>
      <trkpt lat="40.07586425682831" lon="116.33690342618598">
        <ele>46.3</ele>
        <time>2026-07-26T12:45:16.954Z</time>
      </trkpt>
      <trkpt lat="40.07584248721375" lon="116.33690159993249">
        <ele>46.3</ele>
        <time>2026-07-26T12:45:17.954Z</time>
      </trkpt>
      <trkpt lat="40.075820887382214" lon="116.33689938400605">
        <ele>46.4</ele>
        <time>2026-07-26T12:45:18.954Z</time>
      </trkpt>
      <trkpt lat="40.07579934887905" lon="116.3368979832109">
        <ele>46.4</ele>
        <time>2026-07-26T12:45:19.954Z</time>
      </trkpt>
      <trkpt lat="40.07577763803892" lon="116.33689834470715">
        <ele>46.5</ele>
        <time>2026-07-26T12:45:20.954Z</time>
      </trkpt>
      <trkpt lat="40.07575575672613" lon="116.336900929501">
        <ele>46.5</ele>
        <time>2026-07-26T12:45:21.954Z</time>
      </trkpt>
      <trkpt lat="40.07573403299508" lon="116.33690631031428">
        <ele>46.5</ele>
        <time>2026-07-26T12:45:22.954Z</time>
      </trkpt>
      <trkpt lat="40.075712841947436" lon="116.33691482246005">
        <ele>46.6</ele>
        <time>2026-07-26T12:45:23.954Z</time>
      </trkpt>
      <trkpt lat="40.07569220353265" lon="116.33692604869225">
        <ele>46.6</ele>
        <time>2026-07-26T12:45:24.954Z</time>
      </trkpt>
      <trkpt lat="40.07567207892497" lon="116.33693941206475">
        <ele>46.7</ele>
        <time>2026-07-26T12:45:25.954Z</time>
      </trkpt>
      <trkpt lat="40.07565263246073" lon="116.33695467081532">
        <ele>46.7</ele>
        <time>2026-07-26T12:45:26.954Z</time>
      </trkpt>
      <trkpt lat="40.07563408408306" lon="116.33697181216843">
        <ele>46.7</ele>
        <time>2026-07-26T12:45:27.954Z</time>
      </trkpt>
      <trkpt lat="40.07561649599875" lon="116.33699092372753">
        <ele>46.8</ele>
        <time>2026-07-26T12:45:28.954Z</time>
      </trkpt>
      <trkpt lat="40.07559993704629" lon="116.33701222916709">
        <ele>46.8</ele>
        <time>2026-07-26T12:45:29.954Z</time>
      </trkpt>
      <trkpt lat="40.075584748664454" lon="116.33703590134388">
        <ele>46.9</ele>
        <time>2026-07-26T12:45:30.954Z</time>
      </trkpt>
      <trkpt lat="40.07557106992807" lon="116.33706151560074">
        <ele>46.9</ele>
        <time>2026-07-26T12:45:31.954Z</time>
      </trkpt>
      <trkpt lat="40.075558838037054" lon="116.337088444867">
        <ele>46.9</ele>
        <time>2026-07-26T12:45:32.954Z</time>
      </trkpt>
      <trkpt lat="40.07554748004819" lon="116.33711601863465">
        <ele>46.9</ele>
        <time>2026-07-26T12:45:33.954Z</time>
      </trkpt>
      <trkpt lat="40.075537067306186" lon="116.33714425238192">
        <ele>47.0</ele>
        <time>2026-07-26T12:45:34.954Z</time>
      </trkpt>
      <trkpt lat="40.07552794974184" lon="116.33717335486567">
        <ele>47.0</ele>
        <time>2026-07-26T12:45:35.954Z</time>
      </trkpt>
      <trkpt lat="40.07551980395299" lon="116.33720299801897">
        <ele>47.0</ele>
        <time>2026-07-26T12:45:36.954Z</time>
      </trkpt>
      <trkpt lat="40.075512525879795" lon="116.33723300612017">
        <ele>47.0</ele>
        <time>2026-07-26T12:45:37.954Z</time>
      </trkpt>
      <trkpt lat="40.075506388808385" lon="116.33726325319043">
        <ele>47.0</ele>
        <time>2026-07-26T12:45:38.954Z</time>
      </trkpt>
      <trkpt lat="40.075501068154544" lon="116.3372935416523">
        <ele>47.0</ele>
        <time>2026-07-26T12:45:39.954Z</time>
      </trkpt>
      <trkpt lat="40.07549655696503" lon="116.33732383077174">
        <ele>47.0</ele>
        <time>2026-07-26T12:45:40.954Z</time>
      </trkpt>
      <trkpt lat="40.07549273218514" lon="116.33735414580666">
        <ele>47.0</ele>
        <time>2026-07-26T12:45:41.954Z</time>
      </trkpt>
      <trkpt lat="40.075489613616945" lon="116.33738462714595">
        <ele>47.0</ele>
        <time>2026-07-26T12:45:42.954Z</time>
      </trkpt>
      <trkpt lat="40.07548805488368" lon="116.33741556785735">
        <ele>47.0</ele>
        <time>2026-07-26T12:45:43.954Z</time>
      </trkpt>
      <trkpt lat="40.07548817690466" lon="116.33744683795213">
        <ele>47.0</ele>
        <time>2026-07-26T12:45:44.954Z</time>
      </trkpt>
      <trkpt lat="40.07549034276949" lon="116.33747817114421">
        <ele>47.0</ele>
        <time>2026-07-26T12:45:45.954Z</time>
      </trkpt>
      <trkpt lat="40.075494658547335" lon="116.33750933281428">
        <ele>47.0</ele>
        <time>2026-07-26T12:45:46.954Z</time>
      </trkpt>
      <trkpt lat="40.075500563409626" lon="116.33754020497628">
        <ele>47.0</ele>
        <time>2026-07-26T12:45:47.954Z</time>
      </trkpt>
      <trkpt lat="40.07550785907348" lon="116.33757038800266">
        <ele>47.0</ele>
        <time>2026-07-26T12:45:48.954Z</time>
      </trkpt>
      <trkpt lat="40.075516950068135" lon="116.33759924436859">
        <ele>47.0</ele>
        <time>2026-07-26T12:45:49.954Z</time>
      </trkpt>
      <trkpt lat="40.075527656669564" lon="116.33762633756879">
        <ele>46.9</ele>
        <time>2026-07-26T12:45:50.954Z</time>
      </trkpt>
      <trkpt lat="40.07553959875694" lon="116.33765144454549">
        <ele>46.9</ele>
        <time>2026-07-26T12:45:51.954Z</time>
      </trkpt>
      <trkpt lat="40.07555272188303" lon="116.33767459211901">
        <ele>46.9</ele>
        <time>2026-07-26T12:45:52.954Z</time>
      </trkpt>
      <trkpt lat="40.07556697463784" lon="116.33769620246136">
        <ele>46.9</ele>
        <time>2026-07-26T12:45:53.954Z</time>
      </trkpt>
      <trkpt lat="40.07558221111668" lon="116.33771652950418">
        <ele>46.8</ele>
        <time>2026-07-26T12:45:54.954Z</time>
      </trkpt>
      <trkpt lat="40.07559832268964" lon="116.33773589046584">
        <ele>46.8</ele>
        <time>2026-07-26T12:45:55.954Z</time>
      </trkpt>
      <trkpt lat="40.07561546036285" lon="116.33775436030956">
        <ele>46.7</ele>
        <time>2026-07-26T12:45:56.954Z</time>
      </trkpt>
      <trkpt lat="40.07563370473689" lon="116.3377714546696">
        <ele>46.7</ele>
        <time>2026-07-26T12:45:57.954Z</time>
      </trkpt>
      <trkpt lat="40.0756528636665" lon="116.33778646858067">
        <ele>46.7</ele>
        <time>2026-07-26T12:45:58.954Z</time>
      </trkpt>
      <trkpt lat="40.07567282934083" lon="116.33779925131793">
        <ele>46.6</ele>
        <time>2026-07-26T12:45:59.954Z</time>
      </trkpt>
      <trkpt lat="40.07569348171888" lon="116.33781020937997">
        <ele>46.6</ele>
        <time>2026-07-26T12:46:00.954Z</time>
      </trkpt>
      <trkpt lat="40.07571491459328" lon="116.33781974217526">
        <ele>46.6</ele>
        <time>2026-07-26T12:46:01.954Z</time>
      </trkpt>
      <trkpt lat="40.075736943011776" lon="116.33782810949425">
        <ele>46.5</ele>
        <time>2026-07-26T12:46:02.954Z</time>
      </trkpt>
      <trkpt lat="40.07575917981883" lon="116.33783521992865">
        <ele>46.5</ele>
        <time>2026-07-26T12:46:03.954Z</time>
      </trkpt>
      <trkpt lat="40.07578130458517" lon="116.33784143575525">
        <ele>46.5</ele>
        <time>2026-07-26T12:46:04.954Z</time>
      </trkpt>
      <trkpt lat="40.075803228869916" lon="116.3378466152411">
        <ele>46.4</ele>
        <time>2026-07-26T12:46:05.953Z</time>
      </trkpt>
      <trkpt lat="40.07582498287717" lon="116.33785087698499">
        <ele>46.4</ele>
        <time>2026-07-26T12:46:06.954Z</time>
      </trkpt>
      <trkpt lat="40.07584668546058" lon="116.33785394835637">
        <ele>46.4</ele>
        <time>2026-07-26T12:46:07.954Z</time>
      </trkpt>
      <trkpt lat="40.075868684389626" lon="116.33785481125696">
        <ele>46.4</ele>
        <time>2026-07-26T12:46:08.954Z</time>
      </trkpt>
      <trkpt lat="40.07589110626268" lon="116.33785397203341">
        <ele>46.3</ele>
        <time>2026-07-26T12:46:09.954Z</time>
      </trkpt>
      <trkpt lat="40.075913965541645" lon="116.33785244841073">
        <ele>46.3</ele>
        <time>2026-07-26T12:46:10.954Z</time>
      </trkpt>
      <trkpt lat="40.075937257424805" lon="116.33785097464734">
        <ele>46.3</ele>
        <time>2026-07-26T12:46:11.954Z</time>
      </trkpt>
      <trkpt lat="40.075960868441115" lon="116.33784948544837">
        <ele>46.3</ele>
        <time>2026-07-26T12:46:12.954Z</time>
      </trkpt>
      <trkpt lat="40.075984523014476" lon="116.3378479156169">
        <ele>46.2</ele>
        <time>2026-07-26T12:46:13.954Z</time>
      </trkpt>
      <trkpt lat="40.07600796643144" lon="116.33784685372781">
        <ele>46.2</ele>
        <time>2026-07-26T12:46:14.954Z</time>
      </trkpt>
      <trkpt lat="40.07603108708513" lon="116.3378462365398">
        <ele>46.2</ele>
        <time>2026-07-26T12:46:15.954Z</time>
      </trkpt>
      <trkpt lat="40.076053757740816" lon="116.33784600124368">
        <ele>46.2</ele>
        <time>2026-07-26T12:46:16.954Z</time>
      </trkpt>
      <trkpt lat="40.07607587963664" lon="116.3378459268908">
        <ele>46.2</ele>
        <time>2026-07-26T12:46:17.954Z</time>
      </trkpt>
      <trkpt lat="40.0760974008921" lon="116.33784540109028">
        <ele>46.2</ele>
        <time>2026-07-26T12:46:18.954Z</time>
      </trkpt>
      <trkpt lat="40.07611862887233" lon="116.33784460177355">
        <ele>46.1</ele>
        <time>2026-07-26T12:46:19.954Z</time>
      </trkpt>
      <trkpt lat="40.076139946340724" lon="116.3378439066543">
        <ele>46.1</ele>
        <time>2026-07-26T12:46:20.954Z</time>
      </trkpt>
      <trkpt lat="40.07616126575426" lon="116.33784363628605">
        <ele>46.1</ele>
        <time>2026-07-26T12:46:21.954Z</time>
      </trkpt>
      <trkpt lat="40.076182506731364" lon="116.33784381146536">
        <ele>46.1</ele>
        <time>2026-07-26T12:46:22.954Z</time>
      </trkpt>
      <trkpt lat="40.07620370697611" lon="116.33784380154414">
        <ele>46.1</ele>
        <time>2026-07-26T12:46:23.954Z</time>
      </trkpt>
      <trkpt lat="40.07622498823347" lon="116.33784346380551">
        <ele>46.0</ele>
        <time>2026-07-26T12:46:24.954Z</time>
      </trkpt>
      <trkpt lat="40.07624637873423" lon="116.33784381096388">
        <ele>46.0</ele>
        <time>2026-07-26T12:46:25.954Z</time>
      </trkpt>
      <trkpt lat="40.076267931812225" lon="116.33784462216083">
        <ele>46.0</ele>
        <time>2026-07-26T12:46:26.954Z</time>
      </trkpt>
      <trkpt lat="40.076289798916555" lon="116.3378452603288">
        <ele>46.0</ele>
        <time>2026-07-26T12:46:27.954Z</time>
      </trkpt>
      <trkpt lat="40.07631193331045" lon="116.33784547719112">
        <ele>46.0</ele>
        <time>2026-07-26T12:46:28.954Z</time>
      </trkpt>
      <trkpt lat="40.076334164010156" lon="116.33784515555016">
        <ele>46.0</ele>
        <time>2026-07-26T12:46:29.954Z</time>
      </trkpt>
      <trkpt lat="40.076356404866594" lon="116.33784431674616">
        <ele>46.0</ele>
        <time>2026-07-26T12:46:30.953Z</time>
      </trkpt>
      <trkpt lat="40.076378624626926" lon="116.33784295653598">
        <ele>46.0</ele>
        <time>2026-07-26T12:46:31.954Z</time>
      </trkpt>
      <trkpt lat="40.076400770977955" lon="116.33784133204175">
        <ele>46.0</ele>
        <time>2026-07-26T12:46:32.954Z</time>
      </trkpt>
      <trkpt lat="40.07642283819131" lon="116.33784019942559">
        <ele>46.0</ele>
        <time>2026-07-26T12:46:33.954Z</time>
      </trkpt>
      <trkpt lat="40.07644482910954" lon="116.33783985500742">
        <ele>45.9</ele>
        <time>2026-07-26T12:46:34.954Z</time>
      </trkpt>
      <trkpt lat="40.07646662610033" lon="116.33783994789081">
        <ele>45.9</ele>
        <time>2026-07-26T12:46:35.954Z</time>
      </trkpt>
      <trkpt lat="40.076488089984025" lon="116.33783995182459">
        <ele>45.9</ele>
        <time>2026-07-26T12:46:36.954Z</time>
      </trkpt>
      <trkpt lat="40.07650912772353" lon="116.33784010996126">
        <ele>45.9</ele>
        <time>2026-07-26T12:46:37.954Z</time>
      </trkpt>
      <trkpt lat="40.076529851464095" lon="116.33784037981106">
        <ele>45.9</ele>
        <time>2026-07-26T12:46:38.953Z</time>
      </trkpt>
      <trkpt lat="40.07655067513272" lon="116.33784046233451">
        <ele>45.9</ele>
        <time>2026-07-26T12:46:39.954Z</time>
      </trkpt>
      <trkpt lat="40.076571849268284" lon="116.33784054639194">
        <ele>45.9</ele>
        <time>2026-07-26T12:46:40.954Z</time>
      </trkpt>
      <trkpt lat="40.07659346607713" lon="116.33784021848639">
        <ele>45.8</ele>
        <time>2026-07-26T12:46:41.954Z</time>
      </trkpt>
      <trkpt lat="40.07661558262942" lon="116.33783964340873">
        <ele>45.8</ele>
        <time>2026-07-26T12:46:42.954Z</time>
      </trkpt>
      <trkpt lat="40.07663822553294" lon="116.33783898408167">
        <ele>45.8</ele>
        <time>2026-07-26T12:46:43.954Z</time>
      </trkpt>
      <trkpt lat="40.07666130662865" lon="116.33783767141217">
        <ele>45.8</ele>
        <time>2026-07-26T12:46:44.954Z</time>
      </trkpt>
      <trkpt lat="40.07668464611751" lon="116.33783481549915">
        <ele>45.7</ele>
        <time>2026-07-26T12:46:45.954Z</time>
      </trkpt>
      <trkpt lat="40.0767079366933" lon="116.33782982699097">
        <ele>45.7</ele>
        <time>2026-07-26T12:46:46.954Z</time>
      </trkpt>
      <trkpt lat="40.076730819669876" lon="116.33782238112869">
        <ele>45.7</ele>
        <time>2026-07-26T12:46:47.954Z</time>
      </trkpt>
      <trkpt lat="40.07675317491242" lon="116.33781266633474">
        <ele>45.7</ele>
        <time>2026-07-26T12:46:48.954Z</time>
      </trkpt>
      <trkpt lat="40.07677522854451" lon="116.33780129102729">
        <ele>45.6</ele>
        <time>2026-07-26T12:46:49.954Z</time>
      </trkpt>
      <trkpt lat="40.07679699896202" lon="116.33778850343668">
        <ele>45.6</ele>
        <time>2026-07-26T12:46:50.954Z</time>
      </trkpt>
      <trkpt lat="40.07681829339877" lon="116.33777399880998">
        <ele>45.6</ele>
        <time>2026-07-26T12:46:51.953Z</time>
      </trkpt>
      <trkpt lat="40.07683894907715" lon="116.33775770511261">
        <ele>45.6</ele>
        <time>2026-07-26T12:46:52.954Z</time>
      </trkpt>
      <trkpt lat="40.076858747914926" lon="116.33773990801481">
        <ele>45.6</ele>
        <time>2026-07-26T12:46:53.954Z</time>
      </trkpt>
      <trkpt lat="40.07687722503299" lon="116.33772021987028">
        <ele>45.5</ele>
        <time>2026-07-26T12:46:54.954Z</time>
      </trkpt>
      <trkpt lat="40.076893991110154" lon="116.3376983365724">
        <ele>45.5</ele>
        <time>2026-07-26T12:46:55.954Z</time>
      </trkpt>
      <trkpt lat="40.07690937561913" lon="116.33767494187082">
        <ele>45.5</ele>
        <time>2026-07-26T12:46:56.954Z</time>
      </trkpt>
      <trkpt lat="40.076923656095666" lon="116.33765044208197">
        <ele>45.5</ele>
        <time>2026-07-26T12:46:57.954Z</time>
      </trkpt>
      <trkpt lat="40.07693697494804" lon="116.33762506829113">
        <ele>45.5</ele>
        <time>2026-07-26T12:46:58.954Z</time>
      </trkpt>
      <trkpt lat="40.07694914864365" lon="116.33759871739576">
        <ele>45.5</ele>
        <time>2026-07-26T12:46:59.954Z</time>
      </trkpt>
      <trkpt lat="40.07695999708983" lon="116.33757095452492">
        <ele>45.5</ele>
        <time>2026-07-26T12:47:00.954Z</time>
      </trkpt>
      <trkpt lat="40.07696994070179" lon="116.33754207086156">
        <ele>45.5</ele>
        <time>2026-07-26T12:47:01.954Z</time>
      </trkpt>
      <trkpt lat="40.07697883475043" lon="116.33751239147007">
        <ele>45.4</ele>
        <time>2026-07-26T12:47:02.954Z</time>
      </trkpt>
      <trkpt lat="40.07698607294159" lon="116.33748194241271">
        <ele>45.4</ele>
        <time>2026-07-26T12:47:03.953Z</time>
      </trkpt>
      <trkpt lat="40.07699158091283" lon="116.33745091863115">
        <ele>45.5</ele>
        <time>2026-07-26T12:47:04.953Z</time>
      </trkpt>
      <trkpt lat="40.07699539540423" lon="116.33741962900012">
        <ele>45.5</ele>
        <time>2026-07-26T12:47:05.954Z</time>
      </trkpt>
      <trkpt lat="40.07699761467819" lon="116.33738846300353">
        <ele>45.5</ele>
        <time>2026-07-26T12:47:06.954Z</time>
      </trkpt>
      <trkpt lat="40.076998318748046" lon="116.33735776351818">
        <ele>45.5</ele>
        <time>2026-07-26T12:47:07.954Z</time>
      </trkpt>
      <trkpt lat="40.076997471464146" lon="116.33732754735543">
        <ele>45.5</ele>
        <time>2026-07-26T12:47:08.954Z</time>
      </trkpt>
      <trkpt lat="40.07699506874586" lon="116.33729755276171">
        <ele>45.5</ele>
        <time>2026-07-26T12:47:09.954Z</time>
      </trkpt>
      <trkpt lat="40.07699121001815" lon="116.33726760771384">
        <ele>45.5</ele>
        <time>2026-07-26T12:47:10.954Z</time>
      </trkpt>
      <trkpt lat="40.07698586111069" lon="116.33723799134638">
        <ele>45.5</ele>
        <time>2026-07-26T12:47:11.954Z</time>
      </trkpt>
      <trkpt lat="40.07697880424157" lon="116.3372089536269">
        <ele>45.5</ele>
        <time>2026-07-26T12:47:12.954Z</time>
      </trkpt>
      <trkpt lat="40.07697025247116" lon="116.3371805197908">
        <ele>45.5</ele>
        <time>2026-07-26T12:47:13.953Z</time>
      </trkpt>
      <trkpt lat="40.07696045305581" lon="116.3371527005144">
        <ele>45.5</ele>
        <time>2026-07-26T12:47:14.954Z</time>
      </trkpt>
      <trkpt lat="40.0769493474799" lon="116.33712559538704">
        <ele>45.5</ele>
        <time>2026-07-26T12:47:15.954Z</time>
      </trkpt>
      <trkpt lat="40.076937063433945" lon="116.33709917980141">
        <ele>45.5</ele>
        <time>2026-07-26T12:47:16.954Z</time>
      </trkpt>
      <trkpt lat="40.07692383619638" lon="116.3370732128478">
        <ele>45.4</ele>
        <time>2026-07-26T12:47:17.953Z</time>
      </trkpt>
      <trkpt lat="40.076909680661835" lon="116.33704737875021">
        <ele>45.4</ele>
        <time>2026-07-26T12:47:18.953Z</time>
      </trkpt>
      <trkpt lat="40.076894414155674" lon="116.33702190353885">
        <ele>45.4</ele>
        <time>2026-07-26T12:47:19.953Z</time>
      </trkpt>
      <trkpt lat="40.076878039222855" lon="116.33699704467689">
        <ele>45.4</ele>
        <time>2026-07-26T12:47:20.953Z</time>
      </trkpt>
      <trkpt lat="40.07686064644938" lon="116.33697336764043">
        <ele>45.4</ele>
        <time>2026-07-26T12:47:21.953Z</time>
      </trkpt>
      <trkpt lat="40.07684216922007" lon="116.3369516002599">
        <ele>45.4</ele>
        <time>2026-07-26T12:47:22.953Z</time>
      </trkpt>
      <trkpt lat="40.07682280472666" lon="116.33693216341975">
        <ele>45.4</ele>
        <time>2026-07-26T12:47:23.953Z</time>
      </trkpt>
      <trkpt lat="40.076802597309936" lon="116.33691516254648">
        <ele>45.4</ele>
        <time>2026-07-26T12:47:24.953Z</time>
      </trkpt>
      <trkpt lat="40.07678146304393" lon="116.33690067836267">
        <ele>45.4</ele>
        <time>2026-07-26T12:47:25.953Z</time>
      </trkpt>
      <trkpt lat="40.07675928885802" lon="116.33688879597169">
        <ele>45.4</ele>
        <time>2026-07-26T12:47:26.953Z</time>
      </trkpt>
      <trkpt lat="40.0767361856481" lon="116.33687941916988">
        <ele>45.4</ele>
        <time>2026-07-26T12:47:27.953Z</time>
      </trkpt>
      <trkpt lat="40.0767122353348" lon="116.33687254629399">
        <ele>45.4</ele>
        <time>2026-07-26T12:47:28.953Z</time>
      </trkpt>
      <trkpt lat="40.07668769468113" lon="116.33686790907404">
        <ele>45.4</ele>
        <time>2026-07-26T12:47:29.953Z</time>
      </trkpt>
      <trkpt lat="40.07666289180451" lon="116.33686523921311">
        <ele>45.4</ele>
        <time>2026-07-26T12:47:30.953Z</time>
      </trkpt>
      <trkpt lat="40.07663806424437" lon="116.3368642145487">
        <ele>45.4</ele>
        <time>2026-07-26T12:47:31.953Z</time>
      </trkpt>
      <trkpt lat="40.07661338389551" lon="116.3368647124482">
        <ele>45.4</ele>
        <time>2026-07-26T12:47:32.953Z</time>
      </trkpt>
      <trkpt lat="40.07658885712871" lon="116.33686680132975">
        <ele>45.4</ele>
        <time>2026-07-26T12:47:33.953Z</time>
      </trkpt>
      <trkpt lat="40.076564390771956" lon="116.33687015777623">
        <ele>45.5</ele>
        <time>2026-07-26T12:47:34.954Z</time>
      </trkpt>
      <trkpt lat="40.07653993991402" lon="116.33687450429296">
        <ele>45.5</ele>
        <time>2026-07-26T12:47:35.954Z</time>
      </trkpt>
      <trkpt lat="40.0765156165575" lon="116.33687958690388">
        <ele>45.5</ele>
        <time>2026-07-26T12:47:36.953Z</time>
      </trkpt>
      <trkpt lat="40.07649152170133" lon="116.33688524433231">
        <ele>45.5</ele>
        <time>2026-07-26T12:47:37.953Z</time>
      </trkpt>
      <trkpt lat="40.07646776227169" lon="116.3368908031165">
        <ele>45.5</ele>
        <time>2026-07-26T12:47:38.953Z</time>
      </trkpt>
      <trkpt lat="40.07644435489614" lon="116.33689569130061">
        <ele>45.6</ele>
        <time>2026-07-26T12:47:39.953Z</time>
      </trkpt>
      <trkpt lat="40.076421183621136" lon="116.33689988125312">
        <ele>45.6</ele>
        <time>2026-07-26T12:47:40.953Z</time>
      </trkpt>
      <trkpt lat="40.07639813128123" lon="116.33690343222246">
        <ele>45.6</ele>
        <time>2026-07-26T12:47:41.954Z</time>
      </trkpt>
      <trkpt lat="40.07637510127879" lon="116.33690620418959">
        <ele>45.6</ele>
        <time>2026-07-26T12:47:42.953Z</time>
      </trkpt>
      <trkpt lat="40.07635195515986" lon="116.336907877775">
        <ele>45.6</ele>
        <time>2026-07-26T12:47:43.954Z</time>
      </trkpt>
      <trkpt lat="40.07632862495315" lon="116.33690859488418">
        <ele>45.6</ele>
        <time>2026-07-26T12:47:44.953Z</time>
      </trkpt>
      <trkpt lat="40.076305114540055" lon="116.33690824605657">
        <ele>45.6</ele>
        <time>2026-07-26T12:47:45.953Z</time>
      </trkpt>
      <trkpt lat="40.07628150311442" lon="116.33690704768318">
        <ele>45.7</ele>
        <time>2026-07-26T12:47:46.953Z</time>
      </trkpt>
      <trkpt lat="40.07625785372305" lon="116.33690577274804">
        <ele>45.7</ele>
        <time>2026-07-26T12:47:47.953Z</time>
      </trkpt>
      <trkpt lat="40.076234178012804" lon="116.33690454766086">
        <ele>45.7</ele>
        <time>2026-07-26T12:47:48.953Z</time>
      </trkpt>
      <trkpt lat="40.07621041455472" lon="116.33690359158032">
        <ele>45.7</ele>
        <time>2026-07-26T12:47:49.953Z</time>
      </trkpt>
      <trkpt lat="40.07618664204631" lon="116.33690332939314">
        <ele>45.7</ele>
        <time>2026-07-26T12:47:50.953Z</time>
      </trkpt>
      <trkpt lat="40.07616306798906" lon="116.3369033594827">
        <ele>45.7</ele>
        <time>2026-07-26T12:47:51.954Z</time>
      </trkpt>
      <trkpt lat="40.07613984766938" lon="116.33690310190325">
        <ele>45.7</ele>
        <time>2026-07-26T12:47:52.953Z</time>
        <extensions>
          <gpxtpx:TrackPointExtension>
            <gpxtpx:hr>192</gpxtpx:hr>
          </gpxtpx:TrackPointExtension>
        </extensions>
      </trkpt>
      <trkpt lat="40.076116976603345" lon="116.33690258895324">
        <ele>45.7</ele>
        <time>2026-07-26T12:47:53.953Z</time>
        <extensions>
          <gpxtpx:TrackPointExtension>
            <gpxtpx:hr>192</gpxtpx:hr>
          </gpxtpx:TrackPointExtension>
        </extensions>
      </trkpt>
      <trkpt lat="40.0760945026141" lon="116.33690204534861">
        <ele>45.8</ele>
        <time>2026-07-26T12:47:54.953Z</time>
        <extensions>
          <gpxtpx:TrackPointExtension>
            <gpxtpx:hr>192</gpxtpx:hr>
          </gpxtpx:TrackPointExtension>
        </extensions>
      </trkpt>
      <trkpt lat="40.07607231262312" lon="116.33690167236564">
        <ele>45.8</ele>
        <time>2026-07-26T12:47:55.953Z</time>
        <extensions>
          <gpxtpx:TrackPointExtension>
            <gpxtpx:hr>192</gpxtpx:hr>
          </gpxtpx:TrackPointExtension>
        </extensions>
      </trkpt>
      <trkpt lat="40.07605030141242" lon="116.3369013044256">
        <ele>45.8</ele>
        <time>2026-07-26T12:47:56.953Z</time>
        <extensions>
          <gpxtpx:TrackPointExtension>
            <gpxtpx:hr>192</gpxtpx:hr>
          </gpxtpx:TrackPointExtension>
        </extensions>
      </trkpt>
      <trkpt lat="40.07602838489597" lon="116.33690072828091">
        <ele>45.8</ele>
        <time>2026-07-26T12:47:57.953Z</time>
        <extensions>
          <gpxtpx:TrackPointExtension>
            <gpxtpx:hr>192</gpxtpx:hr>
          </gpxtpx:TrackPointExtension>
        </extensions>
      </trkpt>
      <trkpt lat="40.07600644567552" lon="116.3369004209885">
        <ele>45.8</ele>
        <time>2026-07-26T12:47:58.953Z</time>
        <extensions>
          <gpxtpx:TrackPointExtension>
            <gpxtpx:hr>192</gpxtpx:hr>
          </gpxtpx:TrackPointExtension>
        </extensions>
      </trkpt>
      <trkpt lat="40.07598439848647" lon="116.3369002903879">
        <ele>45.9</ele>
        <time>2026-07-26T12:47:59.953Z</time>
        <extensions>
          <gpxtpx:TrackPointExtension>
            <gpxtpx:hr>192</gpxtpx:hr>
          </gpxtpx:TrackPointExtension>
        </extensions>
      </trkpt>
      <trkpt lat="40.07596225684426" lon="116.33689973257596">
        <ele>45.9</ele>
        <time>2026-07-26T12:48:00.953Z</time>
        <extensions>
          <gpxtpx:TrackPointExtension>
            <gpxtpx:hr>192</gpxtpx:hr>
          </gpxtpx:TrackPointExtension>
        </extensions>
      </trkpt>
      <trkpt lat="40.075940089712304" lon="116.33689841733045">
        <ele>45.9</ele>
        <time>2026-07-26T12:48:01.953Z</time>
        <extensions>
          <gpxtpx:TrackPointExtension>
            <gpxtpx:hr>192</gpxtpx:hr>
          </gpxtpx:TrackPointExtension>
        </extensions>
      </trkpt>
      <trkpt lat="40.07591782701289" lon="116.33689666115099">
        <ele>46.0</ele>
        <time>2026-07-26T12:48:02.953Z</time>
        <extensions>
          <gpxtpx:TrackPointExtension>
            <gpxtpx:hr>192</gpxtpx:hr>
          </gpxtpx:TrackPointExtension>
        </extensions>
      </trkpt>
      <trkpt lat="40.07589544558464" lon="116.3368956009823">
        <ele>46.0</ele>
        <time>2026-07-26T12:48:03.953Z</time>
        <extensions>
          <gpxtpx:TrackPointExtension>
            <gpxtpx:hr>192</gpxtpx:hr>
          </gpxtpx:TrackPointExtension>
        </extensions>
      </trkpt>
      <trkpt lat="40.07587298757448" lon="116.3368954255009">
        <ele>46.0</ele>
        <time>2026-07-26T12:48:04.953Z</time>
        <extensions>
          <gpxtpx:TrackPointExtension>
            <gpxtpx:hr>192</gpxtpx:hr>
          </gpxtpx:TrackPointExtension>
        </extensions>
      </trkpt>
      <trkpt lat="40.07585048838262" lon="116.33689568930473">
        <ele>46.1</ele>
        <time>2026-07-26T12:48:05.953Z</time>
        <extensions>
          <gpxtpx:TrackPointExtension>
            <gpxtpx:hr>192</gpxtpx:hr>
          </gpxtpx:TrackPointExtension>
        </extensions>
      </trkpt>
      <trkpt lat="40.075828062429956" lon="116.33689638275325">
        <ele>46.1</ele>
        <time>2026-07-26T12:48:06.953Z</time>
        <extensions>
          <gpxtpx:TrackPointExtension>
            <gpxtpx:hr>192</gpxtpx:hr>
          </gpxtpx:TrackPointExtension>
        </extensions>
      </trkpt>
      <trkpt lat="40.075805799047764" lon="116.3368978588784">
        <ele>46.2</ele>
        <time>2026-07-26T12:48:07.953Z</time>
        <extensions>
          <gpxtpx:TrackPointExtension>
            <gpxtpx:hr>192</gpxtpx:hr>
          </gpxtpx:TrackPointExtension>
        </extensions>
      </trkpt>
      <trkpt lat="40.07578378724933" lon="116.33690061761038">
        <ele>46.2</ele>
        <time>2026-07-26T12:48:08.953Z</time>
        <extensions>
          <gpxtpx:TrackPointExtension>
            <gpxtpx:hr>192</gpxtpx:hr>
          </gpxtpx:TrackPointExtension>
        </extensions>
      </trkpt>
      <trkpt lat="40.07576219964911" lon="116.33690472441398">
        <ele>46.2</ele>
        <time>2026-07-26T12:48:09.953Z</time>
        <extensions>
          <gpxtpx:TrackPointExtension>
            <gpxtpx:hr>192</gpxtpx:hr>
          </gpxtpx:TrackPointExtension>
        </extensions>
      </trkpt>
      <trkpt lat="40.07574125426568" lon="116.33691069240287">
        <ele>46.3</ele>
        <time>2026-07-26T12:48:10.953Z</time>
        <extensions>
          <gpxtpx:TrackPointExtension>
            <gpxtpx:hr>192</gpxtpx:hr>
          </gpxtpx:TrackPointExtension>
        </extensions>
      </trkpt>
      <trkpt lat="40.07572098291894" lon="116.3369189308111">
        <ele>46.3</ele>
        <time>2026-07-26T12:48:11.953Z</time>
        <extensions>
          <gpxtpx:TrackPointExtension>
            <gpxtpx:hr>192</gpxtpx:hr>
          </gpxtpx:TrackPointExtension>
        </extensions>
      </trkpt>
      <trkpt lat="40.07570120240445" lon="116.33692913511541">
        <ele>46.4</ele>
        <time>2026-07-26T12:48:12.953Z</time>
        <extensions>
          <gpxtpx:TrackPointExtension>
            <gpxtpx:hr>192</gpxtpx:hr>
          </gpxtpx:TrackPointExtension>
        </extensions>
      </trkpt>
      <trkpt lat="40.07568179363256" lon="116.33694129343047">
        <ele>46.4</ele>
        <time>2026-07-26T12:48:13.953Z</time>
        <extensions>
          <gpxtpx:TrackPointExtension>
            <gpxtpx:hr>192</gpxtpx:hr>
          </gpxtpx:TrackPointExtension>
        </extensions>
      </trkpt>
      <trkpt lat="40.075662608765825" lon="116.3369553366689">
        <ele>46.4</ele>
        <time>2026-07-26T12:48:14.953Z</time>
        <extensions>
          <gpxtpx:TrackPointExtension>
            <gpxtpx:hr>192</gpxtpx:hr>
          </gpxtpx:TrackPointExtension>
        </extensions>
      </trkpt>
      <trkpt lat="40.07564383715268" lon="116.3369712562536">
        <ele>46.5</ele>
        <time>2026-07-26T12:48:15.953Z</time>
        <extensions>
          <gpxtpx:TrackPointExtension>
            <gpxtpx:hr>192</gpxtpx:hr>
          </gpxtpx:TrackPointExtension>
        </extensions>
      </trkpt>
      <trkpt lat="40.075625798072885" lon="116.3369892047777">
        <ele>46.5</ele>
        <time>2026-07-26T12:48:16.953Z</time>
        <extensions>
          <gpxtpx:TrackPointExtension>
            <gpxtpx:hr>192</gpxtpx:hr>
          </gpxtpx:TrackPointExtension>
        </extensions>
      </trkpt>
      <trkpt lat="40.07560842954321" lon="116.3370089116006">
        <ele>46.5</ele>
        <time>2026-07-26T12:48:17.953Z</time>
        <extensions>
          <gpxtpx:TrackPointExtension>
            <gpxtpx:hr>192</gpxtpx:hr>
          </gpxtpx:TrackPointExtension>
        </extensions>
      </trkpt>
      <trkpt lat="40.07559196546535" lon="116.33703051707963">
        <ele>46.6</ele>
        <time>2026-07-26T12:48:18.953Z</time>
        <extensions>
          <gpxtpx:TrackPointExtension>
            <gpxtpx:hr>192</gpxtpx:hr>
          </gpxtpx:TrackPointExtension>
        </extensions>
      </trkpt>
      <trkpt lat="40.07557685423392" lon="116.33705440554931">
        <ele>46.6</ele>
        <time>2026-07-26T12:48:19.953Z</time>
        <extensions>
          <gpxtpx:TrackPointExtension>
            <gpxtpx:hr>192</gpxtpx:hr>
          </gpxtpx:TrackPointExtension>
        </extensions>
      </trkpt>
      <trkpt lat="40.07556298710301" lon="116.33708012984619">
        <ele>46.6</ele>
        <time>2026-07-26T12:48:20.953Z</time>
        <extensions>
          <gpxtpx:TrackPointExtension>
            <gpxtpx:hr>192</gpxtpx:hr>
          </gpxtpx:TrackPointExtension>
        </extensions>
      </trkpt>
      <trkpt lat="40.07555012843274" lon="116.33710703804269">
        <ele>46.7</ele>
        <time>2026-07-26T12:48:21.953Z</time>
        <extensions>
          <gpxtpx:TrackPointExtension>
            <gpxtpx:hr>192</gpxtpx:hr>
          </gpxtpx:TrackPointExtension>
        </extensions>
      </trkpt>
      <trkpt lat="40.07553853322921" lon="116.33713510015588">
        <ele>46.7</ele>
        <time>2026-07-26T12:48:22.953Z</time>
      </trkpt>
      <trkpt lat="40.07552824177816" lon="116.3371642335268">
        <ele>46.7</ele>
        <time>2026-07-26T12:48:23.953Z</time>
      </trkpt>
      <trkpt lat="40.07551956604035" lon="116.3371942662131">
        <ele>46.7</ele>
        <time>2026-07-26T12:48:24.953Z</time>
      </trkpt>
      <trkpt lat="40.07551262940583" lon="116.33722500832621">
        <ele>46.7</ele>
        <time>2026-07-26T12:48:25.953Z</time>
      </trkpt>
      <trkpt lat="40.075506870592385" lon="116.33725612074971">
        <ele>46.8</ele>
        <time>2026-07-26T12:48:26.953Z</time>
      </trkpt>
      <trkpt lat="40.07550207753644" lon="116.33728740697197">
        <ele>46.8</ele>
        <time>2026-07-26T12:48:27.953Z</time>
      </trkpt>
      <trkpt lat="40.0754983191632" lon="116.33731868587554">
        <ele>46.8</ele>
        <time>2026-07-26T12:48:28.953Z</time>
      </trkpt>
      <trkpt lat="40.075495629656636" lon="116.33734998242304">
        <ele>46.8</ele>
        <time>2026-07-26T12:48:29.953Z</time>
      </trkpt>
      <trkpt lat="40.07549421710277" lon="116.33738144054628">
        <ele>46.8</ele>
        <time>2026-07-26T12:48:30.953Z</time>
      </trkpt>
      <trkpt lat="40.07549397925205" lon="116.33741308674817">
        <ele>46.8</ele>
        <time>2026-07-26T12:48:31.953Z</time>
      </trkpt>
      <trkpt lat="40.07549480426719" lon="116.3374446378614">
        <ele>46.8</ele>
        <time>2026-07-26T12:48:32.953Z</time>
      </trkpt>
      <trkpt lat="40.07549734190223" lon="116.33747580341547">
        <ele>46.8</ele>
        <time>2026-07-26T12:48:33.953Z</time>
      </trkpt>
      <trkpt lat="40.07550207655886" lon="116.33750630880968">
        <ele>46.9</ele>
        <time>2026-07-26T12:48:34.953Z</time>
      </trkpt>
      <trkpt lat="40.07550867086295" lon="116.33753618347039">
        <ele>46.9</ele>
        <time>2026-07-26T12:48:35.953Z</time>
      </trkpt>
      <trkpt lat="40.075516372503714" lon="116.33756559384837">
        <ele>46.8</ele>
        <time>2026-07-26T12:48:36.953Z</time>
      </trkpt>
      <trkpt lat="40.07552528304544" lon="116.3375943347173">
        <ele>46.8</ele>
        <time>2026-07-26T12:48:37.953Z</time>
      </trkpt>
      <trkpt lat="40.07553570042327" lon="116.33762204278233">
        <ele>46.8</ele>
        <time>2026-07-26T12:48:38.953Z</time>
      </trkpt>
      <trkpt lat="40.07554736755052" lon="116.33764864798093">
        <ele>46.8</ele>
        <time>2026-07-26T12:48:39.953Z</time>
      </trkpt>
      <trkpt lat="40.0755600528442" lon="116.33767405898604">
        <ele>46.8</ele>
        <time>2026-07-26T12:48:40.953Z</time>
      </trkpt>
      <trkpt lat="40.07557398496374" lon="116.33769775481721">
        <ele>46.8</ele>
        <time>2026-07-26T12:48:41.953Z</time>
      </trkpt>
      <trkpt lat="40.07558909470915" lon="116.33771955926107">
        <ele>46.8</ele>
        <time>2026-07-26T12:48:42.953Z</time>
      </trkpt>
      <trkpt lat="40.075605121510094" lon="116.33773986333928">
        <ele>46.7</ele>
        <time>2026-07-26T12:48:43.953Z</time>
      </trkpt>
      <trkpt lat="40.07562217094538" lon="116.33775892838325">
        <ele>46.7</ele>
        <time>2026-07-26T12:48:44.953Z</time>
      </trkpt>
      <trkpt lat="40.07564019270903" lon="116.33777710892333">
        <ele>46.7</ele>
        <time>2026-07-26T12:48:45.953Z</time>
      </trkpt>
      <trkpt lat="40.07565938979802" lon="116.33779385280138">
        <ele>46.6</ele>
        <time>2026-07-26T12:48:46.953Z</time>
      </trkpt>
      <trkpt lat="40.075680099123446" lon="116.33780829637749">
        <ele>46.6</ele>
        <time>2026-07-26T12:48:47.953Z</time>
      </trkpt>
      <trkpt lat="40.07570224181607" lon="116.33782034076633">
        <ele>46.6</ele>
        <time>2026-07-26T12:48:48.953Z</time>
      </trkpt>
      <trkpt lat="40.075725272218854" lon="116.33783041916577">
        <ele>46.5</ele>
        <time>2026-07-26T12:48:49.953Z</time>
      </trkpt>
      <trkpt lat="40.07574874394413" lon="116.33783895546398">
        <ele>46.5</ele>
        <time>2026-07-26T12:48:50.953Z</time>
      </trkpt>
      <trkpt lat="40.07577263218114" lon="116.33784574092219">
        <ele>46.4</ele>
        <time>2026-07-26T12:48:51.953Z</time>
      </trkpt>
      <trkpt lat="40.07579693134237" lon="116.33785035201657">
        <ele>46.4</ele>
        <time>2026-07-26T12:48:52.953Z</time>
      </trkpt>
      <trkpt lat="40.07582147723437" lon="116.33785299379726">
        <ele>46.3</ele>
        <time>2026-07-26T12:48:53.953Z</time>
      </trkpt>
      <trkpt lat="40.07584609681057" lon="116.33785415909071">
        <ele>46.3</ele>
        <time>2026-07-26T12:48:54.953Z</time>
      </trkpt>
      <trkpt lat="40.07587078709012" lon="116.33785369063854">
        <ele>46.3</ele>
        <time>2026-07-26T12:48:55.953Z</time>
      </trkpt>
      <trkpt lat="40.075895446979445" lon="116.33785222810235">
        <ele>46.2</ele>
        <time>2026-07-26T12:48:56.953Z</time>
      </trkpt>
      <trkpt lat="40.07591984602237" lon="116.337850793147">
        <ele>46.2</ele>
        <time>2026-07-26T12:48:57.953Z</time>
      </trkpt>
      <trkpt lat="40.07594390437111" lon="116.3378495293843">
        <ele>46.1</ele>
        <time>2026-07-26T12:48:58.953Z</time>
      </trkpt>
      <trkpt lat="40.07596768543057" lon="116.33784829372173">
        <ele>46.1</ele>
        <time>2026-07-26T12:48:59.953Z</time>
      </trkpt>
      <trkpt lat="40.07599130918684" lon="116.33784725210015">
        <ele>46.0</ele>
        <time>2026-07-26T12:49:00.953Z</time>
      </trkpt>
      <trkpt lat="40.07601489427835" lon="116.3378462345423">
        <ele>46.0</ele>
        <time>2026-07-26T12:49:01.953Z</time>
      </trkpt>
      <trkpt lat="40.076038633618666" lon="116.33784508000916">
        <ele>45.9</ele>
        <time>2026-07-26T12:49:02.953Z</time>
      </trkpt>
      <trkpt lat="40.07606261219058" lon="116.33784442554881">
        <ele>45.9</ele>
        <time>2026-07-26T12:49:03.953Z</time>
      </trkpt>
      <trkpt lat="40.0760865929335" lon="116.33784416951099">
        <ele>45.8</ele>
        <time>2026-07-26T12:49:04.953Z</time>
      </trkpt>
      <trkpt lat="40.0761103233913" lon="116.3378439072125">
        <ele>45.8</ele>
        <time>2026-07-26T12:49:05.953Z</time>
      </trkpt>
      <trkpt lat="40.07613381759967" lon="116.33784359165234">
        <ele>45.7</ele>
        <time>2026-07-26T12:49:06.953Z</time>
      </trkpt>
      <trkpt lat="40.07615722095518" lon="116.33784321064557">
        <ele>45.7</ele>
        <time>2026-07-26T12:49:07.953Z</time>
      </trkpt>
      <trkpt lat="40.07618064580785" lon="116.33784267856096">
        <ele>45.6</ele>
        <time>2026-07-26T12:49:08.953Z</time>
      </trkpt>
      <trkpt lat="40.07620416968756" lon="116.33784201276535">
        <ele>45.6</ele>
        <time>2026-07-26T12:49:09.953Z</time>
      </trkpt>
      <trkpt lat="40.07622760008983" lon="116.3378418283843">
        <ele>45.5</ele>
        <time>2026-07-26T12:49:10.953Z</time>
      </trkpt>
      <trkpt lat="40.076250750315474" lon="116.33784154729427">
        <ele>45.5</ele>
        <time>2026-07-26T12:49:11.953Z</time>
      </trkpt>
      <trkpt lat="40.076273650634306" lon="116.33784052410671">
        <ele>45.4</ele>
        <time>2026-07-26T12:49:12.953Z</time>
      </trkpt>
      <trkpt lat="40.076296416717646" lon="116.3378394273209">
        <ele>45.4</ele>
        <time>2026-07-26T12:49:13.953Z</time>
      </trkpt>
      <trkpt lat="40.076319131394605" lon="116.33783834800015">
        <ele>45.4</ele>
        <time>2026-07-26T12:49:14.953Z</time>
      </trkpt>
      <trkpt lat="40.076341925339555" lon="116.33783753540057">
        <ele>45.3</ele>
        <time>2026-07-26T12:49:15.953Z</time>
      </trkpt>
      <trkpt lat="40.07636488306988" lon="116.33783725906693">
        <ele>45.3</ele>
        <time>2026-07-26T12:49:16.953Z</time>
      </trkpt>
      <trkpt lat="40.07638796932186" lon="116.33783702309226">
        <ele>45.2</ele>
        <time>2026-07-26T12:49:17.953Z</time>
      </trkpt>
      <trkpt lat="40.07641109727518" lon="116.33783695538065">
        <ele>45.2</ele>
        <time>2026-07-26T12:49:18.953Z</time>
      </trkpt>
      <trkpt lat="40.07643424544557" lon="116.33783690371423">
        <ele>45.2</ele>
        <time>2026-07-26T12:49:19.953Z</time>
      </trkpt>
      <trkpt lat="40.07645740294597" lon="116.33783623683424">
        <ele>45.2</ele>
        <time>2026-07-26T12:49:20.953Z</time>
      </trkpt>
      <trkpt lat="40.07648058679029" lon="116.33783521438198">
        <ele>45.1</ele>
        <time>2026-07-26T12:49:21.953Z</time>
      </trkpt>
      <trkpt lat="40.076503833052115" lon="116.33783440048246">
        <ele>45.1</ele>
        <time>2026-07-26T12:49:22.953Z</time>
      </trkpt>
      <trkpt lat="40.076527111892695" lon="116.33783396361501">
        <ele>45.1</ele>
        <time>2026-07-26T12:49:23.953Z</time>
      </trkpt>
      <trkpt lat="40.07655031518968" lon="116.33783352758626">
        <ele>45.1</ele>
        <time>2026-07-26T12:49:24.953Z</time>
      </trkpt>
      <trkpt lat="40.076573292017606" lon="116.33783293240377">
        <ele>45.1</ele>
        <time>2026-07-26T12:49:25.953Z</time>
      </trkpt>
      <trkpt lat="40.076595948874775" lon="116.33783223790218">
        <ele>45.0</ele>
        <time>2026-07-26T12:49:26.953Z</time>
      </trkpt>
      <trkpt lat="40.0766183569283" lon="116.33783125214775">
        <ele>45.0</ele>
        <time>2026-07-26T12:49:27.953Z</time>
      </trkpt>
      <trkpt lat="40.076640637117926" lon="116.3378304735789">
        <ele>45.0</ele>
        <time>2026-07-26T12:49:28.953Z</time>
      </trkpt>
      <trkpt lat="40.07666275050025" lon="116.33782980862605">
        <ele>45.0</ele>
        <time>2026-07-26T12:49:29.953Z</time>
      </trkpt>
      <trkpt lat="40.07668469819715" lon="116.33782790376871">
        <ele>45.0</ele>
        <time>2026-07-26T12:49:30.953Z</time>
      </trkpt>
      <trkpt lat="40.07670660272002" lon="116.3378236027287">
        <ele>45.0</ele>
        <time>2026-07-26T12:49:31.953Z</time>
      </trkpt>
      <trkpt lat="40.076728334737076" lon="116.3378161238364">
        <ele>45.0</ele>
        <time>2026-07-26T12:49:32.952Z</time>
      </trkpt>
      <trkpt lat="40.076749618753766" lon="116.33780567553954">
        <ele>45.0</ele>
        <time>2026-07-26T12:49:33.953Z</time>
      </trkpt>
      <trkpt lat="40.07677020939073" lon="116.33779277373309">
        <ele>45.0</ele>
        <time>2026-07-26T12:49:34.953Z</time>
      </trkpt>
      <trkpt lat="40.076790368271624" lon="116.33777805594825">
        <ele>45.0</ele>
        <time>2026-07-26T12:49:35.953Z</time>
      </trkpt>
      <trkpt lat="40.076810407496176" lon="116.33776205955164">
        <ele>45.0</ele>
        <time>2026-07-26T12:49:36.953Z</time>
      </trkpt>
      <trkpt lat="40.076830324692345" lon="116.33774482833967">
        <ele>45.0</ele>
        <time>2026-07-26T12:49:37.953Z</time>
      </trkpt>
      <trkpt lat="40.07684988827892" lon="116.33772596257386">
        <ele>45.0</ele>
        <time>2026-07-26T12:49:38.953Z</time>
      </trkpt>
      <trkpt lat="40.07686873039368" lon="116.33770476473823">
        <ele>45.0</ele>
        <time>2026-07-26T12:49:39.953Z</time>
      </trkpt>
      <trkpt lat="40.0768868182957" lon="116.33768136666363">
        <ele>45.0</ele>
        <time>2026-07-26T12:49:40.952Z</time>
      </trkpt>
      <trkpt lat="40.076904043434354" lon="116.33765606668062">
        <ele>45.0</ele>
        <time>2026-07-26T12:49:41.953Z</time>
      </trkpt>
      <trkpt lat="40.07691995204893" lon="116.33762910196775">
        <ele>45.0</ele>
        <time>2026-07-26T12:49:42.953Z</time>
      </trkpt>
      <trkpt lat="40.076934368723194" lon="116.33760108704992">
        <ele>45.1</ele>
        <time>2026-07-26T12:49:43.953Z</time>
      </trkpt>
      <trkpt lat="40.076947312515266" lon="116.3375725640081">
        <ele>45.1</ele>
        <time>2026-07-26T12:49:44.953Z</time>
      </trkpt>
      <trkpt lat="40.07695894708927" lon="116.33754351173845">
        <ele>45.1</ele>
        <time>2026-07-26T12:49:45.953Z</time>
      </trkpt>
      <trkpt lat="40.076969134369605" lon="116.33751362653045">
        <ele>45.1</ele>
        <time>2026-07-26T12:49:46.953Z</time>
      </trkpt>
      <trkpt lat="40.07697742590776" lon="116.33748283734825">
        <ele>45.1</ele>
        <time>2026-07-26T12:49:47.953Z</time>
      </trkpt>
      <trkpt lat="40.07698365533603" lon="116.33745125802218">
        <ele>45.1</ele>
        <time>2026-07-26T12:49:48.953Z</time>
      </trkpt>
      <trkpt lat="40.07698792668478" lon="116.3374190768355">
        <ele>45.1</ele>
        <time>2026-07-26T12:49:49.953Z</time>
      </trkpt>
      <trkpt lat="40.07699046458732" lon="116.33738641190234">
        <ele>45.2</ele>
        <time>2026-07-26T12:49:50.953Z</time>
      </trkpt>
      <trkpt lat="40.076990769318115" lon="116.33735334505334">
        <ele>45.2</ele>
        <time>2026-07-26T12:49:51.953Z</time>
      </trkpt>
      <trkpt lat="40.07698868581382" lon="116.33731997849841">
        <ele>45.2</ele>
        <time>2026-07-26T12:49:52.953Z</time>
      </trkpt>
      <trkpt lat="40.07698464572196" lon="116.33728664989759">
        <ele>45.2</ele>
        <time>2026-07-26T12:49:53.953Z</time>
      </trkpt>
      <trkpt lat="40.07697876831888" lon="116.33725387956672">
        <ele>45.2</ele>
        <time>2026-07-26T12:49:54.953Z</time>
      </trkpt>
      <trkpt lat="40.07697099187965" lon="116.33722201910693">
        <ele>45.2</ele>
        <time>2026-07-26T12:49:55.953Z</time>
      </trkpt>
      <trkpt lat="40.07696138207024" lon="116.33719116208499">
        <ele>45.2</ele>
        <time>2026-07-26T12:49:56.952Z</time>
      </trkpt>
      <trkpt lat="40.07695005017809" lon="116.33716136063165">
        <ele>45.2</ele>
        <time>2026-07-26T12:49:57.953Z</time>
      </trkpt>
      <trkpt lat="40.076937017227145" lon="116.3371329307778">
        <ele>45.2</ele>
        <time>2026-07-26T12:49:58.953Z</time>
      </trkpt>
      <trkpt lat="40.076922348527674" lon="116.33710614329584">
        <ele>45.2</ele>
        <time>2026-07-26T12:49:59.953Z</time>
      </trkpt>
      <trkpt lat="40.07690590344499" lon="116.33708121280068">
        <ele>45.2</ele>
        <time>2026-07-26T12:50:00.953Z</time>
      </trkpt>
      <trkpt lat="40.07688778138481" lon="116.33705769986697">
        <ele>45.3</ele>
        <time>2026-07-26T12:50:01.953Z</time>
      </trkpt>
      <trkpt lat="40.07686849492061" lon="116.33703511895042">
        <ele>45.3</ele>
        <time>2026-07-26T12:50:02.953Z</time>
      </trkpt>
      <trkpt lat="40.076848114892826" lon="116.33701367139719">
        <ele>45.3</ele>
        <time>2026-07-26T12:50:03.953Z</time>
      </trkpt>
      <trkpt lat="40.07682670505061" lon="116.33699374485961">
        <ele>45.3</ele>
        <time>2026-07-26T12:50:04.952Z</time>
      </trkpt>
      <trkpt lat="40.07680433339255" lon="116.33697552708256">
        <ele>45.3</ele>
        <time>2026-07-26T12:50:05.952Z</time>
      </trkpt>
      <trkpt lat="40.076780864483" lon="116.336959663907">
        <ele>45.3</ele>
        <time>2026-07-26T12:50:06.952Z</time>
      </trkpt>
      <trkpt lat="40.07675621482854" lon="116.33694628372388">
        <ele>45.4</ele>
        <time>2026-07-26T12:50:07.953Z</time>
      </trkpt>
      <trkpt lat="40.076730738657986" lon="116.33693515907613">
        <ele>45.4</ele>
        <time>2026-07-26T12:50:08.953Z</time>
      </trkpt>
      <trkpt lat="40.076704738710866" lon="116.33692634257856">
        <ele>45.4</ele>
        <time>2026-07-26T12:50:09.953Z</time>
      </trkpt>
      <trkpt lat="40.07667828115528" lon="116.33692008776049">
        <ele>45.5</ele>
        <time>2026-07-26T12:50:10.953Z</time>
      </trkpt>
      <trkpt lat="40.0766514813987" lon="116.33691618298785">
        <ele>45.5</ele>
        <time>2026-07-26T12:50:11.953Z</time>
      </trkpt>
      <trkpt lat="40.07662471777016" lon="116.33691415499726">
        <ele>45.6</ele>
        <time>2026-07-26T12:50:12.952Z</time>
      </trkpt>
      <trkpt lat="40.07659827997508" lon="116.33691386606708">
        <ele>45.6</ele>
        <time>2026-07-26T12:50:13.952Z</time>
      </trkpt>
      <trkpt lat="40.07657221150521" lon="116.33691482586393">
        <ele>45.6</ele>
        <time>2026-07-26T12:50:14.953Z</time>
      </trkpt>
      <trkpt lat="40.07654649731876" lon="116.33691623429468">
        <ele>45.6</ele>
        <time>2026-07-26T12:50:15.953Z</time>
      </trkpt>
      <trkpt lat="40.076520945233604" lon="116.33691758934236">
        <ele>45.7</ele>
        <time>2026-07-26T12:50:16.952Z</time>
      </trkpt>
      <trkpt lat="40.076495572386946" lon="116.33691890261589">
        <ele>45.7</ele>
        <time>2026-07-26T12:50:17.953Z</time>
      </trkpt>
      <trkpt lat="40.07647036404955" lon="116.3369200127694">
        <ele>45.7</ele>
        <time>2026-07-26T12:50:18.953Z</time>
      </trkpt>
      <trkpt lat="40.076445100140894" lon="116.33692049666244">
        <ele>45.7</ele>
        <time>2026-07-26T12:50:19.953Z</time>
      </trkpt>
      <trkpt lat="40.07641973267983" lon="116.3369196846091">
        <ele>45.7</ele>
        <time>2026-07-26T12:50:20.952Z</time>
      </trkpt>
      <trkpt lat="40.07639418465601" lon="116.3369173268369">
        <ele>45.8</ele>
        <time>2026-07-26T12:50:21.952Z</time>
      </trkpt>
      <trkpt lat="40.07636849453589" lon="116.33691416287803">
        <ele>45.8</ele>
        <time>2026-07-26T12:50:22.953Z</time>
      </trkpt>
      <trkpt lat="40.07634278744815" lon="116.3369109241112">
        <ele>45.8</ele>
        <time>2026-07-26T12:50:23.953Z</time>
      </trkpt>
      <trkpt lat="40.076317167565826" lon="116.33690794579057">
        <ele>45.8</ele>
        <time>2026-07-26T12:50:24.953Z</time>
      </trkpt>
      <trkpt lat="40.07629158483314" lon="116.33690515551316">
        <ele>45.8</ele>
        <time>2026-07-26T12:50:25.952Z</time>
      </trkpt>
      <trkpt lat="40.07626582768342" lon="116.3369022532675">
        <ele>45.8</ele>
        <time>2026-07-26T12:50:26.952Z</time>
      </trkpt>
      <trkpt lat="40.07623981699119" lon="116.33689967030404">
        <ele>45.8</ele>
        <time>2026-07-26T12:50:27.953Z</time>
      </trkpt>
      <trkpt lat="40.07621373770468" lon="116.33689745926995">
        <ele>45.8</ele>
        <time>2026-07-26T12:50:28.952Z</time>
      </trkpt>
      <trkpt lat="40.07618757803162" lon="116.33689531050888">
        <ele>45.8</ele>
        <time>2026-07-26T12:50:29.952Z</time>
      </trkpt>
      <trkpt lat="40.07616125307793" lon="116.33689323413253">
        <ele>45.9</ele>
        <time>2026-07-26T12:50:30.952Z</time>
      </trkpt>
      <trkpt lat="40.07613465259194" lon="116.33689117764136">
        <ele>45.9</ele>
        <time>2026-07-26T12:50:31.952Z</time>
      </trkpt>
      <trkpt lat="40.07610784269355" lon="116.33688937666113">
        <ele>45.9</ele>
        <time>2026-07-26T12:50:32.952Z</time>
      </trkpt>
      <trkpt lat="40.076080923611194" lon="116.33688763452956">
        <ele>45.9</ele>
        <time>2026-07-26T12:50:33.952Z</time>
      </trkpt>
      <trkpt lat="40.07605398601075" lon="116.33688544761996">
        <ele>45.9</ele>
        <time>2026-07-26T12:50:34.953Z</time>
      </trkpt>
      <trkpt lat="40.076027131545686" lon="116.33688322192708">
        <ele>45.9</ele>
        <time>2026-07-26T12:50:35.953Z</time>
      </trkpt>
      <trkpt lat="40.07600034271596" lon="116.3368814052734">
        <ele>45.9</ele>
        <time>2026-07-26T12:50:36.952Z</time>
      </trkpt>
      <trkpt lat="40.07597349535447" lon="116.3368797741912">
        <ele>45.9</ele>
        <time>2026-07-26T12:50:37.952Z</time>
      </trkpt>
      <trkpt lat="40.075946457853696" lon="116.33687923518865">
        <ele>46.0</ele>
        <time>2026-07-26T12:50:38.952Z</time>
      </trkpt>
      <trkpt lat="40.075919314379185" lon="116.33688047559477">
        <ele>46.0</ele>
        <time>2026-07-26T12:50:39.952Z</time>
      </trkpt>
      <trkpt lat="40.07589228748976" lon="116.33688366730911">
        <ele>46.0</ele>
        <time>2026-07-26T12:50:40.952Z</time>
      </trkpt>
      <trkpt lat="40.07586549825466" lon="116.33688921673938">
        <ele>46.1</ele>
        <time>2026-07-26T12:50:41.952Z</time>
      </trkpt>
      <trkpt lat="40.07583863182457" lon="116.33689588618176">
        <ele>46.1</ele>
        <time>2026-07-26T12:50:42.952Z</time>
      </trkpt>
      <trkpt lat="40.07581152872665" lon="116.33690267112506">
        <ele>46.2</ele>
        <time>2026-07-26T12:50:43.952Z</time>
      </trkpt>
      <trkpt lat="40.07578430375909" lon="116.33690960566001">
        <ele>46.2</ele>
        <time>2026-07-26T12:50:44.952Z</time>
      </trkpt>
      <trkpt lat="40.075757197385336" lon="116.33691722358785">
        <ele>46.2</ele>
        <time>2026-07-26T12:50:45.952Z</time>
      </trkpt>
      <trkpt lat="40.07573072138907" lon="116.3369266775609">
        <ele>46.3</ele>
        <time>2026-07-26T12:50:46.952Z</time>
      </trkpt>
      <trkpt lat="40.07570545519097" lon="116.33693879872727">
        <ele>46.3</ele>
        <time>2026-07-26T12:50:47.951Z</time>
      </trkpt>
      <trkpt lat="40.075681379519004" lon="116.33695366319013">
        <ele>46.4</ele>
        <time>2026-07-26T12:50:48.952Z</time>
      </trkpt>
      <trkpt lat="40.07565840272711" lon="116.3369711016918">
        <ele>46.4</ele>
        <time>2026-07-26T12:50:49.952Z</time>
      </trkpt>
      <trkpt lat="40.075636496978824" lon="116.33699082966372">
        <ele>46.5</ele>
        <time>2026-07-26T12:50:50.951Z</time>
      </trkpt>
      <trkpt lat="40.07561569607382" lon="116.33701262852557">
        <ele>46.5</ele>
        <time>2026-07-26T12:50:51.952Z</time>
      </trkpt>
      <trkpt lat="40.075596367878056" lon="116.33703673290618">
        <ele>46.6</ele>
        <time>2026-07-26T12:50:52.951Z</time>
      </trkpt>
      <trkpt lat="40.075578804292604" lon="116.33706324282345">
        <ele>46.6</ele>
        <time>2026-07-26T12:50:53.952Z</time>
      </trkpt>
      <trkpt lat="40.07556329579066" lon="116.33709211679366">
        <ele>46.7</ele>
        <time>2026-07-26T12:50:54.951Z</time>
      </trkpt>
      <trkpt lat="40.075549882500766" lon="116.33712311524631">
        <ele>46.7</ele>
        <time>2026-07-26T12:50:55.952Z</time>
      </trkpt>
      <trkpt lat="40.07553822821248" lon="116.33715558455437">
        <ele>46.7</ele>
        <time>2026-07-26T12:50:56.951Z</time>
      </trkpt>
      <trkpt lat="40.07552776732085" lon="116.33718888301337">
        <ele>46.7</ele>
        <time>2026-07-26T12:50:57.951Z</time>
      </trkpt>
      <trkpt lat="40.07551837963786" lon="116.33722266183378">
        <ele>46.7</ele>
        <time>2026-07-26T12:50:58.951Z</time>
      </trkpt>
      <trkpt lat="40.075510543392866" lon="116.337257115867">
        <ele>46.7</ele>
        <time>2026-07-26T12:50:59.952Z</time>
      </trkpt>
      <trkpt lat="40.07550462151983" lon="116.33729223681514">
        <ele>46.7</ele>
        <time>2026-07-26T12:51:00.952Z</time>
      </trkpt>
      <trkpt lat="40.07550074488319" lon="116.33732794518254">
        <ele>46.7</ele>
        <time>2026-07-26T12:51:01.952Z</time>
      </trkpt>
      <trkpt lat="40.07549890519211" lon="116.3373639657125">
        <ele>46.7</ele>
        <time>2026-07-26T12:51:02.951Z</time>
      </trkpt>
      <trkpt lat="40.07549891762885" lon="116.33739981570471">
        <ele>46.7</ele>
        <time>2026-07-26T12:51:03.951Z</time>
      </trkpt>
      <trkpt lat="40.07550048430804" lon="116.33743528850577">
        <ele>46.7</ele>
        <time>2026-07-26T12:51:04.952Z</time>
      </trkpt>
      <trkpt lat="40.075503330438494" lon="116.3374703150442">
        <ele>46.7</ele>
        <time>2026-07-26T12:51:05.952Z</time>
      </trkpt>
      <trkpt lat="40.07550846651993" lon="116.3375044609601">
        <ele>46.7</ele>
        <time>2026-07-26T12:51:06.952Z</time>
      </trkpt>
      <trkpt lat="40.075516374065614" lon="116.33753745026517">
        <ele>46.6</ele>
        <time>2026-07-26T12:51:07.952Z</time>
      </trkpt>
      <trkpt lat="40.07552642361213" lon="116.33756920921813">
        <ele>46.6</ele>
        <time>2026-07-26T12:51:08.952Z</time>
      </trkpt>
      <trkpt lat="40.07553845685227" lon="116.33759933947097">
        <ele>46.6</ele>
        <time>2026-07-26T12:51:09.952Z</time>
      </trkpt>
      <trkpt lat="40.07555241947667" lon="116.3376275934741">
        <ele>46.5</ele>
        <time>2026-07-26T12:51:10.952Z</time>
      </trkpt>
      <trkpt lat="40.07556830197601" lon="116.33765389553801">
        <ele>46.5</ele>
        <time>2026-07-26T12:51:11.952Z</time>
      </trkpt>
      <trkpt lat="40.075585779236924" lon="116.33767855644811">
        <ele>46.5</ele>
        <time>2026-07-26T12:51:12.952Z</time>
      </trkpt>
      <trkpt lat="40.07560457522656" lon="116.33770178882044">
        <ele>46.4</ele>
        <time>2026-07-26T12:51:13.952Z</time>
      </trkpt>
      <trkpt lat="40.0756247207147" lon="116.33772331008609">
        <ele>46.4</ele>
        <time>2026-07-26T12:51:14.952Z</time>
      </trkpt>
      <trkpt lat="40.07564610159856" lon="116.3377427905841">
        <ele>46.3</ele>
        <time>2026-07-26T12:51:15.952Z</time>
      </trkpt>
      <trkpt lat="40.07566828503091" lon="116.33776023295307">
        <ele>46.3</ele>
        <time>2026-07-26T12:51:16.952Z</time>
      </trkpt>
      <trkpt lat="40.07569077989204" lon="116.33777610646871">
        <ele>46.3</ele>
        <time>2026-07-26T12:51:17.952Z</time>
      </trkpt>
      <trkpt lat="40.075713355150114" lon="116.33779049056756">
        <ele>46.2</ele>
        <time>2026-07-26T12:51:18.952Z</time>
      </trkpt>
      <trkpt lat="40.07573621606516" lon="116.33780284916102">
        <ele>46.2</ele>
        <time>2026-07-26T12:51:19.952Z</time>
      </trkpt>
      <trkpt lat="40.0757597393023" lon="116.33781294893932">
        <ele>46.1</ele>
        <time>2026-07-26T12:51:20.952Z</time>
      </trkpt>
      <trkpt lat="40.075784275719776" lon="116.33782110028895">
        <ele>46.1</ele>
        <time>2026-07-26T12:51:21.952Z</time>
      </trkpt>
      <trkpt lat="40.07580962759931" lon="116.33782726714621">
        <ele>46.1</ele>
        <time>2026-07-26T12:51:22.952Z</time>
      </trkpt>
      <trkpt lat="40.07583551921848" lon="116.33783148922168">
        <ele>46.0</ele>
        <time>2026-07-26T12:51:23.952Z</time>
      </trkpt>
      <trkpt lat="40.07586188012019" lon="116.33783350989154">
        <ele>46.0</ele>
        <time>2026-07-26T12:51:24.952Z</time>
      </trkpt>
      <trkpt lat="40.07588845198782" lon="116.33783336965185">
        <ele>45.9</ele>
        <time>2026-07-26T12:51:25.952Z</time>
      </trkpt>
      <trkpt lat="40.07591511617923" lon="116.33783165063153">
        <ele>45.9</ele>
        <time>2026-07-26T12:51:26.952Z</time>
      </trkpt>
      <trkpt lat="40.07594190670139" lon="116.33782918029235">
        <ele>45.8</ele>
        <time>2026-07-26T12:51:27.952Z</time>
      </trkpt>
      <trkpt lat="40.07596886951123" lon="116.33782723955599">
        <ele>45.8</ele>
        <time>2026-07-26T12:51:28.952Z</time>
      </trkpt>
      <trkpt lat="40.075996075377475" lon="116.33782641255584">
        <ele>45.7</ele>
        <time>2026-07-26T12:51:29.952Z</time>
      </trkpt>
      <trkpt lat="40.07602339207994" lon="116.33782581251698">
        <ele>45.7</ele>
        <time>2026-07-26T12:51:30.952Z</time>
      </trkpt>
      <trkpt lat="40.07605045158263" lon="116.33782493860966">
        <ele>45.6</ele>
        <time>2026-07-26T12:51:31.952Z</time>
      </trkpt>
      <trkpt lat="40.07607700868789" lon="116.33782440408679">
        <ele>45.6</ele>
        <time>2026-07-26T12:51:32.952Z</time>
      </trkpt>
      <trkpt lat="40.07610280405971" lon="116.33782430688662">
        <ele>45.5</ele>
        <time>2026-07-26T12:51:33.952Z</time>
      </trkpt>
      <trkpt lat="40.07612761745238" lon="116.33782433099955">
        <ele>45.5</ele>
        <time>2026-07-26T12:51:34.952Z</time>
      </trkpt>
      <trkpt lat="40.07615175102032" lon="116.3378238982405">
        <ele>45.5</ele>
        <time>2026-07-26T12:51:35.952Z</time>
      </trkpt>
      <trkpt lat="40.0761759848493" lon="116.33782292181037">
        <ele>45.4</ele>
        <time>2026-07-26T12:51:36.952Z</time>
      </trkpt>
      <trkpt lat="40.07620065758957" lon="116.33782159421993">
        <ele>45.4</ele>
        <time>2026-07-26T12:51:37.952Z</time>
      </trkpt>
      <trkpt lat="40.076225699227585" lon="116.33782039527986">
        <ele>45.3</ele>
        <time>2026-07-26T12:51:38.952Z</time>
      </trkpt>
      <trkpt lat="40.076250975744166" lon="116.33781978154711">
        <ele>45.3</ele>
        <time>2026-07-26T12:51:39.952Z</time>
      </trkpt>
      <trkpt lat="40.07627632756469" lon="116.33781966545364">
        <ele>45.3</ele>
        <time>2026-07-26T12:51:40.952Z</time>
      </trkpt>
      <trkpt lat="40.07630182151976" lon="116.3378198422703">
        <ele>45.3</ele>
        <time>2026-07-26T12:51:41.952Z</time>
      </trkpt>
      <trkpt lat="40.07632742123902" lon="116.3378208209596">
        <ele>45.2</ele>
        <time>2026-07-26T12:51:42.952Z</time>
      </trkpt>
      <trkpt lat="40.076352974072336" lon="116.33782271563997">
        <ele>45.2</ele>
        <time>2026-07-26T12:51:43.952Z</time>
      </trkpt>
      <trkpt lat="40.07637839383039" lon="116.33782486143818">
        <ele>45.2</ele>
        <time>2026-07-26T12:51:44.952Z</time>
      </trkpt>
      <trkpt lat="40.07640383381324" lon="116.33782672329225">
        <ele>45.2</ele>
        <time>2026-07-26T12:51:45.952Z</time>
      </trkpt>
      <trkpt lat="40.07642942854446" lon="116.33782761430719">
        <ele>45.2</ele>
        <time>2026-07-26T12:51:46.952Z</time>
      </trkpt>
      <trkpt lat="40.07645525535539" lon="116.33782735005683">
        <ele>45.2</ele>
        <time>2026-07-26T12:51:47.952Z</time>
      </trkpt>
      <trkpt lat="40.07648135553956" lon="116.3378260990957">
        <ele>45.2</ele>
        <time>2026-07-26T12:51:48.952Z</time>
      </trkpt>
      <trkpt lat="40.076507788445994" lon="116.33782467549135">
        <ele>45.2</ele>
        <time>2026-07-26T12:51:49.952Z</time>
      </trkpt>
      <trkpt lat="40.07653459746233" lon="116.33782368226159">
        <ele>45.2</ele>
        <time>2026-07-26T12:51:50.952Z</time>
      </trkpt>
      <trkpt lat="40.076561929965024" lon="116.33782355591828">
        <ele>45.2</ele>
        <time>2026-07-26T12:51:51.951Z</time>
      </trkpt>
      <trkpt lat="40.0765896746066" lon="116.33782331202171">
        <ele>45.2</ele>
        <time>2026-07-26T12:51:52.951Z</time>
      </trkpt>
      <trkpt lat="40.07661744868662" lon="116.33782254538264">
        <ele>45.2</ele>
        <time>2026-07-26T12:51:53.952Z</time>
      </trkpt>
      <trkpt lat="40.07664514069144" lon="116.33782114938872">
        <ele>45.2</ele>
        <time>2026-07-26T12:51:54.952Z</time>
      </trkpt>
      <trkpt lat="40.07667293065116" lon="116.33781808425869">
        <ele>45.2</ele>
        <time>2026-07-26T12:51:55.952Z</time>
      </trkpt>
      <trkpt lat="40.07670072414972" lon="116.33781256171986">
        <ele>45.2</ele>
        <time>2026-07-26T12:51:56.952Z</time>
      </trkpt>
      <trkpt lat="40.07672828997892" lon="116.33780327742949">
        <ele>45.2</ele>
        <time>2026-07-26T12:51:57.952Z</time>
      </trkpt>
      <trkpt lat="40.07675556063548" lon="116.33778984275727">
        <ele>45.2</ele>
        <time>2026-07-26T12:51:58.952Z</time>
      </trkpt>
      <trkpt lat="40.07678234919887" lon="116.33777206231427">
        <ele>45.2</ele>
        <time>2026-07-26T12:51:59.952Z</time>
      </trkpt>
      <trkpt lat="40.076808267922594" lon="116.3377500365048">
        <ele>45.3</ele>
        <time>2026-07-26T12:52:00.951Z</time>
      </trkpt>
      <trkpt lat="40.07683320845597" lon="116.3377244689609">
        <ele>45.3</ele>
        <time>2026-07-26T12:52:01.952Z</time>
      </trkpt>
      <trkpt lat="40.07685718228915" lon="116.33769655617233">
        <ele>45.3</ele>
        <time>2026-07-26T12:52:02.952Z</time>
      </trkpt>
      <trkpt lat="40.07687983418647" lon="116.33766704455952">
        <ele>45.3</ele>
        <time>2026-07-26T12:52:03.952Z</time>
      </trkpt>
      <trkpt lat="40.076900698780044" lon="116.33763584122524">
        <ele>45.3</ele>
        <time>2026-07-26T12:52:04.952Z</time>
      </trkpt>
      <trkpt lat="40.07691933504539" lon="116.33760278526661">
        <ele>45.3</ele>
        <time>2026-07-26T12:52:05.952Z</time>
      </trkpt>
      <trkpt lat="40.07693513413595" lon="116.33756784895616">
        <ele>45.3</ele>
        <time>2026-07-26T12:52:06.952Z</time>
      </trkpt>
      <trkpt lat="40.07694748504678" lon="116.33753109695658">
        <ele>45.3</ele>
        <time>2026-07-26T12:52:07.952Z</time>
        <extensions>
          <gpxtpx:TrackPointExtension>
            <gpxtpx:hr>195</gpxtpx:hr>
          </gpxtpx:TrackPointExtension>
        </extensions>
      </trkpt>
      <trkpt lat="40.07695603513217" lon="116.33749265411154">
        <ele>45.3</ele>
        <time>2026-07-26T12:52:08.951Z</time>
        <extensions>
          <gpxtpx:TrackPointExtension>
            <gpxtpx:hr>195</gpxtpx:hr>
          </gpxtpx:TrackPointExtension>
        </extensions>
      </trkpt>
      <trkpt lat="40.07696108215725" lon="116.33745280656403">
        <ele>45.3</ele>
        <time>2026-07-26T12:52:09.952Z</time>
        <extensions>
          <gpxtpx:TrackPointExtension>
            <gpxtpx:hr>195</gpxtpx:hr>
          </gpxtpx:TrackPointExtension>
        </extensions>
      </trkpt>
      <trkpt lat="40.07696291833439" lon="116.3374121710948">
        <ele>45.3</ele>
        <time>2026-07-26T12:52:10.952Z</time>
        <extensions>
          <gpxtpx:TrackPointExtension>
            <gpxtpx:hr>195</gpxtpx:hr>
          </gpxtpx:TrackPointExtension>
        </extensions>
      </trkpt>
      <trkpt lat="40.076962116938276" lon="116.33737113931886">
        <ele>45.3</ele>
        <time>2026-07-26T12:52:11.952Z</time>
        <extensions>
          <gpxtpx:TrackPointExtension>
            <gpxtpx:hr>195</gpxtpx:hr>
          </gpxtpx:TrackPointExtension>
        </extensions>
      </trkpt>
      <trkpt lat="40.07695895540697" lon="116.33733006852711">
        <ele>45.3</ele>
        <time>2026-07-26T12:52:12.952Z</time>
        <extensions>
          <gpxtpx:TrackPointExtension>
            <gpxtpx:hr>195</gpxtpx:hr>
          </gpxtpx:TrackPointExtension>
        </extensions>
      </trkpt>
      <trkpt lat="40.076952867707675" lon="116.3372893471029">
        <ele>45.3</ele>
        <time>2026-07-26T12:52:13.951Z</time>
        <extensions>
          <gpxtpx:TrackPointExtension>
            <gpxtpx:hr>195</gpxtpx:hr>
          </gpxtpx:TrackPointExtension>
        </extensions>
      </trkpt>
      <trkpt lat="40.07694441193738" lon="116.33724923252484">
        <ele>45.3</ele>
        <time>2026-07-26T12:52:14.951Z</time>
        <extensions>
          <gpxtpx:TrackPointExtension>
            <gpxtpx:hr>195</gpxtpx:hr>
          </gpxtpx:TrackPointExtension>
        </extensions>
      </trkpt>
      <trkpt lat="40.076934325202046" lon="116.33720983955358">
        <ele>45.3</ele>
        <time>2026-07-26T12:52:15.952Z</time>
        <extensions>
          <gpxtpx:TrackPointExtension>
            <gpxtpx:hr>195</gpxtpx:hr>
          </gpxtpx:TrackPointExtension>
        </extensions>
      </trkpt>
      <trkpt lat="40.076922643191146" lon="116.3371714658637">
        <ele>45.3</ele>
        <time>2026-07-26T12:52:16.952Z</time>
        <extensions>
          <gpxtpx:TrackPointExtension>
            <gpxtpx:hr>195</gpxtpx:hr>
          </gpxtpx:TrackPointExtension>
        </extensions>
      </trkpt>
      <trkpt lat="40.07690961166596" lon="116.3371342241568">
        <ele>45.3</ele>
        <time>2026-07-26T12:52:17.952Z</time>
        <extensions>
          <gpxtpx:TrackPointExtension>
            <gpxtpx:hr>195</gpxtpx:hr>
          </gpxtpx:TrackPointExtension>
        </extensions>
      </trkpt>
      <trkpt lat="40.076896154506386" lon="116.33709755579407">
        <ele>45.3</ele>
        <time>2026-07-26T12:52:18.952Z</time>
        <extensions>
          <gpxtpx:TrackPointExtension>
            <gpxtpx:hr>195</gpxtpx:hr>
          </gpxtpx:TrackPointExtension>
        </extensions>
      </trkpt>
      <trkpt lat="40.076883414836075" lon="116.33706103877508">
        <ele>45.3</ele>
        <time>2026-07-26T12:52:19.951Z</time>
        <extensions>
          <gpxtpx:TrackPointExtension>
            <gpxtpx:hr>195</gpxtpx:hr>
          </gpxtpx:TrackPointExtension>
        </extensions>
      </trkpt>
      <trkpt lat="40.07687140984971" lon="116.33702555687407">
        <ele>45.3</ele>
        <time>2026-07-26T12:52:20.952Z</time>
        <extensions>
          <gpxtpx:TrackPointExtension>
            <gpxtpx:hr>195</gpxtpx:hr>
          </gpxtpx:TrackPointExtension>
        </extensions>
      </trkpt>
      <trkpt lat="40.07685975768528" lon="116.33699170952839">
        <ele>45.3</ele>
        <time>2026-07-26T12:52:21.951Z</time>
        <extensions>
          <gpxtpx:TrackPointExtension>
            <gpxtpx:hr>195</gpxtpx:hr>
          </gpxtpx:TrackPointExtension>
        </extensions>
      </trkpt>
      <trkpt lat="40.07684830732195" lon="116.3369588448601">
        <ele>45.3</ele>
        <time>2026-07-26T12:52:22.952Z</time>
        <extensions>
          <gpxtpx:TrackPointExtension>
            <gpxtpx:hr>195</gpxtpx:hr>
          </gpxtpx:TrackPointExtension>
        </extensions>
      </trkpt>
      <trkpt lat="40.07683695041799" lon="116.33692641819324">
        <ele>45.3</ele>
        <time>2026-07-26T12:52:23.951Z</time>
        <extensions>
          <gpxtpx:TrackPointExtension>
            <gpxtpx:hr>195</gpxtpx:hr>
          </gpxtpx:TrackPointExtension>
        </extensions>
      </trkpt>    </trkseg>
  </trk>
</gpx>